case_id,M,yd_level,solar_level,origin_date,target_date,step,variable,true,MEAN,ARIMA,RNN,LSTM
M10_YHUR_SLUR,10,HUR,LUR,2024-12-31,2024-12-31,1,Yd,1736.8812255859375,1499.17041015625,1489.58935546875,1533.6279296875,1491.85498046875
M10_YHUR_SLUR,10,HUR,LUR,2024-12-31,2024-12-31,1,TSE,1482.3087158203125,1499.427734375,1502.3883056640625,1503.383544921875,1498.732421875
M10_YHUR_SLUR,10,HUR,LUR,2024-12-31,2024-12-31,1,TSEC,99.11851501464844,100.04759979248047,100.03913116455078,100.36091613769531,100.0340347290039
M10_YHUR_SLUR,10,HUR,LUR,2024-12-31,2025-01-01,2,Yd,1631.219482421875,1499.17041015625,1505.2625732421875,1538.911376953125,1487.9725341796875
M10_YHUR_SLUR,10,HUR,LUR,2024-12-31,2025-01-01,2,TSE,1497.7353515625,1499.427734375,1499.642578125,1502.3531494140625,1498.2569580078125
M10_YHUR_SLUR,10,HUR,LUR,2024-12-31,2025-01-01,2,TSEC,99.05010223388672,100.04759979248047,99.99284362792969,100.4261245727539,100.04617309570312
M10_YHUR_SLUR,10,HUR,LUR,2024-12-31,2025-01-02,3,Yd,1562.9512939453125,1499.17041015625,1488.2239990234375,1559.408447265625,1490.666259765625
M10_YHUR_SLUR,10,HUR,LUR,2024-12-31,2025-01-02,3,TSE,1517.6888427734375,1499.427734375,1500.870361328125,1504.130615234375,1498.1533203125
M10_YHUR_SLUR,10,HUR,LUR,2024-12-31,2025-01-02,3,TSEC,100.73839569091797,100.04759979248047,100.05257415771484,100.25100708007812,100.05729675292969
M10_YHUR_SLUR,10,HUR,LUR,2025-01-01,2025-01-01,1,Yd,1631.219482421875,1499.49560546875,1529.4774169921875,1448.4002685546875,1495.5771484375
M10_YHUR_SLUR,10,HUR,LUR,2025-01-01,2025-01-01,1,TSE,1497.7353515625,1499.404296875,1499.9893798828125,1495.4393310546875,1498.7764892578125
M10_YHUR_SLUR,10,HUR,LUR,2025-01-01,2025-01-01,1,TSEC,99.05010223388672,100.04633331298828,100.01664733886719,99.79888916015625,100.04908752441406
M10_YHUR_SLUR,10,HUR,LUR,2025-01-01,2025-01-02,2,Yd,1562.9512939453125,1499.49560546875,1476.3231201171875,1489.052001953125,1495.612548828125
M10_YHUR_SLUR,10,HUR,LUR,2025-01-01,2025-01-02,2,TSE,1517.6888427734375,1499.404296875,1498.1025390625,1500.115478515625,1498.3660888671875
M10_YHUR_SLUR,10,HUR,LUR,2025-01-01,2025-01-02,2,TSEC,100.73839569091797,100.04633331298828,100.02237701416016,99.59642791748047,100.06004333496094
M10_YHUR_SLUR,10,HUR,LUR,2025-01-01,2025-01-03,3,Yd,1927.3690185546875,1499.49560546875,1500.114990234375,1551.7503662109375,1497.616455078125
M10_YHUR_SLUR,10,HUR,LUR,2025-01-01,2025-01-03,3,TSE,1466.7041015625,1499.404296875,1499.712890625,1502.0894775390625,1498.4241943359375
M10_YHUR_SLUR,10,HUR,LUR,2025-01-01,2025-01-03,3,TSEC,99.02776336669922,100.04633331298828,99.93182373046875,99.73359680175781,100.05298614501953
M10_YHUR_SLUR,10,HUR,LUR,2025-01-02,2025-01-02,1,Yd,1562.9512939453125,1499.675537109375,1480.9268798828125,1545.1961669921875,1499.795654296875
M10_YHUR_SLUR,10,HUR,LUR,2025-01-02,2025-01-02,1,TSE,1517.6888427734375,1499.4019775390625,1499.798583984375,1504.266357421875,1498.9766845703125
M10_YHUR_SLUR,10,HUR,LUR,2025-01-02,2025-01-02,1,TSEC,100.73839569091797,100.04497528076172,99.9918441772461,100.18115997314453,100.0460433959961
M10_YHUR_SLUR,10,HUR,LUR,2025-01-02,2025-01-03,2,Yd,1927.3690185546875,1499.675537109375,1499.8245849609375,1584.9451904296875,1499.2144775390625
M10_YHUR_SLUR,10,HUR,LUR,2025-01-02,2025-01-03,2,TSE,1466.7041015625,1499.4019775390625,1497.5322265625,1504.9241943359375,1498.7784423828125
M10_YHUR_SLUR,10,HUR,LUR,2025-01-02,2025-01-03,2,TSEC,99.02776336669922,100.04497528076172,99.92515563964844,100.23081970214844,100.03788757324219
M10_YHUR_SLUR,10,HUR,LUR,2025-01-02,2025-01-04,3,Yd,1678.645751953125,1499.675537109375,1489.284912109375,1581.5093994140625,1499.020751953125
M10_YHUR_SLUR,10,HUR,LUR,2025-01-02,2025-01-04,3,TSE,1498.55859375,1499.4019775390625,1497.7633056640625,1503.0556640625,1499.0023193359375
M10_YHUR_SLUR,10,HUR,LUR,2025-01-02,2025-01-04,3,TSEC,99.21234893798828,100.04497528076172,99.99432373046875,100.08282470703125,100.02816772460938
M10_YHUR_SLUR,10,HUR,LUR,2025-01-03,2025-01-03,1,Yd,1927.3690185546875,1499.76171875,1505.757568359375,1464.513427734375,1499.4989013671875
M10_YHUR_SLUR,10,HUR,LUR,2025-01-03,2025-01-03,1,TSE,1466.7041015625,1499.427001953125,1497.403564453125,1499.0697021484375,1499.2860107421875
M10_YHUR_SLUR,10,HUR,LUR,2025-01-03,2025-01-03,1,TSEC,99.02776336669922,100.04591369628906,99.8825912475586,99.80506134033203,100.02141571044922
M10_YHUR_SLUR,10,HUR,LUR,2025-01-03,2025-01-04,2,Yd,1678.645751953125,1499.76171875,1485.6536865234375,1525.8153076171875,1497.360595703125
M10_YHUR_SLUR,10,HUR,LUR,2025-01-03,2025-01-04,2,TSE,1498.55859375,1499.427001953125,1498.5521240234375,1499.9178466796875,1499.4613037109375
M10_YHUR_SLUR,10,HUR,LUR,2025-01-03,2025-01-04,2,TSEC,99.21234893798828,100.04591369628906,100.0660400390625,99.60990905761719,99.99848175048828
M10_YHUR_SLUR,10,HUR,LUR,2025-01-03,2025-01-05,3,Yd,1408.4425048828125,1499.76171875,1504.0460205078125,1525.6295166015625,1493.6517333984375
M10_YHUR_SLUR,10,HUR,LUR,2025-01-03,2025-01-05,3,TSE,1501.971435546875,1499.427001953125,1498.5042724609375,1499.264404296875,1499.864013671875
M10_YHUR_SLUR,10,HUR,LUR,2025-01-03,2025-01-05,3,TSEC,100.18456268310547,100.04591369628906,99.94084930419922,99.3388442993164,100.00054168701172
M10_YHUR_SLUR,10,HUR,LUR,2025-01-04,2025-01-04,1,Yd,1678.645751953125,1500.3443603515625,1520.070556640625,1482.10546875,1500.7747802734375
M10_YHUR_SLUR,10,HUR,LUR,2025-01-04,2025-01-04,1,TSE,1498.55859375,1499.3824462890625,1498.3011474609375,1502.265380859375,1499.5723876953125
M10_YHUR_SLUR,10,HUR,LUR,2025-01-04,2025-01-04,1,TSEC,99.21234893798828,100.0445327758789,100.0353775024414,100.40542602539062,100.01886749267578
M10_YHUR_SLUR,10,HUR,LUR,2025-01-04,2025-01-05,2,Yd,1408.4425048828125,1500.3443603515625,1488.6126708984375,1558.7607421875,1497.94287109375
M10_YHUR_SLUR,10,HUR,LUR,2025-01-04,2025-01-05,2,TSE,1501.971435546875,1499.3824462890625,1496.6064453125,1503.7625732421875,1499.8929443359375
M10_YHUR_SLUR,10,HUR,LUR,2025-01-04,2025-01-05,2,TSEC,100.18456268310547,100.0445327758789,99.9207763671875,100.29121398925781,100.02767181396484
M10_YHUR_SLUR,10,HUR,LUR,2025-01-04,2025-01-06,3,Yd,1275.5487060546875,1500.3443603515625,1502.1873779296875,1494.83837890625,1493.0074462890625
M10_YHUR_SLUR,10,HUR,LUR,2025-01-04,2025-01-06,3,TSE,1520.6829833984375,1499.3824462890625,1497.743896484375,1496.6177978515625,1499.68212890625
M10_YHUR_SLUR,10,HUR,LUR,2025-01-04,2025-01-06,3,TSEC,100.56986236572266,100.0445327758789,99.9973373413086,100.09966278076172,100.05010223388672
M10_YHUR_SLUR,10,HUR,LUR,2025-01-05,2025-01-05,1,Yd,1408.4425048828125,1500.5869140625,1502.3721923828125,1526.387451171875,1498.53759765625
M10_YHUR_SLUR,10,HUR,LUR,2025-01-05,2025-01-05,1,TSE,1501.971435546875,1499.38134765625,1497.32666015625,1491.00927734375,1499.72412109375
M10_YHUR_SLUR,10,HUR,LUR,2025-01-05,2025-01-05,1,TSEC,100.18456268310547,100.04339599609375,99.45782470703125,99.73226928710938,100.03990936279297
M10_YHUR_SLUR,10,HUR,LUR,2025-01-05,2025-01-06,2,Yd,1275.5487060546875,1500.5869140625,1495.7525634765625,1490.9322509765625,1493.2393798828125
M10_YHUR_SLUR,10,HUR,LUR,2025-01-05,2025-01-06,2,TSE,1520.6829833984375,1499.38134765625,1498.91943359375,1491.967529296875,1499.3642578125
M10_YHUR_SLUR,10,HUR,LUR,2025-01-05,2025-01-06,2,TSEC,100.56986236572266,100.04339599609375,99.45470428466797,99.85100555419922,100.0594253540039
M10_YHUR_SLUR,10,HUR,LUR,2025-01-05,2025-01-07,3,Yd,1710.070556640625,1500.5869140625,1506.4627685546875,1506.7845458984375,1489.7261962890625
M10_YHUR_SLUR,10,HUR,LUR,2025-01-05,2025-01-07,3,TSE,1514.00146484375,1499.38134765625,1500.6170654296875,1497.0970458984375,1498.431396484375
M10_YHUR_SLUR,10,HUR,LUR,2025-01-05,2025-01-07,3,TSEC,100.49720001220703,100.04339599609375,99.46783447265625,99.6232681274414,100.06877136230469
M10_YHUR_SLUR,10,HUR,LUR,2025-01-06,2025-01-06,1,Yd,1275.5487060546875,1500.461669921875,1489.4603271484375,1497.7537841796875,1495.746826171875
M10_YHUR_SLUR,10,HUR,LUR,2025-01-06,2025-01-06,1,TSE,1520.6829833984375,1499.3848876953125,1497.910400390625,1498.072021484375,1499.2247314453125
M10_YHUR_SLUR,10,HUR,LUR,2025-01-06,2025-01-06,1,TSEC,100.56986236572266,100.04359436035156,99.51934814453125,100.0298080444336,100.046630859375
M10_YHUR_SLUR,10,HUR,LUR,2025-01-06,2025-01-07,2,Yd,1710.070556640625,1500.461669921875,1509.4896240234375,1493.1763916015625,1490.8680419921875
M10_YHUR_SLUR,10,HUR,LUR,2025-01-06,2025-01-07,2,TSE,1514.00146484375,1499.3848876953125,1502.0748291015625,1498.4517822265625,1498.446044921875
M10_YHUR_SLUR,10,HUR,LUR,2025-01-06,2025-01-07,2,TSEC,100.49720001220703,100.04359436035156,99.57440948486328,99.90898895263672,100.05330657958984
M10_YHUR_SLUR,10,HUR,LUR,2025-01-06,2025-01-08,3,Yd,1279.25537109375,1500.461669921875,1500.970458984375,1530.912841796875,1488.06396484375
M10_YHUR_SLUR,10,HUR,LUR,2025-01-06,2025-01-08,3,TSE,1523.6922607421875,1499.3848876953125,1498.395263671875,1498.4339599609375,1498.1376953125
M10_YHUR_SLUR,10,HUR,LUR,2025-01-06,2025-01-08,3,TSEC,101.07295989990234,100.04359436035156,99.67662048339844,99.71826934814453,100.06851959228516
M10_YHUR_SLUR,10,HUR,LUR,2025-01-07,2025-01-07,1,Yd,1710.070556640625,1500.156494140625,1490.49072265625,1508.6221923828125,1493.2294921875
M10_YHUR_SLUR,10,HUR,LUR,2025-01-07,2025-01-07,1,TSE,1514.00146484375,1499.413818359375,1502.544189453125,1500.0535888671875,1498.9158935546875
M10_YHUR_SLUR,10,HUR,LUR,2025-01-07,2025-01-07,1,TSEC,100.49720001220703,100.0443115234375,99.66944885253906,100.00505065917969,100.03764343261719
M10_YHUR_SLUR,10,HUR,LUR,2025-01-07,2025-01-08,2,Yd,1279.25537109375,1500.156494140625,1528.996337890625,1480.53466796875,1489.7572021484375
M10_YHUR_SLUR,10,HUR,LUR,2025-01-07,2025-01-08,2,TSE,1523.6922607421875,1499.413818359375,1499.6502685546875,1500.60693359375,1498.5382080078125
M10_YHUR_SLUR,10,HUR,LUR,2025-01-07,2025-01-08,2,TSEC,101.07295989990234,100.0443115234375,99.81813049316406,100.29249572753906,100.04793548583984
M10_YHUR_SLUR,10,HUR,LUR,2025-01-07,2025-01-09,3,Yd,1310.9139404296875,1500.156494140625,1514.4395751953125,1478.92333984375,1492.22119140625
M10_YHUR_SLUR,10,HUR,LUR,2025-01-07,2025-01-09,3,TSE,1479.2401123046875,1499.413818359375,1499.2208251953125,1504.110107421875,1498.528076171875
M10_YHUR_SLUR,10,HUR,LUR,2025-01-07,2025-01-09,3,TSEC,98.43758392333984,100.0443115234375,99.6576919555664,100.25662994384766,100.0544204711914
M10_YHUR_SLUR,10,HUR,LUR,2025-01-08,2025-01-08,1,Yd,1279.25537109375,1500.44091796875,1523.4254150390625,1508.917724609375,1495.908447265625
M10_YHUR_SLUR,10,HUR,LUR,2025-01-08,2025-01-08,1,TSE,1523.6922607421875,1499.43359375,1499.753173828125,1505.647705078125,1498.9991455078125
M10_YHUR_SLUR,10,HUR,LUR,2025-01-08,2025-01-08,1,TSEC,101.07295989990234,100.04492950439453,99.89935302734375,100.34481048583984,100.0457763671875
M10_YHUR_SLUR,10,HUR,LUR,2025-01-08,2025-01-09,2,Yd,1310.9139404296875,1500.44091796875,1492.5035400390625,1519.2098388671875,1495.9024658203125
M10_YHUR_SLUR,10,HUR,LUR,2025-01-08,2025-01-09,2,TSE,1479.2401123046875,1499.43359375,1499.77880859375,1500.359619140625,1498.7886962890625
M10_YHUR_SLUR,10,HUR,LUR,2025-01-08,2025-01-09,2,TSEC,98.43758392333984,100.04492950439453,99.77660369873047,100.0387954711914,100.05187225341797
M10_YHUR_SLUR,10,HUR,LUR,2025-01-08,2025-01-10,3,Yd,1453.6744384765625,1500.44091796875,1523.0133056640625,1537.5550537109375,1496.10693359375
M10_YHUR_SLUR,10,HUR,LUR,2025-01-08,2025-01-10,3,TSE,1507.8126220703125,1499.43359375,1500.54150390625,1503.2601318359375,1498.78271484375
M10_YHUR_SLUR,10,HUR,LUR,2025-01-08,2025-01-10,3,TSEC,99.93295288085938,100.04492950439453,99.78079223632812,99.89078521728516,100.04096984863281
M10_YHUR_SLUR,10,HUR,LUR,2025-01-09,2025-01-09,1,Yd,1310.9139404296875,1500.1416015625,1487.5250244140625,1508.351806640625,1497.0848388671875
M10_YHUR_SLUR,10,HUR,LUR,2025-01-09,2025-01-09,1,TSE,1479.2401123046875,1499.46630859375,1500.4354248046875,1497.8253173828125,1499.2293701171875
M10_YHUR_SLUR,10,HUR,LUR,2025-01-09,2025-01-09,1,TSEC,98.43758392333984,100.04631805419922,99.88802337646484,99.90560913085938,100.0345458984375
M10_YHUR_SLUR,10,HUR,LUR,2025-01-09,2025-01-10,2,Yd,1453.6744384765625,1500.1416015625,1521.71240234375,1500.5965576171875,1496.103515625
M10_YHUR_SLUR,10,HUR,LUR,2025-01-09,2025-01-10,2,TSE,1507.8126220703125,1499.46630859375,1502.455322265625,1498.20068359375,1499.2921142578125
M10_YHUR_SLUR,10,HUR,LUR,2025-01-09,2025-01-10,2,TSEC,99.93295288085938,100.04631805419922,99.96096801757812,99.82566833496094,100.0127944946289
M10_YHUR_SLUR,10,HUR,LUR,2025-01-09,2025-01-11,3,Yd,1406.8966064453125,1500.1416015625,1500.487060546875,1503.8909912109375,1494.5445556640625
M10_YHUR_SLUR,10,HUR,LUR,2025-01-09,2025-01-11,3,TSE,1508.0635986328125,1499.46630859375,1499.657470703125,1498.7647705078125,1499.6058349609375
M10_YHUR_SLUR,10,HUR,LUR,2025-01-09,2025-01-11,3,TSEC,99.64649200439453,100.04631805419922,99.95005798339844,99.75650024414062,99.98225402832031
M10_YHUR_SLUR,10,HUR,LUR,2025-01-10,2025-01-10,1,Yd,1453.6744384765625,1499.885986328125,1514.3448486328125,1512.4847412109375,1500.3992919921875
M10_YHUR_SLUR,10,HUR,LUR,2025-01-10,2025-01-10,1,TSE,1507.8126220703125,1499.43896484375,1500.3458251953125,1500.9974365234375,1499.5267333984375
M10_YHUR_SLUR,10,HUR,LUR,2025-01-10,2025-01-10,1,TSEC,99.93295288085938,100.04414367675781,100.09381103515625,100.04369354248047,100.00279998779297
M10_YHUR_SLUR,10,HUR,LUR,2025-01-10,2025-01-11,2,Yd,1406.8966064453125,1499.885986328125,1502.969482421875,1495.9449462890625,1498.8984375
M10_YHUR_SLUR,10,HUR,LUR,2025-01-10,2025-01-11,2,TSE,1508.0635986328125,1499.43896484375,1500.055419921875,1495.2867431640625,1499.9736328125
M10_YHUR_SLUR,10,HUR,LUR,2025-01-10,2025-01-11,2,TSEC,99.64649200439453,100.04414367675781,99.851318359375,99.9610595703125,99.9727554321289
M10_YHUR_SLUR,10,HUR,LUR,2025-01-10,2025-01-12,3,Yd,1573.6478271484375,1499.885986328125,1493.9417724609375,1487.148681640625,1494.365966796875
M10_YHUR_SLUR,10,HUR,LUR,2025-01-10,2025-01-12,3,TSE,1495.6087646484375,1499.43896484375,1499.7109375,1494.896240234375,1500.5345458984375
M10_YHUR_SLUR,10,HUR,LUR,2025-01-10,2025-01-12,3,TSEC,99.82999420166016,100.04414367675781,100.04622650146484,100.03314208984375,99.97014617919922
M10_YHUR_SLUR,10,HUR,LUR,2025-01-11,2025-01-11,1,Yd,1406.8966064453125,1499.8236083984375,1490.914306640625,1489.8228759765625,1499.5919189453125
M10_YHUR_SLUR,10,HUR,LUR,2025-01-11,2025-01-11,1,TSE,1508.0635986328125,1499.450439453125,1498.005615234375,1490.984375,1499.9400634765625
M10_YHUR_SLUR,10,HUR,LUR,2025-01-11,2025-01-11,1,TSEC,99.64649200439453,100.04398345947266,99.86628723144531,99.55207061767578,99.99918365478516
M10_YHUR_SLUR,10,HUR,LUR,2025-01-11,2025-01-12,2,Yd,1573.6478271484375,1499.8236083984375,1481.616455078125,1538.1669921875,1494.3818359375
M10_YHUR_SLUR,10,HUR,LUR,2025-01-11,2025-01-12,2,TSE,1495.6087646484375,1499.450439453125,1499.1337890625,1495.7119140625,1500.4886474609375
M10_YHUR_SLUR,10,HUR,LUR,2025-01-11,2025-01-12,2,TSEC,99.82999420166016,100.04398345947266,100.0499496459961,99.84495544433594,99.9918441772461
M10_YHUR_SLUR,10,HUR,LUR,2025-01-11,2025-01-13,3,Yd,1780.0926513671875,1499.8236083984375,1489.5594482421875,1514.456787109375,1486.3228759765625
M10_YHUR_SLUR,10,HUR,LUR,2025-01-11,2025-01-13,3,TSE,1524.35205078125,1499.450439453125,1497.22607421875,1499.4063720703125,1500.5499267578125
M10_YHUR_SLUR,10,HUR,LUR,2025-01-11,2025-01-13,3,TSEC,99.88288879394531,100.04398345947266,99.96128845214844,99.76026153564453,99.99739837646484
M10_YHUR_SLUR,10,HUR,LUR,2025-01-12,2025-01-12,1,Yd,1573.6478271484375,1499.6982421875,1491.2786865234375,1462.3262939453125,1496.209716796875
M10_YHUR_SLUR,10,HUR,LUR,2025-01-12,2025-01-12,1,TSE,1495.6087646484375,1499.4619140625,1499.3741455078125,1499.437744140625,1500.087646484375
M10_YHUR_SLUR,10,HUR,LUR,2025-01-12,2025-01-12,1,TSEC,99.82999420166016,100.04344940185547,100.031005859375,99.92768096923828,100.0155029296875
M10_YHUR_SLUR,10,HUR,LUR,2025-01-12,2025-01-13,2,Yd,1780.0926513671875,1499.6982421875,1492.091552734375,1456.390869140625,1487.7021484375
M10_YHUR_SLUR,10,HUR,LUR,2025-01-12,2025-01-13,2,TSE,1524.35205078125,1499.4619140625,1497.604736328125,1496.5650634765625,1500.22705078125
M10_YHUR_SLUR,10,HUR,LUR,2025-01-12,2025-01-13,2,TSEC,99.88288879394531,100.04344940185547,99.64876556396484,100.13545227050781,100.01779174804688
M10_YHUR_SLUR,10,HUR,LUR,2025-01-12,2025-01-14,3,Yd,1681.931396484375,1499.6982421875,1501.053955078125,1502.9935302734375,1481.908447265625
M10_YHUR_SLUR,10,HUR,LUR,2025-01-12,2025-01-14,3,TSE,1510.8206787109375,1499.4619140625,1504.21826171875,1500.5877685546875,1499.443603515625
M10_YHUR_SLUR,10,HUR,LUR,2025-01-12,2025-01-14,3,TSEC,100.811767578125,100.04344940185547,99.9879150390625,99.9254150390625,100.02274322509766
M10_YHUR_SLUR,10,HUR,LUR,2025-01-13,2025-01-13,1,Yd,1780.0926513671875,1499.7977294921875,1499.15625,1451.1771240234375,1493.3223876953125
M10_YHUR_SLUR,10,HUR,LUR,2025-01-13,2025-01-13,1,TSE,1524.35205078125,1499.456787109375,1497.8846435546875,1494.2232666015625,1499.5576171875
M10_YHUR_SLUR,10,HUR,LUR,2025-01-13,2025-01-13,1,TSEC,99.88288879394531,100.04317474365234,100.02897644042969,100.15916442871094,100.0366439819336
M10_YHUR_SLUR,10,HUR,LUR,2025-01-13,2025-01-14,2,Yd,1681.931396484375,1499.7977294921875,1496.3785400390625,1462.208984375,1487.010498046875
M10_YHUR_SLUR,10,HUR,LUR,2025-01-13,2025-01-14,2,TSE,1510.8206787109375,1499.456787109375,1503.8953857421875,1493.4898681640625,1498.950439453125
M10_YHUR_SLUR,10,HUR,LUR,2025-01-13,2025-01-14,2,TSEC,100.811767578125,100.04317474365234,100.01017761230469,100.01795959472656,100.04225158691406
M10_YHUR_SLUR,10,HUR,LUR,2025-01-13,2025-01-15,3,Yd,1351.4840087890625,1499.7977294921875,1495.349365234375,1473.051025390625,1485.263916015625
M10_YHUR_SLUR,10,HUR,LUR,2025-01-13,2025-01-15,3,TSE,1497.6534423828125,1499.456787109375,1498.043701171875,1494.997314453125,1498.488525390625
M10_YHUR_SLUR,10,HUR,LUR,2025-01-13,2025-01-15,3,TSEC,98.97244262695312,100.04317474365234,99.7707748413086,99.87720489501953,100.04154968261719
M10_YHUR_SLUR,10,HUR,LUR,2025-01-14,2025-01-14,1,Yd,1681.931396484375,1500.174560546875,1517.882568359375,1472.7042236328125,1493.5595703125
M10_YHUR_SLUR,10,HUR,LUR,2025-01-14,2025-01-14,1,TSE,1510.8206787109375,1499.490234375,1498.236572265625,1499.86083984375,1499.0262451171875
M10_YHUR_SLUR,10,HUR,LUR,2025-01-14,2025-01-14,1,TSEC,100.811767578125,100.0429458618164,99.96772766113281,99.91388702392578,100.03986358642578
M10_YHUR_SLUR,10,HUR,LUR,2025-01-14,2025-01-15,2,Yd,1351.4840087890625,1500.174560546875,1483.812255859375,1463.94775390625,1490.42138671875
M10_YHUR_SLUR,10,HUR,LUR,2025-01-14,2025-01-15,2,TSE,1497.6534423828125,1499.490234375,1500.545654296875,1499.892822265625,1498.6160888671875
M10_YHUR_SLUR,10,HUR,LUR,2025-01-14,2025-01-15,2,TSEC,98.97244262695312,100.0429458618164,99.92434692382812,99.938232421875,100.05110168457031
M10_YHUR_SLUR,10,HUR,LUR,2025-01-14,2025-01-16,3,Yd,1581.625244140625,1500.174560546875,1498.670166015625,1512.4716796875,1492.5606689453125
M10_YHUR_SLUR,10,HUR,LUR,2025-01-14,2025-01-16,3,TSE,1496.4349365234375,1499.490234375,1498.556884765625,1505.529296875,1498.4869384765625
M10_YHUR_SLUR,10,HUR,LUR,2025-01-14,2025-01-16,3,TSEC,97.93006134033203,100.0429458618164,99.96412658691406,99.70083618164062,100.05583190917969
M10_YHUR_SLUR,10,HUR,LUR,2025-01-15,2025-01-15,1,Yd,1351.4840087890625,1500.4185791015625,1525.297607421875,1469.4462890625,1495.629150390625
M10_YHUR_SLUR,10,HUR,LUR,2025-01-15,2025-01-15,1,TSE,1497.6534423828125,1499.50537109375,1500.23046875,1499.67529296875,1499.003173828125
M10_YHUR_SLUR,10,HUR,LUR,2025-01-15,2025-01-15,1,TSEC,98.97244262695312,100.04398345947266,99.78276062011719,100.07180786132812,100.04834747314453
M10_YHUR_SLUR,10,HUR,LUR,2025-01-15,2025-01-16,2,Yd,1581.625244140625,1500.4185791015625,1514.5687255859375,1488.7462158203125,1494.623046875
M10_YHUR_SLUR,10,HUR,LUR,2025-01-15,2025-01-16,2,TSE,1496.4349365234375,1499.50537109375,1504.104736328125,1500.74658203125,1498.7120361328125
M10_YHUR_SLUR,10,HUR,LUR,2025-01-15,2025-01-16,2,TSEC,97.93006134033203,100.04398345947266,99.97835540771484,99.92029571533203,100.05269622802734
M10_YHUR_SLUR,10,HUR,LUR,2025-01-15,2025-01-17,3,Yd,1533.463134765625,1500.4185791015625,1493.0526123046875,1504.126953125,1494.4227294921875
M10_YHUR_SLUR,10,HUR,LUR,2025-01-15,2025-01-17,3,TSE,1494.961181640625,1499.50537109375,1502.41064453125,1501.444091796875,1498.6400146484375
M10_YHUR_SLUR,10,HUR,LUR,2025-01-15,2025-01-17,3,TSEC,99.96776580810547,100.04398345947266,99.81173706054688,99.9854736328125,100.03704833984375
M10_YHUR_SLUR,10,HUR,LUR,2025-01-16,2025-01-16,1,Yd,1581.625244140625,1500.218994140625,1483.59716796875,1525.949462890625,1498.5673828125
M10_YHUR_SLUR,10,HUR,LUR,2025-01-16,2025-01-16,1,TSE,1496.4349365234375,1499.5030517578125,1504.0948486328125,1499.6929931640625,1499.1844482421875
M10_YHUR_SLUR,10,HUR,LUR,2025-01-16,2025-01-16,1,TSEC,97.93006134033203,100.04254150390625,99.90835571289062,100.0379867553711,100.03386688232422
M10_YHUR_SLUR,10,HUR,LUR,2025-01-16,2025-01-17,2,Yd,1533.463134765625,1500.218994140625,1499.716796875,1509.533203125,1497.8863525390625
M10_YHUR_SLUR,10,HUR,LUR,2025-01-16,2025-01-17,2,TSE,1494.961181640625,1499.5030517578125,1502.127685546875,1498.5408935546875,1499.1429443359375
M10_YHUR_SLUR,10,HUR,LUR,2025-01-16,2025-01-17,2,TSEC,99.96776580810547,100.04254150390625,99.67049407958984,100.00593566894531,100.01319885253906
M10_YHUR_SLUR,10,HUR,LUR,2025-01-16,2025-01-18,3,Yd,1511.4971923828125,1500.218994140625,1491.67626953125,1541.2747802734375,1496.8621826171875
M10_YHUR_SLUR,10,HUR,LUR,2025-01-16,2025-01-18,3,TSE,1482.878173828125,1499.5030517578125,1500.091796875,1502.743896484375,1499.4637451171875
M10_YHUR_SLUR,10,HUR,LUR,2025-01-16,2025-01-18,3,TSEC,100.59603118896484,100.04254150390625,99.924072265625,100.10309600830078,99.97945404052734
M10_YHUR_SLUR,10,HUR,LUR,2025-01-17,2025-01-17,1,Yd,1533.463134765625,1500.3280029296875,1498.8583984375,1517.9149169921875,1501.389892578125
M10_YHUR_SLUR,10,HUR,LUR,2025-01-17,2025-01-17,1,TSE,1494.961181640625,1499.498779296875,1501.9371337890625,1499.9393310546875,1499.3837890625
M10_YHUR_SLUR,10,HUR,LUR,2025-01-17,2025-01-17,1,TSEC,99.96776580810547,100.03971862792969,99.89210510253906,99.87327575683594,100.00885009765625
M10_YHUR_SLUR,10,HUR,LUR,2025-01-17,2025-01-18,2,Yd,1511.4971923828125,1500.3280029296875,1490.79931640625,1516.42578125,1500.8087158203125
M10_YHUR_SLUR,10,HUR,LUR,2025-01-17,2025-01-18,2,TSE,1482.878173828125,1499.498779296875,1499.445556640625,1499.537109375,1499.742919921875
M10_YHUR_SLUR,10,HUR,LUR,2025-01-17,2025-01-18,2,TSEC,100.59603118896484,100.03971862792969,99.95126342773438,99.99280548095703,99.98184967041016
M10_YHUR_SLUR,10,HUR,LUR,2025-01-17,2025-01-19,3,Yd,1366.79833984375,1500.3280029296875,1485.8831787109375,1536.1087646484375,1498.12109375
M10_YHUR_SLUR,10,HUR,LUR,2025-01-17,2025-01-19,3,TSE,1480.9627685546875,1499.498779296875,1500.8203125,1501.4696044921875,1500.292236328125
M10_YHUR_SLUR,10,HUR,LUR,2025-01-17,2025-01-19,3,TSEC,98.58154296875,100.03971862792969,99.90447235107422,99.92300415039062,99.98342895507812
M10_YHUR_SLUR,10,HUR,LUR,2025-01-18,2025-01-18,1,Yd,1511.4971923828125,1500.3721923828125,1492.5994873046875,1498.084228515625,1500.726318359375
M10_YHUR_SLUR,10,HUR,LUR,2025-01-18,2025-01-18,1,TSE,1482.878173828125,1499.4927978515625,1499.267578125,1495.634521484375,1499.89306640625
M10_YHUR_SLUR,10,HUR,LUR,2025-01-18,2025-01-18,1,TSEC,100.59603118896484,100.03962707519531,99.94752502441406,99.77699279785156,100.00220489501953
M10_YHUR_SLUR,10,HUR,LUR,2025-01-18,2025-01-19,2,Yd,1366.79833984375,1500.3721923828125,1504.08251953125,1505.5687255859375,1497.6114501953125
M10_YHUR_SLUR,10,HUR,LUR,2025-01-18,2025-01-19,2,TSE,1480.9627685546875,1499.4927978515625,1500.24609375,1499.3316650390625,1500.458251953125
M10_YHUR_SLUR,10,HUR,LUR,2025-01-18,2025-01-19,2,TSEC,98.58154296875,100.03962707519531,99.90879821777344,99.99775695800781,99.99545288085938
M10_YHUR_SLUR,10,HUR,LUR,2025-01-18,2025-01-20,3,Yd,1474.5401611328125,1500.3721923828125,1507.1729736328125,1531.209716796875,1492.8831787109375
M10_YHUR_SLUR,10,HUR,LUR,2025-01-18,2025-01-20,3,TSE,1501.284423828125,1499.4927978515625,1496.1849365234375,1502.7105712890625,1500.5823974609375
M10_YHUR_SLUR,10,HUR,LUR,2025-01-18,2025-01-20,3,TSEC,99.30579376220703,100.03962707519531,99.92240905761719,99.85926055908203,100.00904846191406
M10_YHUR_SLUR,10,HUR,LUR,2025-01-19,2025-01-19,1,Yd,1366.79833984375,1500.386962890625,1486.207275390625,1460.2469482421875,1498.8271484375
M10_YHUR_SLUR,10,HUR,LUR,2025-01-19,2025-01-19,1,TSE,1480.9627685546875,1499.4705810546875,1500.5130615234375,1498.8243408203125,1500.18017578125
M10_YHUR_SLUR,10,HUR,LUR,2025-01-19,2025-01-19,1,TSEC,98.58154296875,100.04036712646484,99.7860107421875,100.12560272216797,100.01549530029297
M10_YHUR_SLUR,10,HUR,LUR,2025-01-19,2025-01-20,2,Yd,1474.5401611328125,1500.386962890625,1494.15283203125,1486.240478515625,1493.9874267578125
M10_YHUR_SLUR,10,HUR,LUR,2025-01-19,2025-01-20,2,TSE,1501.284423828125,1499.4705810546875,1496.5916748046875,1499.737548828125,1500.2418212890625
M10_YHUR_SLUR,10,HUR,LUR,2025-01-19,2025-01-20,2,TSEC,99.30579376220703,100.04036712646484,100.099365234375,100.62373352050781,100.02296447753906
M10_YHUR_SLUR,10,HUR,LUR,2025-01-19,2025-01-21,3,Yd,1405.52197265625,1500.386962890625,1501.3856201171875,1492.54345703125,1490.47509765625
M10_YHUR_SLUR,10,HUR,LUR,2025-01-19,2025-01-21,3,TSE,1494.9354248046875,1499.4705810546875,1501.6600341796875,1497.22998046875,1499.4776611328125
M10_YHUR_SLUR,10,HUR,LUR,2025-01-19,2025-01-21,3,TSEC,99.83428192138672,100.04036712646484,99.93236541748047,100.17777252197266,100.03056335449219
M10_YHUR_SLUR,10,HUR,LUR,2025-01-20,2025-01-20,1,Yd,1474.5401611328125,1500.208984375,1492.7518310546875,1497.3460693359375,1498.10107421875
M10_YHUR_SLUR,10,HUR,LUR,2025-01-20,2025-01-20,1,TSE,1501.284423828125,1499.446044921875,1495.2677001953125,1497.937744140625,1499.5323486328125
M10_YHUR_SLUR,10,HUR,LUR,2025-01-20,2025-01-20,1,TSEC,99.30579376220703,100.03841400146484,99.99702453613281,100.17882537841797,100.03324890136719
M10_YHUR_SLUR,10,HUR,LUR,2025-01-20,2025-01-21,2,Yd,1405.52197265625,1500.208984375,1512.4727783203125,1499.181640625,1494.49072265625
M10_YHUR_SLUR,10,HUR,LUR,2025-01-20,2025-01-21,2,TSE,1494.9354248046875,1499.446044921875,1501.25927734375,1495.1251220703125,1498.9068603515625
M10_YHUR_SLUR,10,HUR,LUR,2025-01-20,2025-01-21,2,TSEC,99.83428192138672,100.03841400146484,99.90184783935547,100.25648498535156,100.04368591308594
M10_YHUR_SLUR,10,HUR,LUR,2025-01-20,2025-01-22,3,Yd,1317.093505859375,1500.208984375,1491.1851806640625,1521.43994140625,1492.8206787109375
M10_YHUR_SLUR,10,HUR,LUR,2025-01-20,2025-01-22,3,TSE,1510.618408203125,1499.446044921875,1497.9537353515625,1497.2723388671875,1498.755615234375
M10_YHUR_SLUR,10,HUR,LUR,2025-01-20,2025-01-22,3,TSEC,98.9365234375,100.03841400146484,100.01631164550781,100.07643127441406,100.06078338623047
M10_YHUR_SLUR,10,HUR,LUR,2025-01-21,2025-01-21,1,Yd,1405.52197265625,1500.1748046875,1492.360595703125,1498.677001953125,1496.2994384765625
M10_YHUR_SLUR,10,HUR,LUR,2025-01-21,2025-01-21,1,TSE,1494.9354248046875,1499.4483642578125,1498.64306640625,1499.739501953125,1499.0887451171875
M10_YHUR_SLUR,10,HUR,LUR,2025-01-21,2025-01-21,1,TSEC,99.83428192138672,100.0374526977539,99.86235046386719,99.86741638183594,100.04165649414062
M10_YHUR_SLUR,10,HUR,LUR,2025-01-21,2025-01-22,2,Yd,1317.093505859375,1500.1748046875,1477.3353271484375,1494.50146484375,1494.355712890625
M10_YHUR_SLUR,10,HUR,LUR,2025-01-21,2025-01-22,2,TSE,1510.618408203125,1499.4483642578125,1499.7330322265625,1499.6044921875,1498.7728271484375
M10_YHUR_SLUR,10,HUR,LUR,2025-01-21,2025-01-22,2,TSEC,98.9365234375,100.0374526977539,99.93742370605469,100.04302978515625,100.05658721923828
M10_YHUR_SLUR,10,HUR,LUR,2025-01-21,2025-01-23,3,Yd,1390.19091796875,1500.1748046875,1502.9708251953125,1534.8944091796875,1497.21728515625
M10_YHUR_SLUR,10,HUR,LUR,2025-01-21,2025-01-23,3,TSE,1466.5814208984375,1499.4483642578125,1498.4925537109375,1502.1121826171875,1498.7357177734375
M10_YHUR_SLUR,10,HUR,LUR,2025-01-21,2025-01-23,3,TSEC,100.29641723632812,100.0374526977539,99.8744125366211,99.97142028808594,100.06078338623047
M10_YHUR_SLUR,10,HUR,LUR,2025-01-22,2025-01-22,1,Yd,1317.093505859375,1500.048828125,1489.8726806640625,1527.9261474609375,1497.8497314453125
M10_YHUR_SLUR,10,HUR,LUR,2025-01-22,2025-01-22,1,TSE,1510.618408203125,1499.4422607421875,1499.8226318359375,1504.800537109375,1499.1390380859375
M10_YHUR_SLUR,10,HUR,LUR,2025-01-22,2025-01-22,1,TSEC,98.9365234375,100.03717041015625,99.97713470458984,100.22483825683594,100.0416259765625
M10_YHUR_SLUR,10,HUR,LUR,2025-01-22,2025-01-23,2,Yd,1390.19091796875,1500.048828125,1504.11083984375,1537.8065185546875,1499.3287353515625
M10_YHUR_SLUR,10,HUR,LUR,2025-01-22,2025-01-23,2,TSE,1466.5814208984375,1499.4422607421875,1498.384765625,1503.8731689453125,1499.0606689453125
M10_YHUR_SLUR,10,HUR,LUR,2025-01-22,2025-01-23,2,TSEC,100.29641723632812,100.03717041015625,99.89957427978516,100.29269409179688,100.0427474975586
M10_YHUR_SLUR,10,HUR,LUR,2025-01-22,2025-01-24,3,Yd,1537.47412109375,1500.048828125,1497.7056884765625,1547.634521484375,1502.3154296875
M10_YHUR_SLUR,10,HUR,LUR,2025-01-22,2025-01-24,3,TSE,1494.205322265625,1499.4422607421875,1499.105224609375,1505.618896484375,1499.343994140625
M10_YHUR_SLUR,10,HUR,LUR,2025-01-22,2025-01-24,3,TSEC,100.04338073730469,100.03717041015625,99.94447326660156,100.16679382324219,100.0299301147461
M10_YHUR_SLUR,10,HUR,LUR,2025-01-23,2025-01-23,1,Yd,1390.19091796875,1499.805908203125,1495.92529296875,1490.23876953125,1500.4169921875
M10_YHUR_SLUR,10,HUR,LUR,2025-01-23,2025-01-23,1,TSE,1466.5814208984375,1499.4571533203125,1501.1456298828125,1500.1944580078125,1499.3160400390625
M10_YHUR_SLUR,10,HUR,LUR,2025-01-23,2025-01-23,1,TSEC,100.29641723632812,100.03571319580078,100.0295181274414,99.96080017089844,100.02425384521484
M10_YHUR_SLUR,10,HUR,LUR,2025-01-23,2025-01-24,2,Yd,1537.47412109375,1499.805908203125,1501.85498046875,1542.430908203125,1502.1435546875
M10_YHUR_SLUR,10,HUR,LUR,2025-01-23,2025-01-24,2,TSE,1494.205322265625,1499.4571533203125,1500.85595703125,1494.162109375,1499.5181884765625
M10_YHUR_SLUR,10,HUR,LUR,2025-01-23,2025-01-24,2,TSEC,100.04338073730469,100.03571319580078,99.99149322509766,99.81072235107422,99.99765014648438
M10_YHUR_SLUR,10,HUR,LUR,2025-01-23,2025-01-25,3,Yd,1415.66357421875,1499.805908203125,1496.737548828125,1570.892333984375,1502.56494140625
M10_YHUR_SLUR,10,HUR,LUR,2025-01-23,2025-01-25,3,TSE,1511.2686767578125,1499.4571533203125,1499.3780517578125,1498.6260986328125,1500.1185302734375
M10_YHUR_SLUR,10,HUR,LUR,2025-01-23,2025-01-25,3,TSEC,98.84071350097656,100.03571319580078,99.85923767089844,99.8075180053711,99.96372985839844
M10_YHUR_SLUR,10,HUR,LUR,2025-01-24,2025-01-24,1,Yd,1537.47412109375,1499.66064453125,1495.8831787109375,1486.7205810546875,1500.61376953125
M10_YHUR_SLUR,10,HUR,LUR,2025-01-24,2025-01-24,1,TSE,1494.205322265625,1499.4134521484375,1500.48583984375,1501.2921142578125,1499.7694091796875
M10_YHUR_SLUR,10,HUR,LUR,2025-01-24,2025-01-24,1,TSEC,100.04338073730469,100.03605651855469,99.54961395263672,100.07852935791016,99.99925231933594
M10_YHUR_SLUR,10,HUR,LUR,2025-01-24,2025-01-25,2,Yd,1415.66357421875,1499.66064453125,1498.4423828125,1517.0301513671875,1499.969970703125
M10_YHUR_SLUR,10,HUR,LUR,2025-01-24,2025-01-25,2,TSE,1511.2686767578125,1499.4134521484375,1497.3504638671875,1496.23095703125,1500.3896484375
M10_YHUR_SLUR,10,HUR,LUR,2025-01-24,2025-01-25,2,TSEC,98.84071350097656,100.03605651855469,99.63358306884766,100.15966033935547,99.96971130371094
M10_YHUR_SLUR,10,HUR,LUR,2025-01-24,2025-01-26,3,Yd,1685.6588134765625,1499.66064453125,1491.2730712890625,1513.4613037109375,1498.0958251953125
M10_YHUR_SLUR,10,HUR,LUR,2025-01-24,2025-01-26,3,TSE,1509.0234375,1499.4134521484375,1499.8365478515625,1500.3594970703125,1500.998291015625
M10_YHUR_SLUR,10,HUR,LUR,2025-01-24,2025-01-26,3,TSEC,101.06051635742188,100.03605651855469,99.6075668334961,100.02411651611328,99.95572662353516
M10_YHUR_SLUR,10,HUR,LUR,2025-01-25,2025-01-25,1,Yd,1415.66357421875,1499.7105712890625,1510.587890625,1475.7373046875,1500.8365478515625
M10_YHUR_SLUR,10,HUR,LUR,2025-01-25,2025-01-25,1,TSE,1511.2686767578125,1499.4066162109375,1497.555419921875,1502.518310546875,1500.104248046875
M10_YHUR_SLUR,10,HUR,LUR,2025-01-25,2025-01-25,1,TSEC,98.84071350097656,100.03607177734375,99.67626953125,100.01686096191406,99.99667358398438
M10_YHUR_SLUR,10,HUR,LUR,2025-01-25,2025-01-26,2,Yd,1685.6588134765625,1499.7105712890625,1536.9681396484375,1534.8603515625,1497.868896484375
M10_YHUR_SLUR,10,HUR,LUR,2025-01-25,2025-01-26,2,TSE,1509.0234375,1499.4066162109375,1499.3455810546875,1500.8485107421875,1500.822509765625
M10_YHUR_SLUR,10,HUR,LUR,2025-01-25,2025-01-26,2,TSEC,101.06051635742188,100.03607177734375,99.6762466430664,100.30995178222656,99.98065948486328
M10_YHUR_SLUR,10,HUR,LUR,2025-01-25,2025-01-27,3,Yd,1403.4473876953125,1499.7105712890625,1517.322265625,1472.9560546875,1492.08251953125
M10_YHUR_SLUR,10,HUR,LUR,2025-01-25,2025-01-27,3,TSE,1512.3809814453125,1499.4066162109375,1495.4979248046875,1501.125732421875,1500.896484375
M10_YHUR_SLUR,10,HUR,LUR,2025-01-25,2025-01-27,3,TSEC,101.87138366699219,100.03607177734375,99.55914306640625,99.98269653320312,99.98005676269531
M10_YHUR_SLUR,10,HUR,LUR,2025-01-26,2025-01-26,1,Yd,1685.6588134765625,1499.5994873046875,1480.7457275390625,1464.30126953125,1499.5335693359375
M10_YHUR_SLUR,10,HUR,LUR,2025-01-26,2025-01-26,1,TSE,1509.0234375,1499.4222412109375,1499.5294189453125,1503.0635986328125,1500.2359619140625
M10_YHUR_SLUR,10,HUR,LUR,2025-01-26,2025-01-26,1,TSEC,101.06051635742188,100.03449249267578,99.59822082519531,100.25900268554688,100.0053482055664
M10_YHUR_SLUR,10,HUR,LUR,2025-01-26,2025-01-27,2,Yd,1403.4473876953125,1499.5994873046875,1501.32470703125,1463.072509765625,1494.2125244140625
M10_YHUR_SLUR,10,HUR,LUR,2025-01-26,2025-01-27,2,TSE,1512.3809814453125,1499.4222412109375,1495.07275390625,1500.1224365234375,1500.3355712890625
M10_YHUR_SLUR,10,HUR,LUR,2025-01-26,2025-01-27,2,TSEC,101.87138366699219,100.03449249267578,99.44226837158203,100.28285217285156,99.99784088134766
M10_YHUR_SLUR,10,HUR,LUR,2025-01-26,2025-01-28,3,Yd,1757.816650390625,1499.5994873046875,1489.7607421875,1503.5859375,1491.1102294921875
M10_YHUR_SLUR,10,HUR,LUR,2025-01-26,2025-01-28,3,TSE,1478.5213623046875,1499.4222412109375,1500.4395751953125,1504.5521240234375,1499.5777587890625
M10_YHUR_SLUR,10,HUR,LUR,2025-01-26,2025-01-28,3,TSEC,101.20191955566406,100.03449249267578,99.56301879882812,100.0074462890625,99.99767303466797
M10_YHUR_SLUR,10,HUR,LUR,2025-01-27,2025-01-27,1,Yd,1403.4473876953125,1499.8453369140625,1504.2677001953125,1470.2352294921875,1496.70556640625
M10_YHUR_SLUR,10,HUR,LUR,2025-01-27,2025-01-27,1,TSE,1512.3809814453125,1499.4349365234375,1495.012939453125,1497.1390380859375,1499.762451171875
M10_YHUR_SLUR,10,HUR,LUR,2025-01-27,2025-01-27,1,TSEC,101.87138366699219,100.03584289550781,99.57044219970703,99.94145202636719,100.02193450927734
M10_YHUR_SLUR,10,HUR,LUR,2025-01-27,2025-01-28,2,Yd,1757.816650390625,1499.8453369140625,1491.3729248046875,1475.135498046875,1493.34423828125
M10_YHUR_SLUR,10,HUR,LUR,2025-01-27,2025-01-28,2,TSE,1478.5213623046875,1499.4349365234375,1501.28076171875,1498.9962158203125,1499.361328125
M10_YHUR_SLUR,10,HUR,LUR,2025-01-27,2025-01-28,2,TSEC,101.20191955566406,100.03584289550781,99.7684555053711,99.85487365722656,100.02300262451172
M10_YHUR_SLUR,10,HUR,LUR,2025-01-27,2025-01-29,3,Yd,1516.6224365234375,1499.8453369140625,1521.29248046875,1469.47998046875,1492.6298828125
M10_YHUR_SLUR,10,HUR,LUR,2025-01-27,2025-01-29,3,TSE,1516.246826171875,1499.4349365234375,1496.95068359375,1498.2552490234375,1499.097412109375
M10_YHUR_SLUR,10,HUR,LUR,2025-01-27,2025-01-29,3,TSEC,97.60125732421875,100.03584289550781,99.74479675292969,99.64807891845703,100.03009796142578
M10_YHUR_SLUR,10,HUR,LUR,2025-01-28,2025-01-28,1,Yd,1757.816650390625,1499.718017578125,1473.2042236328125,1512.8275146484375,1494.3822021484375
M10_YHUR_SLUR,10,HUR,LUR,2025-01-28,2025-01-28,1,TSE,1478.5213623046875,1499.4520263671875,1498.7030029296875,1499.701904296875,1499.365234375
M10_YHUR_SLUR,10,HUR,LUR,2025-01-28,2025-01-28,1,TSEC,101.20191955566406,100.03826141357422,99.97640228271484,99.98441314697266,100.03047943115234
M10_YHUR_SLUR,10,HUR,LUR,2025-01-28,2025-01-29,2,Yd,1516.6224365234375,1499.718017578125,1503.7623291015625,1495.9034423828125,1491.7459716796875
M10_YHUR_SLUR,10,HUR,LUR,2025-01-28,2025-01-29,2,TSE,1516.246826171875,1499.4520263671875,1500.0040283203125,1501.4425048828125,1499.152587890625
M10_YHUR_SLUR,10,HUR,LUR,2025-01-28,2025-01-29,2,TSEC,97.60125732421875,100.03826141357422,99.802490234375,100.13499450683594,100.03083038330078
M10_YHUR_SLUR,10,HUR,LUR,2025-01-28,2025-01-30,3,Yd,1590.3359375,1499.718017578125,1486.8095703125,1499.65771484375,1493.727783203125
M10_YHUR_SLUR,10,HUR,LUR,2025-01-28,2025-01-30,3,TSE,1467.413330078125,1499.4520263671875,1498.1646728515625,1501.7635498046875,1499.0836181640625
M10_YHUR_SLUR,10,HUR,LUR,2025-01-28,2025-01-30,3,TSEC,99.38599395751953,100.03826141357422,100.09699249267578,100.21574401855469,100.01712036132812
M10_YHUR_SLUR,10,HUR,LUR,2025-01-29,2025-01-29,1,Yd,1516.6224365234375,1500.05810546875,1520.703369140625,1487.350341796875,1496.2587890625
M10_YHUR_SLUR,10,HUR,LUR,2025-01-29,2025-01-29,1,TSE,1516.246826171875,1499.424560546875,1498.03759765625,1504.447509765625,1499.2410888671875
M10_YHUR_SLUR,10,HUR,LUR,2025-01-29,2025-01-29,1,TSEC,97.60125732421875,100.039794921875,99.91339111328125,100.4735336303711,100.0470962524414
M10_YHUR_SLUR,10,HUR,LUR,2025-01-29,2025-01-30,2,Yd,1590.3359375,1500.05810546875,1480.1607666015625,1466.5968017578125,1495.4881591796875
M10_YHUR_SLUR,10,HUR,LUR,2025-01-29,2025-01-30,2,TSE,1467.413330078125,1499.424560546875,1501.7127685546875,1496.97998046875,1499.0546875
M10_YHUR_SLUR,10,HUR,LUR,2025-01-29,2025-01-30,2,TSEC,99.38599395751953,100.039794921875,99.97161102294922,99.94941711425781,100.04169464111328
M10_YHUR_SLUR,10,HUR,LUR,2025-01-29,2025-01-31,3,Yd,1342.4879150390625,1500.05810546875,1506.8907470703125,1525.1473388671875,1496.6710205078125
M10_YHUR_SLUR,10,HUR,LUR,2025-01-29,2025-01-31,3,TSE,1464.84521484375,1499.424560546875,1499.9998779296875,1500.8011474609375,1499.2926025390625
M10_YHUR_SLUR,10,HUR,LUR,2025-01-29,2025-01-31,3,TSEC,100.0595703125,100.039794921875,99.93359375,100.07859802246094,100.01225280761719
M10_YHUR_SLUR,10,HUR,LUR,2025-01-30,2025-01-30,1,Yd,1590.3359375,1500.0799560546875,1504.78857421875,1544.82177734375,1500.50146484375
M10_YHUR_SLUR,10,HUR,LUR,2025-01-30,2025-01-30,1,TSE,1467.413330078125,1499.4466552734375,1497.1007080078125,1501.9798583984375,1499.3370361328125
M10_YHUR_SLUR,10,HUR,LUR,2025-01-30,2025-01-30,1,TSEC,99.38599395751953,100.0365982055664,100.0599365234375,100.03958129882812,100.02842712402344
M10_YHUR_SLUR,10,HUR,LUR,2025-01-30,2025-01-31,2,Yd,1342.4879150390625,1500.0799560546875,1496.7830810546875,1534.124267578125,1500.453125
M10_YHUR_SLUR,10,HUR,LUR,2025-01-30,2025-01-31,2,TSE,1464.84521484375,1499.4466552734375,1499.7247314453125,1500.190673828125,1499.3895263671875
M10_YHUR_SLUR,10,HUR,LUR,2025-01-30,2025-01-31,2,TSEC,100.0595703125,100.0365982055664,99.86730194091797,100.10299682617188,99.9968032836914
M10_YHUR_SLUR,10,HUR,LUR,2025-01-30,2025-02-01,3,Yd,1534.4488525390625,1500.0799560546875,1490.6175537109375,1550.745361328125,1500.1051025390625
M10_YHUR_SLUR,10,HUR,LUR,2025-01-30,2025-02-01,3,TSE,1508.02734375,1499.4466552734375,1500.3515625,1499.467529296875,1499.814453125
M10_YHUR_SLUR,10,HUR,LUR,2025-01-30,2025-02-01,3,TSEC,100.53330993652344,100.0365982055664,100.04129028320312,99.8603515625,99.96403503417969
M10_YHUR_SLUR,10,HUR,LUR,2025-01-31,2025-01-31,1,Yd,1342.4879150390625,1500.19873046875,1518.7242431640625,1509.5008544921875,1501.89013671875
M10_YHUR_SLUR,10,HUR,LUR,2025-01-31,2025-01-31,1,TSE,1464.84521484375,1499.404541015625,1500.7440185546875,1501.81884765625,1499.6871337890625
M10_YHUR_SLUR,10,HUR,LUR,2025-01-31,2025-01-31,1,TSEC,100.0595703125,100.03572845458984,99.9663314819336,100.11616516113281,100.00347137451172
M10_YHUR_SLUR,10,HUR,LUR,2025-01-31,2025-02-01,2,Yd,1534.4488525390625,1500.19873046875,1486.58349609375,1523.614501953125,1502.0975341796875
M10_YHUR_SLUR,10,HUR,LUR,2025-01-31,2025-02-01,2,TSE,1508.02734375,1499.404541015625,1499.364501953125,1508.5233154296875,1500.1837158203125
M10_YHUR_SLUR,10,HUR,LUR,2025-01-31,2025-02-01,2,TSEC,100.53330993652344,100.03572845458984,99.91838073730469,100.29866027832031,99.97344970703125
M10_YHUR_SLUR,10,HUR,LUR,2025-01-31,2025-02-02,3,Yd,1415.6829833984375,1500.19873046875,1509.483154296875,1558.904541015625,1501.77294921875
M10_YHUR_SLUR,10,HUR,LUR,2025-01-31,2025-02-02,3,TSE,1516.2255859375,1499.404541015625,1499.687744140625,1507.55712890625,1500.85595703125
M10_YHUR_SLUR,10,HUR,LUR,2025-01-31,2025-02-02,3,TSEC,100.0289077758789,100.03572845458984,99.77668762207031,100.0162124633789,99.96812438964844
M10_YHUR_SLUR,10,HUR,LUR,2025-02-01,2025-02-01,1,Yd,1534.4488525390625,1499.9915771484375,1465.2171630859375,1550.4827880859375,1502.8607177734375
M10_YHUR_SLUR,10,HUR,LUR,2025-02-01,2025-02-01,1,TSE,1508.02734375,1499.3592529296875,1496.6905517578125,1499.4671630859375,1500.238037109375
M10_YHUR_SLUR,10,HUR,LUR,2025-02-01,2025-02-01,1,TSEC,100.53330993652344,100.03575897216797,99.91781616210938,99.7978744506836,99.9968490600586
M10_YHUR_SLUR,10,HUR,LUR,2025-02-01,2025-02-02,2,Yd,1415.6829833984375,1499.9915771484375,1516.979736328125,1570.4090576171875,1501.4827880859375
M10_YHUR_SLUR,10,HUR,LUR,2025-02-01,2025-02-02,2,TSE,1516.2255859375,1499.3592529296875,1497.0806884765625,1495.41748046875,1501.02392578125
M10_YHUR_SLUR,10,HUR,LUR,2025-02-01,2025-02-02,2,TSEC,100.0289077758789,100.03575897216797,99.77965545654297,100.15125274658203,99.98141479492188
M10_YHUR_SLUR,10,HUR,LUR,2025-02-01,2025-02-03,3,Yd,1494.5621337890625,1499.9915771484375,1486.9697265625,1564.6104736328125,1498.3306884765625
M10_YHUR_SLUR,10,HUR,LUR,2025-02-01,2025-02-03,3,TSE,1501.7489013671875,1499.3592529296875,1494.06640625,1500.081787109375,1501.0599365234375
M10_YHUR_SLUR,10,HUR,LUR,2025-02-01,2025-02-03,3,TSEC,100.2490463256836,100.03575897216797,100.11524963378906,99.9526138305664,99.98401641845703
M10_YHUR_SLUR,10,HUR,LUR,2025-02-02,2025-02-02,1,Yd,1415.6829833984375,1500.036865234375,1511.947021484375,1430.4959716796875,1500.60400390625
M10_YHUR_SLUR,10,HUR,LUR,2025-02-02,2025-02-02,1,TSE,1516.2255859375,1499.37060546875,1497.62744140625,1502.2459716796875,1500.421142578125
M10_YHUR_SLUR,10,HUR,LUR,2025-02-02,2025-02-02,1,TSEC,100.0289077758789,100.03640747070312,99.85096740722656,100.0599594116211,100.00716400146484
M10_YHUR_SLUR,10,HUR,LUR,2025-02-02,2025-02-03,2,Yd,1494.5621337890625,1500.036865234375,1490.943359375,1452.6954345703125,1497.403076171875
M10_YHUR_SLUR,10,HUR,LUR,2025-02-02,2025-02-03,2,TSE,1501.7489013671875,1499.37060546875,1496.4317626953125,1499.3060302734375,1500.5760498046875
M10_YHUR_SLUR,10,HUR,LUR,2025-02-02,2025-02-03,2,TSEC,100.2490463256836,100.03640747070312,100.00186157226562,100.35823059082031,99.99819946289062
M10_YHUR_SLUR,10,HUR,LUR,2025-02-02,2025-02-04,3,Yd,1484.18408203125,1500.036865234375,1507.2652587890625,1435.2109375,1495.5440673828125
M10_YHUR_SLUR,10,HUR,LUR,2025-02-02,2025-02-04,3,TSE,1483.2132568359375,1499.37060546875,1498.9527587890625,1499.623291015625,1499.89208984375
M10_YHUR_SLUR,10,HUR,LUR,2025-02-02,2025-02-04,3,TSEC,100.22440338134766,100.03640747070312,99.87346649169922,100.07945251464844,99.99757385253906
M10_YHUR_SLUR,10,HUR,LUR,2025-02-03,2025-02-03,1,Yd,1494.5621337890625,1499.9263916015625,1488.980224609375,1489.204345703125,1498.2716064453125
M10_YHUR_SLUR,10,HUR,LUR,2025-02-03,2025-02-03,1,TSE,1501.7489013671875,1499.3927001953125,1495.70654296875,1504.818359375,1499.940673828125
M10_YHUR_SLUR,10,HUR,LUR,2025-02-03,2025-02-03,1,TSEC,100.2490463256836,100.03640747070312,99.9850082397461,100.23065185546875,100.01448059082031
M10_YHUR_SLUR,10,HUR,LUR,2025-02-03,2025-02-04,2,Yd,1484.18408203125,1499.9263916015625,1507.487060546875,1499.044189453125,1495.52392578125
M10_YHUR_SLUR,10,HUR,LUR,2025-02-03,2025-02-04,2,TSE,1483.2132568359375,1499.3927001953125,1499.9549560546875,1502.028564453125,1499.6201171875
M10_YHUR_SLUR,10,HUR,LUR,2025-02-03,2025-02-04,2,TSEC,100.22440338134766,100.03640747070312,99.8932876586914,100.2237548828125,100.0111083984375
M10_YHUR_SLUR,10,HUR,LUR,2025-02-03,2025-02-05,3,Yd,1548.2452392578125,1499.9263916015625,1496.0877685546875,1528.3441162109375,1495.267578125
M10_YHUR_SLUR,10,HUR,LUR,2025-02-03,2025-02-05,3,TSE,1486.7158203125,1499.3927001953125,1496.542724609375,1502.4666748046875,1499.4920654296875
M10_YHUR_SLUR,10,HUR,LUR,2025-02-03,2025-02-05,3,TSEC,99.60604858398438,100.03640747070312,100.03162384033203,99.96548461914062,100.02072143554688
M10_YHUR_SLUR,10,HUR,LUR,2025-02-04,2025-02-04,1,Yd,1484.18408203125,1499.91943359375,1514.829345703125,1481.4093017578125,1497.3040771484375
M10_YHUR_SLUR,10,HUR,LUR,2025-02-04,2025-02-04,1,TSE,1483.2132568359375,1499.395751953125,1500.035400390625,1496.1593017578125,1499.5069580078125
M10_YHUR_SLUR,10,HUR,LUR,2025-02-04,2025-02-04,1,TSEC,100.22440338134766,100.03668212890625,99.8685531616211,99.99797058105469,100.0320053100586
M10_YHUR_SLUR,10,HUR,LUR,2025-02-04,2025-02-05,2,Yd,1548.2452392578125,1499.91943359375,1491.0711669921875,1482.42431640625,1496.3021240234375
M10_YHUR_SLUR,10,HUR,LUR,2025-02-04,2025-02-05,2,TSE,1486.7158203125,1499.395751953125,1497.084228515625,1500.52587890625,1499.361083984375
M10_YHUR_SLUR,10,HUR,LUR,2025-02-04,2025-02-05,2,TSEC,99.60604858398438,100.03668212890625,100.06330871582031,100.08284759521484,100.03659057617188
M10_YHUR_SLUR,10,HUR,LUR,2025-02-04,2025-02-06,3,Yd,1646.1397705078125,1499.91943359375,1503.0732421875,1488.1148681640625,1499.383544921875
M10_YHUR_SLUR,10,HUR,LUR,2025-02-04,2025-02-06,3,TSE,1481.32763671875,1499.395751953125,1501.1676025390625,1502.1026611328125,1499.433349609375
M10_YHUR_SLUR,10,HUR,LUR,2025-02-04,2025-02-06,3,TSEC,101.62796020507812,100.03668212890625,99.92658233642578,100.08846282958984,100.02830505371094
M10_YHUR_SLUR,10,HUR,LUR,2025-02-05,2025-02-05,1,Yd,1548.2452392578125,1499.8988037109375,1495.33251953125,1514.4332275390625,1498.7852783203125
M10_YHUR_SLUR,10,HUR,LUR,2025-02-05,2025-02-05,1,TSE,1486.7158203125,1499.3746337890625,1496.6444091796875,1502.1556396484375,1499.4022216796875
M10_YHUR_SLUR,10,HUR,LUR,2025-02-05,2025-02-05,1,TSEC,99.60604858398438,100.03693389892578,99.8020248413086,100.364990234375,100.03871154785156
M10_YHUR_SLUR,10,HUR,LUR,2025-02-05,2025-02-06,2,Yd,1646.1397705078125,1499.8988037109375,1501.448486328125,1534.6529541015625,1499.845458984375
M10_YHUR_SLUR,10,HUR,LUR,2025-02-05,2025-02-06,2,TSE,1481.32763671875,1499.3746337890625,1502.0257568359375,1500.4205322265625,1499.41015625
M10_YHUR_SLUR,10,HUR,LUR,2025-02-05,2025-02-06,2,TSEC,101.62796020507812,100.03693389892578,100.05231475830078,100.26039123535156,100.0306167602539
M10_YHUR_SLUR,10,HUR,LUR,2025-02-05,2025-02-07,3,Yd,1307.59765625,1499.8988037109375,1492.9254150390625,1545.45361328125,1502.4796142578125
M10_YHUR_SLUR,10,HUR,LUR,2025-02-05,2025-02-07,3,TSE,1495.411376953125,1499.3746337890625,1500.1573486328125,1501.9600830078125,1499.8040771484375
M10_YHUR_SLUR,10,HUR,LUR,2025-02-05,2025-02-07,3,TSEC,101.38955688476562,100.03693389892578,100.05874633789062,100.35299682617188,100.00186157226562
M10_YHUR_SLUR,10,HUR,LUR,2025-02-06,2025-02-06,1,Yd,1646.1397705078125,1499.9619140625,1503.0709228515625,1514.603759765625,1501.2420654296875
M10_YHUR_SLUR,10,HUR,LUR,2025-02-06,2025-02-06,1,TSE,1481.32763671875,1499.3580322265625,1497.462646484375,1499.6856689453125,1499.5675048828125
M10_YHUR_SLUR,10,HUR,LUR,2025-02-06,2025-02-06,1,TSEC,101.62796020507812,100.03636169433594,99.933837890625,99.931884765625,100.021728515625
M10_YHUR_SLUR,10,HUR,LUR,2025-02-06,2025-02-07,2,Yd,1307.59765625,1499.9619140625,1492.603271484375,1545.95068359375,1502.072998046875
M10_YHUR_SLUR,10,HUR,LUR,2025-02-06,2025-02-07,2,TSE,1495.411376953125,1499.3580322265625,1498.19189453125,1500.0557861328125,1499.886474609375
M10_YHUR_SLUR,10,HUR,LUR,2025-02-06,2025-02-07,2,TSEC,101.38955688476562,100.03636169433594,99.92073822021484,99.84776306152344,99.98912048339844
M10_YHUR_SLUR,10,HUR,LUR,2025-02-06,2025-02-08,3,Yd,1492.09521484375,1499.9619140625,1499.6573486328125,1589.26904296875,1502.2716064453125
M10_YHUR_SLUR,10,HUR,LUR,2025-02-06,2025-02-08,3,TSE,1486.9501953125,1499.3580322265625,1500.5283203125,1500.01904296875,1500.5474853515625
M10_YHUR_SLUR,10,HUR,LUR,2025-02-06,2025-02-08,3,TSEC,102.13369750976562,100.03636169433594,99.9286117553711,99.84302520751953,99.95741271972656
M10_YHUR_SLUR,10,HUR,LUR,2025-02-07,2025-02-07,1,Yd,1307.59765625,1500.1522216796875,1500.28271484375,1490.2293701171875,1500.24365234375
M10_YHUR_SLUR,10,HUR,LUR,2025-02-07,2025-02-07,1,TSE,1495.411376953125,1499.3345947265625,1498.5185546875,1505.789306640625,1499.9759521484375
M10_YHUR_SLUR,10,HUR,LUR,2025-02-07,2025-02-07,1,TSEC,101.38955688476562,100.03844451904297,99.92647552490234,100.0773696899414,99.99639892578125
M10_YHUR_SLUR,10,HUR,LUR,2025-02-07,2025-02-08,2,Yd,1492.09521484375,1500.1522216796875,1496.0311279296875,1545.8729248046875,1499.5426025390625
M10_YHUR_SLUR,10,HUR,LUR,2025-02-07,2025-02-08,2,TSE,1486.9501953125,1499.3345947265625,1500.10595703125,1502.2401123046875,1500.6173095703125
M10_YHUR_SLUR,10,HUR,LUR,2025-02-07,2025-02-08,2,TSEC,102.13369750976562,100.03844451904297,99.97531127929688,100.05577087402344,99.97132873535156
M10_YHUR_SLUR,10,HUR,LUR,2025-02-07,2025-02-09,3,Yd,1482.6224365234375,1500.1522216796875,1497.9140625,1522.31298828125,1498.9869384765625
M10_YHUR_SLUR,10,HUR,LUR,2025-02-07,2025-02-09,3,TSE,1499.5980224609375,1499.3345947265625,1499.2305908203125,1502.3919677734375,1501.324462890625
M10_YHUR_SLUR,10,HUR,LUR,2025-02-07,2025-02-09,3,TSEC,100.03546905517578,100.03844451904297,99.92925262451172,99.72830200195312,99.96278381347656
M10_YHUR_SLUR,10,HUR,LUR,2025-02-08,2025-02-08,1,Yd,1492.09521484375,1499.90185546875,1486.8975830078125,1464.6339111328125,1499.806396484375
M10_YHUR_SLUR,10,HUR,LUR,2025-02-08,2025-02-08,1,TSE,1486.9501953125,1499.3294677734375,1495.971923828125,1501.16796875,1500.328125
M10_YHUR_SLUR,10,HUR,LUR,2025-02-08,2025-02-08,1,TSEC,102.13369750976562,100.04019927978516,99.92874908447266,99.75031280517578,99.98882293701172
M10_YHUR_SLUR,10,HUR,LUR,2025-02-08,2025-02-09,2,Yd,1482.6224365234375,1499.90185546875,1485.7288818359375,1459.98681640625,1496.6536865234375
M10_YHUR_SLUR,10,HUR,LUR,2025-02-08,2025-02-09,2,TSE,1499.5980224609375,1499.3294677734375,1496.39892578125,1494.549072265625,1501.197021484375
M10_YHUR_SLUR,10,HUR,LUR,2025-02-08,2025-02-09,2,TSEC,100.03546905517578,100.04019927978516,99.88674926757812,100.0815200805664,99.96957397460938
M10_YHUR_SLUR,10,HUR,LUR,2025-02-08,2025-02-10,3,Yd,1470.2847900390625,1499.90185546875,1490.60205078125,1485.1317138671875,1492.8966064453125
M10_YHUR_SLUR,10,HUR,LUR,2025-02-08,2025-02-10,3,TSE,1507.9593505859375,1499.3294677734375,1494.9886474609375,1495.2818603515625,1501.3658447265625
M10_YHUR_SLUR,10,HUR,LUR,2025-02-08,2025-02-10,3,TSEC,100.23583984375,100.04019927978516,100.1208267211914,99.91715240478516,99.96159362792969
M10_YHUR_SLUR,10,HUR,LUR,2025-02-09,2025-02-09,1,Yd,1482.6224365234375,1499.8916015625,1498.5438232421875,1481.7022705078125,1498.3782958984375
M10_YHUR_SLUR,10,HUR,LUR,2025-02-09,2025-02-09,1,TSE,1499.5980224609375,1499.3134765625,1498.7301025390625,1501.706298828125,1500.5841064453125
M10_YHUR_SLUR,10,HUR,LUR,2025-02-09,2025-02-09,1,TSEC,100.03546905517578,100.04291534423828,99.88426971435547,99.83279418945312,99.99993133544922
M10_YHUR_SLUR,10,HUR,LUR,2025-02-09,2025-02-10,2,Yd,1470.2847900390625,1499.8916015625,1494.335693359375,1527.265869140625,1493.83154296875
M10_YHUR_SLUR,10,HUR,LUR,2025-02-09,2025-02-10,2,TSE,1507.9593505859375,1499.3134765625,1497.237060546875,1500.3826904296875,1500.796875
M10_YHUR_SLUR,10,HUR,LUR,2025-02-09,2025-02-10,2,TSEC,100.23583984375,100.04291534423828,100.20052337646484,99.98141479492188,99.9844970703125
M10_YHUR_SLUR,10,HUR,LUR,2025-02-09,2025-02-11,3,Yd,1445.057373046875,1499.8916015625,1496.9442138671875,1461.015869140625,1491.3560791015625
M10_YHUR_SLUR,10,HUR,LUR,2025-02-09,2025-02-11,3,TSE,1509.5179443359375,1499.3134765625,1499.6341552734375,1491.960693359375,1500.3172607421875
M10_YHUR_SLUR,10,HUR,LUR,2025-02-09,2025-02-11,3,TSEC,101.04925537109375,100.04291534423828,100.02090454101562,99.7973861694336,99.96943664550781
M10_YHUR_SLUR,10,HUR,LUR,2025-02-10,2025-02-10,1,Yd,1470.2847900390625,1499.869140625,1490.29443359375,1490.887939453125,1498.1260986328125
M10_YHUR_SLUR,10,HUR,LUR,2025-02-10,2025-02-10,1,TSE,1507.9593505859375,1499.3138427734375,1494.2825927734375,1495.5816650390625,1500.1044921875
M10_YHUR_SLUR,10,HUR,LUR,2025-02-10,2025-02-10,1,TSEC,100.23583984375,100.04290008544922,100.41725158691406,100.07526397705078,100.00747680664062
M10_YHUR_SLUR,10,HUR,LUR,2025-02-10,2025-02-11,2,Yd,1445.057373046875,1499.869140625,1499.856689453125,1508.7713623046875,1495.5010986328125
M10_YHUR_SLUR,10,HUR,LUR,2025-02-10,2025-02-11,2,TSE,1509.5179443359375,1499.3138427734375,1498.0762939453125,1501.145751953125,1499.837890625
M10_YHUR_SLUR,10,HUR,LUR,2025-02-10,2025-02-11,2,TSEC,101.04925537109375,100.04290008544922,100.39588928222656,100.37652587890625,99.99827575683594
M10_YHUR_SLUR,10,HUR,LUR,2025-02-10,2025-02-12,3,Yd,1475.94384765625,1499.869140625,1496.0452880859375,1485.7371826171875,1495.2435302734375
M10_YHUR_SLUR,10,HUR,LUR,2025-02-10,2025-02-12,3,TSE,1480.7203369140625,1499.3138427734375,1495.3206787109375,1496.017333984375,1499.75634765625
M10_YHUR_SLUR,10,HUR,LUR,2025-02-10,2025-02-12,3,TSEC,98.84557342529297,100.04290008544922,100.54047393798828,100.43923950195312,100.00238800048828
M10_YHUR_SLUR,10,HUR,LUR,2025-02-11,2025-02-11,1,Yd,1445.057373046875,1499.8309326171875,1496.4151611328125,1482.480712890625,1497.469970703125
M10_YHUR_SLUR,10,HUR,LUR,2025-02-11,2025-02-11,1,TSE,1509.5179443359375,1499.324951171875,1500.395751953125,1502.40869140625,1499.650146484375
M10_YHUR_SLUR,10,HUR,LUR,2025-02-11,2025-02-11,1,TSEC,101.04925537109375,100.04315185546875,99.91209411621094,100.40313720703125,100.0244140625
M10_YHUR_SLUR,10,HUR,LUR,2025-02-11,2025-02-12,2,Yd,1475.94384765625,1499.8309326171875,1497.670654296875,1483.5172119140625,1496.4122314453125
M10_YHUR_SLUR,10,HUR,LUR,2025-02-11,2025-02-12,2,TSE,1480.7203369140625,1499.324951171875,1495.5152587890625,1499.88134765625,1499.66357421875
M10_YHUR_SLUR,10,HUR,LUR,2025-02-11,2025-02-12,2,TSEC,98.84557342529297,100.04315185546875,99.9772720336914,100.333984375,100.02777099609375
M10_YHUR_SLUR,10,HUR,LUR,2025-02-11,2025-02-13,3,Yd,1449.85986328125,1499.8309326171875,1500.539306640625,1539.034912109375,1499.42529296875
M10_YHUR_SLUR,10,HUR,LUR,2025-02-11,2025-02-13,3,TSE,1484.33837890625,1499.324951171875,1502.608642578125,1499.27978515625,1499.7711181640625
M10_YHUR_SLUR,10,HUR,LUR,2025-02-11,2025-02-13,3,TSEC,99.54971313476562,100.04315185546875,99.92134094238281,100.09003448486328,100.01325225830078
M10_YHUR_SLUR,10,HUR,LUR,2025-02-12,2025-02-12,1,Yd,1475.94384765625,1499.760009765625,1495.9202880859375,1511.8084716796875,1497.32861328125
M10_YHUR_SLUR,10,HUR,LUR,2025-02-12,2025-02-12,1,TSE,1480.7203369140625,1499.338134765625,1499.4993896484375,1497.32861328125,1499.60546875
M10_YHUR_SLUR,10,HUR,LUR,2025-02-12,2025-02-12,1,TSEC,98.84557342529297,100.0444564819336,100.01548767089844,99.80785369873047,100.0292739868164
M10_YHUR_SLUR,10,HUR,LUR,2025-02-12,2025-02-13,2,Yd,1449.85986328125,1499.760009765625,1501.069091796875,1543.90478515625,1497.5645751953125
M10_YHUR_SLUR,10,HUR,LUR,2025-02-12,2025-02-13,2,TSE,1484.33837890625,1499.338134765625,1497.126953125,1498.1650390625,1499.6981201171875
M10_YHUR_SLUR,10,HUR,LUR,2025-02-12,2025-02-13,2,TSEC,99.54971313476562,100.0444564819336,99.98605346679688,99.84168243408203,100.00981140136719
M10_YHUR_SLUR,10,HUR,LUR,2025-02-12,2025-02-14,3,Yd,1413.6455078125,1499.760009765625,1491.936767578125,1587.92236328125,1500.04052734375
M10_YHUR_SLUR,10,HUR,LUR,2025-02-12,2025-02-14,3,TSE,1489.743896484375,1499.338134765625,1498.129150390625,1500.3729248046875,1500.1710205078125
M10_YHUR_SLUR,10,HUR,LUR,2025-02-12,2025-02-14,3,TSEC,100.00923919677734,100.0444564819336,99.97582244873047,99.75926971435547,99.97312927246094
M10_YHUR_SLUR,10,HUR,LUR,2025-02-13,2025-02-13,1,Yd,1449.85986328125,1499.7293701171875,1503.17919921875,1465.750244140625,1500.8349609375
M10_YHUR_SLUR,10,HUR,LUR,2025-02-13,2025-02-13,1,TSE,1484.33837890625,1499.3140869140625,1500.214111328125,1499.6265869140625,1499.724365234375
M10_YHUR_SLUR,10,HUR,LUR,2025-02-13,2025-02-13,1,TSEC,99.54971313476562,100.04290771484375,100.0419921875,100.10179901123047,100.0132064819336
M10_YHUR_SLUR,10,HUR,LUR,2025-02-13,2025-02-14,2,Yd,1413.6455078125,1499.7293701171875,1490.0443115234375,1516.322265625,1501.6478271484375
M10_YHUR_SLUR,10,HUR,LUR,2025-02-13,2025-02-14,2,TSE,1489.743896484375,1499.3140869140625,1497.8502197265625,1496.87744140625,1500.1651611328125
M10_YHUR_SLUR,10,HUR,LUR,2025-02-13,2025-02-14,2,TSEC,100.00923919677734,100.04290771484375,99.87470245361328,100.16976928710938,99.97740173339844
M10_YHUR_SLUR,10,HUR,LUR,2025-02-13,2025-02-15,3,Yd,1428.333740234375,1499.7293701171875,1497.2772216796875,1570.225341796875,1501.656982421875
M10_YHUR_SLUR,10,HUR,LUR,2025-02-13,2025-02-15,3,TSE,1516.0787353515625,1499.3140869140625,1496.4169921875,1498.4454345703125,1500.8529052734375
M10_YHUR_SLUR,10,HUR,LUR,2025-02-13,2025-02-15,3,TSEC,100.09860229492188,100.04290771484375,100.02816009521484,99.99057006835938,99.94342803955078
M10_YHUR_SLUR,10,HUR,LUR,2025-02-14,2025-02-14,1,Yd,1413.6455078125,1499.664794921875,1490.714599609375,1470.1617431640625,1501.2984619140625
M10_YHUR_SLUR,10,HUR,LUR,2025-02-14,2025-02-14,1,TSE,1489.743896484375,1499.2947998046875,1497.61181640625,1494.198486328125,1500.0589599609375
M10_YHUR_SLUR,10,HUR,LUR,2025-02-14,2025-02-14,1,TSEC,100.00923919677734,100.04227447509766,100.1666030883789,99.65245819091797,99.98770141601562
M10_YHUR_SLUR,10,HUR,LUR,2025-02-14,2025-02-15,2,Yd,1428.333740234375,1499.664794921875,1496.864990234375,1533.306396484375,1501.4906005859375
M10_YHUR_SLUR,10,HUR,LUR,2025-02-14,2025-02-15,2,TSE,1516.0787353515625,1499.2947998046875,1495.712158203125,1496.5267333984375,1500.76416015625
M10_YHUR_SLUR,10,HUR,LUR,2025-02-14,2025-02-15,2,TSEC,100.09860229492188,100.04227447509766,100.22189331054688,99.91268920898438,99.95654296875
M10_YHUR_SLUR,10,HUR,LUR,2025-02-14,2025-02-16,3,Yd,1847.1219482421875,1499.664794921875,1495.8717041015625,1561.588134765625,1501.37353515625
M10_YHUR_SLUR,10,HUR,LUR,2025-02-14,2025-02-16,3,TSE,1514.7552490234375,1499.2947998046875,1495.54443359375,1501.4842529296875,1501.4832763671875
M10_YHUR_SLUR,10,HUR,LUR,2025-02-14,2025-02-16,3,TSEC,100.81477355957031,100.04227447509766,100.19263458251953,99.81493377685547,99.94310760498047
M10_YHUR_SLUR,10,HUR,LUR,2025-02-15,2025-02-15,1,Yd,1428.333740234375,1499.5540771484375,1494.233154296875,1477.774658203125,1502.129150390625
M10_YHUR_SLUR,10,HUR,LUR,2025-02-15,2025-02-15,1,TSE,1516.0787353515625,1499.2825927734375,1500.1856689453125,1502.183349609375,1500.3856201171875
M10_YHUR_SLUR,10,HUR,LUR,2025-02-15,2025-02-15,1,TSEC,100.09860229492188,100.04222106933594,99.96187591552734,100.15769958496094,99.98590087890625
M10_YHUR_SLUR,10,HUR,LUR,2025-02-15,2025-02-16,2,Yd,1847.1219482421875,1499.5540771484375,1497.6546630859375,1472.6224365234375,1500.7308349609375
M10_YHUR_SLUR,10,HUR,LUR,2025-02-15,2025-02-16,2,TSE,1514.7552490234375,1499.2825927734375,1498.74560546875,1501.042236328125,1501.2603759765625
M10_YHUR_SLUR,10,HUR,LUR,2025-02-15,2025-02-16,2,TSEC,100.81477355957031,100.04222106933594,99.86109161376953,100.52653503417969,99.96215057373047
M10_YHUR_SLUR,10,HUR,LUR,2025-02-15,2025-02-17,3,Yd,1460.832275390625,1499.5540771484375,1495.1668701171875,1476.0711669921875,1498.6180419921875
M10_YHUR_SLUR,10,HUR,LUR,2025-02-15,2025-02-17,3,TSE,1497.29150390625,1499.2825927734375,1500.48974609375,1503.732666015625,1501.634765625
M10_YHUR_SLUR,10,HUR,LUR,2025-02-15,2025-02-17,3,TSEC,100.60065460205078,100.04222106933594,100.1318359375,100.27350616455078,99.95198822021484
M10_YHUR_SLUR,10,HUR,LUR,2025-02-16,2025-02-16,1,Yd,1847.1219482421875,1499.46240234375,1493.9664306640625,1443.3199462890625,1500.5283203125
M10_YHUR_SLUR,10,HUR,LUR,2025-02-16,2025-02-16,1,TSE,1514.7552490234375,1499.3040771484375,1495.6448974609375,1498.923828125,1500.54150390625
M10_YHUR_SLUR,10,HUR,LUR,2025-02-16,2025-02-16,1,TSEC,100.81477355957031,100.04229736328125,99.86061096191406,99.83918762207031,99.99390411376953
M10_YHUR_SLUR,10,HUR,LUR,2025-02-16,2025-02-17,2,Yd,1460.832275390625,1499.46240234375,1496.0791015625,1474.5902099609375,1497.7301025390625
M10_YHUR_SLUR,10,HUR,LUR,2025-02-16,2025-02-17,2,TSE,1497.29150390625,1499.3040771484375,1495.111328125,1495.9244384765625,1500.98876953125
M10_YHUR_SLUR,10,HUR,LUR,2025-02-16,2025-02-17,2,TSEC,100.60065460205078,100.04229736328125,100.13639068603516,99.99269104003906,99.97240447998047
M10_YHUR_SLUR,10,HUR,LUR,2025-02-16,2025-02-18,3,Yd,1567.6146240234375,1499.46240234375,1494.104248046875,1462.80908203125,1495.93994140625
M10_YHUR_SLUR,10,HUR,LUR,2025-02-16,2025-02-18,3,TSE,1507.53955078125,1499.3040771484375,1497.624755859375,1499.2144775390625,1500.5733642578125
M10_YHUR_SLUR,10,HUR,LUR,2025-02-16,2025-02-18,3,TSEC,100.3228530883789,100.04229736328125,100.01189422607422,99.87715911865234,99.95591735839844
M10_YHUR_SLUR,10,HUR,LUR,2025-02-17,2025-02-17,1,Yd,1460.832275390625,1499.9091796875,1529.712158203125,1444.17138671875,1499.388427734375
M10_YHUR_SLUR,10,HUR,LUR,2025-02-17,2025-02-17,1,TSE,1497.29150390625,1499.3238525390625,1495.6881103515625,1498.416015625,1500.1741943359375
M10_YHUR_SLUR,10,HUR,LUR,2025-02-17,2025-02-17,1,TSEC,100.60065460205078,100.04329681396484,100.1798324584961,100.13433837890625,100.00923156738281
M10_YHUR_SLUR,10,HUR,LUR,2025-02-17,2025-02-18,2,Yd,1567.6146240234375,1499.9091796875,1472.519287109375,1433.46630859375,1497.8642578125
M10_YHUR_SLUR,10,HUR,LUR,2025-02-17,2025-02-18,2,TSE,1507.53955078125,1499.3238525390625,1498.374755859375,1494.923583984375,1500.083740234375
M10_YHUR_SLUR,10,HUR,LUR,2025-02-17,2025-02-18,2,TSEC,100.3228530883789,100.04329681396484,100.23908996582031,99.98738861083984,99.99849700927734
M10_YHUR_SLUR,10,HUR,LUR,2025-02-17,2025-02-19,3,Yd,1450.932373046875,1499.9091796875,1480.0892333984375,1446.4716796875,1499.5172119140625
M10_YHUR_SLUR,10,HUR,LUR,2025-02-17,2025-02-19,3,TSE,1502.1754150390625,1499.3238525390625,1496.9962158203125,1494.65673828125,1499.9456787109375
M10_YHUR_SLUR,10,HUR,LUR,2025-02-17,2025-02-19,3,TSEC,102.00399017333984,100.04329681396484,100.30504608154297,99.80065155029297,100.00382995605469
M10_YHUR_SLUR,10,HUR,LUR,2025-02-18,2025-02-18,1,Yd,1567.6146240234375,1499.859130859375,1484.20947265625,1515.33642578125,1498.625732421875
M10_YHUR_SLUR,10,HUR,LUR,2025-02-18,2025-02-18,1,TSE,1507.53955078125,1499.3214111328125,1499.818115234375,1497.256591796875,1499.74072265625
M10_YHUR_SLUR,10,HUR,LUR,2025-02-18,2025-02-18,1,TSEC,100.3228530883789,100.04400634765625,99.96599578857422,99.93141174316406,100.02409362792969
M10_YHUR_SLUR,10,HUR,LUR,2025-02-18,2025-02-19,2,Yd,1450.932373046875,1499.859130859375,1504.087646484375,1483.864013671875,1498.908935546875
M10_YHUR_SLUR,10,HUR,LUR,2025-02-18,2025-02-19,2,TSE,1502.1754150390625,1499.3214111328125,1496.562255859375,1502.4874267578125,1499.7117919921875
M10_YHUR_SLUR,10,HUR,LUR,2025-02-18,2025-02-19,2,TSEC,102.00399017333984,100.04400634765625,99.97798919677734,100.2212142944336,100.02413940429688
M10_YHUR_SLUR,10,HUR,LUR,2025-02-18,2025-02-20,3,Yd,1561.4686279296875,1499.859130859375,1491.7987060546875,1497.717041015625,1501.849853515625
M10_YHUR_SLUR,10,HUR,LUR,2025-02-18,2025-02-20,3,TSE,1512.3594970703125,1499.3214111328125,1502.7960205078125,1500.6885986328125,1499.7900390625
M10_YHUR_SLUR,10,HUR,LUR,2025-02-18,2025-02-20,3,TSEC,100.37615966796875,100.04400634765625,99.96798706054688,100.22631072998047,100.0109634399414
M10_YHUR_SLUR,10,HUR,LUR,2025-02-19,2025-02-19,1,Yd,1450.932373046875,1499.946044921875,1502.2705078125,1521.5262451171875,1499.5843505859375
M10_YHUR_SLUR,10,HUR,LUR,2025-02-19,2025-02-19,1,TSE,1502.1754150390625,1499.3319091796875,1497.2288818359375,1501.6766357421875,1499.6112060546875
M10_YHUR_SLUR,10,HUR,LUR,2025-02-19,2025-02-19,1,TSEC,102.00399017333984,100.04437255859375,100.36731719970703,100.04144287109375,100.02950286865234
M10_YHUR_SLUR,10,HUR,LUR,2025-02-19,2025-02-20,2,Yd,1561.4686279296875,1499.946044921875,1492.68115234375,1533.1158447265625,1501.402099609375
M10_YHUR_SLUR,10,HUR,LUR,2025-02-19,2025-02-20,2,TSE,1512.3594970703125,1499.3319091796875,1500.325439453125,1498.05859375,1499.6904296875
M10_YHUR_SLUR,10,HUR,LUR,2025-02-19,2025-02-20,2,TSEC,100.37615966796875,100.04437255859375,100.32940673828125,99.85447692871094,100.01319122314453
M10_YHUR_SLUR,10,HUR,LUR,2025-02-19,2025-02-21,3,Yd,1374.214111328125,1499.946044921875,1498.11962890625,1559.2264404296875,1503.7869873046875
M10_YHUR_SLUR,10,HUR,LUR,2025-02-19,2025-02-21,3,TSE,1492.5841064453125,1499.3319091796875,1498.919189453125,1499.2398681640625,1500.0565185546875
M10_YHUR_SLUR,10,HUR,LUR,2025-02-19,2025-02-21,3,TSEC,99.47261810302734,100.04437255859375,100.27850341796875,99.84613037109375,99.97403717041016
M10_YHUR_SLUR,10,HUR,LUR,2025-02-20,2025-02-20,1,Yd,1561.4686279296875,1499.8831787109375,1479.7618408203125,1476.220947265625,1498.8834228515625
M10_YHUR_SLUR,10,HUR,LUR,2025-02-20,2025-02-20,1,TSE,1512.3594970703125,1499.33544921875,1500.46533203125,1499.3443603515625,1499.750244140625
M10_YHUR_SLUR,10,HUR,LUR,2025-02-20,2025-02-20,1,TSEC,100.37615966796875,100.046875,100.49419403076172,100.04083251953125,100.00657653808594
M10_YHUR_SLUR,10,HUR,LUR,2025-02-20,2025-02-21,2,Yd,1374.214111328125,1499.8831787109375,1504.325439453125,1470.2540283203125,1498.6644287109375
M10_YHUR_SLUR,10,HUR,LUR,2025-02-20,2025-02-21,2,TSE,1492.5841064453125,1499.33544921875,1499.2154541015625,1500.4693603515625,1500.126708984375
M10_YHUR_SLUR,10,HUR,LUR,2025-02-20,2025-02-21,2,TSEC,99.47261810302734,100.046875,100.5084457397461,100.35981750488281,99.96514129638672
M10_YHUR_SLUR,10,HUR,LUR,2025-02-20,2025-02-22,3,Yd,1472.7100830078125,1499.8831787109375,1490.5179443359375,1487.9951171875,1498.767822265625
M10_YHUR_SLUR,10,HUR,LUR,2025-02-20,2025-02-22,3,TSE,1516.5206298828125,1499.33544921875,1497.218505859375,1501.696533203125,1500.6884765625
M10_YHUR_SLUR,10,HUR,LUR,2025-02-20,2025-02-22,3,TSEC,100.22010040283203,100.046875,100.48765563964844,100.1825180053711,99.9366683959961
M10_YHUR_SLUR,10,HUR,LUR,2025-02-21,2025-02-21,1,Yd,1374.214111328125,1499.9619140625,1504.2529296875,1524.8282470703125,1499.2305908203125
M10_YHUR_SLUR,10,HUR,LUR,2025-02-21,2025-02-21,1,TSE,1492.5841064453125,1499.3521728515625,1499.5748291015625,1499.089111328125,1499.9208984375
M10_YHUR_SLUR,10,HUR,LUR,2025-02-21,2025-02-21,1,TSEC,99.47261810302734,100.04729461669922,100.1707534790039,99.93927764892578,99.98497009277344
M10_YHUR_SLUR,10,HUR,LUR,2025-02-21,2025-02-22,2,Yd,1472.7100830078125,1499.9619140625,1492.4500732421875,1536.0994873046875,1498.5206298828125
M10_YHUR_SLUR,10,HUR,LUR,2025-02-21,2025-02-22,2,TSE,1516.5206298828125,1499.3521728515625,1497.648193359375,1493.86279296875,1500.5130615234375
M10_YHUR_SLUR,10,HUR,LUR,2025-02-21,2025-02-22,2,TSEC,100.22010040283203,100.04729461669922,99.98271942138672,99.8294448852539,99.95256042480469
M10_YHUR_SLUR,10,HUR,LUR,2025-02-21,2025-02-23,3,Yd,1329.9652099609375,1499.9619140625,1511.3408203125,1503.544189453125,1498.1778564453125
M10_YHUR_SLUR,10,HUR,LUR,2025-02-21,2025-02-23,3,TSE,1493.15380859375,1499.3521728515625,1497.2728271484375,1497.547607421875,1501.248046875
M10_YHUR_SLUR,10,HUR,LUR,2025-02-21,2025-02-23,3,TSEC,99.86343383789062,100.04729461669922,99.94523620605469,99.7770004272461,99.9408950805664
M10_YHUR_SLUR,10,HUR,LUR,2025-02-22,2025-02-22,1,Yd,1472.7100830078125,1499.8013916015625,1479.4327392578125,1483.9915771484375,1501.2830810546875
M10_YHUR_SLUR,10,HUR,LUR,2025-02-22,2025-02-22,1,TSE,1516.5206298828125,1499.343505859375,1497.6263427734375,1496.843505859375,1500.348388671875
M10_YHUR_SLUR,10,HUR,LUR,2025-02-22,2025-02-22,1,TSEC,100.22010040283203,100.04656219482422,100.367431640625,99.9630355834961,99.97969818115234
M10_YHUR_SLUR,10,HUR,LUR,2025-02-22,2025-02-23,2,Yd,1329.9652099609375,1499.8013916015625,1521.1578369140625,1479.6553955078125,1499.6641845703125
M10_YHUR_SLUR,10,HUR,LUR,2025-02-22,2025-02-23,2,TSE,1493.15380859375,1499.343505859375,1496.9658203125,1500.2255859375,1501.254150390625
M10_YHUR_SLUR,10,HUR,LUR,2025-02-22,2025-02-23,2,TSEC,99.86343383789062,100.04656219482422,100.37039184570312,100.19588470458984,99.95452117919922
M10_YHUR_SLUR,10,HUR,LUR,2025-02-22,2025-02-24,3,Yd,1619.3114013671875,1499.8013916015625,1491.2447509765625,1474.8638916015625,1497.2889404296875
M10_YHUR_SLUR,10,HUR,LUR,2025-02-22,2025-02-24,3,TSE,1512.025634765625,1499.343505859375,1496.2806396484375,1497.9847412109375,1501.7637939453125
M10_YHUR_SLUR,10,HUR,LUR,2025-02-22,2025-02-24,3,TSEC,100.20027160644531,100.04656219482422,100.281982421875,100.16554260253906,99.94577026367188
M10_YHUR_SLUR,10,HUR,LUR,2025-02-23,2025-02-23,1,Yd,1329.9652099609375,1499.766845703125,1508.1710205078125,1451.20361328125,1499.990966796875
M10_YHUR_SLUR,10,HUR,LUR,2025-02-23,2025-02-23,1,TSE,1493.15380859375,1499.365478515625,1498.719970703125,1493.0635986328125,1500.5877685546875
M10_YHUR_SLUR,10,HUR,LUR,2025-02-23,2025-02-23,1,TSEC,99.86343383789062,100.04678344726562,99.91813659667969,99.98335266113281,99.99400329589844
M10_YHUR_SLUR,10,HUR,LUR,2025-02-23,2025-02-24,2,Yd,1619.3114013671875,1499.766845703125,1494.3370361328125,1413.1864013671875,1496.82421875
M10_YHUR_SLUR,10,HUR,LUR,2025-02-23,2025-02-24,2,TSE,1512.025634765625,1499.365478515625,1501.1319580078125,1497.003662109375,1501.2156982421875
M10_YHUR_SLUR,10,HUR,LUR,2025-02-23,2025-02-24,2,TSEC,100.20027160644531,100.04678344726562,100.15827178955078,100.51417541503906,99.97732543945312
M10_YHUR_SLUR,10,HUR,LUR,2025-02-23,2025-02-25,3,Yd,1563.1617431640625,1499.766845703125,1499.6500244140625,1406.4134521484375,1496.0185546875
M10_YHUR_SLUR,10,HUR,LUR,2025-02-23,2025-02-25,3,TSE,1486.672607421875,1499.365478515625,1498.1334228515625,1492.8492431640625,1500.98486328125
M10_YHUR_SLUR,10,HUR,LUR,2025-02-23,2025-02-25,3,TSEC,99.74028015136719,100.04678344726562,100.05614471435547,100.20062255859375,99.95771789550781
M10_YHUR_SLUR,10,HUR,LUR,2025-02-24,2025-02-24,1,Yd,1619.3114013671875,1499.5506591796875,1477.9720458984375,1440.4197998046875,1498.6826171875
M10_YHUR_SLUR,10,HUR,LUR,2025-02-24,2025-02-24,1,TSE,1512.025634765625,1499.357666015625,1497.3240966796875,1498.44677734375,1500.3150634765625
M10_YHUR_SLUR,10,HUR,LUR,2025-02-24,2025-02-24,1,TSEC,100.20027160644531,100.04654693603516,99.93638610839844,99.95701599121094,99.99951171875
M10_YHUR_SLUR,10,HUR,LUR,2025-02-24,2025-02-25,2,Yd,1563.1617431640625,1499.5506591796875,1508.4560546875,1463.07861328125,1496.5302734375
M10_YHUR_SLUR,10,HUR,LUR,2025-02-24,2025-02-25,2,TSE,1486.672607421875,1499.357666015625,1498.90869140625,1494.76708984375,1500.3099365234375
M10_YHUR_SLUR,10,HUR,LUR,2025-02-24,2025-02-25,2,TSEC,99.74028015136719,100.04654693603516,99.97429656982422,100.2330322265625,99.98512268066406
M10_YHUR_SLUR,10,HUR,LUR,2025-02-24,2025-02-26,3,Yd,1379.9844970703125,1499.5506591796875,1490.040771484375,1464.8621826171875,1497.9107666015625
M10_YHUR_SLUR,10,HUR,LUR,2025-02-24,2025-02-26,3,TSE,1516.9156494140625,1499.357666015625,1498.2747802734375,1495.74853515625,1500.2879638671875
M10_YHUR_SLUR,10,HUR,LUR,2025-02-24,2025-02-26,3,TSEC,100.75044250488281,100.04654693603516,100.02924346923828,100.19760131835938,99.98773193359375
M10_YHUR_SLUR,10,HUR,LUR,2025-02-25,2025-02-25,1,Yd,1563.1617431640625,1499.702880859375,1505.8494873046875,1442.6220703125,1498.5928955078125
M10_YHUR_SLUR,10,HUR,LUR,2025-02-25,2025-02-25,1,TSE,1486.672607421875,1499.373779296875,1497.72802734375,1493.704833984375,1499.8602294921875
M10_YHUR_SLUR,10,HUR,LUR,2025-02-25,2025-02-25,1,TSEC,99.74028015136719,100.04674530029297,99.98248291015625,100.10191345214844,100.01947784423828
M10_YHUR_SLUR,10,HUR,LUR,2025-02-25,2025-02-26,2,Yd,1379.9844970703125,1499.702880859375,1512.6422119140625,1495.5687255859375,1499.306396484375
M10_YHUR_SLUR,10,HUR,LUR,2025-02-25,2025-02-26,2,TSE,1516.9156494140625,1499.373779296875,1500.09716796875,1496.6055908203125,1499.86865234375
M10_YHUR_SLUR,10,HUR,LUR,2025-02-25,2025-02-26,2,TSEC,100.75044250488281,100.04674530029297,100.05310821533203,100.03134155273438,100.01582336425781
M10_YHUR_SLUR,10,HUR,LUR,2025-02-25,2025-02-27,3,Yd,1646.854248046875,1499.702880859375,1516.17724609375,1531.4608154296875,1503.4727783203125
M10_YHUR_SLUR,10,HUR,LUR,2025-02-25,2025-02-27,3,TSE,1534.2310791015625,1499.373779296875,1497.021240234375,1495.72802734375,1500.0355224609375
M10_YHUR_SLUR,10,HUR,LUR,2025-02-25,2025-02-27,3,TSEC,100.39511108398438,100.04674530029297,100.02104187011719,99.78543853759766,100.00027465820312
M10_YHUR_SLUR,10,HUR,LUR,2025-02-26,2025-02-26,1,Yd,1379.9844970703125,1499.7835693359375,1487.434326171875,1453.89501953125,1500.9627685546875
M10_YHUR_SLUR,10,HUR,LUR,2025-02-26,2025-02-26,1,TSE,1516.9156494140625,1499.357666015625,1499.0599365234375,1499.0228271484375,1499.68701171875
M10_YHUR_SLUR,10,HUR,LUR,2025-02-26,2025-02-26,1,TSEC,100.75044250488281,100.04635620117188,100.29985046386719,100.11184692382812,100.02786254882812
M10_YHUR_SLUR,10,HUR,LUR,2025-02-26,2025-02-27,2,Yd,1646.854248046875,1499.7835693359375,1504.1732177734375,1468.8828125,1503.4071044921875
M10_YHUR_SLUR,10,HUR,LUR,2025-02-26,2025-02-27,2,TSE,1534.2310791015625,1499.357666015625,1499.70361328125,1497.933349609375,1499.8704833984375
M10_YHUR_SLUR,10,HUR,LUR,2025-02-26,2025-02-27,2,TSEC,100.39511108398438,100.04635620117188,100.23440551757812,100.25643157958984,100.01319885253906
M10_YHUR_SLUR,10,HUR,LUR,2025-02-26,2025-02-28,3,Yd,1487.4136962890625,1499.7835693359375,1492.2359619140625,1509.615478515625,1506.4327392578125
M10_YHUR_SLUR,10,HUR,LUR,2025-02-26,2025-02-28,3,TSE,1488.2940673828125,1499.357666015625,1499.9622802734375,1497.756103515625,1500.3031005859375
M10_YHUR_SLUR,10,HUR,LUR,2025-02-26,2025-02-28,3,TSEC,99.67074584960938,100.04635620117188,100.19949340820312,100.01026916503906,99.97554779052734
M10_YHUR_SLUR,10,HUR,LUR,2025-02-27,2025-02-27,1,Yd,1646.854248046875,1499.63134765625,1496.5596923828125,1468.4547119140625,1501.3013916015625
M10_YHUR_SLUR,10,HUR,LUR,2025-02-27,2025-02-27,1,TSE,1534.2310791015625,1499.3797607421875,1502.63623046875,1496.5234375,1499.842041015625
M10_YHUR_SLUR,10,HUR,LUR,2025-02-27,2025-02-27,1,TSEC,100.39511108398438,100.04724884033203,99.99404907226562,99.84124755859375,99.99896240234375
M10_YHUR_SLUR,10,HUR,LUR,2025-02-27,2025-02-28,2,Yd,1487.4136962890625,1499.63134765625,1494.358154296875,1491.2000732421875,1502.085693359375
M10_YHUR_SLUR,10,HUR,LUR,2025-02-27,2025-02-28,2,TSE,1488.2940673828125,1499.3797607421875,1502.209228515625,1500.0068359375,1500.2381591796875
M10_YHUR_SLUR,10,HUR,LUR,2025-02-27,2025-02-28,2,TSEC,99.67074584960938,100.04724884033203,99.92922973632812,100.02928161621094,99.954345703125
M10_YHUR_SLUR,10,HUR,LUR,2025-02-27,2025-03-01,3,Yd,1568.8587646484375,1499.63134765625,1495.39404296875,1522.2628173828125,1502.570556640625
M10_YHUR_SLUR,10,HUR,LUR,2025-02-27,2025-03-01,3,TSE,1498.62158203125,1499.3797607421875,1496.31689453125,1498.3358154296875,1500.776611328125
M10_YHUR_SLUR,10,HUR,LUR,2025-02-27,2025-03-01,3,TSEC,100.97177124023438,100.04724884033203,100.00139617919922,99.8478012084961,99.92111206054688
M10_YHUR_SLUR,10,HUR,LUR,2025-02-28,2025-02-28,1,Yd,1487.4136962890625,1499.818115234375,1504.20947265625,1456.438232421875,1500.7137451171875
M10_YHUR_SLUR,10,HUR,LUR,2025-02-28,2025-02-28,1,TSE,1488.2940673828125,1499.4239501953125,1502.33251953125,1499.3155517578125,1499.8759765625
M10_YHUR_SLUR,10,HUR,LUR,2025-02-28,2025-02-28,1,TSEC,99.67074584960938,100.04768371582031,100.27552795410156,99.93220520019531,99.97918701171875
M10_YHUR_SLUR,10,HUR,LUR,2025-02-28,2025-03-01,2,Yd,1568.8587646484375,1499.818115234375,1492.906005859375,1525.3909912109375,1500.571533203125
M10_YHUR_SLUR,10,HUR,LUR,2025-02-28,2025-03-01,2,TSE,1498.62158203125,1499.4239501953125,1499.6551513671875,1495.4681396484375,1500.384033203125
M10_YHUR_SLUR,10,HUR,LUR,2025-02-28,2025-03-01,2,TSEC,100.97177124023438,100.04768371582031,100.2857666015625,99.64307403564453,99.93814086914062
M10_YHUR_SLUR,10,HUR,LUR,2025-02-28,2025-03-02,3,Yd,1334.552734375,1499.818115234375,1495.6064453125,1515.9088134765625,1500.8773193359375
M10_YHUR_SLUR,10,HUR,LUR,2025-02-28,2025-03-02,3,TSE,1476.8458251953125,1499.4239501953125,1499.9791259765625,1497.7431640625,1501.0675048828125
M10_YHUR_SLUR,10,HUR,LUR,2025-02-28,2025-03-02,3,TSEC,99.80784606933594,100.04768371582031,100.30030059814453,99.71277618408203,99.9233627319336
M10_YHUR_SLUR,10,HUR,LUR,2025-03-01,2025-03-01,1,Yd,1568.8587646484375,1499.8023681640625,1485.7117919921875,1448.9521484375,1501.97021484375
M10_YHUR_SLUR,10,HUR,LUR,2025-03-01,2025-03-01,1,TSE,1498.62158203125,1499.409912109375,1499.1856689453125,1495.6719970703125,1500.2554931640625
M10_YHUR_SLUR,10,HUR,LUR,2025-03-01,2025-03-01,1,TSEC,100.97177124023438,100.04721069335938,99.97401428222656,100.18028259277344,99.97734832763672
M10_YHUR_SLUR,10,HUR,LUR,2025-03-01,2025-03-02,2,Yd,1334.552734375,1499.8023681640625,1500.7967529296875,1485.2088623046875,1501.202392578125
M10_YHUR_SLUR,10,HUR,LUR,2025-03-01,2025-03-02,2,TSE,1476.8458251953125,1499.409912109375,1498.8509521484375,1499.2001953125,1501.147216796875
M10_YHUR_SLUR,10,HUR,LUR,2025-03-01,2025-03-02,2,TSEC,99.80784606933594,100.04721069335938,99.89653778076172,100.1314926147461,99.95579528808594
M10_YHUR_SLUR,10,HUR,LUR,2025-03-01,2025-03-03,3,Yd,1325.8416748046875,1499.8023681640625,1495.606201171875,1487.25244140625,1499.768798828125
M10_YHUR_SLUR,10,HUR,LUR,2025-03-01,2025-03-03,3,TSE,1495.1546630859375,1499.409912109375,1497.97265625,1497.3433837890625,1501.6571044921875
M10_YHUR_SLUR,10,HUR,LUR,2025-03-01,2025-03-03,3,TSEC,100.98574829101562,100.04721069335938,100.1471176147461,99.93767547607422,99.94400787353516
M10_YHUR_SLUR,10,HUR,LUR,2025-03-02,2025-03-02,1,Yd,1334.552734375,1499.8896484375,1510.3065185546875,1472.4263916015625,1501.09716796875
M10_YHUR_SLUR,10,HUR,LUR,2025-03-02,2025-03-02,1,TSE,1476.8458251953125,1499.408935546875,1499.0347900390625,1495.6611328125,1500.5611572265625
M10_YHUR_SLUR,10,HUR,LUR,2025-03-02,2025-03-02,1,TSEC,99.80784606933594,100.04837799072266,100.28968048095703,99.99878692626953,99.99308013916016
M10_YHUR_SLUR,10,HUR,LUR,2025-03-02,2025-03-03,2,Yd,1325.8416748046875,1499.8896484375,1498.3416748046875,1460.418212890625,1499.264404296875
M10_YHUR_SLUR,10,HUR,LUR,2025-03-02,2025-03-03,2,TSE,1495.1546630859375,1499.408935546875,1501.027099609375,1502.3101806640625,1501.195556640625
M10_YHUR_SLUR,10,HUR,LUR,2025-03-02,2025-03-03,2,TSEC,100.98574829101562,100.04837799072266,100.23497772216797,100.59829711914062,99.97380065917969
M10_YHUR_SLUR,10,HUR,LUR,2025-03-02,2025-03-04,3,Yd,1579.50537109375,1499.8896484375,1480.717041015625,1481.6439208984375,1499.3524169921875
M10_YHUR_SLUR,10,HUR,LUR,2025-03-02,2025-03-04,3,TSE,1491.3465576171875,1499.408935546875,1498.3614501953125,1498.4962158203125,1501.0103759765625
M10_YHUR_SLUR,10,HUR,LUR,2025-03-02,2025-03-04,3,TSEC,102.8044204711914,100.04837799072266,100.27069854736328,100.35076904296875,99.9546127319336
M10_YHUR_SLUR,10,HUR,LUR,2025-03-03,2025-03-03,1,Yd,1325.8416748046875,1499.680908203125,1483.1231689453125,1499.406005859375,1501.07666015625
M10_YHUR_SLUR,10,HUR,LUR,2025-03-03,2025-03-03,1,TSE,1495.1546630859375,1499.38037109375,1501.460205078125,1498.687744140625,1500.3038330078125
M10_YHUR_SLUR,10,HUR,LUR,2025-03-03,2025-03-03,1,TSEC,100.98574829101562,100.04808044433594,100.0146484375,99.8359146118164,99.99655151367188
M10_YHUR_SLUR,10,HUR,LUR,2025-03-03,2025-03-04,2,Yd,1579.50537109375,1499.680908203125,1506.70947265625,1492.2412109375,1500.3204345703125
M10_YHUR_SLUR,10,HUR,LUR,2025-03-03,2025-03-04,2,TSE,1491.3465576171875,1499.38037109375,1497.844482421875,1496.949951171875,1500.3018798828125
M10_YHUR_SLUR,10,HUR,LUR,2025-03-03,2025-03-04,2,TSEC,102.8044204711914,100.04808044433594,99.97030639648438,100.14839935302734,99.98414611816406
M10_YHUR_SLUR,10,HUR,LUR,2025-03-03,2025-03-05,3,Yd,1581.6572265625,1499.680908203125,1488.56591796875,1476.2967529296875,1502.1265869140625
M10_YHUR_SLUR,10,HUR,LUR,2025-03-03,2025-03-05,3,TSE,1503.7110595703125,1499.38037109375,1499.89892578125,1497.7742919921875,1500.336181640625
M10_YHUR_SLUR,10,HUR,LUR,2025-03-03,2025-03-05,3,TSEC,99.61553955078125,100.04808044433594,100.0105972290039,100.19988250732422,99.98573303222656
M10_YHUR_SLUR,10,HUR,LUR,2025-03-04,2025-03-04,1,Yd,1579.50537109375,1499.4615478515625,1496.0013427734375,1495.7415771484375,1499.7335205078125
M10_YHUR_SLUR,10,HUR,LUR,2025-03-04,2025-03-04,1,TSE,1491.3465576171875,1499.3751220703125,1498.004638671875,1497.3150634765625,1499.8868408203125
M10_YHUR_SLUR,10,HUR,LUR,2025-03-04,2025-03-04,1,TSEC,102.8044204711914,100.04925537109375,100.28292083740234,99.89926147460938,100.0091781616211
M10_YHUR_SLUR,10,HUR,LUR,2025-03-04,2025-03-05,2,Yd,1581.6572265625,1499.4615478515625,1494.0855712890625,1474.700439453125,1500.326416015625
M10_YHUR_SLUR,10,HUR,LUR,2025-03-04,2025-03-05,2,TSE,1503.7110595703125,1499.3751220703125,1499.7242431640625,1498.9290771484375,1500.09912109375
M10_YHUR_SLUR,10,HUR,LUR,2025-03-04,2025-03-05,2,TSEC,99.61553955078125,100.04925537109375,100.43938446044922,100.3649673461914,100.00482177734375
M10_YHUR_SLUR,10,HUR,LUR,2025-03-04,2025-03-06,3,Yd,1661.46826171875,1499.4615478515625,1498.8092041015625,1493.274169921875,1504.6458740234375
M10_YHUR_SLUR,10,HUR,LUR,2025-03-04,2025-03-06,3,TSE,1485.3358154296875,1499.3751220703125,1497.80419921875,1495.9005126953125,1500.3927001953125
M10_YHUR_SLUR,10,HUR,LUR,2025-03-04,2025-03-06,3,TSEC,99.13394165039062,100.04925537109375,100.32967376708984,100.1537857055664,99.98816680908203
M10_YHUR_SLUR,10,HUR,LUR,2025-03-05,2025-03-05,1,Yd,1581.6572265625,1499.5623779296875,1500.898681640625,1512.4014892578125,1499.1680908203125
M10_YHUR_SLUR,10,HUR,LUR,2025-03-05,2025-03-05,1,TSE,1503.7110595703125,1499.3648681640625,1498.571533203125,1504.130859375,1499.922119140625
M10_YHUR_SLUR,10,HUR,LUR,2025-03-05,2025-03-05,1,TSEC,99.61553955078125,100.05272674560547,100.03727722167969,100.1969223022461,100.01675415039062
M10_YHUR_SLUR,10,HUR,LUR,2025-03-05,2025-03-06,2,Yd,1661.46826171875,1499.5623779296875,1496.3165283203125,1518.188720703125,1500.4019775390625
M10_YHUR_SLUR,10,HUR,LUR,2025-03-05,2025-03-06,2,TSE,1485.3358154296875,1499.3648681640625,1499.2921142578125,1501.010498046875,1500.227294921875
M10_YHUR_SLUR,10,HUR,LUR,2025-03-05,2025-03-06,2,TSEC,99.13394165039062,100.05272674560547,100.06527709960938,100.29371643066406,99.99214935302734
M10_YHUR_SLUR,10,HUR,LUR,2025-03-05,2025-03-07,3,Yd,1546.163818359375,1499.5623779296875,1498.669189453125,1536.324951171875,1503.008544921875
M10_YHUR_SLUR,10,HUR,LUR,2025-03-05,2025-03-07,3,TSE,1498.5325927734375,1499.3648681640625,1500.06787109375,1498.0516357421875,1500.8367919921875
M10_YHUR_SLUR,10,HUR,LUR,2025-03-05,2025-03-07,3,TSEC,99.01557922363281,100.05272674560547,100.01620483398438,100.09549713134766,99.95214080810547
M10_YHUR_SLUR,10,HUR,LUR,2025-03-06,2025-03-06,1,Yd,1661.46826171875,1499.665771484375,1500.8193359375,1458.5537109375,1501.369140625
M10_YHUR_SLUR,10,HUR,LUR,2025-03-06,2025-03-06,1,TSE,1485.3358154296875,1499.3704833984375,1499.2008056640625,1499.078857421875,1499.9708251953125
M10_YHUR_SLUR,10,HUR,LUR,2025-03-06,2025-03-06,1,TSEC,99.13394165039062,100.05218505859375,100.02486419677734,100.15813446044922,100.00141906738281
M10_YHUR_SLUR,10,HUR,LUR,2025-03-06,2025-03-07,2,Yd,1546.163818359375,1499.665771484375,1497.0640869140625,1490.8797607421875,1501.81640625
M10_YHUR_SLUR,10,HUR,LUR,2025-03-06,2025-03-07,2,TSE,1498.5325927734375,1499.3704833984375,1500.1500244140625,1496.7440185546875,1500.4375
M10_YHUR_SLUR,10,HUR,LUR,2025-03-06,2025-03-07,2,TSEC,99.01557922363281,100.05218505859375,99.96776580810547,100.09705352783203,99.95806121826172
M10_YHUR_SLUR,10,HUR,LUR,2025-03-06,2025-03-08,3,Yd,1489.1661376953125,1499.665771484375,1499.02392578125,1503.4954833984375,1502.04052734375
M10_YHUR_SLUR,10,HUR,LUR,2025-03-06,2025-03-08,3,TSE,1514.35498046875,1499.3704833984375,1497.9912109375,1498.58154296875,1501.0252685546875
M10_YHUR_SLUR,10,HUR,LUR,2025-03-06,2025-03-08,3,TSEC,102.01471710205078,100.05218505859375,100.02872467041016,100.12287139892578,99.92658996582031
M10_YHUR_SLUR,10,HUR,LUR,2025-03-07,2025-03-07,1,Yd,1546.163818359375,1499.8690185546875,1506.6949462890625,1513.228759765625,1502.2218017578125
M10_YHUR_SLUR,10,HUR,LUR,2025-03-07,2025-03-07,1,TSE,1498.5325927734375,1499.3529052734375,1498.577880859375,1501.939453125,1500.12548828125
M10_YHUR_SLUR,10,HUR,LUR,2025-03-07,2025-03-07,1,TSEC,99.01557922363281,100.051025390625,99.9990234375,100.23715209960938,99.98281860351562
M10_YHUR_SLUR,10,HUR,LUR,2025-03-07,2025-03-08,2,Yd,1489.1661376953125,1499.8690185546875,1493.807861328125,1481.748291015625,1503.2376708984375
M10_YHUR_SLUR,10,HUR,LUR,2025-03-07,2025-03-08,2,TSE,1514.35498046875,1499.3529052734375,1500.343994140625,1504.502197265625,1500.8245849609375
M10_YHUR_SLUR,10,HUR,LUR,2025-03-07,2025-03-08,2,TSEC,102.01471710205078,100.051025390625,100.01466369628906,100.45834350585938,99.94840240478516
M10_YHUR_SLUR,10,HUR,LUR,2025-03-07,2025-03-09,3,Yd,1572.15380859375,1499.8690185546875,1497.1112060546875,1506.3121337890625,1504.4283447265625
M10_YHUR_SLUR,10,HUR,LUR,2025-03-07,2025-03-09,3,TSE,1481.6119384765625,1499.3529052734375,1498.9031982421875,1506.21728515625,1501.5802001953125
M10_YHUR_SLUR,10,HUR,LUR,2025-03-07,2025-03-09,3,TSEC,101.28897857666016,100.051025390625,99.99492645263672,100.30597686767578,99.93722534179688
M10_YHUR_SLUR,10,HUR,LUR,2025-03-08,2025-03-08,1,Yd,1489.1661376953125,1499.92724609375,1498.127197265625,1548.1461181640625,1503.89306640625
M10_YHUR_SLUR,10,HUR,LUR,2025-03-08,2025-03-08,1,TSE,1514.35498046875,1499.3519287109375,1500.34619140625,1494.78369140625,1500.3455810546875
M10_YHUR_SLUR,10,HUR,LUR,2025-03-08,2025-03-08,1,TSEC,102.01471710205078,100.04972839355469,100.011474609375,99.78136444091797,99.98062896728516
M10_YHUR_SLUR,10,HUR,LUR,2025-03-08,2025-03-09,2,Yd,1572.15380859375,1499.92724609375,1495.1026611328125,1496.2442626953125,1506.059326171875
M10_YHUR_SLUR,10,HUR,LUR,2025-03-08,2025-03-09,2,TSE,1481.6119384765625,1499.3519287109375,1498.902587890625,1495.903564453125,1501.2237548828125
M10_YHUR_SLUR,10,HUR,LUR,2025-03-08,2025-03-09,2,TSEC,101.28897857666016,100.04972839355469,99.87889862060547,100.07787322998047,99.95736694335938
M10_YHUR_SLUR,10,HUR,LUR,2025-03-08,2025-03-10,3,Yd,1259.327392578125,1499.92724609375,1492.1710205078125,1501.5400390625,1506.6219482421875
M10_YHUR_SLUR,10,HUR,LUR,2025-03-08,2025-03-10,3,TSE,1469.7958984375,1499.3519287109375,1500.3170166015625,1495.4149169921875,1501.7119140625
M10_YHUR_SLUR,10,HUR,LUR,2025-03-08,2025-03-10,3,TSEC,99.88924407958984,100.04972839355469,100.18761444091797,99.64647674560547,99.94590759277344
M10_YHUR_SLUR,10,HUR,LUR,2025-03-09,2025-03-09,1,Yd,1572.15380859375,1499.91357421875,1483.0457763671875,1470.3712158203125,1502.7679443359375
M10_YHUR_SLUR,10,HUR,LUR,2025-03-09,2025-03-09,1,TSE,1481.6119384765625,1499.37060546875,1498.597412109375,1498.53466796875,1500.601806640625
M10_YHUR_SLUR,10,HUR,LUR,2025-03-09,2025-03-09,1,TSEC,101.28897857666016,100.05219268798828,99.87547302246094,99.77107238769531,99.98744201660156
M10_YHUR_SLUR,10,HUR,LUR,2025-03-09,2025-03-10,2,Yd,1259.327392578125,1499.91357421875,1492.0374755859375,1482.39599609375,1503.3043212890625
M10_YHUR_SLUR,10,HUR,LUR,2025-03-09,2025-03-10,2,TSE,1469.7958984375,1499.37060546875,1497.677978515625,1502.2718505859375,1501.1317138671875
M10_YHUR_SLUR,10,HUR,LUR,2025-03-09,2025-03-10,2,TSEC,99.88924407958984,100.05219268798828,100.25300598144531,99.79724884033203,99.95728302001953
M10_YHUR_SLUR,10,HUR,LUR,2025-03-09,2025-03-11,3,Yd,1457.9957275390625,1499.91357421875,1501.70849609375,1487.3026123046875,1503.282470703125
M10_YHUR_SLUR,10,HUR,LUR,2025-03-09,2025-03-11,3,TSE,1494.9893798828125,1499.37060546875,1499.6124267578125,1497.65625,1501.078125
M10_YHUR_SLUR,10,HUR,LUR,2025-03-09,2025-03-11,3,TSEC,100.07929992675781,100.05219268798828,100.05094909667969,99.4084243774414,99.94416809082031
M10_YHUR_SLUR,10,HUR,LUR,2025-03-10,2025-03-10,1,Yd,1259.327392578125,1500.0040283203125,1504.8837890625,1475.470947265625,1503.001708984375
M10_YHUR_SLUR,10,HUR,LUR,2025-03-10,2025-03-10,1,TSE,1469.7958984375,1499.348388671875,1501.0247802734375,1500.3236083984375,1500.332275390625
M10_YHUR_SLUR,10,HUR,LUR,2025-03-10,2025-03-10,1,TSEC,99.88924407958984,100.05374145507812,100.01333618164062,99.87154388427734,99.99170684814453
M10_YHUR_SLUR,10,HUR,LUR,2025-03-10,2025-03-11,2,Yd,1457.9957275390625,1500.0040283203125,1479.1734619140625,1569.58984375,1503.111572265625
M10_YHUR_SLUR,10,HUR,LUR,2025-03-10,2025-03-11,2,TSE,1494.9893798828125,1499.348388671875,1497.7740478515625,1501.2166748046875,1500.477294921875
M10_YHUR_SLUR,10,HUR,LUR,2025-03-10,2025-03-11,2,TSEC,100.07929992675781,100.05374145507812,99.94367980957031,99.5624008178711,99.97510528564453
M10_YHUR_SLUR,10,HUR,LUR,2025-03-10,2025-03-12,3,Yd,1532.1016845703125,1500.0040283203125,1484.9984130859375,1530.2257080078125,1505.1358642578125
M10_YHUR_SLUR,10,HUR,LUR,2025-03-10,2025-03-12,3,TSE,1520.921142578125,1499.348388671875,1499.698486328125,1499.6673583984375,1500.5833740234375
M10_YHUR_SLUR,10,HUR,LUR,2025-03-10,2025-03-12,3,TSEC,99.82351684570312,100.05374145507812,100.04432678222656,99.8389892578125,99.97590637207031
M10_YHUR_SLUR,10,HUR,LUR,2025-03-11,2025-03-11,1,Yd,1457.9957275390625,1499.703125,1484.60595703125,1486.9429931640625,1502.3115234375
M10_YHUR_SLUR,10,HUR,LUR,2025-03-11,2025-03-11,1,TSE,1494.9893798828125,1499.3115234375,1498.0841064453125,1495.2353515625,1499.9024658203125
M10_YHUR_SLUR,10,HUR,LUR,2025-03-11,2025-03-11,1,TSEC,100.07929992675781,100.05353546142578,100.2337875366211,100.04276275634766,100.0121078491211
M10_YHUR_SLUR,10,HUR,LUR,2025-03-11,2025-03-12,2,Yd,1532.1016845703125,1499.703125,1506.8369140625,1520.314697265625,1504.5806884765625
M10_YHUR_SLUR,10,HUR,LUR,2025-03-11,2025-03-12,2,TSE,1520.921142578125,1499.3115234375,1495.8585205078125,1504.130859375,1500.1387939453125
M10_YHUR_SLUR,10,HUR,LUR,2025-03-11,2025-03-12,2,TSEC,99.82351684570312,100.05353546142578,99.91719818115234,100.39618682861328,100.01081085205078
M10_YHUR_SLUR,10,HUR,LUR,2025-03-11,2025-03-13,3,Yd,1487.815673828125,1499.703125,1495.5360107421875,1500.6829833984375,1508.9842529296875
M10_YHUR_SLUR,10,HUR,LUR,2025-03-11,2025-03-13,3,TSE,1499.1507568359375,1499.3115234375,1497.995361328125,1503.513671875,1500.6099853515625
M10_YHUR_SLUR,10,HUR,LUR,2025-03-11,2025-03-13,3,TSEC,100.49478912353516,100.05353546142578,99.9882583618164,100.47700500488281,100.00154876708984
M10_YHUR_SLUR,10,HUR,LUR,2025-03-12,2025-03-12,1,Yd,1532.1016845703125,1499.6510009765625,1507.4879150390625,1501.8502197265625,1503.186767578125
M10_YHUR_SLUR,10,HUR,LUR,2025-03-12,2025-03-12,1,TSE,1520.921142578125,1499.3060302734375,1495.795654296875,1503.8048095703125,1499.9796142578125
M10_YHUR_SLUR,10,HUR,LUR,2025-03-12,2025-03-12,1,TSEC,99.82351684570312,100.0535659790039,100.05160522460938,100.21636199951172,100.02098083496094
M10_YHUR_SLUR,10,HUR,LUR,2025-03-12,2025-03-13,2,Yd,1487.815673828125,1499.6510009765625,1494.9393310546875,1469.16845703125,1507.056396484375
M10_YHUR_SLUR,10,HUR,LUR,2025-03-12,2025-03-13,2,TSE,1499.1507568359375,1499.3060302734375,1497.8475341796875,1502.2996826171875,1500.3623046875
M10_YHUR_SLUR,10,HUR,LUR,2025-03-12,2025-03-13,2,TSEC,100.49478912353516,100.0535659790039,100.01715850830078,100.52962493896484,100.0018539428711
M10_YHUR_SLUR,10,HUR,LUR,2025-03-12,2025-03-14,3,Yd,1835.9940185546875,1499.6510009765625,1500.1680908203125,1525.612060546875,1509.4049072265625
M10_YHUR_SLUR,10,HUR,LUR,2025-03-12,2025-03-14,3,TSE,1484.6959228515625,1499.3060302734375,1497.86572265625,1502.8544921875,1500.8685302734375
M10_YHUR_SLUR,10,HUR,LUR,2025-03-12,2025-03-14,3,TSEC,100.0883560180664,100.0535659790039,100.06311798095703,100.37538146972656,99.96857452392578
M10_YHUR_SLUR,10,HUR,LUR,2025-03-13,2025-03-13,1,Yd,1487.815673828125,1499.691650390625,1496.777587890625,1515.233642578125,1503.05810546875
M10_YHUR_SLUR,10,HUR,LUR,2025-03-13,2025-03-13,1,TSE,1499.1507568359375,1499.3328857421875,1501.1614990234375,1504.8380126953125,1499.993896484375
M10_YHUR_SLUR,10,HUR,LUR,2025-03-13,2025-03-13,1,TSEC,100.49478912353516,100.05327606201172,100.01747131347656,99.6675033569336,100.00071716308594
M10_YHUR_SLUR,10,HUR,LUR,2025-03-13,2025-03-14,2,Yd,1835.9940185546875,1499.691650390625,1499.37939453125,1542.427978515625,1504.8282470703125
M10_YHUR_SLUR,10,HUR,LUR,2025-03-13,2025-03-14,2,TSE,1484.6959228515625,1499.3328857421875,1501.37109375,1500.334716796875,1500.4833984375
M10_YHUR_SLUR,10,HUR,LUR,2025-03-13,2025-03-14,2,TSEC,100.0883560180664,100.05327606201172,100.03736114501953,99.75534057617188,99.95819854736328
M10_YHUR_SLUR,10,HUR,LUR,2025-03-13,2025-03-15,3,Yd,1567.2598876953125,1499.691650390625,1494.84619140625,1545.7938232421875,1505.974853515625
M10_YHUR_SLUR,10,HUR,LUR,2025-03-13,2025-03-15,3,TSE,1497.3985595703125,1499.3328857421875,1495.1522216796875,1501.188720703125,1501.0771484375
M10_YHUR_SLUR,10,HUR,LUR,2025-03-13,2025-03-15,3,TSEC,101.21282958984375,100.05327606201172,99.98198699951172,99.75311279296875,99.92711639404297
M10_YHUR_SLUR,10,HUR,LUR,2025-03-14,2025-03-14,1,Yd,1835.9940185546875,1499.6768798828125,1499.8095703125,1440.47216796875,1501.88330078125
M10_YHUR_SLUR,10,HUR,LUR,2025-03-14,2025-03-14,1,TSE,1484.6959228515625,1499.332763671875,1501.1898193359375,1494.4061279296875,1500.167236328125
M10_YHUR_SLUR,10,HUR,LUR,2025-03-14,2025-03-14,1,TSEC,100.0883560180664,100.05382537841797,100.00430297851562,99.96380615234375,99.979248046875
M10_YHUR_SLUR,10,HUR,LUR,2025-03-14,2025-03-15,2,Yd,1567.2598876953125,1499.6768798828125,1496.132080078125,1505.245849609375,1502.5980224609375
M10_YHUR_SLUR,10,HUR,LUR,2025-03-14,2025-03-15,2,TSE,1497.3985595703125,1499.332763671875,1495.3853759765625,1489.742919921875,1500.91796875
M10_YHUR_SLUR,10,HUR,LUR,2025-03-14,2025-03-15,2,TSEC,101.21282958984375,100.05382537841797,99.95166778564453,99.70882415771484,99.93826293945312
M10_YHUR_SLUR,10,HUR,LUR,2025-03-14,2025-03-16,3,Yd,1481.531982421875,1499.6768798828125,1500.18994140625,1494.67822265625,1503.585205078125
M10_YHUR_SLUR,10,HUR,LUR,2025-03-14,2025-03-16,3,TSE,1485.484130859375,1499.332763671875,1498.7208251953125,1493.8856201171875,1501.754638671875
M10_YHUR_SLUR,10,HUR,LUR,2025-03-14,2025-03-16,3,TSEC,101.3730239868164,100.05382537841797,99.99110412597656,99.70061492919922,99.92534637451172
M10_YHUR_SLUR,10,HUR,LUR,2025-03-15,2025-03-15,1,Yd,1567.2598876953125,1500.0950927734375,1506.782470703125,1512.0845947265625,1503.5849609375
M10_YHUR_SLUR,10,HUR,LUR,2025-03-15,2025-03-15,1,TSE,1497.3985595703125,1499.314697265625,1496.658935546875,1498.8011474609375,1500.3729248046875
M10_YHUR_SLUR,10,HUR,LUR,2025-03-15,2025-03-15,1,TSEC,101.21282958984375,100.05387115478516,100.20440673828125,99.81005096435547,99.98004913330078
M10_YHUR_SLUR,10,HUR,LUR,2025-03-15,2025-03-16,2,Yd,1481.531982421875,1500.0950927734375,1495.2000732421875,1577.9666748046875,1505.7296142578125
M10_YHUR_SLUR,10,HUR,LUR,2025-03-15,2025-03-16,2,TSE,1485.484130859375,1499.314697265625,1497.3692626953125,1500.4356689453125,1501.24560546875
M10_YHUR_SLUR,10,HUR,LUR,2025-03-15,2025-03-16,2,TSEC,101.3730239868164,100.05387115478516,100.10291290283203,99.87730407714844,99.95565795898438
M10_YHUR_SLUR,10,HUR,LUR,2025-03-15,2025-03-17,3,Yd,1510.913330078125,1500.0950927734375,1495.6199951171875,1536.65185546875,1507.447509765625
M10_YHUR_SLUR,10,HUR,LUR,2025-03-15,2025-03-17,3,TSE,1510.196533203125,1499.314697265625,1496.7779541015625,1495.3619384765625,1501.8067626953125
M10_YHUR_SLUR,10,HUR,LUR,2025-03-15,2025-03-17,3,TSEC,100.40521240234375,100.05387115478516,100.20579528808594,99.48499298095703,99.94990539550781
M10_YHUR_SLUR,10,HUR,LUR,2025-03-16,2025-03-16,1,Yd,1481.531982421875,1500.1785888671875,1490.2965087890625,1451.579833984375,1504.1669921875
M10_YHUR_SLUR,10,HUR,LUR,2025-03-16,2025-03-16,1,TSE,1485.484130859375,1499.312255859375,1497.54150390625,1496.858642578125,1500.5985107421875
M10_YHUR_SLUR,10,HUR,LUR,2025-03-16,2025-03-16,1,TSEC,101.3730239868164,100.05530548095703,100.04814147949219,100.05363464355469,99.98898315429688
M10_YHUR_SLUR,10,HUR,LUR,2025-03-16,2025-03-17,2,Yd,1510.913330078125,1500.1785888671875,1498.8419189453125,1463.185302734375,1506.4537353515625
M10_YHUR_SLUR,10,HUR,LUR,2025-03-16,2025-03-17,2,TSE,1510.196533203125,1499.312255859375,1496.8497314453125,1497.4228515625,1501.1126708984375
M10_YHUR_SLUR,10,HUR,LUR,2025-03-16,2025-03-17,2,TSEC,100.40521240234375,100.05530548095703,100.0616455078125,99.98418426513672,99.95946502685547
M10_YHUR_SLUR,10,HUR,LUR,2025-03-16,2025-03-18,3,Yd,1348.570556640625,1500.1785888671875,1493.797119140625,1448.4998779296875,1507.5418701171875
M10_YHUR_SLUR,10,HUR,LUR,2025-03-16,2025-03-18,3,TSE,1493.002197265625,1499.312255859375,1498.1455078125,1494.4307861328125,1501.1517333984375
M10_YHUR_SLUR,10,HUR,LUR,2025-03-16,2025-03-18,3,TSEC,101.09892272949219,100.05530548095703,100.04955291748047,99.68871307373047,99.947021484375
M10_YHUR_SLUR,10,HUR,LUR,2025-03-17,2025-03-17,1,Yd,1510.913330078125,1500.1553955078125,1494.4207763671875,1499.070068359375,1504.379150390625
M10_YHUR_SLUR,10,HUR,LUR,2025-03-17,2025-03-17,1,TSE,1510.196533203125,1499.294921875,1496.3865966796875,1500.0347900390625,1500.3741455078125
M10_YHUR_SLUR,10,HUR,LUR,2025-03-17,2025-03-17,1,TSEC,100.40521240234375,100.05693817138672,100.0711669921875,100.11994171142578,99.99021911621094
M10_YHUR_SLUR,10,HUR,LUR,2025-03-17,2025-03-18,2,Yd,1348.570556640625,1500.1553955078125,1496.07470703125,1482.6090087890625,1505.338134765625
M10_YHUR_SLUR,10,HUR,LUR,2025-03-17,2025-03-18,2,TSE,1493.002197265625,1499.294921875,1497.412841796875,1503.0875244140625,1500.5574951171875
M10_YHUR_SLUR,10,HUR,LUR,2025-03-17,2025-03-18,2,TSEC,101.09892272949219,100.05693817138672,100.09061431884766,100.31498718261719,99.97322845458984
M10_YHUR_SLUR,10,HUR,LUR,2025-03-17,2025-03-19,3,Yd,1433.169677734375,1500.1553955078125,1499.6710205078125,1468.45166015625,1507.797607421875
M10_YHUR_SLUR,10,HUR,LUR,2025-03-17,2025-03-19,3,TSE,1500.2606201171875,1499.294921875,1495.81201171875,1498.5128173828125,1500.717529296875
M10_YHUR_SLUR,10,HUR,LUR,2025-03-17,2025-03-19,3,TSEC,100.00811004638672,100.05693817138672,100.0381851196289,100.20086669921875,99.9746322631836
M10_YHUR_SLUR,10,HUR,LUR,2025-03-18,2025-03-18,1,Yd,1348.570556640625,1500.1688232421875,1496.197021484375,1511.23193359375,1502.6927490234375
M10_YHUR_SLUR,10,HUR,LUR,2025-03-18,2025-03-18,1,TSE,1493.002197265625,1499.30859375,1499.129638671875,1498.7825927734375,1500.0867919921875
M10_YHUR_SLUR,10,HUR,LUR,2025-03-18,2025-03-18,1,TSEC,101.09892272949219,100.05736541748047,100.00541687011719,99.90070343017578,100.0119400024414
M10_YHUR_SLUR,10,HUR,LUR,2025-03-18,2025-03-19,2,Yd,1433.169677734375,1500.1688232421875,1500.7376708984375,1488.0174560546875,1505.2716064453125
M10_YHUR_SLUR,10,HUR,LUR,2025-03-18,2025-03-19,2,TSE,1500.2606201171875,1499.30859375,1495.13720703125,1499.322509765625,1500.4637451171875
M10_YHUR_SLUR,10,HUR,LUR,2025-03-18,2025-03-19,2,TSEC,100.00811004638672,100.05736541748047,100.17340087890625,100.35454559326172,100.0080337524414
M10_YHUR_SLUR,10,HUR,LUR,2025-03-18,2025-03-20,3,Yd,1412.7449951171875,1500.1688232421875,1497.90478515625,1523.8123779296875,1510.1402587890625
M10_YHUR_SLUR,10,HUR,LUR,2025-03-18,2025-03-20,3,TSE,1512.304443359375,1499.30859375,1499.5611572265625,1498.36376953125,1500.76220703125
M10_YHUR_SLUR,10,HUR,LUR,2025-03-18,2025-03-20,3,TSEC,99.86602783203125,100.05736541748047,100.09915161132812,100.22987365722656,99.99098205566406
M10_YHUR_SLUR,10,HUR,LUR,2025-03-19,2025-03-19,1,Yd,1433.169677734375,1499.9810791015625,1490.0572509765625,1493.9110107421875,1502.2196044921875
M10_YHUR_SLUR,10,HUR,LUR,2025-03-19,2025-03-19,1,TSE,1500.2606201171875,1499.30078125,1496.8389892578125,1501.727783203125,1500.0723876953125
M10_YHUR_SLUR,10,HUR,LUR,2025-03-19,2025-03-19,1,TSEC,100.00811004638672,100.05866241455078,100.06491088867188,99.93344116210938,100.01344299316406
M10_YHUR_SLUR,10,HUR,LUR,2025-03-19,2025-03-20,2,Yd,1412.7449951171875,1499.9810791015625,1501.35107421875,1467.3624267578125,1505.7640380859375
M10_YHUR_SLUR,10,HUR,LUR,2025-03-19,2025-03-20,2,TSE,1512.304443359375,1499.30078125,1497.7471923828125,1503.705078125,1500.4986572265625
M10_YHUR_SLUR,10,HUR,LUR,2025-03-19,2025-03-20,2,TSEC,99.86602783203125,100.05866241455078,100.1209945678711,100.27539825439453,99.98689270019531
M10_YHUR_SLUR,10,HUR,LUR,2025-03-19,2025-03-21,3,Yd,1350.0787353515625,1499.9810791015625,1505.2559814453125,1469.1236572265625,1508.037109375
M10_YHUR_SLUR,10,HUR,LUR,2025-03-19,2025-03-21,3,TSE,1495.634033203125,1499.30078125,1498.283935546875,1502.3284912109375,1501.0052490234375
M10_YHUR_SLUR,10,HUR,LUR,2025-03-19,2025-03-21,3,TSEC,99.38027954101562,100.05866241455078,100.06776428222656,100.29397583007812,99.94706726074219
M10_YHUR_SLUR,10,HUR,LUR,2025-03-20,2025-03-20,1,Yd,1412.7449951171875,1499.898681640625,1498.113525390625,1520.6251220703125,1502.538818359375
M10_YHUR_SLUR,10,HUR,LUR,2025-03-20,2025-03-20,1,TSE,1512.304443359375,1499.3018798828125,1497.7451171875,1496.6148681640625,1500.11474609375
M10_YHUR_SLUR,10,HUR,LUR,2025-03-20,2025-03-20,1,TSEC,99.86602783203125,100.05860137939453,100.09832000732422,99.83305358886719,99.99626159667969
M10_YHUR_SLUR,10,HUR,LUR,2025-03-20,2025-03-21,2,Yd,1350.0787353515625,1499.898681640625,1505.30810546875,1561.8765869140625,1504.1334228515625
M10_YHUR_SLUR,10,HUR,LUR,2025-03-20,2025-03-21,2,TSE,1495.634033203125,1499.3018798828125,1498.4166259765625,1499.7679443359375,1500.652587890625
M10_YHUR_SLUR,10,HUR,LUR,2025-03-20,2025-03-21,2,TSEC,99.38027954101562,100.05860137939453,100.05431365966797,99.76953125,99.95388793945312
M10_YHUR_SLUR,10,HUR,LUR,2025-03-20,2025-03-22,3,Yd,1590.5567626953125,1499.898681640625,1500.14892578125,1591.816162109375,1505.3231201171875
M10_YHUR_SLUR,10,HUR,LUR,2025-03-20,2025-03-22,3,TSE,1515.705322265625,1499.3018798828125,1496.4046630859375,1499.792724609375,1501.3226318359375
M10_YHUR_SLUR,10,HUR,LUR,2025-03-20,2025-03-22,3,TSEC,98.9781494140625,100.05860137939453,100.10575103759766,99.82971954345703,99.9221420288086
M10_YHUR_SLUR,10,HUR,LUR,2025-03-21,2025-03-21,1,Yd,1350.0787353515625,1499.791015625,1487.05322265625,1454.958984375,1502.1826171875
M10_YHUR_SLUR,10,HUR,LUR,2025-03-21,2025-03-21,1,TSE,1495.634033203125,1499.31787109375,1499.046630859375,1499.02392578125,1500.2120361328125
M10_YHUR_SLUR,10,HUR,LUR,2025-03-21,2025-03-21,1,TSEC,99.38027954101562,100.05836486816406,100.04859161376953,100.02711486816406,99.97621154785156
M10_YHUR_SLUR,10,HUR,LUR,2025-03-21,2025-03-22,2,Yd,1590.5567626953125,1499.791015625,1495.7255859375,1453.9110107421875,1503.18408203125
M10_YHUR_SLUR,10,HUR,LUR,2025-03-21,2025-03-22,2,TSE,1515.705322265625,1499.31787109375,1496.9967041015625,1493.563720703125,1500.995849609375
M10_YHUR_SLUR,10,HUR,LUR,2025-03-21,2025-03-22,2,TSEC,98.9781494140625,100.05836486816406,100.09261322021484,99.9924545288086,99.93193817138672
M10_YHUR_SLUR,10,HUR,LUR,2025-03-21,2025-03-23,3,Yd,1511.2042236328125,1499.791015625,1482.291015625,1492.9144287109375,1504.413818359375
M10_YHUR_SLUR,10,HUR,LUR,2025-03-21,2025-03-23,3,TSE,1509.1756591796875,1499.31787109375,1498.3070068359375,1494.5203857421875,1501.8677978515625
M10_YHUR_SLUR,10,HUR,LUR,2025-03-21,2025-03-23,3,TSEC,100.4848403930664,100.05836486816406,100.04656982421875,99.8183822631836,99.91761016845703
M10_YHUR_SLUR,10,HUR,LUR,2025-03-22,2025-03-22,1,Yd,1590.5567626953125,1499.6063232421875,1497.414794921875,1457.06689453125,1503.3629150390625
M10_YHUR_SLUR,10,HUR,LUR,2025-03-22,2025-03-22,1,TSE,1515.705322265625,1499.3134765625,1501.03955078125,1497.197265625,1500.5234375
M10_YHUR_SLUR,10,HUR,LUR,2025-03-22,2025-03-22,1,TSEC,98.9781494140625,100.05752563476562,100.11968231201172,99.93101501464844,99.97210693359375
M10_YHUR_SLUR,10,HUR,LUR,2025-03-22,2025-03-23,2,Yd,1511.2042236328125,1499.6063232421875,1495.9395751953125,1434.8580322265625,1505.1392822265625
M10_YHUR_SLUR,10,HUR,LUR,2025-03-22,2025-03-23,2,TSE,1509.1756591796875,1499.3134765625,1498.1484375,1496.84619140625,1501.5150146484375
M10_YHUR_SLUR,10,HUR,LUR,2025-03-22,2025-03-23,2,TSEC,100.4848403930664,100.05752563476562,100.0083236694336,100.07410430908203,99.94156646728516
M10_YHUR_SLUR,10,HUR,LUR,2025-03-22,2025-03-24,3,Yd,1536.2066650390625,1499.6063232421875,1497.57373046875,1460.8497314453125,1505.3426513671875
M10_YHUR_SLUR,10,HUR,LUR,2025-03-22,2025-03-24,3,TSE,1528.7982177734375,1499.3134765625,1500.2620849609375,1495.134521484375,1502.0972900390625
M10_YHUR_SLUR,10,HUR,LUR,2025-03-22,2025-03-24,3,TSEC,99.30918884277344,100.05752563476562,100.07596588134766,99.85993194580078,99.92559814453125
M10_YHUR_SLUR,10,HUR,LUR,2025-03-23,2025-03-23,1,Yd,1511.2042236328125,1499.71826171875,1505.32958984375,1466.239013671875,1504.6317138671875
M10_YHUR_SLUR,10,HUR,LUR,2025-03-23,2025-03-23,1,TSE,1509.1756591796875,1499.333740234375,1497.81396484375,1491.074462890625,1500.645263671875
M10_YHUR_SLUR,10,HUR,LUR,2025-03-23,2025-03-23,1,TSEC,100.4848403930664,100.05619812011719,100.13700866699219,99.7718276977539,99.98738861083984
M10_YHUR_SLUR,10,HUR,LUR,2025-03-23,2025-03-24,2,Yd,1536.2066650390625,1499.71826171875,1491.82958984375,1409.594970703125,1505.7843017578125
M10_YHUR_SLUR,10,HUR,LUR,2025-03-23,2025-03-24,2,TSE,1528.7982177734375,1499.333740234375,1500.5989990234375,1493.686767578125,1501.3101806640625
M10_YHUR_SLUR,10,HUR,LUR,2025-03-23,2025-03-24,2,TSEC,99.30918884277344,100.05619812011719,100.0805435180664,100.0670166015625,99.95916748046875
M10_YHUR_SLUR,10,HUR,LUR,2025-03-23,2025-03-25,3,Yd,1621.4691162109375,1499.71826171875,1496.6329345703125,1437.383056640625,1507.8719482421875
M10_YHUR_SLUR,10,HUR,LUR,2025-03-23,2025-03-25,3,TSE,1485.07568359375,1499.333740234375,1498.013671875,1492.2313232421875,1501.4176025390625
M10_YHUR_SLUR,10,HUR,LUR,2025-03-23,2025-03-25,3,TSEC,98.78296661376953,100.05619812011719,100.11009216308594,99.87329864501953,99.94086456298828
M10_YHUR_SLUR,10,HUR,LUR,2025-03-24,2025-03-24,1,Yd,1536.2066650390625,1499.732421875,1492.8331298828125,1399.64990234375,1502.857666015625
M10_YHUR_SLUR,10,HUR,LUR,2025-03-24,2025-03-24,1,TSE,1528.7982177734375,1499.3458251953125,1500.345458984375,1493.816162109375,1500.463623046875
M10_YHUR_SLUR,10,HUR,LUR,2025-03-24,2025-03-24,1,TSEC,99.30918884277344,100.05672454833984,100.03730773925781,99.99201202392578,99.99429321289062
M10_YHUR_SLUR,10,HUR,LUR,2025-03-24,2025-03-25,2,Yd,1621.4691162109375,1499.732421875,1497.2099609375,1428.0042724609375,1504.11279296875
M10_YHUR_SLUR,10,HUR,LUR,2025-03-24,2025-03-25,2,TSE,1485.07568359375,1499.3458251953125,1498.2734375,1499.2747802734375,1500.8299560546875
M10_YHUR_SLUR,10,HUR,LUR,2025-03-24,2025-03-25,2,TSEC,98.78296661376953,100.05672454833984,100.06241607666016,99.89462280273438,99.97557830810547
M10_YHUR_SLUR,10,HUR,LUR,2025-03-24,2025-03-26,3,Yd,1660.528564453125,1499.732421875,1493.884765625,1478.143310546875,1508.228759765625
M10_YHUR_SLUR,10,HUR,LUR,2025-03-24,2025-03-26,3,TSE,1518.3370361328125,1499.3458251953125,1499.7259521484375,1500.38134765625,1501.02392578125
M10_YHUR_SLUR,10,HUR,LUR,2025-03-24,2025-03-26,3,TSEC,100.51901245117188,100.05672454833984,99.99500274658203,99.74662780761719,99.97024536132812
M10_YHUR_SLUR,10,HUR,LUR,2025-03-25,2025-03-25,1,Yd,1621.4691162109375,1499.77734375,1498.947021484375,1470.7467041015625,1502.0826416015625
M10_YHUR_SLUR,10,HUR,LUR,2025-03-25,2025-03-25,1,TSE,1485.07568359375,1499.3819580078125,1500.241943359375,1495.138427734375,1500.20751953125
M10_YHUR_SLUR,10,HUR,LUR,2025-03-25,2025-03-25,1,TSEC,98.78296661376953,100.05580139160156,100.04161071777344,99.8080062866211,100.0130386352539
M10_YHUR_SLUR,10,HUR,LUR,2025-03-25,2025-03-26,2,Yd,1660.528564453125,1499.77734375,1492.0279541015625,1503.772216796875,1505.90966796875
M10_YHUR_SLUR,10,HUR,LUR,2025-03-25,2025-03-26,2,TSE,1518.3370361328125,1499.3819580078125,1499.9227294921875,1499.9102783203125,1500.4783935546875
M10_YHUR_SLUR,10,HUR,LUR,2025-03-25,2025-03-26,2,TSEC,100.51901245117188,100.05580139160156,99.78024291992188,100.18749237060547,100.00435638427734
M10_YHUR_SLUR,10,HUR,LUR,2025-03-25,2025-03-27,3,Yd,1556.94140625,1499.77734375,1496.89453125,1531.009521484375,1512.3013916015625
M10_YHUR_SLUR,10,HUR,LUR,2025-03-25,2025-03-27,3,TSE,1481.21630859375,1499.3819580078125,1500.433349609375,1495.9300537109375,1500.711181640625
M10_YHUR_SLUR,10,HUR,LUR,2025-03-25,2025-03-27,3,TSEC,98.81103515625,100.05580139160156,100.08827209472656,99.9738998413086,99.98212432861328
M10_YHUR_SLUR,10,HUR,LUR,2025-03-26,2025-03-26,1,Yd,1660.528564453125,1499.9266357421875,1499.703857421875,1472.5299072265625,1505.314697265625
M10_YHUR_SLUR,10,HUR,LUR,2025-03-26,2025-03-26,1,TSE,1518.3370361328125,1499.3643798828125,1500.693115234375,1500.900634765625,1499.99560546875
M10_YHUR_SLUR,10,HUR,LUR,2025-03-26,2025-03-26,1,TSEC,100.51901245117188,100.05424499511719,100.1151351928711,100.27100372314453,100.0260009765625
M10_YHUR_SLUR,10,HUR,LUR,2025-03-26,2025-03-27,2,Yd,1556.94140625,1499.9266357421875,1493.474609375,1468.33251953125,1509.2275390625
M10_YHUR_SLUR,10,HUR,LUR,2025-03-26,2025-03-27,2,TSE,1481.21630859375,1499.3643798828125,1497.488525390625,1493.8399658203125,1500.232177734375
M10_YHUR_SLUR,10,HUR,LUR,2025-03-26,2025-03-27,2,TSEC,98.81103515625,100.05424499511719,100.07743072509766,100.14196014404297,100.00721740722656
M10_YHUR_SLUR,10,HUR,LUR,2025-03-26,2025-03-28,3,Yd,1467.435791015625,1499.9266357421875,1494.3338623046875,1551.07373046875,1511.1910400390625
M10_YHUR_SLUR,10,HUR,LUR,2025-03-26,2025-03-28,3,TSE,1482.320068359375,1499.3643798828125,1498.2496337890625,1496.1671142578125,1500.5169677734375
M10_YHUR_SLUR,10,HUR,LUR,2025-03-26,2025-03-28,3,TSEC,99.61140441894531,100.05424499511719,100.0667953491211,99.97716522216797,99.97144317626953
M10_YHUR_SLUR,10,HUR,LUR,2025-03-27,2025-03-27,1,Yd,1556.94140625,1500.1234130859375,1518.8446044921875,1509.1236572265625,1503.64697265625
M10_YHUR_SLUR,10,HUR,LUR,2025-03-27,2025-03-27,1,TSE,1481.21630859375,1499.3875732421875,1499.6676025390625,1492.782958984375,1499.9315185546875
M10_YHUR_SLUR,10,HUR,LUR,2025-03-27,2025-03-27,1,TSEC,98.81103515625,100.0548095703125,100.03143310546875,99.88327026367188,100.00138092041016
M10_YHUR_SLUR,10,HUR,LUR,2025-03-27,2025-03-28,2,Yd,1467.435791015625,1500.1234130859375,1487.0013427734375,1559.33544921875,1505.696044921875
M10_YHUR_SLUR,10,HUR,LUR,2025-03-27,2025-03-28,2,TSE,1482.320068359375,1499.3875732421875,1500.9600830078125,1492.8292236328125,1500.258544921875
M10_YHUR_SLUR,10,HUR,LUR,2025-03-27,2025-03-28,2,TSEC,99.61140441894531,100.0548095703125,100.0648422241211,99.83607482910156,99.96497344970703
M10_YHUR_SLUR,10,HUR,LUR,2025-03-27,2025-03-29,3,Yd,1095.1455078125,1500.1234130859375,1496.2449951171875,1579.979736328125,1506.0841064453125
M10_YHUR_SLUR,10,HUR,LUR,2025-03-27,2025-03-29,3,TSE,1525.4581298828125,1499.3875732421875,1499.864990234375,1490.7342529296875,1500.64697265625
M10_YHUR_SLUR,10,HUR,LUR,2025-03-27,2025-03-29,3,TSEC,98.77919006347656,100.0548095703125,100.03540802001953,99.6750717163086,99.93350219726562
M10_YHUR_SLUR,10,HUR,LUR,2025-03-28,2025-03-28,1,Yd,1467.435791015625,1500.19287109375,1493.0928955078125,1462.1346435546875,1503.92236328125
M10_YHUR_SLUR,10,HUR,LUR,2025-03-28,2025-03-28,1,TSE,1482.320068359375,1499.3653564453125,1500.3245849609375,1499.3955078125,1500.0772705078125
M10_YHUR_SLUR,10,HUR,LUR,2025-03-28,2025-03-28,1,TSEC,99.61140441894531,100.05329132080078,100.0775375366211,100.40805053710938,99.98506927490234
M10_YHUR_SLUR,10,HUR,LUR,2025-03-28,2025-03-29,2,Yd,1095.1455078125,1500.19287109375,1500.7159423828125,1481.845458984375,1505.3992919921875
M10_YHUR_SLUR,10,HUR,LUR,2025-03-28,2025-03-29,2,TSE,1525.4581298828125,1499.3653564453125,1499.154052734375,1499.2869873046875,1500.6710205078125
M10_YHUR_SLUR,10,HUR,LUR,2025-03-28,2025-03-29,2,TSEC,98.77919006347656,100.05329132080078,99.97074127197266,100.59123992919922,99.94671630859375
M10_YHUR_SLUR,10,HUR,LUR,2025-03-28,2025-03-30,3,Yd,1487.1473388671875,1500.19287109375,1498.4300537109375,1497.662109375,1506.897216796875
M10_YHUR_SLUR,10,HUR,LUR,2025-03-28,2025-03-30,3,TSE,1513.3580322265625,1499.3653564453125,1499.806396484375,1501.86767578125,1501.3961181640625
M10_YHUR_SLUR,10,HUR,LUR,2025-03-28,2025-03-30,3,TSEC,97.57987976074219,100.05329132080078,100.05829620361328,100.3246078491211,99.93545532226562
M10_YHUR_SLUR,10,HUR,LUR,2025-03-29,2025-03-29,1,Yd,1095.1455078125,1500.15283203125,1508.78759765625,1562.581787109375,1504.8359375
M10_YHUR_SLUR,10,HUR,LUR,2025-03-29,2025-03-29,1,TSE,1525.4581298828125,1499.3446044921875,1499.60498046875,1493.5631103515625,1500.419677734375
M10_YHUR_SLUR,10,HUR,LUR,2025-03-29,2025-03-29,1,TSEC,98.77919006347656,100.05274963378906,100.07581329345703,99.87702941894531,99.980224609375
M10_YHUR_SLUR,10,HUR,LUR,2025-03-29,2025-03-30,2,Yd,1487.1473388671875,1500.15283203125,1528.816162109375,1539.945556640625,1507.8336181640625
M10_YHUR_SLUR,10,HUR,LUR,2025-03-29,2025-03-30,2,TSE,1513.3580322265625,1499.3446044921875,1498.6527099609375,1500.5703125,1501.32861328125
M10_YHUR_SLUR,10,HUR,LUR,2025-03-29,2025-03-30,2,TSEC,97.57987976074219,100.05274963378906,100.16337585449219,100.01048278808594,99.95561218261719
M10_YHUR_SLUR,10,HUR,LUR,2025-03-29,2025-03-31,3,Yd,1780.7156982421875,1500.15283203125,1526.7135009765625,1563.6448974609375,1510.2894287109375
M10_YHUR_SLUR,10,HUR,LUR,2025-03-29,2025-03-31,3,TSE,1526.629638671875,1499.3446044921875,1499.77197265625,1500.281005859375,1502.044921875
M10_YHUR_SLUR,10,HUR,LUR,2025-03-29,2025-03-31,3,TSEC,100.03062438964844,100.05274963378906,100.08968353271484,99.67605590820312,99.95645141601562
M10_YHUR_SLUR,10,HUR,LUR,2025-03-30,2025-03-30,1,Yd,1487.1473388671875,1499.658447265625,1477.5262451171875,1475.0306396484375,1505.277587890625
M10_YHUR_SLUR,10,HUR,LUR,2025-03-30,2025-03-30,1,TSE,1513.3580322265625,1499.3763427734375,1499.06396484375,1499.2467041015625,1500.6580810546875
M10_YHUR_SLUR,10,HUR,LUR,2025-03-30,2025-03-30,1,TSEC,97.57987976074219,100.05119323730469,100.07909393310547,99.57083892822266,99.98310089111328
M10_YHUR_SLUR,10,HUR,LUR,2025-03-30,2025-03-31,2,Yd,1780.7156982421875,1499.658447265625,1508.1920166015625,1451.8179931640625,1506.4410400390625
M10_YHUR_SLUR,10,HUR,LUR,2025-03-30,2025-03-31,2,TSE,1526.629638671875,1499.3763427734375,1496.9080810546875,1502.7943115234375,1501.350830078125
M10_YHUR_SLUR,10,HUR,LUR,2025-03-30,2025-03-31,2,TSEC,100.03062438964844,100.05119323730469,99.97516632080078,99.98234558105469,99.95341491699219
M10_YHUR_SLUR,10,HUR,LUR,2025-03-30,2025-04-01,3,Yd,1543.005859375,1499.658447265625,1492.19189453125,1474.9073486328125,1507.171875
M10_YHUR_SLUR,10,HUR,LUR,2025-03-30,2025-04-01,3,TSE,1488.3759765625,1499.3763427734375,1501.3133544921875,1502.02294921875,1501.53173828125
M10_YHUR_SLUR,10,HUR,LUR,2025-03-30,2025-04-01,3,TSEC,99.8369369506836,100.05119323730469,100.0642318725586,100.03620147705078,99.94276428222656
