case_id,M,yd_level,solar_level,origin_date,target_date,step,variable,true,MEAN,ARIMA,RNN,LSTM
M5_YLUR_SHUR,5,LUR,HUR,2024-12-31,2024-12-31,1,Yd,734.6688232421875,750.0596923828125,747.98486328125,749.105712890625,750.586669921875
M5_YLUR_SHUR,5,LUR,HUR,2024-12-31,2024-12-31,1,TSE,790.0979614257812,749.2823486328125,721.6499633789062,751.876953125,751.1986083984375
M5_YLUR_SHUR,5,LUR,HUR,2024-12-31,2024-12-31,1,TSEC,42.68989944458008,49.93695068359375,50.26839065551758,49.34663391113281,49.83024215698242
M5_YLUR_SHUR,5,LUR,HUR,2024-12-31,2025-01-01,2,Yd,763.4295654296875,750.0596923828125,747.7684326171875,751.0714721679688,750.8525390625
M5_YLUR_SHUR,5,LUR,HUR,2024-12-31,2025-01-01,2,TSE,921.3681640625,749.2823486328125,737.6709594726562,775.1544189453125,752.2803955078125
M5_YLUR_SHUR,5,LUR,HUR,2024-12-31,2025-01-01,2,TSEC,50.34098434448242,49.93695068359375,50.287689208984375,49.271732330322266,49.70880889892578
M5_YLUR_SHUR,5,LUR,HUR,2024-12-31,2025-01-02,3,Yd,759.6215209960938,750.0596923828125,748.1705932617188,751.3938598632812,750.811279296875
M5_YLUR_SHUR,5,LUR,HUR,2024-12-31,2025-01-02,3,TSE,791.5899047851562,749.2823486328125,737.6204223632812,766.763916015625,755.681640625
M5_YLUR_SHUR,5,LUR,HUR,2024-12-31,2025-01-02,3,TSEC,49.215145111083984,49.93695068359375,50.251583099365234,49.44198226928711,49.559940338134766
M5_YLUR_SHUR,5,LUR,HUR,2025-01-01,2025-01-01,1,Yd,763.4295654296875,750.0386352539062,746.6460571289062,748.9752197265625,750.490966796875
M5_YLUR_SHUR,5,LUR,HUR,2025-01-01,2025-01-01,1,TSE,921.3681640625,749.3382568359375,747.8240966796875,765.821533203125,751.580322265625
M5_YLUR_SHUR,5,LUR,HUR,2025-01-01,2025-01-01,1,TSEC,50.34098434448242,49.92703628540039,50.40727233886719,48.81500244140625,49.91041564941406
M5_YLUR_SHUR,5,LUR,HUR,2025-01-01,2025-01-02,2,Yd,759.6215209960938,750.0386352539062,746.9462280273438,750.1539916992188,750.6024780273438
M5_YLUR_SHUR,5,LUR,HUR,2025-01-01,2025-01-02,2,TSE,791.5899047851562,749.3382568359375,737.0612182617188,748.1690673828125,755.512451171875
M5_YLUR_SHUR,5,LUR,HUR,2025-01-01,2025-01-02,2,TSEC,49.215145111083984,49.92703628540039,50.47199249267578,48.714603424072266,49.84296417236328
M5_YLUR_SHUR,5,LUR,HUR,2025-01-01,2025-01-03,3,Yd,750.802001953125,750.0386352539062,748.0078125,748.9335327148438,750.619873046875
M5_YLUR_SHUR,5,LUR,HUR,2025-01-01,2025-01-03,3,TSE,757.2638549804688,749.3382568359375,726.87451171875,756.8718872070312,760.1141357421875
M5_YLUR_SHUR,5,LUR,HUR,2025-01-01,2025-01-03,3,TSEC,48.0781364440918,49.92703628540039,50.43826675415039,49.44471740722656,49.7746696472168
M5_YLUR_SHUR,5,LUR,HUR,2025-01-02,2025-01-02,1,Yd,759.6215209960938,750.0569458007812,749.4269409179688,750.0603637695312,750.2260131835938
M5_YLUR_SHUR,5,LUR,HUR,2025-01-02,2025-01-02,1,TSE,791.5899047851562,749.5732421875,757.25390625,758.8862915039062,753.6487426757812
M5_YLUR_SHUR,5,LUR,HUR,2025-01-02,2025-01-02,1,TSEC,49.215145111083984,49.9276008605957,50.43440628051758,50.85251998901367,49.90897750854492
M5_YLUR_SHUR,5,LUR,HUR,2025-01-02,2025-01-03,2,Yd,750.802001953125,750.0569458007812,749.0618286132812,751.8342895507812,750.3401489257812
M5_YLUR_SHUR,5,LUR,HUR,2025-01-02,2025-01-03,2,TSE,757.2638549804688,749.5732421875,722.3853149414062,744.2658081054688,759.2424926757812
M5_YLUR_SHUR,5,LUR,HUR,2025-01-02,2025-01-03,2,TSEC,48.0781364440918,49.9276008605957,50.62264633178711,49.19173049926758,49.870384216308594
M5_YLUR_SHUR,5,LUR,HUR,2025-01-02,2025-01-04,3,Yd,747.63037109375,750.0569458007812,749.6293334960938,751.5770874023438,750.441162109375
M5_YLUR_SHUR,5,LUR,HUR,2025-01-02,2025-01-04,3,TSE,674.2871704101562,749.5732421875,743.9291381835938,744.34228515625,764.869873046875
M5_YLUR_SHUR,5,LUR,HUR,2025-01-02,2025-01-04,3,TSEC,46.765052795410156,49.9276008605957,49.94593811035156,50.07119369506836,49.84701919555664
M5_YLUR_SHUR,5,LUR,HUR,2025-01-03,2025-01-03,1,Yd,750.802001953125,750.0700073242188,749.4758911132812,749.7064208984375,750.1514892578125
M5_YLUR_SHUR,5,LUR,HUR,2025-01-03,2025-01-03,1,TSE,757.2638549804688,749.6305541992188,743.2015380859375,740.0870361328125,755.76513671875
M5_YLUR_SHUR,5,LUR,HUR,2025-01-03,2025-01-03,1,TSEC,48.0781364440918,49.92662811279297,50.509117126464844,49.88066482543945,49.851112365722656
M5_YLUR_SHUR,5,LUR,HUR,2025-01-03,2025-01-04,2,Yd,747.63037109375,750.0700073242188,748.0072021484375,750.0873413085938,750.2593994140625
M5_YLUR_SHUR,5,LUR,HUR,2025-01-03,2025-01-04,2,TSE,674.2871704101562,749.6305541992188,739.0902099609375,757.53271484375,761.917236328125
M5_YLUR_SHUR,5,LUR,HUR,2025-01-03,2025-01-04,2,TSEC,46.765052795410156,49.92662811279297,49.821136474609375,50.686527252197266,49.8104133605957
M5_YLUR_SHUR,5,LUR,HUR,2025-01-03,2025-01-05,3,Yd,763.8056030273438,750.0700073242188,747.344482421875,750.0426025390625,750.3626098632812
M5_YLUR_SHUR,5,LUR,HUR,2025-01-03,2025-01-05,3,TSE,744.1336059570312,749.6305541992188,739.367919921875,759.9116821289062,765.4381103515625
M5_YLUR_SHUR,5,LUR,HUR,2025-01-03,2025-01-05,3,TSEC,52.92347717285156,49.92662811279297,50.388587951660156,51.3453254699707,49.86384582519531
M5_YLUR_SHUR,5,LUR,HUR,2025-01-04,2025-01-04,1,Yd,747.63037109375,750.071044921875,749.7972412109375,748.9508056640625,750.1741333007812
M5_YLUR_SHUR,5,LUR,HUR,2025-01-04,2025-01-04,1,TSE,674.2871704101562,749.6409912109375,746.3792114257812,740.2971801757812,756.604736328125
M5_YLUR_SHUR,5,LUR,HUR,2025-01-04,2025-01-04,1,TSEC,46.765052795410156,49.924110412597656,50.025733947753906,51.4324836730957,49.871212005615234
M5_YLUR_SHUR,5,LUR,HUR,2025-01-04,2025-01-05,2,Yd,763.8056030273438,750.071044921875,749.929931640625,750.1795043945312,750.3719482421875
M5_YLUR_SHUR,5,LUR,HUR,2025-01-04,2025-01-05,2,TSE,744.1336059570312,749.6409912109375,741.406982421875,758.582275390625,760.6358032226562
M5_YLUR_SHUR,5,LUR,HUR,2025-01-04,2025-01-05,2,TSEC,52.92347717285156,49.924110412597656,50.772945404052734,49.96857452392578,49.95698165893555
M5_YLUR_SHUR,5,LUR,HUR,2025-01-04,2025-01-06,3,Yd,739.8270263671875,750.071044921875,749.1680297851562,750.5418701171875,750.5365600585938
M5_YLUR_SHUR,5,LUR,HUR,2025-01-04,2025-01-06,3,TSE,762.6188354492188,749.6409912109375,752.9718627929688,764.4352416992188,760.9677734375
M5_YLUR_SHUR,5,LUR,HUR,2025-01-04,2025-01-06,3,TSEC,50.48215866088867,49.924110412597656,51.623863220214844,51.190093994140625,50.14849090576172
M5_YLUR_SHUR,5,LUR,HUR,2025-01-05,2025-01-05,1,Yd,763.8056030273438,750.0676879882812,747.9191284179688,748.4539184570312,750.3302612304688
M5_YLUR_SHUR,5,LUR,HUR,2025-01-05,2025-01-05,1,TSE,744.1336059570312,749.5384521484375,743.8936157226562,742.402099609375,754.468505859375
M5_YLUR_SHUR,5,LUR,HUR,2025-01-05,2025-01-05,1,TSEC,52.92347717285156,49.9198112487793,50.82256317138672,50.99489974975586,49.967403411865234
M5_YLUR_SHUR,5,LUR,HUR,2025-01-05,2025-01-06,2,Yd,739.8270263671875,750.0676879882812,749.8994750976562,748.6288452148438,750.6848754882812
M5_YLUR_SHUR,5,LUR,HUR,2025-01-05,2025-01-06,2,TSE,762.6188354492188,749.5384521484375,742.6406860351562,767.3868408203125,755.421142578125
M5_YLUR_SHUR,5,LUR,HUR,2025-01-05,2025-01-06,2,TSEC,50.48215866088867,49.9198112487793,51.72264099121094,49.91133117675781,50.061973571777344
M5_YLUR_SHUR,5,LUR,HUR,2025-01-05,2025-01-07,3,Yd,751.8499145507812,750.0676879882812,750.193359375,749.9800415039062,750.9434204101562
M5_YLUR_SHUR,5,LUR,HUR,2025-01-05,2025-01-07,3,TSE,944.7181396484375,749.5384521484375,740.7759399414062,764.3421630859375,754.9202270507812
M5_YLUR_SHUR,5,LUR,HUR,2025-01-05,2025-01-07,3,TSEC,54.60245132446289,49.9198112487793,49.974605560302734,49.38398742675781,50.066707611083984
M5_YLUR_SHUR,5,LUR,HUR,2025-01-06,2025-01-06,1,Yd,739.8270263671875,750.0863037109375,750.7325439453125,749.7015991210938,750.4508056640625
M5_YLUR_SHUR,5,LUR,HUR,2025-01-06,2025-01-06,1,TSE,762.6188354492188,749.5310668945312,758.2122802734375,726.0750732421875,751.5964965820312
M5_YLUR_SHUR,5,LUR,HUR,2025-01-06,2025-01-06,1,TSEC,50.48215866088867,49.923892974853516,51.2468376159668,50.17414093017578,49.90392303466797
M5_YLUR_SHUR,5,LUR,HUR,2025-01-06,2025-01-07,2,Yd,751.8499145507812,750.0863037109375,751.4993896484375,750.2080078125,750.82373046875
M5_YLUR_SHUR,5,LUR,HUR,2025-01-06,2025-01-07,2,TSE,944.7181396484375,749.5310668945312,725.7785034179688,744.118408203125,751.7489624023438
M5_YLUR_SHUR,5,LUR,HUR,2025-01-06,2025-01-07,2,TSEC,54.60245132446289,49.923892974853516,49.69129180908203,50.2405891418457,49.896202087402344
M5_YLUR_SHUR,5,LUR,HUR,2025-01-06,2025-01-08,3,Yd,759.99755859375,750.0863037109375,748.8318481445312,750.5308227539062,750.9296875
M5_YLUR_SHUR,5,LUR,HUR,2025-01-06,2025-01-08,3,TSE,824.092529296875,749.5310668945312,732.9713134765625,746.42333984375,751.6964111328125
M5_YLUR_SHUR,5,LUR,HUR,2025-01-06,2025-01-08,3,TSEC,46.26189422607422,49.923892974853516,49.758514404296875,49.40985870361328,49.82019805908203
M5_YLUR_SHUR,5,LUR,HUR,2025-01-07,2025-01-07,1,Yd,751.8499145507812,750.0724487304688,749.6511840820312,750.073974609375,750.56787109375
M5_YLUR_SHUR,5,LUR,HUR,2025-01-07,2025-01-07,1,TSE,944.7181396484375,749.548828125,725.811767578125,739.3988647460938,750.6288452148438
M5_YLUR_SHUR,5,LUR,HUR,2025-01-07,2025-01-07,1,TSEC,54.60245132446289,49.924652099609375,49.804351806640625,50.192256927490234,49.917545318603516
M5_YLUR_SHUR,5,LUR,HUR,2025-01-07,2025-01-08,2,Yd,759.99755859375,750.0724487304688,747.5220336914062,749.6136474609375,750.8115234375
M5_YLUR_SHUR,5,LUR,HUR,2025-01-07,2025-01-08,2,TSE,824.092529296875,749.548828125,723.9688720703125,728.4326171875,751.44189453125
M5_YLUR_SHUR,5,LUR,HUR,2025-01-07,2025-01-08,2,TSEC,46.26189422607422,49.924652099609375,49.875732421875,49.42589569091797,49.84727096557617
M5_YLUR_SHUR,5,LUR,HUR,2025-01-07,2025-01-09,3,Yd,747.0883178710938,750.0724487304688,748.3558959960938,749.8103637695312,750.7958984375
M5_YLUR_SHUR,5,LUR,HUR,2025-01-07,2025-01-09,3,TSE,860.6104736328125,749.548828125,735.2694091796875,738.1925048828125,753.8152465820312
M5_YLUR_SHUR,5,LUR,HUR,2025-01-07,2025-01-09,3,TSEC,57.23577880859375,49.924652099609375,49.96640396118164,49.36769104003906,49.764617919921875
M5_YLUR_SHUR,5,LUR,HUR,2025-01-08,2025-01-08,1,Yd,759.99755859375,750.0748901367188,747.8895874023438,752.2694702148438,750.3467407226562
M5_YLUR_SHUR,5,LUR,HUR,2025-01-08,2025-01-08,1,TSE,824.092529296875,749.813232421875,753.14013671875,730.3275146484375,751.2703857421875
M5_YLUR_SHUR,5,LUR,HUR,2025-01-08,2025-01-08,1,TSEC,46.26189422607422,49.93098831176758,50.07303237915039,50.04426193237305,49.9542236328125
M5_YLUR_SHUR,5,LUR,HUR,2025-01-08,2025-01-09,2,Yd,747.0883178710938,750.0748901367188,749.008056640625,751.90625,750.4434204101562
M5_YLUR_SHUR,5,LUR,HUR,2025-01-08,2025-01-09,2,TSE,860.6104736328125,749.813232421875,731.9891967773438,743.7462158203125,753.94482421875
M5_YLUR_SHUR,5,LUR,HUR,2025-01-08,2025-01-09,2,TSEC,57.23577880859375,49.93098831176758,49.90489959716797,49.91337585449219,49.902652740478516
M5_YLUR_SHUR,5,LUR,HUR,2025-01-08,2025-01-10,3,Yd,754.2607421875,750.0748901367188,750.803466796875,751.489990234375,750.4594116210938
M5_YLUR_SHUR,5,LUR,HUR,2025-01-08,2025-01-10,3,TSE,724.308837890625,749.813232421875,730.3460693359375,731.5628662109375,757.9172973632812
M5_YLUR_SHUR,5,LUR,HUR,2025-01-08,2025-01-10,3,TSEC,55.37929153442383,49.93098831176758,50.252845764160156,50.262454986572266,49.837860107421875
M5_YLUR_SHUR,5,LUR,HUR,2025-01-09,2025-01-09,1,Yd,747.0883178710938,750.0883178710938,748.1591186523438,747.4644775390625,750.2035522460938
M5_YLUR_SHUR,5,LUR,HUR,2025-01-09,2025-01-09,1,TSE,860.6104736328125,749.913818359375,742.4889526367188,750.3131103515625,753.2219848632812
M5_YLUR_SHUR,5,LUR,HUR,2025-01-09,2025-01-09,1,TSEC,57.23577880859375,49.92601776123047,50.02100372314453,50.56075668334961,49.89634704589844
M5_YLUR_SHUR,5,LUR,HUR,2025-01-09,2025-01-10,2,Yd,754.2607421875,750.0883178710938,751.0781860351562,749.1267700195312,750.25146484375
M5_YLUR_SHUR,5,LUR,HUR,2025-01-09,2025-01-10,2,TSE,724.308837890625,749.913818359375,741.173828125,750.1152954101562,757.9679565429688
M5_YLUR_SHUR,5,LUR,HUR,2025-01-09,2025-01-10,2,TSEC,55.37929153442383,49.92601776123047,50.38432312011719,50.09004211425781,49.82376480102539
M5_YLUR_SHUR,5,LUR,HUR,2025-01-09,2025-01-11,3,Yd,744.1585083007812,750.0883178710938,747.7124633789062,749.9095458984375,750.2943725585938
M5_YLUR_SHUR,5,LUR,HUR,2025-01-09,2025-01-11,3,TSE,663.9443359375,749.913818359375,741.2274169921875,751.4024658203125,762.7069091796875
M5_YLUR_SHUR,5,LUR,HUR,2025-01-09,2025-01-11,3,TSEC,49.29420852661133,49.92601776123047,49.61564636230469,50.832786560058594,49.76662826538086
M5_YLUR_SHUR,5,LUR,HUR,2025-01-10,2025-01-10,1,Yd,754.2607421875,750.084228515625,751.4133911132812,750.7003173828125,750.1974487304688
M5_YLUR_SHUR,5,LUR,HUR,2025-01-10,2025-01-10,1,TSE,724.308837890625,750.0633544921875,753.1094360351562,737.045654296875,755.5130004882812
M5_YLUR_SHUR,5,LUR,HUR,2025-01-10,2025-01-10,1,TSEC,55.37929153442383,49.93590545654297,49.946678161621094,51.15753173828125,49.92216110229492
M5_YLUR_SHUR,5,LUR,HUR,2025-01-10,2025-01-11,2,Yd,744.1585083007812,750.084228515625,749.4544067382812,750.6776733398438,750.3093872070312
M5_YLUR_SHUR,5,LUR,HUR,2025-01-10,2025-01-11,2,TSE,663.9443359375,750.0633544921875,740.608154296875,758.9425048828125,760.9381713867188
M5_YLUR_SHUR,5,LUR,HUR,2025-01-10,2025-01-11,2,TSEC,49.29420852661133,49.93590545654297,49.14397430419922,50.6542854309082,49.92095947265625
M5_YLUR_SHUR,5,LUR,HUR,2025-01-10,2025-01-12,3,Yd,762.4188232421875,750.084228515625,747.8865966796875,749.8499755859375,750.4113159179688
M5_YLUR_SHUR,5,LUR,HUR,2025-01-10,2025-01-12,3,TSE,681.786376953125,750.0633544921875,743.6249389648438,772.5689086914062,763.8672485351562
M5_YLUR_SHUR,5,LUR,HUR,2025-01-10,2025-01-12,3,TSEC,52.676456451416016,49.93590545654297,50.036277770996094,51.52670669555664,50.0048828125
M5_YLUR_SHUR,5,LUR,HUR,2025-01-11,2025-01-11,1,Yd,744.1585083007812,750.08984375,749.73681640625,749.76171875,750.1611328125
M5_YLUR_SHUR,5,LUR,HUR,2025-01-11,2025-01-11,1,TSE,663.9443359375,750.0286865234375,736.896240234375,736.6624755859375,756.1573486328125
M5_YLUR_SHUR,5,LUR,HUR,2025-01-11,2025-01-11,1,TSEC,49.29420852661133,49.94324493408203,49.03397750854492,50.54039764404297,49.86721420288086
M5_YLUR_SHUR,5,LUR,HUR,2025-01-11,2025-01-12,2,Yd,762.4188232421875,750.08984375,748.2008056640625,750.36181640625,750.3749389648438
M5_YLUR_SHUR,5,LUR,HUR,2025-01-11,2025-01-12,2,TSE,681.786376953125,750.0286865234375,743.5631713867188,750.8929443359375,759.3773803710938
M5_YLUR_SHUR,5,LUR,HUR,2025-01-11,2025-01-12,2,TSEC,52.676456451416016,49.94324493408203,49.8852424621582,49.63526916503906,49.95526123046875
M5_YLUR_SHUR,5,LUR,HUR,2025-01-11,2025-01-13,3,Yd,748.1962890625,750.08984375,751.6190795898438,749.6885986328125,750.5577392578125
M5_YLUR_SHUR,5,LUR,HUR,2025-01-11,2025-01-13,3,TSE,903.4400634765625,750.0286865234375,743.1572875976562,762.274169921875,758.8968505859375
M5_YLUR_SHUR,5,LUR,HUR,2025-01-11,2025-01-13,3,TSEC,52.33514404296875,49.94324493408203,50.87614822387695,50.65071105957031,50.16212844848633
M5_YLUR_SHUR,5,LUR,HUR,2025-01-12,2025-01-12,1,Yd,762.4188232421875,750.0818481445312,747.4401245117188,750.8501586914062,750.3272094726562
M5_YLUR_SHUR,5,LUR,HUR,2025-01-12,2025-01-12,1,TSE,681.786376953125,749.91259765625,730.7660522460938,736.088623046875,754.0440673828125
M5_YLUR_SHUR,5,LUR,HUR,2025-01-12,2025-01-12,1,TSEC,52.676456451416016,49.94237518310547,50.203189849853516,49.00640106201172,49.992923736572266
M5_YLUR_SHUR,5,LUR,HUR,2025-01-12,2025-01-13,2,Yd,748.1962890625,750.0818481445312,750.9742431640625,751.4033813476562,750.6647338867188
M5_YLUR_SHUR,5,LUR,HUR,2025-01-12,2025-01-13,2,TSE,903.4400634765625,749.91259765625,756.1415405273438,752.4959106445312,754.9848022460938
M5_YLUR_SHUR,5,LUR,HUR,2025-01-12,2025-01-13,2,TSEC,52.33514404296875,49.94237518310547,51.04482650756836,49.280887603759766,50.07729721069336
M5_YLUR_SHUR,5,LUR,HUR,2025-01-12,2025-01-14,3,Yd,748.7513427734375,750.0818481445312,750.872802734375,750.2775268554688,750.886962890625
M5_YLUR_SHUR,5,LUR,HUR,2025-01-12,2025-01-14,3,TSE,834.072265625,749.91259765625,715.6300659179688,753.1755981445312,754.9476318359375
M5_YLUR_SHUR,5,LUR,HUR,2025-01-12,2025-01-14,3,TSEC,38.233367919921875,49.94237518310547,49.54314422607422,49.26547622680664,50.058876037597656
M5_YLUR_SHUR,5,LUR,HUR,2025-01-13,2025-01-13,1,Yd,748.1962890625,750.098388671875,751.742919921875,750.2786865234375,750.4400634765625
M5_YLUR_SHUR,5,LUR,HUR,2025-01-13,2025-01-13,1,TSE,903.4400634765625,749.8209228515625,749.5577392578125,736.5825805664062,751.5621948242188
M5_YLUR_SHUR,5,LUR,HUR,2025-01-13,2025-01-13,1,TSEC,52.33514404296875,49.946048736572266,50.789710998535156,49.49864196777344,49.88412094116211
M5_YLUR_SHUR,5,LUR,HUR,2025-01-13,2025-01-14,2,Yd,748.7513427734375,750.098388671875,751.7607421875,749.2669677734375,750.802001953125
M5_YLUR_SHUR,5,LUR,HUR,2025-01-13,2025-01-14,2,TSE,834.072265625,749.8209228515625,717.1179809570312,754.0806274414062,751.8433227539062
M5_YLUR_SHUR,5,LUR,HUR,2025-01-13,2025-01-14,2,TSEC,38.233367919921875,49.946048736572266,49.43138122558594,49.97084426879883,49.83043670654297
M5_YLUR_SHUR,5,LUR,HUR,2025-01-13,2025-01-15,3,Yd,760.3421630859375,750.098388671875,748.7471923828125,749.4558715820312,750.9151000976562
M5_YLUR_SHUR,5,LUR,HUR,2025-01-13,2025-01-15,3,TSE,605.534423828125,749.8209228515625,727.53955078125,742.1831665039062,751.7594604492188
M5_YLUR_SHUR,5,LUR,HUR,2025-01-13,2025-01-15,3,TSEC,43.35206604003906,49.946048736572266,49.48550796508789,50.07231521606445,49.77022171020508
M5_YLUR_SHUR,5,LUR,HUR,2025-01-14,2025-01-14,1,Yd,748.7513427734375,750.0958251953125,751.5816040039062,751.9775390625,750.4736938476562
M5_YLUR_SHUR,5,LUR,HUR,2025-01-14,2025-01-14,1,TSE,834.072265625,750.0274047851562,733.2335205078125,730.4840087890625,750.5119018554688
M5_YLUR_SHUR,5,LUR,HUR,2025-01-14,2025-01-14,1,TSEC,38.233367919921875,49.94926071166992,49.415191650390625,49.458984375,49.9488410949707
M5_YLUR_SHUR,5,LUR,HUR,2025-01-14,2025-01-15,2,Yd,760.3421630859375,750.0958251953125,748.5410766601562,752.1015014648438,750.6450805664062
M5_YLUR_SHUR,5,LUR,HUR,2025-01-14,2025-01-15,2,TSE,605.534423828125,750.0274047851562,722.546142578125,739.3740844726562,751.5855712890625
M5_YLUR_SHUR,5,LUR,HUR,2025-01-14,2025-01-15,2,TSEC,43.35206604003906,49.94926071166992,49.503231048583984,48.727272033691406,49.91763687133789
M5_YLUR_SHUR,5,LUR,HUR,2025-01-14,2025-01-16,3,Yd,742.1349487304688,750.0958251953125,750.257568359375,751.8341674804688,750.5411987304688
M5_YLUR_SHUR,5,LUR,HUR,2025-01-14,2025-01-16,3,TSE,703.4917602539062,750.0274047851562,733.3115234375,724.5881958007812,753.4690551757812
M5_YLUR_SHUR,5,LUR,HUR,2025-01-14,2025-01-16,3,TSEC,47.10982894897461,49.94926071166992,49.72032165527344,49.09990310668945,49.79094314575195
M5_YLUR_SHUR,5,LUR,HUR,2025-01-15,2025-01-15,1,Yd,760.3421630859375,750.0940551757812,748.318603515625,749.2919311523438,750.3638916015625
M5_YLUR_SHUR,5,LUR,HUR,2025-01-15,2025-01-15,1,TSE,605.534423828125,750.1401977539062,738.0657958984375,749.5623779296875,750.7315063476562
M5_YLUR_SHUR,5,LUR,HUR,2025-01-15,2025-01-15,1,TSEC,43.35206604003906,49.933536529541016,49.673667907714844,49.232608795166016,49.988807678222656
M5_YLUR_SHUR,5,LUR,HUR,2025-01-15,2025-01-16,2,Yd,742.1349487304688,750.0940551757812,749.9888916015625,749.9931640625,750.444580078125
M5_YLUR_SHUR,5,LUR,HUR,2025-01-15,2025-01-16,2,TSE,703.4917602539062,750.1401977539062,737.8599243164062,750.98583984375,752.757568359375
M5_YLUR_SHUR,5,LUR,HUR,2025-01-15,2025-01-16,2,TSEC,47.10982894897461,49.933536529541016,50.15705490112305,49.309967041015625,49.958343505859375
M5_YLUR_SHUR,5,LUR,HUR,2025-01-15,2025-01-17,3,Yd,739.0147705078125,750.0940551757812,751.0973510742188,750.4232177734375,750.4402465820312
M5_YLUR_SHUR,5,LUR,HUR,2025-01-15,2025-01-17,3,TSE,824.023193359375,750.1401977539062,749.6375732421875,743.8076171875,756.5934448242188
M5_YLUR_SHUR,5,LUR,HUR,2025-01-15,2025-01-17,3,TSEC,53.2047004699707,49.933536529541016,50.05896759033203,49.472015380859375,49.90971755981445
M5_YLUR_SHUR,5,LUR,HUR,2025-01-16,2025-01-16,1,Yd,742.1349487304688,750.1077270507812,749.9069213867188,750.7738037109375,750.2181396484375
M5_YLUR_SHUR,5,LUR,HUR,2025-01-16,2025-01-16,1,TSE,703.4917602539062,749.9464111328125,714.43701171875,744.1046142578125,753.0227661132812
M5_YLUR_SHUR,5,LUR,HUR,2025-01-16,2025-01-16,1,TSEC,47.10982894897461,49.924713134765625,50.23739242553711,50.51664733886719,49.837745666503906
M5_YLUR_SHUR,5,LUR,HUR,2025-01-16,2025-01-17,2,Yd,739.0147705078125,750.1077270507812,749.46923828125,751.2689208984375,750.246826171875
M5_YLUR_SHUR,5,LUR,HUR,2025-01-16,2025-01-17,2,TSE,824.023193359375,749.9464111328125,734.8820190429688,754.5833740234375,757.3952026367188
M5_YLUR_SHUR,5,LUR,HUR,2025-01-16,2025-01-17,2,TSEC,53.2047004699707,49.924713134765625,50.3833122253418,50.87833786010742,49.7218132019043
M5_YLUR_SHUR,5,LUR,HUR,2025-01-16,2025-01-18,3,Yd,736.6443481445312,750.1077270507812,749.8925170898438,751.88134765625,750.2880249023438
M5_YLUR_SHUR,5,LUR,HUR,2025-01-16,2025-01-18,3,TSE,943.7197875976562,749.9464111328125,752.7177734375,756.8779296875,762.46630859375
M5_YLUR_SHUR,5,LUR,HUR,2025-01-16,2025-01-18,3,TSEC,43.07644271850586,49.924713134765625,49.68364334106445,49.939266204833984,49.649017333984375
M5_YLUR_SHUR,5,LUR,HUR,2025-01-17,2025-01-17,1,Yd,739.0147705078125,750.0970458984375,749.5527954101562,751.5994262695312,750.2246704101562
M5_YLUR_SHUR,5,LUR,HUR,2025-01-17,2025-01-17,1,TSE,824.023193359375,749.8842163085938,750.7422485351562,743.7239379882812,754.9998168945312
M5_YLUR_SHUR,5,LUR,HUR,2025-01-17,2025-01-17,1,TSEC,53.2047004699707,49.92094421386719,50.27704620361328,49.730743408203125,49.8669548034668
M5_YLUR_SHUR,5,LUR,HUR,2025-01-17,2025-01-18,2,Yd,736.6443481445312,750.0970458984375,748.70849609375,751.9541015625,750.380615234375
M5_YLUR_SHUR,5,LUR,HUR,2025-01-17,2025-01-18,2,TSE,943.7197875976562,749.8842163085938,735.36279296875,753.25830078125,760.6730346679688
M5_YLUR_SHUR,5,LUR,HUR,2025-01-17,2025-01-18,2,TSEC,43.07644271850586,49.92094421386719,49.599063873291016,49.330169677734375,49.84441375732422
M5_YLUR_SHUR,5,LUR,HUR,2025-01-17,2025-01-19,3,Yd,754.00048828125,750.0970458984375,746.446044921875,753.5455322265625,750.568359375
M5_YLUR_SHUR,5,LUR,HUR,2025-01-17,2025-01-19,3,TSE,697.67919921875,749.8842163085938,750.1898193359375,754.1347045898438,763.8338012695312
M5_YLUR_SHUR,5,LUR,HUR,2025-01-17,2025-01-19,3,TSEC,51.39356231689453,49.92094421386719,50.216251373291016,50.50653839111328,49.91853332519531
M5_YLUR_SHUR,5,LUR,HUR,2025-01-18,2025-01-18,1,Yd,736.6443481445312,750.082275390625,749.2039184570312,748.5237426757812,750.30810546875
M5_YLUR_SHUR,5,LUR,HUR,2025-01-18,2025-01-18,1,TSE,943.7197875976562,749.9832763671875,741.3861694335938,741.0599365234375,756.2789306640625
M5_YLUR_SHUR,5,LUR,HUR,2025-01-18,2025-01-18,1,TSEC,43.07644271850586,49.92534255981445,49.731693267822266,51.241851806640625,49.971534729003906
M5_YLUR_SHUR,5,LUR,HUR,2025-01-18,2025-01-19,2,Yd,754.00048828125,750.082275390625,746.4124755859375,751.1077880859375,750.6375122070312
M5_YLUR_SHUR,5,LUR,HUR,2025-01-18,2025-01-19,2,TSE,697.67919921875,749.9832763671875,748.0411376953125,770.1161499023438,760.1002807617188
M5_YLUR_SHUR,5,LUR,HUR,2025-01-18,2025-01-19,2,TSEC,51.39356231689453,49.92534255981445,50.470951080322266,50.54343795776367,50.13479232788086
M5_YLUR_SHUR,5,LUR,HUR,2025-01-18,2025-01-20,3,Yd,757.4799194335938,750.082275390625,750.8305053710938,753.0370483398438,750.90673828125
M5_YLUR_SHUR,5,LUR,HUR,2025-01-18,2025-01-20,3,TSE,817.6973266601562,749.9832763671875,744.6980590820312,768.316162109375,760.6270141601562
M5_YLUR_SHUR,5,LUR,HUR,2025-01-18,2025-01-20,3,TSEC,45.71009826660156,49.92534255981445,51.388755798339844,50.7083854675293,50.27593994140625
M5_YLUR_SHUR,5,LUR,HUR,2025-01-19,2025-01-19,1,Yd,754.00048828125,750.0643310546875,746.763671875,751.472412109375,750.3978881835938
M5_YLUR_SHUR,5,LUR,HUR,2025-01-19,2025-01-19,1,TSE,697.67919921875,750.2420043945312,768.55419921875,747.6678466796875,755.1764526367188
M5_YLUR_SHUR,5,LUR,HUR,2025-01-19,2025-01-19,1,TSEC,51.39356231689453,49.91619110107422,50.85955810546875,50.59820556640625,50.17643737792969
M5_YLUR_SHUR,5,LUR,HUR,2025-01-19,2025-01-20,2,Yd,757.4799194335938,750.0643310546875,751.2090454101562,750.2951049804688,750.7701416015625
M5_YLUR_SHUR,5,LUR,HUR,2025-01-19,2025-01-20,2,TSE,817.6973266601562,750.2420043945312,737.53076171875,764.6294555664062,756.9440307617188
M5_YLUR_SHUR,5,LUR,HUR,2025-01-19,2025-01-20,2,TSEC,45.71009826660156,49.91619110107422,51.67313766479492,50.26332092285156,50.3947868347168
M5_YLUR_SHUR,5,LUR,HUR,2025-01-19,2025-01-21,3,Yd,740.7154541015625,750.0643310546875,750.4580688476562,751.2423095703125,751.103759765625
M5_YLUR_SHUR,5,LUR,HUR,2025-01-19,2025-01-21,3,TSE,738.1174926757812,750.2420043945312,712.3751220703125,755.6773681640625,756.6365356445312
M5_YLUR_SHUR,5,LUR,HUR,2025-01-19,2025-01-21,3,TSEC,43.64348220825195,49.91619110107422,49.26716232299805,50.39015197753906,50.5101203918457
M5_YLUR_SHUR,5,LUR,HUR,2025-01-20,2025-01-20,1,Yd,757.4799194335938,750.069580078125,748.3357543945312,751.7492065429688,750.5317993164062
M5_YLUR_SHUR,5,LUR,HUR,2025-01-20,2025-01-20,1,TSE,817.6973266601562,750.1718139648438,734.0684204101562,750.95849609375,752.4993896484375
M5_YLUR_SHUR,5,LUR,HUR,2025-01-20,2025-01-20,1,TSEC,45.71009826660156,49.91816711425781,51.614803314208984,50.37737274169922,50.03466796875
M5_YLUR_SHUR,5,LUR,HUR,2025-01-20,2025-01-21,2,Yd,740.7154541015625,750.069580078125,748.5204467773438,751.3675537109375,750.9567260742188
M5_YLUR_SHUR,5,LUR,HUR,2025-01-20,2025-01-21,2,TSE,738.1174926757812,750.1718139648438,716.0105590820312,769.94775390625,753.3117065429688
M5_YLUR_SHUR,5,LUR,HUR,2025-01-20,2025-01-21,2,TSEC,43.64348220825195,49.91816711425781,49.649879455566406,50.47800827026367,50.07969665527344
M5_YLUR_SHUR,5,LUR,HUR,2025-01-20,2025-01-22,3,Yd,752.217529296875,750.069580078125,748.1290283203125,750.1204833984375,751.1337890625
M5_YLUR_SHUR,5,LUR,HUR,2025-01-20,2025-01-22,3,TSE,694.80908203125,750.1718139648438,740.7618408203125,773.79443359375,752.7252807617188
M5_YLUR_SHUR,5,LUR,HUR,2025-01-20,2025-01-22,3,TSEC,56.035675048828125,49.91816711425781,49.897491455078125,49.16640853881836,50.06118392944336
M5_YLUR_SHUR,5,LUR,HUR,2025-01-21,2025-01-21,1,Yd,740.7154541015625,750.0794677734375,749.7899780273438,749.5889892578125,750.53076171875
M5_YLUR_SHUR,5,LUR,HUR,2025-01-21,2025-01-21,1,TSE,738.1174926757812,750.2618408203125,754.1343383789062,738.4727783203125,750.6988525390625
M5_YLUR_SHUR,5,LUR,HUR,2025-01-21,2025-01-21,1,TSEC,43.64348220825195,49.91256332397461,49.358280181884766,50.25125503540039,50.010318756103516
M5_YLUR_SHUR,5,LUR,HUR,2025-01-21,2025-01-22,2,Yd,752.217529296875,750.0794677734375,746.3629760742188,750.021240234375,750.7659912109375
M5_YLUR_SHUR,5,LUR,HUR,2025-01-21,2025-01-22,2,TSE,694.80908203125,750.2618408203125,732.7427978515625,745.3088989257812,751.817626953125
M5_YLUR_SHUR,5,LUR,HUR,2025-01-21,2025-01-22,2,TSEC,56.035675048828125,49.91256332397461,49.968605041503906,49.08238983154297,50.012916564941406
M5_YLUR_SHUR,5,LUR,HUR,2025-01-21,2025-01-23,3,Yd,752.0758666992188,750.0794677734375,749.1407470703125,749.8294677734375,750.7589111328125
M5_YLUR_SHUR,5,LUR,HUR,2025-01-21,2025-01-23,3,TSE,685.749267578125,750.2618408203125,738.976806640625,736.5772094726562,753.00537109375
M5_YLUR_SHUR,5,LUR,HUR,2025-01-21,2025-01-23,3,TSEC,50.29155731201172,49.91256332397461,49.84514617919922,48.64311218261719,50.003475189208984
M5_YLUR_SHUR,5,LUR,HUR,2025-01-22,2025-01-22,1,Yd,752.217529296875,750.0670776367188,749.6956787109375,748.5245361328125,750.5048828125
M5_YLUR_SHUR,5,LUR,HUR,2025-01-22,2025-01-22,1,TSE,694.80908203125,750.2456665039062,738.26220703125,745.2420654296875,750.4449462890625
M5_YLUR_SHUR,5,LUR,HUR,2025-01-22,2025-01-22,1,TSEC,56.035675048828125,49.90422439575195,50.1395149230957,50.07219314575195,50.02935028076172
M5_YLUR_SHUR,5,LUR,HUR,2025-01-22,2025-01-23,2,Yd,752.0758666992188,750.0670776367188,749.4619140625,750.5765991210938,750.6203002929688
M5_YLUR_SHUR,5,LUR,HUR,2025-01-22,2025-01-23,2,TSE,685.749267578125,750.2456665039062,737.0712280273438,754.7418212890625,752.712646484375
M5_YLUR_SHUR,5,LUR,HUR,2025-01-22,2025-01-23,2,TSEC,50.29155731201172,49.90422439575195,50.219173431396484,48.803340911865234,50.06160354614258
M5_YLUR_SHUR,5,LUR,HUR,2025-01-22,2025-01-24,3,Yd,753.356689453125,750.0670776367188,749.016845703125,749.8742065429688,750.60546875
M5_YLUR_SHUR,5,LUR,HUR,2025-01-22,2025-01-24,3,TSE,663.3817138671875,750.2456665039062,727.337890625,748.4608764648438,756.49951171875
M5_YLUR_SHUR,5,LUR,HUR,2025-01-22,2025-01-24,3,TSEC,42.92033767700195,49.90422439575195,50.506309509277344,49.207027435302734,50.035770416259766
M5_YLUR_SHUR,5,LUR,HUR,2025-01-23,2025-01-23,1,Yd,752.0758666992188,750.0699462890625,748.47998046875,751.2974853515625,750.2613525390625
M5_YLUR_SHUR,5,LUR,HUR,2025-01-23,2025-01-23,1,TSE,685.749267578125,750.1719970703125,731.778564453125,739.9752197265625,752.6625366210938
M5_YLUR_SHUR,5,LUR,HUR,2025-01-23,2025-01-23,1,TSEC,50.29155731201172,49.91237258911133,49.97451400756836,51.09730911254883,49.89189529418945
M5_YLUR_SHUR,5,LUR,HUR,2025-01-23,2025-01-24,2,Yd,753.356689453125,750.0699462890625,749.0162353515625,753.4677734375,750.3593139648438
M5_YLUR_SHUR,5,LUR,HUR,2025-01-23,2025-01-24,2,TSE,663.3817138671875,750.1719970703125,728.9515380859375,729.7997436523438,757.1610717773438
M5_YLUR_SHUR,5,LUR,HUR,2025-01-23,2025-01-24,2,TSEC,42.92033767700195,49.91237258911133,50.4512939453125,49.70180130004883,49.82301712036133
M5_YLUR_SHUR,5,LUR,HUR,2025-01-23,2025-01-25,3,Yd,745.4769287109375,750.0699462890625,748.6747436523438,752.2930908203125,750.4739990234375
M5_YLUR_SHUR,5,LUR,HUR,2025-01-23,2025-01-25,3,TSE,887.3445434570312,750.1719970703125,741.3541870117188,741.0010375976562,761.8475341796875
M5_YLUR_SHUR,5,LUR,HUR,2025-01-23,2025-01-25,3,TSEC,50.78798294067383,49.91237258911133,49.54388427734375,49.222633361816406,49.78524398803711
M5_YLUR_SHUR,5,LUR,HUR,2025-01-24,2025-01-24,1,Yd,753.356689453125,750.0726318359375,749.2455444335938,750.8394775390625,750.1917114257812
M5_YLUR_SHUR,5,LUR,HUR,2025-01-24,2025-01-24,1,TSE,663.3817138671875,750.0865478515625,723.3329467773438,742.0208129882812,754.7781982421875
M5_YLUR_SHUR,5,LUR,HUR,2025-01-24,2025-01-24,1,TSEC,42.92033767700195,49.912872314453125,50.05805587768555,48.48387145996094,49.82849884033203
M5_YLUR_SHUR,5,LUR,HUR,2025-01-24,2025-01-25,2,Yd,745.4769287109375,750.0726318359375,748.8919677734375,751.4010620117188,750.3228759765625
M5_YLUR_SHUR,5,LUR,HUR,2025-01-24,2025-01-25,2,TSE,887.3445434570312,750.0865478515625,742.4199829101562,758.7274780273438,760.1659545898438
M5_YLUR_SHUR,5,LUR,HUR,2025-01-24,2025-01-25,2,TSEC,50.78798294067383,49.912872314453125,49.315818786621094,48.38382339477539,49.777015686035156
M5_YLUR_SHUR,5,LUR,HUR,2025-01-24,2025-01-26,3,Yd,750.6558227539062,750.0726318359375,747.320556640625,750.6759643554688,750.503173828125
M5_YLUR_SHUR,5,LUR,HUR,2025-01-24,2025-01-26,3,TSE,811.9786376953125,750.0865478515625,751.1829833984375,762.2305908203125,762.9759521484375
M5_YLUR_SHUR,5,LUR,HUR,2025-01-24,2025-01-26,3,TSEC,47.65139389038086,49.912872314453125,50.089019775390625,48.52950668334961,49.821128845214844
M5_YLUR_SHUR,5,LUR,HUR,2025-01-25,2025-01-25,1,Yd,745.4769287109375,750.0769653320312,749.5714111328125,748.8890380859375,750.1888427734375
M5_YLUR_SHUR,5,LUR,HUR,2025-01-25,2025-01-25,1,TSE,887.3445434570312,749.9716796875,732.4034423828125,737.3817138671875,755.6085205078125
M5_YLUR_SHUR,5,LUR,HUR,2025-01-25,2025-01-25,1,TSEC,50.78798294067383,49.90361022949219,49.47164535522461,50.039794921875,49.82556915283203
M5_YLUR_SHUR,5,LUR,HUR,2025-01-25,2025-01-26,2,Yd,750.6558227539062,750.0769653320312,750.1907958984375,751.10400390625,750.450927734375
M5_YLUR_SHUR,5,LUR,HUR,2025-01-25,2025-01-26,2,TSE,811.9786376953125,749.9716796875,752.3541870117188,758.2993774414062,758.8507690429688
M5_YLUR_SHUR,5,LUR,HUR,2025-01-25,2025-01-26,2,TSEC,47.65139389038086,49.90361022949219,50.29861068725586,50.98640060424805,49.86220932006836
M5_YLUR_SHUR,5,LUR,HUR,2025-01-25,2025-01-27,3,Yd,754.2699584960938,750.0769653320312,749.1380615234375,751.4432983398438,750.726318359375
M5_YLUR_SHUR,5,LUR,HUR,2025-01-25,2025-01-27,3,TSE,796.9500732421875,749.9716796875,745.8448486328125,770.1372680664062,758.0103759765625
M5_YLUR_SHUR,5,LUR,HUR,2025-01-25,2025-01-27,3,TSEC,50.12656784057617,49.90361022949219,51.0770149230957,51.0807991027832,49.9577522277832
M5_YLUR_SHUR,5,LUR,HUR,2025-01-26,2025-01-26,1,Yd,750.6558227539062,750.0709228515625,746.6766357421875,750.406494140625,750.3240356445312
M5_YLUR_SHUR,5,LUR,HUR,2025-01-26,2025-01-26,1,TSE,811.9786376953125,750.1534423828125,769.5366821289062,747.4104614257812,754.1322631835938
M5_YLUR_SHUR,5,LUR,HUR,2025-01-26,2025-01-26,1,TSEC,47.65139389038086,49.904781341552734,50.70637512207031,50.71637725830078,49.98198318481445
M5_YLUR_SHUR,5,LUR,HUR,2025-01-26,2025-01-27,2,Yd,754.2699584960938,750.0709228515625,749.4453125,750.3908081054688,750.7034912109375
M5_YLUR_SHUR,5,LUR,HUR,2025-01-26,2025-01-27,2,TSE,796.9500732421875,750.1534423828125,735.0159301757812,770.5562744140625,755.1275634765625
M5_YLUR_SHUR,5,LUR,HUR,2025-01-26,2025-01-27,2,TSEC,50.12656784057617,49.904781341552734,51.32646179199219,49.885902404785156,50.05538558959961
M5_YLUR_SHUR,5,LUR,HUR,2025-01-26,2025-01-28,3,Yd,751.1435546875,750.0709228515625,749.89892578125,752.236572265625,751.0494384765625
M5_YLUR_SHUR,5,LUR,HUR,2025-01-26,2025-01-28,3,TSE,629.8715209960938,750.1534423828125,714.9149169921875,775.3829345703125,754.7382202148438
M5_YLUR_SHUR,5,LUR,HUR,2025-01-26,2025-01-28,3,TSEC,50.11207962036133,49.904781341552734,49.61043167114258,49.73588943481445,50.08696365356445
M5_YLUR_SHUR,5,LUR,HUR,2025-01-27,2025-01-27,1,Yd,754.2699584960938,750.0716552734375,748.8485717773438,750.2017211914062,750.5042114257812
M5_YLUR_SHUR,5,LUR,HUR,2025-01-27,2025-01-27,1,TSE,796.9500732421875,750.2351684570312,745.5239868164062,741.7876586914062,751.7138061523438
M5_YLUR_SHUR,5,LUR,HUR,2025-01-27,2025-01-27,1,TSEC,50.12656784057617,49.90180206298828,51.11404800415039,49.78281021118164,49.995059967041016
M5_YLUR_SHUR,5,LUR,HUR,2025-01-27,2025-01-28,2,Yd,751.1435546875,750.0716552734375,749.1506958007812,750.4696044921875,750.918701171875
M5_YLUR_SHUR,5,LUR,HUR,2025-01-27,2025-01-28,2,TSE,629.8715209960938,750.2351684570312,744.9280395507812,765.6326293945312,752.1318969726562
M5_YLUR_SHUR,5,LUR,HUR,2025-01-27,2025-01-28,2,TSEC,50.11207962036133,49.90180206298828,49.66948318481445,48.80291748046875,50.02664566040039
M5_YLUR_SHUR,5,LUR,HUR,2025-01-27,2025-01-29,3,Yd,745.9781494140625,750.0716552734375,747.6508178710938,750.9296875,751.069091796875
M5_YLUR_SHUR,5,LUR,HUR,2025-01-27,2025-01-29,3,TSE,718.5615844726562,750.2351684570312,735.3378295898438,760.9935302734375,751.8800048828125
M5_YLUR_SHUR,5,LUR,HUR,2025-01-27,2025-01-29,3,TSEC,65.06566619873047,49.90180206298828,49.668190002441406,48.588558197021484,49.98759460449219
M5_YLUR_SHUR,5,LUR,HUR,2025-01-28,2025-01-28,1,Yd,751.1435546875,750.0771484375,751.3048706054688,750.0017700195312,750.542724609375
M5_YLUR_SHUR,5,LUR,HUR,2025-01-28,2025-01-28,1,TSE,629.8715209960938,750.2967529296875,741.97314453125,737.0939331054688,750.1926879882812
M5_YLUR_SHUR,5,LUR,HUR,2025-01-28,2025-01-28,1,TSEC,50.11207962036133,49.902103424072266,49.7255744934082,50.03331756591797,49.96003341674805
M5_YLUR_SHUR,5,LUR,HUR,2025-01-28,2025-01-29,2,Yd,745.9781494140625,750.0771484375,746.6350708007812,750.8592529296875,750.7756958007812
M5_YLUR_SHUR,5,LUR,HUR,2025-01-28,2025-01-29,2,TSE,718.5615844726562,750.2967529296875,742.6635131835938,743.4486083984375,750.9647216796875
M5_YLUR_SHUR,5,LUR,HUR,2025-01-28,2025-01-29,2,TSEC,65.06566619873047,49.902103424072266,49.919036865234375,49.582664489746094,49.92131805419922
M5_YLUR_SHUR,5,LUR,HUR,2025-01-28,2025-01-30,3,Yd,753.9615478515625,750.0771484375,749.4990844726562,750.141845703125,750.732666015625
M5_YLUR_SHUR,5,LUR,HUR,2025-01-28,2025-01-30,3,TSE,622.7476806640625,750.2967529296875,743.765625,743.66259765625,752.1395263671875
M5_YLUR_SHUR,5,LUR,HUR,2025-01-28,2025-01-30,3,TSEC,53.115478515625,49.902103424072266,50.074398040771484,49.33000946044922,49.864768981933594
M5_YLUR_SHUR,5,LUR,HUR,2025-01-29,2025-01-29,1,Yd,745.9781494140625,750.0785522460938,747.2923583984375,749.6455688476562,750.4501342773438
M5_YLUR_SHUR,5,LUR,HUR,2025-01-29,2025-01-29,1,TSE,718.5615844726562,750.1381225585938,729.1654052734375,741.8059692382812,750.6455078125
M5_YLUR_SHUR,5,LUR,HUR,2025-01-29,2025-01-29,1,TSEC,65.06566619873047,49.90237808227539,49.92728042602539,49.665287017822266,49.845211029052734
M5_YLUR_SHUR,5,LUR,HUR,2025-01-29,2025-01-30,2,Yd,753.9615478515625,750.0785522460938,749.7739868164062,750.1270751953125,750.5086669921875
M5_YLUR_SHUR,5,LUR,HUR,2025-01-29,2025-01-30,2,TSE,622.7476806640625,750.1381225585938,742.7384643554688,752.9710083007812,752.3212890625
M5_YLUR_SHUR,5,LUR,HUR,2025-01-29,2025-01-30,2,TSEC,53.115478515625,49.90237808227539,50.07304000854492,49.11720657348633,49.74460983276367
M5_YLUR_SHUR,5,LUR,HUR,2025-01-29,2025-01-31,3,Yd,745.7343139648438,750.0785522460938,750.9833374023438,749.720703125,750.4646606445312
M5_YLUR_SHUR,5,LUR,HUR,2025-01-29,2025-01-31,3,TSE,845.663330078125,750.1381225585938,732.4951171875,743.4490356445312,756.0569458007812
M5_YLUR_SHUR,5,LUR,HUR,2025-01-29,2025-01-31,3,TSEC,39.09252166748047,49.90237808227539,50.20503234863281,48.91769790649414,49.63106918334961
M5_YLUR_SHUR,5,LUR,HUR,2025-01-30,2025-01-30,1,Yd,753.9615478515625,750.0731811523438,749.5550537109375,751.5031127929688,750.2174072265625
M5_YLUR_SHUR,5,LUR,HUR,2025-01-30,2025-01-30,1,TSE,622.7476806640625,750.0965576171875,741.0697631835938,710.4091186523438,752.6610717773438
M5_YLUR_SHUR,5,LUR,HUR,2025-01-30,2025-01-30,1,TSEC,53.115478515625,49.92232894897461,49.60295486450195,49.53456497192383,49.75624084472656
M5_YLUR_SHUR,5,LUR,HUR,2025-01-30,2025-01-31,2,Yd,745.7343139648438,750.0731811523438,749.1416625976562,752.4918823242188,750.2820434570312
M5_YLUR_SHUR,5,LUR,HUR,2025-01-30,2025-01-31,2,TSE,845.663330078125,750.0965576171875,749.8760375976562,740.5929565429688,756.565185546875
M5_YLUR_SHUR,5,LUR,HUR,2025-01-30,2025-01-31,2,TSEC,39.09252166748047,49.92232894897461,49.41204071044922,48.635135650634766,49.606605529785156
M5_YLUR_SHUR,5,LUR,HUR,2025-01-30,2025-02-01,3,Yd,749.8456420898438,750.0731811523438,749.488525390625,751.6688232421875,750.4324951171875
M5_YLUR_SHUR,5,LUR,HUR,2025-01-30,2025-02-01,3,TSE,673.73388671875,750.0965576171875,740.0820922851562,738.5929565429688,760.0723876953125
M5_YLUR_SHUR,5,LUR,HUR,2025-01-30,2025-02-01,3,TSEC,44.966575622558594,49.92232894897461,49.061607360839844,49.10508346557617,49.54926300048828
M5_YLUR_SHUR,5,LUR,HUR,2025-01-31,2025-01-31,1,Yd,745.7343139648438,750.078369140625,751.2539672851562,749.3228149414062,750.152587890625
M5_YLUR_SHUR,5,LUR,HUR,2025-01-31,2025-01-31,1,TSE,845.663330078125,749.92919921875,718.1923828125,750.9927978515625,754.1163940429688
M5_YLUR_SHUR,5,LUR,HUR,2025-01-31,2025-01-31,1,TSEC,39.09252166748047,49.9265251159668,49.40632247924805,49.32888412475586,49.710018157958984
M5_YLUR_SHUR,5,LUR,HUR,2025-01-31,2025-02-01,2,Yd,749.8456420898438,750.078369140625,750.6998901367188,749.9700317382812,750.29296875
M5_YLUR_SHUR,5,LUR,HUR,2025-01-31,2025-02-01,2,TSE,673.73388671875,749.92919921875,734.0524291992188,768.7146606445312,758.5133666992188
M5_YLUR_SHUR,5,LUR,HUR,2025-01-31,2025-02-01,2,TSEC,44.966575622558594,49.9265251159668,48.985626220703125,49.55183792114258,49.6023063659668
M5_YLUR_SHUR,5,LUR,HUR,2025-01-31,2025-02-02,3,Yd,752.1904907226562,750.078369140625,746.657958984375,749.3247680664062,750.5337524414062
M5_YLUR_SHUR,5,LUR,HUR,2025-01-31,2025-02-02,3,TSE,831.6312255859375,749.92919921875,743.53271484375,776.0639038085938,760.4661865234375
M5_YLUR_SHUR,5,LUR,HUR,2025-01-31,2025-02-02,3,TSEC,50.15239334106445,49.9265251159668,49.764217376708984,49.927154541015625,49.615264892578125
M5_YLUR_SHUR,5,LUR,HUR,2025-02-01,2025-02-01,1,Yd,749.8456420898438,750.0726928710938,749.4117431640625,748.9183959960938,750.1903686523438
M5_YLUR_SHUR,5,LUR,HUR,2025-02-01,2025-02-01,1,TSE,673.73388671875,750.0548095703125,755.8951416015625,759.3794555664062,755.3723754882812
M5_YLUR_SHUR,5,LUR,HUR,2025-02-01,2025-02-01,1,TSEC,44.966575622558594,49.91230773925781,49.162113189697266,49.652191162109375,49.863037109375
M5_YLUR_SHUR,5,LUR,HUR,2025-02-01,2025-02-02,2,Yd,752.1904907226562,750.0726928710938,746.1542358398438,750.19287109375,750.4182739257812
M5_YLUR_SHUR,5,LUR,HUR,2025-02-01,2025-02-02,2,TSE,831.6312255859375,750.0548095703125,738.8944702148438,762.6634521484375,758.4824829101562
M5_YLUR_SHUR,5,LUR,HUR,2025-02-01,2025-02-02,2,TSEC,50.15239334106445,49.91230773925781,50.12266159057617,49.157047271728516,49.91659164428711
M5_YLUR_SHUR,5,LUR,HUR,2025-02-01,2025-02-03,3,Yd,747.2056274414062,750.0726928710938,748.9886474609375,751.3029174804688,750.6881713867188
M5_YLUR_SHUR,5,LUR,HUR,2025-02-01,2025-02-03,3,TSE,747.0631103515625,750.0548095703125,740.984375,774.4558715820312,758.1782836914062
M5_YLUR_SHUR,5,LUR,HUR,2025-02-01,2025-02-03,3,TSEC,50.39291000366211,49.91230773925781,50.92856216430664,48.64188003540039,50.003910064697266
M5_YLUR_SHUR,5,LUR,HUR,2025-02-02,2025-02-02,1,Yd,752.1904907226562,750.0723266601562,745.1101684570312,749.3333740234375,750.3579711914062
M5_YLUR_SHUR,5,LUR,HUR,2025-02-02,2025-02-02,1,TSE,831.6312255859375,749.9547729492188,732.3017578125,759.1621704101562,753.4136352539062
M5_YLUR_SHUR,5,LUR,HUR,2025-02-02,2025-02-02,1,TSEC,50.15239334106445,49.905826568603516,50.181617736816406,50.10641860961914,49.902488708496094
M5_YLUR_SHUR,5,LUR,HUR,2025-02-02,2025-02-03,2,Yd,747.2056274414062,750.0723266601562,749.2538452148438,751.6890258789062,750.764404296875
M5_YLUR_SHUR,5,LUR,HUR,2025-02-02,2025-02-03,2,TSE,747.0631103515625,749.9547729492188,738.9058227539062,756.8295288085938,754.1296997070312
M5_YLUR_SHUR,5,LUR,HUR,2025-02-02,2025-02-03,2,TSEC,50.39291000366211,49.905826568603516,51.07259750366211,50.44926071166992,49.90959167480469
M5_YLUR_SHUR,5,LUR,HUR,2025-02-02,2025-02-04,3,Yd,746.132080078125,750.0723266601562,749.98193359375,752.8090209960938,751.1380615234375
M5_YLUR_SHUR,5,LUR,HUR,2025-02-02,2025-02-04,3,TSE,815.0130615234375,749.9547729492188,723.5298461914062,757.9577026367188,753.6121826171875
M5_YLUR_SHUR,5,LUR,HUR,2025-02-02,2025-02-04,3,TSEC,46.68186950683594,49.905826568603516,49.5252571105957,50.284095764160156,49.87558364868164
M5_YLUR_SHUR,5,LUR,HUR,2025-02-03,2025-02-03,1,Yd,747.2056274414062,750.0750732421875,749.183837890625,751.2493896484375,750.5388793945312
M5_YLUR_SHUR,5,LUR,HUR,2025-02-03,2025-02-03,1,TSE,747.0631103515625,750.0617065429688,750.4531860351562,748.8544311523438,751.3834838867188
M5_YLUR_SHUR,5,LUR,HUR,2025-02-03,2025-02-03,1,TSEC,50.39291000366211,49.90614700317383,51.07571792602539,50.46444320678711,49.9227180480957
M5_YLUR_SHUR,5,LUR,HUR,2025-02-03,2025-02-04,2,Yd,746.132080078125,750.0750732421875,748.9825439453125,751.0473022460938,750.9805297851562
M5_YLUR_SHUR,5,LUR,HUR,2025-02-03,2025-02-04,2,TSE,815.0130615234375,750.0617065429688,724.1153564453125,742.8899536132812,751.4794311523438
M5_YLUR_SHUR,5,LUR,HUR,2025-02-03,2025-02-04,2,TSEC,46.68186950683594,49.90614700317383,49.52653121948242,49.786128997802734,49.889976501464844
M5_YLUR_SHUR,5,LUR,HUR,2025-02-03,2025-02-05,3,Yd,750.5761108398438,750.0750732421875,749.7984008789062,752.1263427734375,751.1437377929688
M5_YLUR_SHUR,5,LUR,HUR,2025-02-03,2025-02-05,3,TSE,752.6492919921875,750.0617065429688,744.4451293945312,729.7890014648438,750.7928466796875
M5_YLUR_SHUR,5,LUR,HUR,2025-02-03,2025-02-05,3,TSEC,47.03154373168945,49.90614700317383,49.78596878051758,49.51255416870117,49.83076095581055
M5_YLUR_SHUR,5,LUR,HUR,2025-02-04,2025-02-04,1,Yd,746.132080078125,750.0713500976562,749.3991088867188,750.1629028320312,750.6253051757812
M5_YLUR_SHUR,5,LUR,HUR,2025-02-04,2025-02-04,1,TSE,815.0130615234375,750.057861328125,722.2650756835938,743.5182495117188,750.080810546875
M5_YLUR_SHUR,5,LUR,HUR,2025-02-04,2025-02-04,1,TSEC,46.68186950683594,49.90678024291992,49.54673767089844,49.48804473876953,49.883506774902344
M5_YLUR_SHUR,5,LUR,HUR,2025-02-04,2025-02-05,2,Yd,750.5761108398438,750.0713500976562,748.0910034179688,750.4769897460938,750.9054565429688
M5_YLUR_SHUR,5,LUR,HUR,2025-02-04,2025-02-05,2,TSE,752.6492919921875,750.057861328125,743.640625,721.7537841796875,750.2882080078125
M5_YLUR_SHUR,5,LUR,HUR,2025-02-04,2025-02-05,2,TSEC,47.03154373168945,49.90678024291992,49.81795120239258,49.70815658569336,49.80259704589844
M5_YLUR_SHUR,5,LUR,HUR,2025-02-04,2025-02-06,3,Yd,749.6661987304688,750.0713500976562,748.8754272460938,749.9271240234375,750.9124755859375
M5_YLUR_SHUR,5,LUR,HUR,2025-02-04,2025-02-06,3,TSE,750.5142822265625,750.057861328125,746.5609741210938,716.7955322265625,751.1013793945312
M5_YLUR_SHUR,5,LUR,HUR,2025-02-04,2025-02-06,3,TSEC,50.48933029174805,49.90678024291992,49.92074966430664,49.82219696044922,49.713871002197266
M5_YLUR_SHUR,5,LUR,HUR,2025-02-05,2025-02-05,1,Yd,750.5761108398438,750.066162109375,747.7569580078125,751.278076171875,750.4854736328125
M5_YLUR_SHUR,5,LUR,HUR,2025-02-05,2025-02-05,1,TSE,752.6492919921875,750.1426391601562,756.3587036132812,728.2882690429688,750.0411376953125
M5_YLUR_SHUR,5,LUR,HUR,2025-02-05,2025-02-05,1,TSEC,47.03154373168945,49.90257263183594,49.94991683959961,49.94935989379883,49.93347930908203
M5_YLUR_SHUR,5,LUR,HUR,2025-02-05,2025-02-06,2,Yd,749.6661987304688,750.066162109375,748.5519409179688,751.5592041015625,750.5890502929688
M5_YLUR_SHUR,5,LUR,HUR,2025-02-05,2025-02-06,2,TSE,750.5142822265625,750.1426391601562,748.2933959960938,751.347412109375,751.3057250976562
M5_YLUR_SHUR,5,LUR,HUR,2025-02-05,2025-02-06,2,TSEC,50.48933029174805,49.90257263183594,50.108856201171875,50.64006423950195,49.890846252441406
M5_YLUR_SHUR,5,LUR,HUR,2025-02-05,2025-02-07,3,Yd,743.952392578125,750.066162109375,749.1964721679688,750.0538940429688,750.5634765625
M5_YLUR_SHUR,5,LUR,HUR,2025-02-05,2025-02-07,3,TSE,826.1683349609375,750.1426391601562,736.25439453125,750.4354248046875,754.5541381835938
M5_YLUR_SHUR,5,LUR,HUR,2025-02-05,2025-02-07,3,TSEC,51.10969543457031,49.90257263183594,49.98507308959961,50.24528884887695,49.852203369140625
M5_YLUR_SHUR,5,LUR,HUR,2025-02-06,2025-02-06,1,Yd,749.6661987304688,750.0668334960938,748.38525390625,748.1500244140625,750.2848510742188
M5_YLUR_SHUR,5,LUR,HUR,2025-02-06,2025-02-06,1,TSE,750.5142822265625,750.1458740234375,742.5911865234375,744.4175415039062,751.5375366210938
M5_YLUR_SHUR,5,LUR,HUR,2025-02-06,2025-02-06,1,TSEC,50.48933029174805,49.89883041381836,50.08727264404297,50.226806640625,49.91035842895508
M5_YLUR_SHUR,5,LUR,HUR,2025-02-06,2025-02-07,2,Yd,743.952392578125,750.0668334960938,749.1703491210938,750.478271484375,750.3861083984375
M5_YLUR_SHUR,5,LUR,HUR,2025-02-06,2025-02-07,2,TSE,826.1683349609375,750.1458740234375,737.6412963867188,762.8555908203125,755.4454345703125
M5_YLUR_SHUR,5,LUR,HUR,2025-02-06,2025-02-07,2,TSEC,51.10969543457031,49.89883041381836,50.097042083740234,48.87503433227539,49.84939956665039
M5_YLUR_SHUR,5,LUR,HUR,2025-02-06,2025-02-08,3,Yd,742.6131591796875,750.0668334960938,748.948974609375,750.6926879882812,750.4849853515625
M5_YLUR_SHUR,5,LUR,HUR,2025-02-06,2025-02-08,3,TSE,767.3828125,750.1458740234375,740.1004028320312,749.8049926757812,759.8547973632812
M5_YLUR_SHUR,5,LUR,HUR,2025-02-06,2025-02-08,3,TSEC,42.57498550415039,49.89883041381836,49.421417236328125,49.362335205078125,49.85265350341797
M5_YLUR_SHUR,5,LUR,HUR,2025-02-07,2025-02-07,1,Yd,743.952392578125,750.0662231445312,749.4058837890625,748.7177124023438,750.2230224609375
M5_YLUR_SHUR,5,LUR,HUR,2025-02-07,2025-02-07,1,TSE,826.1683349609375,750.1463012695312,735.3250732421875,742.9642944335938,753.9349365234375
M5_YLUR_SHUR,5,LUR,HUR,2025-02-07,2025-02-07,1,TSEC,51.10969543457031,49.89959716796875,50.08579635620117,50.23801040649414,49.87533187866211
M5_YLUR_SHUR,5,LUR,HUR,2025-02-07,2025-02-08,2,Yd,742.6131591796875,750.0662231445312,749.2647094726562,751.5785522460938,750.3677978515625
M5_YLUR_SHUR,5,LUR,HUR,2025-02-07,2025-02-08,2,TSE,767.3828125,750.1463012695312,739.5027465820312,752.2811279296875,758.6417236328125
M5_YLUR_SHUR,5,LUR,HUR,2025-02-07,2025-02-08,2,TSEC,42.57498550415039,49.89959716796875,49.40058898925781,49.355064392089844,49.86833572387695
M5_YLUR_SHUR,5,LUR,HUR,2025-02-07,2025-02-09,3,Yd,744.5198364257812,750.0662231445312,747.4497680664062,752.0897827148438,750.5338745117188
M5_YLUR_SHUR,5,LUR,HUR,2025-02-07,2025-02-09,3,TSE,701.1734008789062,750.1463012695312,741.5391845703125,758.890625,761.1888427734375
M5_YLUR_SHUR,5,LUR,HUR,2025-02-07,2025-02-09,3,TSEC,57.39949417114258,49.89959716796875,50.408851623535156,49.94355773925781,49.965579986572266
M5_YLUR_SHUR,5,LUR,HUR,2025-02-08,2025-02-08,1,Yd,742.6131591796875,750.058349609375,749.4065551757812,749.824462890625,750.2476196289062
M5_YLUR_SHUR,5,LUR,HUR,2025-02-08,2025-02-08,1,TSE,767.3828125,750.2451782226562,743.7687377929688,743.9193725585938,755.0564575195312
M5_YLUR_SHUR,5,LUR,HUR,2025-02-08,2025-02-08,1,TSEC,42.57498550415039,49.90116882324219,49.331077575683594,50.73190689086914,49.95814895629883
M5_YLUR_SHUR,5,LUR,HUR,2025-02-08,2025-02-09,2,Yd,744.5198364257812,750.058349609375,750.114013671875,750.8219604492188,750.4637451171875
M5_YLUR_SHUR,5,LUR,HUR,2025-02-08,2025-02-09,2,TSE,701.1734008789062,750.2451782226562,749.9241943359375,753.0525512695312,758.4003295898438
M5_YLUR_SHUR,5,LUR,HUR,2025-02-08,2025-02-09,2,TSEC,57.39949417114258,49.90116882324219,50.127281188964844,50.051429748535156,50.09205627441406
M5_YLUR_SHUR,5,LUR,HUR,2025-02-08,2025-02-10,3,Yd,757.38623046875,750.058349609375,749.0643310546875,751.9735107421875,750.7256469726562
M5_YLUR_SHUR,5,LUR,HUR,2025-02-08,2025-02-10,3,TSE,822.3568115234375,750.2451782226562,746.7821044921875,765.1353149414062,758.5138549804688
M5_YLUR_SHUR,5,LUR,HUR,2025-02-08,2025-02-10,3,TSEC,46.73358917236328,49.90116882324219,51.02246856689453,50.64577102661133,50.194664001464844
M5_YLUR_SHUR,5,LUR,HUR,2025-02-09,2025-02-09,1,Yd,744.5198364257812,750.0487060546875,750.0274047851562,749.7354736328125,750.3611450195312
M5_YLUR_SHUR,5,LUR,HUR,2025-02-09,2025-02-09,1,TSE,701.1734008789062,750.2674560546875,742.7838134765625,750.4574584960938,753.661376953125
M5_YLUR_SHUR,5,LUR,HUR,2025-02-09,2025-02-09,1,TSEC,57.39949417114258,49.89165496826172,50.13473129272461,49.48014450073242,50.05000686645508
M5_YLUR_SHUR,5,LUR,HUR,2025-02-09,2025-02-10,2,Yd,757.38623046875,750.0487060546875,748.9976806640625,749.8257446289062,750.7393798828125
M5_YLUR_SHUR,5,LUR,HUR,2025-02-09,2025-02-10,2,TSE,822.3568115234375,750.2674560546875,742.818115234375,759.4564208984375,754.7053833007812
M5_YLUR_SHUR,5,LUR,HUR,2025-02-09,2025-02-10,2,TSEC,46.73358917236328,49.89165496826172,51.170501708984375,49.014991760253906,50.1541748046875
M5_YLUR_SHUR,5,LUR,HUR,2025-02-09,2025-02-11,3,Yd,748.2791748046875,750.0487060546875,748.7962646484375,750.1304931640625,751.0877685546875
M5_YLUR_SHUR,5,LUR,HUR,2025-02-09,2025-02-11,3,TSE,783.896484375,750.2674560546875,738.1862182617188,771.9387817382812,753.4951171875
M5_YLUR_SHUR,5,LUR,HUR,2025-02-09,2025-02-11,3,TSEC,55.33649826049805,49.89165496826172,49.43916320800781,48.559295654296875,50.21810531616211
M5_YLUR_SHUR,5,LUR,HUR,2025-02-10,2025-02-10,1,Yd,757.38623046875,750.04150390625,749.03564453125,752.2464599609375,750.5809936523438
M5_YLUR_SHUR,5,LUR,HUR,2025-02-10,2025-02-10,1,TSE,822.3568115234375,750.2037963867188,735.5335693359375,737.4895629882812,751.4175415039062
M5_YLUR_SHUR,5,LUR,HUR,2025-02-10,2025-02-10,1,TSEC,46.73358917236328,49.901390075683594,51.03778839111328,50.896541595458984,49.94660949707031
M5_YLUR_SHUR,5,LUR,HUR,2025-02-10,2025-02-11,2,Yd,748.2791748046875,750.04150390625,749.75537109375,750.354248046875,751.05322265625
M5_YLUR_SHUR,5,LUR,HUR,2025-02-10,2025-02-11,2,TSE,783.896484375,750.2037963867188,731.0574340820312,762.6129150390625,751.4244995117188
M5_YLUR_SHUR,5,LUR,HUR,2025-02-10,2025-02-11,2,TSEC,55.33649826049805,49.901390075683594,49.16530227661133,50.2251091003418,49.924598693847656
M5_YLUR_SHUR,5,LUR,HUR,2025-02-10,2025-02-12,3,Yd,751.3657836914062,750.04150390625,746.0882568359375,751.36767578125,751.2459106445312
M5_YLUR_SHUR,5,LUR,HUR,2025-02-10,2025-02-12,3,TSE,644.4508056640625,750.2037963867188,743.2220458984375,773.5435180664062,750.4608764648438
M5_YLUR_SHUR,5,LUR,HUR,2025-02-10,2025-02-12,3,TSEC,48.5142822265625,49.901390075683594,49.70370864868164,48.61215591430664,49.867549896240234
M5_YLUR_SHUR,5,LUR,HUR,2025-02-11,2025-02-11,1,Yd,748.2791748046875,750.051025390625,750.2073974609375,749.7041015625,750.553466796875
M5_YLUR_SHUR,5,LUR,HUR,2025-02-11,2025-02-11,1,TSE,783.896484375,750.2973022460938,737.8172607421875,745.1790161132812,749.8424682617188
M5_YLUR_SHUR,5,LUR,HUR,2025-02-11,2025-02-11,1,TSEC,55.33649826049805,49.89728927612305,49.24494552612305,49.54852294921875,49.93402862548828
M5_YLUR_SHUR,5,LUR,HUR,2025-02-11,2025-02-12,2,Yd,751.3657836914062,750.051025390625,747.1050415039062,750.451904296875,750.7901611328125
M5_YLUR_SHUR,5,LUR,HUR,2025-02-11,2025-02-12,2,TSE,644.4508056640625,750.2973022460938,743.4789428710938,747.3875732421875,749.98046875
M5_YLUR_SHUR,5,LUR,HUR,2025-02-11,2025-02-12,2,TSEC,48.5142822265625,49.89728927612305,50.114501953125,48.70753479003906,49.878116607666016
M5_YLUR_SHUR,5,LUR,HUR,2025-02-11,2025-02-13,3,Yd,743.6782836914062,750.051025390625,748.786376953125,749.7308349609375,750.7658081054688
M5_YLUR_SHUR,5,LUR,HUR,2025-02-11,2025-02-13,3,TSE,849.2151489257812,750.2973022460938,742.783935546875,743.8165283203125,750.6200561523438
M5_YLUR_SHUR,5,LUR,HUR,2025-02-11,2025-02-13,3,TSEC,55.901004791259766,49.89728927612305,49.85445785522461,48.437740325927734,49.819637298583984
M5_YLUR_SHUR,5,LUR,HUR,2025-02-12,2025-02-12,1,Yd,751.3657836914062,750.0486450195312,746.345947265625,749.8080444335938,750.3994750976562
M5_YLUR_SHUR,5,LUR,HUR,2025-02-12,2025-02-12,1,TSE,644.4508056640625,750.3406982421875,747.9984130859375,747.9492797851562,750.1669311523438
M5_YLUR_SHUR,5,LUR,HUR,2025-02-12,2025-02-12,1,TSEC,48.5142822265625,49.90432357788086,49.98018264770508,49.935546875,49.87811279296875
M5_YLUR_SHUR,5,LUR,HUR,2025-02-12,2025-02-13,2,Yd,743.6782836914062,750.0486450195312,748.18310546875,752.5701293945312,750.4757690429688
M5_YLUR_SHUR,5,LUR,HUR,2025-02-12,2025-02-13,2,TSE,849.2151489257812,750.3406982421875,748.949462890625,748.68310546875,751.243408203125
M5_YLUR_SHUR,5,LUR,HUR,2025-02-12,2025-02-13,2,TSEC,55.901004791259766,49.90432357788086,49.6756591796875,49.59253692626953,49.8235969543457
M5_YLUR_SHUR,5,LUR,HUR,2025-02-12,2025-02-14,3,Yd,757.885498046875,750.0486450195312,750.0928955078125,750.6343994140625,750.4335327148438
M5_YLUR_SHUR,5,LUR,HUR,2025-02-12,2025-02-14,3,TSE,816.1896362304688,750.3406982421875,729.2939453125,748.7239379882812,753.358642578125
M5_YLUR_SHUR,5,LUR,HUR,2025-02-12,2025-02-14,3,TSEC,44.28937911987305,49.90432357788086,49.91429138183594,50.77016830444336,49.76313781738281
M5_YLUR_SHUR,5,LUR,HUR,2025-02-13,2025-02-13,1,Yd,743.6782836914062,750.0504150390625,748.25634765625,750.3678588867188,750.2325439453125
M5_YLUR_SHUR,5,LUR,HUR,2025-02-13,2025-02-13,1,TSE,849.2151489257812,750.2039794921875,735.8133544921875,736.9398803710938,751.3347778320312
M5_YLUR_SHUR,5,LUR,HUR,2025-02-13,2025-02-13,1,TSEC,55.901004791259766,49.902530670166016,49.664703369140625,49.803436279296875,49.81275939941406
M5_YLUR_SHUR,5,LUR,HUR,2025-02-13,2025-02-14,2,Yd,757.885498046875,750.0504150390625,750.2667236328125,750.967529296875,750.2779541015625
M5_YLUR_SHUR,5,LUR,HUR,2025-02-13,2025-02-14,2,TSE,816.1896362304688,750.2039794921875,737.802490234375,760.3680419921875,754.342041015625
M5_YLUR_SHUR,5,LUR,HUR,2025-02-13,2025-02-14,2,TSEC,44.28937911987305,49.902530670166016,49.85969924926758,49.075660705566406,49.72626495361328
M5_YLUR_SHUR,5,LUR,HUR,2025-02-13,2025-02-15,3,Yd,752.3561401367188,750.0504150390625,749.8999633789062,750.3671264648438,750.336669921875
M5_YLUR_SHUR,5,LUR,HUR,2025-02-13,2025-02-15,3,TSE,724.408203125,750.2039794921875,739.9669189453125,763.5848999023438,758.1281127929688
M5_YLUR_SHUR,5,LUR,HUR,2025-02-13,2025-02-15,3,TSEC,51.77307891845703,49.902530670166016,49.02227783203125,48.71144485473633,49.67308807373047
M5_YLUR_SHUR,5,LUR,HUR,2025-02-14,2025-02-14,1,Yd,757.885498046875,750.042236328125,750.9799194335938,750.033447265625,750.1897583007812
M5_YLUR_SHUR,5,LUR,HUR,2025-02-14,2025-02-14,1,TSE,816.1896362304688,750.3316650390625,746.5996704101562,716.927001953125,753.5052490234375
M5_YLUR_SHUR,5,LUR,HUR,2025-02-14,2025-02-14,1,TSEC,44.28937911987305,49.9102668762207,49.79943084716797,50.10880661010742,49.860740661621094
M5_YLUR_SHUR,5,LUR,HUR,2025-02-14,2025-02-15,2,Yd,752.3561401367188,750.042236328125,749.892578125,751.3544311523438,750.30859375
M5_YLUR_SHUR,5,LUR,HUR,2025-02-14,2025-02-15,2,TSE,724.408203125,750.3316650390625,736.4994506835938,743.3936157226562,757.7006225585938
M5_YLUR_SHUR,5,LUR,HUR,2025-02-14,2025-02-15,2,TSEC,51.77307891845703,49.9102668762207,48.855831146240234,49.60136413574219,49.844276428222656
M5_YLUR_SHUR,5,LUR,HUR,2025-02-14,2025-02-16,3,Yd,763.714599609375,750.042236328125,745.8230590820312,751.650146484375,750.4420776367188
M5_YLUR_SHUR,5,LUR,HUR,2025-02-14,2025-02-16,3,TSE,746.8858032226562,750.3316650390625,745.4494018554688,747.9078369140625,759.9525146484375
M5_YLUR_SHUR,5,LUR,HUR,2025-02-14,2025-02-16,3,TSEC,54.26680374145508,49.9102668762207,50.238277435302734,50.34574890136719,49.93482208251953
M5_YLUR_SHUR,5,LUR,HUR,2025-02-15,2025-02-15,1,Yd,752.3561401367188,750.0523681640625,750.4192504882812,748.5408325195312,750.11279296875
M5_YLUR_SHUR,5,LUR,HUR,2025-02-15,2025-02-15,1,TSE,724.408203125,750.4165649414062,743.96435546875,748.1058349609375,754.45751953125
M5_YLUR_SHUR,5,LUR,HUR,2025-02-15,2025-02-15,1,TSEC,51.77307891845703,49.90302658081055,48.980865478515625,48.72477340698242,49.88322067260742
M5_YLUR_SHUR,5,LUR,HUR,2025-02-15,2025-02-16,2,Yd,763.714599609375,750.0523681640625,746.916748046875,750.1537475585938,750.2341918945312
M5_YLUR_SHUR,5,LUR,HUR,2025-02-15,2025-02-16,2,TSE,746.8858032226562,750.4165649414062,744.1722412109375,758.2238159179688,757.3629760742188
M5_YLUR_SHUR,5,LUR,HUR,2025-02-15,2025-02-16,2,TSEC,54.26680374145508,49.90302658081055,50.137577056884766,49.34695816040039,49.97236251831055
M5_YLUR_SHUR,5,LUR,HUR,2025-02-15,2025-02-17,3,Yd,747.031494140625,750.0523681640625,749.3617553710938,750.2694091796875,750.4761962890625
M5_YLUR_SHUR,5,LUR,HUR,2025-02-15,2025-02-17,3,TSE,816.170166015625,750.4165649414062,738.4942016601562,769.1605834960938,757.0073852539062
M5_YLUR_SHUR,5,LUR,HUR,2025-02-15,2025-02-17,3,TSEC,51.56366729736328,49.90302658081055,50.80796432495117,50.35752868652344,50.118160247802734
M5_YLUR_SHUR,5,LUR,HUR,2025-02-16,2025-02-16,1,Yd,763.714599609375,750.0553588867188,746.2067260742188,750.796142578125,750.22607421875
M5_YLUR_SHUR,5,LUR,HUR,2025-02-16,2025-02-16,1,TSE,746.8858032226562,750.383056640625,750.1806640625,733.1031494140625,752.6849365234375
M5_YLUR_SHUR,5,LUR,HUR,2025-02-16,2025-02-16,1,TSEC,54.26680374145508,49.90542984008789,50.30420684814453,50.20258712768555,49.959022521972656
M5_YLUR_SHUR,5,LUR,HUR,2025-02-16,2025-02-17,2,Yd,747.031494140625,750.0553588867188,749.3555908203125,750.2706298828125,750.5593872070312
M5_YLUR_SHUR,5,LUR,HUR,2025-02-16,2025-02-17,2,TSE,816.170166015625,750.383056640625,747.9968872070312,753.1151733398438,753.1528930664062
M5_YLUR_SHUR,5,LUR,HUR,2025-02-16,2025-02-17,2,TSEC,51.56366729736328,49.90542984008789,50.82473373413086,49.7353401184082,50.02024841308594
M5_YLUR_SHUR,5,LUR,HUR,2025-02-16,2025-02-18,3,Yd,745.1900634765625,750.0553588867188,751.14794921875,750.368896484375,750.8353881835938
M5_YLUR_SHUR,5,LUR,HUR,2025-02-16,2025-02-18,3,TSE,709.0888671875,750.383056640625,746.0791625976562,756.6762084960938,751.8450927734375
M5_YLUR_SHUR,5,LUR,HUR,2025-02-16,2025-02-18,3,TSEC,43.479923248291016,49.90542984008789,49.304080963134766,49.370399475097656,50.023170471191406
M5_YLUR_SHUR,5,LUR,HUR,2025-02-17,2025-02-17,1,Yd,747.031494140625,750.07275390625,749.3328857421875,749.9970703125,750.3722534179688
M5_YLUR_SHUR,5,LUR,HUR,2025-02-17,2025-02-17,1,TSE,816.170166015625,750.3785400390625,738.9755249023438,732.2633056640625,750.139892578125
M5_YLUR_SHUR,5,LUR,HUR,2025-02-17,2025-02-17,1,TSEC,51.56366729736328,49.911041259765625,50.59074401855469,50.093345642089844,49.918094635009766
M5_YLUR_SHUR,5,LUR,HUR,2025-02-17,2025-02-18,2,Yd,745.1900634765625,750.07275390625,749.0776977539062,750.1152954101562,750.662353515625
M5_YLUR_SHUR,5,LUR,HUR,2025-02-17,2025-02-18,2,TSE,709.0888671875,750.3785400390625,730.3352661132812,744.7713623046875,749.1419677734375
M5_YLUR_SHUR,5,LUR,HUR,2025-02-17,2025-02-18,2,TSEC,43.479923248291016,49.911041259765625,49.2848014831543,49.55616760253906,49.88561248779297
M5_YLUR_SHUR,5,LUR,HUR,2025-02-17,2025-02-19,3,Yd,749.7647705078125,750.07275390625,749.8959350585938,749.6759033203125,750.729736328125
M5_YLUR_SHUR,5,LUR,HUR,2025-02-17,2025-02-19,3,TSE,723.3263549804688,750.3785400390625,748.390869140625,728.2332153320312,748.2987060546875
M5_YLUR_SHUR,5,LUR,HUR,2025-02-17,2025-02-19,3,TSEC,48.046607971191406,49.911041259765625,49.49640655517578,49.725093841552734,49.8127555847168
M5_YLUR_SHUR,5,LUR,HUR,2025-02-18,2025-02-18,1,Yd,745.1900634765625,750.0689086914062,750.1863403320312,749.6008911132812,750.4630126953125
M5_YLUR_SHUR,5,LUR,HUR,2025-02-18,2025-02-18,1,TSE,709.0888671875,750.4630126953125,733.9627685546875,735.1985473632812,748.9778442382812
M5_YLUR_SHUR,5,LUR,HUR,2025-02-18,2025-02-18,1,TSEC,43.479923248291016,49.91315841674805,49.254852294921875,49.37092208862305,49.92212677001953
M5_YLUR_SHUR,5,LUR,HUR,2025-02-18,2025-02-19,2,Yd,749.7647705078125,750.0689086914062,746.4873657226562,750.01806640625,750.6336059570312
M5_YLUR_SHUR,5,LUR,HUR,2025-02-18,2025-02-19,2,TSE,723.3263549804688,750.4630126953125,760.798583984375,727.5474853515625,748.722900390625
M5_YLUR_SHUR,5,LUR,HUR,2025-02-18,2025-02-19,2,TSEC,48.046607971191406,49.91315841674805,49.459136962890625,49.376258850097656,49.86042785644531
M5_YLUR_SHUR,5,LUR,HUR,2025-02-18,2025-02-20,3,Yd,757.0897827148438,750.0689086914062,748.9071655273438,749.8517456054688,750.5372924804688
M5_YLUR_SHUR,5,LUR,HUR,2025-02-18,2025-02-20,3,TSE,841.073974609375,750.4630126953125,752.6765747070312,716.4999389648438,749.8327026367188
M5_YLUR_SHUR,5,LUR,HUR,2025-02-18,2025-02-20,3,TSEC,44.79084777832031,49.91315841674805,49.78366470336914,49.66062927246094,49.736778259277344
M5_YLUR_SHUR,5,LUR,HUR,2025-02-19,2025-02-19,1,Yd,749.7647705078125,750.0626831054688,749.826904296875,749.402587890625,750.4107055664062
M5_YLUR_SHUR,5,LUR,HUR,2025-02-19,2025-02-19,1,TSE,723.3263549804688,750.4100341796875,744.8572998046875,738.0831909179688,749.5531616210938
M5_YLUR_SHUR,5,LUR,HUR,2025-02-19,2025-02-19,1,TSEC,48.046607971191406,49.904911041259766,49.660770416259766,49.8536262512207,49.87393569946289
M5_YLUR_SHUR,5,LUR,HUR,2025-02-19,2025-02-20,2,Yd,757.0897827148438,750.0626831054688,749.5681762695312,748.6765747070312,750.4766845703125
M5_YLUR_SHUR,5,LUR,HUR,2025-02-19,2025-02-20,2,TSE,841.073974609375,750.4100341796875,745.193115234375,757.4017944335938,750.2186279296875
M5_YLUR_SHUR,5,LUR,HUR,2025-02-19,2025-02-20,2,TSEC,44.79084777832031,49.904911041259766,49.96236038208008,49.49247360229492,49.80775833129883
M5_YLUR_SHUR,5,LUR,HUR,2025-02-19,2025-02-21,3,Yd,750.903076171875,750.0626831054688,749.146728515625,749.2205200195312,750.4318237304688
M5_YLUR_SHUR,5,LUR,HUR,2025-02-19,2025-02-21,3,TSE,830.0093383789062,750.4100341796875,729.4906005859375,743.962646484375,751.4738159179688
M5_YLUR_SHUR,5,LUR,HUR,2025-02-19,2025-02-21,3,TSEC,49.25286102294922,49.904911041259766,49.754764556884766,48.9973030090332,49.746673583984375
M5_YLUR_SHUR,5,LUR,HUR,2025-02-20,2025-02-20,1,Yd,757.0897827148438,750.062255859375,749.9738159179688,750.2539672851562,750.2544555664062
M5_YLUR_SHUR,5,LUR,HUR,2025-02-20,2025-02-20,1,TSE,841.073974609375,750.3753051757812,740.5455932617188,735.8740234375,750.7176513671875
M5_YLUR_SHUR,5,LUR,HUR,2025-02-20,2025-02-20,1,TSEC,44.79084777832031,49.90253448486328,49.970943450927734,49.62192153930664,49.849082946777344
M5_YLUR_SHUR,5,LUR,HUR,2025-02-20,2025-02-21,2,Yd,750.903076171875,750.062255859375,751.0477905273438,751.5588989257812,750.2987670898438
M5_YLUR_SHUR,5,LUR,HUR,2025-02-20,2025-02-21,2,TSE,830.0093383789062,750.3753051757812,752.9755859375,756.6377563476562,752.9813232421875
M5_YLUR_SHUR,5,LUR,HUR,2025-02-20,2025-02-21,2,TSEC,49.25286102294922,49.90253448486328,49.76105880737305,48.80112075805664,49.78565216064453
M5_YLUR_SHUR,5,LUR,HUR,2025-02-20,2025-02-22,3,Yd,750.8234252929688,750.062255859375,750.7162475585938,751.0668334960938,750.3267211914062
M5_YLUR_SHUR,5,LUR,HUR,2025-02-20,2025-02-22,3,TSE,800.1002807617188,750.3753051757812,740.388427734375,762.212890625,756.7135620117188
M5_YLUR_SHUR,5,LUR,HUR,2025-02-20,2025-02-22,3,TSEC,43.55440902709961,49.90253448486328,49.18887710571289,48.711055755615234,49.7478141784668
M5_YLUR_SHUR,5,LUR,HUR,2025-02-21,2025-02-21,1,Yd,750.903076171875,750.0712890625,749.3075561523438,749.1678466796875,750.1221313476562
M5_YLUR_SHUR,5,LUR,HUR,2025-02-21,2025-02-21,1,TSE,830.0093383789062,750.4912719726562,739.4502563476562,748.6787719726562,752.6221923828125
M5_YLUR_SHUR,5,LUR,HUR,2025-02-21,2025-02-21,1,TSEC,49.25286102294922,49.89599609375,49.97355270385742,49.14982986450195,49.859169006347656
M5_YLUR_SHUR,5,LUR,HUR,2025-02-21,2025-02-22,2,Yd,750.8234252929688,750.0712890625,749.6666870117188,749.6627197265625,750.1846313476562
M5_YLUR_SHUR,5,LUR,HUR,2025-02-21,2025-02-22,2,TSE,800.1002807617188,750.4912719726562,748.1456909179688,762.968017578125,756.403564453125
M5_YLUR_SHUR,5,LUR,HUR,2025-02-21,2025-02-22,2,TSEC,43.55440902709961,49.89599609375,49.38844299316406,49.724308013916016,49.85623550415039
M5_YLUR_SHUR,5,LUR,HUR,2025-02-21,2025-02-23,3,Yd,748.0133056640625,750.0712890625,746.4796752929688,750.4563598632812,750.2826538085938
M5_YLUR_SHUR,5,LUR,HUR,2025-02-21,2025-02-23,3,TSE,723.8042602539062,750.4912719726562,752.648681640625,759.087158203125,758.214599609375
M5_YLUR_SHUR,5,LUR,HUR,2025-02-21,2025-02-23,3,TSEC,50.35816192626953,49.89599609375,50.22121810913086,49.59911346435547,49.97049331665039
M5_YLUR_SHUR,5,LUR,HUR,2025-02-22,2025-02-22,1,Yd,750.8234252929688,750.0723266601562,749.5714111328125,749.3676147460938,750.1332397460938
M5_YLUR_SHUR,5,LUR,HUR,2025-02-22,2025-02-22,1,TSE,800.1002807617188,750.5928344726562,755.7679443359375,739.493408203125,753.8059692382812
M5_YLUR_SHUR,5,LUR,HUR,2025-02-22,2025-02-22,1,TSEC,43.55440902709961,49.89517593383789,49.35871124267578,49.926658630371094,49.92251968383789
M5_YLUR_SHUR,5,LUR,HUR,2025-02-22,2025-02-23,2,Yd,748.0133056640625,750.0723266601562,750.3447265625,750.0225830078125,750.2572631835938
M5_YLUR_SHUR,5,LUR,HUR,2025-02-22,2025-02-23,2,TSE,723.8042602539062,750.5928344726562,751.3619384765625,752.3514404296875,756.2755126953125
M5_YLUR_SHUR,5,LUR,HUR,2025-02-22,2025-02-23,2,TSEC,50.35816192626953,49.89517593383789,50.5346794128418,49.77875518798828,50.03527069091797
M5_YLUR_SHUR,5,LUR,HUR,2025-02-22,2025-02-24,3,Yd,743.6732788085938,750.0723266601562,749.2755126953125,750.4155883789062,750.4593505859375
M5_YLUR_SHUR,5,LUR,HUR,2025-02-22,2025-02-24,3,TSE,727.6146240234375,750.5928344726562,742.28369140625,753.978271484375,755.8677368164062
M5_YLUR_SHUR,5,LUR,HUR,2025-02-22,2025-02-24,3,TSEC,44.51405715942383,49.89517593383789,51.08505630493164,50.192989349365234,50.17025375366211
M5_YLUR_SHUR,5,LUR,HUR,2025-02-23,2025-02-23,1,Yd,748.0133056640625,750.0733642578125,746.91455078125,750.0205688476562,750.2305297851562
M5_YLUR_SHUR,5,LUR,HUR,2025-02-23,2025-02-23,1,TSE,723.8042602539062,750.656005859375,755.3011474609375,739.5775756835938,752.3677978515625
M5_YLUR_SHUR,5,LUR,HUR,2025-02-23,2025-02-23,1,TSEC,50.35816192626953,49.887088775634766,50.41585922241211,50.21751403808594,50.02479934692383
M5_YLUR_SHUR,5,LUR,HUR,2025-02-23,2025-02-24,2,Yd,743.6732788085938,750.0733642578125,750.4745483398438,749.9768676757812,750.5142211914062
M5_YLUR_SHUR,5,LUR,HUR,2025-02-23,2025-02-24,2,TSE,727.6146240234375,750.656005859375,747.8244018554688,746.9993286132812,752.6057739257812
M5_YLUR_SHUR,5,LUR,HUR,2025-02-23,2025-02-24,2,TSEC,44.51405715942383,49.887088775634766,51.20527648925781,50.3025016784668,50.13167190551758
M5_YLUR_SHUR,5,LUR,HUR,2025-02-23,2025-02-25,3,Yd,754.8821411132812,750.0733642578125,751.9248046875,750.2483520507812,750.768798828125
M5_YLUR_SHUR,5,LUR,HUR,2025-02-23,2025-02-25,3,TSE,893.3462524414062,750.656005859375,746.902099609375,738.3422241210938,750.7966918945312
M5_YLUR_SHUR,5,LUR,HUR,2025-02-23,2025-02-25,3,TSEC,45.307254791259766,49.887088775634766,49.58718490600586,49.771488189697266,50.19015121459961
M5_YLUR_SHUR,5,LUR,HUR,2025-02-24,2025-02-24,1,Yd,743.6732788085938,750.0706787109375,750.6080322265625,750.1673583984375,750.4646606445312
M5_YLUR_SHUR,5,LUR,HUR,2025-02-24,2025-02-24,1,TSE,727.6146240234375,750.621826171875,740.3062133789062,724.3008422851562,750.0515747070312
M5_YLUR_SHUR,5,LUR,HUR,2025-02-24,2025-02-24,1,TSEC,44.51405715942383,49.88768768310547,50.90800094604492,50.36647033691406,50.00059509277344
M5_YLUR_SHUR,5,LUR,HUR,2025-02-24,2025-02-25,2,Yd,754.8821411132812,750.0706787109375,752.0349731445312,750.4994506835938,750.8452758789062
M5_YLUR_SHUR,5,LUR,HUR,2025-02-24,2025-02-25,2,TSE,893.3462524414062,750.621826171875,736.341552734375,737.32958984375,749.0570068359375
M5_YLUR_SHUR,5,LUR,HUR,2025-02-24,2025-02-25,2,TSEC,45.307254791259766,49.88768768310547,49.66044616699219,50.016319274902344,50.02975845336914
M5_YLUR_SHUR,5,LUR,HUR,2025-02-24,2025-02-26,3,Yd,740.7696533203125,750.0706787109375,748.2452392578125,750.5947875976562,750.9761962890625
M5_YLUR_SHUR,5,LUR,HUR,2025-02-24,2025-02-26,3,TSE,745.6582641601562,750.621826171875,765.9732666015625,739.8497924804688,747.4441528320312
M5_YLUR_SHUR,5,LUR,HUR,2025-02-24,2025-02-26,3,TSEC,50.408485412597656,49.88768768310547,49.751399993896484,49.387107849121094,50.01345443725586
M5_YLUR_SHUR,5,LUR,HUR,2025-02-25,2025-02-25,1,Yd,754.8821411132812,750.0625,750.4501953125,749.7260131835938,750.6048583984375
M5_YLUR_SHUR,5,LUR,HUR,2025-02-25,2025-02-25,1,TSE,893.3462524414062,750.592529296875,735.1912841796875,724.3733520507812,748.7678833007812
M5_YLUR_SHUR,5,LUR,HUR,2025-02-25,2025-02-25,1,TSEC,45.307254791259766,49.8808479309082,49.76471710205078,50.26689910888672,49.956153869628906
M5_YLUR_SHUR,5,LUR,HUR,2025-02-25,2025-02-26,2,Yd,740.7696533203125,750.0625,747.2697143554688,750.3001098632812,750.88427734375
M5_YLUR_SHUR,5,LUR,HUR,2025-02-25,2025-02-26,2,TSE,745.6582641601562,750.592529296875,760.1273803710938,724.0487670898438,747.7328491210938
M5_YLUR_SHUR,5,LUR,HUR,2025-02-25,2025-02-26,2,TSEC,50.408485412597656,49.8808479309082,49.93193817138672,50.03886032104492,49.9411506652832
M5_YLUR_SHUR,5,LUR,HUR,2025-02-25,2025-02-27,3,Yd,741.7548217773438,750.0625,748.78466796875,749.982421875,750.9110717773438
M5_YLUR_SHUR,5,LUR,HUR,2025-02-25,2025-02-27,3,TSE,761.4780883789062,750.592529296875,746.2821655273438,721.798583984375,747.6989135742188
M5_YLUR_SHUR,5,LUR,HUR,2025-02-25,2025-02-27,3,TSEC,48.126548767089844,49.8808479309082,50.034793853759766,49.35354232788086,49.91445541381836
M5_YLUR_SHUR,5,LUR,HUR,2025-02-26,2025-02-26,1,Yd,740.7696533203125,750.068603515625,749.8446655273438,750.361572265625,750.400634765625
M5_YLUR_SHUR,5,LUR,HUR,2025-02-26,2025-02-26,1,TSE,745.6582641601562,750.77392578125,781.6823120117188,726.702392578125,749.2883911132812
M5_YLUR_SHUR,5,LUR,HUR,2025-02-26,2025-02-26,1,TSEC,50.408485412597656,49.875038146972656,50.25994110107422,49.98360061645508,49.97761535644531
M5_YLUR_SHUR,5,LUR,HUR,2025-02-26,2025-02-27,2,Yd,741.7548217773438,750.068603515625,749.6583862304688,751.264404296875,750.5150756835938
M5_YLUR_SHUR,5,LUR,HUR,2025-02-26,2025-02-27,2,TSE,761.4780883789062,750.77392578125,747.1093139648438,722.5906982421875,749.6466674804688
M5_YLUR_SHUR,5,LUR,HUR,2025-02-26,2025-02-27,2,TSEC,48.126548767089844,49.875038146972656,50.183021545410156,49.819305419921875,49.945884704589844
M5_YLUR_SHUR,5,LUR,HUR,2025-02-26,2025-02-28,3,Yd,742.7296752929688,750.068603515625,749.182861328125,750.0460205078125,750.478759765625
M5_YLUR_SHUR,5,LUR,HUR,2025-02-26,2025-02-28,3,TSE,822.8699951171875,750.77392578125,735.2504272460938,720.5306396484375,750.5791015625
M5_YLUR_SHUR,5,LUR,HUR,2025-02-26,2025-02-28,3,TSEC,51.27384567260742,49.875038146972656,50.06422805786133,50.14186096191406,49.9107551574707
M5_YLUR_SHUR,5,LUR,HUR,2025-02-27,2025-02-27,1,Yd,741.7548217773438,750.0567626953125,748.515869140625,749.4949340820312,750.31787109375
M5_YLUR_SHUR,5,LUR,HUR,2025-02-27,2025-02-27,1,TSE,761.4780883789062,750.7674560546875,751.5217895507812,747.626708984375,749.9943237304688
M5_YLUR_SHUR,5,LUR,HUR,2025-02-27,2025-02-27,1,TSEC,48.126548767089844,49.87571334838867,49.81534194946289,49.58030700683594,49.95817565917969
M5_YLUR_SHUR,5,LUR,HUR,2025-02-27,2025-02-28,2,Yd,742.7296752929688,750.0567626953125,749.3539428710938,751.1195678710938,750.4287109375
M5_YLUR_SHUR,5,LUR,HUR,2025-02-27,2025-02-28,2,TSE,822.8699951171875,750.7674560546875,736.8958129882812,747.9479370117188,752.0220336914062
M5_YLUR_SHUR,5,LUR,HUR,2025-02-27,2025-02-28,2,TSEC,51.27384567260742,49.87571334838867,49.679019927978516,49.48946762084961,49.971500396728516
M5_YLUR_SHUR,5,LUR,HUR,2025-02-27,2025-03-01,3,Yd,752.1495361328125,750.0567626953125,749.7915649414062,751.2548828125,750.4827880859375
M5_YLUR_SHUR,5,LUR,HUR,2025-02-27,2025-03-01,3,TSE,633.15478515625,750.7674560546875,753.851318359375,750.5005493164062,755.2185668945312
M5_YLUR_SHUR,5,LUR,HUR,2025-02-27,2025-03-01,3,TSEC,53.714996337890625,49.87571334838867,48.9914436340332,50.008792877197266,50.02580642700195
M5_YLUR_SHUR,5,LUR,HUR,2025-02-28,2025-02-28,1,Yd,742.7296752929688,750.0463256835938,749.730224609375,749.7604370117188,750.2716674804688
M5_YLUR_SHUR,5,LUR,HUR,2025-02-28,2025-02-28,1,TSE,822.8699951171875,750.7810668945312,740.2857666015625,731.8090209960938,752.1177978515625
M5_YLUR_SHUR,5,LUR,HUR,2025-02-28,2025-02-28,1,TSEC,51.27384567260742,49.87350082397461,50.06342697143555,50.18571853637695,49.9722900390625
M5_YLUR_SHUR,5,LUR,HUR,2025-02-28,2025-03-01,2,Yd,752.1495361328125,750.0463256835938,750.1436157226562,750.7442626953125,750.4248657226562
M5_YLUR_SHUR,5,LUR,HUR,2025-02-28,2025-03-01,2,TSE,633.15478515625,750.7810668945312,749.0120849609375,753.3272094726562,755.6400756835938
M5_YLUR_SHUR,5,LUR,HUR,2025-02-28,2025-03-01,2,TSEC,53.714996337890625,49.87350082397461,49.328521728515625,49.88017272949219,50.06352233886719
M5_YLUR_SHUR,5,LUR,HUR,2025-02-28,2025-03-02,3,Yd,746.2722778320312,750.0463256835938,746.4664306640625,751.3275756835938,750.5691528320312
M5_YLUR_SHUR,5,LUR,HUR,2025-02-28,2025-03-02,3,TSE,760.4071655273438,750.7810668945312,755.0863647460938,756.4719848632812,757.693359375
M5_YLUR_SHUR,5,LUR,HUR,2025-02-28,2025-03-02,3,TSEC,55.22881317138672,49.87350082397461,50.27126693725586,50.49357223510742,50.22431564331055
M5_YLUR_SHUR,5,LUR,HUR,2025-03-01,2025-03-01,1,Yd,752.1495361328125,750.0370483398438,749.748291015625,748.869140625,750.2630615234375
M5_YLUR_SHUR,5,LUR,HUR,2025-03-01,2025-03-01,1,TSE,633.15478515625,750.8722534179688,760.3140869140625,741.5376586914062,753.6835327148438
M5_YLUR_SHUR,5,LUR,HUR,2025-03-01,2025-03-01,1,TSEC,53.714996337890625,49.87527084350586,49.355445861816406,50.33075714111328,50.021427154541016
M5_YLUR_SHUR,5,LUR,HUR,2025-03-01,2025-03-02,2,Yd,746.2722778320312,750.0370483398438,745.764404296875,750.2454833984375,750.4743041992188
M5_YLUR_SHUR,5,LUR,HUR,2025-03-01,2025-03-02,2,TSE,760.4071655273438,750.8722534179688,756.0416870117188,760.8177490234375,756.52978515625
M5_YLUR_SHUR,5,LUR,HUR,2025-03-01,2025-03-02,2,TSEC,55.22881317138672,49.87527084350586,50.68220138549805,49.564273834228516,50.18568420410156
M5_YLUR_SHUR,5,LUR,HUR,2025-03-01,2025-03-03,3,Yd,737.319580078125,750.0370483398438,749.2886962890625,751.6867065429688,750.728759765625
M5_YLUR_SHUR,5,LUR,HUR,2025-03-01,2025-03-03,3,TSE,821.9183959960938,750.8722534179688,751.0468139648438,766.8738403320312,756.12939453125
M5_YLUR_SHUR,5,LUR,HUR,2025-03-01,2025-03-03,3,TSEC,54.56012725830078,49.87527084350586,51.05192565917969,50.44667434692383,50.28205871582031
M5_YLUR_SHUR,5,LUR,HUR,2025-03-02,2025-03-02,1,Yd,746.2722778320312,750.0397338867188,745.7133178710938,750.2636108398438,750.3023681640625
M5_YLUR_SHUR,5,LUR,HUR,2025-03-02,2025-03-02,1,TSE,760.4071655273438,750.7234497070312,743.3473510742188,742.3079833984375,752.517578125
M5_YLUR_SHUR,5,LUR,HUR,2025-03-02,2025-03-02,1,TSEC,55.22881317138672,49.880126953125,50.09083557128906,50.26871871948242,49.95853805541992
M5_YLUR_SHUR,5,LUR,HUR,2025-03-02,2025-03-03,2,Yd,737.319580078125,750.0397338867188,749.2757568359375,750.9572143554688,750.6778564453125
M5_YLUR_SHUR,5,LUR,HUR,2025-03-02,2025-03-03,2,TSE,821.9183959960938,750.7234497070312,751.567626953125,764.2303466796875,752.3943481445312
M5_YLUR_SHUR,5,LUR,HUR,2025-03-02,2025-03-03,2,TSEC,54.56012725830078,49.880126953125,50.765869140625,49.86079406738281,50.03031921386719
M5_YLUR_SHUR,5,LUR,HUR,2025-03-02,2025-03-04,3,Yd,754.4465942382812,750.0397338867188,749.58837890625,749.516845703125,751.0100708007812
M5_YLUR_SHUR,5,LUR,HUR,2025-03-02,2025-03-04,3,TSE,684.2177734375,750.7234497070312,727.9794311523438,780.6285400390625,750.6434936523438
M5_YLUR_SHUR,5,LUR,HUR,2025-03-02,2025-03-04,3,TSEC,42.767330169677734,49.880126953125,49.315513610839844,50.670379638671875,50.0323600769043
M5_YLUR_SHUR,5,LUR,HUR,2025-03-03,2025-03-03,1,Yd,737.319580078125,750.0349731445312,749.3343505859375,751.3158569335938,750.5081176757812
M5_YLUR_SHUR,5,LUR,HUR,2025-03-03,2025-03-03,1,TSE,821.9183959960938,750.7356567382812,749.3739624023438,736.8350219726562,750.3228759765625
M5_YLUR_SHUR,5,LUR,HUR,2025-03-03,2025-03-03,1,TSEC,54.56012725830078,49.88688278198242,50.65502166748047,50.734619140625,49.93741989135742
M5_YLUR_SHUR,5,LUR,HUR,2025-03-03,2025-03-04,2,Yd,754.4465942382812,750.0349731445312,750.1474609375,750.1814575195312,750.9215087890625
M5_YLUR_SHUR,5,LUR,HUR,2025-03-03,2025-03-04,2,TSE,684.2177734375,750.7356567382812,734.5256958007812,755.0216064453125,749.4411010742188
M5_YLUR_SHUR,5,LUR,HUR,2025-03-03,2025-03-04,2,TSEC,42.767330169677734,49.88688278198242,49.18541717529297,49.48039245605469,49.90144348144531
M5_YLUR_SHUR,5,LUR,HUR,2025-03-03,2025-03-05,3,Yd,755.3610229492188,750.0349731445312,747.0814208984375,749.4478759765625,751.0672607421875
M5_YLUR_SHUR,5,LUR,HUR,2025-03-03,2025-03-05,3,TSE,666.9371337890625,750.7356567382812,750.4314575195312,754.4281616210938,747.8803100585938
M5_YLUR_SHUR,5,LUR,HUR,2025-03-03,2025-03-05,3,TSEC,46.782493591308594,49.88688278198242,49.516632080078125,48.53025817871094,49.82240295410156
M5_YLUR_SHUR,5,LUR,HUR,2025-03-04,2025-03-04,1,Yd,754.4465942382812,750.0189208984375,749.4780883789062,751.1782836914062,750.597412109375
M5_YLUR_SHUR,5,LUR,HUR,2025-03-04,2025-03-04,1,TSE,684.2177734375,750.825439453125,746.206787109375,742.25927734375,749.3179321289062
M5_YLUR_SHUR,5,LUR,HUR,2025-03-04,2025-03-04,1,TSEC,42.767330169677734,49.89277267456055,48.533935546875,49.189754486083984,49.9243278503418
M5_YLUR_SHUR,5,LUR,HUR,2025-03-04,2025-03-05,2,Yd,755.3610229492188,750.0189208984375,746.3292236328125,749.4336547851562,750.8565673828125
M5_YLUR_SHUR,5,LUR,HUR,2025-03-04,2025-03-05,2,TSE,666.9371337890625,750.825439453125,752.5338134765625,770.5006713867188,748.5122680664062
M5_YLUR_SHUR,5,LUR,HUR,2025-03-04,2025-03-05,2,TSEC,46.782493591308594,49.89277267456055,49.7452392578125,47.66990661621094,49.86514663696289
M5_YLUR_SHUR,5,LUR,HUR,2025-03-04,2025-03-06,3,Yd,748.9188842773438,750.0189208984375,748.1314086914062,749.0308837890625,750.7974243164062
M5_YLUR_SHUR,5,LUR,HUR,2025-03-04,2025-03-06,3,TSE,689.1038208007812,750.825439453125,748.91455078125,765.2321166992188,748.3103637695312
M5_YLUR_SHUR,5,LUR,HUR,2025-03-04,2025-03-06,3,TSEC,57.2684440612793,49.89277267456055,49.52785110473633,47.571529388427734,49.773101806640625
M5_YLUR_SHUR,5,LUR,HUR,2025-03-05,2025-03-05,1,Yd,755.3610229492188,750.0245361328125,746.5801391601562,748.0160522460938,750.44091796875
M5_YLUR_SHUR,5,LUR,HUR,2025-03-05,2025-03-05,1,TSE,666.9371337890625,750.7415771484375,768.1575927734375,748.8062133789062,749.031005859375
M5_YLUR_SHUR,5,LUR,HUR,2025-03-05,2025-03-05,1,TSEC,46.782493591308594,49.88379669189453,49.59040069580078,49.24617385864258,49.84412384033203
M5_YLUR_SHUR,5,LUR,HUR,2025-03-05,2025-03-06,2,Yd,748.9188842773438,750.0245361328125,748.5149536132812,750.7640991210938,750.501953125
M5_YLUR_SHUR,5,LUR,HUR,2025-03-05,2025-03-06,2,TSE,689.1038208007812,750.7415771484375,753.9268188476562,764.6452026367188,749.2435913085938
M5_YLUR_SHUR,5,LUR,HUR,2025-03-05,2025-03-06,2,TSEC,57.2684440612793,49.88379669189453,49.817935943603516,49.086402893066406,49.72566604614258
M5_YLUR_SHUR,5,LUR,HUR,2025-03-05,2025-03-07,3,Yd,739.5363159179688,750.0245361328125,749.8919677734375,750.3619995117188,750.423828125
M5_YLUR_SHUR,5,LUR,HUR,2025-03-05,2025-03-07,3,TSE,741.1967163085938,750.7415771484375,732.9227905273438,771.1907958984375,750.62890625
M5_YLUR_SHUR,5,LUR,HUR,2025-03-05,2025-03-07,3,TSEC,52.23957061767578,49.88379669189453,49.689544677734375,48.80042266845703,49.67026138305664
M5_YLUR_SHUR,5,LUR,HUR,2025-03-06,2025-03-06,1,Yd,748.9188842773438,750.0311889648438,748.5965576171875,751.3761596679688,750.210205078125
M5_YLUR_SHUR,5,LUR,HUR,2025-03-06,2025-03-06,1,TSE,689.1038208007812,750.6361694335938,741.4319458007812,758.2496337890625,750.4025268554688
M5_YLUR_SHUR,5,LUR,HUR,2025-03-06,2025-03-06,1,TSEC,57.2684440612793,49.87989807128906,49.90064239501953,49.15217590332031,49.76224136352539
M5_YLUR_SHUR,5,LUR,HUR,2025-03-06,2025-03-07,2,Yd,739.5363159179688,750.0311889648438,749.48046875,751.8442993164062,750.2020874023438
M5_YLUR_SHUR,5,LUR,HUR,2025-03-06,2025-03-07,2,TSE,741.1967163085938,750.6361694335938,728.4395751953125,762.378662109375,751.8798828125
M5_YLUR_SHUR,5,LUR,HUR,2025-03-06,2025-03-07,2,TSEC,52.23957061767578,49.87989807128906,49.7700309753418,49.433685302734375,49.66659164428711
M5_YLUR_SHUR,5,LUR,HUR,2025-03-06,2025-03-08,3,Yd,741.2503051757812,750.0311889648438,749.1854248046875,751.23193359375,750.2525634765625
M5_YLUR_SHUR,5,LUR,HUR,2025-03-06,2025-03-08,3,TSE,761.61328125,750.6361694335938,755.669189453125,770.2133178710938,754.7434692382812
M5_YLUR_SHUR,5,LUR,HUR,2025-03-06,2025-03-08,3,TSEC,47.205326080322266,49.87989807128906,49.1316032409668,49.03200912475586,49.646305084228516
M5_YLUR_SHUR,5,LUR,HUR,2025-03-07,2025-03-07,1,Yd,739.5363159179688,750.0298461914062,749.7349243164062,751.0797729492188,750.0870361328125
M5_YLUR_SHUR,5,LUR,HUR,2025-03-07,2025-03-07,1,TSE,741.1967163085938,750.5588989257812,727.7298583984375,742.7105102539062,752.1467895507812
M5_YLUR_SHUR,5,LUR,HUR,2025-03-07,2025-03-07,1,TSEC,52.23957061767578,49.889183044433594,49.32953643798828,49.94411849975586,49.74231719970703
M5_YLUR_SHUR,5,LUR,HUR,2025-03-07,2025-03-08,2,Yd,741.2503051757812,750.0298461914062,749.4715576171875,752.6047973632812,750.1830444335938
M5_YLUR_SHUR,5,LUR,HUR,2025-03-07,2025-03-08,2,TSE,761.61328125,750.5588989257812,758.6329956054688,740.263427734375,755.1074829101562
M5_YLUR_SHUR,5,LUR,HUR,2025-03-07,2025-03-08,2,TSEC,47.205326080322266,49.889183044433594,49.15435028076172,49.456851959228516,49.664527893066406
M5_YLUR_SHUR,5,LUR,HUR,2025-03-07,2025-03-09,3,Yd,758.3848266601562,750.0298461914062,746.2822875976562,752.1234130859375,750.328369140625
M5_YLUR_SHUR,5,LUR,HUR,2025-03-07,2025-03-09,3,TSE,839.9246215820312,750.5588989257812,757.1898193359375,748.2918701171875,756.4690551757812
M5_YLUR_SHUR,5,LUR,HUR,2025-03-07,2025-03-09,3,TSEC,53.95553970336914,49.889183044433594,49.879478454589844,49.30912399291992,49.66455078125
M5_YLUR_SHUR,5,LUR,HUR,2025-03-08,2025-03-08,1,Yd,741.2503051757812,750.0166015625,748.9450073242188,749.7888793945312,750.176513671875
M5_YLUR_SHUR,5,LUR,HUR,2025-03-08,2025-03-08,1,TSE,761.61328125,750.5470581054688,758.0463256835938,738.3024291992188,753.3885498046875
M5_YLUR_SHUR,5,LUR,HUR,2025-03-08,2025-03-08,1,TSEC,47.205326080322266,49.892127990722656,48.86824035644531,49.995357513427734,49.82264709472656
M5_YLUR_SHUR,5,LUR,HUR,2025-03-08,2025-03-09,2,Yd,758.3848266601562,750.0166015625,745.57080078125,751.214111328125,750.3905029296875
M5_YLUR_SHUR,5,LUR,HUR,2025-03-08,2025-03-09,2,TSE,839.9246215820312,750.5470581054688,753.4068603515625,762.2516479492188,755.2183837890625
M5_YLUR_SHUR,5,LUR,HUR,2025-03-08,2025-03-09,2,TSEC,53.95553970336914,49.892127990722656,49.97031021118164,49.51658630371094,49.81985855102539
M5_YLUR_SHUR,5,LUR,HUR,2025-03-08,2025-03-10,3,Yd,743.0018920898438,750.0166015625,749.37109375,751.0787353515625,750.7196044921875
M5_YLUR_SHUR,5,LUR,HUR,2025-03-08,2025-03-10,3,TSE,723.5679321289062,750.5470581054688,739.3300170898438,767.1021118164062,754.6331176757812
M5_YLUR_SHUR,5,LUR,HUR,2025-03-08,2025-03-10,3,TSEC,47.46280288696289,49.892127990722656,50.67229080200195,49.393863677978516,49.83784103393555
M5_YLUR_SHUR,5,LUR,HUR,2025-03-09,2025-03-09,1,Yd,758.3848266601562,750.005615234375,749.8786010742188,749.9378051757812,750.3349609375
M5_YLUR_SHUR,5,LUR,HUR,2025-03-09,2025-03-09,1,TSE,839.9246215820312,750.5609130859375,744.7886352539062,731.0618286132812,752.6319580078125
M5_YLUR_SHUR,5,LUR,HUR,2025-03-09,2025-03-09,1,TSEC,53.95553970336914,49.888763427734375,50.022335052490234,49.874549865722656,49.883785247802734
M5_YLUR_SHUR,5,LUR,HUR,2025-03-09,2025-03-10,2,Yd,743.0018920898438,750.005615234375,748.7367553710938,750.65966796875,750.7393188476562
M5_YLUR_SHUR,5,LUR,HUR,2025-03-09,2025-03-10,2,TSE,723.5679321289062,750.5609130859375,740.81982421875,752.5955200195312,752.622314453125
M5_YLUR_SHUR,5,LUR,HUR,2025-03-09,2025-03-10,2,TSEC,47.46280288696289,49.888763427734375,50.71908187866211,49.3691291809082,49.890560150146484
M5_YLUR_SHUR,5,LUR,HUR,2025-03-09,2025-03-11,3,Yd,751.7391357421875,750.005615234375,748.7081909179688,750.30322265625,751.12353515625
M5_YLUR_SHUR,5,LUR,HUR,2025-03-09,2025-03-11,3,TSE,694.4705810546875,750.5609130859375,753.2163696289062,766.0746459960938,751.0115966796875
M5_YLUR_SHUR,5,LUR,HUR,2025-03-09,2025-03-11,3,TSEC,43.42220687866211,49.888763427734375,49.13977813720703,48.875511169433594,49.86292266845703
M5_YLUR_SHUR,5,LUR,HUR,2025-03-10,2025-03-10,1,Yd,743.0018920898438,750.01611328125,749.2882080078125,751.5796508789062,750.4295043945312
M5_YLUR_SHUR,5,LUR,HUR,2025-03-10,2025-03-10,1,TSE,723.5679321289062,750.6727905273438,747.45751953125,732.2013549804688,750.1994018554688
M5_YLUR_SHUR,5,LUR,HUR,2025-03-10,2025-03-10,1,TSEC,47.46280288696289,49.89385223388672,50.60894775390625,50.386837005615234,49.90234375
M5_YLUR_SHUR,5,LUR,HUR,2025-03-10,2025-03-11,2,Yd,751.7391357421875,750.01611328125,748.9589233398438,750.358154296875,750.7860717773438
M5_YLUR_SHUR,5,LUR,HUR,2025-03-10,2025-03-11,2,TSE,694.4705810546875,750.6727905273438,750.6564331054688,753.370361328125,749.1648559570312
M5_YLUR_SHUR,5,LUR,HUR,2025-03-10,2025-03-11,2,TSEC,43.42220687866211,49.89385223388672,48.99464416503906,49.40793228149414,49.844852447509766
M5_YLUR_SHUR,5,LUR,HUR,2025-03-10,2025-03-12,3,Yd,741.6798706054688,750.01611328125,746.6748046875,750.77001953125,750.8924560546875
M5_YLUR_SHUR,5,LUR,HUR,2025-03-10,2025-03-12,3,TSE,917.8408813476562,750.6727905273438,752.044189453125,757.6638793945312,747.4354248046875
M5_YLUR_SHUR,5,LUR,HUR,2025-03-10,2025-03-12,3,TSEC,43.54243087768555,49.89385223388672,49.486961364746094,48.25885772705078,49.752132415771484
M5_YLUR_SHUR,5,LUR,HUR,2025-03-11,2025-03-11,1,Yd,751.7391357421875,750.0074462890625,749.4039916992188,749.9631958007812,750.5657958984375
M5_YLUR_SHUR,5,LUR,HUR,2025-03-11,2025-03-11,1,TSE,694.4705810546875,750.638916015625,754.43017578125,749.8952026367188,748.85546875
M5_YLUR_SHUR,5,LUR,HUR,2025-03-11,2025-03-11,1,TSEC,43.42220687866211,49.89081573486328,48.80290603637695,49.652259826660156,49.84846878051758
M5_YLUR_SHUR,5,LUR,HUR,2025-03-11,2025-03-12,2,Yd,741.6798706054688,750.0074462890625,747.3026123046875,750.7059326171875,750.8327026367188
M5_YLUR_SHUR,5,LUR,HUR,2025-03-11,2025-03-12,2,TSE,917.8408813476562,750.638916015625,762.2720947265625,759.4932250976562,747.8004150390625
M5_YLUR_SHUR,5,LUR,HUR,2025-03-11,2025-03-12,2,TSEC,43.54243087768555,49.89081573486328,49.63873291015625,48.34349060058594,49.739501953125
M5_YLUR_SHUR,5,LUR,HUR,2025-03-11,2025-03-13,3,Yd,758.118408203125,750.0074462890625,748.8684692382812,750.2611083984375,750.7838134765625
M5_YLUR_SHUR,5,LUR,HUR,2025-03-11,2025-03-13,3,TSE,785.8992919921875,750.638916015625,756.6171264648438,757.3009643554688,747.4373168945312
M5_YLUR_SHUR,5,LUR,HUR,2025-03-11,2025-03-13,3,TSEC,53.473968505859375,49.89081573486328,49.74197769165039,48.11349868774414,49.626338958740234
M5_YLUR_SHUR,5,LUR,HUR,2025-03-12,2025-03-12,1,Yd,741.6798706054688,750.0095825195312,746.6630859375,749.1276245117188,750.4522094726562
M5_YLUR_SHUR,5,LUR,HUR,2025-03-12,2025-03-12,1,TSE,917.8408813476562,750.56884765625,770.8416137695312,740.704833984375,748.85546875
M5_YLUR_SHUR,5,LUR,HUR,2025-03-12,2025-03-12,1,TSEC,43.54243087768555,49.88274002075195,49.80607604980469,49.64448928833008,49.7924919128418
M5_YLUR_SHUR,5,LUR,HUR,2025-03-12,2025-03-13,2,Yd,758.118408203125,750.0095825195312,748.21875,749.910400390625,750.515869140625
M5_YLUR_SHUR,5,LUR,HUR,2025-03-12,2025-03-13,2,TSE,785.8992919921875,750.56884765625,755.3609008789062,755.9149780273438,748.9235229492188
M5_YLUR_SHUR,5,LUR,HUR,2025-03-12,2025-03-13,2,TSEC,53.473968505859375,49.88274002075195,49.92457962036133,49.069549560546875,49.64350128173828
M5_YLUR_SHUR,5,LUR,HUR,2025-03-12,2025-03-14,3,Yd,765.7365112304688,750.0095825195312,749.36181640625,750.058349609375,750.4182739257812
M5_YLUR_SHUR,5,LUR,HUR,2025-03-12,2025-03-14,3,TSE,706.3421020507812,750.56884765625,735.068603515625,751.8558959960938,749.4378051757812
M5_YLUR_SHUR,5,LUR,HUR,2025-03-12,2025-03-14,3,TSEC,49.077274322509766,49.88274002075195,49.80172348022461,48.83133316040039,49.57637023925781
M5_YLUR_SHUR,5,LUR,HUR,2025-03-13,2025-03-13,1,Yd,758.118408203125,749.9992065429688,748.213134765625,750.034912109375,750.28173828125
M5_YLUR_SHUR,5,LUR,HUR,2025-03-13,2025-03-13,1,TSE,785.8992919921875,750.7772827148438,767.4827270507812,738.9873046875,749.79736328125
M5_YLUR_SHUR,5,LUR,HUR,2025-03-13,2025-03-13,1,TSEC,53.473968505859375,49.87483596801758,50.113956451416016,49.402034759521484,49.9019775390625
M5_YLUR_SHUR,5,LUR,HUR,2025-03-13,2025-03-14,2,Yd,765.7365112304688,749.9992065429688,749.4075927734375,750.4664306640625,750.3475341796875
M5_YLUR_SHUR,5,LUR,HUR,2025-03-13,2025-03-14,2,TSE,706.3421020507812,750.7772827148438,732.8145751953125,746.3380126953125,751.3126220703125
M5_YLUR_SHUR,5,LUR,HUR,2025-03-13,2025-03-14,2,TSEC,49.077274322509766,49.87483596801758,50.01467514038086,49.0485725402832,49.882877349853516
M5_YLUR_SHUR,5,LUR,HUR,2025-03-13,2025-03-15,3,Yd,749.9091186523438,749.9992065429688,749.0050048828125,750.6176147460938,750.3853149414062
M5_YLUR_SHUR,5,LUR,HUR,2025-03-13,2025-03-15,3,TSE,770.3387451171875,750.7772827148438,754.6187133789062,760.7271728515625,754.0504760742188
M5_YLUR_SHUR,5,LUR,HUR,2025-03-13,2025-03-15,3,TSEC,52.94065856933594,49.87483596801758,49.248538970947266,49.094337463378906,49.94536590576172
M5_YLUR_SHUR,5,LUR,HUR,2025-03-14,2025-03-14,1,Yd,765.7365112304688,750.0093383789062,749.8956298828125,749.1307373046875,750.0942993164062
M5_YLUR_SHUR,5,LUR,HUR,2025-03-14,2025-03-14,1,TSE,706.3421020507812,750.821044921875,735.2001342773438,735.6382446289062,751.7465209960938
M5_YLUR_SHUR,5,LUR,HUR,2025-03-14,2025-03-14,1,TSEC,49.077274322509766,49.87931442260742,49.88050842285156,49.65121841430664,49.83237075805664
M5_YLUR_SHUR,5,LUR,HUR,2025-03-14,2025-03-15,2,Yd,749.9091186523438,750.0093383789062,749.652587890625,750.8258666992188,750.12939453125
M5_YLUR_SHUR,5,LUR,HUR,2025-03-14,2025-03-15,2,TSE,770.3387451171875,750.821044921875,754.04248046875,735.3527221679688,754.6981811523438
M5_YLUR_SHUR,5,LUR,HUR,2025-03-14,2025-03-15,2,TSEC,52.94065856933594,49.87931442260742,49.09800338745117,49.29608917236328,49.82906723022461
M5_YLUR_SHUR,5,LUR,HUR,2025-03-14,2025-03-16,3,Yd,753.32470703125,750.0093383789062,745.7290649414062,750.7183837890625,750.1903076171875
M5_YLUR_SHUR,5,LUR,HUR,2025-03-14,2025-03-16,3,TSE,693.2074584960938,750.821044921875,749.8590698242188,750.91162109375,756.2960205078125
M5_YLUR_SHUR,5,LUR,HUR,2025-03-14,2025-03-16,3,TSEC,57.1895637512207,49.87931442260742,50.33597946166992,49.909934997558594,49.93916320800781
M5_YLUR_SHUR,5,LUR,HUR,2025-03-15,2025-03-15,1,Yd,749.9091186523438,750.0288696289062,749.3942260742188,749.6557006835938,750.000732421875
M5_YLUR_SHUR,5,LUR,HUR,2025-03-15,2025-03-15,1,TSE,770.3387451171875,750.7656860351562,750.5774536132812,736.2957153320312,752.2642822265625
M5_YLUR_SHUR,5,LUR,HUR,2025-03-15,2025-03-15,1,TSEC,52.94065856933594,49.878318786621094,49.129791259765625,50.06879425048828,49.81972885131836
M5_YLUR_SHUR,5,LUR,HUR,2025-03-15,2025-03-16,2,Yd,753.32470703125,750.0288696289062,750.2376098632812,749.095703125,750.0745849609375
M5_YLUR_SHUR,5,LUR,HUR,2025-03-15,2025-03-16,2,TSE,693.2074584960938,750.7656860351562,749.3919677734375,756.8470458984375,753.8909301757812
M5_YLUR_SHUR,5,LUR,HUR,2025-03-15,2025-03-16,2,TSEC,57.1895637512207,49.878318786621094,50.73670196533203,50.282470703125,49.88423156738281
M5_YLUR_SHUR,5,LUR,HUR,2025-03-15,2025-03-17,3,Yd,757.547119140625,750.0288696289062,748.9371337890625,749.6852416992188,750.2545776367188
M5_YLUR_SHUR,5,LUR,HUR,2025-03-15,2025-03-17,3,TSE,676.4962158203125,750.7656860351562,743.4666137695312,760.4475708007812,753.1788940429688
M5_YLUR_SHUR,5,LUR,HUR,2025-03-15,2025-03-17,3,TSEC,53.505287170410156,49.878318786621094,50.85197067260742,50.64350509643555,49.99969482421875
M5_YLUR_SHUR,5,LUR,HUR,2025-03-16,2025-03-16,1,Yd,753.32470703125,750.0287475585938,746.1671142578125,749.0783081054688,750.1412963867188
M5_YLUR_SHUR,5,LUR,HUR,2025-03-16,2025-03-16,1,TSE,693.2074584960938,750.7900390625,752.6775512695312,720.1646728515625,751.5206298828125
M5_YLUR_SHUR,5,LUR,HUR,2025-03-16,2025-03-16,1,TSEC,57.1895637512207,49.88212203979492,50.238773345947266,50.412315368652344,49.915889739990234
M5_YLUR_SHUR,5,LUR,HUR,2025-03-16,2025-03-17,2,Yd,757.547119140625,750.0287475585938,749.9548950195312,749.8565673828125,750.3770751953125
M5_YLUR_SHUR,5,LUR,HUR,2025-03-16,2025-03-17,2,TSE,676.4962158203125,750.7900390625,744.7523193359375,742.046875,751.0476684570312
M5_YLUR_SHUR,5,LUR,HUR,2025-03-16,2025-03-17,2,TSEC,53.505287170410156,49.88212203979492,50.67847442626953,50.54117202758789,49.97441482543945
M5_YLUR_SHUR,5,LUR,HUR,2025-03-16,2025-03-18,3,Yd,740.3257446289062,750.0287475585938,749.0513916015625,749.593505859375,750.5800170898438
M5_YLUR_SHUR,5,LUR,HUR,2025-03-16,2025-03-18,3,TSE,724.243408203125,750.7900390625,744.3343505859375,725.180419921875,747.9166870117188
M5_YLUR_SHUR,5,LUR,HUR,2025-03-16,2025-03-18,3,TSEC,48.1870231628418,49.88212203979492,49.06053161621094,50.150699615478516,50.01453399658203
M5_YLUR_SHUR,5,LUR,HUR,2025-03-17,2025-03-17,1,Yd,757.547119140625,750.0327758789062,748.9729614257812,750.27392578125,750.3340454101562
M5_YLUR_SHUR,5,LUR,HUR,2025-03-17,2025-03-17,1,TSE,676.4962158203125,750.7186889648438,735.4298095703125,720.302490234375,749.0430908203125
M5_YLUR_SHUR,5,LUR,HUR,2025-03-17,2025-03-17,1,TSEC,53.505287170410156,49.89118576049805,50.531036376953125,50.302696228027344,49.88195037841797
M5_YLUR_SHUR,5,LUR,HUR,2025-03-17,2025-03-18,2,Yd,740.3257446289062,750.0327758789062,748.998046875,749.675537109375,750.609375
M5_YLUR_SHUR,5,LUR,HUR,2025-03-17,2025-03-18,2,TSE,724.243408203125,750.7186889648438,743.0379028320312,744.6990966796875,746.9111938476562
M5_YLUR_SHUR,5,LUR,HUR,2025-03-17,2025-03-18,2,TSEC,48.1870231628418,49.89118576049805,48.528629302978516,50.055206298828125,49.822845458984375
M5_YLUR_SHUR,5,LUR,HUR,2025-03-17,2025-03-19,3,Yd,757.6482543945312,750.0327758789062,749.6624145507812,749.08251953125,750.6947021484375
M5_YLUR_SHUR,5,LUR,HUR,2025-03-17,2025-03-19,3,TSE,682.4984130859375,750.7186889648438,749.830810546875,743.7085571289062,745.1784057617188
M5_YLUR_SHUR,5,LUR,HUR,2025-03-17,2025-03-19,3,TSEC,54.07588195800781,49.89118576049805,49.405067443847656,49.95193099975586,49.73164367675781
M5_YLUR_SHUR,5,LUR,HUR,2025-03-18,2025-03-18,1,Yd,740.3257446289062,750.0421142578125,751.109375,750.1593017578125,750.4052734375
M5_YLUR_SHUR,5,LUR,HUR,2025-03-18,2025-03-18,1,TSE,724.243408203125,750.626708984375,737.0597534179688,735.7894287109375,747.8609008789062
M5_YLUR_SHUR,5,LUR,HUR,2025-03-18,2025-03-18,1,TSEC,48.1870231628418,49.895668029785156,48.451751708984375,49.87752151489258,49.77888870239258
M5_YLUR_SHUR,5,LUR,HUR,2025-03-18,2025-03-19,2,Yd,757.6482543945312,750.0421142578125,748.5241088867188,749.6055908203125,750.5781860351562
M5_YLUR_SHUR,5,LUR,HUR,2025-03-18,2025-03-19,2,TSE,682.4984130859375,750.626708984375,753.32177734375,750.6644897460938,746.6153564453125
M5_YLUR_SHUR,5,LUR,HUR,2025-03-18,2025-03-19,2,TSEC,54.07588195800781,49.895668029785156,49.31321334838867,49.56617736816406,49.659664154052734
M5_YLUR_SHUR,5,LUR,HUR,2025-03-18,2025-03-20,3,Yd,753.1678466796875,750.0421142578125,749.7319946289062,749.0286865234375,750.4934692382812
M5_YLUR_SHUR,5,LUR,HUR,2025-03-18,2025-03-20,3,TSE,853.8292236328125,750.626708984375,747.0415649414062,744.2078857421875,747.3921508789062
M5_YLUR_SHUR,5,LUR,HUR,2025-03-18,2025-03-20,3,TSEC,54.30057907104492,49.895668029785156,49.67646789550781,48.86863708496094,49.52717590332031
M5_YLUR_SHUR,5,LUR,HUR,2025-03-19,2025-03-19,1,Yd,757.6482543945312,750.0300903320312,747.6918334960938,750.5474243164062,750.4246215820312
M5_YLUR_SHUR,5,LUR,HUR,2025-03-19,2025-03-19,1,TSE,682.4984130859375,750.593994140625,751.0743408203125,734.7437133789062,748.368896484375
M5_YLUR_SHUR,5,LUR,HUR,2025-03-19,2025-03-19,1,TSEC,54.07588195800781,49.893550872802734,49.285972595214844,49.618099212646484,49.779056549072266
M5_YLUR_SHUR,5,LUR,HUR,2025-03-19,2025-03-20,2,Yd,753.1678466796875,750.0300903320312,748.2357788085938,749.411865234375,750.439697265625
M5_YLUR_SHUR,5,LUR,HUR,2025-03-19,2025-03-20,2,TSE,853.8292236328125,750.593994140625,746.5882568359375,740.5403442382812,748.7874755859375
M5_YLUR_SHUR,5,LUR,HUR,2025-03-19,2025-03-20,2,TSEC,54.30057907104492,49.893550872802734,49.69541549682617,48.77341842651367,49.5811882019043
M5_YLUR_SHUR,5,LUR,HUR,2025-03-19,2025-03-21,3,Yd,749.6912841796875,750.0300903320312,749.0106201171875,748.9976806640625,750.3435668945312
M5_YLUR_SHUR,5,LUR,HUR,2025-03-19,2025-03-21,3,TSE,804.5237426757812,750.593994140625,735.6751098632812,738.1541748046875,748.9403686523438
M5_YLUR_SHUR,5,LUR,HUR,2025-03-19,2025-03-21,3,TSEC,50.136940002441406,49.893550872802734,49.560211181640625,48.41098403930664,49.477516174316406
M5_YLUR_SHUR,5,LUR,HUR,2025-03-20,2025-03-20,1,Yd,753.1678466796875,750.0394897460938,748.2874755859375,750.9877319335938,750.1889038085938
M5_YLUR_SHUR,5,LUR,HUR,2025-03-20,2025-03-20,1,TSE,853.8292236328125,750.5098266601562,747.3211059570312,733.8607177734375,749.9561767578125
M5_YLUR_SHUR,5,LUR,HUR,2025-03-20,2025-03-20,1,TSEC,54.30057907104492,49.89872360229492,49.5667724609375,49.96100616455078,49.70096206665039
M5_YLUR_SHUR,5,LUR,HUR,2025-03-20,2025-03-21,2,Yd,749.6912841796875,750.0394897460938,749.2318115234375,751.8638305664062,750.135498046875
M5_YLUR_SHUR,5,LUR,HUR,2025-03-20,2025-03-21,2,TSE,804.5237426757812,750.5098266601562,739.4666137695312,745.3336181640625,750.7130126953125
M5_YLUR_SHUR,5,LUR,HUR,2025-03-20,2025-03-21,2,TSEC,50.136940002441406,49.89872360229492,49.40980911254883,49.315521240234375,49.51567840576172
M5_YLUR_SHUR,5,LUR,HUR,2025-03-20,2025-03-22,3,Yd,754.0201416015625,750.0394897460938,749.6615600585938,750.8938598632812,750.0133056640625
M5_YLUR_SHUR,5,LUR,HUR,2025-03-20,2025-03-22,3,TSE,775.6339111328125,750.5098266601562,754.1398315429688,756.8017578125,752.3856811523438
M5_YLUR_SHUR,5,LUR,HUR,2025-03-20,2025-03-22,3,TSEC,49.0947265625,49.89872360229492,48.89838790893555,48.90486526489258,49.44879150390625
M5_YLUR_SHUR,5,LUR,HUR,2025-03-21,2025-03-21,1,Yd,749.6912841796875,750.0433349609375,749.1200561523438,750.50537109375,750.01708984375
M5_YLUR_SHUR,5,LUR,HUR,2025-03-21,2025-03-21,1,TSE,804.5237426757812,750.6373291015625,746.0350341796875,738.4324951171875,751.02490234375
M5_YLUR_SHUR,5,LUR,HUR,2025-03-21,2025-03-21,1,TSEC,50.136940002441406,49.90415573120117,49.24396514892578,48.841251373291016,49.72807312011719
M5_YLUR_SHUR,5,LUR,HUR,2025-03-21,2025-03-22,2,Yd,754.0201416015625,750.0433349609375,749.5748291015625,750.7802734375,749.978515625
M5_YLUR_SHUR,5,LUR,HUR,2025-03-21,2025-03-22,2,TSE,775.6339111328125,750.6373291015625,750.5465087890625,737.2349853515625,753.1710815429688
M5_YLUR_SHUR,5,LUR,HUR,2025-03-21,2025-03-22,2,TSEC,49.0947265625,49.90415573120117,48.693668365478516,48.761783599853516,49.625221252441406
M5_YLUR_SHUR,5,LUR,HUR,2025-03-21,2025-03-23,3,Yd,754.6713256835938,750.0433349609375,745.8873901367188,750.835693359375,750.039794921875
M5_YLUR_SHUR,5,LUR,HUR,2025-03-21,2025-03-23,3,TSE,746.8912963867188,750.6373291015625,756.3217163085938,738.2598266601562,754.2696533203125
M5_YLUR_SHUR,5,LUR,HUR,2025-03-21,2025-03-23,3,TSEC,48.17428207397461,49.90415573120117,50.43046951293945,49.51254653930664,49.70370864868164
M5_YLUR_SHUR,5,LUR,HUR,2025-03-22,2025-03-22,1,Yd,754.0201416015625,750.0429077148438,749.473876953125,749.2706909179688,750.0250244140625
M5_YLUR_SHUR,5,LUR,HUR,2025-03-22,2025-03-22,1,TSE,775.6339111328125,750.7037353515625,746.900390625,738.7208251953125,752.0084228515625
M5_YLUR_SHUR,5,LUR,HUR,2025-03-22,2025-03-22,1,TSEC,49.0947265625,49.90444564819336,48.79582595825195,49.417179107666016,49.81330490112305
M5_YLUR_SHUR,5,LUR,HUR,2025-03-22,2025-03-23,2,Yd,754.6713256835938,750.0429077148438,745.6177978515625,750.0435180664062,750.1083984375
M5_YLUR_SHUR,5,LUR,HUR,2025-03-22,2025-03-23,2,TSE,746.8912963867188,750.7037353515625,745.95751953125,743.326904296875,753.7294311523438
M5_YLUR_SHUR,5,LUR,HUR,2025-03-22,2025-03-23,2,TSEC,48.17428207397461,49.90444564819336,50.233028411865234,49.365989685058594,49.855445861816406
M5_YLUR_SHUR,5,LUR,HUR,2025-03-22,2025-03-24,3,Yd,751.9035034179688,750.0429077148438,749.4024047851562,749.8799438476562,750.313232421875
M5_YLUR_SHUR,5,LUR,HUR,2025-03-22,2025-03-24,3,TSE,682.057373046875,750.7037353515625,743.0092163085938,761.8976440429688,753.4178466796875
M5_YLUR_SHUR,5,LUR,HUR,2025-03-22,2025-03-24,3,TSEC,52.59468078613281,49.90444564819336,50.66383361816406,49.9293327331543,49.927772521972656
M5_YLUR_SHUR,5,LUR,HUR,2025-03-23,2025-03-23,1,Yd,754.6713256835938,750.0477905273438,750.3810424804688,749.9384155273438,750.1354370117188
M5_YLUR_SHUR,5,LUR,HUR,2025-03-23,2025-03-23,1,TSE,746.8912963867188,750.7344360351562,759.5849609375,739.4649658203125,751.4471435546875
M5_YLUR_SHUR,5,LUR,HUR,2025-03-23,2025-03-23,1,TSEC,48.17428207397461,49.903446197509766,50.384700775146484,50.26568603515625,49.89693069458008
M5_YLUR_SHUR,5,LUR,HUR,2025-03-23,2025-03-24,2,Yd,751.9035034179688,750.0477905273438,749.1241455078125,750.2366333007812,750.345703125
M5_YLUR_SHUR,5,LUR,HUR,2025-03-23,2025-03-24,2,TSE,682.057373046875,750.7344360351562,751.7077026367188,745.3211669921875,751.1480712890625
M5_YLUR_SHUR,5,LUR,HUR,2025-03-23,2025-03-24,2,TSEC,52.59468078613281,49.903446197509766,50.50347900390625,50.057552337646484,49.938941955566406
M5_YLUR_SHUR,5,LUR,HUR,2025-03-23,2025-03-25,3,Yd,747.1338500976562,750.0477905273438,748.98974609375,750.0305786132812,750.5653686523438
M5_YLUR_SHUR,5,LUR,HUR,2025-03-23,2025-03-25,3,TSE,683.3826293945312,750.7344360351562,753.0941162109375,747.7694091796875,748.273681640625
M5_YLUR_SHUR,5,LUR,HUR,2025-03-23,2025-03-25,3,TSEC,46.47650146484375,49.903446197509766,48.45680618286133,49.52850341796875,49.9691162109375
M5_YLUR_SHUR,5,LUR,HUR,2025-03-24,2025-03-24,1,Yd,751.9035034179688,750.0535278320312,751.6756591796875,749.6317138671875,750.3123168945312
M5_YLUR_SHUR,5,LUR,HUR,2025-03-24,2025-03-24,1,TSE,682.057373046875,750.7297973632812,747.7523193359375,726.7985229492188,748.9661254882812
M5_YLUR_SHUR,5,LUR,HUR,2025-03-24,2025-03-24,1,TSEC,52.59468078613281,49.90132141113281,50.51234436035156,50.457275390625,49.91815185546875
M5_YLUR_SHUR,5,LUR,HUR,2025-03-24,2025-03-25,2,Yd,747.1338500976562,750.0535278320312,752.0178833007812,750.06201171875,750.59228515625
M5_YLUR_SHUR,5,LUR,HUR,2025-03-24,2025-03-25,2,TSE,683.3826293945312,750.7297973632812,747.8644409179688,731.7474365234375,747.0602416992188
M5_YLUR_SHUR,5,LUR,HUR,2025-03-24,2025-03-25,2,TSEC,46.47650146484375,49.90132141113281,48.65334701538086,50.026729583740234,49.887062072753906
M5_YLUR_SHUR,5,LUR,HUR,2025-03-24,2025-03-26,3,Yd,751.3387451171875,750.0535278320312,749.04931640625,750.3272705078125,750.6995849609375
M5_YLUR_SHUR,5,LUR,HUR,2025-03-24,2025-03-26,3,TSE,750.6199951171875,750.7297973632812,737.4139404296875,723.9360961914062,745.8123779296875
M5_YLUR_SHUR,5,LUR,HUR,2025-03-24,2025-03-26,3,TSEC,52.11701202392578,49.90132141113281,49.43086242675781,49.59675598144531,49.836509704589844
M5_YLUR_SHUR,5,LUR,HUR,2025-03-25,2025-03-25,1,Yd,747.1338500976562,750.0557250976562,749.075927734375,749.7850952148438,750.46240234375
M5_YLUR_SHUR,5,LUR,HUR,2025-03-25,2025-03-25,1,TSE,683.3826293945312,750.6454467773438,736.5986938476562,712.1423950195312,747.9088134765625
M5_YLUR_SHUR,5,LUR,HUR,2025-03-25,2025-03-25,1,TSEC,46.47650146484375,49.90462875366211,48.883583068847656,50.010162353515625,49.8243408203125
M5_YLUR_SHUR,5,LUR,HUR,2025-03-25,2025-03-26,2,Yd,751.3387451171875,750.0557250976562,749.878662109375,750.1464233398438,750.63720703125
M5_YLUR_SHUR,5,LUR,HUR,2025-03-25,2025-03-26,2,TSE,750.6199951171875,750.6454467773438,762.4620971679688,717.7910766601562,746.903564453125
M5_YLUR_SHUR,5,LUR,HUR,2025-03-25,2025-03-26,2,TSEC,52.11701202392578,49.90462875366211,49.43935012817383,49.74753952026367,49.71031188964844
M5_YLUR_SHUR,5,LUR,HUR,2025-03-25,2025-03-27,3,Yd,751.79052734375,750.0557250976562,749.7279052734375,749.8931274414062,750.5515747070312
M5_YLUR_SHUR,5,LUR,HUR,2025-03-25,2025-03-27,3,TSE,657.7244262695312,750.6454467773438,742.9952392578125,712.2730102539062,746.9061279296875
M5_YLUR_SHUR,5,LUR,HUR,2025-03-25,2025-03-27,3,TSEC,52.87340545654297,49.90462875366211,49.8476448059082,49.671688079833984,49.596378326416016
M5_YLUR_SHUR,5,LUR,HUR,2025-03-26,2025-03-26,1,Yd,751.3387451171875,750.0521240234375,747.4266357421875,749.4513549804688,750.4214477539062
M5_YLUR_SHUR,5,LUR,HUR,2025-03-26,2025-03-26,1,TSE,750.6199951171875,750.5628662109375,751.5947875976562,733.1813354492188,748.3912963867188
M5_YLUR_SHUR,5,LUR,HUR,2025-03-26,2025-03-26,1,TSEC,52.11701202392578,49.900421142578125,49.57923889160156,49.84132766723633,49.7840461730957
M5_YLUR_SHUR,5,LUR,HUR,2025-03-26,2025-03-27,2,Yd,751.79052734375,750.0521240234375,748.25341796875,748.7804565429688,750.4415893554688
M5_YLUR_SHUR,5,LUR,HUR,2025-03-26,2025-03-27,2,TSE,657.7244262695312,750.5628662109375,741.0342407226562,740.443359375,748.7035522460938
M5_YLUR_SHUR,5,LUR,HUR,2025-03-26,2025-03-27,2,TSEC,52.87340545654297,49.900421142578125,49.955665588378906,49.3382682800293,49.619773864746094
M5_YLUR_SHUR,5,LUR,HUR,2025-03-26,2025-03-28,3,Yd,758.2755737304688,750.0521240234375,749.2012329101562,749.3489990234375,750.4359130859375
M5_YLUR_SHUR,5,LUR,HUR,2025-03-26,2025-03-28,3,TSE,623.4853515625,750.5628662109375,740.9782104492188,726.15185546875,748.190185546875
M5_YLUR_SHUR,5,LUR,HUR,2025-03-26,2025-03-28,3,TSEC,51.19670486450195,49.900421142578125,49.72489929199219,49.34137725830078,49.47933578491211
M5_YLUR_SHUR,5,LUR,HUR,2025-03-27,2025-03-27,1,Yd,751.79052734375,750.0537719726562,748.8428955078125,750.3045043945312,750.1963500976562
M5_YLUR_SHUR,5,LUR,HUR,2025-03-27,2025-03-27,1,TSE,657.7244262695312,750.56298828125,745.3978881835938,727.9542236328125,749.7965087890625
M5_YLUR_SHUR,5,LUR,HUR,2025-03-27,2025-03-27,1,TSEC,52.87340545654297,49.90313720703125,49.8182487487793,49.316383361816406,49.725643157958984
M5_YLUR_SHUR,5,LUR,HUR,2025-03-27,2025-03-28,2,Yd,758.2755737304688,750.0537719726562,749.353271484375,751.1896362304688,750.1874389648438
M5_YLUR_SHUR,5,LUR,HUR,2025-03-27,2025-03-28,2,TSE,623.4853515625,750.56298828125,755.154541015625,727.6632080078125,750.1672973632812
M5_YLUR_SHUR,5,LUR,HUR,2025-03-27,2025-03-28,2,TSEC,51.19670486450195,49.90313720703125,49.534549713134766,48.77065658569336,49.576019287109375
M5_YLUR_SHUR,5,LUR,HUR,2025-03-27,2025-03-29,3,Yd,740.461181640625,750.0537719726562,749.4227294921875,750.6795043945312,750.096435546875
M5_YLUR_SHUR,5,LUR,HUR,2025-03-27,2025-03-29,3,TSE,719.7903442382812,750.56298828125,742.2030029296875,743.5368041992188,751.5269165039062
M5_YLUR_SHUR,5,LUR,HUR,2025-03-27,2025-03-29,3,TSEC,53.734676361083984,49.90313720703125,49.00321960449219,49.11793518066406,49.53664016723633
M5_YLUR_SHUR,5,LUR,HUR,2025-03-28,2025-03-28,1,Yd,758.2755737304688,750.055908203125,749.4271240234375,751.02880859375,750.0801391601562
M5_YLUR_SHUR,5,LUR,HUR,2025-03-28,2025-03-28,1,TSE,623.4853515625,750.4493408203125,749.0306396484375,739.3771362304688,750.7963256835938
M5_YLUR_SHUR,5,LUR,HUR,2025-03-28,2025-03-28,1,TSEC,51.19670486450195,49.906776428222656,49.51335906982422,49.39105224609375,49.71018600463867
M5_YLUR_SHUR,5,LUR,HUR,2025-03-28,2025-03-29,2,Yd,740.461181640625,750.055908203125,749.694091796875,752.059814453125,750.0590209960938
M5_YLUR_SHUR,5,LUR,HUR,2025-03-28,2025-03-29,2,TSE,719.7903442382812,750.4493408203125,744.7566528320312,748.2362670898438,752.4320068359375
M5_YLUR_SHUR,5,LUR,HUR,2025-03-28,2025-03-29,2,TSEC,53.734676361083984,49.906776428222656,48.942771911621094,49.259803771972656,49.619834899902344
M5_YLUR_SHUR,5,LUR,HUR,2025-03-28,2025-03-30,3,Yd,744.8762817382812,750.055908203125,746.2235107421875,750.9549560546875,750.1137084960938
M5_YLUR_SHUR,5,LUR,HUR,2025-03-28,2025-03-30,3,TSE,868.62255859375,750.4493408203125,752.7939453125,757.3671875,753.0204467773438
M5_YLUR_SHUR,5,LUR,HUR,2025-03-28,2025-03-30,3,TSEC,47.50930404663086,49.906776428222656,50.27590560913086,49.79946517944336,49.69242477416992
M5_YLUR_SHUR,5,LUR,HUR,2025-03-29,2025-03-29,1,Yd,740.461181640625,750.0660400390625,751.8262329101562,751.2514038085938,750.0423583984375
M5_YLUR_SHUR,5,LUR,HUR,2025-03-29,2025-03-29,1,TSE,719.7903442382812,750.2940673828125,741.4676513671875,741.1283569335938,750.8072509765625
M5_YLUR_SHUR,5,LUR,HUR,2025-03-29,2025-03-29,1,TSEC,53.734676361083984,49.90835189819336,48.897361755371094,49.91513442993164,49.76483154296875
M5_YLUR_SHUR,5,LUR,HUR,2025-03-29,2025-03-30,2,Yd,744.8762817382812,750.0660400390625,748.0427856445312,751.3155517578125,750.142333984375
M5_YLUR_SHUR,5,LUR,HUR,2025-03-29,2025-03-30,2,TSE,868.62255859375,750.2940673828125,752.0383911132812,755.3709716796875,751.4270629882812
M5_YLUR_SHUR,5,LUR,HUR,2025-03-29,2025-03-30,2,TSEC,47.50930404663086,49.90835189819336,50.22282028198242,50.02592849731445,49.75008773803711
M5_YLUR_SHUR,5,LUR,HUR,2025-03-29,2025-03-31,3,Yd,752.8397827148438,750.0660400390625,751.9171752929688,750.2431640625,750.459228515625
M5_YLUR_SHUR,5,LUR,HUR,2025-03-29,2025-03-31,3,TSE,668.4820556640625,750.2940673828125,746.6480102539062,765.4331665039062,750.296875
M5_YLUR_SHUR,5,LUR,HUR,2025-03-29,2025-03-31,3,TSEC,57.34794998168945,49.90835189819336,50.731746673583984,51.05815505981445,49.73531723022461
M5_YLUR_SHUR,5,LUR,HUR,2025-03-30,2025-03-30,1,Yd,744.8762817382812,750.05419921875,746.66015625,750.03271484375,750.2457275390625
M5_YLUR_SHUR,5,LUR,HUR,2025-03-30,2025-03-30,1,TSE,868.62255859375,750.2568969726562,749.8568725585938,734.2491455078125,750.9972534179688
M5_YLUR_SHUR,5,LUR,HUR,2025-03-30,2025-03-30,1,TSEC,47.50930404663086,49.913021087646484,50.33095169067383,50.562252044677734,49.80364990234375
M5_YLUR_SHUR,5,LUR,HUR,2025-03-30,2025-03-31,2,Yd,752.8397827148438,750.05419921875,749.5579223632812,750.1483154296875,750.6366577148438
M5_YLUR_SHUR,5,LUR,HUR,2025-03-30,2025-03-31,2,TSE,668.4820556640625,750.2568969726562,747.0316162109375,751.8422241210938,750.216552734375
M5_YLUR_SHUR,5,LUR,HUR,2025-03-30,2025-03-31,2,TSEC,57.34794998168945,49.913021087646484,50.50311279296875,49.871482849121094,49.75400161743164
M5_YLUR_SHUR,5,LUR,HUR,2025-03-30,2025-04-01,3,Yd,745.8656005859375,750.05419921875,749.80810546875,750.5205688476562,750.9569091796875
M5_YLUR_SHUR,5,LUR,HUR,2025-03-30,2025-04-01,3,TSE,851.1781005859375,750.2568969726562,743.0806274414062,760.823974609375,748.790283203125
M5_YLUR_SHUR,5,LUR,HUR,2025-03-30,2025-04-01,3,TSEC,52.59191131591797,49.913021087646484,48.41855239868164,49.17139434814453,49.67409133911133
