case_id,M,yd_level,solar_level,origin_date,target_date,step,variable,true,MEAN,ARIMA,RNN,LSTM
M5_YLUR_SLUR,5,LUR,LUR,2024-12-31,2024-12-31,1,Yd,745.3111572265625,749.9483032226562,749.23828125,752.3491821289062,750.148193359375
M5_YLUR_SLUR,5,LUR,LUR,2024-12-31,2024-12-31,1,TSE,759.0325927734375,749.8914184570312,745.7166748046875,750.2890625,749.650634765625
M5_YLUR_SLUR,5,LUR,LUR,2024-12-31,2024-12-31,1,TSEC,49.25151443481445,49.984920501708984,49.80929183959961,50.010826110839844,49.97822189331055
M5_YLUR_SLUR,5,LUR,LUR,2024-12-31,2025-01-01,2,Yd,753.9415893554688,749.9483032226562,747.3980102539062,750.5086059570312,750.4539794921875
M5_YLUR_SLUR,5,LUR,LUR,2024-12-31,2025-01-01,2,TSE,750.6392211914062,749.8914184570312,749.4253540039062,749.5194702148438,749.49072265625
M5_YLUR_SLUR,5,LUR,LUR,2024-12-31,2025-01-01,2,TSEC,51.17338562011719,49.984920501708984,49.980369567871094,50.07246017456055,49.994510650634766
M5_YLUR_SLUR,5,LUR,LUR,2024-12-31,2025-01-02,3,Yd,746.373779296875,749.9483032226562,747.7518310546875,750.2625122070312,750.5938110351562
M5_YLUR_SLUR,5,LUR,LUR,2024-12-31,2025-01-02,3,TSE,761.0799560546875,749.8914184570312,748.80859375,753.6004638671875,749.409912109375
M5_YLUR_SLUR,5,LUR,LUR,2024-12-31,2025-01-02,3,TSEC,51.15824508666992,49.984920501708984,49.991294860839844,50.16584014892578,50.00543212890625
M5_YLUR_SLUR,5,LUR,LUR,2025-01-01,2025-01-01,1,Yd,753.9415893554688,749.9418334960938,748.878662109375,749.8916015625,750.2744140625
M5_YLUR_SLUR,5,LUR,LUR,2025-01-01,2025-01-01,1,TSE,750.6392211914062,749.9038696289062,751.2713623046875,751.0639038085938,749.5889282226562
M5_YLUR_SLUR,5,LUR,LUR,2025-01-01,2025-01-01,1,TSEC,51.17338562011719,49.983917236328125,49.96733474731445,50.01387405395508,49.99649429321289
M5_YLUR_SLUR,5,LUR,LUR,2025-01-01,2025-01-02,2,Yd,746.373779296875,749.9418334960938,749.143310546875,749.2680053710938,750.4304809570312
M5_YLUR_SLUR,5,LUR,LUR,2025-01-01,2025-01-02,2,TSE,761.0799560546875,749.9038696289062,749.04345703125,751.368408203125,749.4954833984375
M5_YLUR_SLUR,5,LUR,LUR,2025-01-01,2025-01-02,2,TSEC,51.15824508666992,49.983917236328125,49.99948501586914,49.928428649902344,50.00553894042969
M5_YLUR_SLUR,5,LUR,LUR,2025-01-01,2025-01-03,3,Yd,761.102294921875,749.9418334960938,749.4544677734375,748.8575439453125,750.2960815429688
M5_YLUR_SLUR,5,LUR,LUR,2025-01-01,2025-01-03,3,TSE,750.6166381835938,749.9038696289062,747.5648193359375,752.3367309570312,749.3671875
M5_YLUR_SLUR,5,LUR,LUR,2025-01-01,2025-01-03,3,TSEC,49.91246795654297,49.983917236328125,49.977317810058594,49.95745849609375,50.0010871887207
M5_YLUR_SLUR,5,LUR,LUR,2025-01-02,2025-01-02,1,Yd,746.373779296875,749.9473876953125,749.1663818359375,747.7310180664062,750.2138671875
M5_YLUR_SLUR,5,LUR,LUR,2025-01-02,2025-01-02,1,TSE,761.0799560546875,749.9049072265625,749.6460571289062,750.120361328125,749.739990234375
M5_YLUR_SLUR,5,LUR,LUR,2025-01-02,2025-01-02,1,TSEC,51.15824508666992,49.985538482666016,49.93630599975586,50.03439712524414,49.99497985839844
M5_YLUR_SLUR,5,LUR,LUR,2025-01-02,2025-01-03,2,Yd,761.102294921875,749.9473876953125,749.4940795898438,747.6732788085938,750.1531372070312
M5_YLUR_SLUR,5,LUR,LUR,2025-01-02,2025-01-03,2,TSE,750.6166381835938,749.9049072265625,749.8699340820312,749.1129150390625,749.7769775390625
M5_YLUR_SLUR,5,LUR,LUR,2025-01-02,2025-01-03,2,TSEC,49.91246795654297,49.985538482666016,49.8813591003418,49.98662185668945,49.993343353271484
M5_YLUR_SLUR,5,LUR,LUR,2025-01-02,2025-01-04,3,Yd,748.7112426757812,749.9473876953125,750.4014282226562,749.4306640625,749.9573974609375
M5_YLUR_SLUR,5,LUR,LUR,2025-01-02,2025-01-04,3,TSE,744.89990234375,749.9049072265625,749.1259155273438,748.869384765625,749.8010864257812
M5_YLUR_SLUR,5,LUR,LUR,2025-01-02,2025-01-04,3,TSEC,49.92860794067383,49.985538482666016,49.917625427246094,50.06769561767578,49.96918487548828
M5_YLUR_SLUR,5,LUR,LUR,2025-01-03,2025-01-03,1,Yd,761.102294921875,749.9425048828125,749.68798828125,749.840576171875,749.9786376953125
M5_YLUR_SLUR,5,LUR,LUR,2025-01-03,2025-01-03,1,TSE,750.6166381835938,749.920166015625,749.7273559570312,748.2969970703125,749.9178466796875
M5_YLUR_SLUR,5,LUR,LUR,2025-01-03,2025-01-03,1,TSEC,49.91246795654297,49.98714065551758,49.94355392456055,50.007389068603516,49.986228942871094
M5_YLUR_SLUR,5,LUR,LUR,2025-01-03,2025-01-04,2,Yd,748.7112426757812,749.9425048828125,751.6129150390625,748.747314453125,749.8993530273438
M5_YLUR_SLUR,5,LUR,LUR,2025-01-03,2025-01-04,2,TSE,744.89990234375,749.920166015625,749.3561401367188,748.8557739257812,749.9791870117188
M5_YLUR_SLUR,5,LUR,LUR,2025-01-03,2025-01-04,2,TSEC,49.92860794067383,49.98714065551758,49.919761657714844,50.14979934692383,49.97084426879883
M5_YLUR_SLUR,5,LUR,LUR,2025-01-03,2025-01-05,3,Yd,752.4801025390625,749.9425048828125,748.9784545898438,750.3478393554688,749.90234375
M5_YLUR_SLUR,5,LUR,LUR,2025-01-03,2025-01-05,3,TSE,738.2112426757812,749.920166015625,749.90380859375,748.5513916015625,749.8749389648438
M5_YLUR_SLUR,5,LUR,LUR,2025-01-03,2025-01-05,3,TSEC,50.524436950683594,49.98714065551758,49.930912017822266,50.05985641479492,49.95112991333008
M5_YLUR_SLUR,5,LUR,LUR,2025-01-04,2025-01-04,1,Yd,748.7112426757812,749.9575805664062,751.812255859375,747.1212768554688,749.9443359375
M5_YLUR_SLUR,5,LUR,LUR,2025-01-04,2025-01-04,1,TSE,744.89990234375,749.921142578125,750.2692260742188,749.144775390625,749.853759765625
M5_YLUR_SLUR,5,LUR,LUR,2025-01-04,2025-01-04,1,TSEC,49.92860794067383,49.987037658691406,49.89091491699219,50.034934997558594,49.966732025146484
M5_YLUR_SLUR,5,LUR,LUR,2025-01-04,2025-01-05,2,Yd,752.4801025390625,749.9575805664062,749.08154296875,749.1754760742188,749.9838256835938
M5_YLUR_SLUR,5,LUR,LUR,2025-01-04,2025-01-05,2,TSE,738.2112426757812,749.921142578125,750.6900024414062,748.7915649414062,749.8073120117188
M5_YLUR_SLUR,5,LUR,LUR,2025-01-04,2025-01-05,2,TSEC,50.524436950683594,49.987037658691406,49.90175247192383,50.08489227294922,49.94961929321289
M5_YLUR_SLUR,5,LUR,LUR,2025-01-04,2025-01-06,3,Yd,751.5186157226562,749.9575805664062,749.59228515625,749.493896484375,750.109375
M5_YLUR_SLUR,5,LUR,LUR,2025-01-04,2025-01-06,3,TSE,747.3087768554688,749.921142578125,748.2073974609375,749.8132934570312,749.76025390625
M5_YLUR_SLUR,5,LUR,LUR,2025-01-04,2025-01-06,3,TSEC,49.41154098510742,49.987037658691406,49.92749786376953,49.97075271606445,49.945438385009766
M5_YLUR_SLUR,5,LUR,LUR,2025-01-05,2025-01-05,1,Yd,752.4801025390625,749.9559326171875,749.1194458007812,750.1112670898438,749.957763671875
M5_YLUR_SLUR,5,LUR,LUR,2025-01-05,2025-01-05,1,TSE,738.2112426757812,749.914306640625,749.6994018554688,750.4359130859375,749.7610473632812
M5_YLUR_SLUR,5,LUR,LUR,2025-01-05,2025-01-05,1,TSEC,50.524436950683594,49.98695755004883,49.924720764160156,50.013710021972656,49.962257385253906
M5_YLUR_SLUR,5,LUR,LUR,2025-01-05,2025-01-06,2,Yd,751.5186157226562,749.9559326171875,749.5266723632812,750.902587890625,750.1002197265625
M5_YLUR_SLUR,5,LUR,LUR,2025-01-05,2025-01-06,2,TSE,747.3087768554688,749.914306640625,748.9737548828125,748.3583374023438,749.7743530273438
M5_YLUR_SLUR,5,LUR,LUR,2025-01-05,2025-01-06,2,TSEC,49.41154098510742,49.98695755004883,49.92216110229492,49.890254974365234,49.952083587646484
M5_YLUR_SLUR,5,LUR,LUR,2025-01-05,2025-01-07,3,Yd,756.840576171875,749.9559326171875,749.9666748046875,749.9297485351562,750.39892578125
M5_YLUR_SLUR,5,LUR,LUR,2025-01-05,2025-01-07,3,TSE,745.05908203125,749.914306640625,748.986328125,749.6809692382812,749.6067504882812
M5_YLUR_SLUR,5,LUR,LUR,2025-01-05,2025-01-07,3,TSEC,50.75856018066406,49.98695755004883,49.89862060546875,49.91429138183594,49.95876693725586
M5_YLUR_SLUR,5,LUR,LUR,2025-01-06,2025-01-06,1,Yd,751.5186157226562,749.9593505859375,749.3748168945312,748.5803833007812,750.0613403320312
M5_YLUR_SLUR,5,LUR,LUR,2025-01-06,2025-01-06,1,TSE,747.3087768554688,749.8984375,750.076904296875,750.3929443359375,749.8546752929688
M5_YLUR_SLUR,5,LUR,LUR,2025-01-06,2025-01-06,1,TSEC,49.41154098510742,49.987693786621094,50.06853485107422,50.01718521118164,49.967742919921875
M5_YLUR_SLUR,5,LUR,LUR,2025-01-06,2025-01-07,2,Yd,756.840576171875,749.9593505859375,749.7838134765625,749.056640625,750.3707275390625
M5_YLUR_SLUR,5,LUR,LUR,2025-01-06,2025-01-07,2,TSE,745.05908203125,749.8984375,750.340087890625,750.0370483398438,749.7910766601562
M5_YLUR_SLUR,5,LUR,LUR,2025-01-06,2025-01-07,2,TSEC,50.75856018066406,49.987693786621094,49.82667541503906,49.980533599853516,49.97395324707031
M5_YLUR_SLUR,5,LUR,LUR,2025-01-06,2025-01-08,3,Yd,746.3504638671875,749.9593505859375,749.1486206054688,749.4736938476562,750.6770629882812
M5_YLUR_SLUR,5,LUR,LUR,2025-01-06,2025-01-08,3,TSE,768.4967651367188,749.8984375,749.176513671875,750.989013671875,749.6314086914062
M5_YLUR_SLUR,5,LUR,LUR,2025-01-06,2025-01-08,3,TSEC,49.8896598815918,49.987693786621094,49.97600173950195,50.066139221191406,49.988956451416016
M5_YLUR_SLUR,5,LUR,LUR,2025-01-07,2025-01-07,1,Yd,756.840576171875,749.9614868164062,749.8832397460938,752.080810546875,750.2322998046875
M5_YLUR_SLUR,5,LUR,LUR,2025-01-07,2025-01-07,1,TSE,745.05908203125,749.8949584960938,749.2100830078125,747.76953125,749.6731567382812
M5_YLUR_SLUR,5,LUR,LUR,2025-01-07,2025-01-07,1,TSEC,50.75856018066406,49.986907958984375,49.8753547668457,50.00366973876953,49.982425689697266
M5_YLUR_SLUR,5,LUR,LUR,2025-01-07,2025-01-08,2,Yd,746.3504638671875,749.9614868164062,749.3359375,750.899169921875,750.5285034179688
M5_YLUR_SLUR,5,LUR,LUR,2025-01-07,2025-01-08,2,TSE,768.4967651367188,749.8949584960938,748.8856811523438,747.181396484375,749.5775146484375
M5_YLUR_SLUR,5,LUR,LUR,2025-01-07,2025-01-08,2,TSEC,49.8896598815918,49.986907958984375,49.98212814331055,50.1232795715332,49.99751663208008
M5_YLUR_SLUR,5,LUR,LUR,2025-01-07,2025-01-09,3,Yd,746.3456420898438,749.9614868164062,749.5942993164062,750.345947265625,750.6314697265625
M5_YLUR_SLUR,5,LUR,LUR,2025-01-07,2025-01-09,3,TSE,748.0753784179688,749.8949584960938,749.4391479492188,749.8504028320312,749.5249633789062
M5_YLUR_SLUR,5,LUR,LUR,2025-01-07,2025-01-09,3,TSEC,50.46917724609375,49.986907958984375,49.93621826171875,50.16545867919922,50.007450103759766
M5_YLUR_SLUR,5,LUR,LUR,2025-01-08,2025-01-08,1,Yd,746.3504638671875,749.9707641601562,749.2910766601562,748.8162841796875,750.3604125976562
M5_YLUR_SLUR,5,LUR,LUR,2025-01-08,2025-01-08,1,TSE,768.4967651367188,749.8883666992188,749.2673950195312,751.3364868164062,749.7454833984375
M5_YLUR_SLUR,5,LUR,LUR,2025-01-08,2025-01-08,1,TSEC,49.8896598815918,49.987953186035156,50.01919174194336,50.02835464477539,49.99477767944336
M5_YLUR_SLUR,5,LUR,LUR,2025-01-08,2025-01-09,2,Yd,746.3456420898438,749.9707641601562,749.7298583984375,749.10205078125,750.5138549804688
M5_YLUR_SLUR,5,LUR,LUR,2025-01-08,2025-01-09,2,TSE,748.0753784179688,749.8883666992188,748.7308349609375,748.8331298828125,749.7590942382812
M5_YLUR_SLUR,5,LUR,LUR,2025-01-08,2025-01-09,2,TSEC,50.46917724609375,49.987953186035156,49.933815002441406,50.13407516479492,50.00340270996094
M5_YLUR_SLUR,5,LUR,LUR,2025-01-08,2025-01-10,3,Yd,752.4024658203125,749.9707641601562,749.6005249023438,749.3897094726562,750.325439453125
M5_YLUR_SLUR,5,LUR,LUR,2025-01-08,2025-01-10,3,TSE,750.9714965820312,749.8883666992188,746.7891235351562,748.6767578125,749.73681640625
M5_YLUR_SLUR,5,LUR,LUR,2025-01-08,2025-01-10,3,TSEC,50.43479919433594,49.987953186035156,49.97565841674805,50.2308235168457,49.98876190185547
M5_YLUR_SLUR,5,LUR,LUR,2025-01-09,2025-01-09,1,Yd,746.3456420898438,749.9658203125,750.3623046875,751.6078491210938,750.2267456054688
M5_YLUR_SLUR,5,LUR,LUR,2025-01-09,2025-01-09,1,TSE,748.0753784179688,749.91357421875,750.5463256835938,749.5128173828125,749.8041381835938
M5_YLUR_SLUR,5,LUR,LUR,2025-01-09,2025-01-09,1,TSEC,50.46917724609375,49.98781967163086,49.95054626464844,49.952388763427734,49.993507385253906
M5_YLUR_SLUR,5,LUR,LUR,2025-01-09,2025-01-10,2,Yd,752.4024658203125,749.9658203125,749.9637451171875,749.225341796875,750.1712646484375
M5_YLUR_SLUR,5,LUR,LUR,2025-01-09,2025-01-10,2,TSE,750.9714965820312,749.91357421875,748.5305786132812,750.0009155273438,749.8111572265625
M5_YLUR_SLUR,5,LUR,LUR,2025-01-09,2025-01-10,2,TSEC,50.43479919433594,49.98781967163086,49.969215393066406,49.97568130493164,49.99054718017578
M5_YLUR_SLUR,5,LUR,LUR,2025-01-09,2025-01-11,3,Yd,759.4510498046875,749.9658203125,750.522216796875,749.1282348632812,749.967529296875
M5_YLUR_SLUR,5,LUR,LUR,2025-01-09,2025-01-11,3,TSE,753.5225219726562,749.91357421875,754.2205200195312,750.5401611328125,749.8026123046875
M5_YLUR_SLUR,5,LUR,LUR,2025-01-09,2025-01-11,3,TSEC,49.9216194152832,49.98781967163086,49.92882537841797,49.984642028808594,49.96782684326172
M5_YLUR_SLUR,5,LUR,LUR,2025-01-10,2025-01-10,1,Yd,752.4024658203125,749.9609985351562,749.4337158203125,748.312255859375,750.0149536132812
M5_YLUR_SLUR,5,LUR,LUR,2025-01-10,2025-01-10,1,TSE,750.9714965820312,749.9110717773438,748.7583618164062,749.8154296875,749.8251342773438
M5_YLUR_SLUR,5,LUR,LUR,2025-01-10,2025-01-10,1,TSEC,50.43479919433594,49.98847198486328,50.01243209838867,49.87942886352539,49.98072052001953
M5_YLUR_SLUR,5,LUR,LUR,2025-01-10,2025-01-11,2,Yd,759.4510498046875,749.9609985351562,750.4747314453125,748.987060546875,749.9569091796875
M5_YLUR_SLUR,5,LUR,LUR,2025-01-10,2025-01-11,2,TSE,753.5225219726562,749.9110717773438,750.1533813476562,749.465576171875,749.8201293945312
M5_YLUR_SLUR,5,LUR,LUR,2025-01-10,2025-01-11,2,TSEC,49.9216194152832,49.98847198486328,49.89036560058594,49.83100128173828,49.9612922668457
M5_YLUR_SLUR,5,LUR,LUR,2025-01-10,2025-01-12,3,Yd,758.8903198242188,749.9609985351562,749.2191772460938,750.4154052734375,749.9644165039062
M5_YLUR_SLUR,5,LUR,LUR,2025-01-10,2025-01-12,3,TSE,747.3285522460938,749.9110717773438,748.8618774414062,749.8818359375,749.6677856445312
M5_YLUR_SLUR,5,LUR,LUR,2025-01-10,2025-01-12,3,TSEC,49.622283935546875,49.98847198486328,49.97116470336914,49.811824798583984,49.937252044677734
M5_YLUR_SLUR,5,LUR,LUR,2025-01-11,2025-01-11,1,Yd,759.4510498046875,749.9642333984375,749.7924194335938,749.771484375,749.945556640625
M5_YLUR_SLUR,5,LUR,LUR,2025-01-11,2025-01-11,1,TSE,753.5225219726562,749.9124755859375,749.9506225585938,750.365234375,749.8158569335938
M5_YLUR_SLUR,5,LUR,LUR,2025-01-11,2025-01-11,1,TSEC,49.9216194152832,49.989070892333984,49.96564483642578,50.05936813354492,49.9639778137207
M5_YLUR_SLUR,5,LUR,LUR,2025-01-11,2025-01-12,2,Yd,758.8903198242188,749.9642333984375,749.7218627929688,749.1246948242188,749.9636840820312
M5_YLUR_SLUR,5,LUR,LUR,2025-01-11,2025-01-12,2,TSE,747.3285522460938,749.9124755859375,748.9629516601562,750.6552124023438,749.7392578125
M5_YLUR_SLUR,5,LUR,LUR,2025-01-11,2025-01-12,2,TSEC,49.622283935546875,49.989070892333984,50.0052490234375,49.999969482421875,49.943790435791016
M5_YLUR_SLUR,5,LUR,LUR,2025-01-11,2025-01-13,3,Yd,766.0556030273438,749.9642333984375,749.8682250976562,750.8388061523438,750.1151733398438
M5_YLUR_SLUR,5,LUR,LUR,2025-01-11,2025-01-13,3,TSE,766.1599731445312,749.9124755859375,749.7996826171875,750.535400390625,749.6207885742188
M5_YLUR_SLUR,5,LUR,LUR,2025-01-11,2025-01-13,3,TSEC,49.885440826416016,49.989070892333984,49.98330307006836,50.02688217163086,49.93594741821289
M5_YLUR_SLUR,5,LUR,LUR,2025-01-12,2025-01-12,1,Yd,758.8903198242188,749.9771118164062,748.86083984375,749.1358642578125,749.9622192382812
M5_YLUR_SLUR,5,LUR,LUR,2025-01-12,2025-01-12,1,TSE,747.3285522460938,749.9173583984375,752.239013671875,749.4490966796875,749.7714233398438
M5_YLUR_SLUR,5,LUR,LUR,2025-01-12,2025-01-12,1,TSEC,49.622283935546875,49.988983154296875,49.97922897338867,50.07698440551758,49.960662841796875
M5_YLUR_SLUR,5,LUR,LUR,2025-01-12,2025-01-13,2,Yd,766.0556030273438,749.9771118164062,750.025146484375,750.3004150390625,750.1167602539062
M5_YLUR_SLUR,5,LUR,LUR,2025-01-12,2025-01-13,2,TSE,766.1599731445312,749.9173583984375,749.3807373046875,749.6494140625,749.798828125
M5_YLUR_SLUR,5,LUR,LUR,2025-01-12,2025-01-13,2,TSEC,49.885440826416016,49.988983154296875,49.9697151184082,49.96340560913086,49.95217514038086
M5_YLUR_SLUR,5,LUR,LUR,2025-01-12,2025-01-14,3,Yd,755.5772094726562,749.9771118164062,749.9609375,749.9410400390625,750.4462280273438
M5_YLUR_SLUR,5,LUR,LUR,2025-01-12,2025-01-14,3,TSE,744.213623046875,749.9173583984375,747.7659301757812,751.158935546875,749.6478881835938
M5_YLUR_SLUR,5,LUR,LUR,2025-01-12,2025-01-14,3,TSEC,50.13275909423828,49.988983154296875,49.943153381347656,50.016685485839844,49.96115493774414
M5_YLUR_SLUR,5,LUR,LUR,2025-01-13,2025-01-13,1,Yd,766.0556030273438,749.9890747070312,749.9156494140625,749.81494140625,750.0527954101562
M5_YLUR_SLUR,5,LUR,LUR,2025-01-13,2025-01-13,1,TSE,766.1599731445312,749.9138793945312,749.6160888671875,748.9484252929688,749.8658447265625
M5_YLUR_SLUR,5,LUR,LUR,2025-01-13,2025-01-13,1,TSEC,49.885440826416016,49.988487243652344,50.03781509399414,49.99515151977539,49.96921920776367
M5_YLUR_SLUR,5,LUR,LUR,2025-01-13,2025-01-14,2,Yd,755.5772094726562,749.9890747070312,749.905029296875,750.8056030273438,750.3556518554688
M5_YLUR_SLUR,5,LUR,LUR,2025-01-13,2025-01-14,2,TSE,744.213623046875,749.9138793945312,748.977294921875,747.4263916015625,749.84912109375
M5_YLUR_SLUR,5,LUR,LUR,2025-01-13,2025-01-14,2,TSEC,50.13275909423828,49.988487243652344,49.865474700927734,50.01967239379883,49.976314544677734
M5_YLUR_SLUR,5,LUR,LUR,2025-01-13,2025-01-15,3,Yd,764.4884643554688,749.9890747070312,749.9752807617188,749.4178466796875,750.6693725585938
M5_YLUR_SLUR,5,LUR,LUR,2025-01-13,2025-01-15,3,TSE,754.4298095703125,749.9138793945312,749.5513916015625,748.2059326171875,749.7127075195312
M5_YLUR_SLUR,5,LUR,LUR,2025-01-13,2025-01-15,3,TSEC,49.832733154296875,49.988487243652344,49.96085739135742,50.14076232910156,49.99101257324219
M5_YLUR_SLUR,5,LUR,LUR,2025-01-14,2025-01-14,1,Yd,755.5772094726562,750.0106811523438,750.30517578125,750.1802978515625,750.2357177734375
M5_YLUR_SLUR,5,LUR,LUR,2025-01-14,2025-01-14,1,TSE,744.213623046875,749.9356689453125,749.9988403320312,749.6323852539062,749.8826904296875
M5_YLUR_SLUR,5,LUR,LUR,2025-01-14,2025-01-14,1,TSEC,50.13275909423828,49.98834991455078,49.9666748046875,50.087467193603516,49.98495101928711
M5_YLUR_SLUR,5,LUR,LUR,2025-01-14,2025-01-15,2,Yd,764.4884643554688,750.0106811523438,750.0844116210938,750.924560546875,750.5250244140625
M5_YLUR_SLUR,5,LUR,LUR,2025-01-14,2025-01-15,2,TSE,754.4298095703125,749.9356689453125,749.402099609375,751.6975708007812,749.9879760742188
M5_YLUR_SLUR,5,LUR,LUR,2025-01-14,2025-01-15,2,TSEC,49.832733154296875,49.98834991455078,49.983184814453125,50.174198150634766,49.9970703125
M5_YLUR_SLUR,5,LUR,LUR,2025-01-14,2025-01-16,3,Yd,751.3362426757812,750.0106811523438,750.114013671875,749.8653564453125,750.6317138671875
M5_YLUR_SLUR,5,LUR,LUR,2025-01-14,2025-01-16,3,TSE,747.1243896484375,749.9356689453125,749.7743530273438,753.01025390625,750.1244506835938
M5_YLUR_SLUR,5,LUR,LUR,2025-01-14,2025-01-16,3,TSEC,49.87736511230469,49.98834991455078,50.00022888183594,50.20039367675781,50.00678634643555
M5_YLUR_SLUR,5,LUR,LUR,2025-01-15,2025-01-15,1,Yd,764.4884643554688,750.0181274414062,750.0328979492188,746.7622680664062,750.3873291015625
M5_YLUR_SLUR,5,LUR,LUR,2025-01-15,2025-01-15,1,TSE,754.4298095703125,749.9280395507812,749.4378051757812,750.4813842773438,749.852783203125
M5_YLUR_SLUR,5,LUR,LUR,2025-01-15,2025-01-15,1,TSEC,49.832733154296875,49.98854446411133,49.97572326660156,50.05665588378906,49.99891662597656
M5_YLUR_SLUR,5,LUR,LUR,2025-01-15,2025-01-16,2,Yd,751.3362426757812,750.0181274414062,750.0875854492188,749.0609741210938,750.5557250976562
M5_YLUR_SLUR,5,LUR,LUR,2025-01-15,2025-01-16,2,TSE,747.1243896484375,749.9280395507812,749.598876953125,749.0177001953125,749.9818725585938
M5_YLUR_SLUR,5,LUR,LUR,2025-01-15,2025-01-16,2,TSEC,49.87736511230469,49.98854446411133,49.9757080078125,50.07475280761719,50.009029388427734
M5_YLUR_SLUR,5,LUR,LUR,2025-01-15,2025-01-17,3,Yd,764.342041015625,750.0181274414062,750.1386108398438,749.0142211914062,750.425537109375
M5_YLUR_SLUR,5,LUR,LUR,2025-01-15,2025-01-17,3,TSE,740.5391845703125,749.9280395507812,749.2088623046875,750.2769775390625,749.9749145507812
M5_YLUR_SLUR,5,LUR,LUR,2025-01-15,2025-01-17,3,TSEC,50.43104934692383,49.98854446411133,49.919960021972656,50.089027404785156,49.998966217041016
M5_YLUR_SLUR,5,LUR,LUR,2025-01-16,2025-01-16,1,Yd,751.3362426757812,750.0375366210938,750.2273559570312,748.968994140625,750.3180541992188
M5_YLUR_SLUR,5,LUR,LUR,2025-01-16,2025-01-16,1,TSE,747.1243896484375,749.93408203125,749.774169921875,749.0953369140625,749.9393920898438
M5_YLUR_SLUR,5,LUR,LUR,2025-01-16,2025-01-16,1,TSEC,49.87736511230469,49.98833465576172,49.98823928833008,50.02717971801758,49.999813079833984
M5_YLUR_SLUR,5,LUR,LUR,2025-01-16,2025-01-17,2,Yd,764.342041015625,750.0375366210938,750.5068969726562,750.1455688476562,750.3504638671875
M5_YLUR_SLUR,5,LUR,LUR,2025-01-16,2025-01-17,2,TSE,740.5391845703125,749.93408203125,749.1355590820312,750.1717529296875,750.0050048828125
M5_YLUR_SLUR,5,LUR,LUR,2025-01-16,2025-01-17,2,TSEC,50.43104934692383,49.98833465576172,49.964927673339844,50.02280044555664,49.99795150756836
M5_YLUR_SLUR,5,LUR,LUR,2025-01-16,2025-01-18,3,Yd,743.3276977539062,750.0375366210938,752.0275268554688,749.5081176757812,750.227783203125
M5_YLUR_SLUR,5,LUR,LUR,2025-01-16,2025-01-18,3,TSE,758.2296142578125,749.93408203125,750.0110473632812,749.9146728515625,749.9010009765625
M5_YLUR_SLUR,5,LUR,LUR,2025-01-16,2025-01-18,3,TSEC,50.23859405517578,49.98833465576172,49.96284484863281,50.00080490112305,49.97378158569336
M5_YLUR_SLUR,5,LUR,LUR,2025-01-17,2025-01-17,1,Yd,764.342041015625,750.039306640625,750.7381591796875,747.1233520507812,750.154296875
M5_YLUR_SLUR,5,LUR,LUR,2025-01-17,2025-01-17,1,TSE,740.5391845703125,749.9302978515625,749.8406372070312,748.3961181640625,749.8215942382812
M5_YLUR_SLUR,5,LUR,LUR,2025-01-17,2025-01-17,1,TSEC,50.43104934692383,49.98818588256836,49.962947845458984,50.12776184082031,49.983638763427734
M5_YLUR_SLUR,5,LUR,LUR,2025-01-17,2025-01-18,2,Yd,743.3276977539062,750.039306640625,752.3453979492188,748.4603881835938,750.1387329101562
M5_YLUR_SLUR,5,LUR,LUR,2025-01-17,2025-01-18,2,TSE,758.2296142578125,749.9302978515625,749.1591186523438,750.1857299804688,749.817626953125
M5_YLUR_SLUR,5,LUR,LUR,2025-01-17,2025-01-18,2,TSEC,50.23859405517578,49.98818588256836,49.966487884521484,50.045867919921875,49.96424102783203
M5_YLUR_SLUR,5,LUR,LUR,2025-01-17,2025-01-19,3,Yd,740.6689453125,750.039306640625,749.6842651367188,749.542724609375,750.1430053710938
M5_YLUR_SLUR,5,LUR,LUR,2025-01-17,2025-01-19,3,TSE,738.3682861328125,749.9302978515625,749.3599853515625,748.0611572265625,749.7749633789062
M5_YLUR_SLUR,5,LUR,LUR,2025-01-17,2025-01-19,3,TSEC,49.664676666259766,49.98818588256836,49.956451416015625,49.837894439697266,49.94422912597656
M5_YLUR_SLUR,5,LUR,LUR,2025-01-18,2025-01-18,1,Yd,743.3276977539062,750.0584106445312,750.2302856445312,748.3265380859375,749.9961547851562
M5_YLUR_SLUR,5,LUR,LUR,2025-01-18,2025-01-18,1,TSE,758.2296142578125,749.9177856445312,750.5015258789062,748.1989135742188,749.8970947265625
M5_YLUR_SLUR,5,LUR,LUR,2025-01-18,2025-01-18,1,TSEC,50.23859405517578,49.98877716064453,49.93758773803711,50.033485412597656,49.9654655456543
M5_YLUR_SLUR,5,LUR,LUR,2025-01-18,2025-01-19,2,Yd,740.6689453125,750.0584106445312,750.4105834960938,749.2678833007812,750.0745849609375
M5_YLUR_SLUR,5,LUR,LUR,2025-01-18,2025-01-19,2,TSE,738.3682861328125,749.9177856445312,750.3668823242188,748.4238891601562,750.03466796875
M5_YLUR_SLUR,5,LUR,LUR,2025-01-18,2025-01-19,2,TSEC,49.664676666259766,49.98877716064453,49.937599182128906,50.07563018798828,49.95305252075195
M5_YLUR_SLUR,5,LUR,LUR,2025-01-18,2025-01-20,3,Yd,757.6712646484375,750.0584106445312,750.0687255859375,751.4358520507812,750.3424682617188
M5_YLUR_SLUR,5,LUR,LUR,2025-01-18,2025-01-20,3,TSE,739.3641357421875,749.9177856445312,748.9165649414062,747.9639892578125,750.1121826171875
M5_YLUR_SLUR,5,LUR,LUR,2025-01-18,2025-01-20,3,TSEC,50.364715576171875,49.98877716064453,50.06856918334961,50.03123474121094,49.957645416259766
M5_YLUR_SLUR,5,LUR,LUR,2025-01-19,2025-01-19,1,Yd,740.6689453125,750.0493774414062,751.3165283203125,750.3955078125,749.9591064453125
M5_YLUR_SLUR,5,LUR,LUR,2025-01-19,2025-01-19,1,TSE,738.3682861328125,749.9288330078125,750.0444946289062,747.8231811523438,749.8346557617188
M5_YLUR_SLUR,5,LUR,LUR,2025-01-19,2025-01-19,1,TSEC,49.664676666259766,49.98910903930664,49.958518981933594,50.124229431152344,49.95927810668945
M5_YLUR_SLUR,5,LUR,LUR,2025-01-19,2025-01-20,2,Yd,757.6712646484375,750.0493774414062,750.7756958007812,750.2772827148438,750.1442260742188
M5_YLUR_SLUR,5,LUR,LUR,2025-01-19,2025-01-20,2,TSE,739.3641357421875,749.9288330078125,749.1597290039062,747.8361206054688,749.917236328125
M5_YLUR_SLUR,5,LUR,LUR,2025-01-19,2025-01-20,2,TSEC,50.364715576171875,49.98910903930664,49.96678161621094,50.114383697509766,49.95133972167969
M5_YLUR_SLUR,5,LUR,LUR,2025-01-19,2025-01-21,3,Yd,754.5888671875,750.0493774414062,751.393310546875,748.6588134765625,750.4620361328125
M5_YLUR_SLUR,5,LUR,LUR,2025-01-19,2025-01-21,3,TSE,754.6299438476562,749.9288330078125,749.7249145507812,751.0628051757812,749.8370971679688
M5_YLUR_SLUR,5,LUR,LUR,2025-01-19,2025-01-21,3,TSEC,49.583614349365234,49.98910903930664,49.95283889770508,50.09309387207031,49.961456298828125
M5_YLUR_SLUR,5,LUR,LUR,2025-01-20,2025-01-20,1,Yd,757.6712646484375,750.0369262695312,751.0464477539062,749.2787475585938,750.0442504882812
M5_YLUR_SLUR,5,LUR,LUR,2025-01-20,2025-01-20,1,TSE,739.3641357421875,749.9133911132812,748.3611450195312,750.2506713867188,749.7894287109375
M5_YLUR_SLUR,5,LUR,LUR,2025-01-20,2025-01-20,1,TSEC,50.364715576171875,49.988677978515625,49.97443771362305,49.881568908691406,49.96645736694336
M5_YLUR_SLUR,5,LUR,LUR,2025-01-20,2025-01-21,2,Yd,754.5888671875,750.0369262695312,749.58544921875,749.631103515625,750.3443603515625
M5_YLUR_SLUR,5,LUR,LUR,2025-01-20,2025-01-21,2,TSE,754.6299438476562,749.9133911132812,749.8709716796875,751.192138671875,749.715087890625
M5_YLUR_SLUR,5,LUR,LUR,2025-01-20,2025-01-21,2,TSEC,49.583614349365234,49.988677978515625,49.94107437133789,49.910179138183594,49.97223663330078
M5_YLUR_SLUR,5,LUR,LUR,2025-01-20,2025-01-22,3,Yd,741.7698364257812,750.0369262695312,751.1150512695312,751.1531982421875,750.6632690429688
M5_YLUR_SLUR,5,LUR,LUR,2025-01-20,2025-01-22,3,TSE,756.96923828125,749.9133911132812,748.6027221679688,754.04638671875,749.6151123046875
M5_YLUR_SLUR,5,LUR,LUR,2025-01-20,2025-01-22,3,TSEC,49.98318099975586,49.988677978515625,49.988975524902344,49.983272552490234,49.9803352355957
M5_YLUR_SLUR,5,LUR,LUR,2025-01-21,2025-01-21,1,Yd,754.5888671875,750.047119140625,751.3446655273438,750.900390625,750.2763061523438
M5_YLUR_SLUR,5,LUR,LUR,2025-01-21,2025-01-21,1,TSE,754.6299438476562,749.8994140625,746.7948608398438,749.6920776367188,749.779541015625
M5_YLUR_SLUR,5,LUR,LUR,2025-01-21,2025-01-21,1,TSEC,49.583614349365234,49.98918151855469,49.865203857421875,49.9522590637207,49.98700714111328
M5_YLUR_SLUR,5,LUR,LUR,2025-01-21,2025-01-22,2,Yd,741.7698364257812,750.047119140625,750.98046875,749.2802734375,750.6203002929688
M5_YLUR_SLUR,5,LUR,LUR,2025-01-21,2025-01-22,2,TSE,756.96923828125,749.8994140625,748.422607421875,749.8137817382812,749.7648315429688
M5_YLUR_SLUR,5,LUR,LUR,2025-01-21,2025-01-22,2,TSEC,49.98318099975586,49.98918151855469,49.96516418457031,50.09462356567383,49.99763107299805
M5_YLUR_SLUR,5,LUR,LUR,2025-01-21,2025-01-23,3,Yd,752.489501953125,750.047119140625,751.203125,750.7196655273438,750.711181640625
M5_YLUR_SLUR,5,LUR,LUR,2025-01-21,2025-01-23,3,TSE,738.1923828125,749.8994140625,748.2951049804688,751.9059448242188,749.7887573242188
M5_YLUR_SLUR,5,LUR,LUR,2025-01-21,2025-01-23,3,TSEC,50.54584884643555,49.98918151855469,50.03841781616211,50.14651870727539,50.004188537597656
M5_YLUR_SLUR,5,LUR,LUR,2025-01-22,2025-01-22,1,Yd,741.7698364257812,750.0531616210938,751.1136474609375,750.4381713867188,750.4028930664062
M5_YLUR_SLUR,5,LUR,LUR,2025-01-22,2025-01-22,1,TSE,756.96923828125,749.9055786132812,749.2171630859375,749.9618530273438,749.72216796875
M5_YLUR_SLUR,5,LUR,LUR,2025-01-22,2025-01-22,1,TSEC,49.98318099975586,49.98863983154297,49.947383880615234,50.09443664550781,49.994346618652344
M5_YLUR_SLUR,5,LUR,LUR,2025-01-22,2025-01-23,2,Yd,752.489501953125,750.0531616210938,751.5382690429688,751.0062255859375,750.5847778320312
M5_YLUR_SLUR,5,LUR,LUR,2025-01-22,2025-01-23,2,TSE,738.1923828125,749.9055786132812,749.4810791015625,750.9468994140625,749.7857055664062
M5_YLUR_SLUR,5,LUR,LUR,2025-01-22,2025-01-23,2,TSEC,50.54584884643555,49.98863983154297,49.97712707519531,49.99055480957031,50.00076675415039
M5_YLUR_SLUR,5,LUR,LUR,2025-01-22,2025-01-24,3,Yd,750.9285888671875,750.0531616210938,750.4086303710938,751.1754760742188,750.414794921875
M5_YLUR_SLUR,5,LUR,LUR,2025-01-22,2025-01-24,3,TSE,757.7447509765625,749.9055786132812,749.3656616210938,751.7074584960938,749.75341796875
M5_YLUR_SLUR,5,LUR,LUR,2025-01-22,2025-01-24,3,TSEC,49.79441452026367,49.98863983154297,49.94150161743164,50.03408432006836,49.98482131958008
M5_YLUR_SLUR,5,LUR,LUR,2025-01-23,2025-01-23,1,Yd,752.489501953125,750.0421752929688,751.2046508789062,749.31591796875,750.27001953125
M5_YLUR_SLUR,5,LUR,LUR,2025-01-23,2025-01-23,1,TSE,738.1923828125,749.9149780273438,749.8689575195312,750.61279296875,749.7642211914062
M5_YLUR_SLUR,5,LUR,LUR,2025-01-23,2025-01-23,1,TSEC,50.54584884643555,49.98863220214844,50.0058479309082,49.91984176635742,49.98817443847656
M5_YLUR_SLUR,5,LUR,LUR,2025-01-23,2025-01-24,2,Yd,750.9285888671875,750.0421752929688,750.812255859375,750.34326171875,750.2504272460938
M5_YLUR_SLUR,5,LUR,LUR,2025-01-23,2025-01-24,2,TSE,757.7447509765625,749.9149780273438,748.7976684570312,749.5884399414062,749.718994140625
M5_YLUR_SLUR,5,LUR,LUR,2025-01-23,2025-01-24,2,TSEC,49.79441452026367,49.98863220214844,49.961883544921875,49.864688873291016,49.98042678833008
M5_YLUR_SLUR,5,LUR,LUR,2025-01-23,2025-01-25,3,Yd,755.8467407226562,750.0421752929688,751.7750854492188,749.7285766601562,750.0453491210938
M5_YLUR_SLUR,5,LUR,LUR,2025-01-23,2025-01-25,3,TSE,736.6075439453125,749.9149780273438,752.6292724609375,748.6744995117188,749.5337524414062
M5_YLUR_SLUR,5,LUR,LUR,2025-01-23,2025-01-25,3,TSEC,50.09764099121094,49.98863220214844,49.969947814941406,50.092384338378906,49.96100997924805
M5_YLUR_SLUR,5,LUR,LUR,2025-01-24,2025-01-24,1,Yd,750.9285888671875,750.04541015625,751.7328491210938,748.5579833984375,750.0658569335938
M5_YLUR_SLUR,5,LUR,LUR,2025-01-24,2025-01-24,1,TSE,757.7447509765625,749.8994750976562,748.7289428710938,750.934326171875,749.7607421875
M5_YLUR_SLUR,5,LUR,LUR,2025-01-24,2025-01-24,1,TSEC,49.79441452026367,49.9893684387207,49.987308502197266,50.05759048461914,49.978084564208984
M5_YLUR_SLUR,5,LUR,LUR,2025-01-24,2025-01-25,2,Yd,755.8467407226562,750.04541015625,754.6932983398438,746.9177856445312,750.0359497070312
M5_YLUR_SLUR,5,LUR,LUR,2025-01-24,2025-01-25,2,TSE,736.6075439453125,749.8994750976562,750.2857666015625,751.6453247070312,749.6700439453125
M5_YLUR_SLUR,5,LUR,LUR,2025-01-24,2025-01-25,2,TSEC,50.09764099121094,49.9893684387207,49.97929763793945,49.96733856201172,49.955711364746094
M5_YLUR_SLUR,5,LUR,LUR,2025-01-24,2025-01-26,3,Yd,760.8726196289062,750.04541015625,751.7704467773438,748.5134887695312,750.02001953125
M5_YLUR_SLUR,5,LUR,LUR,2025-01-24,2025-01-26,3,TSE,746.3001708984375,749.8994750976562,749.3328857421875,751.9642944335938,749.4959106445312
M5_YLUR_SLUR,5,LUR,LUR,2025-01-24,2025-01-26,3,TSEC,49.95146560668945,49.9893684387207,49.97107696533203,49.833251953125,49.931434631347656
M5_YLUR_SLUR,5,LUR,LUR,2025-01-25,2025-01-25,1,Yd,755.8467407226562,750.0465087890625,754.644287109375,748.3259887695312,749.9646606445312
M5_YLUR_SLUR,5,LUR,LUR,2025-01-25,2025-01-25,1,TSE,736.6075439453125,749.9098510742188,753.1865844726562,750.2216796875,749.7173461914062
M5_YLUR_SLUR,5,LUR,LUR,2025-01-25,2025-01-25,1,TSEC,50.09764099121094,49.989112854003906,49.978302001953125,50.18330001831055,49.96235656738281
M5_YLUR_SLUR,5,LUR,LUR,2025-01-25,2025-01-26,2,Yd,760.8726196289062,750.0465087890625,751.6480102539062,748.456787109375,749.9813842773438
M5_YLUR_SLUR,5,LUR,LUR,2025-01-25,2025-01-26,2,TSE,746.3001708984375,749.9098510742188,752.1387329101562,750.5116577148438,749.583984375
M5_YLUR_SLUR,5,LUR,LUR,2025-01-25,2025-01-26,2,TSEC,49.95146560668945,49.989112854003906,49.98318862915039,50.018035888671875,49.94189453125
M5_YLUR_SLUR,5,LUR,LUR,2025-01-25,2025-01-27,3,Yd,737.9217529296875,750.0465087890625,751.8197021484375,749.1166381835938,750.1077270507812
M5_YLUR_SLUR,5,LUR,LUR,2025-01-25,2025-01-27,3,TSE,749.63623046875,749.9098510742188,748.5274658203125,751.1683349609375,749.466552734375
M5_YLUR_SLUR,5,LUR,LUR,2025-01-25,2025-01-27,3,TSEC,49.594276428222656,49.989112854003906,49.98039627075195,49.916778564453125,49.93758010864258
M5_YLUR_SLUR,5,LUR,LUR,2025-01-26,2025-01-26,1,Yd,760.8726196289062,750.0542602539062,750.102783203125,748.3388061523438,749.985595703125
M5_YLUR_SLUR,5,LUR,LUR,2025-01-26,2025-01-26,1,TSE,746.3001708984375,749.8922729492188,749.1622314453125,750.814208984375,749.7625732421875
M5_YLUR_SLUR,5,LUR,LUR,2025-01-26,2025-01-26,1,TSEC,49.95146560668945,49.9892578125,49.98722457885742,49.955989837646484,49.963035583496094
M5_YLUR_SLUR,5,LUR,LUR,2025-01-26,2025-01-27,2,Yd,737.9217529296875,750.0542602539062,750.6405029296875,750.5546875,750.160888671875
M5_YLUR_SLUR,5,LUR,LUR,2025-01-26,2025-01-27,2,TSE,749.63623046875,749.8922729492188,750.4179077148438,749.0200805664062,749.7760620117188
M5_YLUR_SLUR,5,LUR,LUR,2025-01-26,2025-01-27,2,TSEC,49.594276428222656,49.9892578125,49.977882385253906,49.93987274169922,49.956398010253906
M5_YLUR_SLUR,5,LUR,LUR,2025-01-26,2025-01-28,3,Yd,750.3162841796875,750.0542602539062,750.526123046875,749.5042114257812,750.4814453125
M5_YLUR_SLUR,5,LUR,LUR,2025-01-26,2025-01-28,3,TSE,744.792236328125,749.8922729492188,750.139892578125,748.8939208984375,749.6692504882812
M5_YLUR_SLUR,5,LUR,LUR,2025-01-26,2025-01-28,3,TSEC,49.70290756225586,49.9892578125,49.97540283203125,49.95687484741211,49.965606689453125
M5_YLUR_SLUR,5,LUR,LUR,2025-01-27,2025-01-27,1,Yd,737.9217529296875,750.0685424804688,751.240966796875,749.8117065429688,750.0858154296875
M5_YLUR_SLUR,5,LUR,LUR,2025-01-27,2025-01-27,1,TSE,749.63623046875,749.8875732421875,749.1033935546875,749.3115844726562,749.8945922851562
M5_YLUR_SLUR,5,LUR,LUR,2025-01-27,2025-01-27,1,TSEC,49.594276428222656,49.98920440673828,50.056514739990234,50.12956237792969,49.971805572509766
M5_YLUR_SLUR,5,LUR,LUR,2025-01-27,2025-01-28,2,Yd,750.3162841796875,750.0685424804688,749.710693359375,750.8782348632812,750.4105834960938
M5_YLUR_SLUR,5,LUR,LUR,2025-01-27,2025-01-28,2,TSE,744.792236328125,749.8875732421875,745.4180908203125,747.9840087890625,749.91015625
M5_YLUR_SLUR,5,LUR,LUR,2025-01-27,2025-01-28,2,TSEC,49.70290756225586,49.98920440673828,49.85919952392578,50.02739715576172,49.98136520385742
M5_YLUR_SLUR,5,LUR,LUR,2025-01-27,2025-01-29,3,Yd,745.0368041992188,750.0685424804688,750.9843139648438,750.0689086914062,750.7275390625
M5_YLUR_SLUR,5,LUR,LUR,2025-01-27,2025-01-29,3,TSE,747.961181640625,749.8875732421875,748.8284301757812,750.07958984375,749.8737182617188
M5_YLUR_SLUR,5,LUR,LUR,2025-01-27,2025-01-29,3,TSEC,49.184364318847656,49.98920440673828,49.971412658691406,50.15411376953125,49.99263000488281
M5_YLUR_SLUR,5,LUR,LUR,2025-01-28,2025-01-28,1,Yd,750.3162841796875,750.0525512695312,751.5186767578125,750.4180297851562,750.2430419921875
M5_YLUR_SLUR,5,LUR,LUR,2025-01-28,2025-01-28,1,TSE,744.792236328125,749.88720703125,748.765869140625,750.7194213867188,749.6856689453125
M5_YLUR_SLUR,5,LUR,LUR,2025-01-28,2025-01-28,1,TSEC,49.70290756225586,49.98868942260742,49.847808837890625,50.05795669555664,49.98174285888672
M5_YLUR_SLUR,5,LUR,LUR,2025-01-28,2025-01-29,2,Yd,745.0368041992188,750.0525512695312,750.7236328125,749.6537475585938,750.5499267578125
M5_YLUR_SLUR,5,LUR,LUR,2025-01-28,2025-01-29,2,TSE,747.961181640625,749.88720703125,748.6254272460938,750.7066040039062,749.6411743164062
M5_YLUR_SLUR,5,LUR,LUR,2025-01-28,2025-01-29,2,TSEC,49.184364318847656,49.98868942260742,49.98139953613281,50.065101623535156,49.98904037475586
M5_YLUR_SLUR,5,LUR,LUR,2025-01-28,2025-01-30,3,Yd,748.0226440429688,750.0525512695312,751.2302856445312,748.2158203125,750.6754150390625
M5_YLUR_SLUR,5,LUR,LUR,2025-01-28,2025-01-30,3,TSE,770.9817504882812,749.88720703125,749.5294799804688,753.63720703125,749.7089233398438
M5_YLUR_SLUR,5,LUR,LUR,2025-01-28,2025-01-30,3,TSEC,49.37397384643555,49.98868942260742,50.033958435058594,50.12433624267578,49.99612808227539
M5_YLUR_SLUR,5,LUR,LUR,2025-01-29,2025-01-29,1,Yd,745.0368041992188,750.0528564453125,750.0142211914062,749.1774291992188,750.3861083984375
M5_YLUR_SLUR,5,LUR,LUR,2025-01-29,2025-01-29,1,TSE,747.961181640625,749.8804321289062,748.8485717773438,751.1290893554688,749.64794921875
M5_YLUR_SLUR,5,LUR,LUR,2025-01-29,2025-01-29,1,TSEC,49.184364318847656,49.988311767578125,49.96631622314453,49.793460845947266,49.99365997314453
M5_YLUR_SLUR,5,LUR,LUR,2025-01-29,2025-01-30,2,Yd,748.0226440429688,750.0528564453125,750.4449462890625,746.6552124023438,750.552734375
M5_YLUR_SLUR,5,LUR,LUR,2025-01-29,2025-01-30,2,TSE,770.9817504882812,749.8804321289062,747.8754272460938,748.5086669921875,749.6784057617188
M5_YLUR_SLUR,5,LUR,LUR,2025-01-29,2025-01-30,2,TSEC,49.37397384643555,49.988311767578125,49.980377197265625,49.95106506347656,49.99730682373047
M5_YLUR_SLUR,5,LUR,LUR,2025-01-29,2025-01-31,3,Yd,757.7759399414062,750.0528564453125,750.2069091796875,749.1593017578125,750.3593139648438
M5_YLUR_SLUR,5,LUR,LUR,2025-01-29,2025-01-31,3,TSE,748.964111328125,749.8804321289062,748.704345703125,749.0712890625,749.6109008789062
M5_YLUR_SLUR,5,LUR,LUR,2025-01-29,2025-01-31,3,TSEC,49.89621353149414,49.988311767578125,49.962120056152344,50.00907516479492,49.98029708862305
M5_YLUR_SLUR,5,LUR,LUR,2025-01-30,2025-01-30,1,Yd,748.0226440429688,750.0462036132812,752.0070190429688,749.81103515625,750.2454833984375
M5_YLUR_SLUR,5,LUR,LUR,2025-01-30,2025-01-30,1,TSE,770.9817504882812,749.8779907226562,747.6764526367188,752.6486206054688,749.65673828125
M5_YLUR_SLUR,5,LUR,LUR,2025-01-30,2025-01-30,1,TSEC,49.37397384643555,49.98725509643555,49.95780944824219,50.13458251953125,49.98690414428711
M5_YLUR_SLUR,5,LUR,LUR,2025-01-30,2025-01-31,2,Yd,757.7759399414062,750.0462036132812,750.1495361328125,747.8301391601562,750.1842651367188
M5_YLUR_SLUR,5,LUR,LUR,2025-01-30,2025-01-31,2,TSE,748.964111328125,749.8779907226562,748.6854858398438,753.1281127929688,749.5094604492188
M5_YLUR_SLUR,5,LUR,LUR,2025-01-30,2025-01-31,2,TSEC,49.89621353149414,49.98725509643555,49.9630012512207,50.12520980834961,49.97425079345703
M5_YLUR_SLUR,5,LUR,LUR,2025-01-30,2025-02-01,3,Yd,749.09423828125,750.0462036132812,748.9351196289062,748.621826171875,749.955322265625
M5_YLUR_SLUR,5,LUR,LUR,2025-01-30,2025-02-01,3,TSE,750.4573974609375,749.8779907226562,749.0166015625,752.8370971679688,749.2999267578125
M5_YLUR_SLUR,5,LUR,LUR,2025-01-30,2025-02-01,3,TSEC,51.573448181152344,49.98725509643555,49.93085479736328,49.92280197143555,49.95115661621094
M5_YLUR_SLUR,5,LUR,LUR,2025-01-31,2025-01-31,1,Yd,757.7759399414062,750.0436401367188,750.2847900390625,750.04443359375,749.9871215820312
M5_YLUR_SLUR,5,LUR,LUR,2025-01-31,2025-01-31,1,TSE,748.964111328125,749.9057006835938,749.017333984375,749.4088745117188,749.7264404296875
M5_YLUR_SLUR,5,LUR,LUR,2025-01-31,2025-01-31,1,TSEC,49.89621353149414,49.98644256591797,49.94364929199219,50.032630920410156,49.98008728027344
M5_YLUR_SLUR,5,LUR,LUR,2025-01-31,2025-02-01,2,Yd,749.09423828125,750.0436401367188,748.8270874023438,749.5862426757812,749.8433227539062
M5_YLUR_SLUR,5,LUR,LUR,2025-01-31,2025-02-01,2,TSE,750.4573974609375,749.9057006835938,749.8529052734375,752.350830078125,749.595703125
M5_YLUR_SLUR,5,LUR,LUR,2025-01-31,2025-02-01,2,TSEC,51.573448181152344,49.98644256591797,49.928565979003906,50.02349853515625,49.964996337890625
M5_YLUR_SLUR,5,LUR,LUR,2025-01-31,2025-02-02,3,Yd,758.1455078125,750.0436401367188,750.1329345703125,749.1237182617188,749.7584838867188
M5_YLUR_SLUR,5,LUR,LUR,2025-01-31,2025-02-02,3,TSE,748.3714599609375,749.9057006835938,749.6095581054688,750.0419921875,749.4895629882812
M5_YLUR_SLUR,5,LUR,LUR,2025-01-31,2025-02-02,3,TSEC,50.44635009765625,49.98644256591797,49.926353454589844,49.98377990722656,49.94310760498047
M5_YLUR_SLUR,5,LUR,LUR,2025-02-01,2025-02-01,1,Yd,749.09423828125,750.0537109375,753.2656860351562,748.5333251953125,749.9191284179688
M5_YLUR_SLUR,5,LUR,LUR,2025-02-01,2025-02-01,1,TSE,750.4573974609375,749.9044189453125,749.9564208984375,751.8367919921875,749.6832275390625
M5_YLUR_SLUR,5,LUR,LUR,2025-02-01,2025-02-01,1,TSEC,51.573448181152344,49.986324310302734,49.92440414428711,50.029396057128906,49.96428298950195
M5_YLUR_SLUR,5,LUR,LUR,2025-02-01,2025-02-02,2,Yd,758.1455078125,750.0537109375,750.917724609375,748.5304565429688,749.8536376953125
M5_YLUR_SLUR,5,LUR,LUR,2025-02-01,2025-02-02,2,TSE,748.3714599609375,749.9044189453125,750.2467651367188,747.4700927734375,749.661865234375
M5_YLUR_SLUR,5,LUR,LUR,2025-02-01,2025-02-02,2,TSEC,50.44635009765625,49.986324310302734,49.92171859741211,50.01801300048828,49.94685745239258
M5_YLUR_SLUR,5,LUR,LUR,2025-02-01,2025-02-03,3,Yd,757.8892211914062,750.0537109375,751.1306762695312,749.571044921875,749.927001953125
M5_YLUR_SLUR,5,LUR,LUR,2025-02-01,2025-02-03,3,TSE,748.4698486328125,749.9044189453125,749.1010131835938,748.9951782226562,749.7238159179688
M5_YLUR_SLUR,5,LUR,LUR,2025-02-01,2025-02-03,3,TSEC,50.59394073486328,49.986324310302734,49.94293212890625,49.842323303222656,49.94637680053711
M5_YLUR_SLUR,5,LUR,LUR,2025-02-02,2025-02-02,1,Yd,758.1455078125,750.0524291992188,750.2860107421875,750.7716064453125,749.9442138671875
M5_YLUR_SLUR,5,LUR,LUR,2025-02-02,2025-02-02,1,TSE,748.3714599609375,749.9051513671875,753.5314331054688,749.252197265625,749.7651977539062
M5_YLUR_SLUR,5,LUR,LUR,2025-02-02,2025-02-02,1,TSEC,50.44635009765625,49.98841094970703,50.00318145751953,50.03700637817383,49.96428680419922
M5_YLUR_SLUR,5,LUR,LUR,2025-02-02,2025-02-03,2,Yd,757.8892211914062,750.0524291992188,751.09130859375,751.4031372070312,750.0713500976562
M5_YLUR_SLUR,5,LUR,LUR,2025-02-02,2025-02-03,2,TSE,748.4698486328125,749.9051513671875,747.446533203125,747.1616821289062,749.8316650390625
M5_YLUR_SLUR,5,LUR,LUR,2025-02-02,2025-02-03,2,TSEC,50.59394073486328,49.98841094970703,49.903663635253906,50.019737243652344,49.959808349609375
M5_YLUR_SLUR,5,LUR,LUR,2025-02-02,2025-02-04,3,Yd,760.1871337890625,750.0524291992188,749.6837768554688,751.3980712890625,750.3978271484375
M5_YLUR_SLUR,5,LUR,LUR,2025-02-02,2025-02-04,3,TSE,746.9898681640625,749.9051513671875,750.309326171875,747.882568359375,749.7755126953125
M5_YLUR_SLUR,5,LUR,LUR,2025-02-02,2025-02-04,3,TSEC,49.72415542602539,49.98841094970703,50.02964401245117,50.16719436645508,49.96815872192383
M5_YLUR_SLUR,5,LUR,LUR,2025-02-03,2025-02-03,1,Yd,757.8892211914062,750.0630493164062,750.8348999023438,747.9364013671875,750.08642578125
M5_YLUR_SLUR,5,LUR,LUR,2025-02-03,2025-02-03,1,TSE,748.4698486328125,749.9031372070312,749.019775390625,747.6565551757812,749.9334106445312
M5_YLUR_SLUR,5,LUR,LUR,2025-02-03,2025-02-03,1,TSEC,50.59394073486328,49.98900604248047,49.935848236083984,50.04425048828125,49.97623062133789
M5_YLUR_SLUR,5,LUR,LUR,2025-02-03,2025-02-04,2,Yd,760.1871337890625,750.0630493164062,749.8421020507812,750.1370239257812,750.4165649414062
M5_YLUR_SLUR,5,LUR,LUR,2025-02-03,2025-02-04,2,TSE,746.9898681640625,749.9031372070312,749.293701171875,748.6724853515625,750.0169067382812
M5_YLUR_SLUR,5,LUR,LUR,2025-02-03,2025-02-04,2,TSEC,49.72415542602539,49.98900604248047,49.98046112060547,50.08638000488281,49.987239837646484
M5_YLUR_SLUR,5,LUR,LUR,2025-02-03,2025-02-05,3,Yd,751.230712890625,750.0630493164062,750.8263549804688,750.3087158203125,750.730224609375
M5_YLUR_SLUR,5,LUR,LUR,2025-02-03,2025-02-05,3,TSE,739.1913452148438,749.9031372070312,748.641845703125,749.7012939453125,750.1592407226562
M5_YLUR_SLUR,5,LUR,LUR,2025-02-03,2025-02-05,3,TSEC,50.19752883911133,49.98900604248047,49.96749496459961,50.17481231689453,49.99618148803711
M5_YLUR_SLUR,5,LUR,LUR,2025-02-04,2025-02-04,1,Yd,760.1871337890625,750.0733032226562,750.6021118164062,746.7388305664062,750.3267211914062
M5_YLUR_SLUR,5,LUR,LUR,2025-02-04,2025-02-04,1,TSE,746.9898681640625,749.9013061523438,750.3010864257812,749.6270751953125,749.9450073242188
M5_YLUR_SLUR,5,LUR,LUR,2025-02-04,2025-02-04,1,TSEC,49.72415542602539,49.98979949951172,49.998619079589844,50.183349609375,49.991641998291016
M5_YLUR_SLUR,5,LUR,LUR,2025-02-04,2025-02-05,2,Yd,751.230712890625,750.0733032226562,750.1968383789062,750.3052978515625,750.6700439453125
M5_YLUR_SLUR,5,LUR,LUR,2025-02-04,2025-02-05,2,TSE,739.1913452148438,749.9013061523438,747.8345947265625,747.063720703125,750.1673583984375
M5_YLUR_SLUR,5,LUR,LUR,2025-02-04,2025-02-05,2,TSEC,50.19752883911133,49.98979949951172,49.94321823120117,50.22804641723633,50.002830505371094
M5_YLUR_SLUR,5,LUR,LUR,2025-02-04,2025-02-06,3,Yd,761.6885375976562,750.0733032226562,750.4362182617188,749.48095703125,750.7621459960938
M5_YLUR_SLUR,5,LUR,LUR,2025-02-04,2025-02-06,3,TSE,744.8336181640625,749.9013061523438,750.6730346679688,747.9856567382812,750.3370361328125
M5_YLUR_SLUR,5,LUR,LUR,2025-02-04,2025-02-06,3,TSEC,49.125640869140625,49.98979949951172,50.016571044921875,50.32537078857422,50.00880432128906
M5_YLUR_SLUR,5,LUR,LUR,2025-02-05,2025-02-05,1,Yd,751.230712890625,750.0864868164062,750.26416015625,748.5934448242188,750.4202270507812
M5_YLUR_SLUR,5,LUR,LUR,2025-02-05,2025-02-05,1,TSE,739.1913452148438,749.8975219726562,748.5621948242188,748.9542236328125,749.938720703125
M5_YLUR_SLUR,5,LUR,LUR,2025-02-05,2025-02-05,1,TSEC,50.19752883911133,49.98944854736328,49.93455505371094,49.98747634887695,49.99905776977539
M5_YLUR_SLUR,5,LUR,LUR,2025-02-05,2025-02-06,2,Yd,761.6885375976562,750.0864868164062,750.6649780273438,750.9356079101562,750.5889892578125
M5_YLUR_SLUR,5,LUR,LUR,2025-02-05,2025-02-06,2,TSE,744.8336181640625,749.8975219726562,748.7189331054688,750.8126831054688,750.1751708984375
M5_YLUR_SLUR,5,LUR,LUR,2025-02-05,2025-02-06,2,TSEC,49.125640869140625,49.98944854736328,50.02168655395508,49.97300720214844,50.00579071044922
M5_YLUR_SLUR,5,LUR,LUR,2025-02-05,2025-02-07,3,Yd,756.1790771484375,750.0864868164062,750.312744140625,749.3513793945312,750.4096069335938
M5_YLUR_SLUR,5,LUR,LUR,2025-02-05,2025-02-07,3,TSE,750.0462036132812,749.8975219726562,749.129638671875,749.3946533203125,750.244873046875
M5_YLUR_SLUR,5,LUR,LUR,2025-02-05,2025-02-07,3,TSEC,49.680633544921875,49.98944854736328,49.9404296875,49.92304229736328,49.99008560180664
M5_YLUR_SLUR,5,LUR,LUR,2025-02-06,2025-02-06,1,Yd,761.6885375976562,750.0880126953125,750.7261352539062,747.6239624023438,750.3056030273438
M5_YLUR_SLUR,5,LUR,LUR,2025-02-06,2025-02-06,1,TSE,744.8336181640625,749.883544921875,748.9024658203125,750.112060546875,749.9475708007812
M5_YLUR_SLUR,5,LUR,LUR,2025-02-06,2025-02-06,1,TSEC,49.125640869140625,49.989723205566406,50.03575134277344,50.10683822631836,49.99097442626953
M5_YLUR_SLUR,5,LUR,LUR,2025-02-06,2025-02-07,2,Yd,756.1790771484375,750.0880126953125,750.2492065429688,750.0892333984375,750.3042602539062
M5_YLUR_SLUR,5,LUR,LUR,2025-02-06,2025-02-07,2,TSE,750.0462036132812,749.883544921875,748.8270874023438,749.92431640625,750.0064086914062
M5_YLUR_SLUR,5,LUR,LUR,2025-02-06,2025-02-07,2,TSEC,49.680633544921875,49.989723205566406,49.93638610839844,50.11015319824219,49.98326873779297
M5_YLUR_SLUR,5,LUR,LUR,2025-02-06,2025-02-08,3,Yd,749.2805786132812,750.0880126953125,751.9041748046875,748.58251953125,750.1082153320312
M5_YLUR_SLUR,5,LUR,LUR,2025-02-06,2025-02-08,3,TSE,739.259765625,749.883544921875,750.3178100585938,749.43896484375,749.8428955078125
M5_YLUR_SLUR,5,LUR,LUR,2025-02-06,2025-02-08,3,TSEC,50.16606521606445,49.989723205566406,50.02490997314453,50.07786560058594,49.96263885498047
M5_YLUR_SLUR,5,LUR,LUR,2025-02-07,2025-02-07,1,Yd,756.1790771484375,750.1032104492188,751.8555297851562,748.9536743164062,750.1276245117188
M5_YLUR_SLUR,5,LUR,LUR,2025-02-07,2025-02-07,1,TSE,750.0462036132812,749.876953125,746.7911987304688,749.0972290039062,749.82958984375
M5_YLUR_SLUR,5,LUR,LUR,2025-02-07,2025-02-07,1,TSEC,49.680633544921875,49.98859786987305,49.940101623535156,49.835845947265625,49.980716705322266
M5_YLUR_SLUR,5,LUR,LUR,2025-02-07,2025-02-08,2,Yd,749.2805786132812,750.1032104492188,752.8521728515625,748.9307250976562,750.0867919921875
M5_YLUR_SLUR,5,LUR,LUR,2025-02-07,2025-02-08,2,TSE,739.259765625,749.876953125,750.7141723632812,748.950927734375,749.7722778320312
M5_YLUR_SLUR,5,LUR,LUR,2025-02-07,2025-02-08,2,TSEC,50.16606521606445,49.98859786987305,49.986976623535156,49.88416290283203,49.95878601074219
M5_YLUR_SLUR,5,LUR,LUR,2025-02-07,2025-02-09,3,Yd,757.3544311523438,750.1032104492188,751.8561401367188,750.9132690429688,750.0431518554688
M5_YLUR_SLUR,5,LUR,LUR,2025-02-07,2025-02-09,3,TSE,751.9813842773438,749.876953125,748.6578979492188,746.846435546875,749.8493041992188
M5_YLUR_SLUR,5,LUR,LUR,2025-02-07,2025-02-09,3,TSEC,49.389801025390625,49.98859786987305,49.92051696777344,49.78319549560547,49.94071960449219
M5_YLUR_SLUR,5,LUR,LUR,2025-02-08,2025-02-08,1,Yd,749.2805786132812,750.1110229492188,752.2781372070312,749.2573852539062,749.9594116210938
M5_YLUR_SLUR,5,LUR,LUR,2025-02-08,2025-02-08,1,TSE,739.259765625,749.8771362304688,750.5103759765625,747.9617309570312,749.8157958984375
M5_YLUR_SLUR,5,LUR,LUR,2025-02-08,2025-02-08,1,TSEC,50.16606521606445,49.98819351196289,49.99832534790039,50.034297943115234,49.96208190917969
M5_YLUR_SLUR,5,LUR,LUR,2025-02-08,2025-02-09,2,Yd,757.3544311523438,750.1110229492188,751.3168334960938,749.3295288085938,749.9567260742188
M5_YLUR_SLUR,5,LUR,LUR,2025-02-08,2025-02-09,2,TSE,751.9813842773438,749.8771362304688,750.4764404296875,748.9019775390625,749.9525146484375
M5_YLUR_SLUR,5,LUR,LUR,2025-02-08,2025-02-09,2,TSEC,49.389801025390625,49.98819351196289,49.90253448486328,49.99177551269531,49.944644927978516
M5_YLUR_SLUR,5,LUR,LUR,2025-02-08,2025-02-10,3,Yd,762.3263549804688,750.1110229492188,751.6592407226562,749.57568359375,750.1751098632812
M5_YLUR_SLUR,5,LUR,LUR,2025-02-08,2025-02-10,3,TSE,743.3695068359375,749.8771362304688,748.9014892578125,748.5387573242188,750.0203247070312
M5_YLUR_SLUR,5,LUR,LUR,2025-02-08,2025-02-10,3,TSEC,49.782508850097656,49.98819351196289,50.02022171020508,49.89576721191406,49.94849395751953
M5_YLUR_SLUR,5,LUR,LUR,2025-02-09,2025-02-09,1,Yd,757.3544311523438,750.1099243164062,750.1103515625,750.0943603515625,749.9484252929688
M5_YLUR_SLUR,5,LUR,LUR,2025-02-09,2025-02-09,1,TSE,751.9813842773438,749.86328125,746.9842529296875,749.5527954101562,749.91796875
M5_YLUR_SLUR,5,LUR,LUR,2025-02-09,2025-02-09,1,TSEC,49.389801025390625,49.98842239379883,49.93910217285156,49.86766815185547,49.96107482910156
M5_YLUR_SLUR,5,LUR,LUR,2025-02-09,2025-02-10,2,Yd,762.3263549804688,750.1099243164062,750.9435424804688,749.377685546875,750.1181030273438
M5_YLUR_SLUR,5,LUR,LUR,2025-02-09,2025-02-10,2,TSE,743.3695068359375,749.86328125,749.5802001953125,749.1680297851562,750.0501708984375
M5_YLUR_SLUR,5,LUR,LUR,2025-02-09,2025-02-10,2,TSEC,49.782508850097656,49.98842239379883,50.01673126220703,49.894935607910156,49.95843505859375
M5_YLUR_SLUR,5,LUR,LUR,2025-02-09,2025-02-11,3,Yd,744.4362182617188,750.1099243164062,750.846435546875,753.1860961914062,750.4601440429688
M5_YLUR_SLUR,5,LUR,LUR,2025-02-09,2025-02-11,3,TSE,745.1253051757812,749.86328125,746.5704345703125,750.7821655273438,749.9808349609375
M5_YLUR_SLUR,5,LUR,LUR,2025-02-09,2025-02-11,3,TSEC,50.624053955078125,49.98842239379883,49.95315933227539,50.0526123046875,49.97411346435547
M5_YLUR_SLUR,5,LUR,LUR,2025-02-10,2025-02-10,1,Yd,762.3263549804688,750.1193237304688,750.7778930664062,750.1806030273438,750.0323486328125
M5_YLUR_SLUR,5,LUR,LUR,2025-02-10,2025-02-10,1,TSE,743.3695068359375,749.8660888671875,748.9107055664062,751.1557006835938,749.9600830078125
M5_YLUR_SLUR,5,LUR,LUR,2025-02-10,2025-02-10,1,TSEC,49.782508850097656,49.987648010253906,50.04996109008789,50.00362777709961,49.97270202636719
M5_YLUR_SLUR,5,LUR,LUR,2025-02-10,2025-02-11,2,Yd,744.4362182617188,750.1193237304688,750.8804321289062,749.3252563476562,750.317626953125
M5_YLUR_SLUR,5,LUR,LUR,2025-02-10,2025-02-11,2,TSE,745.1253051757812,749.8660888671875,748.853271484375,750.2097778320312,750.0479736328125
M5_YLUR_SLUR,5,LUR,LUR,2025-02-10,2025-02-11,2,TSEC,50.624053955078125,49.987648010253906,49.83420181274414,49.97105407714844,49.9830322265625
M5_YLUR_SLUR,5,LUR,LUR,2025-02-10,2025-02-12,3,Yd,749.5198974609375,750.1193237304688,750.8023681640625,749.7221069335938,750.5833129882812
M5_YLUR_SLUR,5,LUR,LUR,2025-02-10,2025-02-12,3,TSE,756.121826171875,749.8660888671875,748.9450073242188,753.9803466796875,750.282470703125
M5_YLUR_SLUR,5,LUR,LUR,2025-02-10,2025-02-12,3,TSEC,50.1361198425293,49.987648010253906,50.003684997558594,50.14334487915039,49.98595428466797
M5_YLUR_SLUR,5,LUR,LUR,2025-02-11,2025-02-11,1,Yd,744.4362182617188,750.1351928710938,751.0156860351562,748.5242309570312,750.2437744140625
M5_YLUR_SLUR,5,LUR,LUR,2025-02-11,2025-02-11,1,TSE,745.1253051757812,749.857666015625,746.2503662109375,751.6799926757812,749.9874267578125
M5_YLUR_SLUR,5,LUR,LUR,2025-02-11,2025-02-11,1,TSEC,50.624053955078125,49.98738479614258,49.924339294433594,50.00480651855469,49.99030685424805
M5_YLUR_SLUR,5,LUR,LUR,2025-02-11,2025-02-12,2,Yd,749.5198974609375,750.1351928710938,750.5189208984375,748.9878540039062,750.5277099609375
M5_YLUR_SLUR,5,LUR,LUR,2025-02-11,2025-02-12,2,TSE,756.121826171875,749.857666015625,750.3603515625,749.217529296875,750.2633666992188
M5_YLUR_SLUR,5,LUR,LUR,2025-02-11,2025-02-12,2,TSEC,50.1361198425293,49.98738479614258,49.93866729736328,50.10394287109375,49.99642562866211
M5_YLUR_SLUR,5,LUR,LUR,2025-02-11,2025-02-13,3,Yd,745.650390625,750.1351928710938,750.4071655273438,749.10302734375,750.56298828125
M5_YLUR_SLUR,5,LUR,LUR,2025-02-11,2025-02-13,3,TSE,747.5328369140625,749.857666015625,747.22509765625,750.5383911132812,750.5090942382812
M5_YLUR_SLUR,5,LUR,LUR,2025-02-11,2025-02-13,3,TSEC,50.16758346557617,49.98738479614258,49.94887161254883,50.133663177490234,49.98961639404297
M5_YLUR_SLUR,5,LUR,LUR,2025-02-12,2025-02-12,1,Yd,749.5198974609375,750.1277465820312,750.97265625,750.5037841796875,750.372802734375
M5_YLUR_SLUR,5,LUR,LUR,2025-02-12,2025-02-12,1,TSE,756.121826171875,749.8515625,749.299072265625,751.1819458007812,749.8878784179688
M5_YLUR_SLUR,5,LUR,LUR,2025-02-12,2025-02-12,1,TSEC,50.1361198425293,49.98820495605469,49.97357940673828,50.017120361328125,49.99034118652344
M5_YLUR_SLUR,5,LUR,LUR,2025-02-12,2025-02-13,2,Yd,745.650390625,750.1277465820312,750.2439575195312,750.1890258789062,750.5367431640625
M5_YLUR_SLUR,5,LUR,LUR,2025-02-12,2025-02-13,2,TSE,747.5328369140625,749.8515625,746.4100952148438,749.9359130859375,750.1179809570312
M5_YLUR_SLUR,5,LUR,LUR,2025-02-12,2025-02-13,2,TSEC,50.16758346557617,49.98820495605469,49.95063018798828,50.10210037231445,49.99253845214844
M5_YLUR_SLUR,5,LUR,LUR,2025-02-12,2025-02-14,3,Yd,742.4347534179688,750.1277465820312,751.158447265625,750.194580078125,750.3500366210938
M5_YLUR_SLUR,5,LUR,LUR,2025-02-12,2025-02-14,3,TSE,741.283447265625,749.8515625,748.7955932617188,749.75390625,750.1824951171875
M5_YLUR_SLUR,5,LUR,LUR,2025-02-12,2025-02-14,3,TSEC,50.26719284057617,49.98820495605469,50.017608642578125,50.09786605834961,49.97510528564453
M5_YLUR_SLUR,5,LUR,LUR,2025-02-13,2025-02-13,1,Yd,745.650390625,750.1270141601562,752.2169189453125,748.9654541015625,750.3274536132812
M5_YLUR_SLUR,5,LUR,LUR,2025-02-13,2025-02-13,1,TSE,747.5328369140625,749.8596801757812,747.058837890625,747.6671752929688,749.9332885742188
M5_YLUR_SLUR,5,LUR,LUR,2025-02-13,2025-02-13,1,TSEC,50.16758346557617,49.9884033203125,49.92979049682617,49.90876770019531,49.98809814453125
M5_YLUR_SLUR,5,LUR,LUR,2025-02-13,2025-02-14,2,Yd,742.4347534179688,750.1270141601562,752.2920532226562,749.1992797851562,750.33984375
M5_YLUR_SLUR,5,LUR,LUR,2025-02-13,2025-02-14,2,TSE,741.283447265625,749.8596801757812,748.850830078125,748.439208984375,750.0078125
M5_YLUR_SLUR,5,LUR,LUR,2025-02-13,2025-02-14,2,TSEC,50.26719284057617,49.9884033203125,49.968421936035156,49.971961975097656,49.979515075683594
M5_YLUR_SLUR,5,LUR,LUR,2025-02-13,2025-02-15,3,Yd,751.2923583984375,750.1270141601562,752.8223266601562,751.1996459960938,750.1403198242188
M5_YLUR_SLUR,5,LUR,LUR,2025-02-13,2025-02-15,3,TSE,743.4089965820312,749.8596801757812,748.6112670898438,747.465576171875,749.8671264648438
M5_YLUR_SLUR,5,LUR,LUR,2025-02-13,2025-02-15,3,TSEC,49.915042877197266,49.9884033203125,49.9350471496582,49.886993408203125,49.95973587036133
M5_YLUR_SLUR,5,LUR,LUR,2025-02-14,2025-02-14,1,Yd,742.4347534179688,750.1212768554688,751.1859130859375,748.24365234375,750.115478515625
M5_YLUR_SLUR,5,LUR,LUR,2025-02-14,2025-02-14,1,TSE,741.283447265625,749.8566284179688,748.7897338867188,750.6870727539062,749.845458984375
M5_YLUR_SLUR,5,LUR,LUR,2025-02-14,2025-02-14,1,TSEC,50.26719284057617,49.98862838745117,50.00599670410156,50.09251403808594,49.977294921875
M5_YLUR_SLUR,5,LUR,LUR,2025-02-14,2025-02-15,2,Yd,751.2923583984375,750.1212768554688,748.5673828125,748.9841918945312,750.0848388671875
M5_YLUR_SLUR,5,LUR,LUR,2025-02-14,2025-02-15,2,TSE,743.4089965820312,749.8566284179688,750.2671508789062,751.0833129882812,749.706298828125
M5_YLUR_SLUR,5,LUR,LUR,2025-02-14,2025-02-15,2,TSEC,49.915042877197266,49.98862838745117,49.96223449707031,50.068138122558594,49.960609436035156
M5_YLUR_SLUR,5,LUR,LUR,2025-02-14,2025-02-16,3,Yd,756.6948852539062,750.1212768554688,750.9081420898438,748.9054565429688,750.0358276367188
M5_YLUR_SLUR,5,LUR,LUR,2025-02-14,2025-02-16,3,TSE,727.77978515625,749.8566284179688,750.0511474609375,750.2833251953125,749.5354614257812
M5_YLUR_SLUR,5,LUR,LUR,2025-02-14,2025-02-16,3,TSEC,49.4206428527832,49.98862838745117,49.988807678222656,50.00697708129883,49.94035720825195
M5_YLUR_SLUR,5,LUR,LUR,2025-02-15,2025-02-15,1,Yd,751.2923583984375,750.111328125,748.8401489257812,748.532470703125,749.986083984375
M5_YLUR_SLUR,5,LUR,LUR,2025-02-15,2025-02-15,1,TSE,743.4089965820312,749.8455810546875,749.9827270507812,750.9869384765625,749.7366333007812
M5_YLUR_SLUR,5,LUR,LUR,2025-02-15,2025-02-15,1,TSEC,49.915042877197266,49.98898696899414,49.98759460449219,50.132965087890625,49.96693801879883
M5_YLUR_SLUR,5,LUR,LUR,2025-02-15,2025-02-16,2,Yd,756.6948852539062,750.111328125,750.6631469726562,749.1293334960938,750.0023803710938
M5_YLUR_SLUR,5,LUR,LUR,2025-02-15,2025-02-16,2,TSE,727.77978515625,749.8455810546875,749.8641357421875,752.8348388671875,749.6048583984375
M5_YLUR_SLUR,5,LUR,LUR,2025-02-15,2025-02-16,2,TSEC,49.4206428527832,49.98898696899414,49.98670959472656,49.95661926269531,49.949066162109375
M5_YLUR_SLUR,5,LUR,LUR,2025-02-15,2025-02-17,3,Yd,752.5905151367188,750.111328125,751.602294921875,750.665283203125,750.2289428710938
M5_YLUR_SLUR,5,LUR,LUR,2025-02-15,2025-02-17,3,TSE,757.4066162109375,749.8455810546875,749.0613403320312,752.2473754882812,749.4619140625
M5_YLUR_SLUR,5,LUR,LUR,2025-02-15,2025-02-17,3,TSEC,50.005271911621094,49.98898696899414,49.98017120361328,49.97015380859375,49.94267654418945
M5_YLUR_SLUR,5,LUR,LUR,2025-02-16,2025-02-16,1,Yd,756.6948852539062,750.11279296875,751.6539306640625,749.875,749.9782104492188
M5_YLUR_SLUR,5,LUR,LUR,2025-02-16,2025-02-16,1,TSE,727.77978515625,749.8373413085938,749.5966186523438,749.574462890625,749.7389526367188
M5_YLUR_SLUR,5,LUR,LUR,2025-02-16,2025-02-16,1,TSEC,49.4206428527832,49.98889923095703,49.99078369140625,50.001041412353516,49.964107513427734
M5_YLUR_SLUR,5,LUR,LUR,2025-02-16,2025-02-17,2,Yd,752.5905151367188,750.11279296875,751.7733154296875,750.64208984375,750.1817016601562
M5_YLUR_SLUR,5,LUR,LUR,2025-02-16,2025-02-17,2,TSE,757.4066162109375,749.8373413085938,746.412109375,750.5731201171875,749.7237548828125
M5_YLUR_SLUR,5,LUR,LUR,2025-02-16,2025-02-17,2,TSEC,50.005271911621094,49.98889923095703,50.00165939331055,49.94002914428711,49.95677947998047
M5_YLUR_SLUR,5,LUR,LUR,2025-02-16,2025-02-18,3,Yd,743.094970703125,750.11279296875,751.9546508789062,749.7901611328125,750.49267578125
M5_YLUR_SLUR,5,LUR,LUR,2025-02-16,2025-02-18,3,TSE,734.3132934570312,749.8373413085938,747.7351684570312,752.1784057617188,749.6572265625
M5_YLUR_SLUR,5,LUR,LUR,2025-02-16,2025-02-18,3,TSEC,49.33527755737305,49.98889923095703,49.97480392456055,49.902645111083984,49.96628952026367
M5_YLUR_SLUR,5,LUR,LUR,2025-02-17,2025-02-17,1,Yd,752.5905151367188,750.1212768554688,750.8343505859375,750.8960571289062,750.099609375
M5_YLUR_SLUR,5,LUR,LUR,2025-02-17,2025-02-17,1,TSE,757.4066162109375,749.8089599609375,748.2689208984375,752.786865234375,749.8843383789062
M5_YLUR_SLUR,5,LUR,LUR,2025-02-17,2025-02-17,1,TSEC,50.005271911621094,49.9881591796875,49.910247802734375,49.96435546875,49.975242614746094
M5_YLUR_SLUR,5,LUR,LUR,2025-02-17,2025-02-18,2,Yd,743.094970703125,750.1212768554688,750.914794921875,749.8199462890625,750.406005859375
M5_YLUR_SLUR,5,LUR,LUR,2025-02-17,2025-02-18,2,TSE,734.3132934570312,749.8089599609375,748.0172729492188,750.7537841796875,749.87109375
M5_YLUR_SLUR,5,LUR,LUR,2025-02-17,2025-02-18,2,TSEC,49.33527755737305,49.9881591796875,49.978885650634766,50.1193733215332,49.98712158203125
M5_YLUR_SLUR,5,LUR,LUR,2025-02-17,2025-02-19,3,Yd,748.8961791992188,750.1212768554688,750.8568725585938,749.8046875,750.6837768554688
M5_YLUR_SLUR,5,LUR,LUR,2025-02-17,2025-02-19,3,TSE,738.1337280273438,749.8089599609375,747.962890625,751.1522827148438,749.986572265625
M5_YLUR_SLUR,5,LUR,LUR,2025-02-17,2025-02-19,3,TSEC,50.23649215698242,49.9881591796875,49.9466438293457,50.040557861328125,49.98832321166992
M5_YLUR_SLUR,5,LUR,LUR,2025-02-18,2025-02-18,1,Yd,743.094970703125,750.12451171875,750.603515625,750.2242431640625,750.2889404296875
M5_YLUR_SLUR,5,LUR,LUR,2025-02-18,2025-02-18,1,TSE,734.3132934570312,749.8187866210938,749.3777465820312,749.6054077148438,749.8147583007812
M5_YLUR_SLUR,5,LUR,LUR,2025-02-18,2025-02-18,1,TSEC,49.33527755737305,49.98818588256836,49.84973907470703,50.00535202026367,49.98643493652344
M5_YLUR_SLUR,5,LUR,LUR,2025-02-18,2025-02-19,2,Yd,748.8961791992188,750.12451171875,750.6227416992188,749.5513305664062,750.5909423828125
M5_YLUR_SLUR,5,LUR,LUR,2025-02-18,2025-02-19,2,TSE,738.1337280273438,749.8187866210938,746.1519775390625,750.2030029296875,750.00439453125
M5_YLUR_SLUR,5,LUR,LUR,2025-02-18,2025-02-19,2,TSEC,50.23649215698242,49.98818588256836,49.95536804199219,50.15591049194336,49.98939514160156
M5_YLUR_SLUR,5,LUR,LUR,2025-02-18,2025-02-20,3,Yd,759.5833129882812,750.12451171875,750.6649780273438,748.94189453125,750.6381225585938
M5_YLUR_SLUR,5,LUR,LUR,2025-02-18,2025-02-20,3,TSE,747.763671875,749.8187866210938,749.9705810546875,752.7450561523438,750.2080688476562
M5_YLUR_SLUR,5,LUR,LUR,2025-02-18,2025-02-20,3,TSEC,50.32230758666992,49.98818588256836,50.014442443847656,50.194400787353516,49.98261642456055
M5_YLUR_SLUR,5,LUR,LUR,2025-02-19,2025-02-19,1,Yd,748.8961791992188,750.1153564453125,750.822021484375,751.404296875,750.343505859375
M5_YLUR_SLUR,5,LUR,LUR,2025-02-19,2025-02-19,1,TSE,738.1337280273438,749.7988891601562,749.6813354492188,751.779052734375,749.7511596679688
M5_YLUR_SLUR,5,LUR,LUR,2025-02-19,2025-02-19,1,TSEC,50.23649215698242,49.98735046386719,49.949161529541016,49.8353385925293,49.98794174194336
M5_YLUR_SLUR,5,LUR,LUR,2025-02-19,2025-02-20,2,Yd,759.5833129882812,750.1153564453125,750.8384399414062,749.194091796875,750.4625854492188
M5_YLUR_SLUR,5,LUR,LUR,2025-02-19,2025-02-20,2,TSE,747.763671875,749.7988891601562,749.7423095703125,750.4579467773438,749.86669921875
M5_YLUR_SLUR,5,LUR,LUR,2025-02-19,2025-02-20,2,TSEC,50.32230758666992,49.98735046386719,50.048282623291016,49.98004150390625,49.98532485961914
M5_YLUR_SLUR,5,LUR,LUR,2025-02-19,2025-02-21,3,Yd,746.8658447265625,750.1153564453125,750.7791137695312,749.2579956054688,750.2551879882812
M5_YLUR_SLUR,5,LUR,LUR,2025-02-19,2025-02-21,3,TSE,749.2962646484375,749.7988891601562,749.7552490234375,750.8990478515625,749.8397827148438
M5_YLUR_SLUR,5,LUR,LUR,2025-02-19,2025-02-21,3,TSEC,49.847991943359375,49.98735046386719,49.971622467041016,49.943641662597656,49.967506408691406
M5_YLUR_SLUR,5,LUR,LUR,2025-02-20,2025-02-20,1,Yd,759.5833129882812,750.1138916015625,750.619384765625,749.3694458007812,750.2613525390625
M5_YLUR_SLUR,5,LUR,LUR,2025-02-20,2025-02-20,1,TSE,747.763671875,749.783935546875,748.7778930664062,752.858642578125,749.7931518554688
M5_YLUR_SLUR,5,LUR,LUR,2025-02-20,2025-02-20,1,TSEC,50.32230758666992,49.987667083740234,50.01542663574219,50.03295135498047,49.98313903808594
M5_YLUR_SLUR,5,LUR,LUR,2025-02-20,2025-02-21,2,Yd,746.8658447265625,750.1138916015625,750.4290771484375,748.96826171875,750.2092895507812
M5_YLUR_SLUR,5,LUR,LUR,2025-02-20,2025-02-21,2,TSE,749.2962646484375,749.783935546875,746.3125,752.775390625,749.7319946289062
M5_YLUR_SLUR,5,LUR,LUR,2025-02-20,2025-02-21,2,TSEC,49.847991943359375,49.987667083740234,49.91731262207031,50.22252655029297,49.96937942504883
M5_YLUR_SLUR,5,LUR,LUR,2025-02-20,2025-02-22,3,Yd,750.4617919921875,750.1138916015625,752.55078125,748.7648315429688,750.0855712890625
M5_YLUR_SLUR,5,LUR,LUR,2025-02-20,2025-02-22,3,TSE,748.3880615234375,749.783935546875,750.609375,752.34033203125,749.4425659179688
M5_YLUR_SLUR,5,LUR,LUR,2025-02-20,2025-02-22,3,TSEC,50.35615921020508,49.987667083740234,50.0173225402832,50.04606246948242,49.95035934448242
M5_YLUR_SLUR,5,LUR,LUR,2025-02-21,2025-02-21,1,Yd,746.8658447265625,750.1259765625,751.7210083007812,747.4800415039062,750.09814453125
M5_YLUR_SLUR,5,LUR,LUR,2025-02-21,2025-02-21,1,TSE,749.2962646484375,749.7813110351562,749.6519165039062,748.8096923828125,749.8028564453125
M5_YLUR_SLUR,5,LUR,LUR,2025-02-21,2025-02-21,1,TSEC,49.847991943359375,49.98809814453125,49.96912384033203,50.070884704589844,49.97514343261719
M5_YLUR_SLUR,5,LUR,LUR,2025-02-21,2025-02-22,2,Yd,750.4617919921875,750.1259765625,752.405517578125,749.3836059570312,750.0819702148438
M5_YLUR_SLUR,5,LUR,LUR,2025-02-21,2025-02-22,2,TSE,748.3880615234375,749.7813110351562,748.6043090820312,749.853271484375,749.6976318359375
M5_YLUR_SLUR,5,LUR,LUR,2025-02-21,2025-02-22,2,TSEC,50.35615921020508,49.98809814453125,49.94790267944336,50.039520263671875,49.95772933959961
M5_YLUR_SLUR,5,LUR,LUR,2025-02-21,2025-02-23,3,Yd,739.983642578125,750.1259765625,751.6123046875,750.4985961914062,750.0881958007812
M5_YLUR_SLUR,5,LUR,LUR,2025-02-21,2025-02-23,3,TSE,745.2418823242188,749.7813110351562,748.5966186523438,746.6322021484375,749.6525268554688
M5_YLUR_SLUR,5,LUR,LUR,2025-02-21,2025-02-23,3,TSEC,49.89634323120117,49.98809814453125,49.927093505859375,49.70319366455078,49.9430046081543
M5_YLUR_SLUR,5,LUR,LUR,2025-02-22,2025-02-22,1,Yd,750.4617919921875,750.121826171875,752.153076171875,749.5733032226562,749.993408203125
M5_YLUR_SLUR,5,LUR,LUR,2025-02-22,2025-02-22,1,TSE,748.3880615234375,749.7807006835938,750.6282958984375,748.9197387695312,749.7024536132812
M5_YLUR_SLUR,5,LUR,LUR,2025-02-22,2025-02-22,1,TSEC,50.35615921020508,49.987918853759766,50.00269317626953,49.99732971191406,49.96430206298828
M5_YLUR_SLUR,5,LUR,LUR,2025-02-22,2025-02-23,2,Yd,739.983642578125,750.121826171875,751.31396484375,750.4619750976562,750.0162353515625
M5_YLUR_SLUR,5,LUR,LUR,2025-02-22,2025-02-23,2,TSE,745.2418823242188,749.7807006835938,747.956787109375,749.1193237304688,749.662353515625
M5_YLUR_SLUR,5,LUR,LUR,2025-02-22,2025-02-23,2,TSEC,49.89634323120117,49.987918853759766,49.90635681152344,49.9644660949707,49.94723892211914
M5_YLUR_SLUR,5,LUR,LUR,2025-02-22,2025-02-24,3,Yd,745.4974975585938,750.121826171875,751.5894165039062,750.0950927734375,750.13818359375
M5_YLUR_SLUR,5,LUR,LUR,2025-02-22,2025-02-24,3,TSE,760.3849487304688,749.7807006835938,747.9837646484375,749.486328125,749.7094116210938
M5_YLUR_SLUR,5,LUR,LUR,2025-02-22,2025-02-24,3,TSEC,49.891727447509766,49.987918853759766,49.9647331237793,49.8985595703125,49.94490432739258
M5_YLUR_SLUR,5,LUR,LUR,2025-02-23,2025-02-23,1,Yd,739.983642578125,750.122314453125,750.4463500976562,749.8580322265625,749.9714965820312
M5_YLUR_SLUR,5,LUR,LUR,2025-02-23,2025-02-23,1,TSE,745.2418823242188,749.7789306640625,748.5986328125,749.6046142578125,749.8037109375
M5_YLUR_SLUR,5,LUR,LUR,2025-02-23,2025-02-23,1,TSEC,49.89634323120117,49.9883918762207,49.93288803100586,49.98982238769531,49.96458053588867
M5_YLUR_SLUR,5,LUR,LUR,2025-02-23,2025-02-24,2,Yd,745.4974975585938,750.122314453125,750.903076171875,749.9300537109375,750.1171264648438
M5_YLUR_SLUR,5,LUR,LUR,2025-02-23,2025-02-24,2,TSE,760.3849487304688,749.7789306640625,749.9259643554688,750.7069091796875,749.8932495117188
M5_YLUR_SLUR,5,LUR,LUR,2025-02-23,2025-02-24,2,TSEC,49.891727447509766,49.9883918762207,49.97121047973633,49.98421859741211,49.96107482910156
M5_YLUR_SLUR,5,LUR,LUR,2025-02-23,2025-02-25,3,Yd,755.2875366210938,750.122314453125,751.0449829101562,750.0950927734375,750.4481811523438
M5_YLUR_SLUR,5,LUR,LUR,2025-02-23,2025-02-25,3,TSE,740.2540893554688,749.7789306640625,749.4393920898438,752.1239624023438,749.8639526367188
M5_YLUR_SLUR,5,LUR,LUR,2025-02-23,2025-02-25,3,TSEC,49.3815803527832,49.9883918762207,49.93876647949219,50.01198196411133,49.97331237792969
M5_YLUR_SLUR,5,LUR,LUR,2025-02-24,2025-02-24,1,Yd,745.4974975585938,750.109375,751.4478149414062,750.1943969726562,750.0775146484375
M5_YLUR_SLUR,5,LUR,LUR,2025-02-24,2025-02-24,1,TSE,760.3849487304688,749.773193359375,747.3887329101562,751.8051147460938,749.8095703125
M5_YLUR_SLUR,5,LUR,LUR,2025-02-24,2025-02-24,1,TSEC,49.891727447509766,49.988277435302734,49.96375274658203,50.006526947021484,49.97345733642578
M5_YLUR_SLUR,5,LUR,LUR,2025-02-24,2025-02-25,2,Yd,755.2875366210938,750.109375,751.2777099609375,749.4303588867188,750.41259765625
M5_YLUR_SLUR,5,LUR,LUR,2025-02-24,2025-02-25,2,TSE,740.2540893554688,749.773193359375,745.7373657226562,751.2156372070312,749.8242797851562
M5_YLUR_SLUR,5,LUR,LUR,2025-02-24,2025-02-25,2,TSEC,49.3815803527832,49.988277435302734,49.9327392578125,50.00279235839844,49.98044204711914
M5_YLUR_SLUR,5,LUR,LUR,2025-02-24,2025-02-26,3,Yd,741.4277954101562,750.109375,751.403076171875,748.67529296875,750.667236328125
M5_YLUR_SLUR,5,LUR,LUR,2025-02-24,2025-02-26,3,TSE,755.0925903320312,749.773193359375,747.4821166992188,755.0086669921875,749.9707641601562
M5_YLUR_SLUR,5,LUR,LUR,2025-02-24,2025-02-26,3,TSEC,50.32381820678711,49.988277435302734,49.98534393310547,50.030494689941406,49.985782623291016
M5_YLUR_SLUR,5,LUR,LUR,2025-02-25,2025-02-25,1,Yd,755.2875366210938,750.103515625,750.7766723632812,749.546875,750.2755737304688
M5_YLUR_SLUR,5,LUR,LUR,2025-02-25,2025-02-25,1,TSE,740.2540893554688,749.7866821289062,748.5003662109375,751.6327514648438,749.7552490234375
M5_YLUR_SLUR,5,LUR,LUR,2025-02-25,2025-02-25,1,TSEC,49.3815803527832,49.98815155029297,49.8484001159668,50.01197814941406,49.984039306640625
M5_YLUR_SLUR,5,LUR,LUR,2025-02-25,2025-02-26,2,Yd,741.4277954101562,750.103515625,750.5289916992188,749.3798217773438,750.5608520507812
M5_YLUR_SLUR,5,LUR,LUR,2025-02-25,2025-02-26,2,TSE,755.0925903320312,749.7866821289062,748.2546997070312,751.6005249023438,749.9576416015625
M5_YLUR_SLUR,5,LUR,LUR,2025-02-25,2025-02-26,2,TSEC,50.32381820678711,49.98815155029297,49.97610092163086,50.149105072021484,49.991485595703125
M5_YLUR_SLUR,5,LUR,LUR,2025-02-25,2025-02-27,3,Yd,751.6268310546875,750.103515625,750.4301147460938,748.88134765625,750.637451171875
M5_YLUR_SLUR,5,LUR,LUR,2025-02-25,2025-02-27,3,TSE,734.6799926757812,749.7866821289062,748.3992309570312,753.5634155273438,750.2219848632812
M5_YLUR_SLUR,5,LUR,LUR,2025-02-25,2025-02-27,3,TSEC,49.65280532836914,49.98815155029297,50.02340316772461,50.16865921020508,49.993961334228516
M5_YLUR_SLUR,5,LUR,LUR,2025-02-26,2025-02-26,1,Yd,741.4277954101562,750.1100463867188,750.7697143554688,749.2849731445312,750.3540649414062
M5_YLUR_SLUR,5,LUR,LUR,2025-02-26,2025-02-26,1,TSE,755.0925903320312,749.7745361328125,747.4153442382812,753.214599609375,749.826416015625
M5_YLUR_SLUR,5,LUR,LUR,2025-02-26,2025-02-26,1,TSEC,50.32381820678711,49.98737716674805,49.95648193359375,50.01451873779297,49.99072265625
M5_YLUR_SLUR,5,LUR,LUR,2025-02-26,2025-02-27,2,Yd,751.6268310546875,750.1100463867188,750.847900390625,746.6581420898438,750.4967651367188
M5_YLUR_SLUR,5,LUR,LUR,2025-02-26,2025-02-27,2,TSE,734.6799926757812,749.7745361328125,748.1124877929688,751.4388427734375,750.05224609375
M5_YLUR_SLUR,5,LUR,LUR,2025-02-26,2025-02-27,2,TSEC,49.65280532836914,49.98737716674805,49.97892761230469,50.034088134765625,49.99311828613281
M5_YLUR_SLUR,5,LUR,LUR,2025-02-26,2025-02-28,3,Yd,753.4219360351562,750.1100463867188,750.7814331054688,749.0059814453125,750.2985229492188
M5_YLUR_SLUR,5,LUR,LUR,2025-02-26,2025-02-28,3,TSE,758.0794067382812,749.7745361328125,747.62646484375,750.749755859375,750.1240844726562
M5_YLUR_SLUR,5,LUR,LUR,2025-02-26,2025-02-28,3,TSEC,49.384361267089844,49.98737716674805,49.948665618896484,49.938636779785156,49.97815704345703
M5_YLUR_SLUR,5,LUR,LUR,2025-02-27,2025-02-27,1,Yd,751.6268310546875,750.0990600585938,748.98291015625,749.9489135742188,750.2506713867188
M5_YLUR_SLUR,5,LUR,LUR,2025-02-27,2025-02-27,1,TSE,734.6799926757812,749.7813110351562,748.1427001953125,749.7520141601562,749.9249877929688
M5_YLUR_SLUR,5,LUR,LUR,2025-02-27,2025-02-27,1,TSEC,49.65280532836914,49.9878044128418,49.96564483642578,50.01586151123047,49.98512268066406
M5_YLUR_SLUR,5,LUR,LUR,2025-02-27,2025-02-28,2,Yd,753.4219360351562,750.0990600585938,748.5053100585938,749.5859375,750.2037353515625
M5_YLUR_SLUR,5,LUR,LUR,2025-02-27,2025-02-28,2,TSE,758.0794067382812,749.7813110351562,746.8275146484375,752.4534912109375,749.9984130859375
M5_YLUR_SLUR,5,LUR,LUR,2025-02-27,2025-02-28,2,TSEC,49.384361267089844,49.9878044128418,49.9308967590332,50.1141242980957,49.975830078125
M5_YLUR_SLUR,5,LUR,LUR,2025-02-27,2025-03-01,3,Yd,747.0238647460938,750.0990600585938,750.6431274414062,749.0753173828125,750.0313720703125
M5_YLUR_SLUR,5,LUR,LUR,2025-02-27,2025-03-01,3,TSE,752.7281494140625,749.7813110351562,749.1038208007812,751.2943115234375,749.8004150390625
M5_YLUR_SLUR,5,LUR,LUR,2025-02-27,2025-03-01,3,TSEC,49.58480453491211,49.9878044128418,49.95828628540039,50.14023208618164,49.959720611572266
M5_YLUR_SLUR,5,LUR,LUR,2025-02-28,2025-02-28,1,Yd,753.4219360351562,750.1010131835938,750.68359375,748.4550170898438,750.0787963867188
M5_YLUR_SLUR,5,LUR,LUR,2025-02-28,2025-02-28,1,TSE,758.0794067382812,749.76220703125,748.0850830078125,750.3770141601562,749.7662963867188
M5_YLUR_SLUR,5,LUR,LUR,2025-02-28,2025-02-28,1,TSEC,49.384361267089844,49.98738098144531,49.922607421875,49.907352447509766,49.97443771362305
M5_YLUR_SLUR,5,LUR,LUR,2025-02-28,2025-03-01,2,Yd,747.0238647460938,750.1010131835938,750.9603271484375,749.3392944335938,750.048828125
M5_YLUR_SLUR,5,LUR,LUR,2025-02-28,2025-03-01,2,TSE,752.7281494140625,749.76220703125,749.6635131835938,750.2426147460938,749.5369873046875
M5_YLUR_SLUR,5,LUR,LUR,2025-02-28,2025-03-01,2,TSEC,49.58480453491211,49.98738098144531,50.02052307128906,49.975502014160156,49.95901107788086
M5_YLUR_SLUR,5,LUR,LUR,2025-02-28,2025-03-02,3,Yd,749.3878784179688,750.1010131835938,750.647705078125,750.9893188476562,749.9906616210938
M5_YLUR_SLUR,5,LUR,LUR,2025-02-28,2025-03-02,3,TSE,746.9137573242188,749.76220703125,749.4063720703125,748.157958984375,749.42333984375
M5_YLUR_SLUR,5,LUR,LUR,2025-02-28,2025-03-02,3,TSEC,50.039268493652344,49.98738098144531,49.91637420654297,49.68004608154297,49.941463470458984
M5_YLUR_SLUR,5,LUR,LUR,2025-03-01,2025-03-01,1,Yd,747.0238647460938,750.105224609375,750.5068359375,748.2550659179688,749.9232177734375
M5_YLUR_SLUR,5,LUR,LUR,2025-03-01,2025-03-01,1,TSE,752.7281494140625,749.772705078125,751.0226440429688,749.7838134765625,749.6947631835938
M5_YLUR_SLUR,5,LUR,LUR,2025-03-01,2025-03-01,1,TSEC,49.58480453491211,49.98661804199219,50.00303649902344,50.058616638183594,49.96521759033203
M5_YLUR_SLUR,5,LUR,LUR,2025-03-01,2025-03-02,2,Yd,749.3878784179688,750.105224609375,750.1620483398438,749.0423583984375,749.8308715820312
M5_YLUR_SLUR,5,LUR,LUR,2025-03-01,2025-03-02,2,TSE,746.9137573242188,749.772705078125,748.3729858398438,750.29638671875,749.6672973632812
M5_YLUR_SLUR,5,LUR,LUR,2025-03-01,2025-03-02,2,TSEC,50.039268493652344,49.98661804199219,49.8990364074707,49.9991569519043,49.94535446166992
M5_YLUR_SLUR,5,LUR,LUR,2025-03-01,2025-03-03,3,Yd,748.86474609375,750.105224609375,750.4683837890625,748.9295654296875,749.9078369140625
M5_YLUR_SLUR,5,LUR,LUR,2025-03-01,2025-03-03,3,TSE,742.020263671875,749.772705078125,748.7378540039062,751.3733520507812,749.7275390625
M5_YLUR_SLUR,5,LUR,LUR,2025-03-01,2025-03-03,3,TSEC,50.75411605834961,49.98661804199219,49.9356575012207,49.982933044433594,49.945068359375
M5_YLUR_SLUR,5,LUR,LUR,2025-03-02,2025-03-02,1,Yd,749.3878784179688,750.101318359375,750.4320068359375,749.7988891601562,749.8132934570312
M5_YLUR_SLUR,5,LUR,LUR,2025-03-02,2025-03-02,1,TSE,746.9137573242188,749.7764892578125,749.2056274414062,750.17626953125,749.7740478515625
M5_YLUR_SLUR,5,LUR,LUR,2025-03-02,2025-03-02,1,TSEC,50.039268493652344,49.986114501953125,49.915061950683594,49.92283630371094,49.96062088012695
M5_YLUR_SLUR,5,LUR,LUR,2025-03-02,2025-03-03,2,Yd,748.86474609375,750.101318359375,751.4830322265625,748.8956298828125,749.84814453125
M5_YLUR_SLUR,5,LUR,LUR,2025-03-02,2025-03-03,2,TSE,742.020263671875,749.7764892578125,748.656494140625,750.5814819335938,749.8936157226562
M5_YLUR_SLUR,5,LUR,LUR,2025-03-02,2025-03-03,2,TSEC,50.75411605834961,49.986114501953125,49.96565246582031,49.93019485473633,49.95794677734375
M5_YLUR_SLUR,5,LUR,LUR,2025-03-02,2025-03-04,3,Yd,732.580322265625,750.101318359375,749.827392578125,748.8200073242188,750.1397094726562
M5_YLUR_SLUR,5,LUR,LUR,2025-03-02,2025-03-04,3,TSE,748.6331787109375,749.7764892578125,748.3006591796875,751.4720458984375,750.0647583007812
M5_YLUR_SLUR,5,LUR,LUR,2025-03-02,2025-03-04,3,TSEC,49.6248893737793,49.986114501953125,49.938045501708984,49.946388244628906,49.96693420410156
M5_YLUR_SLUR,5,LUR,LUR,2025-03-03,2025-03-03,1,Yd,748.86474609375,750.1004028320312,751.5075073242188,750.4176025390625,749.9613037109375
M5_YLUR_SLUR,5,LUR,LUR,2025-03-03,2025-03-03,1,TSE,742.020263671875,749.7728271484375,749.0180053710938,752.0216674804688,749.9108276367188
M5_YLUR_SLUR,5,LUR,LUR,2025-03-03,2025-03-03,1,TSEC,50.75411605834961,49.98617935180664,50.05064392089844,49.955989837646484,49.97616958618164
M5_YLUR_SLUR,5,LUR,LUR,2025-03-03,2025-03-04,2,Yd,732.580322265625,750.1004028320312,749.8013916015625,749.056640625,750.2208251953125
M5_YLUR_SLUR,5,LUR,LUR,2025-03-03,2025-03-04,2,TSE,748.6331787109375,749.7728271484375,748.333251953125,749.23583984375,750.1142578125
M5_YLUR_SLUR,5,LUR,LUR,2025-03-03,2025-03-04,2,TSEC,49.6248893737793,49.98617935180664,49.816898345947266,49.97160339355469,49.98336410522461
M5_YLUR_SLUR,5,LUR,LUR,2025-03-03,2025-03-05,3,Yd,765.0808715820312,750.1004028320312,750.8428955078125,749.3069458007812,750.4620971679688
M5_YLUR_SLUR,5,LUR,LUR,2025-03-03,2025-03-05,3,TSE,738.5484619140625,749.7728271484375,749.0687866210938,751.5438842773438,750.4122924804688
M5_YLUR_SLUR,5,LUR,LUR,2025-03-03,2025-03-05,3,TSEC,49.5191764831543,49.98617935180664,49.99234390258789,50.07059860229492,49.98588180541992
M5_YLUR_SLUR,5,LUR,LUR,2025-03-04,2025-03-04,1,Yd,732.580322265625,750.0988159179688,750.5558471679688,750.5122680664062,750.2587280273438
M5_YLUR_SLUR,5,LUR,LUR,2025-03-04,2025-03-04,1,TSE,748.6331787109375,749.7630615234375,746.5302124023438,749.8182983398438,749.9359741210938
M5_YLUR_SLUR,5,LUR,LUR,2025-03-04,2025-03-04,1,TSEC,49.6248893737793,49.987144470214844,49.8351936340332,50.081336975097656,49.990379333496094
M5_YLUR_SLUR,5,LUR,LUR,2025-03-04,2025-03-05,2,Yd,765.0808715820312,750.0988159179688,750.3967895507812,750.1361694335938,750.4860229492188
M5_YLUR_SLUR,5,LUR,LUR,2025-03-04,2025-03-05,2,TSE,738.5484619140625,749.7630615234375,749.6795654296875,749.6890258789062,750.2402954101562
M5_YLUR_SLUR,5,LUR,LUR,2025-03-04,2025-03-05,2,TSEC,49.5191764831543,49.987144470214844,49.96331787109375,50.21991729736328,49.99574279785156
M5_YLUR_SLUR,5,LUR,LUR,2025-03-04,2025-03-06,3,Yd,737.6018676757812,750.0988159179688,750.4732055664062,751.6422729492188,750.509033203125
M5_YLUR_SLUR,5,LUR,LUR,2025-03-04,2025-03-06,3,TSE,750.8555908203125,749.7630615234375,746.9027709960938,749.1897583007812,750.540771484375
M5_YLUR_SLUR,5,LUR,LUR,2025-03-04,2025-03-06,3,TSEC,49.99488067626953,49.987144470214844,50.009830474853516,50.23751449584961,49.99070739746094
M5_YLUR_SLUR,5,LUR,LUR,2025-03-05,2025-03-05,1,Yd,765.0808715820312,750.0767211914062,750.5784912109375,751.75830078125,750.3141479492188
M5_YLUR_SLUR,5,LUR,LUR,2025-03-05,2025-03-05,1,TSE,738.5484619140625,749.7616577148438,749.85498046875,752.4598999023438,749.7980346679688
M5_YLUR_SLUR,5,LUR,LUR,2025-03-05,2025-03-05,1,TSEC,49.5191764831543,49.98668670654297,49.9647331237793,50.0261116027832,49.989192962646484
M5_YLUR_SLUR,5,LUR,LUR,2025-03-05,2025-03-06,2,Yd,737.6018676757812,750.0767211914062,750.3796997070312,749.6587524414062,750.4287719726562
M5_YLUR_SLUR,5,LUR,LUR,2025-03-05,2025-03-06,2,TSE,750.8555908203125,749.7616577148438,746.7791137695312,751.6234130859375,750.0191650390625
M5_YLUR_SLUR,5,LUR,LUR,2025-03-05,2025-03-06,2,TSEC,49.99488067626953,49.98668670654297,49.983070373535156,50.18265151977539,49.99099349975586
M5_YLUR_SLUR,5,LUR,LUR,2025-03-05,2025-03-07,3,Yd,750.8681030273438,750.0767211914062,750.4765014648438,749.8343505859375,750.2246704101562
M5_YLUR_SLUR,5,LUR,LUR,2025-03-05,2025-03-07,3,TSE,746.0372314453125,749.7616577148438,749.42822265625,752.4376831054688,750.1481323242188
M5_YLUR_SLUR,5,LUR,LUR,2025-03-05,2025-03-07,3,TSEC,50.374446868896484,49.98668670654297,49.939781188964844,50.16844177246094,49.97845458984375
M5_YLUR_SLUR,5,LUR,LUR,2025-03-06,2025-03-06,1,Yd,737.6018676757812,750.0955810546875,750.2183837890625,747.2679443359375,750.2225341796875
M5_YLUR_SLUR,5,LUR,LUR,2025-03-06,2025-03-06,1,TSE,750.8555908203125,749.7474975585938,746.3048095703125,751.3612060546875,749.913818359375
M5_YLUR_SLUR,5,LUR,LUR,2025-03-06,2025-03-06,1,TSEC,49.99488067626953,49.98609924316406,49.95769500732422,49.76600646972656,49.98407745361328
M5_YLUR_SLUR,5,LUR,LUR,2025-03-06,2025-03-07,2,Yd,750.8681030273438,750.0955810546875,750.887939453125,750.9860229492188,750.2186279296875
M5_YLUR_SLUR,5,LUR,LUR,2025-03-06,2025-03-07,2,TSE,746.0372314453125,749.7474975585938,748.1678466796875,748.3524780273438,750.0298461914062
M5_YLUR_SLUR,5,LUR,LUR,2025-03-06,2025-03-07,2,TSEC,50.374446868896484,49.98609924316406,49.946346282958984,49.9368782043457,49.9760856628418
M5_YLUR_SLUR,5,LUR,LUR,2025-03-06,2025-03-08,3,Yd,743.1426391601562,750.0955810546875,751.0437622070312,751.05224609375,750.0028686523438
M5_YLUR_SLUR,5,LUR,LUR,2025-03-06,2025-03-08,3,TSE,745.6755981445312,749.7474975585938,747.26318359375,747.0540771484375,749.9111328125
M5_YLUR_SLUR,5,LUR,LUR,2025-03-06,2025-03-08,3,TSEC,49.50171661376953,49.98609924316406,49.96938705444336,49.71567916870117,49.957889556884766
M5_YLUR_SLUR,5,LUR,LUR,2025-03-07,2025-03-07,1,Yd,750.8681030273438,750.0799560546875,752.8317260742188,750.1893310546875,750.0719604492188
M5_YLUR_SLUR,5,LUR,LUR,2025-03-07,2025-03-07,1,TSE,746.0372314453125,749.7489013671875,749.5518188476562,749.9185791015625,749.8461303710938
M5_YLUR_SLUR,5,LUR,LUR,2025-03-07,2025-03-07,1,TSEC,50.374446868896484,49.98611068725586,49.925682067871094,50.133209228515625,49.97690200805664
M5_YLUR_SLUR,5,LUR,LUR,2025-03-07,2025-03-08,2,Yd,743.1426391601562,750.0799560546875,747.9239501953125,749.12060546875,750.0198974609375
M5_YLUR_SLUR,5,LUR,LUR,2025-03-07,2025-03-08,2,TSE,745.6755981445312,749.7489013671875,745.2323608398438,750.4922485351562,749.6802368164062
M5_YLUR_SLUR,5,LUR,LUR,2025-03-07,2025-03-08,2,TSEC,49.50171661376953,49.98611068725586,49.94279098510742,50.25563049316406,49.96357727050781
M5_YLUR_SLUR,5,LUR,LUR,2025-03-07,2025-03-09,3,Yd,731.4224243164062,750.0799560546875,751.4398803710938,749.0921630859375,749.8863525390625
M5_YLUR_SLUR,5,LUR,LUR,2025-03-07,2025-03-09,3,TSE,745.0384521484375,749.7489013671875,747.268310546875,749.9428100585938,749.5112915039062
M5_YLUR_SLUR,5,LUR,LUR,2025-03-07,2025-03-09,3,TSEC,50.5689697265625,49.98611068725586,49.915191650390625,50.1954231262207,49.94609069824219
M5_YLUR_SLUR,5,LUR,LUR,2025-03-08,2025-03-08,1,Yd,743.1426391601562,750.0809326171875,750.032958984375,749.3789672851562,749.9690551757812
M5_YLUR_SLUR,5,LUR,LUR,2025-03-08,2025-03-08,1,TSE,745.6755981445312,749.7442626953125,748.8892822265625,749.428466796875,749.727294921875
M5_YLUR_SLUR,5,LUR,LUR,2025-03-08,2025-03-08,1,TSEC,49.50171661376953,49.98659896850586,49.98160171508789,49.78276824951172,49.971824645996094
M5_YLUR_SLUR,5,LUR,LUR,2025-03-08,2025-03-09,2,Yd,731.4224243164062,750.0809326171875,750.2214965820312,750.2706909179688,749.9571533203125
M5_YLUR_SLUR,5,LUR,LUR,2025-03-08,2025-03-09,2,TSE,745.0384521484375,749.7442626953125,749.1918334960938,748.5283203125,749.6922607421875
M5_YLUR_SLUR,5,LUR,LUR,2025-03-08,2025-03-09,2,TSEC,50.5689697265625,49.98659896850586,49.92750930786133,49.877349853515625,49.95899200439453
M5_YLUR_SLUR,5,LUR,LUR,2025-03-08,2025-03-10,3,Yd,750.74365234375,750.0809326171875,749.6550903320312,751.9470825195312,750.0947265625
M5_YLUR_SLUR,5,LUR,LUR,2025-03-08,2025-03-10,3,TSE,750.0668334960938,749.7442626953125,747.8317260742188,748.1991577148438,749.7146606445312
M5_YLUR_SLUR,5,LUR,LUR,2025-03-08,2025-03-10,3,TSEC,49.90206527709961,49.98659896850586,49.96513748168945,50.0022087097168,49.95903396606445
M5_YLUR_SLUR,5,LUR,LUR,2025-03-09,2025-03-09,1,Yd,731.4224243164062,750.0722045898438,750.7166748046875,750.58056640625,749.8951416015625
M5_YLUR_SLUR,5,LUR,LUR,2025-03-09,2025-03-09,1,TSE,745.0384521484375,749.7391967773438,749.844482421875,750.4055786132812,749.7454223632812
M5_YLUR_SLUR,5,LUR,LUR,2025-03-09,2025-03-09,1,TSEC,50.5689697265625,49.98598861694336,49.88725280761719,50.085533142089844,49.967918395996094
M5_YLUR_SLUR,5,LUR,LUR,2025-03-09,2025-03-10,2,Yd,750.74365234375,750.0722045898438,749.8740234375,750.0211791992188,750.0437622070312
M5_YLUR_SLUR,5,LUR,LUR,2025-03-09,2025-03-10,2,TSE,750.0668334960938,749.7391967773438,745.8642578125,750.3782348632812,749.785888671875
M5_YLUR_SLUR,5,LUR,LUR,2025-03-09,2025-03-10,2,TSEC,49.90206527709961,49.98598861694336,49.961021423339844,50.01276397705078,49.96491622924805
M5_YLUR_SLUR,5,LUR,LUR,2025-03-09,2025-03-11,3,Yd,760.9445190429688,750.0722045898438,750.491943359375,750.2230224609375,750.3026123046875
M5_YLUR_SLUR,5,LUR,LUR,2025-03-09,2025-03-11,3,TSE,753.7539672851562,749.7391967773438,748.3792724609375,752.8651123046875,749.9074096679688
M5_YLUR_SLUR,5,LUR,LUR,2025-03-09,2025-03-11,3,TSEC,50.06232452392578,49.98598861694336,49.88009262084961,50.01310348510742,49.96889114379883
M5_YLUR_SLUR,5,LUR,LUR,2025-03-10,2025-03-10,1,Yd,750.74365234375,750.0488891601562,749.89453125,749.556884765625,750.0844116210938
M5_YLUR_SLUR,5,LUR,LUR,2025-03-10,2025-03-10,1,TSE,750.0668334960938,749.7332763671875,745.427734375,749.6505126953125,749.7595825195312
M5_YLUR_SLUR,5,LUR,LUR,2025-03-10,2025-03-10,1,TSEC,49.90206527709961,49.98672103881836,50.0079345703125,49.81360626220703,49.97629928588867
M5_YLUR_SLUR,5,LUR,LUR,2025-03-10,2025-03-11,2,Yd,760.9445190429688,750.0488891601562,750.7394409179688,748.7359619140625,750.3578491210938
M5_YLUR_SLUR,5,LUR,LUR,2025-03-10,2025-03-11,2,TSE,753.7539672851562,749.7332763671875,748.4361572265625,752.9849853515625,749.84033203125
M5_YLUR_SLUR,5,LUR,LUR,2025-03-10,2025-03-11,2,TSEC,50.06232452392578,49.98672103881836,49.90024185180664,49.9496955871582,49.97737121582031
M5_YLUR_SLUR,5,LUR,LUR,2025-03-10,2025-03-12,3,Yd,749.2381591796875,750.0488891601562,749.8576049804688,748.395751953125,750.61279296875
M5_YLUR_SLUR,5,LUR,LUR,2025-03-10,2025-03-12,3,TSE,755.0624389648438,749.7332763671875,746.2396240234375,754.6378173828125,750.0775146484375
M5_YLUR_SLUR,5,LUR,LUR,2025-03-10,2025-03-12,3,TSEC,50.35072708129883,49.98672103881836,49.99658966064453,50.03532409667969,49.981258392333984
M5_YLUR_SLUR,5,LUR,LUR,2025-03-11,2025-03-11,1,Yd,760.9445190429688,750.0497436523438,749.0488891601562,750.945068359375,750.274169921875
M5_YLUR_SLUR,5,LUR,LUR,2025-03-11,2025-03-11,1,TSE,753.7539672851562,749.733642578125,748.8352661132812,752.6122436523438,749.7945556640625
M5_YLUR_SLUR,5,LUR,LUR,2025-03-11,2025-03-11,1,TSEC,50.06232452392578,49.986610412597656,49.87499237060547,49.930660247802734,49.987098693847656
M5_YLUR_SLUR,5,LUR,LUR,2025-03-11,2025-03-12,2,Yd,749.2381591796875,750.0497436523438,748.776123046875,749.0496215820312,750.4986572265625
M5_YLUR_SLUR,5,LUR,LUR,2025-03-11,2025-03-12,2,TSE,755.0624389648438,749.733642578125,746.3368530273438,752.2265625,750.012939453125
M5_YLUR_SLUR,5,LUR,LUR,2025-03-11,2025-03-12,2,TSEC,50.35072708129883,49.986610412597656,50.01040267944336,50.0323371887207,49.99104309082031
M5_YLUR_SLUR,5,LUR,LUR,2025-03-11,2025-03-13,3,Yd,752.972412109375,750.0497436523438,748.8225708007812,749.6385498046875,750.5215454101562
M5_YLUR_SLUR,5,LUR,LUR,2025-03-11,2025-03-13,3,TSE,747.8457641601562,749.733642578125,748.4921875,753.9940795898438,750.2793579101562
M5_YLUR_SLUR,5,LUR,LUR,2025-03-11,2025-03-13,3,TSEC,49.839237213134766,49.986610412597656,49.93623352050781,50.025936126708984,49.988609313964844
M5_YLUR_SLUR,5,LUR,LUR,2025-03-12,2025-03-12,1,Yd,749.2381591796875,750.0633544921875,750.0409545898438,747.5205688476562,750.3164672851562
M5_YLUR_SLUR,5,LUR,LUR,2025-03-12,2025-03-12,1,TSE,755.0624389648438,749.73876953125,748.2144165039062,752.603271484375,749.934814453125
M5_YLUR_SLUR,5,LUR,LUR,2025-03-12,2025-03-12,1,TSEC,50.35072708129883,49.9867057800293,49.96630096435547,50.03757095336914,49.98957824707031
M5_YLUR_SLUR,5,LUR,LUR,2025-03-12,2025-03-13,2,Yd,752.972412109375,750.0633544921875,750.443603515625,748.4876708984375,750.4252319335938
M5_YLUR_SLUR,5,LUR,LUR,2025-03-12,2025-03-13,2,TSE,747.8457641601562,749.73876953125,748.3897094726562,751.7913818359375,750.2520141601562
M5_YLUR_SLUR,5,LUR,LUR,2025-03-12,2025-03-13,2,TSEC,49.839237213134766,49.9867057800293,49.91438293457031,49.91214370727539,49.98965835571289
M5_YLUR_SLUR,5,LUR,LUR,2025-03-12,2025-03-14,3,Yd,745.0677490234375,750.0633544921875,750.112060546875,749.5040283203125,750.2698974609375
M5_YLUR_SLUR,5,LUR,LUR,2025-03-12,2025-03-14,3,TSE,746.405029296875,749.73876953125,748.0773315429688,751.9989624023438,750.4722290039062
M5_YLUR_SLUR,5,LUR,LUR,2025-03-12,2025-03-14,3,TSEC,50.2626838684082,49.9867057800293,49.953025817871094,49.994834899902344,49.97795867919922
M5_YLUR_SLUR,5,LUR,LUR,2025-03-13,2025-03-13,1,Yd,752.972412109375,750.0623168945312,750.2802124023438,749.7703247070312,750.2340087890625
M5_YLUR_SLUR,5,LUR,LUR,2025-03-13,2025-03-13,1,TSE,747.8457641601562,749.7453002929688,748.964111328125,750.6174926757812,750.047607421875
M5_YLUR_SLUR,5,LUR,LUR,2025-03-13,2025-03-13,1,TSEC,49.839237213134766,49.987159729003906,49.953067779541016,49.960506439208984,49.98424530029297
M5_YLUR_SLUR,5,LUR,LUR,2025-03-13,2025-03-14,2,Yd,745.0677490234375,750.0623168945312,750.110595703125,750.4998168945312,750.2510375976562
M5_YLUR_SLUR,5,LUR,LUR,2025-03-13,2025-03-14,2,TSE,746.405029296875,749.7453002929688,749.2255859375,751.4020385742188,750.2770385742188
M5_YLUR_SLUR,5,LUR,LUR,2025-03-13,2025-03-14,2,TSEC,50.2626838684082,49.987159729003906,49.99177169799805,49.90852355957031,49.97884750366211
M5_YLUR_SLUR,5,LUR,LUR,2025-03-13,2025-03-15,3,Yd,749.1292724609375,750.0623168945312,750.6331176757812,750.3544311523438,750.0938110351562
M5_YLUR_SLUR,5,LUR,LUR,2025-03-13,2025-03-15,3,TSE,758.243408203125,749.7453002929688,748.6056518554688,749.8892822265625,750.2537841796875
M5_YLUR_SLUR,5,LUR,LUR,2025-03-13,2025-03-15,3,TSEC,50.94700241088867,49.987159729003906,49.94293212890625,49.9771728515625,49.964515686035156
M5_YLUR_SLUR,5,LUR,LUR,2025-03-14,2025-03-14,1,Yd,745.0677490234375,750.0659790039062,749.2620849609375,748.3211059570312,750.091552734375
M5_YLUR_SLUR,5,LUR,LUR,2025-03-14,2025-03-14,1,TSE,746.405029296875,749.7429809570312,746.4296264648438,749.4503784179688,750.01513671875
M5_YLUR_SLUR,5,LUR,LUR,2025-03-14,2025-03-14,1,TSEC,50.2626838684082,49.986976623535156,49.94446563720703,49.94584655761719,49.97820281982422
M5_YLUR_SLUR,5,LUR,LUR,2025-03-14,2025-03-15,2,Yd,749.1292724609375,750.0659790039062,750.1690063476562,748.532958984375,750.0467529296875
M5_YLUR_SLUR,5,LUR,LUR,2025-03-14,2025-03-15,2,TSE,758.243408203125,749.7429809570312,749.6209106445312,749.4144287109375,749.9926147460938
M5_YLUR_SLUR,5,LUR,LUR,2025-03-14,2025-03-15,2,TSEC,50.94700241088867,49.986976623535156,49.930702209472656,49.753055572509766,49.96818542480469
M5_YLUR_SLUR,5,LUR,LUR,2025-03-14,2025-03-16,3,Yd,756.3070068359375,750.0659790039062,749.3931884765625,750.009033203125,749.9573974609375
M5_YLUR_SLUR,5,LUR,LUR,2025-03-14,2025-03-16,3,TSE,754.4013061523438,749.7429809570312,748.469482421875,747.2890014648438,749.9060668945312
M5_YLUR_SLUR,5,LUR,LUR,2025-03-14,2025-03-16,3,TSEC,49.73713684082031,49.986976623535156,49.93343734741211,49.703521728515625,49.956321716308594
M5_YLUR_SLUR,5,LUR,LUR,2025-03-15,2025-03-15,1,Yd,749.1292724609375,750.0596923828125,749.2511596679688,749.4730224609375,749.981201171875
M5_YLUR_SLUR,5,LUR,LUR,2025-03-15,2025-03-15,1,TSE,758.243408203125,749.7388305664062,748.3574829101562,749.4849853515625,749.8074951171875
M5_YLUR_SLUR,5,LUR,LUR,2025-03-15,2025-03-15,1,TSEC,50.94700241088867,49.98731994628906,49.98215103149414,50.18973159790039,49.97372055053711
M5_YLUR_SLUR,5,LUR,LUR,2025-03-15,2025-03-16,2,Yd,756.3070068359375,750.0596923828125,749.6962280273438,749.0266723632812,749.9710083007812
M5_YLUR_SLUR,5,LUR,LUR,2025-03-15,2025-03-16,2,TSE,754.4013061523438,749.7388305664062,748.2483520507812,749.3731689453125,749.7891845703125
M5_YLUR_SLUR,5,LUR,LUR,2025-03-15,2025-03-16,2,TSEC,49.73713684082031,49.98731994628906,49.96748352050781,50.06468963623047,49.961639404296875
M5_YLUR_SLUR,5,LUR,LUR,2025-03-15,2025-03-17,3,Yd,757.6271362304688,750.0596923828125,751.5075073242188,750.3067016601562,750.080810546875
M5_YLUR_SLUR,5,LUR,LUR,2025-03-15,2025-03-17,3,TSE,753.1182861328125,749.7388305664062,749.7984619140625,748.958740234375,749.9027709960938
M5_YLUR_SLUR,5,LUR,LUR,2025-03-15,2025-03-17,3,TSEC,50.426090240478516,49.98731994628906,49.98701858520508,49.93245315551758,49.961856842041016
M5_YLUR_SLUR,5,LUR,LUR,2025-03-16,2025-03-16,1,Yd,756.3070068359375,750.0585327148438,749.7027587890625,750.6907958984375,749.9290161132812
M5_YLUR_SLUR,5,LUR,LUR,2025-03-16,2025-03-16,1,TSE,754.4013061523438,749.7493896484375,748.313720703125,745.322265625,749.8804321289062
M5_YLUR_SLUR,5,LUR,LUR,2025-03-16,2025-03-16,1,TSEC,49.73713684082031,49.98851013183594,50.009803771972656,50.081298828125,49.97150802612305
M5_YLUR_SLUR,5,LUR,LUR,2025-03-16,2025-03-17,2,Yd,757.6271362304688,750.0585327148438,751.5054931640625,750.6333618164062,750.0680541992188
M5_YLUR_SLUR,5,LUR,LUR,2025-03-16,2025-03-17,2,TSE,753.1182861328125,749.7493896484375,749.7490234375,747.81396484375,750.0476684570312
M5_YLUR_SLUR,5,LUR,LUR,2025-03-16,2025-03-17,2,TSEC,50.426090240478516,49.98851013183594,49.962974548339844,50.043548583984375,49.971107482910156
M5_YLUR_SLUR,5,LUR,LUR,2025-03-16,2025-03-18,3,Yd,746.9727783203125,750.0585327148438,749.4781494140625,751.7899780273438,750.4147338867188
M5_YLUR_SLUR,5,LUR,LUR,2025-03-16,2025-03-18,3,TSE,749.5328369140625,749.7493896484375,749.1890258789062,747.5070190429688,750.3316650390625
M5_YLUR_SLUR,5,LUR,LUR,2025-03-16,2025-03-18,3,TSEC,51.1346549987793,49.98851013183594,49.98106384277344,50.0196533203125,49.974971771240234
M5_YLUR_SLUR,5,LUR,LUR,2025-03-17,2025-03-17,1,Yd,757.6271362304688,750.06640625,750.2761840820312,749.8087768554688,750.0469360351562
M5_YLUR_SLUR,5,LUR,LUR,2025-03-17,2025-03-17,1,TSE,753.1182861328125,749.755126953125,748.6998901367188,749.0133666992188,749.9953002929688
M5_YLUR_SLUR,5,LUR,LUR,2025-03-17,2025-03-17,1,TSEC,50.426090240478516,49.988197326660156,50.0396842956543,49.968971252441406,49.98299789428711
M5_YLUR_SLUR,5,LUR,LUR,2025-03-17,2025-03-18,2,Yd,746.9727783203125,750.06640625,750.3151245117188,750.9273681640625,750.3369750976562
M5_YLUR_SLUR,5,LUR,LUR,2025-03-17,2025-03-18,2,TSE,749.5328369140625,749.755126953125,747.8399658203125,749.1757202148438,750.3323364257812
M5_YLUR_SLUR,5,LUR,LUR,2025-03-17,2025-03-18,2,TSEC,51.1346549987793,49.988197326660156,49.862083435058594,49.90926742553711,49.99131774902344
M5_YLUR_SLUR,5,LUR,LUR,2025-03-17,2025-03-19,3,Yd,745.5494995117188,750.06640625,750.2642822265625,749.0752563476562,750.5131225585938
M5_YLUR_SLUR,5,LUR,LUR,2025-03-17,2025-03-19,3,TSE,741.8269653320312,749.755126953125,748.5946655273438,750.92431640625,750.6795043945312
M5_YLUR_SLUR,5,LUR,LUR,2025-03-17,2025-03-19,3,TSEC,48.9669075012207,49.988197326660156,49.97783660888672,49.92085647583008,49.994564056396484
M5_YLUR_SLUR,5,LUR,LUR,2025-03-18,2025-03-18,1,Yd,746.9727783203125,750.0757446289062,750.2230224609375,750.9946899414062,750.21630859375
M5_YLUR_SLUR,5,LUR,LUR,2025-03-18,2025-03-18,1,TSE,749.5328369140625,749.75927734375,749.1644897460938,750.3720092773438,750.1040649414062
M5_YLUR_SLUR,5,LUR,LUR,2025-03-18,2025-03-18,1,TSEC,51.1346549987793,49.98874282836914,49.977638244628906,50.06718444824219,49.99092483520508
M5_YLUR_SLUR,5,LUR,LUR,2025-03-18,2025-03-19,2,Yd,745.5494995117188,750.0757446289062,750.1780395507812,751.0620727539062,750.4042358398438
M5_YLUR_SLUR,5,LUR,LUR,2025-03-18,2025-03-19,2,TSE,741.8269653320312,749.75927734375,749.029541015625,752.7855834960938,750.538818359375
M5_YLUR_SLUR,5,LUR,LUR,2025-03-18,2025-03-19,2,TSEC,48.9669075012207,49.98874282836914,49.93204116821289,50.06947708129883,49.99562454223633
M5_YLUR_SLUR,5,LUR,LUR,2025-03-18,2025-03-20,3,Yd,753.4189453125,750.0757446289062,750.2042236328125,750.5084228515625,750.377685546875
M5_YLUR_SLUR,5,LUR,LUR,2025-03-18,2025-03-20,3,TSE,753.1203002929688,749.75927734375,749.1849975585938,752.1248168945312,750.942626953125
M5_YLUR_SLUR,5,LUR,LUR,2025-03-18,2025-03-20,3,TSEC,49.158145904541016,49.98874282836914,49.994022369384766,50.137420654296875,49.98926544189453
M5_YLUR_SLUR,5,LUR,LUR,2025-03-19,2025-03-19,1,Yd,745.5494995117188,750.0718383789062,750.4848022460938,750.6585693359375,750.3036499023438
M5_YLUR_SLUR,5,LUR,LUR,2025-03-19,2025-03-19,1,TSE,741.8269653320312,749.759033203125,748.4717407226562,749.5604248046875,750.1176147460938
M5_YLUR_SLUR,5,LUR,LUR,2025-03-19,2025-03-19,1,TSEC,48.9669075012207,49.99016189575195,49.970882415771484,49.94827651977539,49.98958206176758
M5_YLUR_SLUR,5,LUR,LUR,2025-03-19,2025-03-20,2,Yd,753.4189453125,750.0718383789062,750.4263916015625,751.3636474609375,750.38916015625
M5_YLUR_SLUR,5,LUR,LUR,2025-03-19,2025-03-20,2,TSE,753.1203002929688,749.759033203125,748.2177734375,750.2960205078125,750.555908203125
M5_YLUR_SLUR,5,LUR,LUR,2025-03-19,2025-03-20,2,TSEC,49.158145904541016,49.99016189575195,50.00692367553711,49.98284912109375,49.99068069458008
M5_YLUR_SLUR,5,LUR,LUR,2025-03-19,2025-03-21,3,Yd,746.1005859375,750.0718383789062,750.449951171875,751.3527221679688,750.2722778320312
M5_YLUR_SLUR,5,LUR,LUR,2025-03-19,2025-03-21,3,TSE,750.5855102539062,749.759033203125,748.4074096679688,748.22119140625,750.8714599609375
M5_YLUR_SLUR,5,LUR,LUR,2025-03-19,2025-03-21,3,TSEC,50.937076568603516,49.99016189575195,49.98495864868164,50.091468811035156,49.984092712402344
M5_YLUR_SLUR,5,LUR,LUR,2025-03-20,2025-03-20,1,Yd,753.4189453125,750.0662841796875,750.1446533203125,750.1704711914062,750.1932373046875
M5_YLUR_SLUR,5,LUR,LUR,2025-03-20,2025-03-20,1,TSE,753.1203002929688,749.7492065429688,749.20654296875,749.7345581054688,750.0429077148438
M5_YLUR_SLUR,5,LUR,LUR,2025-03-20,2025-03-20,1,TSEC,49.158145904541016,49.988895416259766,49.97111129760742,49.98063278198242,49.98396301269531
M5_YLUR_SLUR,5,LUR,LUR,2025-03-20,2025-03-21,2,Yd,746.1005859375,750.0662841796875,750.114013671875,750.8969116210938,750.1814575195312
M5_YLUR_SLUR,5,LUR,LUR,2025-03-20,2025-03-21,2,TSE,750.5855102539062,749.7492065429688,749.4056396484375,748.8504028320312,750.2621459960938
M5_YLUR_SLUR,5,LUR,LUR,2025-03-20,2025-03-21,2,TSEC,50.937076568603516,49.988895416259766,50.02819061279297,50.007957458496094,49.97800827026367
M5_YLUR_SLUR,5,LUR,LUR,2025-03-20,2025-03-22,3,Yd,743.9890747070312,750.0662841796875,750.7922973632812,750.969970703125,750.0298461914062
M5_YLUR_SLUR,5,LUR,LUR,2025-03-20,2025-03-22,3,TSE,747.9627075195312,749.7492065429688,748.64599609375,747.3141479492188,750.239013671875
M5_YLUR_SLUR,5,LUR,LUR,2025-03-20,2025-03-22,3,TSEC,49.53010559082031,49.988895416259766,49.98823165893555,49.95460510253906,49.96329116821289
M5_YLUR_SLUR,5,LUR,LUR,2025-03-21,2025-03-21,1,Yd,746.1005859375,750.0703735351562,750.2434692382812,749.1011352539062,750.04345703125
M5_YLUR_SLUR,5,LUR,LUR,2025-03-21,2025-03-21,1,TSE,750.5855102539062,749.75341796875,749.1331787109375,749.280029296875,750.0125732421875
M5_YLUR_SLUR,5,LUR,LUR,2025-03-21,2025-03-21,1,TSEC,50.937076568603516,49.98787307739258,49.979461669921875,50.06243133544922,49.97670364379883
M5_YLUR_SLUR,5,LUR,LUR,2025-03-21,2025-03-22,2,Yd,743.9890747070312,750.0703735351562,751.4744262695312,749.5657348632812,749.90087890625
M5_YLUR_SLUR,5,LUR,LUR,2025-03-21,2025-03-22,2,TSE,747.9627075195312,749.75341796875,747.555419921875,748.5023193359375,750.0684204101562
M5_YLUR_SLUR,5,LUR,LUR,2025-03-21,2025-03-22,2,TSEC,49.53010559082031,49.98787307739258,49.989013671875,50.13262176513672,49.95927047729492
M5_YLUR_SLUR,5,LUR,LUR,2025-03-21,2025-03-23,3,Yd,747.8360595703125,750.0703735351562,749.992919921875,747.8580932617188,749.7527465820312
M5_YLUR_SLUR,5,LUR,LUR,2025-03-21,2025-03-23,3,TSE,756.9161376953125,749.75341796875,748.9320678710938,749.8385620117188,750.0821533203125
M5_YLUR_SLUR,5,LUR,LUR,2025-03-21,2025-03-23,3,TSEC,49.17705154418945,49.98787307739258,49.97071838378906,50.048213958740234,49.94639205932617
M5_YLUR_SLUR,5,LUR,LUR,2025-03-22,2025-03-22,1,Yd,743.9890747070312,750.0654907226562,749.1243896484375,749.0726928710938,749.9339599609375
M5_YLUR_SLUR,5,LUR,LUR,2025-03-22,2025-03-22,1,TSE,747.9627075195312,749.7544555664062,748.5724487304688,748.8532104492188,749.9013061523438
M5_YLUR_SLUR,5,LUR,LUR,2025-03-22,2025-03-22,1,TSEC,49.53010559082031,49.989036560058594,50.03619384765625,50.022403717041016,49.97261428833008
M5_YLUR_SLUR,5,LUR,LUR,2025-03-22,2025-03-23,2,Yd,747.8360595703125,750.0654907226562,749.8854370117188,748.5185546875,749.8651123046875
M5_YLUR_SLUR,5,LUR,LUR,2025-03-22,2025-03-23,2,TSE,756.9161376953125,749.7544555664062,750.2536010742188,750.6820678710938,749.9895629882812
M5_YLUR_SLUR,5,LUR,LUR,2025-03-22,2025-03-23,2,TSEC,49.17705154418945,49.989036560058594,49.94428253173828,50.055171966552734,49.96074676513672
M5_YLUR_SLUR,5,LUR,LUR,2025-03-22,2025-03-24,3,Yd,758.2735595703125,750.0654907226562,751.5145263671875,749.2898559570312,749.921142578125
M5_YLUR_SLUR,5,LUR,LUR,2025-03-22,2025-03-24,3,TSE,755.7066650390625,749.7544555664062,746.9990844726562,750.168212890625,750.163330078125
M5_YLUR_SLUR,5,LUR,LUR,2025-03-22,2025-03-24,3,TSEC,49.70102310180664,49.989036560058594,50.014549255371094,49.9287109375,49.95735549926758
M5_YLUR_SLUR,5,LUR,LUR,2025-03-23,2025-03-23,1,Yd,747.8360595703125,750.0580444335938,749.4378662109375,750.0198974609375,749.8483276367188
M5_YLUR_SLUR,5,LUR,LUR,2025-03-23,2025-03-23,1,TSE,756.9161376953125,749.7522583007812,748.4563598632812,752.1799926757812,749.8290405273438
M5_YLUR_SLUR,5,LUR,LUR,2025-03-23,2025-03-23,1,TSEC,49.17705154418945,49.98847198486328,49.88591003417969,49.83549499511719,49.967952728271484
M5_YLUR_SLUR,5,LUR,LUR,2025-03-23,2025-03-24,2,Yd,758.2735595703125,750.0580444335938,749.3494873046875,748.631591796875,749.938720703125
M5_YLUR_SLUR,5,LUR,LUR,2025-03-23,2025-03-24,2,TSE,755.7066650390625,749.7522583007812,747.9957275390625,751.5205688476562,750.0160522460938
M5_YLUR_SLUR,5,LUR,LUR,2025-03-23,2025-03-24,2,TSEC,49.70102310180664,49.98847198486328,49.9951057434082,49.945858001708984,49.966636657714844
M5_YLUR_SLUR,5,LUR,LUR,2025-03-23,2025-03-25,3,Yd,747.7017822265625,750.0580444335938,749.6244506835938,750.5108032226562,750.228515625
M5_YLUR_SLUR,5,LUR,LUR,2025-03-23,2025-03-25,3,TSE,748.94189453125,749.7522583007812,748.6542358398438,752.1004028320312,750.2990112304688
M5_YLUR_SLUR,5,LUR,LUR,2025-03-23,2025-03-25,3,TSEC,49.39505386352539,49.98847198486328,49.88740158081055,50.05872344970703,49.9698486328125
M5_YLUR_SLUR,5,LUR,LUR,2025-03-24,2025-03-24,1,Yd,758.2735595703125,750.0553588867188,750.2364501953125,749.7164306640625,749.9240112304688
M5_YLUR_SLUR,5,LUR,LUR,2025-03-24,2025-03-24,1,TSE,755.7066650390625,749.7610473632812,749.700439453125,750.3641967773438,749.99169921875
M5_YLUR_SLUR,5,LUR,LUR,2025-03-24,2025-03-24,1,TSEC,49.70102310180664,49.98748016357422,50.07917404174805,50.05435562133789,49.976356506347656
M5_YLUR_SLUR,5,LUR,LUR,2025-03-24,2025-03-25,2,Yd,747.7017822265625,750.0553588867188,750.2734985351562,749.9360961914062,750.1043701171875
M5_YLUR_SLUR,5,LUR,LUR,2025-03-24,2025-03-25,2,TSE,748.94189453125,749.7610473632812,749.1697387695312,751.4564208984375,750.34521484375
M5_YLUR_SLUR,5,LUR,LUR,2025-03-24,2025-03-25,2,TSEC,49.39505386352539,49.98748016357422,49.859283447265625,50.14326858520508,49.98023223876953
M5_YLUR_SLUR,5,LUR,LUR,2025-03-24,2025-03-26,3,Yd,738.2719116210938,750.0553588867188,750.2191162109375,749.0350952148438,750.2265014648438
M5_YLUR_SLUR,5,LUR,LUR,2025-03-24,2025-03-26,3,TSE,758.3765258789062,749.7610473632812,748.9403076171875,753.8990478515625,750.6834716796875
M5_YLUR_SLUR,5,LUR,LUR,2025-03-24,2025-03-26,3,TSEC,49.919437408447266,49.98748016357422,49.974937438964844,50.24435043334961,49.97753143310547
M5_YLUR_SLUR,5,LUR,LUR,2025-03-25,2025-03-25,1,Yd,747.7017822265625,750.0654296875,750.0912475585938,748.6851196289062,750.083740234375
M5_YLUR_SLUR,5,LUR,LUR,2025-03-25,2025-03-25,1,TSE,748.94189453125,749.7683715820312,749.066162109375,754.0930786132812,750.1510009765625
M5_YLUR_SLUR,5,LUR,LUR,2025-03-25,2025-03-25,1,TSEC,49.39505386352539,49.987125396728516,49.93360137939453,50.13249588012695,49.98534393310547
M5_YLUR_SLUR,5,LUR,LUR,2025-03-25,2025-03-26,2,Yd,738.2719116210938,750.0654296875,750.1541748046875,749.1290893554688,750.183837890625
M5_YLUR_SLUR,5,LUR,LUR,2025-03-25,2025-03-26,2,TSE,758.3765258789062,749.7683715820312,748.2332763671875,753.7701416015625,750.5945434570312
M5_YLUR_SLUR,5,LUR,LUR,2025-03-25,2025-03-26,2,TSEC,49.919437408447266,49.987125396728516,49.98662567138672,50.14373016357422,49.983516693115234
M5_YLUR_SLUR,5,LUR,LUR,2025-03-25,2025-03-27,3,Yd,752.010498046875,750.0654296875,750.1123657226562,749.8990478515625,750.1016235351562
M5_YLUR_SLUR,5,LUR,LUR,2025-03-25,2025-03-27,3,TSE,764.4560546875,749.7683715820312,748.95361328125,753.5906372070312,751.0118408203125
M5_YLUR_SLUR,5,LUR,LUR,2025-03-25,2025-03-27,3,TSEC,48.85799026489258,49.987125396728516,49.960750579833984,50.060787200927734,49.97756576538086
M5_YLUR_SLUR,5,LUR,LUR,2025-03-26,2025-03-26,1,Yd,738.2719116210938,750.0625,750.2257690429688,748.8274536132812,750.1064453125
M5_YLUR_SLUR,5,LUR,LUR,2025-03-26,2025-03-26,1,TSE,758.3765258789062,749.767333984375,748.4912719726562,754.209228515625,750.1187133789062
M5_YLUR_SLUR,5,LUR,LUR,2025-03-26,2025-03-26,1,TSEC,49.919437408447266,49.98639678955078,49.93141555786133,49.97727966308594,49.98285675048828
M5_YLUR_SLUR,5,LUR,LUR,2025-03-26,2025-03-27,2,Yd,752.010498046875,750.0625,750.1358642578125,749.8529663085938,750.0792846679688
M5_YLUR_SLUR,5,LUR,LUR,2025-03-26,2025-03-27,2,TSE,764.4560546875,749.767333984375,748.8218994140625,752.15576171875,750.5646362304688
M5_YLUR_SLUR,5,LUR,LUR,2025-03-26,2025-03-27,2,TSEC,48.85799026489258,49.98639678955078,49.935821533203125,49.863868713378906,49.97825622558594
M5_YLUR_SLUR,5,LUR,LUR,2025-03-26,2025-03-28,3,Yd,743.0739135742188,750.0625,750.19970703125,750.0122680664062,749.915771484375
M5_YLUR_SLUR,5,LUR,LUR,2025-03-26,2025-03-28,3,TSE,763.8422241210938,749.767333984375,748.1270141601562,752.1845092773438,750.9078369140625
M5_YLUR_SLUR,5,LUR,LUR,2025-03-26,2025-03-28,3,TSEC,50.32989501953125,49.98639678955078,49.93547821044922,49.89850997924805,49.968017578125
M5_YLUR_SLUR,5,LUR,LUR,2025-03-27,2025-03-27,1,Yd,752.010498046875,750.0480346679688,750.1878051757812,749.2905883789062,750.1091918945312
M5_YLUR_SLUR,5,LUR,LUR,2025-03-27,2025-03-27,1,TSE,764.4560546875,749.7778930664062,749.9332885742188,750.141357421875,750.0923461914062
M5_YLUR_SLUR,5,LUR,LUR,2025-03-27,2025-03-27,1,TSEC,48.85799026489258,49.9863166809082,49.915706634521484,49.991573333740234,49.98229217529297
M5_YLUR_SLUR,5,LUR,LUR,2025-03-27,2025-03-28,2,Yd,743.0739135742188,750.0480346679688,749.9542846679688,749.107666015625,750.0205078125
M5_YLUR_SLUR,5,LUR,LUR,2025-03-27,2025-03-28,2,TSE,763.8422241210938,749.7778930664062,747.8714599609375,750.7542724609375,750.4256591796875
M5_YLUR_SLUR,5,LUR,LUR,2025-03-27,2025-03-28,2,TSEC,50.32989501953125,49.9863166809082,49.9947395324707,49.990264892578125,49.973793029785156
M5_YLUR_SLUR,5,LUR,LUR,2025-03-27,2025-03-29,3,Yd,750.2822265625,750.0480346679688,751.1324462890625,749.5628051757812,749.7371215820312
M5_YLUR_SLUR,5,LUR,LUR,2025-03-27,2025-03-29,3,TSE,755.424560546875,749.7778930664062,750.1547241210938,749.1513061523438,750.5520629882812
M5_YLUR_SLUR,5,LUR,LUR,2025-03-27,2025-03-29,3,TSEC,50.556209564208984,49.9863166809082,49.965667724609375,50.060508728027344,49.957611083984375
M5_YLUR_SLUR,5,LUR,LUR,2025-03-28,2025-03-28,1,Yd,743.0739135742188,750.0504150390625,749.7197265625,749.365966796875,749.9098510742188
M5_YLUR_SLUR,5,LUR,LUR,2025-03-28,2025-03-28,1,TSE,763.8422241210938,749.7958984375,749.0406494140625,751.2890625,750.185302734375
M5_YLUR_SLUR,5,LUR,LUR,2025-03-28,2025-03-28,1,TSEC,50.32989501953125,49.98493957519531,49.97222900390625,49.98579406738281,49.9752311706543
M5_YLUR_SLUR,5,LUR,LUR,2025-03-28,2025-03-29,2,Yd,750.2822265625,750.0504150390625,750.076171875,747.7509155273438,749.6592407226562
M5_YLUR_SLUR,5,LUR,LUR,2025-03-28,2025-03-29,2,TSE,755.424560546875,749.7958984375,749.5855712890625,752.8137817382812,750.4673461914062
M5_YLUR_SLUR,5,LUR,LUR,2025-03-28,2025-03-29,2,TSEC,50.556209564208984,49.98493957519531,49.98854446411133,49.93971633911133,49.958553314208984
M5_YLUR_SLUR,5,LUR,LUR,2025-03-28,2025-03-30,3,Yd,736.2367553710938,750.0504150390625,749.700927734375,748.8599853515625,749.4189453125
M5_YLUR_SLUR,5,LUR,LUR,2025-03-28,2025-03-30,3,TSE,763.33837890625,749.7958984375,749.906494140625,751.8115844726562,750.6141357421875
M5_YLUR_SLUR,5,LUR,LUR,2025-03-28,2025-03-30,3,TSEC,49.266578674316406,49.98493957519531,49.92356491088867,49.74509811401367,49.93925094604492
M5_YLUR_SLUR,5,LUR,LUR,2025-03-29,2025-03-29,1,Yd,750.2822265625,750.0418701171875,749.1878051757812,750.6867065429688,749.788330078125
M5_YLUR_SLUR,5,LUR,LUR,2025-03-29,2025-03-29,1,TSE,755.424560546875,749.8130493164062,750.7514038085938,749.7033081054688,750.0819702148438
M5_YLUR_SLUR,5,LUR,LUR,2025-03-29,2025-03-29,1,TSEC,50.556209564208984,49.98535919189453,50.0116081237793,50.011898040771484,49.96641540527344
M5_YLUR_SLUR,5,LUR,LUR,2025-03-29,2025-03-30,2,Yd,736.2367553710938,750.0418701171875,749.6853637695312,749.05615234375,749.5488891601562
M5_YLUR_SLUR,5,LUR,LUR,2025-03-29,2025-03-30,2,TSE,763.33837890625,749.8130493164062,749.5120849609375,750.9371337890625,750.3089599609375
M5_YLUR_SLUR,5,LUR,LUR,2025-03-29,2025-03-30,2,TSEC,49.266578674316406,49.98535919189453,49.88764572143555,49.89714431762695,49.950408935546875
M5_YLUR_SLUR,5,LUR,LUR,2025-03-29,2025-03-31,3,Yd,751.3894653320312,750.0418701171875,751.613525390625,749.7237548828125,749.5220336914062
M5_YLUR_SLUR,5,LUR,LUR,2025-03-29,2025-03-31,3,TSE,749.7200927734375,749.8130493164062,749.9706420898438,750.42333984375,750.6349487304688
M5_YLUR_SLUR,5,LUR,LUR,2025-03-29,2025-03-31,3,TSEC,50.051090240478516,49.98535919189453,49.98412322998047,50.01019287109375,49.946022033691406
M5_YLUR_SLUR,5,LUR,LUR,2025-03-30,2025-03-30,1,Yd,736.2367553710938,750.0421752929688,750.215087890625,749.9921875,749.720947265625
M5_YLUR_SLUR,5,LUR,LUR,2025-03-30,2025-03-30,1,TSE,763.33837890625,749.8198852539062,749.323974609375,749.0343627929688,750.0797729492188
M5_YLUR_SLUR,5,LUR,LUR,2025-03-30,2025-03-30,1,TSEC,49.266578674316406,49.986053466796875,49.92665100097656,50.01261901855469,49.9680290222168
M5_YLUR_SLUR,5,LUR,LUR,2025-03-30,2025-03-31,2,Yd,751.3894653320312,750.0421752929688,750.5211791992188,750.3860473632812,749.7386474609375
M5_YLUR_SLUR,5,LUR,LUR,2025-03-30,2025-03-31,2,TSE,749.7200927734375,749.8198852539062,749.782470703125,751.4608154296875,750.499267578125
M5_YLUR_SLUR,5,LUR,LUR,2025-03-30,2025-03-31,2,TSEC,50.051090240478516,49.986053466796875,49.98651123046875,49.95582580566406,49.965126037597656
M5_YLUR_SLUR,5,LUR,LUR,2025-03-30,2025-04-01,3,Yd,743.5567016601562,750.0421752929688,750.0881958007812,751.8482666015625,749.9903564453125
M5_YLUR_SLUR,5,LUR,LUR,2025-03-30,2025-04-01,3,TSE,752.1666870117188,749.8198852539062,749.3433227539062,749.6024169921875,750.8657836914062
M5_YLUR_SLUR,5,LUR,LUR,2025-03-30,2025-04-01,3,TSEC,50.20425033569336,49.986053466796875,49.91912841796875,49.99785232543945,49.969600677490234
