case_id,M,yd_level,solar_level,origin_date,target_date,step,variable,true,MEAN,ARIMA,RNN,LSTM
M9_YHUR_SLUR,9,HUR,LUR,2024-12-31,2024-12-31,1,Yd,1578.6397705078125,1339.689208984375,1315.1171875,1294.904541015625,1335.3323974609375
M9_YHUR_SLUR,9,HUR,LUR,2024-12-31,2024-12-31,1,TSE,1346.3970947265625,1349.4078369140625,1353.2296142578125,1348.96044921875,1350.3497314453125
M9_YHUR_SLUR,9,HUR,LUR,2024-12-31,2024-12-31,1,TSEC,89.61881256103516,89.98958587646484,90.15620422363281,90.01358795166016,90.0093994140625
M9_YHUR_SLUR,9,HUR,LUR,2024-12-31,2025-01-01,2,Yd,1184.40185546875,1339.689208984375,1351.2708740234375,1284.3150634765625,1326.3590087890625
M9_YHUR_SLUR,9,HUR,LUR,2024-12-31,2025-01-01,2,TSE,1361.01708984375,1349.4078369140625,1353.99658203125,1351.859619140625,1351.2911376953125
M9_YHUR_SLUR,9,HUR,LUR,2024-12-31,2025-01-01,2,TSEC,90.0732421875,89.98958587646484,90.01054382324219,89.95203399658203,90.0239028930664
M9_YHUR_SLUR,9,HUR,LUR,2024-12-31,2025-01-02,3,Yd,1296.529296875,1339.689208984375,1320.862548828125,1322.4166259765625,1317.28955078125
M9_YHUR_SLUR,9,HUR,LUR,2024-12-31,2025-01-02,3,TSE,1336.937255859375,1349.4078369140625,1353.921630859375,1351.2120361328125,1351.6990966796875
M9_YHUR_SLUR,9,HUR,LUR,2024-12-31,2025-01-02,3,TSEC,90.85980987548828,89.98958587646484,90.0053939819336,89.8165054321289,90.00499725341797
M9_YHUR_SLUR,9,HUR,LUR,2025-01-01,2025-01-01,1,Yd,1184.40185546875,1340.01611328125,1349.093017578125,1301.5445556640625,1330.2977294921875
M9_YHUR_SLUR,9,HUR,LUR,2025-01-01,2025-01-01,1,TSE,1361.01708984375,1349.4036865234375,1353.33935546875,1349.0025634765625,1350.235107421875
M9_YHUR_SLUR,9,HUR,LUR,2025-01-01,2025-01-01,1,TSEC,90.0732421875,89.98907470703125,89.99962615966797,89.98139953613281,89.98168182373047
M9_YHUR_SLUR,9,HUR,LUR,2025-01-01,2025-01-02,2,Yd,1296.529296875,1340.01611328125,1332.338134765625,1309.313720703125,1320.5252685546875
M9_YHUR_SLUR,9,HUR,LUR,2025-01-01,2025-01-02,2,TSE,1336.937255859375,1349.4036865234375,1352.646240234375,1349.20654296875,1350.799072265625
M9_YHUR_SLUR,9,HUR,LUR,2025-01-01,2025-01-02,2,TSEC,90.85980987548828,89.98907470703125,90.00750732421875,89.73127746582031,89.96654510498047
M9_YHUR_SLUR,9,HUR,LUR,2025-01-01,2025-01-03,3,Yd,1362.4195556640625,1340.01611328125,1336.4024658203125,1356.865234375,1314.915283203125
M9_YHUR_SLUR,9,HUR,LUR,2025-01-01,2025-01-03,3,TSE,1335.6826171875,1349.4036865234375,1352.33740234375,1349.0255126953125,1351.1251220703125
M9_YHUR_SLUR,9,HUR,LUR,2025-01-01,2025-01-03,3,TSEC,90.3394546508789,89.98907470703125,89.74851989746094,89.73762512207031,89.95143127441406
M9_YHUR_SLUR,9,HUR,LUR,2025-01-02,2025-01-02,1,Yd,1296.529296875,1339.8035888671875,1324.83447265625,1321.7646484375,1328.4652099609375
M9_YHUR_SLUR,9,HUR,LUR,2025-01-02,2025-01-02,1,TSE,1336.937255859375,1349.4195556640625,1348.2156982421875,1349.28564453125,1350.0589599609375
M9_YHUR_SLUR,9,HUR,LUR,2025-01-02,2025-01-02,1,TSEC,90.85980987548828,89.98919677734375,90.02955627441406,89.7907485961914,89.97041320800781
M9_YHUR_SLUR,9,HUR,LUR,2025-01-02,2025-01-03,2,Yd,1362.4195556640625,1339.8035888671875,1343.3497314453125,1324.642578125,1321.8060302734375
M9_YHUR_SLUR,9,HUR,LUR,2025-01-02,2025-01-03,2,TSE,1335.6826171875,1349.4195556640625,1349.1956787109375,1349.03857421875,1350.619140625
M9_YHUR_SLUR,9,HUR,LUR,2025-01-02,2025-01-03,2,TSEC,90.3394546508789,89.98919677734375,89.77926635742188,89.5820083618164,89.96453094482422
M9_YHUR_SLUR,9,HUR,LUR,2025-01-02,2025-01-04,3,Yd,1391.4581298828125,1339.8035888671875,1325.4561767578125,1337.56640625,1322.2440185546875
M9_YHUR_SLUR,9,HUR,LUR,2025-01-02,2025-01-04,3,TSE,1368.4749755859375,1349.4195556640625,1347.66845703125,1348.4012451171875,1351.1055908203125
M9_YHUR_SLUR,9,HUR,LUR,2025-01-02,2025-01-04,3,TSEC,89.03489685058594,89.98919677734375,89.99971771240234,89.65296173095703,89.97510528564453
M9_YHUR_SLUR,9,HUR,LUR,2025-01-03,2025-01-03,1,Yd,1362.4195556640625,1339.7445068359375,1338.71826171875,1308.9512939453125,1329.229736328125
M9_YHUR_SLUR,9,HUR,LUR,2025-01-03,2025-01-03,1,TSE,1335.6826171875,1349.402587890625,1352.098388671875,1350.2593994140625,1349.859130859375
M9_YHUR_SLUR,9,HUR,LUR,2025-01-03,2025-01-03,1,TSEC,90.3394546508789,89.99038696289062,89.77960968017578,89.87103271484375,89.95905303955078
M9_YHUR_SLUR,9,HUR,LUR,2025-01-03,2025-01-04,2,Yd,1391.4581298828125,1339.7445068359375,1325.49609375,1323.4173583984375,1326.4639892578125
M9_YHUR_SLUR,9,HUR,LUR,2025-01-03,2025-01-04,2,TSE,1368.4749755859375,1349.402587890625,1347.8477783203125,1348.2547607421875,1350.4476318359375
M9_YHUR_SLUR,9,HUR,LUR,2025-01-03,2025-01-04,2,TSEC,89.03489685058594,89.99038696289062,89.9763412475586,89.6624984741211,89.96380615234375
M9_YHUR_SLUR,9,HUR,LUR,2025-01-03,2025-01-05,3,Yd,1326.078369140625,1339.7445068359375,1335.489990234375,1332.6370849609375,1328.5699462890625
M9_YHUR_SLUR,9,HUR,LUR,2025-01-03,2025-01-05,3,TSE,1345.885986328125,1349.402587890625,1349.24853515625,1352.1390380859375,1350.876953125
M9_YHUR_SLUR,9,HUR,LUR,2025-01-03,2025-01-05,3,TSEC,89.86823272705078,89.99038696289062,90.03641510009766,89.7862319946289,89.99291229248047
M9_YHUR_SLUR,9,HUR,LUR,2025-01-04,2025-01-04,1,Yd,1391.4581298828125,1339.775390625,1316.5997314453125,1283.31494140625,1333.5531005859375
M9_YHUR_SLUR,9,HUR,LUR,2025-01-04,2025-01-04,1,TSE,1368.4749755859375,1349.3839111328125,1348.4993896484375,1350.1209716796875,1349.9217529296875
M9_YHUR_SLUR,9,HUR,LUR,2025-01-04,2025-01-04,1,TSEC,89.03489685058594,89.9908676147461,89.97134399414062,89.9725341796875,89.96903991699219
M9_YHUR_SLUR,9,HUR,LUR,2025-01-04,2025-01-05,2,Yd,1326.078369140625,1339.775390625,1365.8756103515625,1306.0316162109375,1332.57861328125
M9_YHUR_SLUR,9,HUR,LUR,2025-01-04,2025-01-05,2,TSE,1345.885986328125,1349.3839111328125,1348.1527099609375,1349.686767578125,1350.48046875
M9_YHUR_SLUR,9,HUR,LUR,2025-01-04,2025-01-05,2,TSEC,89.86823272705078,89.9908676147461,90.02320861816406,90.02023315429688,89.98859405517578
M9_YHUR_SLUR,9,HUR,LUR,2025-01-04,2025-01-06,3,Yd,1220.284423828125,1339.775390625,1341.2718505859375,1316.2576904296875,1332.7474365234375
M9_YHUR_SLUR,9,HUR,LUR,2025-01-04,2025-01-06,3,TSE,1367.9285888671875,1349.3839111328125,1348.330810546875,1350.3203125,1350.8048095703125
M9_YHUR_SLUR,9,HUR,LUR,2025-01-04,2025-01-06,3,TSEC,89.56932830810547,89.9908676147461,89.94337463378906,89.9720230102539,90.01278686523438
M9_YHUR_SLUR,9,HUR,LUR,2025-01-05,2025-01-05,1,Yd,1326.078369140625,1339.845703125,1337.986328125,1321.39697265625,1337.54736328125
M9_YHUR_SLUR,9,HUR,LUR,2025-01-05,2025-01-05,1,TSE,1345.885986328125,1349.409912109375,1348.033203125,1351.7950439453125,1350.1055908203125
M9_YHUR_SLUR,9,HUR,LUR,2025-01-05,2025-01-05,1,TSEC,89.86823272705078,89.98956298828125,89.99190521240234,89.92003631591797,90.00645446777344
M9_YHUR_SLUR,9,HUR,LUR,2025-01-05,2025-01-06,2,Yd,1220.284423828125,1339.845703125,1335.2957763671875,1345.438720703125,1336.1318359375
M9_YHUR_SLUR,9,HUR,LUR,2025-01-05,2025-01-06,2,TSE,1367.9285888671875,1349.409912109375,1351.0240478515625,1352.3660888671875,1350.6898193359375
M9_YHUR_SLUR,9,HUR,LUR,2025-01-05,2025-01-06,2,TSEC,89.56932830810547,89.98956298828125,89.95997619628906,90.01361846923828,90.0300064086914
M9_YHUR_SLUR,9,HUR,LUR,2025-01-05,2025-01-07,3,Yd,1160.494140625,1339.845703125,1317.0628662109375,1300.1563720703125,1330.8031005859375
M9_YHUR_SLUR,9,HUR,LUR,2025-01-05,2025-01-07,3,TSE,1345.0821533203125,1349.409912109375,1349.3807373046875,1351.0279541015625,1351.2960205078125
M9_YHUR_SLUR,9,HUR,LUR,2025-01-05,2025-01-07,3,TSEC,88.97260284423828,89.98956298828125,90.13611602783203,89.97282409667969,90.04483032226562
M9_YHUR_SLUR,9,HUR,LUR,2025-01-06,2025-01-06,1,Yd,1220.284423828125,1339.8271484375,1344.8851318359375,1316.0767822265625,1338.0504150390625
M9_YHUR_SLUR,9,HUR,LUR,2025-01-06,2025-01-06,1,TSE,1367.9285888671875,1349.405029296875,1348.8548583984375,1349.586669921875,1350.140380859375
M9_YHUR_SLUR,9,HUR,LUR,2025-01-06,2025-01-06,1,TSEC,89.56932830810547,89.98939514160156,89.97297668457031,90.00553131103516,90.01081085205078
M9_YHUR_SLUR,9,HUR,LUR,2025-01-06,2025-01-07,2,Yd,1160.494140625,1339.8271484375,1343.37353515625,1313.95751953125,1332.646240234375
M9_YHUR_SLUR,9,HUR,LUR,2025-01-06,2025-01-07,2,TSE,1345.0821533203125,1349.405029296875,1348.6219482421875,1351.703857421875,1350.9757080078125
M9_YHUR_SLUR,9,HUR,LUR,2025-01-06,2025-01-07,2,TSEC,88.97260284423828,89.98939514160156,90.1529541015625,90.08448028564453,90.0309829711914
M9_YHUR_SLUR,9,HUR,LUR,2025-01-06,2025-01-08,3,Yd,1428.3173828125,1339.8271484375,1306.95458984375,1285.1451416015625,1324.1201171875
M9_YHUR_SLUR,9,HUR,LUR,2025-01-06,2025-01-08,3,TSE,1367.5032958984375,1349.405029296875,1348.8812255859375,1350.1624755859375,1351.69677734375
M9_YHUR_SLUR,9,HUR,LUR,2025-01-06,2025-01-08,3,TSEC,91.82613372802734,89.98939514160156,90.0460433959961,90.15345001220703,90.03484344482422
M9_YHUR_SLUR,9,HUR,LUR,2025-01-07,2025-01-07,1,Yd,1160.494140625,1339.6649169921875,1325.8262939453125,1312.7371826171875,1335.8243408203125
M9_YHUR_SLUR,9,HUR,LUR,2025-01-07,2025-01-07,1,TSE,1345.0821533203125,1349.43017578125,1352.2005615234375,1346.1488037109375,1350.4228515625
M9_YHUR_SLUR,9,HUR,LUR,2025-01-07,2025-01-07,1,TSEC,88.97260284423828,89.98883056640625,90.15745544433594,90.0113296508789,90.01360321044922
M9_YHUR_SLUR,9,HUR,LUR,2025-01-07,2025-01-08,2,Yd,1428.3173828125,1339.6649169921875,1337.13916015625,1304.57568359375,1327.43798828125
M9_YHUR_SLUR,9,HUR,LUR,2025-01-07,2025-01-08,2,TSE,1367.5032958984375,1349.43017578125,1354.09130859375,1349.922119140625,1351.4315185546875
M9_YHUR_SLUR,9,HUR,LUR,2025-01-07,2025-01-08,2,TSEC,91.82613372802734,89.98883056640625,90.04729461669922,89.99382019042969,90.03362274169922
M9_YHUR_SLUR,9,HUR,LUR,2025-01-07,2025-01-09,3,Yd,1338.1710205078125,1339.6649169921875,1340.931396484375,1292.8599853515625,1320.762451171875
M9_YHUR_SLUR,9,HUR,LUR,2025-01-07,2025-01-09,3,TSE,1348.7835693359375,1349.43017578125,1353.6741943359375,1351.677734375,1351.993896484375
M9_YHUR_SLUR,9,HUR,LUR,2025-01-07,2025-01-09,3,TSEC,89.8413314819336,89.98883056640625,90.0052490234375,89.93656921386719,90.0277099609375
M9_YHUR_SLUR,9,HUR,LUR,2025-01-08,2025-01-08,1,Yd,1428.3173828125,1339.422119140625,1343.772705078125,1312.23486328125,1332.6451416015625
M9_YHUR_SLUR,9,HUR,LUR,2025-01-08,2025-01-08,1,TSE,1367.5032958984375,1349.42431640625,1349.7894287109375,1347.391357421875,1350.4334716796875
M9_YHUR_SLUR,9,HUR,LUR,2025-01-08,2025-01-08,1,TSEC,91.82613372802734,89.98745727539062,90.01097106933594,90.03533935546875,89.99717712402344
M9_YHUR_SLUR,9,HUR,LUR,2025-01-08,2025-01-09,2,Yd,1338.1710205078125,1339.422119140625,1337.650146484375,1283.3514404296875,1326.151123046875
M9_YHUR_SLUR,9,HUR,LUR,2025-01-08,2025-01-09,2,TSE,1348.7835693359375,1349.42431640625,1348.706298828125,1347.9791259765625,1351.1669921875
M9_YHUR_SLUR,9,HUR,LUR,2025-01-08,2025-01-09,2,TSEC,89.8413314819336,89.98745727539062,90.06008911132812,89.74464416503906,89.99777221679688
M9_YHUR_SLUR,9,HUR,LUR,2025-01-08,2025-01-10,3,Yd,1148.4488525390625,1339.422119140625,1324.4825439453125,1300.188232421875,1323.4193115234375
M9_YHUR_SLUR,9,HUR,LUR,2025-01-08,2025-01-10,3,TSE,1359.9329833984375,1349.42431640625,1349.4163818359375,1345.9052734375,1351.6204833984375
M9_YHUR_SLUR,9,HUR,LUR,2025-01-08,2025-01-10,3,TSEC,88.87660217285156,89.98745727539062,89.7859115600586,89.7966537475586,89.98981475830078
M9_YHUR_SLUR,9,HUR,LUR,2025-01-09,2025-01-09,1,Yd,1338.1710205078125,1339.5423583984375,1337.9847412109375,1325.8465576171875,1327.7578125
M9_YHUR_SLUR,9,HUR,LUR,2025-01-09,2025-01-09,1,TSE,1348.7835693359375,1349.44873046875,1348.341064453125,1349.18994140625,1350.2757568359375
M9_YHUR_SLUR,9,HUR,LUR,2025-01-09,2025-01-09,1,TSEC,89.8413314819336,89.98993682861328,90.03394317626953,89.84357452392578,89.97962951660156
M9_YHUR_SLUR,9,HUR,LUR,2025-01-09,2025-01-10,2,Yd,1148.4488525390625,1339.5423583984375,1324.7701416015625,1302.9454345703125,1320.5482177734375
M9_YHUR_SLUR,9,HUR,LUR,2025-01-09,2025-01-10,2,TSE,1359.9329833984375,1349.44873046875,1350.53515625,1352.6817626953125,1351.0301513671875
M9_YHUR_SLUR,9,HUR,LUR,2025-01-09,2025-01-10,2,TSEC,88.87660217285156,89.98993682861328,89.7828140258789,89.82191467285156,89.978759765625
M9_YHUR_SLUR,9,HUR,LUR,2025-01-09,2025-01-11,3,Yd,1429.2120361328125,1339.5423583984375,1334.7279052734375,1316.4674072265625,1320.394775390625
M9_YHUR_SLUR,9,HUR,LUR,2025-01-09,2025-01-11,3,TSE,1370.6781005859375,1349.44873046875,1347.6729736328125,1353.6939697265625,1351.6358642578125
M9_YHUR_SLUR,9,HUR,LUR,2025-01-09,2025-01-11,3,TSEC,90.1960220336914,89.98993682861328,89.95039367675781,89.84323120117188,89.99430847167969
M9_YHUR_SLUR,9,HUR,LUR,2025-01-10,2025-01-10,1,Yd,1148.4488525390625,1339.54052734375,1327.72216796875,1330.2325439453125,1329.2430419921875
M9_YHUR_SLUR,9,HUR,LUR,2025-01-10,2025-01-10,1,TSE,1359.9329833984375,1349.4478759765625,1350.0811767578125,1347.435791015625,1350.080810546875
M9_YHUR_SLUR,9,HUR,LUR,2025-01-10,2025-01-10,1,TSEC,88.87660217285156,89.98973846435547,89.70128631591797,89.84685516357422,89.9712905883789
M9_YHUR_SLUR,9,HUR,LUR,2025-01-10,2025-01-11,2,Yd,1429.2120361328125,1339.54052734375,1333.3228759765625,1323.8408203125,1326.24365234375
M9_YHUR_SLUR,9,HUR,LUR,2025-01-10,2025-01-11,2,TSE,1370.6781005859375,1349.4478759765625,1347.3370361328125,1352.1859130859375,1350.834228515625
M9_YHUR_SLUR,9,HUR,LUR,2025-01-10,2025-01-11,2,TSEC,90.1960220336914,89.98973846435547,90.01897430419922,89.95767211914062,89.98502349853516
M9_YHUR_SLUR,9,HUR,LUR,2025-01-10,2025-01-12,3,Yd,1170.3218994140625,1339.54052734375,1333.1461181640625,1334.44873046875,1327.6922607421875
M9_YHUR_SLUR,9,HUR,LUR,2025-01-10,2025-01-12,3,TSE,1333.8919677734375,1349.4478759765625,1349.9625244140625,1350.605224609375,1351.3331298828125
M9_YHUR_SLUR,9,HUR,LUR,2025-01-10,2025-01-12,3,TSEC,90.43134307861328,89.98973846435547,90.02703857421875,89.91561889648438,90.02022552490234
M9_YHUR_SLUR,9,HUR,LUR,2025-01-11,2025-01-11,1,Yd,1429.2120361328125,1339.2825927734375,1352.7001953125,1327.376953125,1334.87451171875
M9_YHUR_SLUR,9,HUR,LUR,2025-01-11,2025-01-11,1,TSE,1370.6781005859375,1349.4620361328125,1351.938232421875,1350.711669921875,1350.250244140625
M9_YHUR_SLUR,9,HUR,LUR,2025-01-11,2025-01-11,1,TSEC,90.1960220336914,89.98823547363281,90.0005874633789,89.97288513183594,89.99779510498047
M9_YHUR_SLUR,9,HUR,LUR,2025-01-11,2025-01-12,2,Yd,1170.3218994140625,1339.2825927734375,1310.7647705078125,1356.8060302734375,1335.2060546875
M9_YHUR_SLUR,9,HUR,LUR,2025-01-11,2025-01-12,2,TSE,1333.8919677734375,1349.4620361328125,1356.1417236328125,1352.8536376953125,1350.9722900390625
M9_YHUR_SLUR,9,HUR,LUR,2025-01-11,2025-01-12,2,TSEC,90.43134307861328,89.98823547363281,90.05978393554688,90.15463256835938,90.03584289550781
M9_YHUR_SLUR,9,HUR,LUR,2025-01-11,2025-01-13,3,Yd,1261.518310546875,1339.2825927734375,1329.9244384765625,1329.131103515625,1334.80078125
M9_YHUR_SLUR,9,HUR,LUR,2025-01-11,2025-01-13,3,TSE,1360.4248046875,1349.4620361328125,1352.579345703125,1352.5316162109375,1351.4130859375
M9_YHUR_SLUR,9,HUR,LUR,2025-01-11,2025-01-13,3,TSEC,91.85844421386719,89.98823547363281,89.96101379394531,90.25151062011719,90.06108856201172
M9_YHUR_SLUR,9,HUR,LUR,2025-01-12,2025-01-12,1,Yd,1170.3218994140625,1339.4039306640625,1331.11865234375,1343.010986328125,1337.0960693359375
M9_YHUR_SLUR,9,HUR,LUR,2025-01-12,2025-01-12,1,TSE,1333.8919677734375,1349.4906005859375,1357.5484619140625,1351.5025634765625,1350.357421875
M9_YHUR_SLUR,9,HUR,LUR,2025-01-12,2025-01-12,1,TSEC,90.43134307861328,89.988525390625,90.0279312133789,90.0265121459961,90.02638244628906
M9_YHUR_SLUR,9,HUR,LUR,2025-01-12,2025-01-13,2,Yd,1261.518310546875,1339.4039306640625,1331.233154296875,1330.077392578125,1334.4637451171875
M9_YHUR_SLUR,9,HUR,LUR,2025-01-12,2025-01-13,2,TSE,1360.4248046875,1349.4906005859375,1355.771728515625,1354.75390625,1351.1717529296875
M9_YHUR_SLUR,9,HUR,LUR,2025-01-12,2025-01-13,2,TSEC,91.85844421386719,89.988525390625,89.9083023071289,89.92359161376953,90.06147003173828
M9_YHUR_SLUR,9,HUR,LUR,2025-01-12,2025-01-14,3,Yd,1313.85107421875,1339.4039306640625,1331.0372314453125,1274.0638427734375,1327.9281005859375
M9_YHUR_SLUR,9,HUR,LUR,2025-01-12,2025-01-14,3,TSE,1363.3375244140625,1349.4906005859375,1357.407958984375,1352.84130859375,1352.0147705078125
M9_YHUR_SLUR,9,HUR,LUR,2025-01-12,2025-01-14,3,TSEC,88.97835540771484,89.988525390625,90.08287811279297,89.93582153320312,90.08175659179688
M9_YHUR_SLUR,9,HUR,LUR,2025-01-13,2025-01-13,1,Yd,1261.518310546875,1339.17626953125,1336.83935546875,1316.672119140625,1337.7061767578125
M9_YHUR_SLUR,9,HUR,LUR,2025-01-13,2025-01-13,1,TSE,1360.4248046875,1349.4696044921875,1350.6549072265625,1347.846435546875,1350.341552734375
M9_YHUR_SLUR,9,HUR,LUR,2025-01-13,2025-01-13,1,TSEC,91.85844421386719,89.98912048339844,89.94454193115234,89.81656646728516,90.02128601074219
M9_YHUR_SLUR,9,HUR,LUR,2025-01-13,2025-01-14,2,Yd,1313.85107421875,1339.17626953125,1319.7374267578125,1293.5694580078125,1332.0687255859375
M9_YHUR_SLUR,9,HUR,LUR,2025-01-13,2025-01-14,2,TSE,1363.3375244140625,1349.4696044921875,1350.2244873046875,1352.2965087890625,1351.3453369140625
M9_YHUR_SLUR,9,HUR,LUR,2025-01-13,2025-01-14,2,TSEC,88.97835540771484,89.98912048339844,90.1332015991211,90.1462631225586,90.04837036132812
M9_YHUR_SLUR,9,HUR,LUR,2025-01-13,2025-01-15,3,Yd,1316.66748046875,1339.17626953125,1342.2022705078125,1314.72900390625,1322.619140625
M9_YHUR_SLUR,9,HUR,LUR,2025-01-13,2025-01-15,3,TSE,1335.5445556640625,1349.4696044921875,1350.40673828125,1354.621337890625,1352.3079833984375
M9_YHUR_SLUR,9,HUR,LUR,2025-01-13,2025-01-15,3,TSEC,91.27069091796875,89.98912048339844,90.06095886230469,90.15974426269531,90.06066131591797
M9_YHUR_SLUR,9,HUR,LUR,2025-01-14,2025-01-14,1,Yd,1313.85107421875,1339.0718994140625,1347.3974609375,1302.2305908203125,1333.3404541015625
M9_YHUR_SLUR,9,HUR,LUR,2025-01-14,2025-01-14,1,TSE,1363.3375244140625,1349.484375,1353.9853515625,1348.210693359375,1350.5184326171875
M9_YHUR_SLUR,9,HUR,LUR,2025-01-14,2025-01-14,1,TSEC,88.97835540771484,89.99162292480469,90.1772689819336,90.06700897216797,90.02172088623047
M9_YHUR_SLUR,9,HUR,LUR,2025-01-14,2025-01-15,2,Yd,1316.66748046875,1339.0718994140625,1322.2447509765625,1292.7564697265625,1323.0926513671875
M9_YHUR_SLUR,9,HUR,LUR,2025-01-14,2025-01-15,2,TSE,1335.5445556640625,1349.484375,1354.43701171875,1353.0076904296875,1351.63525390625
M9_YHUR_SLUR,9,HUR,LUR,2025-01-14,2025-01-15,2,TSEC,91.27069091796875,89.99162292480469,90.02484893798828,89.86306762695312,90.04573059082031
M9_YHUR_SLUR,9,HUR,LUR,2025-01-14,2025-01-16,3,Yd,1329.0067138671875,1339.0718994140625,1327.634765625,1319.708740234375,1315.5321044921875
M9_YHUR_SLUR,9,HUR,LUR,2025-01-14,2025-01-16,3,TSE,1331.6395263671875,1349.484375,1354.9901123046875,1353.94140625,1352.155517578125
M9_YHUR_SLUR,9,HUR,LUR,2025-01-14,2025-01-16,3,TSEC,91.06004333496094,89.99162292480469,90.01344299316406,89.86050415039062,90.03451538085938
M9_YHUR_SLUR,9,HUR,LUR,2025-01-15,2025-01-15,1,Yd,1316.66748046875,1339.0380859375,1338.7802734375,1324.9913330078125,1329.40966796875
M9_YHUR_SLUR,9,HUR,LUR,2025-01-15,2025-01-15,1,TSE,1335.5445556640625,1349.5029296875,1351.5328369140625,1349.9034423828125,1350.634765625
M9_YHUR_SLUR,9,HUR,LUR,2025-01-15,2025-01-15,1,TSEC,91.27069091796875,89.99026489257812,90.00537109375,89.93743896484375,90.01029968261719
M9_YHUR_SLUR,9,HUR,LUR,2025-01-15,2025-01-16,2,Yd,1329.0067138671875,1339.0380859375,1326.0767822265625,1300.7076416015625,1320.6707763671875
M9_YHUR_SLUR,9,HUR,LUR,2025-01-15,2025-01-16,2,TSE,1331.6395263671875,1349.5029296875,1351.8695068359375,1350.4188232421875,1351.4185791015625
M9_YHUR_SLUR,9,HUR,LUR,2025-01-15,2025-01-16,2,TSEC,91.06004333496094,89.99026489257812,90.01612091064453,89.75672149658203,90.0157699584961
M9_YHUR_SLUR,9,HUR,LUR,2025-01-15,2025-01-17,3,Yd,1616.4620361328125,1339.0380859375,1337.006591796875,1353.0372314453125,1316.6341552734375
M9_YHUR_SLUR,9,HUR,LUR,2025-01-15,2025-01-17,3,TSE,1333.7708740234375,1349.5029296875,1351.3541259765625,1349.255126953125,1352.0384521484375
M9_YHUR_SLUR,9,HUR,LUR,2025-01-15,2025-01-17,3,TSEC,89.29657745361328,89.99026489257812,89.7148666381836,89.882568359375,90.00887298583984
M9_YHUR_SLUR,9,HUR,LUR,2025-01-16,2025-01-16,1,Yd,1329.0067138671875,1339.008056640625,1330.8310546875,1340.44140625,1326.543701171875
M9_YHUR_SLUR,9,HUR,LUR,2025-01-16,2025-01-16,1,TSE,1331.6395263671875,1349.4842529296875,1349.5084228515625,1355.8824462890625,1350.159912109375
M9_YHUR_SLUR,9,HUR,LUR,2025-01-16,2025-01-16,1,TSEC,91.06004333496094,89.99198150634766,90.07532501220703,89.97539520263672,89.97674560546875
M9_YHUR_SLUR,9,HUR,LUR,2025-01-16,2025-01-17,2,Yd,1616.4620361328125,1339.008056640625,1330.232421875,1279.716796875,1319.0018310546875
M9_YHUR_SLUR,9,HUR,LUR,2025-01-16,2025-01-17,2,TSE,1333.7708740234375,1349.4842529296875,1350.7745361328125,1350.4566650390625,1350.8284912109375
M9_YHUR_SLUR,9,HUR,LUR,2025-01-16,2025-01-17,2,TSEC,89.29657745361328,89.99198150634766,89.78379821777344,89.70020294189453,89.97187805175781
M9_YHUR_SLUR,9,HUR,LUR,2025-01-16,2025-01-18,3,Yd,1333.0224609375,1339.008056640625,1338.3184814453125,1314.7720947265625,1318.7381591796875
M9_YHUR_SLUR,9,HUR,LUR,2025-01-16,2025-01-18,3,TSE,1364.5555419921875,1349.4842529296875,1349.7484130859375,1352.9521484375,1351.3931884765625
M9_YHUR_SLUR,9,HUR,LUR,2025-01-16,2025-01-18,3,TSEC,91.21526336669922,89.99198150634766,89.9801025390625,89.80508422851562,89.98280334472656
M9_YHUR_SLUR,9,HUR,LUR,2025-01-17,2025-01-17,1,Yd,1616.4620361328125,1338.99462890625,1347.2822265625,1314.228271484375,1327.6649169921875
M9_YHUR_SLUR,9,HUR,LUR,2025-01-17,2025-01-17,1,TSE,1333.7708740234375,1349.4603271484375,1351.716796875,1349.7930908203125,1349.9384765625
M9_YHUR_SLUR,9,HUR,LUR,2025-01-17,2025-01-17,1,TSEC,89.29657745361328,89.993408203125,89.70770263671875,89.9670181274414,89.95935821533203
M9_YHUR_SLUR,9,HUR,LUR,2025-01-17,2025-01-18,2,Yd,1333.0224609375,1338.99462890625,1322.339599609375,1327.399658203125,1323.632080078125
M9_YHUR_SLUR,9,HUR,LUR,2025-01-17,2025-01-18,2,TSE,1364.5555419921875,1349.4603271484375,1348.8516845703125,1352.7603759765625,1350.56591796875
M9_YHUR_SLUR,9,HUR,LUR,2025-01-17,2025-01-18,2,TSEC,91.21526336669922,89.993408203125,90.00032043457031,89.81800842285156,89.96222686767578
M9_YHUR_SLUR,9,HUR,LUR,2025-01-17,2025-01-19,3,Yd,1224.615966796875,1338.99462890625,1343.2559814453125,1352.7603759765625,1325.08251953125
M9_YHUR_SLUR,9,HUR,LUR,2025-01-17,2025-01-19,3,TSE,1366.6463623046875,1349.4603271484375,1353.0565185546875,1354.1517333984375,1351.021240234375
M9_YHUR_SLUR,9,HUR,LUR,2025-01-17,2025-01-19,3,TSEC,90.9364013671875,89.993408203125,90.0399169921875,89.83863830566406,89.9920425415039
M9_YHUR_SLUR,9,HUR,LUR,2025-01-18,2025-01-18,1,Yd,1333.0224609375,1339.3656005859375,1321.0589599609375,1266.666259765625,1332.2099609375
M9_YHUR_SLUR,9,HUR,LUR,2025-01-18,2025-01-18,1,TSE,1364.5555419921875,1349.4393310546875,1348.5186767578125,1350.7982177734375,1349.8734130859375
M9_YHUR_SLUR,9,HUR,LUR,2025-01-18,2025-01-18,1,TSEC,91.21526336669922,89.99247741699219,89.99726867675781,89.96492004394531,89.96682739257812
M9_YHUR_SLUR,9,HUR,LUR,2025-01-18,2025-01-19,2,Yd,1224.615966796875,1339.3656005859375,1347.6126708984375,1331.782470703125,1329.72216796875
M9_YHUR_SLUR,9,HUR,LUR,2025-01-18,2025-01-19,2,TSE,1366.6463623046875,1349.4393310546875,1347.2486572265625,1350.529541015625,1350.3458251953125
M9_YHUR_SLUR,9,HUR,LUR,2025-01-18,2025-01-19,2,TSEC,90.9364013671875,89.99247741699219,90.05902862548828,89.90056610107422,89.97962951660156
M9_YHUR_SLUR,9,HUR,LUR,2025-01-18,2025-01-20,3,Yd,1325.97314453125,1339.3656005859375,1331.79345703125,1345.0111083984375,1327.7100830078125
M9_YHUR_SLUR,9,HUR,LUR,2025-01-18,2025-01-20,3,TSE,1357.2181396484375,1349.4393310546875,1349.9346923828125,1351.2291259765625,1350.7646484375
M9_YHUR_SLUR,9,HUR,LUR,2025-01-18,2025-01-20,3,TSEC,89.52175903320312,89.99247741699219,89.9953384399414,89.92005157470703,90.00166320800781
M9_YHUR_SLUR,9,HUR,LUR,2025-01-19,2025-01-19,1,Yd,1224.615966796875,1339.357177734375,1326.8701171875,1343.962158203125,1335.2418212890625
M9_YHUR_SLUR,9,HUR,LUR,2025-01-19,2025-01-19,1,TSE,1366.6463623046875,1349.45947265625,1347.1785888671875,1352.0128173828125,1350.0972900390625
M9_YHUR_SLUR,9,HUR,LUR,2025-01-19,2025-01-19,1,TSEC,90.9364013671875,89.9941177368164,90.0686264038086,89.68842315673828,90.00176239013672
M9_YHUR_SLUR,9,HUR,LUR,2025-01-19,2025-01-20,2,Yd,1325.97314453125,1339.357177734375,1322.5501708984375,1327.86767578125,1330.95263671875
M9_YHUR_SLUR,9,HUR,LUR,2025-01-19,2025-01-20,2,TSE,1357.2181396484375,1349.45947265625,1351.093017578125,1352.02587890625,1350.7879638671875
M9_YHUR_SLUR,9,HUR,LUR,2025-01-19,2025-01-20,2,TSEC,89.52175903320312,89.9941177368164,89.94854736328125,89.75879669189453,90.02577209472656
M9_YHUR_SLUR,9,HUR,LUR,2025-01-19,2025-01-21,3,Yd,1413.59130859375,1339.357177734375,1331.6864013671875,1304.8643798828125,1323.7257080078125
M9_YHUR_SLUR,9,HUR,LUR,2025-01-19,2025-01-21,3,TSE,1333.0692138671875,1349.45947265625,1349.149658203125,1354.4227294921875,1351.3551025390625
M9_YHUR_SLUR,9,HUR,LUR,2025-01-19,2025-01-21,3,TSEC,90.37274932861328,89.9941177368164,90.11087799072266,89.94731140136719,90.03656768798828
M9_YHUR_SLUR,9,HUR,LUR,2025-01-20,2025-01-20,1,Yd,1325.97314453125,1339.2042236328125,1324.6468505859375,1366.0364990234375,1335.8394775390625
M9_YHUR_SLUR,9,HUR,LUR,2025-01-20,2025-01-20,1,TSE,1357.2181396484375,1349.482421875,1349.7349853515625,1346.89111328125,1350.2762451171875
M9_YHUR_SLUR,9,HUR,LUR,2025-01-20,2025-01-20,1,TSEC,89.52175903320312,89.995361328125,89.92827606201172,89.96619415283203,90.02021026611328
M9_YHUR_SLUR,9,HUR,LUR,2025-01-20,2025-01-21,2,Yd,1413.59130859375,1339.2042236328125,1331.0185546875,1353.56298828125,1328.2694091796875
M9_YHUR_SLUR,9,HUR,LUR,2025-01-20,2025-01-21,2,TSE,1333.0692138671875,1349.482421875,1351.047119140625,1354.84716796875,1351.1802978515625
M9_YHUR_SLUR,9,HUR,LUR,2025-01-20,2025-01-21,2,TSEC,90.37274932861328,89.995361328125,90.0479507446289,90.15045166015625,90.04546356201172
M9_YHUR_SLUR,9,HUR,LUR,2025-01-20,2025-01-22,3,Yd,1415.20654296875,1339.2042236328125,1329.0013427734375,1317.1097412109375,1318.3612060546875
M9_YHUR_SLUR,9,HUR,LUR,2025-01-20,2025-01-22,3,TSE,1354.9342041015625,1349.482421875,1350.99072265625,1357.9744873046875,1351.87255859375
M9_YHUR_SLUR,9,HUR,LUR,2025-01-20,2025-01-22,3,TSEC,91.22856140136719,89.995361328125,90.07552337646484,90.2939224243164,90.05049896240234
M9_YHUR_SLUR,9,HUR,LUR,2025-01-21,2025-01-21,1,Yd,1413.59130859375,1339.1865234375,1337.9097900390625,1348.5792236328125,1332.567626953125
M9_YHUR_SLUR,9,HUR,LUR,2025-01-21,2025-01-21,1,TSE,1333.0692138671875,1349.4927978515625,1349.1224365234375,1348.87451171875,1350.43603515625
M9_YHUR_SLUR,9,HUR,LUR,2025-01-21,2025-01-21,1,TSEC,90.37274932861328,89.99473571777344,90.07357025146484,90.11921691894531,90.01531982421875
M9_YHUR_SLUR,9,HUR,LUR,2025-01-21,2025-01-22,2,Yd,1415.20654296875,1339.1865234375,1328.254638671875,1314.9085693359375,1322.2998046875
M9_YHUR_SLUR,9,HUR,LUR,2025-01-21,2025-01-22,2,TSE,1354.9342041015625,1349.4927978515625,1349.282470703125,1349.1396484375,1351.451416015625
M9_YHUR_SLUR,9,HUR,LUR,2025-01-21,2025-01-22,2,TSEC,91.22856140136719,89.99473571777344,90.07300567626953,89.96749114990234,90.03265380859375
M9_YHUR_SLUR,9,HUR,LUR,2025-01-21,2025-01-23,3,Yd,1322.7615966796875,1339.1865234375,1337.0797119140625,1312.2657470703125,1315.0181884765625
M9_YHUR_SLUR,9,HUR,LUR,2025-01-21,2025-01-23,3,TSE,1364.816162109375,1349.4927978515625,1347.9249267578125,1344.8404541015625,1351.8843994140625
M9_YHUR_SLUR,9,HUR,LUR,2025-01-21,2025-01-23,3,TSEC,90.35950469970703,89.99473571777344,89.98209381103516,89.9715347290039,90.02275085449219
M9_YHUR_SLUR,9,HUR,LUR,2025-01-22,2025-01-22,1,Yd,1415.20654296875,1339.2855224609375,1336.9556884765625,1293.2552490234375,1328.3800048828125
M9_YHUR_SLUR,9,HUR,LUR,2025-01-22,2025-01-22,1,TSE,1354.9342041015625,1349.470947265625,1348.7880859375,1349.290771484375,1350.242431640625
M9_YHUR_SLUR,9,HUR,LUR,2025-01-22,2025-01-22,1,TSEC,91.22856140136719,89.9952392578125,90.1012191772461,90.09503173828125,89.99114990234375
M9_YHUR_SLUR,9,HUR,LUR,2025-01-22,2025-01-23,2,Yd,1322.7615966796875,1339.2855224609375,1333.40625,1254.9066162109375,1317.918701171875
M9_YHUR_SLUR,9,HUR,LUR,2025-01-22,2025-01-23,2,TSE,1364.816162109375,1349.470947265625,1347.780517578125,1349.3668212890625,1350.8367919921875
M9_YHUR_SLUR,9,HUR,LUR,2025-01-22,2025-01-23,2,TSEC,90.35950469970703,89.9952392578125,90.01168060302734,89.80973815917969,89.97972869873047
M9_YHUR_SLUR,9,HUR,LUR,2025-01-22,2025-01-24,3,Yd,1396.52880859375,1339.2855224609375,1304.1527099609375,1304.8680419921875,1312.4322509765625
M9_YHUR_SLUR,9,HUR,LUR,2025-01-22,2025-01-24,3,TSE,1358.35595703125,1349.470947265625,1348.4044189453125,1349.97314453125,1351.2369384765625
M9_YHUR_SLUR,9,HUR,LUR,2025-01-22,2025-01-24,3,TSEC,92.13265991210938,89.9952392578125,89.7845230102539,89.83261108398438,89.96324920654297
M9_YHUR_SLUR,9,HUR,LUR,2025-01-23,2025-01-23,1,Yd,1322.7615966796875,1339.38623046875,1331.9090576171875,1314.9388427734375,1324.905517578125
M9_YHUR_SLUR,9,HUR,LUR,2025-01-23,2025-01-23,1,TSE,1364.816162109375,1349.478271484375,1346.8350830078125,1350.623046875,1350.024658203125
M9_YHUR_SLUR,9,HUR,LUR,2025-01-23,2025-01-23,1,TSEC,90.35950469970703,89.99687957763672,89.9461669921875,90.02625274658203,89.96746826171875
M9_YHUR_SLUR,9,HUR,LUR,2025-01-23,2025-01-24,2,Yd,1396.52880859375,1339.38623046875,1339.7991943359375,1305.5811767578125,1315.785888671875
M9_YHUR_SLUR,9,HUR,LUR,2025-01-23,2025-01-24,2,TSE,1358.35595703125,1349.478271484375,1348.4678955078125,1350.8514404296875,1350.5894775390625
M9_YHUR_SLUR,9,HUR,LUR,2025-01-23,2025-01-24,2,TSEC,92.13265991210938,89.99687957763672,89.61792755126953,89.75298309326172,89.95521545410156
M9_YHUR_SLUR,9,HUR,LUR,2025-01-23,2025-01-25,3,Yd,1205.5274658203125,1339.38623046875,1328.865966796875,1337.7398681640625,1313.7156982421875
M9_YHUR_SLUR,9,HUR,LUR,2025-01-23,2025-01-25,3,TSE,1353.4713134765625,1349.478271484375,1349.4593505859375,1353.460205078125,1350.9571533203125
M9_YHUR_SLUR,9,HUR,LUR,2025-01-23,2025-01-25,3,TSEC,89.70894622802734,89.99687957763672,89.91597747802734,89.80709075927734,89.9631118774414
M9_YHUR_SLUR,9,HUR,LUR,2025-01-24,2025-01-24,1,Yd,1396.52880859375,1339.3642578125,1339.926025390625,1302.1666259765625,1326.9090576171875
M9_YHUR_SLUR,9,HUR,LUR,2025-01-24,2025-01-24,1,TSE,1358.35595703125,1349.49853515625,1351.3218994140625,1349.6956787109375,1350.0113525390625
M9_YHUR_SLUR,9,HUR,LUR,2025-01-24,2025-01-24,1,TSEC,92.13265991210938,89.99736022949219,89.65155792236328,89.91324615478516,89.97123718261719
M9_YHUR_SLUR,9,HUR,LUR,2025-01-24,2025-01-25,2,Yd,1205.5274658203125,1339.3642578125,1328.6920166015625,1310.6156005859375,1321.626953125
M9_YHUR_SLUR,9,HUR,LUR,2025-01-24,2025-01-25,2,TSE,1353.4713134765625,1349.49853515625,1350.1204833984375,1349.9552001953125,1350.6240234375
M9_YHUR_SLUR,9,HUR,LUR,2025-01-24,2025-01-25,2,TSEC,89.70894622802734,89.99736022949219,89.89281463623047,89.8208236694336,89.98424530029297
M9_YHUR_SLUR,9,HUR,LUR,2025-01-24,2025-01-26,3,Yd,1327.4449462890625,1339.3642578125,1351.802490234375,1321.2598876953125,1322.2569580078125
M9_YHUR_SLUR,9,HUR,LUR,2025-01-24,2025-01-26,3,TSE,1363.85009765625,1349.49853515625,1349.2381591796875,1350.6746826171875,1351.0904541015625
M9_YHUR_SLUR,9,HUR,LUR,2025-01-24,2025-01-26,3,TSEC,90.63037109375,89.99736022949219,89.95380401611328,89.86138153076172,90.01883697509766
M9_YHUR_SLUR,9,HUR,LUR,2025-01-25,2025-01-25,1,Yd,1205.5274658203125,1339.43994140625,1351.0115966796875,1325.91796875,1330.4427490234375
M9_YHUR_SLUR,9,HUR,LUR,2025-01-25,2025-01-25,1,TSE,1353.4713134765625,1349.51025390625,1351.1627197265625,1349.9073486328125,1350.0225830078125
M9_YHUR_SLUR,9,HUR,LUR,2025-01-25,2025-01-25,1,TSEC,89.70894622802734,90.00018310546875,90.1225357055664,89.87883758544922,89.99100494384766
M9_YHUR_SLUR,9,HUR,LUR,2025-01-25,2025-01-26,2,Yd,1327.4449462890625,1339.43994140625,1321.61083984375,1299.8447265625,1327.1522216796875
M9_YHUR_SLUR,9,HUR,LUR,2025-01-25,2025-01-26,2,TSE,1363.85009765625,1349.51025390625,1354.48583984375,1350.247314453125,1350.6871337890625
M9_YHUR_SLUR,9,HUR,LUR,2025-01-25,2025-01-26,2,TSEC,90.63037109375,90.00018310546875,90.05106353759766,89.83512115478516,90.02320861816406
M9_YHUR_SLUR,9,HUR,LUR,2025-01-25,2025-01-27,3,Yd,1304.026123046875,1339.43994140625,1332.843994140625,1285.79833984375,1324.15576171875
M9_YHUR_SLUR,9,HUR,LUR,2025-01-25,2025-01-27,3,TSE,1335.788330078125,1349.51025390625,1351.5736083984375,1350.2972412109375,1351.2325439453125
M9_YHUR_SLUR,9,HUR,LUR,2025-01-25,2025-01-27,3,TSEC,88.09271240234375,90.00018310546875,90.050537109375,89.85100555419922,90.05488586425781
M9_YHUR_SLUR,9,HUR,LUR,2025-01-26,2025-01-26,1,Yd,1327.4449462890625,1339.2628173828125,1314.935546875,1311.1807861328125,1335.2838134765625
M9_YHUR_SLUR,9,HUR,LUR,2025-01-26,2025-01-26,1,TSE,1363.85009765625,1349.5155029296875,1353.6378173828125,1347.11572265625,1350.2423095703125
M9_YHUR_SLUR,9,HUR,LUR,2025-01-26,2025-01-26,1,TSEC,90.63037109375,89.99979400634766,89.85945129394531,90.01020050048828,90.02131652832031
M9_YHUR_SLUR,9,HUR,LUR,2025-01-26,2025-01-27,2,Yd,1304.026123046875,1339.2628173828125,1330.8671875,1348.3868408203125,1330.629150390625
M9_YHUR_SLUR,9,HUR,LUR,2025-01-26,2025-01-27,2,TSE,1335.788330078125,1349.5155029296875,1352.1998291015625,1351.8646240234375,1351.0301513671875
M9_YHUR_SLUR,9,HUR,LUR,2025-01-26,2025-01-27,2,TSEC,88.09271240234375,89.99979400634766,89.87171936035156,90.213134765625,90.05415344238281
M9_YHUR_SLUR,9,HUR,LUR,2025-01-26,2025-01-28,3,Yd,1350.28076171875,1339.2628173828125,1316.3406982421875,1328.9918212890625,1323.3927001953125
M9_YHUR_SLUR,9,HUR,LUR,2025-01-26,2025-01-28,3,TSE,1342.6448974609375,1349.5155029296875,1353.4208984375,1352.4195556640625,1351.6793212890625
M9_YHUR_SLUR,9,HUR,LUR,2025-01-26,2025-01-28,3,TSEC,89.69994354248047,89.99979400634766,89.95916748046875,90.39065551757812,90.06917572021484
M9_YHUR_SLUR,9,HUR,LUR,2025-01-27,2025-01-27,1,Yd,1304.026123046875,1339.2471923828125,1335.1910400390625,1318.9923095703125,1335.077880859375
M9_YHUR_SLUR,9,HUR,LUR,2025-01-27,2025-01-27,1,TSE,1335.788330078125,1349.534423828125,1352.7081298828125,1351.9189453125,1350.3583984375
M9_YHUR_SLUR,9,HUR,LUR,2025-01-27,2025-01-27,1,TSEC,88.09271240234375,90.0006332397461,89.87744140625,90.31107330322266,90.02955627441406
M9_YHUR_SLUR,9,HUR,LUR,2025-01-27,2025-01-28,2,Yd,1350.28076171875,1339.2471923828125,1341.49169921875,1284.530029296875,1327.0758056640625
M9_YHUR_SLUR,9,HUR,LUR,2025-01-27,2025-01-28,2,TSE,1342.6448974609375,1349.534423828125,1356.230224609375,1353.4366455078125,1351.3355712890625
M9_YHUR_SLUR,9,HUR,LUR,2025-01-27,2025-01-28,2,TSEC,89.69994354248047,90.0006332397461,89.9361343383789,90.03580474853516,90.05921173095703
M9_YHUR_SLUR,9,HUR,LUR,2025-01-27,2025-01-29,3,Yd,1438.2974853515625,1339.2471923828125,1308.383056640625,1269.6986083984375,1316.100830078125
M9_YHUR_SLUR,9,HUR,LUR,2025-01-27,2025-01-29,3,TSE,1331.8604736328125,1349.534423828125,1354.2537841796875,1349.5775146484375,1352.1436767578125
M9_YHUR_SLUR,9,HUR,LUR,2025-01-27,2025-01-29,3,TSEC,92.39702606201172,90.0006332397461,89.99365997314453,89.89934539794922,90.06655883789062
M9_YHUR_SLUR,9,HUR,LUR,2025-01-28,2025-01-28,1,Yd,1350.28076171875,1339.20068359375,1353.6375732421875,1254.46044921875,1332.1595458984375
M9_YHUR_SLUR,9,HUR,LUR,2025-01-28,2025-01-28,1,TSE,1342.6448974609375,1349.516357421875,1351.7791748046875,1348.3450927734375,1350.3905029296875
M9_YHUR_SLUR,9,HUR,LUR,2025-01-28,2025-01-28,1,TSEC,89.69994354248047,89.99811553955078,89.92973327636719,90.00899505615234,90.01184844970703
M9_YHUR_SLUR,9,HUR,LUR,2025-01-28,2025-01-29,2,Yd,1438.2974853515625,1339.20068359375,1307.267822265625,1290.9984130859375,1321.6923828125
M9_YHUR_SLUR,9,HUR,LUR,2025-01-28,2025-01-29,2,TSE,1331.8604736328125,1349.516357421875,1349.5062255859375,1346.8955078125,1351.4168701171875
M9_YHUR_SLUR,9,HUR,LUR,2025-01-28,2025-01-29,2,TSEC,92.39702606201172,89.99811553955078,90.0230484008789,90.13861083984375,90.02837371826172
M9_YHUR_SLUR,9,HUR,LUR,2025-01-28,2025-01-30,3,Yd,1261.854248046875,1339.20068359375,1316.6815185546875,1307.8465576171875,1315.8779296875
M9_YHUR_SLUR,9,HUR,LUR,2025-01-28,2025-01-30,3,TSE,1333.004150390625,1349.516357421875,1351.5042724609375,1346.3546142578125,1351.8114013671875
M9_YHUR_SLUR,9,HUR,LUR,2025-01-28,2025-01-30,3,TSEC,91.31156921386719,89.99811553955078,90.03253173828125,90.10140991210938,90.02391052246094
M9_YHUR_SLUR,9,HUR,LUR,2025-01-29,2025-01-29,1,Yd,1438.2974853515625,1339.21533203125,1309.866455078125,1338.2646484375,1327.873779296875
M9_YHUR_SLUR,9,HUR,LUR,2025-01-29,2025-01-29,1,TSE,1331.8604736328125,1349.5072021484375,1350.421630859375,1351.4088134765625,1350.33251953125
M9_YHUR_SLUR,9,HUR,LUR,2025-01-29,2025-01-29,1,TSEC,92.39702606201172,89.99772644042969,90.10243225097656,90.15763092041016,89.99746704101562
M9_YHUR_SLUR,9,HUR,LUR,2025-01-29,2025-01-30,2,Yd,1261.854248046875,1339.21533203125,1329.2998046875,1302.8275146484375,1319.3927001953125
M9_YHUR_SLUR,9,HUR,LUR,2025-01-29,2025-01-30,2,TSE,1333.004150390625,1349.5072021484375,1352.3944091796875,1349.214599609375,1350.9425048828125
M9_YHUR_SLUR,9,HUR,LUR,2025-01-29,2025-01-30,2,TSEC,91.31156921386719,89.99772644042969,90.0116958618164,89.85645294189453,89.99464416503906
M9_YHUR_SLUR,9,HUR,LUR,2025-01-29,2025-01-31,3,Yd,1342.40625,1339.21533203125,1343.6136474609375,1341.460693359375,1314.591796875
M9_YHUR_SLUR,9,HUR,LUR,2025-01-29,2025-01-31,3,TSE,1358.7740478515625,1349.5072021484375,1350.855712890625,1351.3114013671875,1351.3599853515625
M9_YHUR_SLUR,9,HUR,LUR,2025-01-29,2025-01-31,3,TSEC,87.93920135498047,89.99772644042969,89.89457702636719,89.71501922607422,89.9811782836914
M9_YHUR_SLUR,9,HUR,LUR,2025-01-30,2025-01-30,1,Yd,1261.854248046875,1339.345703125,1330.7261962890625,1291.931884765625,1324.506591796875
M9_YHUR_SLUR,9,HUR,LUR,2025-01-30,2025-01-30,1,TSE,1333.004150390625,1349.4840087890625,1348.6710205078125,1351.634521484375,1349.99267578125
M9_YHUR_SLUR,9,HUR,LUR,2025-01-30,2025-01-30,1,TSEC,91.31156921386719,90.00088500976562,90.01907348632812,90.08818817138672,89.96256256103516
M9_YHUR_SLUR,9,HUR,LUR,2025-01-30,2025-01-31,2,Yd,1342.40625,1339.345703125,1329.3946533203125,1302.871337890625,1315.3502197265625
M9_YHUR_SLUR,9,HUR,LUR,2025-01-30,2025-01-31,2,TSE,1358.7740478515625,1349.4840087890625,1349.5150146484375,1351.7618408203125,1350.4755859375
M9_YHUR_SLUR,9,HUR,LUR,2025-01-30,2025-01-31,2,TSEC,87.93920135498047,90.00088500976562,90.02775573730469,89.7822494506836,89.94744873046875
M9_YHUR_SLUR,9,HUR,LUR,2025-01-30,2025-02-01,3,Yd,1136.71728515625,1339.345703125,1329.03076171875,1329.8692626953125,1312.87841796875
M9_YHUR_SLUR,9,HUR,LUR,2025-01-30,2025-02-01,3,TSE,1339.6009521484375,1349.4840087890625,1349.492919921875,1353.010986328125,1350.745849609375
M9_YHUR_SLUR,9,HUR,LUR,2025-01-30,2025-02-01,3,TSEC,90.23777770996094,90.00088500976562,89.98475646972656,89.88288116455078,89.94990539550781
M9_YHUR_SLUR,9,HUR,LUR,2025-01-31,2025-01-31,1,Yd,1342.40625,1339.243896484375,1324.603515625,1288.3157958984375,1326.7340087890625
M9_YHUR_SLUR,9,HUR,LUR,2025-01-31,2025-01-31,1,TSE,1358.7740478515625,1349.46240234375,1348.420166015625,1348.1781005859375,1349.870361328125
M9_YHUR_SLUR,9,HUR,LUR,2025-01-31,2025-01-31,1,TSEC,87.93920135498047,90.00260925292969,90.08478546142578,89.900634765625,89.95161437988281
M9_YHUR_SLUR,9,HUR,LUR,2025-01-31,2025-02-01,2,Yd,1136.71728515625,1339.243896484375,1331.8299560546875,1293.8634033203125,1320.5589599609375
M9_YHUR_SLUR,9,HUR,LUR,2025-01-31,2025-02-01,2,TSE,1339.6009521484375,1349.46240234375,1345.6761474609375,1351.3170166015625,1350.23291015625
M9_YHUR_SLUR,9,HUR,LUR,2025-01-31,2025-02-01,2,TSEC,90.23777770996094,90.00260925292969,90.023681640625,89.97109985351562,89.95101165771484
M9_YHUR_SLUR,9,HUR,LUR,2025-01-31,2025-02-02,3,Yd,1341.80322265625,1339.243896484375,1341.5877685546875,1336.7005615234375,1320.6109619140625
M9_YHUR_SLUR,9,HUR,LUR,2025-01-31,2025-02-02,3,TSE,1342.20556640625,1349.46240234375,1349.166259765625,1352.633544921875,1350.5028076171875
M9_YHUR_SLUR,9,HUR,LUR,2025-01-31,2025-02-02,3,TSEC,89.60442352294922,90.00260925292969,90.01774597167969,89.88458251953125,89.97190856933594
M9_YHUR_SLUR,9,HUR,LUR,2025-02-01,2025-02-01,1,Yd,1136.71728515625,1339.248046875,1333.6439208984375,1288.33544921875,1332.138916015625
M9_YHUR_SLUR,9,HUR,LUR,2025-02-01,2025-02-01,1,TSE,1339.6009521484375,1349.474609375,1347.6551513671875,1348.5987548828125,1349.8818359375
M9_YHUR_SLUR,9,HUR,LUR,2025-02-01,2025-02-01,1,TSEC,90.23777770996094,89.9999008178711,89.97813415527344,89.90322875976562,89.97938537597656
M9_YHUR_SLUR,9,HUR,LUR,2025-02-01,2025-02-02,2,Yd,1341.80322265625,1339.248046875,1342.5859375,1345.09326171875,1329.9439697265625
M9_YHUR_SLUR,9,HUR,LUR,2025-02-01,2025-02-02,2,TSE,1342.20556640625,1349.474609375,1349.9730224609375,1349.842041015625,1350.4080810546875
M9_YHUR_SLUR,9,HUR,LUR,2025-02-01,2025-02-02,2,TSEC,89.60442352294922,89.9999008178711,90.08692169189453,89.98257446289062,90.00332641601562
M9_YHUR_SLUR,9,HUR,LUR,2025-02-01,2025-02-03,3,Yd,1449.0621337890625,1339.248046875,1332.91455078125,1334.6466064453125,1326.8663330078125
M9_YHUR_SLUR,9,HUR,LUR,2025-02-01,2025-02-03,3,TSE,1342.598388671875,1349.474609375,1348.4893798828125,1349.903564453125,1350.8399658203125
M9_YHUR_SLUR,9,HUR,LUR,2025-02-01,2025-02-03,3,TSEC,90.22916412353516,89.9999008178711,89.96082305908203,89.86769104003906,90.02229309082031
M9_YHUR_SLUR,9,HUR,LUR,2025-02-02,2025-02-02,1,Yd,1341.80322265625,1338.982666015625,1338.95947265625,1295.5565185546875,1335.718017578125
M9_YHUR_SLUR,9,HUR,LUR,2025-02-02,2025-02-02,1,TSE,1342.20556640625,1349.461669921875,1350.1795654296875,1350.1461181640625,1350.12548828125
M9_YHUR_SLUR,9,HUR,LUR,2025-02-02,2025-02-02,1,TSEC,89.60442352294922,90.00020599365234,90.05846405029297,89.892578125,90.00390625
M9_YHUR_SLUR,9,HUR,LUR,2025-02-02,2025-02-03,2,Yd,1449.0621337890625,1338.982666015625,1336.220458984375,1346.403564453125,1331.9288330078125
M9_YHUR_SLUR,9,HUR,LUR,2025-02-02,2025-02-03,2,TSE,1342.598388671875,1349.461669921875,1348.197021484375,1352.1016845703125,1350.7655029296875
M9_YHUR_SLUR,9,HUR,LUR,2025-02-02,2025-02-03,2,TSEC,90.22916412353516,90.00020599365234,89.8587417602539,90.02657318115234,90.02442932128906
M9_YHUR_SLUR,9,HUR,LUR,2025-02-02,2025-02-04,3,Yd,1231.84228515625,1338.982666015625,1327.060546875,1277.3155517578125,1325.2857666015625
M9_YHUR_SLUR,9,HUR,LUR,2025-02-02,2025-02-04,3,TSE,1342.010498046875,1349.461669921875,1351.474853515625,1351.140869140625,1351.3590087890625
M9_YHUR_SLUR,9,HUR,LUR,2025-02-02,2025-02-04,3,TSEC,89.28034210205078,90.00020599365234,90.05651092529297,90.08631896972656,90.03246307373047
M9_YHUR_SLUR,9,HUR,LUR,2025-02-03,2025-02-03,1,Yd,1449.0621337890625,1338.9862060546875,1332.14306640625,1296.168212890625,1335.3673095703125
M9_YHUR_SLUR,9,HUR,LUR,2025-02-03,2025-02-03,1,TSE,1342.598388671875,1349.4521484375,1349.2720947265625,1346.3670654296875,1350.193359375
M9_YHUR_SLUR,9,HUR,LUR,2025-02-03,2025-02-03,1,TSEC,90.22916412353516,89.99969482421875,89.87543487548828,89.9249038696289,90.00454711914062
M9_YHUR_SLUR,9,HUR,LUR,2025-02-03,2025-02-04,2,Yd,1231.84228515625,1338.9862060546875,1341.634765625,1290.14599609375,1328.3599853515625
M9_YHUR_SLUR,9,HUR,LUR,2025-02-03,2025-02-04,2,TSE,1342.010498046875,1349.4521484375,1348.8870849609375,1349.5615234375,1351.0340576171875
M9_YHUR_SLUR,9,HUR,LUR,2025-02-03,2025-02-04,2,TSEC,89.28034210205078,89.99969482421875,90.107666015625,90.13166046142578,90.01746368408203
M9_YHUR_SLUR,9,HUR,LUR,2025-02-03,2025-02-05,3,Yd,1371.8729248046875,1338.9862060546875,1312.0335693359375,1301.1292724609375,1319.5587158203125
M9_YHUR_SLUR,9,HUR,LUR,2025-02-03,2025-02-05,3,TSE,1364.7093505859375,1349.4521484375,1350.494140625,1350.376708984375,1351.8125
M9_YHUR_SLUR,9,HUR,LUR,2025-02-03,2025-02-05,3,TSEC,89.25422668457031,89.99969482421875,90.1376724243164,90.0602798461914,90.01165771484375
M9_YHUR_SLUR,9,HUR,LUR,2025-02-04,2025-02-04,1,Yd,1231.84228515625,1339.130126953125,1343.39111328125,1274.5203857421875,1331.0733642578125
M9_YHUR_SLUR,9,HUR,LUR,2025-02-04,2025-02-04,1,TSE,1342.010498046875,1349.443115234375,1348.87939453125,1349.53125,1350.3192138671875
M9_YHUR_SLUR,9,HUR,LUR,2025-02-04,2025-02-04,1,TSEC,89.28034210205078,89.99999237060547,90.1036605834961,90.15330505371094,89.99568176269531
M9_YHUR_SLUR,9,HUR,LUR,2025-02-04,2025-02-05,2,Yd,1371.8729248046875,1339.130126953125,1318.4049072265625,1273.9835205078125,1321.777587890625
M9_YHUR_SLUR,9,HUR,LUR,2025-02-04,2025-02-05,2,TSE,1364.7093505859375,1349.443115234375,1350.051025390625,1352.5595703125,1351.1334228515625
M9_YHUR_SLUR,9,HUR,LUR,2025-02-04,2025-02-05,2,TSEC,89.25422668457031,89.99999237060547,90.1118392944336,89.92544555664062,89.99418640136719
M9_YHUR_SLUR,9,HUR,LUR,2025-02-04,2025-02-06,3,Yd,1231.20556640625,1339.130126953125,1324.325927734375,1324.1029052734375,1314.8900146484375
M9_YHUR_SLUR,9,HUR,LUR,2025-02-04,2025-02-06,3,TSE,1359.960693359375,1349.443115234375,1347.5340576171875,1352.66064453125,1351.4713134765625
M9_YHUR_SLUR,9,HUR,LUR,2025-02-04,2025-02-06,3,TSEC,91.52918243408203,89.99999237060547,90.03253936767578,89.93488311767578,89.97994995117188
M9_YHUR_SLUR,9,HUR,LUR,2025-02-05,2025-02-05,1,Yd,1371.8729248046875,1338.9901123046875,1327.76953125,1306.4205322265625,1328.105712890625
M9_YHUR_SLUR,9,HUR,LUR,2025-02-05,2025-02-05,1,TSE,1364.7093505859375,1349.4334716796875,1345.2498779296875,1351.2388916015625,1350.240478515625
M9_YHUR_SLUR,9,HUR,LUR,2025-02-05,2025-02-05,1,TSEC,89.25422668457031,89.99905395507812,90.11988830566406,90.19100952148438,89.98239135742188
M9_YHUR_SLUR,9,HUR,LUR,2025-02-05,2025-02-06,2,Yd,1231.20556640625,1338.9901123046875,1336.273193359375,1293.6043701171875,1319.2677001953125
M9_YHUR_SLUR,9,HUR,LUR,2025-02-05,2025-02-06,2,TSE,1359.960693359375,1349.4334716796875,1346.582275390625,1351.7381591796875,1350.777099609375
M9_YHUR_SLUR,9,HUR,LUR,2025-02-05,2025-02-06,2,TSEC,91.52918243408203,89.99905395507812,90.05734252929688,90.08161163330078,89.97480773925781
M9_YHUR_SLUR,9,HUR,LUR,2025-02-05,2025-02-07,3,Yd,1149.1378173828125,1338.9901123046875,1329.29248046875,1324.53515625,1314.75
M9_YHUR_SLUR,9,HUR,LUR,2025-02-05,2025-02-07,3,TSE,1332.1375732421875,1349.4334716796875,1344.6572265625,1348.931396484375,1351.0347900390625
M9_YHUR_SLUR,9,HUR,LUR,2025-02-05,2025-02-07,3,TSEC,88.90361785888672,89.99905395507812,89.71472930908203,89.88249206542969,89.95906066894531
M9_YHUR_SLUR,9,HUR,LUR,2025-02-06,2025-02-06,1,Yd,1231.20556640625,1339.032958984375,1337.2615966796875,1344.499755859375,1326.8756103515625
M9_YHUR_SLUR,9,HUR,LUR,2025-02-06,2025-02-06,1,TSE,1359.960693359375,1349.453369140625,1347.0789794921875,1350.9923095703125,1350.091064453125
M9_YHUR_SLUR,9,HUR,LUR,2025-02-06,2025-02-06,1,TSEC,91.52918243408203,89.99808502197266,90.01768493652344,89.94559478759766,89.97479248046875
M9_YHUR_SLUR,9,HUR,LUR,2025-02-06,2025-02-07,2,Yd,1149.1378173828125,1339.032958984375,1324.66650390625,1315.1429443359375,1319.97314453125
M9_YHUR_SLUR,9,HUR,LUR,2025-02-06,2025-02-07,2,TSE,1332.1375732421875,1349.453369140625,1351.1201171875,1347.5408935546875,1350.6416015625
M9_YHUR_SLUR,9,HUR,LUR,2025-02-06,2025-02-07,2,TSEC,88.90361785888672,89.99808502197266,89.7114486694336,89.68710327148438,89.96682739257812
M9_YHUR_SLUR,9,HUR,LUR,2025-02-06,2025-02-08,3,Yd,1274.5289306640625,1339.032958984375,1347.1173095703125,1340.417236328125,1318.9139404296875
M9_YHUR_SLUR,9,HUR,LUR,2025-02-06,2025-02-08,3,TSE,1342.873779296875,1349.453369140625,1348.6143798828125,1348.892578125,1350.9954833984375
M9_YHUR_SLUR,9,HUR,LUR,2025-02-06,2025-02-08,3,TSEC,90.02901458740234,89.99808502197266,90.00405883789062,89.73223876953125,89.9763412475586
M9_YHUR_SLUR,9,HUR,LUR,2025-02-07,2025-02-07,1,Yd,1149.1378173828125,1338.892578125,1329.84814453125,1305.43359375,1327.3258056640625
M9_YHUR_SLUR,9,HUR,LUR,2025-02-07,2025-02-07,1,TSE,1332.1375732421875,1349.4671630859375,1348.9488525390625,1348.2481689453125,1350.044921875
M9_YHUR_SLUR,9,HUR,LUR,2025-02-07,2025-02-07,1,TSEC,88.90361785888672,90.00006866455078,89.728515625,89.78079223632812,89.97392272949219
M9_YHUR_SLUR,9,HUR,LUR,2025-02-07,2025-02-08,2,Yd,1274.5289306640625,1338.892578125,1339.490966796875,1297.1724853515625,1322.2911376953125
M9_YHUR_SLUR,9,HUR,LUR,2025-02-07,2025-02-08,2,TSE,1342.873779296875,1349.4671630859375,1347.58447265625,1351.355224609375,1350.6767578125
M9_YHUR_SLUR,9,HUR,LUR,2025-02-07,2025-02-08,2,TSEC,90.02901458740234,90.00006866455078,89.8855972290039,89.73275756835938,89.98841094970703
M9_YHUR_SLUR,9,HUR,LUR,2025-02-07,2025-02-09,3,Yd,1472.34716796875,1338.892578125,1331.4384765625,1299.4415283203125,1322.924560546875
M9_YHUR_SLUR,9,HUR,LUR,2025-02-07,2025-02-09,3,TSE,1350.65771484375,1349.4671630859375,1350.0029296875,1350.1663818359375,1351.17138671875
M9_YHUR_SLUR,9,HUR,LUR,2025-02-07,2025-02-09,3,TSEC,89.37544250488281,90.00006866455078,89.98381805419922,89.7740249633789,90.0238037109375
M9_YHUR_SLUR,9,HUR,LUR,2025-02-08,2025-02-08,1,Yd,1274.5289306640625,1338.645751953125,1346.633056640625,1270.5377197265625,1332.703125
M9_YHUR_SLUR,9,HUR,LUR,2025-02-08,2025-02-08,1,TSE,1342.873779296875,1349.444580078125,1349.4915771484375,1344.8817138671875,1350.0513916015625
M9_YHUR_SLUR,9,HUR,LUR,2025-02-08,2025-02-08,1,TSEC,90.02901458740234,89.99864196777344,90.02973937988281,89.98729705810547,89.98677062988281
M9_YHUR_SLUR,9,HUR,LUR,2025-02-08,2025-02-09,2,Yd,1472.34716796875,1338.645751953125,1317.786865234375,1299.4825439453125,1330.2381591796875
M9_YHUR_SLUR,9,HUR,LUR,2025-02-08,2025-02-09,2,TSE,1350.65771484375,1349.444580078125,1347.8052978515625,1352.1512451171875,1350.772705078125
M9_YHUR_SLUR,9,HUR,LUR,2025-02-08,2025-02-09,2,TSEC,89.37544250488281,89.99864196777344,90.11312866210938,90.32923889160156,90.01516723632812
M9_YHUR_SLUR,9,HUR,LUR,2025-02-08,2025-02-10,3,Yd,1413.3399658203125,1338.645751953125,1325.558837890625,1308.0941162109375,1327.5867919921875
M9_YHUR_SLUR,9,HUR,LUR,2025-02-08,2025-02-10,3,TSE,1359.0780029296875,1349.444580078125,1350.314453125,1351.359619140625,1351.2618408203125
M9_YHUR_SLUR,9,HUR,LUR,2025-02-08,2025-02-10,3,TSEC,89.60649871826172,89.99864196777344,89.99500274658203,90.1312484741211,90.03524017333984
M9_YHUR_SLUR,9,HUR,LUR,2025-02-09,2025-02-09,1,Yd,1472.34716796875,1338.5626220703125,1347.8150634765625,1280.12353515625,1334.9510498046875
M9_YHUR_SLUR,9,HUR,LUR,2025-02-09,2025-02-09,1,TSE,1350.65771484375,1349.43603515625,1349.1588134765625,1347.8671875,1350.260498046875
M9_YHUR_SLUR,9,HUR,LUR,2025-02-09,2025-02-09,1,TSEC,89.37544250488281,89.9986801147461,90.04893493652344,90.10972595214844,90.00738525390625
M9_YHUR_SLUR,9,HUR,LUR,2025-02-09,2025-02-10,2,Yd,1413.3399658203125,1338.5626220703125,1345.7550048828125,1301.5748291015625,1330.834228515625
M9_YHUR_SLUR,9,HUR,LUR,2025-02-09,2025-02-10,2,TSE,1359.0780029296875,1349.43603515625,1348.758056640625,1348.1923828125,1351.00341796875
M9_YHUR_SLUR,9,HUR,LUR,2025-02-09,2025-02-10,2,TSEC,89.60649871826172,89.9986801147461,89.88507843017578,90.04146575927734,90.02898406982422
M9_YHUR_SLUR,9,HUR,LUR,2025-02-09,2025-02-11,3,Yd,1610.7093505859375,1338.5626220703125,1342.0943603515625,1298.363525390625,1324.305419921875
M9_YHUR_SLUR,9,HUR,LUR,2025-02-09,2025-02-11,3,TSE,1355.20068359375,1349.43603515625,1349.2742919921875,1350.7127685546875,1351.655517578125
M9_YHUR_SLUR,9,HUR,LUR,2025-02-09,2025-02-11,3,TSEC,92.15296173095703,89.9986801147461,90.05558776855469,90.04126739501953,90.03759765625
M9_YHUR_SLUR,9,HUR,LUR,2025-02-10,2025-02-10,1,Yd,1413.3399658203125,1338.736083984375,1328.8887939453125,1267.86083984375,1334.3082275390625
M9_YHUR_SLUR,9,HUR,LUR,2025-02-10,2025-02-10,1,TSE,1359.0780029296875,1349.4376220703125,1348.9422607421875,1350.1923828125,1350.276611328125
M9_YHUR_SLUR,9,HUR,LUR,2025-02-10,2025-02-10,1,TSEC,89.60649871826172,89.99787139892578,89.87076568603516,89.908447265625,90.0083999633789
M9_YHUR_SLUR,9,HUR,LUR,2025-02-10,2025-02-11,2,Yd,1610.7093505859375,1338.736083984375,1328.337646484375,1310.29248046875,1326.341796875
M9_YHUR_SLUR,9,HUR,LUR,2025-02-10,2025-02-11,2,TSE,1355.20068359375,1349.4376220703125,1349.5421142578125,1353.31884765625,1351.1912841796875
M9_YHUR_SLUR,9,HUR,LUR,2025-02-10,2025-02-11,2,TSEC,92.15296173095703,89.99787139892578,90.07256317138672,90.05272674560547,90.02458190917969
M9_YHUR_SLUR,9,HUR,LUR,2025-02-10,2025-02-12,3,Yd,1396.0904541015625,1338.736083984375,1326.9002685546875,1335.2799072265625,1316.9521484375
M9_YHUR_SLUR,9,HUR,LUR,2025-02-10,2025-02-12,3,TSE,1347.31787109375,1349.4376220703125,1349.09375,1355.1085205078125,1351.993896484375
M9_YHUR_SLUR,9,HUR,LUR,2025-02-10,2025-02-12,3,TSEC,89.5969009399414,89.99787139892578,90.10115814208984,90.18940734863281,90.01850128173828
M9_YHUR_SLUR,9,HUR,LUR,2025-02-11,2025-02-11,1,Yd,1610.7093505859375,1338.832763671875,1337.840576171875,1311.22021484375,1330.201904296875
M9_YHUR_SLUR,9,HUR,LUR,2025-02-11,2025-02-11,1,TSE,1355.20068359375,1349.4500732421875,1349.4501953125,1350.25341796875,1350.44677734375
M9_YHUR_SLUR,9,HUR,LUR,2025-02-11,2025-02-11,1,TSEC,92.15296173095703,89.99736785888672,90.08441925048828,90.13897705078125,90.00751495361328
M9_YHUR_SLUR,9,HUR,LUR,2025-02-11,2025-02-12,2,Yd,1396.0904541015625,1338.832763671875,1329.0052490234375,1311.6175537109375,1319.7001953125
M9_YHUR_SLUR,9,HUR,LUR,2025-02-11,2025-02-12,2,TSE,1347.31787109375,1349.4500732421875,1349.466796875,1351.2794189453125,1351.3824462890625
M9_YHUR_SLUR,9,HUR,LUR,2025-02-11,2025-02-12,2,TSEC,89.5969009399414,89.99736785888672,90.12907409667969,90.03630065917969,90.01627349853516
M9_YHUR_SLUR,9,HUR,LUR,2025-02-11,2025-02-13,3,Yd,1445.8427734375,1338.832763671875,1336.070556640625,1332.626953125,1313.4493408203125
M9_YHUR_SLUR,9,HUR,LUR,2025-02-11,2025-02-13,3,TSE,1341.1007080078125,1349.4500732421875,1349.8837890625,1352.044921875,1351.7196044921875
M9_YHUR_SLUR,9,HUR,LUR,2025-02-11,2025-02-13,3,TSEC,89.72685241699219,89.99736785888672,90.06756591796875,89.97655487060547,90.00852966308594
M9_YHUR_SLUR,9,HUR,LUR,2025-02-12,2025-02-12,1,Yd,1396.0904541015625,1339.1844482421875,1326.2259521484375,1307.120849609375,1325.4981689453125
M9_YHUR_SLUR,9,HUR,LUR,2025-02-12,2025-02-12,1,TSE,1347.31787109375,1349.45751953125,1348.56982421875,1352.7796630859375,1350.2940673828125
M9_YHUR_SLUR,9,HUR,LUR,2025-02-12,2025-02-12,1,TSEC,89.5969009399414,90.00016021728516,90.17974090576172,90.01873016357422,89.98870086669922
M9_YHUR_SLUR,9,HUR,LUR,2025-02-12,2025-02-13,2,Yd,1445.8427734375,1339.1844482421875,1340.3167724609375,1304.5440673828125,1313.5950927734375
M9_YHUR_SLUR,9,HUR,LUR,2025-02-12,2025-02-13,2,TSE,1341.1007080078125,1349.45751953125,1349.7899169921875,1351.248291015625,1350.9254150390625
M9_YHUR_SLUR,9,HUR,LUR,2025-02-12,2025-02-13,2,TSEC,89.72685241699219,90.00016021728516,90.03038024902344,89.79987335205078,89.98345947265625
M9_YHUR_SLUR,9,HUR,LUR,2025-02-12,2025-02-14,3,Yd,1562.7625732421875,1339.1844482421875,1328.959716796875,1338.48486328125,1304.828125
M9_YHUR_SLUR,9,HUR,LUR,2025-02-12,2025-02-14,3,TSE,1326.9033203125,1349.45751953125,1348.854736328125,1351.656005859375,1351.3270263671875
M9_YHUR_SLUR,9,HUR,LUR,2025-02-12,2025-02-14,3,TSEC,90.64356994628906,90.00016021728516,89.73638153076172,89.84565734863281,89.97604370117188
M9_YHUR_SLUR,9,HUR,LUR,2025-02-13,2025-02-13,1,Yd,1445.8427734375,1339.2579345703125,1344.1424560546875,1317.1949462890625,1324.4964599609375
M9_YHUR_SLUR,9,HUR,LUR,2025-02-13,2025-02-13,1,TSE,1341.1007080078125,1349.454833984375,1349.9486083984375,1351.2198486328125,1350.0673828125
M9_YHUR_SLUR,9,HUR,LUR,2025-02-13,2025-02-13,1,TSEC,89.72685241699219,89.9996337890625,89.99829864501953,90.11146545410156,89.97228240966797
M9_YHUR_SLUR,9,HUR,LUR,2025-02-13,2025-02-14,2,Yd,1562.7625732421875,1339.2579345703125,1326.73828125,1337.620849609375,1313.91845703125
M9_YHUR_SLUR,9,HUR,LUR,2025-02-13,2025-02-14,2,TSE,1326.9033203125,1349.454833984375,1349.1995849609375,1350.408935546875,1350.5604248046875
M9_YHUR_SLUR,9,HUR,LUR,2025-02-13,2025-02-14,2,TSEC,90.64356994628906,89.9996337890625,89.72071838378906,89.94267272949219,89.97080993652344
M9_YHUR_SLUR,9,HUR,LUR,2025-02-13,2025-02-15,3,Yd,1729.448974609375,1339.2579345703125,1351.9161376953125,1367.8060302734375,1310.1353759765625
M9_YHUR_SLUR,9,HUR,LUR,2025-02-13,2025-02-15,3,TSE,1323.5294189453125,1349.454833984375,1347.955810546875,1348.0826416015625,1350.9022216796875
M9_YHUR_SLUR,9,HUR,LUR,2025-02-13,2025-02-15,3,TSEC,89.9819107055664,89.9996337890625,89.96885681152344,89.8519058227539,89.98123168945312
M9_YHUR_SLUR,9,HUR,LUR,2025-02-14,2025-02-14,1,Yd,1562.7625732421875,1339.3955078125,1343.8843994140625,1318.442626953125,1326.2672119140625
M9_YHUR_SLUR,9,HUR,LUR,2025-02-14,2025-02-14,1,TSE,1326.9033203125,1349.4439697265625,1349.507080078125,1348.746826171875,1349.920166015625
M9_YHUR_SLUR,9,HUR,LUR,2025-02-14,2025-02-14,1,TSEC,90.64356994628906,89.99928283691406,89.704345703125,90.00183868408203,89.96917724609375
M9_YHUR_SLUR,9,HUR,LUR,2025-02-14,2025-02-15,2,Yd,1729.448974609375,1339.3955078125,1318.0086669921875,1331.3671875,1319.2802734375
M9_YHUR_SLUR,9,HUR,LUR,2025-02-14,2025-02-15,2,TSE,1323.5294189453125,1349.4439697265625,1348.014404296875,1345.2733154296875,1350.3670654296875
M9_YHUR_SLUR,9,HUR,LUR,2025-02-14,2025-02-15,2,TSEC,89.9819107055664,89.99928283691406,89.97062683105469,89.64197540283203,89.98079681396484
M9_YHUR_SLUR,9,HUR,LUR,2025-02-14,2025-02-16,3,Yd,1305.5394287109375,1339.3955078125,1352.1815185546875,1329.009521484375,1317.9459228515625
M9_YHUR_SLUR,9,HUR,LUR,2025-02-14,2025-02-16,3,TSE,1340.3902587890625,1349.4439697265625,1349.3714599609375,1346.383544921875,1350.6695556640625
M9_YHUR_SLUR,9,HUR,LUR,2025-02-14,2025-02-16,3,TSEC,89.98995208740234,89.99928283691406,90.01668548583984,89.74951171875,90.00735473632812
M9_YHUR_SLUR,9,HUR,LUR,2025-02-15,2025-02-15,1,Yd,1729.448974609375,1339.683349609375,1317.8741455078125,1305.1605224609375,1329.9862060546875
M9_YHUR_SLUR,9,HUR,LUR,2025-02-15,2025-02-15,1,TSE,1323.5294189453125,1349.4149169921875,1348.364501953125,1348.537841796875,1349.8482666015625
M9_YHUR_SLUR,9,HUR,LUR,2025-02-15,2025-02-15,1,TSEC,89.9819107055664,90.0001220703125,90.0062255859375,89.919189453125,89.97582244873047
M9_YHUR_SLUR,9,HUR,LUR,2025-02-15,2025-02-16,2,Yd,1305.5394287109375,1339.683349609375,1354.208984375,1310.7081298828125,1325.0411376953125
M9_YHUR_SLUR,9,HUR,LUR,2025-02-15,2025-02-16,2,TSE,1340.3902587890625,1349.4149169921875,1348.551513671875,1348.6754150390625,1350.27880859375
M9_YHUR_SLUR,9,HUR,LUR,2025-02-15,2025-02-16,2,TSEC,89.98995208740234,90.0001220703125,89.985107421875,89.77484893798828,89.99594116210938
M9_YHUR_SLUR,9,HUR,LUR,2025-02-15,2025-02-17,3,Yd,1171.7392578125,1339.683349609375,1339.229736328125,1311.191162109375,1320.6278076171875
M9_YHUR_SLUR,9,HUR,LUR,2025-02-15,2025-02-17,3,TSE,1345.299072265625,1349.4149169921875,1347.993408203125,1350.81640625,1350.6263427734375
M9_YHUR_SLUR,9,HUR,LUR,2025-02-15,2025-02-17,3,TSEC,89.72140502929688,90.0001220703125,90.00492095947266,89.9110107421875,90.0107650756836
M9_YHUR_SLUR,9,HUR,LUR,2025-02-16,2025-02-16,1,Yd,1305.5394287109375,1340.1849365234375,1324.6077880859375,1311.9444580078125,1333.0975341796875
M9_YHUR_SLUR,9,HUR,LUR,2025-02-16,2025-02-16,1,TSE,1340.3902587890625,1349.381591796875,1347.1734619140625,1350.84619140625,1349.829345703125
M9_YHUR_SLUR,9,HUR,LUR,2025-02-16,2025-02-16,1,TSEC,89.98995208740234,90.00009155273438,90.0790023803711,89.81902313232422,89.98707580566406
M9_YHUR_SLUR,9,HUR,LUR,2025-02-16,2025-02-17,2,Yd,1171.7392578125,1340.1849365234375,1342.27734375,1313.3521728515625,1326.9503173828125
M9_YHUR_SLUR,9,HUR,LUR,2025-02-16,2025-02-17,2,TSE,1345.299072265625,1349.381591796875,1348.3306884765625,1349.4964599609375,1350.2830810546875
M9_YHUR_SLUR,9,HUR,LUR,2025-02-16,2025-02-17,2,TSEC,89.72140502929688,90.00009155273438,89.98371887207031,89.93984985351562,89.9959716796875
M9_YHUR_SLUR,9,HUR,LUR,2025-02-16,2025-02-18,3,Yd,1616.8447265625,1340.1849365234375,1324.67919921875,1333.083984375,1320.1776123046875
M9_YHUR_SLUR,9,HUR,LUR,2025-02-16,2025-02-18,3,TSE,1352.4842529296875,1349.381591796875,1348.2935791015625,1351.224853515625,1350.605224609375
M9_YHUR_SLUR,9,HUR,LUR,2025-02-16,2025-02-18,3,TSEC,90.54782104492188,90.00009155273438,90.12611389160156,89.97154998779297,89.98805236816406
M9_YHUR_SLUR,9,HUR,LUR,2025-02-17,2025-02-17,1,Yd,1171.7392578125,1340.140380859375,1346.267578125,1307.54150390625,1332.2066650390625
M9_YHUR_SLUR,9,HUR,LUR,2025-02-17,2025-02-17,1,TSE,1345.299072265625,1349.3699951171875,1340.052490234375,1349.701171875,1349.9591064453125
M9_YHUR_SLUR,9,HUR,LUR,2025-02-17,2025-02-17,1,TSEC,89.72140502929688,90.00008392333984,89.93936920166016,89.91305541992188,89.98908996582031
M9_YHUR_SLUR,9,HUR,LUR,2025-02-17,2025-02-18,2,Yd,1616.8447265625,1340.140380859375,1341.433349609375,1313.042236328125,1324.031982421875
M9_YHUR_SLUR,9,HUR,LUR,2025-02-17,2025-02-18,2,TSE,1352.4842529296875,1349.3699951171875,1342.2406005859375,1350.6068115234375,1350.531982421875
M9_YHUR_SLUR,9,HUR,LUR,2025-02-17,2025-02-18,2,TSEC,90.54782104492188,90.00008392333984,90.14610290527344,89.81829833984375,89.98484802246094
M9_YHUR_SLUR,9,HUR,LUR,2025-02-17,2025-02-19,3,Yd,1210.63623046875,1340.140380859375,1318.4339599609375,1304.1776123046875,1316.917236328125
M9_YHUR_SLUR,9,HUR,LUR,2025-02-17,2025-02-19,3,TSE,1351.3170166015625,1349.3699951171875,1340.9241943359375,1351.2999267578125,1350.87890625
M9_YHUR_SLUR,9,HUR,LUR,2025-02-17,2025-02-19,3,TSEC,90.62594604492188,90.00008392333984,90.14389038085938,89.98157501220703,89.96774291992188
M9_YHUR_SLUR,9,HUR,LUR,2025-02-18,2025-02-18,1,Yd,1616.8447265625,1339.92431640625,1329.6971435546875,1273.6236572265625,1329.8499755859375
M9_YHUR_SLUR,9,HUR,LUR,2025-02-18,2025-02-18,1,TSE,1352.4842529296875,1349.3648681640625,1348.624267578125,1346.9217529296875,1350.1212158203125
M9_YHUR_SLUR,9,HUR,LUR,2025-02-18,2025-02-18,1,TSEC,90.54782104492188,89.99971771240234,90.1318359375,90.01437377929688,89.98384857177734
M9_YHUR_SLUR,9,HUR,LUR,2025-02-18,2025-02-19,2,Yd,1210.63623046875,1339.92431640625,1331.8465576171875,1277.2847900390625,1320.926513671875
M9_YHUR_SLUR,9,HUR,LUR,2025-02-18,2025-02-19,2,TSE,1351.3170166015625,1349.3648681640625,1348.1002197265625,1346.656982421875,1350.7183837890625
M9_YHUR_SLUR,9,HUR,LUR,2025-02-18,2025-02-19,2,TSEC,90.62594604492188,89.99971771240234,90.13939666748047,89.85465240478516,89.97410583496094
M9_YHUR_SLUR,9,HUR,LUR,2025-02-18,2025-02-20,3,Yd,1443.304443359375,1339.92431640625,1337.839599609375,1296.008056640625,1314.7930908203125
M9_YHUR_SLUR,9,HUR,LUR,2025-02-18,2025-02-20,3,TSE,1348.811767578125,1349.3648681640625,1349.1199951171875,1346.3804931640625,1350.970947265625
M9_YHUR_SLUR,9,HUR,LUR,2025-02-18,2025-02-20,3,TSEC,90.09281921386719,89.99971771240234,90.06533813476562,89.8546142578125,89.9607162475586
M9_YHUR_SLUR,9,HUR,LUR,2025-02-19,2025-02-19,1,Yd,1210.63623046875,1340.279296875,1331.682373046875,1303.2904052734375,1327.6549072265625
M9_YHUR_SLUR,9,HUR,LUR,2025-02-19,2025-02-19,1,TSE,1351.3170166015625,1349.368896484375,1347.6561279296875,1350.3475341796875,1350.1109619140625
M9_YHUR_SLUR,9,HUR,LUR,2025-02-19,2025-02-19,1,TSEC,90.62594604492188,90.00041961669922,90.1346435546875,89.903564453125,89.97639465332031
M9_YHUR_SLUR,9,HUR,LUR,2025-02-19,2025-02-20,2,Yd,1443.304443359375,1340.279296875,1339.98291015625,1294.67578125,1317.9078369140625
M9_YHUR_SLUR,9,HUR,LUR,2025-02-19,2025-02-20,2,TSE,1348.811767578125,1349.368896484375,1348.8699951171875,1351.5458984375,1350.5924072265625
M9_YHUR_SLUR,9,HUR,LUR,2025-02-19,2025-02-20,2,TSEC,90.09281921386719,90.00041961669922,90.04618835449219,89.76396942138672,89.96588897705078
M9_YHUR_SLUR,9,HUR,LUR,2025-02-19,2025-02-21,3,Yd,1409.587646484375,1340.279296875,1329.1287841796875,1313.291015625,1310.9169921875
M9_YHUR_SLUR,9,HUR,LUR,2025-02-19,2025-02-21,3,TSE,1359.129638671875,1349.368896484375,1348.47412109375,1349.059326171875,1350.8133544921875
M9_YHUR_SLUR,9,HUR,LUR,2025-02-19,2025-02-21,3,TSEC,89.96041107177734,90.00041961669922,89.72020721435547,89.81578826904297,89.95166778564453
M9_YHUR_SLUR,9,HUR,LUR,2025-02-20,2025-02-20,1,Yd,1443.304443359375,1340.11328125,1328.529296875,1296.611328125,1325.0716552734375
M9_YHUR_SLUR,9,HUR,LUR,2025-02-20,2025-02-20,1,TSE,1348.811767578125,1349.371337890625,1349.0614013671875,1349.844970703125,1350.031494140625
M9_YHUR_SLUR,9,HUR,LUR,2025-02-20,2025-02-20,1,TSEC,90.09281921386719,90.001220703125,90.01914978027344,89.99285888671875,89.96452331542969
M9_YHUR_SLUR,9,HUR,LUR,2025-02-20,2025-02-21,2,Yd,1409.587646484375,1340.11328125,1314.7894287109375,1285.4227294921875,1315.4056396484375
M9_YHUR_SLUR,9,HUR,LUR,2025-02-20,2025-02-21,2,TSE,1359.129638671875,1349.371337890625,1348.9036865234375,1350.783203125,1350.4154052734375
M9_YHUR_SLUR,9,HUR,LUR,2025-02-20,2025-02-21,2,TSEC,89.96041107177734,90.001220703125,89.68777465820312,89.7491683959961,89.95342254638672
M9_YHUR_SLUR,9,HUR,LUR,2025-02-20,2025-02-22,3,Yd,1230.4114990234375,1340.11328125,1311.323974609375,1298.9158935546875,1311.8941650390625
M9_YHUR_SLUR,9,HUR,LUR,2025-02-20,2025-02-22,3,TSE,1351.6663818359375,1349.371337890625,1347.881591796875,1351.03759765625,1350.587890625
M9_YHUR_SLUR,9,HUR,LUR,2025-02-20,2025-02-22,3,TSEC,90.69087982177734,90.001220703125,89.94911193847656,89.80921173095703,89.96490478515625
M9_YHUR_SLUR,9,HUR,LUR,2025-02-21,2025-02-21,1,Yd,1409.587646484375,1340.2452392578125,1314.836669921875,1321.2967529296875,1326.7391357421875
M9_YHUR_SLUR,9,HUR,LUR,2025-02-21,2025-02-21,1,TSE,1359.129638671875,1349.3704833984375,1346.0616455078125,1354.1380615234375,1349.900146484375
M9_YHUR_SLUR,9,HUR,LUR,2025-02-21,2025-02-21,1,TSEC,89.96041107177734,90.00133514404297,89.69975280761719,89.95833587646484,89.9633560180664
M9_YHUR_SLUR,9,HUR,LUR,2025-02-21,2025-02-22,2,Yd,1230.4114990234375,1340.2452392578125,1304.4078369140625,1306.7269287109375,1319.9827880859375
M9_YHUR_SLUR,9,HUR,LUR,2025-02-21,2025-02-22,2,TSE,1351.6663818359375,1349.3704833984375,1344.4659423828125,1347.6268310546875,1350.30029296875
M9_YHUR_SLUR,9,HUR,LUR,2025-02-21,2025-02-22,2,TSEC,90.69087982177734,90.00133514404297,89.99090576171875,89.86473083496094,89.97235107421875
M9_YHUR_SLUR,9,HUR,LUR,2025-02-21,2025-02-23,3,Yd,1113.681640625,1340.2452392578125,1341.3690185546875,1290.790283203125,1318.736328125
M9_YHUR_SLUR,9,HUR,LUR,2025-02-21,2025-02-23,3,TSE,1367.6396484375,1349.3704833984375,1346.044921875,1349.435302734375,1350.546142578125
M9_YHUR_SLUR,9,HUR,LUR,2025-02-21,2025-02-23,3,TSEC,89.67401885986328,90.00133514404297,90.01856231689453,89.97686767578125,89.99858856201172
M9_YHUR_SLUR,9,HUR,LUR,2025-02-22,2025-02-22,1,Yd,1230.4114990234375,1340.3338623046875,1358.132568359375,1306.2274169921875,1329.89306640625
M9_YHUR_SLUR,9,HUR,LUR,2025-02-22,2025-02-22,1,TSE,1351.6663818359375,1349.3831787109375,1345.8424072265625,1349.8963623046875,1349.916259765625
M9_YHUR_SLUR,9,HUR,LUR,2025-02-22,2025-02-22,1,TSEC,90.69087982177734,90.00128936767578,90.0056381225586,89.90025329589844,89.98937225341797
M9_YHUR_SLUR,9,HUR,LUR,2025-02-22,2025-02-23,2,Yd,1113.681640625,1340.3338623046875,1331.7734375,1296.0389404296875,1325.2530517578125
M9_YHUR_SLUR,9,HUR,LUR,2025-02-22,2025-02-23,2,TSE,1367.6396484375,1349.3831787109375,1348.4066162109375,1349.4757080078125,1350.420654296875
M9_YHUR_SLUR,9,HUR,LUR,2025-02-22,2025-02-23,2,TSEC,89.67401885986328,90.00128936767578,90.02586364746094,89.88072967529297,90.01629638671875
M9_YHUR_SLUR,9,HUR,LUR,2025-02-22,2025-02-24,3,Yd,1226.2137451171875,1340.3338623046875,1344.9547119140625,1295.703125,1320.1680908203125
M9_YHUR_SLUR,9,HUR,LUR,2025-02-22,2025-02-24,3,TSE,1352.323974609375,1349.3831787109375,1345.8077392578125,1350.0419921875,1350.8062744140625
M9_YHUR_SLUR,9,HUR,LUR,2025-02-22,2025-02-24,3,TSEC,90.9220199584961,90.00128936767578,89.91215515136719,89.82255554199219,90.02899932861328
M9_YHUR_SLUR,9,HUR,LUR,2025-02-23,2025-02-23,1,Yd,1113.681640625,1340.193603515625,1351.180908203125,1300.342041015625,1332.32568359375
M9_YHUR_SLUR,9,HUR,LUR,2025-02-23,2025-02-23,1,TSE,1367.6396484375,1349.385986328125,1349.04052734375,1349.0025634765625,1350.0555419921875
M9_YHUR_SLUR,9,HUR,LUR,2025-02-23,2025-02-23,1,TSEC,89.67401885986328,90.00215911865234,90.02487182617188,89.90579986572266,90.01130676269531
M9_YHUR_SLUR,9,HUR,LUR,2025-02-23,2025-02-24,2,Yd,1226.2137451171875,1340.193603515625,1339.1790771484375,1303.3780517578125,1325.673828125
M9_YHUR_SLUR,9,HUR,LUR,2025-02-23,2025-02-24,2,TSE,1352.323974609375,1349.385986328125,1346.8756103515625,1351.3076171875,1350.7529296875
M9_YHUR_SLUR,9,HUR,LUR,2025-02-23,2025-02-24,2,TSEC,90.9220199584961,90.00215911865234,89.87956237792969,89.96895599365234,90.03446960449219
M9_YHUR_SLUR,9,HUR,LUR,2025-02-23,2025-02-25,3,Yd,1327.2486572265625,1340.193603515625,1352.2235107421875,1264.7767333984375,1318.2236328125
M9_YHUR_SLUR,9,HUR,LUR,2025-02-23,2025-02-25,3,TSE,1376.3681640625,1349.385986328125,1348.7530517578125,1351.499755859375,1351.3370361328125
M9_YHUR_SLUR,9,HUR,LUR,2025-02-23,2025-02-25,3,TSEC,89.14380645751953,90.00215911865234,90.11824035644531,90.07125091552734,90.03404998779297
M9_YHUR_SLUR,9,HUR,LUR,2025-02-24,2025-02-24,1,Yd,1226.2137451171875,1339.9051513671875,1336.060546875,1292.770263671875,1333.6534423828125
M9_YHUR_SLUR,9,HUR,LUR,2025-02-24,2025-02-24,1,TSE,1352.323974609375,1349.4091796875,1346.889404296875,1347.1258544921875,1350.30126953125
M9_YHUR_SLUR,9,HUR,LUR,2025-02-24,2025-02-24,1,TSEC,90.9220199584961,90.00175476074219,89.8300552368164,90.02284240722656,90.02489471435547
M9_YHUR_SLUR,9,HUR,LUR,2025-02-24,2025-02-25,2,Yd,1327.2486572265625,1339.9051513671875,1345.9886474609375,1311.1910400390625,1324.13427734375
M9_YHUR_SLUR,9,HUR,LUR,2025-02-24,2025-02-25,2,TSE,1376.3681640625,1349.4091796875,1349.8209228515625,1350.86181640625,1351.3023681640625
M9_YHUR_SLUR,9,HUR,LUR,2025-02-24,2025-02-25,2,TSEC,89.14380645751953,90.00175476074219,90.08872985839844,90.10537719726562,90.0486831665039
M9_YHUR_SLUR,9,HUR,LUR,2025-02-24,2025-02-26,3,Yd,1413.7479248046875,1339.9051513671875,1319.063720703125,1294.2244873046875,1313.4381103515625
M9_YHUR_SLUR,9,HUR,LUR,2025-02-24,2025-02-26,3,TSE,1334.638916015625,1349.4091796875,1347.9241943359375,1353.000732421875,1352.0687255859375
M9_YHUR_SLUR,9,HUR,LUR,2025-02-24,2025-02-26,3,TSEC,89.47962951660156,90.00175476074219,90.07538604736328,90.0423583984375,90.04803466796875
M9_YHUR_SLUR,9,HUR,LUR,2025-02-25,2025-02-25,1,Yd,1327.2486572265625,1339.760498046875,1312.543701171875,1298.0408935546875,1328.9222412109375
M9_YHUR_SLUR,9,HUR,LUR,2025-02-25,2025-02-25,1,TSE,1376.3681640625,1349.412841796875,1352.62060546875,1348.4840087890625,1350.593017578125
M9_YHUR_SLUR,9,HUR,LUR,2025-02-25,2025-02-25,1,TSEC,89.14380645751953,90.00292205810547,90.17105102539062,90.01853942871094,90.01866912841797
M9_YHUR_SLUR,9,HUR,LUR,2025-02-25,2025-02-26,2,Yd,1413.7479248046875,1339.760498046875,1337.0260009765625,1257.6038818359375,1317.7415771484375
M9_YHUR_SLUR,9,HUR,LUR,2025-02-25,2025-02-26,2,TSE,1334.638916015625,1349.412841796875,1350.6539306640625,1351.778564453125,1351.531494140625
M9_YHUR_SLUR,9,HUR,LUR,2025-02-25,2025-02-26,2,TSEC,89.47962951660156,90.00292205810547,90.10771179199219,89.90518951416016,90.03384399414062
M9_YHUR_SLUR,9,HUR,LUR,2025-02-25,2025-02-27,3,Yd,1185.9715576171875,1339.760498046875,1328.929931640625,1289.0003662109375,1310.5911865234375
M9_YHUR_SLUR,9,HUR,LUR,2025-02-25,2025-02-27,3,TSE,1360.953857421875,1349.412841796875,1353.1048583984375,1351.4520263671875,1351.972412109375
M9_YHUR_SLUR,9,HUR,LUR,2025-02-25,2025-02-27,3,TSEC,91.13968658447266,90.00292205810547,90.06958770751953,89.93873596191406,90.0308609008789
M9_YHUR_SLUR,9,HUR,LUR,2025-02-26,2025-02-26,1,Yd,1413.7479248046875,1339.74462890625,1338.1973876953125,1331.4959716796875,1325.18603515625
M9_YHUR_SLUR,9,HUR,LUR,2025-02-26,2025-02-26,1,TSE,1334.638916015625,1349.447265625,1353.2269287109375,1349.3282470703125,1350.6910400390625
M9_YHUR_SLUR,9,HUR,LUR,2025-02-26,2025-02-26,1,TSEC,89.47962951660156,90.00182342529297,90.10443878173828,90.0143814086914,90.01303100585938
M9_YHUR_SLUR,9,HUR,LUR,2025-02-26,2025-02-27,2,Yd,1185.9715576171875,1339.74462890625,1332.2542724609375,1325.677734375,1315.330322265625
M9_YHUR_SLUR,9,HUR,LUR,2025-02-26,2025-02-27,2,TSE,1360.953857421875,1349.447265625,1357.5865478515625,1352.358642578125,1351.4869384765625
M9_YHUR_SLUR,9,HUR,LUR,2025-02-26,2025-02-27,2,TSEC,91.13968658447266,90.00182342529297,90.1016616821289,89.8927001953125,90.0251235961914
M9_YHUR_SLUR,9,HUR,LUR,2025-02-26,2025-02-28,3,Yd,1541.924072265625,1339.74462890625,1327.5169677734375,1331.546142578125,1310.6334228515625
M9_YHUR_SLUR,9,HUR,LUR,2025-02-26,2025-02-28,3,TSE,1363.0714111328125,1349.447265625,1354.9505615234375,1349.5006103515625,1351.8848876953125
M9_YHUR_SLUR,9,HUR,LUR,2025-02-26,2025-02-28,3,TSEC,90.75176239013672,90.00182342529297,89.73450469970703,89.88855743408203,90.02529907226562
M9_YHUR_SLUR,9,HUR,LUR,2025-02-27,2025-02-27,1,Yd,1185.9715576171875,1339.8385009765625,1330.9947509765625,1342.3974609375,1325.309326171875
M9_YHUR_SLUR,9,HUR,LUR,2025-02-27,2025-02-27,1,TSE,1360.953857421875,1349.428466796875,1350.3302001953125,1354.77392578125,1350.1810302734375
M9_YHUR_SLUR,9,HUR,LUR,2025-02-27,2025-02-27,1,TSEC,91.13968658447266,90.00115966796875,90.06382751464844,90.07559967041016,89.98796844482422
M9_YHUR_SLUR,9,HUR,LUR,2025-02-27,2025-02-28,2,Yd,1541.924072265625,1339.8385009765625,1328.5556640625,1283.5177001953125,1316.4326171875
M9_YHUR_SLUR,9,HUR,LUR,2025-02-27,2025-02-28,2,TSE,1363.0714111328125,1349.428466796875,1349.905029296875,1348.6610107421875,1350.7850341796875
M9_YHUR_SLUR,9,HUR,LUR,2025-02-27,2025-02-28,2,TSEC,90.75176239013672,90.00115966796875,89.75128936767578,89.79524230957031,89.9881591796875
M9_YHUR_SLUR,9,HUR,LUR,2025-02-27,2025-03-01,3,Yd,1349.56982421875,1339.8385009765625,1330.31494140625,1303.6259765625,1314.3975830078125
M9_YHUR_SLUR,9,HUR,LUR,2025-02-27,2025-03-01,3,TSE,1355.834228515625,1349.428466796875,1350.0416259765625,1350.7342529296875,1351.1737060546875
M9_YHUR_SLUR,9,HUR,LUR,2025-02-27,2025-03-01,3,TSEC,91.27661895751953,90.00115966796875,89.98648071289062,90.02531433105469,90.00334930419922
M9_YHUR_SLUR,9,HUR,LUR,2025-02-28,2025-02-28,1,Yd,1541.924072265625,1339.6434326171875,1351.0518798828125,1321.7176513671875,1325.9478759765625
M9_YHUR_SLUR,9,HUR,LUR,2025-02-28,2025-02-28,1,TSE,1363.0714111328125,1349.4429931640625,1351.969482421875,1349.0194091796875,1350.082763671875
M9_YHUR_SLUR,9,HUR,LUR,2025-02-28,2025-02-28,1,TSEC,90.75176239013672,90.00260162353516,89.78942108154297,89.90467071533203,89.9880142211914
M9_YHUR_SLUR,9,HUR,LUR,2025-02-28,2025-03-01,2,Yd,1349.56982421875,1339.6434326171875,1323.0333251953125,1317.7493896484375,1319.968017578125
M9_YHUR_SLUR,9,HUR,LUR,2025-02-28,2025-03-01,2,TSE,1355.834228515625,1349.4429931640625,1353.398681640625,1352.18798828125,1350.734375
M9_YHUR_SLUR,9,HUR,LUR,2025-02-28,2025-03-01,2,TSEC,91.27661895751953,90.00260162353516,90.04002380371094,89.87156677246094,90.01034545898438
M9_YHUR_SLUR,9,HUR,LUR,2025-02-28,2025-03-02,3,Yd,1302.5557861328125,1339.6434326171875,1352.6324462890625,1334.890625,1319.92041015625
M9_YHUR_SLUR,9,HUR,LUR,2025-02-28,2025-03-02,3,TSE,1334.311279296875,1349.4429931640625,1352.5478515625,1351.1195068359375,1351.2388916015625
M9_YHUR_SLUR,9,HUR,LUR,2025-02-28,2025-03-02,3,TSEC,91.07408142089844,90.00260162353516,90.06583404541016,89.67117309570312,90.0455551147461
M9_YHUR_SLUR,9,HUR,LUR,2025-03-01,2025-03-01,1,Yd,1349.56982421875,1339.8994140625,1351.7979736328125,1324.99072265625,1329.119873046875
M9_YHUR_SLUR,9,HUR,LUR,2025-03-01,2025-03-01,1,TSE,1355.834228515625,1349.46044921875,1348.89013671875,1350.603515625,1350.0902099609375
M9_YHUR_SLUR,9,HUR,LUR,2025-03-01,2025-03-01,1,TSEC,91.27661895751953,90.00354766845703,89.95942687988281,89.96189880371094,90.00360870361328
M9_YHUR_SLUR,9,HUR,LUR,2025-03-01,2025-03-02,2,Yd,1302.5557861328125,1339.8994140625,1358.042724609375,1316.8558349609375,1324.513916015625
M9_YHUR_SLUR,9,HUR,LUR,2025-03-01,2025-03-02,2,TSE,1334.311279296875,1349.46044921875,1349.0048828125,1350.25390625,1350.8160400390625
M9_YHUR_SLUR,9,HUR,LUR,2025-03-01,2025-03-02,2,TSEC,91.07408142089844,90.00354766845703,89.99556732177734,89.90234375,90.0374755859375
M9_YHUR_SLUR,9,HUR,LUR,2025-03-01,2025-03-03,3,Yd,1497.8642578125,1339.8994140625,1342.0836181640625,1308.40185546875,1320.1053466796875
M9_YHUR_SLUR,9,HUR,LUR,2025-03-01,2025-03-03,3,TSE,1364.056884765625,1349.46044921875,1348.73779296875,1350.72607421875,1351.438720703125
M9_YHUR_SLUR,9,HUR,LUR,2025-03-01,2025-03-03,3,TSEC,90.57103729248047,90.00354766845703,89.91223907470703,90.07762145996094,90.05966186523438
M9_YHUR_SLUR,9,HUR,LUR,2025-03-02,2025-03-02,1,Yd,1302.5557861328125,1339.91162109375,1366.9427490234375,1319.107666015625,1331.7386474609375
M9_YHUR_SLUR,9,HUR,LUR,2025-03-02,2025-03-02,1,TSE,1334.311279296875,1349.4683837890625,1354.754638671875,1351.3201904296875,1350.1534423828125
M9_YHUR_SLUR,9,HUR,LUR,2025-03-02,2025-03-02,1,TSEC,91.07408142089844,90.00516510009766,90.045654296875,89.89124298095703,90.02383422851562
M9_YHUR_SLUR,9,HUR,LUR,2025-03-02,2025-03-03,2,Yd,1497.8642578125,1339.91162109375,1359.268798828125,1311.4593505859375,1325.0404052734375
M9_YHUR_SLUR,9,HUR,LUR,2025-03-02,2025-03-03,2,TSE,1364.056884765625,1349.4683837890625,1354.1455078125,1349.0135498046875,1350.9466552734375
M9_YHUR_SLUR,9,HUR,LUR,2025-03-02,2025-03-03,2,TSEC,90.57103729248047,90.00516510009766,89.88409423828125,89.86531829833984,90.0554428100586
M9_YHUR_SLUR,9,HUR,LUR,2025-03-02,2025-03-04,3,Yd,1415.7899169921875,1339.91162109375,1333.4063720703125,1309.436279296875,1317.05078125
M9_YHUR_SLUR,9,HUR,LUR,2025-03-02,2025-03-04,3,TSE,1350.2069091796875,1349.4683837890625,1354.47705078125,1353.005126953125,1351.56787109375
M9_YHUR_SLUR,9,HUR,LUR,2025-03-02,2025-03-04,3,TSEC,88.65509033203125,90.00516510009766,90.06746673583984,90.04354095458984,90.067626953125
M9_YHUR_SLUR,9,HUR,LUR,2025-03-03,2025-03-03,1,Yd,1497.8642578125,1339.8646240234375,1331.400390625,1294.435546875,1331.0654296875
M9_YHUR_SLUR,9,HUR,LUR,2025-03-03,2025-03-03,1,TSE,1364.056884765625,1349.44921875,1351.765380859375,1347.764404296875,1350.2371826171875
M9_YHUR_SLUR,9,HUR,LUR,2025-03-03,2025-03-03,1,TSEC,90.57103729248047,90.00650787353516,90.02664947509766,89.96463775634766,90.02116394042969
M9_YHUR_SLUR,9,HUR,LUR,2025-03-03,2025-03-04,2,Yd,1415.7899169921875,1339.8646240234375,1329.022216796875,1284.488525390625,1321.9615478515625
M9_YHUR_SLUR,9,HUR,LUR,2025-03-03,2025-03-04,2,TSE,1350.2069091796875,1349.44921875,1349.37548828125,1350.7535400390625,1351.06396484375
M9_YHUR_SLUR,9,HUR,LUR,2025-03-03,2025-03-04,2,TSEC,88.65509033203125,90.00650787353516,90.1335220336914,90.09578704833984,90.03600311279297
M9_YHUR_SLUR,9,HUR,LUR,2025-03-03,2025-03-05,3,Yd,1376.4110107421875,1339.8646240234375,1330.724365234375,1303.2337646484375,1312.5811767578125
M9_YHUR_SLUR,9,HUR,LUR,2025-03-03,2025-03-05,3,TSE,1351.4022216796875,1349.44921875,1351.93798828125,1353.3712158203125,1351.57666015625
M9_YHUR_SLUR,9,HUR,LUR,2025-03-03,2025-03-05,3,TSEC,90.59169006347656,90.00650787353516,90.15199279785156,90.14082336425781,90.02301025390625
M9_YHUR_SLUR,9,HUR,LUR,2025-03-04,2025-03-04,1,Yd,1415.7899169921875,1340.063720703125,1324.661865234375,1286.671142578125,1327.6712646484375
M9_YHUR_SLUR,9,HUR,LUR,2025-03-04,2025-03-04,1,TSE,1350.2069091796875,1349.467529296875,1349.3792724609375,1350.031982421875,1350.3494873046875
M9_YHUR_SLUR,9,HUR,LUR,2025-03-04,2025-03-04,1,TSEC,88.65509033203125,90.00723266601562,90.07771301269531,90.11994934082031,90.01425170898438
M9_YHUR_SLUR,9,HUR,LUR,2025-03-04,2025-03-05,2,Yd,1376.4110107421875,1340.063720703125,1330.875244140625,1302.7423095703125,1315.9825439453125
M9_YHUR_SLUR,9,HUR,LUR,2025-03-04,2025-03-05,2,TSE,1351.4022216796875,1349.467529296875,1352.783203125,1352.0020751953125,1351.0526123046875
M9_YHUR_SLUR,9,HUR,LUR,2025-03-04,2025-03-05,2,TSEC,90.59169006347656,90.00723266601562,90.08590698242188,89.87812805175781,90.0169906616211
M9_YHUR_SLUR,9,HUR,LUR,2025-03-04,2025-03-06,3,Yd,1373.20166015625,1340.063720703125,1341.705810546875,1328.7489013671875,1307.347900390625
M9_YHUR_SLUR,9,HUR,LUR,2025-03-04,2025-03-06,3,TSE,1340.5745849609375,1349.467529296875,1348.159912109375,1350.13427734375,1351.3507080078125
M9_YHUR_SLUR,9,HUR,LUR,2025-03-04,2025-03-06,3,TSEC,89.5500717163086,90.00723266601562,90.103759765625,89.9004135131836,90.0065689086914
M9_YHUR_SLUR,9,HUR,LUR,2025-03-05,2025-03-05,1,Yd,1376.4110107421875,1340.1590576171875,1329.87646484375,1300.7452392578125,1325.083740234375
M9_YHUR_SLUR,9,HUR,LUR,2025-03-05,2025-03-05,1,TSE,1351.4022216796875,1349.468505859375,1350.056396484375,1351.4937744140625,1350.21337890625
M9_YHUR_SLUR,9,HUR,LUR,2025-03-05,2025-03-05,1,TSEC,90.59169006347656,90.00553131103516,89.93907928466797,89.93000793457031,89.99449157714844
M9_YHUR_SLUR,9,HUR,LUR,2025-03-05,2025-03-06,2,Yd,1373.20166015625,1340.1590576171875,1343.9229736328125,1309.6014404296875,1316.0875244140625
M9_YHUR_SLUR,9,HUR,LUR,2025-03-05,2025-03-06,2,TSE,1340.5745849609375,1349.468505859375,1349.1019287109375,1344.87158203125,1350.69873046875
M9_YHUR_SLUR,9,HUR,LUR,2025-03-05,2025-03-06,2,TSEC,89.5500717163086,90.00553131103516,90.0294189453125,89.9199447631836,89.99967956542969
M9_YHUR_SLUR,9,HUR,LUR,2025-03-05,2025-03-07,3,Yd,1133.75732421875,1340.1590576171875,1317.21923828125,1334.4525146484375,1308.3607177734375
M9_YHUR_SLUR,9,HUR,LUR,2025-03-05,2025-03-07,3,TSE,1339.4989013671875,1349.468505859375,1349.6827392578125,1343.5728759765625,1350.94140625
M9_YHUR_SLUR,9,HUR,LUR,2025-03-05,2025-03-07,3,TSEC,89.28461456298828,90.00553131103516,90.1280517578125,89.81490325927734,89.99589538574219
M9_YHUR_SLUR,9,HUR,LUR,2025-03-06,2025-03-06,1,Yd,1373.20166015625,1340.2047119140625,1329.5108642578125,1363.670166015625,1324.7366943359375
M9_YHUR_SLUR,9,HUR,LUR,2025-03-06,2025-03-06,1,TSE,1340.5745849609375,1349.4710693359375,1353.357666015625,1352.938232421875,1350.03857421875
M9_YHUR_SLUR,9,HUR,LUR,2025-03-06,2025-03-06,1,TSEC,89.5500717163086,90.00625610351562,90.09235382080078,90.03099060058594,89.98202514648438
M9_YHUR_SLUR,9,HUR,LUR,2025-03-06,2025-03-07,2,Yd,1133.75732421875,1340.2047119140625,1350.857666015625,1303.0364990234375,1314.29248046875
M9_YHUR_SLUR,9,HUR,LUR,2025-03-06,2025-03-07,2,TSE,1339.4989013671875,1349.4710693359375,1353.33837890625,1347.7786865234375,1350.4478759765625
M9_YHUR_SLUR,9,HUR,LUR,2025-03-06,2025-03-07,2,TSEC,89.28461456298828,90.00625610351562,90.09567260742188,89.57222747802734,89.98370361328125
M9_YHUR_SLUR,9,HUR,LUR,2025-03-06,2025-03-08,3,Yd,1180.284912109375,1340.2047119140625,1327.86083984375,1336.03173828125,1310.51904296875
M9_YHUR_SLUR,9,HUR,LUR,2025-03-06,2025-03-08,3,TSE,1321.650146484375,1349.4710693359375,1351.6192626953125,1348.47216796875,1350.6561279296875
M9_YHUR_SLUR,9,HUR,LUR,2025-03-06,2025-03-08,3,TSEC,88.8964614868164,90.00625610351562,90.04820251464844,89.6300277709961,89.99658966064453
M9_YHUR_SLUR,9,HUR,LUR,2025-03-07,2025-03-07,1,Yd,1133.75732421875,1340.2462158203125,1350.3834228515625,1312.092529296875,1326.6043701171875
M9_YHUR_SLUR,9,HUR,LUR,2025-03-07,2025-03-07,1,TSE,1339.4989013671875,1349.4598388671875,1351.9501953125,1349.7884521484375,1349.85498046875
M9_YHUR_SLUR,9,HUR,LUR,2025-03-07,2025-03-07,1,TSEC,89.28461456298828,90.00569152832031,89.84297943115234,90.07014465332031,89.97802734375
M9_YHUR_SLUR,9,HUR,LUR,2025-03-07,2025-03-08,2,Yd,1180.284912109375,1340.2462158203125,1328.3824462890625,1317.700927734375,1319.69873046875
M9_YHUR_SLUR,9,HUR,LUR,2025-03-07,2025-03-08,2,TSE,1321.650146484375,1349.4598388671875,1349.3255615234375,1348.2684326171875,1350.177001953125
M9_YHUR_SLUR,9,HUR,LUR,2025-03-07,2025-03-08,2,TSEC,88.8964614868164,90.00569152832031,90.05941009521484,89.80891418457031,89.99478912353516
M9_YHUR_SLUR,9,HUR,LUR,2025-03-07,2025-03-09,3,Yd,1562.26171875,1340.2462158203125,1348.7098388671875,1331.0533447265625,1318.8101806640625
M9_YHUR_SLUR,9,HUR,LUR,2025-03-07,2025-03-09,3,TSE,1343.90966796875,1349.4598388671875,1352.127685546875,1349.2066650390625,1350.414794921875
M9_YHUR_SLUR,9,HUR,LUR,2025-03-07,2025-03-09,3,TSEC,89.34406280517578,90.00569152832031,90.09392547607422,89.8661117553711,90.02301025390625
M9_YHUR_SLUR,9,HUR,LUR,2025-03-08,2025-03-08,1,Yd,1180.284912109375,1339.9871826171875,1329.8135986328125,1275.4097900390625,1330.548583984375
M9_YHUR_SLUR,9,HUR,LUR,2025-03-08,2025-03-08,1,TSE,1321.650146484375,1349.447265625,1347.818603515625,1347.658935546875,1349.8236083984375
M9_YHUR_SLUR,9,HUR,LUR,2025-03-08,2025-03-08,1,TSEC,88.8964614868164,90.0047836303711,89.99378204345703,89.93351745605469,89.99565887451172
M9_YHUR_SLUR,9,HUR,LUR,2025-03-08,2025-03-09,2,Yd,1562.26171875,1339.9871826171875,1347.8560791015625,1313.6337890625,1325.90576171875
M9_YHUR_SLUR,9,HUR,LUR,2025-03-08,2025-03-09,2,TSE,1343.90966796875,1349.447265625,1348.9019775390625,1349.3912353515625,1350.27783203125
M9_YHUR_SLUR,9,HUR,LUR,2025-03-08,2025-03-09,2,TSEC,89.34406280517578,90.0047836303711,90.03268432617188,90.03392791748047,90.0205078125
M9_YHUR_SLUR,9,HUR,LUR,2025-03-08,2025-03-10,3,Yd,1553.92822265625,1339.9871826171875,1339.2012939453125,1289.69384765625,1321.6729736328125
M9_YHUR_SLUR,9,HUR,LUR,2025-03-08,2025-03-10,3,TSE,1387.2484130859375,1349.447265625,1347.281494140625,1349.683837890625,1350.681884765625
M9_YHUR_SLUR,9,HUR,LUR,2025-03-08,2025-03-10,3,TSEC,91.02523040771484,90.0047836303711,89.94337463378906,89.8751449584961,90.03457641601562
M9_YHUR_SLUR,9,HUR,LUR,2025-03-09,2025-03-09,1,Yd,1562.26171875,1339.7869873046875,1348.6796875,1240.3206787109375,1333.0643310546875
M9_YHUR_SLUR,9,HUR,LUR,2025-03-09,2025-03-09,1,TSE,1343.90966796875,1349.41259765625,1348.3701171875,1348.662841796875,1349.954833984375
M9_YHUR_SLUR,9,HUR,LUR,2025-03-09,2025-03-09,1,TSEC,89.34406280517578,90.0033950805664,90.03378295898438,90.06639099121094,90.00160217285156
M9_YHUR_SLUR,9,HUR,LUR,2025-03-09,2025-03-10,2,Yd,1553.92822265625,1339.7869873046875,1338.795166015625,1287.53466796875,1328.1065673828125
M9_YHUR_SLUR,9,HUR,LUR,2025-03-09,2025-03-10,2,TSE,1387.2484130859375,1349.41259765625,1348.357666015625,1348.84326171875,1350.49755859375
M9_YHUR_SLUR,9,HUR,LUR,2025-03-09,2025-03-10,2,TSEC,91.02523040771484,90.0033950805664,89.96543884277344,90.0412368774414,90.01376342773438
M9_YHUR_SLUR,9,HUR,LUR,2025-03-09,2025-03-11,3,Yd,1387.6519775390625,1339.7869873046875,1350.5906982421875,1270.4078369140625,1321.9058837890625
M9_YHUR_SLUR,9,HUR,LUR,2025-03-09,2025-03-11,3,TSE,1391.01953125,1349.41259765625,1349.32666015625,1345.950927734375,1351.1212158203125
M9_YHUR_SLUR,9,HUR,LUR,2025-03-09,2025-03-11,3,TSEC,90.94481658935547,90.0033950805664,90.06940460205078,89.99761962890625,90.01236724853516
M9_YHUR_SLUR,9,HUR,LUR,2025-03-10,2025-03-10,1,Yd,1553.92822265625,1340.0654296875,1338.9532470703125,1274.36962890625,1332.5599365234375
M9_YHUR_SLUR,9,HUR,LUR,2025-03-10,2025-03-10,1,TSE,1387.2484130859375,1349.405517578125,1348.3316650390625,1350.3238525390625,1350.022705078125
M9_YHUR_SLUR,9,HUR,LUR,2025-03-10,2025-03-10,1,TSEC,91.02523040771484,90.00257110595703,89.95974731445312,89.99602508544922,89.99890899658203
M9_YHUR_SLUR,9,HUR,LUR,2025-03-10,2025-03-11,2,Yd,1387.6519775390625,1340.0654296875,1321.6480712890625,1320.2630615234375,1324.6297607421875
M9_YHUR_SLUR,9,HUR,LUR,2025-03-10,2025-03-11,2,TSE,1391.01953125,1349.405517578125,1349.0128173828125,1350.7921142578125,1350.7860107421875
M9_YHUR_SLUR,9,HUR,LUR,2025-03-10,2025-03-11,2,TSEC,90.94481658935547,90.00257110595703,90.09037017822266,90.002685546875,90.00343322753906
M9_YHUR_SLUR,9,HUR,LUR,2025-03-10,2025-03-12,3,Yd,1390.0946044921875,1340.0654296875,1351.5684814453125,1338.4537353515625,1318.23046875
M9_YHUR_SLUR,9,HUR,LUR,2025-03-10,2025-03-12,3,TSE,1353.8260498046875,1349.405517578125,1349.8206787109375,1352.48583984375,1351.256103515625
M9_YHUR_SLUR,9,HUR,LUR,2025-03-10,2025-03-12,3,TSEC,91.77621459960938,90.00257110595703,90.13175964355469,90.02587890625,89.9912109375
M9_YHUR_SLUR,9,HUR,LUR,2025-03-11,2025-03-11,1,Yd,1387.6519775390625,1340.332763671875,1332.2867431640625,1307.894287109375,1326.995361328125
M9_YHUR_SLUR,9,HUR,LUR,2025-03-11,2025-03-11,1,TSE,1391.01953125,1349.4527587890625,1349.6092529296875,1352.53759765625,1350.34326171875
M9_YHUR_SLUR,9,HUR,LUR,2025-03-11,2025-03-11,1,TSEC,90.94481658935547,90.00384521484375,90.16700744628906,89.9299087524414,90.0033187866211
M9_YHUR_SLUR,9,HUR,LUR,2025-03-11,2025-03-12,2,Yd,1390.0946044921875,1340.332763671875,1335.3475341796875,1345.359619140625,1317.435791015625
M9_YHUR_SLUR,9,HUR,LUR,2025-03-11,2025-03-12,2,TSE,1353.8260498046875,1349.4527587890625,1352.439697265625,1355.051025390625,1351.01220703125
M9_YHUR_SLUR,9,HUR,LUR,2025-03-11,2025-03-12,2,TSEC,91.77621459960938,90.00384521484375,90.1751708984375,89.87906646728516,90.00718688964844
M9_YHUR_SLUR,9,HUR,LUR,2025-03-11,2025-03-13,3,Yd,1209.8306884765625,1340.332763671875,1329.554443359375,1353.058349609375,1311.9727783203125
M9_YHUR_SLUR,9,HUR,LUR,2025-03-11,2025-03-13,3,TSE,1368.4776611328125,1349.4527587890625,1351.8265380859375,1352.61376953125,1351.2655029296875
M9_YHUR_SLUR,9,HUR,LUR,2025-03-11,2025-03-13,3,TSEC,89.98137664794922,90.00384521484375,90.13135528564453,90.00592041015625,90.00312042236328
M9_YHUR_SLUR,9,HUR,LUR,2025-03-12,2025-03-12,1,Yd,1390.0946044921875,1340.391845703125,1338.0240478515625,1351.533447265625,1324.3299560546875
M9_YHUR_SLUR,9,HUR,LUR,2025-03-12,2025-03-12,1,TSE,1353.8260498046875,1349.504638671875,1347.976806640625,1351.5682373046875,1350.3685302734375
M9_YHUR_SLUR,9,HUR,LUR,2025-03-12,2025-03-12,1,TSEC,91.77621459960938,90.00502014160156,90.11100769042969,89.83656311035156,90.00577545166016
M9_YHUR_SLUR,9,HUR,LUR,2025-03-12,2025-03-13,2,Yd,1209.8306884765625,1340.391845703125,1330.7550048828125,1353.4805908203125,1313.956787109375
M9_YHUR_SLUR,9,HUR,LUR,2025-03-12,2025-03-13,2,TSE,1368.4776611328125,1349.504638671875,1349.453369140625,1352.588623046875,1350.840087890625
M9_YHUR_SLUR,9,HUR,LUR,2025-03-12,2025-03-13,2,TSEC,89.98137664794922,90.00502014160156,90.09264373779297,89.67668151855469,90.01309204101562
M9_YHUR_SLUR,9,HUR,LUR,2025-03-12,2025-03-14,3,Yd,1372.889404296875,1340.391845703125,1355.97705078125,1347.3927001953125,1305.1912841796875
M9_YHUR_SLUR,9,HUR,LUR,2025-03-12,2025-03-14,3,TSE,1365.389404296875,1349.504638671875,1348.431640625,1348.9151611328125,1351.131103515625
M9_YHUR_SLUR,9,HUR,LUR,2025-03-12,2025-03-14,3,TSEC,88.97450256347656,90.00502014160156,89.80481719970703,89.77175903320312,90.01110076904297
M9_YHUR_SLUR,9,HUR,LUR,2025-03-13,2025-03-13,1,Yd,1209.8306884765625,1340.453857421875,1337.3748779296875,1330.1868896484375,1323.6732177734375
M9_YHUR_SLUR,9,HUR,LUR,2025-03-13,2025-03-13,1,TSE,1368.4776611328125,1349.51025390625,1359.3280029296875,1350.46240234375,1350.0494384765625
M9_YHUR_SLUR,9,HUR,LUR,2025-03-13,2025-03-13,1,TSEC,89.98137664794922,90.0072250366211,90.12389373779297,89.96866607666016,89.98737335205078
M9_YHUR_SLUR,9,HUR,LUR,2025-03-13,2025-03-14,2,Yd,1372.889404296875,1340.453857421875,1336.4327392578125,1284.2122802734375,1311.397705078125
M9_YHUR_SLUR,9,HUR,LUR,2025-03-13,2025-03-14,2,TSE,1365.389404296875,1349.51025390625,1357.2864990234375,1349.916259765625,1350.4739990234375
M9_YHUR_SLUR,9,HUR,LUR,2025-03-13,2025-03-14,2,TSEC,88.97450256347656,90.0072250366211,89.69910430908203,89.80858612060547,89.99083709716797
M9_YHUR_SLUR,9,HUR,LUR,2025-03-13,2025-03-15,3,Yd,1473.3555908203125,1340.453857421875,1338.453369140625,1287.6458740234375,1306.5218505859375
M9_YHUR_SLUR,9,HUR,LUR,2025-03-13,2025-03-15,3,TSE,1354.24267578125,1349.51025390625,1357.772705078125,1349.931640625,1350.7591552734375
M9_YHUR_SLUR,9,HUR,LUR,2025-03-13,2025-03-15,3,TSEC,90.00480651855469,90.0072250366211,90.0519790649414,89.85964965820312,90.00511932373047
M9_YHUR_SLUR,9,HUR,LUR,2025-03-14,2025-03-14,1,Yd,1372.889404296875,1340.2911376953125,1356.6033935546875,1335.46142578125,1324.6881103515625
M9_YHUR_SLUR,9,HUR,LUR,2025-03-14,2025-03-14,1,TSE,1365.389404296875,1349.533935546875,1348.2716064453125,1348.3818359375,1349.91552734375
M9_YHUR_SLUR,9,HUR,LUR,2025-03-14,2025-03-14,1,TSEC,88.97450256347656,90.0072021484375,89.70813751220703,89.88624572753906,89.99404907226562
M9_YHUR_SLUR,9,HUR,LUR,2025-03-14,2025-03-15,2,Yd,1473.3555908203125,1340.2911376953125,1348.6854248046875,1317.230224609375,1317.523193359375
M9_YHUR_SLUR,9,HUR,LUR,2025-03-14,2025-03-15,2,TSE,1354.24267578125,1349.533935546875,1348.2197265625,1350.506591796875,1350.4364013671875
M9_YHUR_SLUR,9,HUR,LUR,2025-03-14,2025-03-15,2,TSEC,90.00480651855469,90.0072021484375,90.06803894042969,89.91375732421875,90.01889038085938
M9_YHUR_SLUR,9,HUR,LUR,2025-03-14,2025-03-16,3,Yd,1442.039306640625,1340.2911376953125,1324.0213623046875,1317.347900390625,1316.4884033203125
M9_YHUR_SLUR,9,HUR,LUR,2025-03-14,2025-03-16,3,TSE,1339.8553466796875,1349.533935546875,1348.6949462890625,1349.0447998046875,1350.8427734375
M9_YHUR_SLUR,9,HUR,LUR,2025-03-14,2025-03-16,3,TSEC,90.0914306640625,90.0072021484375,90.0414047241211,89.93524169921875,90.05377197265625
M9_YHUR_SLUR,9,HUR,LUR,2025-03-15,2025-03-15,1,Yd,1473.3555908203125,1340.331787109375,1346.3531494140625,1311.9146728515625,1329.71142578125
M9_YHUR_SLUR,9,HUR,LUR,2025-03-15,2025-03-15,1,TSE,1354.24267578125,1349.553466796875,1351.5384521484375,1351.774658203125,1349.9791259765625
M9_YHUR_SLUR,9,HUR,LUR,2025-03-15,2025-03-15,1,TSEC,90.00480651855469,90.00590515136719,90.04336547851562,90.19691467285156,90.01826477050781
M9_YHUR_SLUR,9,HUR,LUR,2025-03-15,2025-03-16,2,Yd,1442.039306640625,1340.331787109375,1325.1209716796875,1340.780517578125,1324.6455078125
M9_YHUR_SLUR,9,HUR,LUR,2025-03-15,2025-03-16,2,TSE,1339.8553466796875,1349.553466796875,1350.736572265625,1350.24169921875,1350.639404296875
M9_YHUR_SLUR,9,HUR,LUR,2025-03-15,2025-03-16,2,TSEC,90.0914306640625,90.00590515136719,90.09994506835938,90.0245132446289,90.05738067626953
M9_YHUR_SLUR,9,HUR,LUR,2025-03-15,2025-03-17,3,Yd,1567.32763671875,1340.331787109375,1326.009521484375,1302.7503662109375,1320.3243408203125
M9_YHUR_SLUR,9,HUR,LUR,2025-03-15,2025-03-17,3,TSE,1365.6722412109375,1349.553466796875,1352.68994140625,1353.22265625,1351.2294921875
M9_YHUR_SLUR,9,HUR,LUR,2025-03-15,2025-03-17,3,TSEC,91.05220031738281,90.00590515136719,90.01720428466797,90.1690673828125,90.08441162109375
M9_YHUR_SLUR,9,HUR,LUR,2025-03-16,2025-03-16,1,Yd,1442.039306640625,1340.4969482421875,1337.9373779296875,1315.7333984375,1331.5947265625
M9_YHUR_SLUR,9,HUR,LUR,2025-03-16,2025-03-16,1,TSE,1339.8553466796875,1349.559326171875,1350.7662353515625,1350.3983154296875,1350.0411376953125
M9_YHUR_SLUR,9,HUR,LUR,2025-03-16,2025-03-16,1,TSEC,90.0914306640625,90.00591278076172,90.02836608886719,89.91301727294922,90.03063201904297
M9_YHUR_SLUR,9,HUR,LUR,2025-03-16,2025-03-17,2,Yd,1567.32763671875,1340.4969482421875,1335.2867431640625,1308.4752197265625,1324.7255859375
M9_YHUR_SLUR,9,HUR,LUR,2025-03-16,2025-03-17,2,TSE,1365.6722412109375,1349.559326171875,1352.8699951171875,1351.1343994140625,1350.7745361328125
M9_YHUR_SLUR,9,HUR,LUR,2025-03-16,2025-03-17,2,TSEC,91.05220031738281,90.00591278076172,89.9711685180664,89.83599853515625,90.06670379638672
M9_YHUR_SLUR,9,HUR,LUR,2025-03-16,2025-03-18,3,Yd,1160.2117919921875,1340.4969482421875,1327.1580810546875,1308.681396484375,1315.4644775390625
M9_YHUR_SLUR,9,HUR,LUR,2025-03-16,2025-03-18,3,TSE,1358.8482666015625,1349.559326171875,1351.6287841796875,1352.762939453125,1351.4649658203125
M9_YHUR_SLUR,9,HUR,LUR,2025-03-16,2025-03-18,3,TSEC,89.98278045654297,90.00591278076172,90.09949493408203,90.0143051147461,90.07957458496094
M9_YHUR_SLUR,9,HUR,LUR,2025-03-17,2025-03-17,1,Yd,1567.32763671875,1340.622802734375,1327.0235595703125,1315.622314453125,1330.6424560546875
M9_YHUR_SLUR,9,HUR,LUR,2025-03-17,2025-03-17,1,TSE,1365.6722412109375,1349.5474853515625,1348.8658447265625,1349.9334716796875,1350.086181640625
M9_YHUR_SLUR,9,HUR,LUR,2025-03-17,2025-03-17,1,TSEC,91.05220031738281,90.00601959228516,89.94632720947266,90.23648071289062,90.02729034423828
M9_YHUR_SLUR,9,HUR,LUR,2025-03-17,2025-03-18,2,Yd,1160.2117919921875,1340.622802734375,1337.998291015625,1303.4298095703125,1320.450927734375
M9_YHUR_SLUR,9,HUR,LUR,2025-03-17,2025-03-18,2,TSE,1358.8482666015625,1349.5474853515625,1348.9674072265625,1350.5528564453125,1350.8853759765625
M9_YHUR_SLUR,9,HUR,LUR,2025-03-17,2025-03-18,2,TSEC,89.98278045654297,90.00601959228516,90.06716918945312,90.12350463867188,90.04451751708984
M9_YHUR_SLUR,9,HUR,LUR,2025-03-17,2025-03-19,3,Yd,1149.5120849609375,1340.622802734375,1333.521240234375,1324.80810546875,1310.7880859375
M9_YHUR_SLUR,9,HUR,LUR,2025-03-17,2025-03-19,3,TSE,1358.7598876953125,1349.5474853515625,1350.5589599609375,1353.6126708984375,1351.3624267578125
M9_YHUR_SLUR,9,HUR,LUR,2025-03-17,2025-03-19,3,TSEC,88.68275451660156,90.00601959228516,90.12380981445312,90.19879913330078,90.03330993652344
M9_YHUR_SLUR,9,HUR,LUR,2025-03-18,2025-03-18,1,Yd,1160.2117919921875,1340.90380859375,1332.9847412109375,1302.413818359375,1326.5958251953125
M9_YHUR_SLUR,9,HUR,LUR,2025-03-18,2025-03-18,1,TSE,1358.8482666015625,1349.5672607421875,1355.296142578125,1350.7188720703125,1350.2674560546875
M9_YHUR_SLUR,9,HUR,LUR,2025-03-18,2025-03-18,1,TSEC,89.98278045654297,90.00731658935547,90.15010070800781,90.1059799194336,90.01695251464844
M9_YHUR_SLUR,9,HUR,LUR,2025-03-18,2025-03-19,2,Yd,1149.5120849609375,1340.90380859375,1336.1531982421875,1297.6812744140625,1315.4471435546875
M9_YHUR_SLUR,9,HUR,LUR,2025-03-18,2025-03-19,2,TSE,1358.7598876953125,1349.5672607421875,1358.41064453125,1352.527099609375,1350.8245849609375
M9_YHUR_SLUR,9,HUR,LUR,2025-03-18,2025-03-19,2,TSEC,88.68275451660156,90.00731658935547,90.17604064941406,89.8701171875,90.02330017089844
M9_YHUR_SLUR,9,HUR,LUR,2025-03-18,2025-03-20,3,Yd,1497.4798583984375,1340.90380859375,1346.0242919921875,1352.089599609375,1308.105712890625
M9_YHUR_SLUR,9,HUR,LUR,2025-03-18,2025-03-20,3,TSE,1371.8629150390625,1349.5672607421875,1357.86279296875,1351.0064697265625,1351.08154296875
M9_YHUR_SLUR,9,HUR,LUR,2025-03-18,2025-03-20,3,TSEC,89.97142791748047,90.00731658935547,90.08811950683594,89.84771728515625,90.02078247070312
M9_YHUR_SLUR,9,HUR,LUR,2025-03-19,2025-03-19,1,Yd,1149.5120849609375,1340.68017578125,1337.5706787109375,1328.611572265625,1324.257568359375
M9_YHUR_SLUR,9,HUR,LUR,2025-03-19,2025-03-19,1,TSE,1358.7598876953125,1349.578857421875,1350.5966796875,1351.4224853515625,1350.365234375
M9_YHUR_SLUR,9,HUR,LUR,2025-03-19,2025-03-19,1,TSEC,88.68275451660156,90.00729370117188,90.13383483886719,89.93540954589844,90.00544738769531
M9_YHUR_SLUR,9,HUR,LUR,2025-03-19,2025-03-20,2,Yd,1497.4798583984375,1340.68017578125,1342.6878662109375,1324.77587890625,1313.7760009765625
M9_YHUR_SLUR,9,HUR,LUR,2025-03-19,2025-03-20,2,TSE,1371.8629150390625,1349.578857421875,1350.3897705078125,1348.390869140625,1350.8115234375
M9_YHUR_SLUR,9,HUR,LUR,2025-03-19,2025-03-20,2,TSEC,89.97142791748047,90.00729370117188,90.05579376220703,89.7833023071289,90.01227569580078
M9_YHUR_SLUR,9,HUR,LUR,2025-03-19,2025-03-21,3,Yd,1494.051513671875,1340.68017578125,1334.4810791015625,1322.89794921875,1306.577392578125
M9_YHUR_SLUR,9,HUR,LUR,2025-03-19,2025-03-21,3,TSE,1370.2265625,1349.578857421875,1350.4825439453125,1345.8873291015625,1350.9659423828125
M9_YHUR_SLUR,9,HUR,LUR,2025-03-19,2025-03-21,3,TSEC,87.70728302001953,90.00729370117188,89.6756591796875,89.7305679321289,90.01786041259766
M9_YHUR_SLUR,9,HUR,LUR,2025-03-20,2025-03-20,1,Yd,1497.4798583984375,1340.4439697265625,1327.7325439453125,1355.1612548828125,1324.7130126953125
M9_YHUR_SLUR,9,HUR,LUR,2025-03-20,2025-03-20,1,TSE,1371.8629150390625,1349.5902099609375,1350.99609375,1351.7490234375,1350.151123046875
M9_YHUR_SLUR,9,HUR,LUR,2025-03-20,2025-03-20,1,TSEC,89.97142791748047,90.00564575195312,90.05757904052734,90.05143737792969,90.00069427490234
M9_YHUR_SLUR,9,HUR,LUR,2025-03-20,2025-03-21,2,Yd,1494.051513671875,1340.4439697265625,1348.565673828125,1325.3358154296875,1316.5345458984375
M9_YHUR_SLUR,9,HUR,LUR,2025-03-20,2025-03-21,2,TSE,1370.2265625,1349.5902099609375,1351.4671630859375,1346.2679443359375,1350.625732421875
M9_YHUR_SLUR,9,HUR,LUR,2025-03-20,2025-03-21,2,TSEC,87.70728302001953,90.00564575195312,89.74724578857422,89.8183364868164,90.01073455810547
M9_YHUR_SLUR,9,HUR,LUR,2025-03-20,2025-03-22,3,Yd,1529.265380859375,1340.4439697265625,1327.164794921875,1298.4915771484375,1314.4359130859375
M9_YHUR_SLUR,9,HUR,LUR,2025-03-20,2025-03-22,3,TSE,1352.9215087890625,1349.5902099609375,1350.721923828125,1344.347412109375,1350.8380126953125
M9_YHUR_SLUR,9,HUR,LUR,2025-03-20,2025-03-22,3,TSEC,89.71154022216797,90.00564575195312,90.0618667602539,89.95386505126953,90.02420806884766
M9_YHUR_SLUR,9,HUR,LUR,2025-03-21,2025-03-21,1,Yd,1494.051513671875,1340.6378173828125,1329.7987060546875,1317.25634765625,1326.6468505859375
M9_YHUR_SLUR,9,HUR,LUR,2025-03-21,2025-03-21,1,TSE,1370.2265625,1349.6175537109375,1357.1397705078125,1349.5799560546875,1349.9813232421875
M9_YHUR_SLUR,9,HUR,LUR,2025-03-21,2025-03-21,1,TSEC,87.70728302001953,90.00559997558594,89.74497985839844,89.93878936767578,89.99793243408203
M9_YHUR_SLUR,9,HUR,LUR,2025-03-21,2025-03-22,2,Yd,1529.265380859375,1340.6378173828125,1322.1085205078125,1302.491455078125,1320.434326171875
M9_YHUR_SLUR,9,HUR,LUR,2025-03-21,2025-03-22,2,TSE,1352.9215087890625,1349.6175537109375,1357.324951171875,1349.9290771484375,1350.3939208984375
M9_YHUR_SLUR,9,HUR,LUR,2025-03-21,2025-03-22,2,TSEC,89.71154022216797,90.00559997558594,90.06380462646484,89.68343353271484,90.02031707763672
M9_YHUR_SLUR,9,HUR,LUR,2025-03-21,2025-03-23,3,Yd,1339.165283203125,1340.6378173828125,1336.263427734375,1284.5623779296875,1319.2681884765625
M9_YHUR_SLUR,9,HUR,LUR,2025-03-21,2025-03-23,3,TSE,1340.037109375,1349.6175537109375,1357.759033203125,1349.146728515625,1350.750732421875
M9_YHUR_SLUR,9,HUR,LUR,2025-03-21,2025-03-23,3,TSEC,89.7857666015625,90.00559997558594,90.0675277709961,89.87109375,90.05408477783203
M9_YHUR_SLUR,9,HUR,LUR,2025-03-22,2025-03-22,1,Yd,1529.265380859375,1340.826904296875,1324.607421875,1336.7967529296875,1331.20947265625
M9_YHUR_SLUR,9,HUR,LUR,2025-03-22,2025-03-22,1,TSE,1352.9215087890625,1349.64306640625,1351.7633056640625,1352.400390625,1349.8797607421875
M9_YHUR_SLUR,9,HUR,LUR,2025-03-22,2025-03-22,1,TSEC,89.71154022216797,90.00277709960938,89.97928619384766,89.98155212402344,90.01716613769531
M9_YHUR_SLUR,9,HUR,LUR,2025-03-22,2025-03-23,2,Yd,1339.165283203125,1340.826904296875,1337.148681640625,1334.023193359375,1326.5836181640625
M9_YHUR_SLUR,9,HUR,LUR,2025-03-22,2025-03-23,2,TSE,1340.037109375,1349.64306640625,1353.2613525390625,1352.65087890625,1350.4049072265625
M9_YHUR_SLUR,9,HUR,LUR,2025-03-22,2025-03-23,2,TSEC,89.7857666015625,90.00277709960938,90.09140014648438,90.03591918945312,90.05502319335938
M9_YHUR_SLUR,9,HUR,LUR,2025-03-22,2025-03-24,3,Yd,1425.4560546875,1340.826904296875,1327.6334228515625,1308.78857421875,1322.423828125
M9_YHUR_SLUR,9,HUR,LUR,2025-03-22,2025-03-24,3,TSE,1334.2857666015625,1349.64306640625,1349.81689453125,1350.44677734375,1350.9091796875
M9_YHUR_SLUR,9,HUR,LUR,2025-03-22,2025-03-24,3,TSEC,89.35179901123047,90.00277709960938,90.01110076904297,90.09961700439453,90.08216857910156
M9_YHUR_SLUR,9,HUR,LUR,2025-03-23,2025-03-23,1,Yd,1339.165283203125,1341.0589599609375,1353.8092041015625,1342.08349609375,1331.9393310546875
M9_YHUR_SLUR,9,HUR,LUR,2025-03-23,2025-03-23,1,TSE,1340.037109375,1349.647216796875,1353.030517578125,1352.11572265625,1349.91650390625
M9_YHUR_SLUR,9,HUR,LUR,2025-03-23,2025-03-23,1,TSEC,89.7857666015625,90.0024185180664,90.07156372070312,89.9594497680664,90.0261001586914
M9_YHUR_SLUR,9,HUR,LUR,2025-03-23,2025-03-24,2,Yd,1425.4560546875,1341.0589599609375,1350.4066162109375,1268.16943359375,1325.0435791015625
M9_YHUR_SLUR,9,HUR,LUR,2025-03-23,2025-03-24,2,TSE,1334.2857666015625,1349.647216796875,1350.8814697265625,1348.6048583984375,1350.4708251953125
M9_YHUR_SLUR,9,HUR,LUR,2025-03-23,2025-03-24,2,TSEC,89.35179901123047,90.0024185180664,90.00882720947266,89.95134735107422,90.05866241455078
M9_YHUR_SLUR,9,HUR,LUR,2025-03-23,2025-03-25,3,Yd,1250.2288818359375,1341.0589599609375,1346.2625732421875,1275.087646484375,1316.6915283203125
M9_YHUR_SLUR,9,HUR,LUR,2025-03-23,2025-03-25,3,TSE,1364.1011962890625,1349.647216796875,1351.449462890625,1351.544921875,1351.1156005859375
M9_YHUR_SLUR,9,HUR,LUR,2025-03-23,2025-03-25,3,TSEC,90.78441619873047,90.0024185180664,90.11946868896484,90.02643585205078,90.06441497802734
M9_YHUR_SLUR,9,HUR,LUR,2025-03-24,2025-03-24,1,Yd,1425.4560546875,1341.056640625,1330.486572265625,1290.0428466796875,1330.8145751953125
M9_YHUR_SLUR,9,HUR,LUR,2025-03-24,2025-03-24,1,TSE,1334.2857666015625,1349.63525390625,1350.0089111328125,1347.126220703125,1349.9814453125
M9_YHUR_SLUR,9,HUR,LUR,2025-03-24,2025-03-24,1,TSEC,89.35179901123047,90.00215148925781,90.01288604736328,90.10630798339844,90.0226058959961
M9_YHUR_SLUR,9,HUR,LUR,2025-03-24,2025-03-25,2,Yd,1250.2288818359375,1341.056640625,1351.8878173828125,1273.556396484375,1321.0018310546875
M9_YHUR_SLUR,9,HUR,LUR,2025-03-24,2025-03-25,2,TSE,1364.1011962890625,1349.63525390625,1350.4163818359375,1348.174072265625,1350.7381591796875
M9_YHUR_SLUR,9,HUR,LUR,2025-03-24,2025-03-25,2,TSEC,90.78441619873047,90.00215148925781,90.13976287841797,90.1214599609375,90.03761291503906
M9_YHUR_SLUR,9,HUR,LUR,2025-03-24,2025-03-26,3,Yd,1450.2840576171875,1341.056640625,1354.3533935546875,1291.6898193359375,1313.051025390625
M9_YHUR_SLUR,9,HUR,LUR,2025-03-24,2025-03-26,3,TSE,1344.3887939453125,1349.63525390625,1351.53857421875,1350.6126708984375,1351.2537841796875
M9_YHUR_SLUR,9,HUR,LUR,2025-03-24,2025-03-26,3,TSEC,88.81958770751953,90.00215148925781,90.1656494140625,90.06723022460938,90.03204345703125
M9_YHUR_SLUR,9,HUR,LUR,2025-03-25,2025-03-25,1,Yd,1250.2288818359375,1341.1602783203125,1359.8406982421875,1258.6083984375,1327.880859375
M9_YHUR_SLUR,9,HUR,LUR,2025-03-25,2025-03-25,1,TSE,1364.1011962890625,1349.616455078125,1350.2412109375,1348.331787109375,1350.097900390625
M9_YHUR_SLUR,9,HUR,LUR,2025-03-25,2025-03-25,1,TSEC,90.78441619873047,90.0013427734375,90.19889068603516,90.16393280029297,90.0037841796875
M9_YHUR_SLUR,9,HUR,LUR,2025-03-25,2025-03-26,2,Yd,1450.2840576171875,1341.1602783203125,1359.09375,1259.34619140625,1318.8465576171875
M9_YHUR_SLUR,9,HUR,LUR,2025-03-25,2025-03-26,2,TSE,1344.3887939453125,1349.616455078125,1350.843017578125,1348.0589599609375,1350.7132568359375
M9_YHUR_SLUR,9,HUR,LUR,2025-03-25,2025-03-26,2,TSEC,88.81958770751953,90.0013427734375,90.23595428466797,90.13035583496094,90.00897979736328
M9_YHUR_SLUR,9,HUR,LUR,2025-03-25,2025-03-27,3,Yd,1366.078369140625,1341.1602783203125,1330.6468505859375,1309.0863037109375,1315.4156494140625
M9_YHUR_SLUR,9,HUR,LUR,2025-03-25,2025-03-27,3,TSE,1328.366455078125,1349.616455078125,1351.2978515625,1349.41748046875,1350.9268798828125
M9_YHUR_SLUR,9,HUR,LUR,2025-03-25,2025-03-27,3,TSEC,88.8266372680664,90.0013427734375,90.20916748046875,89.83901977539062,90.0094985961914
M9_YHUR_SLUR,9,HUR,LUR,2025-03-26,2025-03-26,1,Yd,1450.2840576171875,1341.048828125,1324.8731689453125,1276.6756591796875,1325.1502685546875
M9_YHUR_SLUR,9,HUR,LUR,2025-03-26,2025-03-26,1,TSE,1344.3887939453125,1349.634033203125,1351.0609130859375,1348.37548828125,1350.2119140625
M9_YHUR_SLUR,9,HUR,LUR,2025-03-26,2025-03-26,1,TSEC,88.81958770751953,90.00231170654297,90.19812774658203,90.04090118408203,89.99608612060547
M9_YHUR_SLUR,9,HUR,LUR,2025-03-26,2025-03-27,2,Yd,1366.078369140625,1341.048828125,1334.737548828125,1300.96240234375,1316.6663818359375
M9_YHUR_SLUR,9,HUR,LUR,2025-03-26,2025-03-27,2,TSE,1328.366455078125,1349.634033203125,1352.0164794921875,1349.9383544921875,1350.6116943359375
M9_YHUR_SLUR,9,HUR,LUR,2025-03-26,2025-03-27,2,TSEC,88.8266372680664,90.00231170654297,90.08971405029297,89.76667785644531,90.00144958496094
M9_YHUR_SLUR,9,HUR,LUR,2025-03-26,2025-03-28,3,Yd,1336.0386962890625,1341.048828125,1347.970703125,1328.064697265625,1310.8875732421875
M9_YHUR_SLUR,9,HUR,LUR,2025-03-26,2025-03-28,3,TSE,1335.357666015625,1349.634033203125,1351.0184326171875,1348.7437744140625,1350.82275390625
M9_YHUR_SLUR,9,HUR,LUR,2025-03-26,2025-03-28,3,TSEC,90.0928726196289,90.00231170654297,89.71665954589844,89.76063537597656,90.00080871582031
M9_YHUR_SLUR,9,HUR,LUR,2025-03-27,2025-03-27,1,Yd,1366.078369140625,1341.1826171875,1333.15234375,1334.728271484375,1327.7506103515625
M9_YHUR_SLUR,9,HUR,LUR,2025-03-27,2025-03-27,1,TSE,1328.366455078125,1349.6278076171875,1352.0469970703125,1353.4056396484375,1349.9219970703125
M9_YHUR_SLUR,9,HUR,LUR,2025-03-27,2025-03-27,1,TSEC,88.8266372680664,90.00086212158203,90.0377197265625,89.8181381225586,89.98883056640625
M9_YHUR_SLUR,9,HUR,LUR,2025-03-27,2025-03-28,2,Yd,1336.0386962890625,1341.1826171875,1334.5718994140625,1324.1773681640625,1320.1435546875
M9_YHUR_SLUR,9,HUR,LUR,2025-03-27,2025-03-28,2,TSE,1335.357666015625,1349.6278076171875,1350.4918212890625,1346.536376953125,1350.3499755859375
M9_YHUR_SLUR,9,HUR,LUR,2025-03-27,2025-03-28,2,TSEC,90.0928726196289,90.00086212158203,89.65325164794922,89.83003234863281,89.99108123779297
M9_YHUR_SLUR,9,HUR,LUR,2025-03-27,2025-03-29,3,Yd,1575.9593505859375,1341.1826171875,1324.128173828125,1346.1761474609375,1316.901611328125
M9_YHUR_SLUR,9,HUR,LUR,2025-03-27,2025-03-29,3,TSE,1346.2440185546875,1349.6278076171875,1351.890625,1346.82861328125,1350.3780517578125
M9_YHUR_SLUR,9,HUR,LUR,2025-03-27,2025-03-29,3,TSEC,89.21885681152344,90.00086212158203,90.0501480102539,89.81620025634766,90.0035400390625
M9_YHUR_SLUR,9,HUR,LUR,2025-03-28,2025-03-28,1,Yd,1336.0386962890625,1341.213134765625,1334.57568359375,1368.11376953125,1329.561279296875
M9_YHUR_SLUR,9,HUR,LUR,2025-03-28,2025-03-28,1,TSE,1335.357666015625,1349.6015625,1350.70068359375,1355.9267578125,1349.7921142578125
M9_YHUR_SLUR,9,HUR,LUR,2025-03-28,2025-03-28,1,TSEC,90.0928726196289,89.99942779541016,89.86463928222656,90.03321075439453,89.97587585449219
M9_YHUR_SLUR,9,HUR,LUR,2025-03-28,2025-03-29,2,Yd,1575.9593505859375,1341.213134765625,1334.74951171875,1312.2701416015625,1324.3636474609375
M9_YHUR_SLUR,9,HUR,LUR,2025-03-28,2025-03-29,2,TSE,1346.2440185546875,1349.6015625,1348.465087890625,1346.026123046875,1350.0374755859375
M9_YHUR_SLUR,9,HUR,LUR,2025-03-28,2025-03-29,2,TSEC,89.21885681152344,89.99942779541016,90.11624145507812,89.95878601074219,89.98485565185547
M9_YHUR_SLUR,9,HUR,LUR,2025-03-28,2025-03-30,3,Yd,1256.42138671875,1341.213134765625,1341.0003662109375,1333.0328369140625,1322.7535400390625
M9_YHUR_SLUR,9,HUR,LUR,2025-03-28,2025-03-30,3,TSE,1360.540771484375,1349.6015625,1348.60888671875,1349.539306640625,1350.1138916015625
M9_YHUR_SLUR,9,HUR,LUR,2025-03-28,2025-03-30,3,TSEC,90.35610961914062,89.99942779541016,90.13813018798828,89.9375228881836,90.00508880615234
M9_YHUR_SLUR,9,HUR,LUR,2025-03-29,2025-03-29,1,Yd,1575.9593505859375,1341.206787109375,1331.041015625,1305.1290283203125,1331.1551513671875
M9_YHUR_SLUR,9,HUR,LUR,2025-03-29,2025-03-29,1,TSE,1346.2440185546875,1349.584228515625,1348.1695556640625,1349.7568359375,1349.6961669921875
M9_YHUR_SLUR,9,HUR,LUR,2025-03-29,2025-03-29,1,TSEC,89.21885681152344,89.99954223632812,90.01779174804688,89.98114013671875,89.97933959960938
M9_YHUR_SLUR,9,HUR,LUR,2025-03-29,2025-03-30,2,Yd,1256.42138671875,1341.206787109375,1360.9315185546875,1317.169677734375,1327.128173828125
M9_YHUR_SLUR,9,HUR,LUR,2025-03-29,2025-03-30,2,TSE,1360.540771484375,1349.584228515625,1347.6419677734375,1351.51318359375,1350.04638671875
M9_YHUR_SLUR,9,HUR,LUR,2025-03-29,2025-03-30,2,TSEC,90.35610961914062,89.99954223632812,90.04036712646484,89.96904754638672,89.99778747558594
M9_YHUR_SLUR,9,HUR,LUR,2025-03-29,2025-03-31,3,Yd,1167.60693359375,1341.206787109375,1346.31201171875,1315.871826171875,1323.997314453125
M9_YHUR_SLUR,9,HUR,LUR,2025-03-29,2025-03-31,3,TSE,1342.993408203125,1349.584228515625,1350.4466552734375,1351.937744140625,1350.4068603515625
M9_YHUR_SLUR,9,HUR,LUR,2025-03-29,2025-03-31,3,TSEC,90.43976593017578,89.99954223632812,89.97798156738281,90.01119232177734,90.00579071044922
M9_YHUR_SLUR,9,HUR,LUR,2025-03-30,2025-03-30,1,Yd,1256.42138671875,1341.493408203125,1345.8424072265625,1296.44091796875,1332.94091796875
M9_YHUR_SLUR,9,HUR,LUR,2025-03-30,2025-03-30,1,TSE,1360.540771484375,1349.580078125,1348.6090087890625,1353.0272216796875,1349.79052734375
M9_YHUR_SLUR,9,HUR,LUR,2025-03-30,2025-03-30,1,TSEC,90.35610961914062,89.99858856201172,90.0463638305664,89.95993041992188,89.99398803710938
M9_YHUR_SLUR,9,HUR,LUR,2025-03-30,2025-03-31,2,Yd,1167.60693359375,1341.493408203125,1339.5762939453125,1332.9212646484375,1327.708984375
M9_YHUR_SLUR,9,HUR,LUR,2025-03-30,2025-03-31,2,TSE,1342.993408203125,1349.580078125,1344.81591796875,1350.0867919921875,1350.28564453125
M9_YHUR_SLUR,9,HUR,LUR,2025-03-30,2025-03-31,2,TSEC,90.43976593017578,89.99858856201172,90.04529571533203,89.9368667602539,90.00466918945312
M9_YHUR_SLUR,9,HUR,LUR,2025-03-30,2025-04-01,3,Yd,1424.064208984375,1341.493408203125,1342.3499755859375,1326.398681640625,1322.9620361328125
M9_YHUR_SLUR,9,HUR,LUR,2025-03-30,2025-04-01,3,TSE,1363.6116943359375,1349.580078125,1345.1357421875,1352.46484375,1350.697998046875
M9_YHUR_SLUR,9,HUR,LUR,2025-03-30,2025-04-01,3,TSEC,89.4600601196289,89.99858856201172,90.13858795166016,90.03714752197266,90.00083923339844
