case_id,M,yd_level,solar_level,origin_date,target_date,step,variable,true,MEAN,ARIMA,RNN,LSTM
M8_YLUR_SHUR,8,LUR,HUR,2024-12-31,2024-12-31,1,Yd,1184.1019287109375,1199.93359375,1202.068359375,1198.41943359375,1199.679443359375
M8_YLUR_SHUR,8,LUR,HUR,2024-12-31,2024-12-31,1,TSE,1219.8555908203125,1203.55615234375,1211.4466552734375,1221.2520751953125,1203.3397216796875
M8_YLUR_SHUR,8,LUR,HUR,2024-12-31,2024-12-31,1,TSEC,86.3269271850586,79.7116928100586,78.7601089477539,80.1109848022461,79.44859313964844
M8_YLUR_SHUR,8,LUR,HUR,2024-12-31,2025-01-01,2,Yd,1211.4107666015625,1199.93359375,1200.5189208984375,1199.8135986328125,1199.54150390625
M8_YLUR_SHUR,8,LUR,HUR,2024-12-31,2025-01-01,2,TSE,1031.7191162109375,1203.55615234375,1195.4085693359375,1193.6480712890625,1201.45263671875
M8_YLUR_SHUR,8,LUR,HUR,2024-12-31,2025-01-01,2,TSEC,86.30472564697266,79.7116928100586,79.70720672607422,80.43779754638672,79.37603759765625
M8_YLUR_SHUR,8,LUR,HUR,2024-12-31,2025-01-02,3,Yd,1195.520263671875,1199.93359375,1199.3367919921875,1201.0540771484375,1199.5648193359375
M8_YLUR_SHUR,8,LUR,HUR,2024-12-31,2025-01-02,3,TSE,1040.467041015625,1203.55615234375,1209.5146484375,1236.4847412109375,1198.6331787109375
M8_YLUR_SHUR,8,LUR,HUR,2024-12-31,2025-01-02,3,TSEC,85.6400146484375,79.7116928100586,78.66292572021484,79.4627456665039,79.4510498046875
M8_YLUR_SHUR,8,LUR,HUR,2025-01-01,2025-01-01,1,Yd,1211.4107666015625,1199.9119873046875,1198.127197265625,1201.279052734375,1199.559326171875
M8_YLUR_SHUR,8,LUR,HUR,2025-01-01,2025-01-01,1,TSE,1031.7191162109375,1203.5784912109375,1195.6895751953125,1177.8475341796875,1202.3472900390625
M8_YLUR_SHUR,8,LUR,HUR,2025-01-01,2025-01-01,1,TSEC,86.30472564697266,79.72074127197266,79.19749450683594,77.38054656982422,79.3827133178711
M8_YLUR_SHUR,8,LUR,HUR,2025-01-01,2025-01-02,2,Yd,1195.520263671875,1199.9119873046875,1199.7149658203125,1198.3463134765625,1199.5367431640625
M8_YLUR_SHUR,8,LUR,HUR,2025-01-01,2025-01-02,2,TSE,1040.467041015625,1203.5784912109375,1209.85693359375,1236.7977294921875,1200.1920166015625
M8_YLUR_SHUR,8,LUR,HUR,2025-01-01,2025-01-02,2,TSEC,85.6400146484375,79.72074127197266,80.29988861083984,78.21287536621094,79.37570190429688
M8_YLUR_SHUR,8,LUR,HUR,2025-01-01,2025-01-03,3,Yd,1195.50439453125,1199.9119873046875,1200.854248046875,1197.9320068359375,1199.7188720703125
M8_YLUR_SHUR,8,LUR,HUR,2025-01-01,2025-01-03,3,TSE,1038.1982421875,1203.5784912109375,1211.8582763671875,1192.575927734375,1197.5645751953125
M8_YLUR_SHUR,8,LUR,HUR,2025-01-01,2025-01-03,3,TSEC,77.4292984008789,79.72074127197266,78.186279296875,78.66887664794922,79.599853515625
M8_YLUR_SHUR,8,LUR,HUR,2025-01-02,2025-01-02,1,Yd,1195.520263671875,1199.927734375,1200.681396484375,1198.5069580078125,1199.65576171875
M8_YLUR_SHUR,8,LUR,HUR,2025-01-02,2025-01-02,1,TSE,1040.467041015625,1203.34375,1200.8880615234375,1209.616943359375,1203.27587890625
M8_YLUR_SHUR,8,LUR,HUR,2025-01-02,2025-01-02,1,TSEC,85.6400146484375,79.72972869873047,78.7718276977539,78.41088104248047,79.3858642578125
M8_YLUR_SHUR,8,LUR,HUR,2025-01-02,2025-01-03,2,Yd,1195.50439453125,1199.927734375,1201.32568359375,1197.479736328125,1199.7171630859375
M8_YLUR_SHUR,8,LUR,HUR,2025-01-02,2025-01-03,2,TSE,1038.1982421875,1203.34375,1211.203369140625,1193.240966796875,1202.0445556640625
M8_YLUR_SHUR,8,LUR,HUR,2025-01-02,2025-01-03,2,TSEC,77.4292984008789,79.72972869873047,81.20707702636719,78.61543273925781,79.42194366455078
M8_YLUR_SHUR,8,LUR,HUR,2025-01-02,2025-01-04,3,Yd,1184.876953125,1199.927734375,1200.8310546875,1202.577392578125,1199.7080078125
M8_YLUR_SHUR,8,LUR,HUR,2025-01-02,2025-01-04,3,TSE,1109.0076904296875,1203.34375,1211.9183349609375,1167.9403076171875,1200.8199462890625
M8_YLUR_SHUR,8,LUR,HUR,2025-01-02,2025-01-04,3,TSEC,80.7867202758789,79.72972869873047,79.73579406738281,79.23429107666016,79.62847137451172
M8_YLUR_SHUR,8,LUR,HUR,2025-01-03,2025-01-03,1,Yd,1195.50439453125,1199.9217529296875,1199.942138671875,1201.24951171875,1199.826904296875
M8_YLUR_SHUR,8,LUR,HUR,2025-01-03,2025-01-03,1,TSE,1038.1982421875,1203.1214599609375,1205.06591796875,1185.7491455078125,1204.967041015625
M8_YLUR_SHUR,8,LUR,HUR,2025-01-03,2025-01-03,1,TSEC,77.4292984008789,79.73779296875,80.47443389892578,77.997314453125,79.46742248535156
M8_YLUR_SHUR,8,LUR,HUR,2025-01-03,2025-01-04,2,Yd,1184.876953125,1199.9217529296875,1200.2724609375,1198.5218505859375,1199.7530517578125
M8_YLUR_SHUR,8,LUR,HUR,2025-01-03,2025-01-04,2,TSE,1109.0076904296875,1203.1214599609375,1196.8311767578125,1195.2210693359375,1204.219970703125
M8_YLUR_SHUR,8,LUR,HUR,2025-01-03,2025-01-04,2,TSEC,80.7867202758789,79.73779296875,80.0938720703125,77.80509948730469,79.5872802734375
M8_YLUR_SHUR,8,LUR,HUR,2025-01-03,2025-01-05,3,Yd,1199.27978515625,1199.9217529296875,1197.6842041015625,1200.6148681640625,1199.3804931640625
M8_YLUR_SHUR,8,LUR,HUR,2025-01-03,2025-01-05,3,TSE,1183.6126708984375,1203.1214599609375,1188.5745849609375,1174.790771484375,1203.884765625
M8_YLUR_SHUR,8,LUR,HUR,2025-01-03,2025-01-05,3,TSEC,70.38216400146484,79.73779296875,79.6197280883789,80.73973846435547,79.65255737304688
M8_YLUR_SHUR,8,LUR,HUR,2025-01-04,2025-01-04,1,Yd,1184.876953125,1199.9156494140625,1199.9989013671875,1200.173095703125,1199.8505859375
M8_YLUR_SHUR,8,LUR,HUR,2025-01-04,2025-01-04,1,TSE,1109.0076904296875,1202.8968505859375,1192.3790283203125,1192.4053955078125,1204.69921875
M8_YLUR_SHUR,8,LUR,HUR,2025-01-04,2025-01-04,1,TSEC,80.7867202758789,79.73464965820312,80.20010375976562,79.58161163330078,79.63544464111328
M8_YLUR_SHUR,8,LUR,HUR,2025-01-04,2025-01-05,2,Yd,1199.27978515625,1199.9156494140625,1197.95263671875,1199.9139404296875,1199.53662109375
M8_YLUR_SHUR,8,LUR,HUR,2025-01-04,2025-01-05,2,TSE,1183.6126708984375,1202.8968505859375,1213.932861328125,1201.951904296875,1204.825927734375
M8_YLUR_SHUR,8,LUR,HUR,2025-01-04,2025-01-05,2,TSEC,70.38216400146484,79.73464965820312,79.53270721435547,76.23217010498047,79.67807006835938
M8_YLUR_SHUR,8,LUR,HUR,2025-01-04,2025-01-06,3,Yd,1194.7987060546875,1199.9156494140625,1197.748046875,1201.71728515625,1199.2467041015625
M8_YLUR_SHUR,8,LUR,HUR,2025-01-04,2025-01-06,3,TSE,1209.4945068359375,1202.8968505859375,1209.2003173828125,1213.9261474609375,1206.72314453125
M8_YLUR_SHUR,8,LUR,HUR,2025-01-04,2025-01-06,3,TSEC,90.08769226074219,79.73464965820312,80.33171081542969,77.97164154052734,79.51644897460938
M8_YLUR_SHUR,8,LUR,HUR,2025-01-05,2025-01-05,1,Yd,1199.27978515625,1199.895263671875,1196.51513671875,1200.2789306640625,1199.65625
M8_YLUR_SHUR,8,LUR,HUR,2025-01-05,2025-01-05,1,TSE,1183.6126708984375,1202.76904296875,1183.980224609375,1176.955078125,1205.9664306640625
M8_YLUR_SHUR,8,LUR,HUR,2025-01-05,2025-01-05,1,TSEC,70.38216400146484,79.736083984375,79.40448760986328,79.86497497558594,79.62718200683594
M8_YLUR_SHUR,8,LUR,HUR,2025-01-05,2025-01-06,2,Yd,1194.7987060546875,1199.895263671875,1198.0865478515625,1200.0198974609375,1199.4874267578125
M8_YLUR_SHUR,8,LUR,HUR,2025-01-05,2025-01-06,2,TSE,1209.4945068359375,1202.76904296875,1218.415771484375,1188.8558349609375,1208.5084228515625
M8_YLUR_SHUR,8,LUR,HUR,2025-01-05,2025-01-06,2,TSEC,90.08769226074219,79.736083984375,79.79293060302734,77.43780517578125,79.46597290039062
M8_YLUR_SHUR,8,LUR,HUR,2025-01-05,2025-01-07,3,Yd,1209.804931640625,1199.895263671875,1200.1875,1200.5361328125,1199.5447998046875
M8_YLUR_SHUR,8,LUR,HUR,2025-01-05,2025-01-07,3,TSE,1085.5157470703125,1202.76904296875,1209.4581298828125,1184.740966796875,1207.8148193359375
M8_YLUR_SHUR,8,LUR,HUR,2025-01-05,2025-01-07,3,TSEC,82.2703628540039,79.736083984375,78.25642395019531,76.59790802001953,79.48882293701172
M8_YLUR_SHUR,8,LUR,HUR,2025-01-06,2025-01-06,1,Yd,1194.7987060546875,1199.8944091796875,1198.5440673828125,1198.389404296875,1199.6923828125
M8_YLUR_SHUR,8,LUR,HUR,2025-01-06,2025-01-06,1,TSE,1209.4945068359375,1202.742919921875,1218.6453857421875,1200.0562744140625,1206.602783203125
M8_YLUR_SHUR,8,LUR,HUR,2025-01-06,2025-01-06,1,TSEC,90.08769226074219,79.72338104248047,80.11881256103516,79.77793884277344,79.51464080810547
M8_YLUR_SHUR,8,LUR,HUR,2025-01-06,2025-01-07,2,Yd,1209.804931640625,1199.8944091796875,1200.7532958984375,1196.45849609375,1199.6212158203125
M8_YLUR_SHUR,8,LUR,HUR,2025-01-06,2025-01-07,2,TSE,1085.5157470703125,1202.742919921875,1210.0223388671875,1202.4158935546875,1206.6380615234375
M8_YLUR_SHUR,8,LUR,HUR,2025-01-06,2025-01-07,2,TSEC,82.2703628540039,79.72338104248047,79.26885986328125,79.00369262695312,79.51061248779297
M8_YLUR_SHUR,8,LUR,HUR,2025-01-06,2025-01-08,3,Yd,1184.9754638671875,1199.8944091796875,1201.3902587890625,1198.0711669921875,1199.3038330078125
M8_YLUR_SHUR,8,LUR,HUR,2025-01-06,2025-01-08,3,TSE,1539.4725341796875,1202.742919921875,1192.662841796875,1208.8277587890625,1206.141357421875
M8_YLUR_SHUR,8,LUR,HUR,2025-01-06,2025-01-08,3,TSEC,86.81490325927734,79.72338104248047,79.53075408935547,78.57525634765625,79.5113525390625
M8_YLUR_SHUR,8,LUR,HUR,2025-01-07,2025-01-07,1,Yd,1209.804931640625,1199.887451171875,1199.65283203125,1198.5059814453125,1199.5291748046875
M8_YLUR_SHUR,8,LUR,HUR,2025-01-07,2025-01-07,1,TSE,1085.5157470703125,1202.7520751953125,1202.833740234375,1197.493896484375,1205.912353515625
M8_YLUR_SHUR,8,LUR,HUR,2025-01-07,2025-01-07,1,TSEC,82.2703628540039,79.73744201660156,77.18972778320312,78.74645233154297,79.41138458251953
M8_YLUR_SHUR,8,LUR,HUR,2025-01-07,2025-01-08,2,Yd,1184.9754638671875,1199.887451171875,1200.7437744140625,1197.8861083984375,1199.1552734375
M8_YLUR_SHUR,8,LUR,HUR,2025-01-07,2025-01-08,2,TSE,1539.4725341796875,1202.7520751953125,1193.47021484375,1246.8875732421875,1207.141845703125
M8_YLUR_SHUR,8,LUR,HUR,2025-01-07,2025-01-08,2,TSEC,86.81490325927734,79.73744201660156,80.60115814208984,77.83613586425781,79.28057098388672
M8_YLUR_SHUR,8,LUR,HUR,2025-01-07,2025-01-09,3,Yd,1215.9039306640625,1199.887451171875,1198.8575439453125,1199.0228271484375,1198.941650390625
M8_YLUR_SHUR,8,LUR,HUR,2025-01-07,2025-01-09,3,TSE,1332.41796875,1202.7520751953125,1194.155029296875,1201.2506103515625,1207.2274169921875
M8_YLUR_SHUR,8,LUR,HUR,2025-01-07,2025-01-09,3,TSEC,81.7437515258789,79.73744201660156,77.58740997314453,78.09502410888672,79.24190521240234
M8_YLUR_SHUR,8,LUR,HUR,2025-01-08,2025-01-08,1,Yd,1184.9754638671875,1199.90087890625,1201.4884033203125,1198.6668701171875,1199.2835693359375
M8_YLUR_SHUR,8,LUR,HUR,2025-01-08,2025-01-08,1,TSE,1539.4725341796875,1202.5933837890625,1184.784912109375,1172.8001708984375,1206.8292236328125
M8_YLUR_SHUR,8,LUR,HUR,2025-01-08,2025-01-08,1,TSEC,86.81490325927734,79.74087524414062,80.5221939086914,77.6664810180664,79.29146575927734
M8_YLUR_SHUR,8,LUR,HUR,2025-01-08,2025-01-09,2,Yd,1215.9039306640625,1199.90087890625,1198.4339599609375,1197.212646484375,1199.06640625
M8_YLUR_SHUR,8,LUR,HUR,2025-01-08,2025-01-09,2,TSE,1332.41796875,1202.5933837890625,1214.749267578125,1222.7445068359375,1208.1844482421875
M8_YLUR_SHUR,8,LUR,HUR,2025-01-08,2025-01-09,2,TSEC,81.7437515258789,79.74087524414062,77.96678161621094,76.85881042480469,79.17724609375
M8_YLUR_SHUR,8,LUR,HUR,2025-01-08,2025-01-10,3,Yd,1190.9102783203125,1199.90087890625,1200.965576171875,1198.666748046875,1199.214111328125
M8_YLUR_SHUR,8,LUR,HUR,2025-01-08,2025-01-10,3,TSE,1162.0673828125,1202.5933837890625,1215.6243896484375,1198.8497314453125,1208.456787109375
M8_YLUR_SHUR,8,LUR,HUR,2025-01-08,2025-01-10,3,TSEC,86.30024719238281,79.74087524414062,82.1075439453125,77.1524429321289,79.14705657958984
M8_YLUR_SHUR,8,LUR,HUR,2025-01-09,2025-01-09,1,Yd,1215.9039306640625,1199.8807373046875,1197.3050537109375,1200.86328125,1199.5855712890625
M8_YLUR_SHUR,8,LUR,HUR,2025-01-09,2025-01-09,1,TSE,1332.41796875,1203.0491943359375,1216.0272216796875,1202.055419921875,1206.1029052734375
M8_YLUR_SHUR,8,LUR,HUR,2025-01-09,2025-01-09,1,TSEC,81.7437515258789,79.75044250488281,79.83438110351562,80.72897338867188,79.26374816894531
M8_YLUR_SHUR,8,LUR,HUR,2025-01-09,2025-01-10,2,Yd,1190.9102783203125,1199.8807373046875,1201.8472900390625,1205.4886474609375,1199.615966796875
M8_YLUR_SHUR,8,LUR,HUR,2025-01-09,2025-01-10,2,TSE,1162.0673828125,1203.0491943359375,1191.8155517578125,1176.7799072265625,1207.8070068359375
M8_YLUR_SHUR,8,LUR,HUR,2025-01-09,2025-01-10,2,TSEC,86.30024719238281,79.75044250488281,77.88172149658203,78.78018188476562,79.24531555175781
M8_YLUR_SHUR,8,LUR,HUR,2025-01-09,2025-01-11,3,Yd,1209.2843017578125,1199.8807373046875,1200.034912109375,1202.817138671875,1199.638671875
M8_YLUR_SHUR,8,LUR,HUR,2025-01-09,2025-01-11,3,TSE,1088.6263427734375,1203.0491943359375,1196.207763671875,1167.1136474609375,1208.15478515625
M8_YLUR_SHUR,8,LUR,HUR,2025-01-09,2025-01-11,3,TSEC,77.8138427734375,79.75044250488281,79.0767822265625,78.3497543334961,79.3405532836914
M8_YLUR_SHUR,8,LUR,HUR,2025-01-10,2025-01-10,1,Yd,1190.9102783203125,1199.90234375,1203.541259765625,1200.3392333984375,1199.753173828125
M8_YLUR_SHUR,8,LUR,HUR,2025-01-10,2025-01-10,1,TSE,1162.0673828125,1203.2239990234375,1220.600830078125,1196.934814453125,1206.134765625
M8_YLUR_SHUR,8,LUR,HUR,2025-01-10,2025-01-10,1,TSEC,86.30024719238281,79.75314331054688,81.74825286865234,80.80638885498047,79.4362564086914
M8_YLUR_SHUR,8,LUR,HUR,2025-01-10,2025-01-11,2,Yd,1209.2843017578125,1199.90234375,1199.5675048828125,1198.3079833984375,1199.6585693359375
M8_YLUR_SHUR,8,LUR,HUR,2025-01-10,2025-01-11,2,TSE,1088.6263427734375,1203.2239990234375,1200.556884765625,1211.07861328125,1206.2528076171875
M8_YLUR_SHUR,8,LUR,HUR,2025-01-10,2025-01-11,2,TSEC,77.8138427734375,79.75314331054688,79.54729461669922,78.71693420410156,79.4798812866211
M8_YLUR_SHUR,8,LUR,HUR,2025-01-10,2025-01-12,3,Yd,1209.7158203125,1199.90234375,1198.447021484375,1197.3587646484375,1199.2271728515625
M8_YLUR_SHUR,8,LUR,HUR,2025-01-10,2025-01-12,3,TSE,1132.578125,1203.2239990234375,1188.874267578125,1195.383544921875,1207.13134765625
M8_YLUR_SHUR,8,LUR,HUR,2025-01-10,2025-01-12,3,TSEC,83.56132507324219,79.75314331054688,80.26343536376953,81.04723358154297,79.48526763916016
M8_YLUR_SHUR,8,LUR,HUR,2025-01-11,2025-01-11,1,Yd,1209.2843017578125,1199.89013671875,1198.371337890625,1198.812744140625,1199.705322265625
M8_YLUR_SHUR,8,LUR,HUR,2025-01-11,2025-01-11,1,TSE,1088.6263427734375,1203.16845703125,1202.6561279296875,1170.1610107421875,1204.9241943359375
M8_YLUR_SHUR,8,LUR,HUR,2025-01-11,2025-01-11,1,TSEC,77.8138427734375,79.76197814941406,79.4177474975586,79.95548248291016,79.63778686523438
M8_YLUR_SHUR,8,LUR,HUR,2025-01-11,2025-01-12,2,Yd,1209.7158203125,1199.89013671875,1198.598388671875,1197.8748779296875,1199.287109375
M8_YLUR_SHUR,8,LUR,HUR,2025-01-11,2025-01-12,2,TSE,1132.578125,1203.16845703125,1203.4627685546875,1213.91015625,1205.7947998046875
M8_YLUR_SHUR,8,LUR,HUR,2025-01-11,2025-01-12,2,TSEC,83.56132507324219,79.76197814941406,80.47455596923828,79.01236724853516,79.64849090576172
M8_YLUR_SHUR,8,LUR,HUR,2025-01-11,2025-01-13,3,Yd,1186.8829345703125,1199.89013671875,1197.7803955078125,1198.1639404296875,1198.8857421875
M8_YLUR_SHUR,8,LUR,HUR,2025-01-11,2025-01-13,3,TSE,1277.17626953125,1203.16845703125,1203.3458251953125,1200.70458984375,1208.8218994140625
M8_YLUR_SHUR,8,LUR,HUR,2025-01-11,2025-01-13,3,TSEC,92.69020080566406,79.76197814941406,79.30718231201172,80.32206726074219,79.41297149658203
M8_YLUR_SHUR,8,LUR,HUR,2025-01-12,2025-01-12,1,Yd,1209.7158203125,1199.90283203125,1200.5582275390625,1194.932373046875,1199.4923095703125
M8_YLUR_SHUR,8,LUR,HUR,2025-01-12,2025-01-12,1,TSE,1132.578125,1203.0140380859375,1208.65478515625,1189.65673828125,1205.8756103515625
M8_YLUR_SHUR,8,LUR,HUR,2025-01-12,2025-01-12,1,TSEC,83.56132507324219,79.75934600830078,80.0329818725586,80.31978607177734,79.62078857421875
M8_YLUR_SHUR,8,LUR,HUR,2025-01-12,2025-01-13,2,Yd,1186.8829345703125,1199.90283203125,1199.0133056640625,1196.502685546875,1199.153076171875
M8_YLUR_SHUR,8,LUR,HUR,2025-01-12,2025-01-13,2,TSE,1277.17626953125,1203.0140380859375,1200.719482421875,1188.7811279296875,1208.8486328125
M8_YLUR_SHUR,8,LUR,HUR,2025-01-12,2025-01-13,2,TSEC,92.69020080566406,79.75934600830078,79.41350555419922,78.02304077148438,79.42192840576172
M8_YLUR_SHUR,8,LUR,HUR,2025-01-12,2025-01-14,3,Yd,1200.0709228515625,1199.90283203125,1199.28955078125,1198.6270751953125,1199.03369140625
M8_YLUR_SHUR,8,LUR,HUR,2025-01-12,2025-01-14,3,TSE,1041.9171142578125,1203.0140380859375,1201.0057373046875,1247.224609375,1210.1214599609375
M8_YLUR_SHUR,8,LUR,HUR,2025-01-12,2025-01-14,3,TSEC,68.56411743164062,79.75934600830078,79.8998031616211,78.6557846069336,79.26255798339844
M8_YLUR_SHUR,8,LUR,HUR,2025-01-13,2025-01-13,1,Yd,1186.8829345703125,1199.916015625,1198.404052734375,1196.655029296875,1199.40185546875
M8_YLUR_SHUR,8,LUR,HUR,2025-01-13,2025-01-13,1,TSE,1277.17626953125,1202.919189453125,1208.14697265625,1192.4842529296875,1208.216552734375
M8_YLUR_SHUR,8,LUR,HUR,2025-01-13,2025-01-13,1,TSEC,92.69020080566406,79.76446533203125,78.5390396118164,79.53909301757812,79.41741943359375
M8_YLUR_SHUR,8,LUR,HUR,2025-01-13,2025-01-14,2,Yd,1200.0709228515625,1199.916015625,1200.3642578125,1197.933837890625,1199.1180419921875
M8_YLUR_SHUR,8,LUR,HUR,2025-01-13,2025-01-14,2,TSE,1041.9171142578125,1202.919189453125,1205.4117431640625,1201.8712158203125,1209.663818359375
M8_YLUR_SHUR,8,LUR,HUR,2025-01-13,2025-01-14,2,TSEC,68.56411743164062,79.76446533203125,80.18679809570312,76.90729522705078,79.2948226928711
M8_YLUR_SHUR,8,LUR,HUR,2025-01-13,2025-01-15,3,Yd,1215.94775390625,1199.916015625,1200.73486328125,1200.0806884765625,1198.7471923828125
M8_YLUR_SHUR,8,LUR,HUR,2025-01-13,2025-01-15,3,TSE,1140.059326171875,1202.919189453125,1208.4527587890625,1186.7677001953125,1209.458984375
M8_YLUR_SHUR,8,LUR,HUR,2025-01-13,2025-01-15,3,TSEC,90.71268463134766,79.76446533203125,78.82178497314453,78.65513610839844,79.23539733886719
M8_YLUR_SHUR,8,LUR,HUR,2025-01-14,2025-01-14,1,Yd,1200.0709228515625,1199.8985595703125,1199.456787109375,1199.6923828125,1199.371337890625
M8_YLUR_SHUR,8,LUR,HUR,2025-01-14,2025-01-14,1,TSE,1041.9171142578125,1203.01904296875,1221.6124267578125,1174.781005859375,1206.8031005859375
M8_YLUR_SHUR,8,LUR,HUR,2025-01-14,2025-01-14,1,TSEC,68.56411743164062,79.7818374633789,80.35421752929688,78.97310638427734,79.3312759399414
M8_YLUR_SHUR,8,LUR,HUR,2025-01-14,2025-01-15,2,Yd,1215.94775390625,1199.8985595703125,1200.9134521484375,1199.1544189453125,1198.919189453125
M8_YLUR_SHUR,8,LUR,HUR,2025-01-14,2025-01-15,2,TSE,1140.059326171875,1203.01904296875,1178.752685546875,1201.5399169921875,1207.7088623046875
M8_YLUR_SHUR,8,LUR,HUR,2025-01-14,2025-01-15,2,TSEC,90.71268463134766,79.7818374633789,79.81651306152344,77.21418762207031,79.13740539550781
M8_YLUR_SHUR,8,LUR,HUR,2025-01-14,2025-01-16,3,Yd,1219.9005126953125,1199.8985595703125,1199.229248046875,1202.467041015625,1198.6611328125
M8_YLUR_SHUR,8,LUR,HUR,2025-01-14,2025-01-16,3,TSE,1242.09423828125,1203.01904296875,1211.104248046875,1191.1348876953125,1209.2996826171875
M8_YLUR_SHUR,8,LUR,HUR,2025-01-14,2025-01-16,3,TSEC,67.91153717041016,79.7818374633789,80.16608428955078,76.57320404052734,79.08174896240234
M8_YLUR_SHUR,8,LUR,HUR,2025-01-15,2025-01-15,1,Yd,1215.94775390625,1199.8988037109375,1201.298095703125,1197.4141845703125,1199.2861328125
M8_YLUR_SHUR,8,LUR,HUR,2025-01-15,2025-01-15,1,TSE,1140.059326171875,1202.8028564453125,1217.637939453125,1199.1588134765625,1206.281494140625
M8_YLUR_SHUR,8,LUR,HUR,2025-01-15,2025-01-15,1,TSEC,90.71268463134766,79.76677703857422,80.10366821289062,79.15247344970703,79.33055114746094
M8_YLUR_SHUR,8,LUR,HUR,2025-01-15,2025-01-16,2,Yd,1219.9005126953125,1199.8988037109375,1199.679931640625,1195.962646484375,1199.0701904296875
M8_YLUR_SHUR,8,LUR,HUR,2025-01-15,2025-01-16,2,TSE,1242.09423828125,1202.8028564453125,1198.027099609375,1227.353271484375,1207.7203369140625
M8_YLUR_SHUR,8,LUR,HUR,2025-01-15,2025-01-16,2,TSEC,67.91153717041016,79.76677703857422,79.94497680664062,79.76451873779297,79.24986267089844
M8_YLUR_SHUR,8,LUR,HUR,2025-01-15,2025-01-17,3,Yd,1185.0135498046875,1199.8988037109375,1201.2718505859375,1198.882568359375,1199.147216796875
M8_YLUR_SHUR,8,LUR,HUR,2025-01-15,2025-01-17,3,TSE,1222.12939453125,1202.8028564453125,1201.655029296875,1218.3359375,1207.0755615234375
M8_YLUR_SHUR,8,LUR,HUR,2025-01-15,2025-01-17,3,TSEC,87.18360900878906,79.76677703857422,78.80451202392578,77.86297607421875,79.2765121459961
M8_YLUR_SHUR,8,LUR,HUR,2025-01-16,2025-01-16,1,Yd,1219.9005126953125,1199.9202880859375,1200.8121337890625,1198.3138427734375,1199.393798828125
M8_YLUR_SHUR,8,LUR,HUR,2025-01-16,2025-01-16,1,TSE,1242.09423828125,1202.71875,1210.1492919921875,1185.7164306640625,1207.702880859375
M8_YLUR_SHUR,8,LUR,HUR,2025-01-16,2025-01-16,1,TSEC,67.91153717041016,79.78145599365234,78.17845153808594,76.62315368652344,79.26378631591797
M8_YLUR_SHUR,8,LUR,HUR,2025-01-16,2025-01-17,2,Yd,1185.0135498046875,1199.9202880859375,1200.8812255859375,1200.212646484375,1199.2901611328125
M8_YLUR_SHUR,8,LUR,HUR,2025-01-16,2025-01-17,2,TSE,1222.12939453125,1202.71875,1217.3880615234375,1186.6253662109375,1209.3892822265625
M8_YLUR_SHUR,8,LUR,HUR,2025-01-16,2025-01-17,2,TSEC,87.18360900878906,79.78145599365234,82.37003326416016,75.6547622680664,79.2013168334961
M8_YLUR_SHUR,8,LUR,HUR,2025-01-16,2025-01-18,3,Yd,1193.1484375,1199.9202880859375,1200.4735107421875,1198.8623046875,1199.19970703125
M8_YLUR_SHUR,8,LUR,HUR,2025-01-16,2025-01-18,3,TSE,1507.13330078125,1202.71875,1201.15673828125,1199.8531494140625,1209.3673095703125
M8_YLUR_SHUR,8,LUR,HUR,2025-01-16,2025-01-18,3,TSEC,79.6016845703125,79.78145599365234,79.67528533935547,77.88419342041016,79.32575225830078
M8_YLUR_SHUR,8,LUR,HUR,2025-01-17,2025-01-17,1,Yd,1185.0135498046875,1199.947021484375,1201.8326416015625,1199.5743408203125,1199.678466796875
M8_YLUR_SHUR,8,LUR,HUR,2025-01-17,2025-01-17,1,TSE,1222.12939453125,1202.7713623046875,1221.145263671875,1197.854736328125,1206.449951171875
M8_YLUR_SHUR,8,LUR,HUR,2025-01-17,2025-01-17,1,TSEC,87.18360900878906,79.76556396484375,79.44432067871094,80.6134033203125,79.4482192993164
M8_YLUR_SHUR,8,LUR,HUR,2025-01-17,2025-01-18,2,Yd,1193.1484375,1199.947021484375,1200.3330078125,1196.0386962890625,1199.5599365234375
M8_YLUR_SHUR,8,LUR,HUR,2025-01-17,2025-01-18,2,TSE,1507.13330078125,1202.7713623046875,1201.034423828125,1220.9979248046875,1206.7884521484375
M8_YLUR_SHUR,8,LUR,HUR,2025-01-17,2025-01-18,2,TSEC,79.6016845703125,79.76556396484375,79.26942443847656,78.87818908691406,79.50640869140625
M8_YLUR_SHUR,8,LUR,HUR,2025-01-17,2025-01-19,3,Yd,1212.6043701171875,1199.947021484375,1198.4520263671875,1197.951904296875,1199.2198486328125
M8_YLUR_SHUR,8,LUR,HUR,2025-01-17,2025-01-19,3,TSE,1190.0078125,1202.7713623046875,1190.152587890625,1199.0340576171875,1207.490478515625
M8_YLUR_SHUR,8,LUR,HUR,2025-01-17,2025-01-19,3,TSEC,72.68987274169922,79.76556396484375,79.84884643554688,79.53840637207031,79.54045104980469
M8_YLUR_SHUR,8,LUR,HUR,2025-01-18,2025-01-18,1,Yd,1193.1484375,1199.9271240234375,1198.0865478515625,1201.23095703125,1199.693115234375
M8_YLUR_SHUR,8,LUR,HUR,2025-01-18,2025-01-18,1,TSE,1507.13330078125,1202.7972412109375,1194.700439453125,1151.411865234375,1205.5777587890625
M8_YLUR_SHUR,8,LUR,HUR,2025-01-18,2025-01-18,1,TSEC,79.6016845703125,79.77548217773438,79.6723403930664,79.7173843383789,79.6216049194336
M8_YLUR_SHUR,8,LUR,HUR,2025-01-18,2025-01-19,2,Yd,1212.6043701171875,1199.9271240234375,1198.5596923828125,1201.2581787109375,1199.2669677734375
M8_YLUR_SHUR,8,LUR,HUR,2025-01-18,2025-01-19,2,TSE,1190.0078125,1202.7972412109375,1207.1834716796875,1163.9442138671875,1206.7874755859375
M8_YLUR_SHUR,8,LUR,HUR,2025-01-18,2025-01-19,2,TSEC,72.68987274169922,79.77548217773438,80.3210678100586,78.26492309570312,79.63333129882812
M8_YLUR_SHUR,8,LUR,HUR,2025-01-18,2025-01-20,3,Yd,1209.53857421875,1199.9271240234375,1197.4385986328125,1198.715576171875,1198.83251953125
M8_YLUR_SHUR,8,LUR,HUR,2025-01-18,2025-01-20,3,TSE,1136.9947509765625,1202.7972412109375,1210.9649658203125,1186.1260986328125,1210.0633544921875
M8_YLUR_SHUR,8,LUR,HUR,2025-01-18,2025-01-20,3,TSEC,93.03032684326172,79.77548217773438,79.10064697265625,79.75340270996094,79.4092788696289
M8_YLUR_SHUR,8,LUR,HUR,2025-01-19,2025-01-19,1,Yd,1212.6043701171875,1199.9180908203125,1198.1851806640625,1195.9815673828125,1199.5145263671875
M8_YLUR_SHUR,8,LUR,HUR,2025-01-19,2025-01-19,1,TSE,1190.0078125,1203.20361328125,1191.3905029296875,1190.260498046875,1206.177734375
M8_YLUR_SHUR,8,LUR,HUR,2025-01-19,2025-01-19,1,TSEC,72.68987274169922,79.7752456665039,80.80135345458984,80.08806610107422,79.59465026855469
M8_YLUR_SHUR,8,LUR,HUR,2025-01-19,2025-01-20,2,Yd,1209.53857421875,1199.9180908203125,1197.615966796875,1194.2626953125,1199.05517578125
M8_YLUR_SHUR,8,LUR,HUR,2025-01-19,2025-01-20,2,TSE,1136.9947509765625,1203.20361328125,1209.6024169921875,1219.8963623046875,1209.053955078125
M8_YLUR_SHUR,8,LUR,HUR,2025-01-19,2025-01-20,2,TSEC,93.03032684326172,79.7752456665039,78.77678680419922,79.53864288330078,79.3958740234375
M8_YLUR_SHUR,8,LUR,HUR,2025-01-19,2025-01-21,3,Yd,1196.186279296875,1199.9180908203125,1200.3505859375,1194.8890380859375,1198.8699951171875
M8_YLUR_SHUR,8,LUR,HUR,2025-01-19,2025-01-21,3,TSE,1210.0765380859375,1203.20361328125,1195.65380859375,1244.319091796875,1209.4112548828125
M8_YLUR_SHUR,8,LUR,HUR,2025-01-19,2025-01-21,3,TSEC,73.23530578613281,79.7752456665039,79.41773223876953,80.09996795654297,79.1888656616211
M8_YLUR_SHUR,8,LUR,HUR,2025-01-20,2025-01-20,1,Yd,1209.53857421875,1199.93505859375,1198.919921875,1198.9027099609375,1199.4656982421875
M8_YLUR_SHUR,8,LUR,HUR,2025-01-20,2025-01-20,1,TSE,1136.9947509765625,1203.18603515625,1210.3572998046875,1223.1627197265625,1206.925048828125
M8_YLUR_SHUR,8,LUR,HUR,2025-01-20,2025-01-20,1,TSEC,93.03032684326172,79.76580047607422,78.92294311523438,78.83427429199219,79.44710540771484
M8_YLUR_SHUR,8,LUR,HUR,2025-01-20,2025-01-21,2,Yd,1196.186279296875,1199.93505859375,1200.1231689453125,1196.77734375,1199.265869140625
M8_YLUR_SHUR,8,LUR,HUR,2025-01-20,2025-01-21,2,TSE,1210.0765380859375,1203.18603515625,1231.8165283203125,1256.27392578125,1207.1397705078125
M8_YLUR_SHUR,8,LUR,HUR,2025-01-20,2025-01-21,2,TSEC,73.23530578613281,79.76580047607422,78.6256103515625,78.2232894897461,79.34717559814453
M8_YLUR_SHUR,8,LUR,HUR,2025-01-20,2025-01-22,3,Yd,1187.825927734375,1199.93505859375,1201.0025634765625,1199.2083740234375,1198.885009765625
M8_YLUR_SHUR,8,LUR,HUR,2025-01-20,2025-01-22,3,TSE,1169.78369140625,1203.18603515625,1182.31201171875,1271.684814453125,1206.783203125
M8_YLUR_SHUR,8,LUR,HUR,2025-01-20,2025-01-22,3,TSEC,83.1562271118164,79.76580047607422,79.68392944335938,79.05047607421875,79.30065155029297
M8_YLUR_SHUR,8,LUR,HUR,2025-01-21,2025-01-21,1,Yd,1196.186279296875,1199.94775390625,1200.8743896484375,1195.90283203125,1199.3406982421875
M8_YLUR_SHUR,8,LUR,HUR,2025-01-21,2025-01-21,1,TSE,1210.0765380859375,1203.097900390625,1227.0556640625,1222.0888671875,1206.4312744140625
M8_YLUR_SHUR,8,LUR,HUR,2025-01-21,2025-01-21,1,TSEC,73.23530578613281,79.78346252441406,79.05303192138672,78.55625915527344,79.3530502319336
M8_YLUR_SHUR,8,LUR,HUR,2025-01-21,2025-01-22,2,Yd,1187.825927734375,1199.94775390625,1200.546875,1195.444580078125,1198.8245849609375
M8_YLUR_SHUR,8,LUR,HUR,2025-01-21,2025-01-22,2,TSE,1169.78369140625,1203.097900390625,1182.1436767578125,1278.216064453125,1207.2403564453125
M8_YLUR_SHUR,8,LUR,HUR,2025-01-21,2025-01-22,2,TSEC,83.1562271118164,79.78346252441406,79.75342559814453,80.38628387451172,79.17872619628906
M8_YLUR_SHUR,8,LUR,HUR,2025-01-21,2025-01-23,3,Yd,1206.299072265625,1199.94775390625,1199.407958984375,1195.3800048828125,1198.7135009765625
M8_YLUR_SHUR,8,LUR,HUR,2025-01-21,2025-01-23,3,TSE,1302.2037353515625,1203.097900390625,1209.262939453125,1239.3116455078125,1207.9200439453125
M8_YLUR_SHUR,8,LUR,HUR,2025-01-21,2025-01-23,3,TSEC,84.7465591430664,79.78346252441406,79.21659851074219,79.69781494140625,79.16173553466797
M8_YLUR_SHUR,8,LUR,HUR,2025-01-22,2025-01-22,1,Yd,1187.825927734375,1199.942626953125,1200.3609619140625,1199.7237548828125,1199.2908935546875
M8_YLUR_SHUR,8,LUR,HUR,2025-01-22,2025-01-22,1,TSE,1169.78369140625,1203.107177734375,1184.0145263671875,1189.6712646484375,1205.5089111328125
M8_YLUR_SHUR,8,LUR,HUR,2025-01-22,2025-01-22,1,TSEC,83.1562271118164,79.77474975585938,80.16486358642578,81.46280670166016,79.31157684326172
M8_YLUR_SHUR,8,LUR,HUR,2025-01-22,2025-01-23,2,Yd,1206.299072265625,1199.942626953125,1199.792236328125,1195.3887939453125,1199.096923828125
M8_YLUR_SHUR,8,LUR,HUR,2025-01-22,2025-01-23,2,TSE,1302.2037353515625,1203.107177734375,1210.7476806640625,1233.8533935546875,1206.656005859375
M8_YLUR_SHUR,8,LUR,HUR,2025-01-22,2025-01-23,2,TSEC,84.7465591430664,79.77474975585938,78.95950317382812,79.0499496459961,79.22947692871094
M8_YLUR_SHUR,8,LUR,HUR,2025-01-22,2025-01-24,3,Yd,1203.1337890625,1199.942626953125,1200.7894287109375,1198.6558837890625,1199.1817626953125
M8_YLUR_SHUR,8,LUR,HUR,2025-01-22,2025-01-24,3,TSE,1407.9525146484375,1203.107177734375,1225.29150390625,1197.451416015625,1205.1295166015625
M8_YLUR_SHUR,8,LUR,HUR,2025-01-22,2025-01-24,3,TSEC,98.93403625488281,79.77474975585938,81.09626770019531,78.51896667480469,79.36618041992188
M8_YLUR_SHUR,8,LUR,HUR,2025-01-23,2025-01-23,1,Yd,1206.299072265625,1199.9266357421875,1198.42431640625,1199.504150390625,1199.51318359375
M8_YLUR_SHUR,8,LUR,HUR,2025-01-23,2025-01-23,1,TSE,1302.2037353515625,1203.0628662109375,1209.4293212890625,1185.6351318359375,1205.62060546875
M8_YLUR_SHUR,8,LUR,HUR,2025-01-23,2025-01-23,1,TSEC,84.7465591430664,79.77924346923828,78.75503540039062,79.99687194824219,79.36201477050781
M8_YLUR_SHUR,8,LUR,HUR,2025-01-23,2025-01-24,2,Yd,1203.1337890625,1199.9266357421875,1200.869140625,1200.6654052734375,1199.5159912109375
M8_YLUR_SHUR,8,LUR,HUR,2025-01-23,2025-01-24,2,TSE,1407.9525146484375,1203.0628662109375,1225.8046875,1192.6295166015625,1205.8702392578125
M8_YLUR_SHUR,8,LUR,HUR,2025-01-23,2025-01-24,2,TSEC,98.93403625488281,79.77924346923828,81.60269165039062,78.4708251953125,79.37470245361328
M8_YLUR_SHUR,8,LUR,HUR,2025-01-23,2025-01-25,3,Yd,1197.055419921875,1199.9266357421875,1199.96240234375,1199.6441650390625,1199.6131591796875
M8_YLUR_SHUR,8,LUR,HUR,2025-01-23,2025-01-25,3,TSE,1256.05810546875,1203.0628662109375,1187.6258544921875,1178.376708984375,1204.5960693359375
M8_YLUR_SHUR,8,LUR,HUR,2025-01-23,2025-01-25,3,TSEC,74.45919036865234,79.77924346923828,79.8194580078125,78.82416534423828,79.53182220458984
M8_YLUR_SHUR,8,LUR,HUR,2025-01-24,2025-01-24,1,Yd,1203.1337890625,1199.93505859375,1201.638427734375,1200.03662109375,1199.72314453125
M8_YLUR_SHUR,8,LUR,HUR,2025-01-24,2025-01-24,1,TSE,1407.9525146484375,1203.1944580078125,1229.8411865234375,1204.8681640625,1205.5638427734375
M8_YLUR_SHUR,8,LUR,HUR,2025-01-24,2025-01-24,1,TSEC,98.93403625488281,79.78582763671875,81.47235870361328,80.04496765136719,79.48644256591797
M8_YLUR_SHUR,8,LUR,HUR,2025-01-24,2025-01-25,2,Yd,1197.055419921875,1199.93505859375,1199.828857421875,1197.0218505859375,1199.6170654296875
M8_YLUR_SHUR,8,LUR,HUR,2025-01-24,2025-01-25,2,TSE,1256.05810546875,1203.1944580078125,1188.4163818359375,1204.974853515625,1205.3531494140625
M8_YLUR_SHUR,8,LUR,HUR,2025-01-24,2025-01-25,2,TSEC,74.45919036865234,79.78582763671875,79.9852066040039,75.90161895751953,79.5672378540039
M8_YLUR_SHUR,8,LUR,HUR,2025-01-24,2025-01-26,3,Yd,1199.13330078125,1199.93505859375,1198.2401123046875,1196.960205078125,1199.1556396484375
M8_YLUR_SHUR,8,LUR,HUR,2025-01-24,2025-01-26,3,TSE,1110.0225830078125,1203.1944580078125,1197.349853515625,1196.28662109375,1206.2108154296875
M8_YLUR_SHUR,8,LUR,HUR,2025-01-24,2025-01-26,3,TSEC,92.16619873046875,79.78582763671875,80.46734619140625,77.82245635986328,79.58338928222656
M8_YLUR_SHUR,8,LUR,HUR,2025-01-25,2025-01-25,1,Yd,1197.055419921875,1199.939208984375,1200.4791259765625,1201.051513671875,1199.534912109375
M8_YLUR_SHUR,8,LUR,HUR,2025-01-25,2025-01-25,1,TSE,1256.05810546875,1203.4656982421875,1197.880859375,1172.016845703125,1205.3238525390625
M8_YLUR_SHUR,8,LUR,HUR,2025-01-25,2025-01-25,1,TSEC,74.45919036865234,79.81119537353516,79.57867431640625,79.31295013427734,79.65186309814453
M8_YLUR_SHUR,8,LUR,HUR,2025-01-25,2025-01-26,2,Yd,1199.13330078125,1199.939208984375,1198.5799560546875,1200.98193359375,1199.0364990234375
M8_YLUR_SHUR,8,LUR,HUR,2025-01-25,2025-01-26,2,TSE,1110.0225830078125,1203.4656982421875,1192.1163330078125,1182.2589111328125,1207.5753173828125
M8_YLUR_SHUR,8,LUR,HUR,2025-01-25,2025-01-26,2,TSEC,92.16619873046875,79.81119537353516,80.91216278076172,77.4465560913086,79.60468292236328
M8_YLUR_SHUR,8,LUR,HUR,2025-01-25,2025-01-27,3,Yd,1211.44921875,1199.939208984375,1198.1463623046875,1202.5938720703125,1198.4931640625
M8_YLUR_SHUR,8,LUR,HUR,2025-01-25,2025-01-27,3,TSE,1124.3824462890625,1203.4656982421875,1225.658935546875,1133.948486328125,1211.294189453125
M8_YLUR_SHUR,8,LUR,HUR,2025-01-25,2025-01-27,3,TSEC,87.26953125,79.81119537353516,79.43389129638672,79.87107849121094,79.35003662109375
M8_YLUR_SHUR,8,LUR,HUR,2025-01-26,2025-01-26,1,Yd,1199.13330078125,1199.935546875,1198.0272216796875,1196.402587890625,1199.4404296875
M8_YLUR_SHUR,8,LUR,HUR,2025-01-26,2025-01-26,1,TSE,1110.0225830078125,1203.5352783203125,1196.284423828125,1203.2269287109375,1205.700927734375
M8_YLUR_SHUR,8,LUR,HUR,2025-01-26,2025-01-26,1,TSEC,92.16619873046875,79.80411529541016,79.92636108398438,81.32955169677734,79.62405395507812
M8_YLUR_SHUR,8,LUR,HUR,2025-01-26,2025-01-27,2,Yd,1211.44921875,1199.935546875,1197.82861328125,1196.1746826171875,1198.977294921875
M8_YLUR_SHUR,8,LUR,HUR,2025-01-26,2025-01-27,2,TSE,1124.3824462890625,1203.5352783203125,1225.10205078125,1204.1414794921875,1208.4923095703125
M8_YLUR_SHUR,8,LUR,HUR,2025-01-26,2025-01-27,2,TSEC,87.26953125,79.80411529541016,79.45402526855469,81.1056137084961,79.43509674072266
M8_YLUR_SHUR,8,LUR,HUR,2025-01-26,2025-01-28,3,Yd,1205.0931396484375,1199.935546875,1200.259521484375,1199.2535400390625,1198.829345703125
M8_YLUR_SHUR,8,LUR,HUR,2025-01-26,2025-01-28,3,TSE,1207.252197265625,1203.5352783203125,1231.60791015625,1225.00634765625,1209.8447265625
M8_YLUR_SHUR,8,LUR,HUR,2025-01-26,2025-01-28,3,TSEC,89.92830657958984,79.80411529541016,80.45094299316406,80.15319061279297,79.19636535644531
M8_YLUR_SHUR,8,LUR,HUR,2025-01-27,2025-01-27,1,Yd,1211.44921875,1199.9344482421875,1197.8753662109375,1197.3505859375,1199.39501953125
M8_YLUR_SHUR,8,LUR,HUR,2025-01-27,2025-01-27,1,TSE,1124.3824462890625,1203.41162109375,1218.890625,1207.5718994140625,1207.95703125
M8_YLUR_SHUR,8,LUR,HUR,2025-01-27,2025-01-27,1,TSEC,87.26953125,79.82044982910156,78.19300079345703,78.7347412109375,79.43765258789062
M8_YLUR_SHUR,8,LUR,HUR,2025-01-27,2025-01-28,2,Yd,1205.0931396484375,1199.9344482421875,1200.2550048828125,1197.62646484375,1199.147216796875
M8_YLUR_SHUR,8,LUR,HUR,2025-01-27,2025-01-28,2,TSE,1207.252197265625,1203.41162109375,1232.3529052734375,1252.1514892578125,1209.007568359375
M8_YLUR_SHUR,8,LUR,HUR,2025-01-27,2025-01-28,2,TSEC,89.92830657958984,79.82044982910156,79.98493957519531,78.72407531738281,79.27485656738281
M8_YLUR_SHUR,8,LUR,HUR,2025-01-27,2025-01-29,3,Yd,1197.3216552734375,1199.9344482421875,1200.6270751953125,1197.2750244140625,1198.795654296875
M8_YLUR_SHUR,8,LUR,HUR,2025-01-27,2025-01-29,3,TSE,1227.1943359375,1203.41162109375,1185.8260498046875,1222.9549560546875,1208.6348876953125
M8_YLUR_SHUR,8,LUR,HUR,2025-01-27,2025-01-29,3,TSEC,78.36845397949219,79.82044982910156,79.53398895263672,78.79893493652344,79.16059112548828
M8_YLUR_SHUR,8,LUR,HUR,2025-01-28,2025-01-28,1,Yd,1205.0931396484375,1199.9495849609375,1201.535888671875,1195.3565673828125,1199.2945556640625
M8_YLUR_SHUR,8,LUR,HUR,2025-01-28,2025-01-28,1,TSE,1207.252197265625,1203.307373046875,1226.4007568359375,1215.858642578125,1207.3553466796875
M8_YLUR_SHUR,8,LUR,HUR,2025-01-28,2025-01-28,1,TSEC,89.92830657958984,79.83026885986328,79.33366394042969,80.34496307373047,79.3390121459961
M8_YLUR_SHUR,8,LUR,HUR,2025-01-28,2025-01-29,2,Yd,1197.3216552734375,1199.9495849609375,1200.432861328125,1193.6666259765625,1198.8084716796875
M8_YLUR_SHUR,8,LUR,HUR,2025-01-28,2025-01-29,2,TSE,1227.1943359375,1203.307373046875,1187.2154541015625,1229.719970703125,1209.0091552734375
M8_YLUR_SHUR,8,LUR,HUR,2025-01-28,2025-01-29,2,TSEC,78.36845397949219,79.83026885986328,79.8362045288086,78.35374450683594,79.12977600097656
M8_YLUR_SHUR,8,LUR,HUR,2025-01-28,2025-01-30,3,Yd,1213.1737060546875,1199.9495849609375,1199.632568359375,1196.443115234375,1198.5654296875
M8_YLUR_SHUR,8,LUR,HUR,2025-01-28,2025-01-30,3,TSE,1209.66552734375,1203.307373046875,1206.0220947265625,1234.1768798828125,1210.651611328125
M8_YLUR_SHUR,8,LUR,HUR,2025-01-28,2025-01-30,3,TSEC,76.24307250976562,79.83026885986328,79.01275634765625,78.78864288330078,79.0791015625
M8_YLUR_SHUR,8,LUR,HUR,2025-01-29,2025-01-29,1,Yd,1197.3216552734375,1199.956298828125,1200.6046142578125,1196.362060546875,1199.11279296875
M8_YLUR_SHUR,8,LUR,HUR,2025-01-29,2025-01-29,1,TSE,1227.1943359375,1203.3126220703125,1186.0479736328125,1163.8341064453125,1207.3116455078125
M8_YLUR_SHUR,8,LUR,HUR,2025-01-29,2025-01-29,1,TSEC,78.36845397949219,79.84357452392578,79.59809875488281,81.48773193359375,79.22126770019531
M8_YLUR_SHUR,8,LUR,HUR,2025-01-29,2025-01-30,2,Yd,1213.1737060546875,1199.956298828125,1199.3868408203125,1194.564208984375,1198.7784423828125
M8_YLUR_SHUR,8,LUR,HUR,2025-01-29,2025-01-30,2,TSE,1209.66552734375,1203.3126220703125,1206.669921875,1194.991943359375,1209.7764892578125
M8_YLUR_SHUR,8,LUR,HUR,2025-01-29,2025-01-30,2,TSEC,76.24307250976562,79.84357452392578,79.91033935546875,78.49778747558594,79.05715942382812
M8_YLUR_SHUR,8,LUR,HUR,2025-01-29,2025-01-31,3,Yd,1198.077880859375,1199.956298828125,1200.5555419921875,1197.297607421875,1198.678955078125
M8_YLUR_SHUR,8,LUR,HUR,2025-01-29,2025-01-31,3,TSE,1412.79736328125,1203.3126220703125,1217.607421875,1170.724853515625,1210.0003662109375
M8_YLUR_SHUR,8,LUR,HUR,2025-01-29,2025-01-31,3,TSEC,78.0518569946289,79.84357452392578,80.8580322265625,77.52228546142578,79.20289611816406
M8_YLUR_SHUR,8,LUR,HUR,2025-01-30,2025-01-30,1,Yd,1213.1737060546875,1199.9530029296875,1199.195068359375,1199.065673828125,1199.3680419921875
M8_YLUR_SHUR,8,LUR,HUR,2025-01-30,2025-01-30,1,TSE,1209.66552734375,1203.3441162109375,1208.1502685546875,1177.0408935546875,1206.8369140625
M8_YLUR_SHUR,8,LUR,HUR,2025-01-30,2025-01-30,1,TSEC,76.24307250976562,79.84162902832031,79.41514587402344,80.8915786743164,79.31436920166016
M8_YLUR_SHUR,8,LUR,HUR,2025-01-30,2025-01-31,2,Yd,1198.077880859375,1199.9530029296875,1200.742431640625,1199.750244140625,1199.1805419921875
M8_YLUR_SHUR,8,LUR,HUR,2025-01-30,2025-01-31,2,TSE,1412.79736328125,1203.3441162109375,1214.046142578125,1193.9765625,1207.5943603515625
M8_YLUR_SHUR,8,LUR,HUR,2025-01-30,2025-01-31,2,TSEC,78.0518569946289,79.84162902832031,80.81132507324219,77.3440170288086,79.31971740722656
M8_YLUR_SHUR,8,LUR,HUR,2025-01-30,2025-02-01,3,Yd,1205.254150390625,1199.9530029296875,1199.97705078125,1199.81982421875,1199.051513671875
M8_YLUR_SHUR,8,LUR,HUR,2025-01-30,2025-02-01,3,TSE,1170.0791015625,1203.3441162109375,1188.6246337890625,1214.048583984375,1207.1790771484375
M8_YLUR_SHUR,8,LUR,HUR,2025-01-30,2025-02-01,3,TSEC,75.69535064697266,79.84162902832031,81.02604675292969,77.04603576660156,79.45283508300781
M8_YLUR_SHUR,8,LUR,HUR,2025-01-31,2025-01-31,1,Yd,1198.077880859375,1199.97021484375,1202.0706787109375,1198.5714111328125,1199.5694580078125
M8_YLUR_SHUR,8,LUR,HUR,2025-01-31,2025-01-31,1,TSE,1412.79736328125,1203.352294921875,1217.009033203125,1198.9180908203125,1205.59033203125
M8_YLUR_SHUR,8,LUR,HUR,2025-01-31,2025-01-31,1,TSEC,78.0518569946289,79.83690643310547,80.97801971435547,79.47223663330078,79.49942016601562
M8_YLUR_SHUR,8,LUR,HUR,2025-01-31,2025-02-01,2,Yd,1205.254150390625,1199.97021484375,1199.56982421875,1197.8785400390625,1199.3619384765625
M8_YLUR_SHUR,8,LUR,HUR,2025-01-31,2025-02-01,2,TSE,1170.0791015625,1203.352294921875,1188.0838623046875,1210.638427734375,1205.3795166015625
M8_YLUR_SHUR,8,LUR,HUR,2025-01-31,2025-02-01,2,TSEC,75.69535064697266,79.83690643310547,80.71389770507812,78.46163940429688,79.58255004882812
M8_YLUR_SHUR,8,LUR,HUR,2025-01-31,2025-02-02,3,Yd,1199.9110107421875,1199.97021484375,1198.16162109375,1198.5877685546875,1198.90966796875
M8_YLUR_SHUR,8,LUR,HUR,2025-01-31,2025-02-02,3,TSE,1313.6190185546875,1203.352294921875,1199.3468017578125,1212.5966796875,1205.898193359375
M8_YLUR_SHUR,8,LUR,HUR,2025-01-31,2025-02-02,3,TSEC,72.5053939819336,79.83690643310547,80.28411865234375,79.96153259277344,79.61966705322266
M8_YLUR_SHUR,8,LUR,HUR,2025-02-01,2025-02-01,1,Yd,1205.254150390625,1199.9678955078125,1199.1114501953125,1195.7784423828125,1199.611328125
M8_YLUR_SHUR,8,LUR,HUR,2025-02-01,2025-02-01,1,TSE,1170.0791015625,1203.627197265625,1205.3038330078125,1189.453857421875,1203.9954833984375
M8_YLUR_SHUR,8,LUR,HUR,2025-02-01,2025-02-01,1,TSEC,75.69535064697266,79.83456420898438,80.61253356933594,79.21435546875,79.68231964111328
M8_YLUR_SHUR,8,LUR,HUR,2025-02-01,2025-02-02,2,Yd,1199.9110107421875,1199.9678955078125,1198.1402587890625,1194.8074951171875,1199.1719970703125
M8_YLUR_SHUR,8,LUR,HUR,2025-02-01,2025-02-02,2,TSE,1313.6190185546875,1203.627197265625,1202.7880859375,1217.357177734375,1205.1094970703125
M8_YLUR_SHUR,8,LUR,HUR,2025-02-01,2025-02-02,2,TSEC,72.5053939819336,79.83456420898438,80.12892150878906,78.34644317626953,79.67330169677734
M8_YLUR_SHUR,8,LUR,HUR,2025-02-01,2025-02-03,3,Yd,1193.297607421875,1199.9678955078125,1197.6170654296875,1195.11669921875,1198.6942138671875
M8_YLUR_SHUR,8,LUR,HUR,2025-02-01,2025-02-03,3,TSE,1208.7958984375,1203.627197265625,1200.92626953125,1212.650634765625,1208.2457275390625
M8_YLUR_SHUR,8,LUR,HUR,2025-02-01,2025-02-03,3,TSEC,76.1694107055664,79.83456420898438,79.87321472167969,81.75888061523438,79.43687438964844
M8_YLUR_SHUR,8,LUR,HUR,2025-02-02,2025-02-02,1,Yd,1199.9110107421875,1199.9747314453125,1199.0400390625,1197.9110107421875,1199.465087890625
M8_YLUR_SHUR,8,LUR,HUR,2025-02-02,2025-02-02,1,TSE,1313.6190185546875,1203.583251953125,1194.1756591796875,1180.616943359375,1204.98486328125
M8_YLUR_SHUR,8,LUR,HUR,2025-02-02,2025-02-02,1,TSEC,72.5053939819336,79.82913970947266,80.17317962646484,79.8379135131836,79.658447265625
M8_YLUR_SHUR,8,LUR,HUR,2025-02-02,2025-02-03,2,Yd,1193.297607421875,1199.9747314453125,1197.8206787109375,1194.032958984375,1199.0587158203125
M8_YLUR_SHUR,8,LUR,HUR,2025-02-02,2025-02-03,2,TSE,1208.7958984375,1203.583251953125,1231.9124755859375,1211.9248046875,1207.635009765625
M8_YLUR_SHUR,8,LUR,HUR,2025-02-02,2025-02-03,2,TSEC,76.1694107055664,79.82913970947266,79.70838165283203,79.58387756347656,79.480224609375
M8_YLUR_SHUR,8,LUR,HUR,2025-02-02,2025-02-04,3,Yd,1183.9638671875,1199.9747314453125,1200.575927734375,1197.2340087890625,1198.823486328125
M8_YLUR_SHUR,8,LUR,HUR,2025-02-02,2025-02-04,3,TSE,1147.004150390625,1203.583251953125,1229.3524169921875,1258.74853515625,1209.0257568359375
M8_YLUR_SHUR,8,LUR,HUR,2025-02-02,2025-02-04,3,TSEC,70.27682495117188,79.82913970947266,79.77406311035156,79.64359283447266,79.35649108886719
M8_YLUR_SHUR,8,LUR,HUR,2025-02-03,2025-02-03,1,Yd,1193.297607421875,1199.974609375,1197.7796630859375,1193.8302001953125,1199.4576416015625
M8_YLUR_SHUR,8,LUR,HUR,2025-02-03,2025-02-03,1,TSE,1208.7958984375,1203.727294921875,1240.6826171875,1212.79150390625,1206.3353271484375
M8_YLUR_SHUR,8,LUR,HUR,2025-02-03,2025-02-03,1,TSEC,76.1694107055664,79.8195571899414,79.50408935546875,80.87722778320312,79.48632049560547
M8_YLUR_SHUR,8,LUR,HUR,2025-02-03,2025-02-04,2,Yd,1183.9638671875,1199.974609375,1200.41552734375,1195.5718994140625,1199.182373046875
M8_YLUR_SHUR,8,LUR,HUR,2025-02-03,2025-02-04,2,TSE,1147.004150390625,1203.727294921875,1229.2032470703125,1246.0382080078125,1206.428955078125
M8_YLUR_SHUR,8,LUR,HUR,2025-02-03,2025-02-04,2,TSEC,70.27682495117188,79.8195571899414,79.908447265625,81.08050537109375,79.42367553710938
M8_YLUR_SHUR,8,LUR,HUR,2025-02-03,2025-02-05,3,Yd,1202.2724609375,1199.974609375,1200.6927490234375,1196.7265625,1198.833984375
M8_YLUR_SHUR,8,LUR,HUR,2025-02-03,2025-02-05,3,TSE,1421.8245849609375,1203.727294921875,1192.232177734375,1256.923583984375,1205.7210693359375
M8_YLUR_SHUR,8,LUR,HUR,2025-02-03,2025-02-05,3,TSEC,75.21021270751953,79.8195571899414,79.85501098632812,82.12957763671875,79.40812683105469
M8_YLUR_SHUR,8,LUR,HUR,2025-02-04,2025-02-04,1,Yd,1183.9638671875,1199.9659423828125,1200.0447998046875,1199.6722412109375,1199.4830322265625
M8_YLUR_SHUR,8,LUR,HUR,2025-02-04,2025-02-04,1,TSE,1147.004150390625,1203.7337646484375,1188.2923583984375,1219.910888671875,1204.4754638671875
M8_YLUR_SHUR,8,LUR,HUR,2025-02-04,2025-02-04,1,TSEC,70.27682495117188,79.81478118896484,79.79283905029297,79.82718658447266,79.47711181640625
M8_YLUR_SHUR,8,LUR,HUR,2025-02-04,2025-02-05,2,Yd,1202.2724609375,1199.9659423828125,1200.7916259765625,1199.7139892578125,1199.075439453125
M8_YLUR_SHUR,8,LUR,HUR,2025-02-04,2025-02-05,2,TSE,1421.8245849609375,1203.7337646484375,1204.426025390625,1242.366943359375,1204.3426513671875
M8_YLUR_SHUR,8,LUR,HUR,2025-02-04,2025-02-05,2,TSEC,75.21021270751953,79.81478118896484,79.89722442626953,78.4990005493164,79.39518737792969
M8_YLUR_SHUR,8,LUR,HUR,2025-02-04,2025-02-06,3,Yd,1202.25244140625,1199.9659423828125,1199.7259521484375,1200.3541259765625,1199.0059814453125
M8_YLUR_SHUR,8,LUR,HUR,2025-02-04,2025-02-06,3,TSE,1125.2647705078125,1203.7337646484375,1199.167724609375,1220.271728515625,1203.7454833984375
M8_YLUR_SHUR,8,LUR,HUR,2025-02-04,2025-02-06,3,TSEC,79.8675537109375,79.81478118896484,80.01525115966797,78.32666015625,79.42330932617188
M8_YLUR_SHUR,8,LUR,HUR,2025-02-05,2025-02-05,1,Yd,1202.2724609375,1199.9449462890625,1200.0936279296875,1200.8568115234375,1199.454833984375
M8_YLUR_SHUR,8,LUR,HUR,2025-02-05,2025-02-05,1,TSE,1421.8245849609375,1203.6597900390625,1205.71875,1196.076904296875,1203.3358154296875
M8_YLUR_SHUR,8,LUR,HUR,2025-02-05,2025-02-05,1,TSEC,75.21021270751953,79.80233001708984,79.92724609375,78.7731704711914,79.47225189208984
M8_YLUR_SHUR,8,LUR,HUR,2025-02-05,2025-02-06,2,Yd,1202.25244140625,1199.9449462890625,1199.9898681640625,1200.3548583984375,1199.3521728515625
M8_YLUR_SHUR,8,LUR,HUR,2025-02-05,2025-02-06,2,TSE,1125.2647705078125,1203.6597900390625,1205.487548828125,1229.3603515625,1202.857666015625
M8_YLUR_SHUR,8,LUR,HUR,2025-02-05,2025-02-06,2,TSEC,79.8675537109375,79.80233001708984,78.52017974853516,81.27420806884766,79.468994140625
M8_YLUR_SHUR,8,LUR,HUR,2025-02-05,2025-02-07,3,Yd,1193.8150634765625,1199.9449462890625,1200.8018798828125,1199.1475830078125,1199.49462890625
M8_YLUR_SHUR,8,LUR,HUR,2025-02-05,2025-02-07,3,TSE,1275.627197265625,1203.6597900390625,1213.56494140625,1226.3656005859375,1200.9820556640625
M8_YLUR_SHUR,8,LUR,HUR,2025-02-05,2025-02-07,3,TSEC,82.95702362060547,79.80233001708984,81.03587341308594,79.7858657836914,79.56311798095703
M8_YLUR_SHUR,8,LUR,HUR,2025-02-06,2025-02-06,1,Yd,1202.25244140625,1199.9481201171875,1200.5526123046875,1203.7886962890625,1199.5927734375
M8_YLUR_SHUR,8,LUR,HUR,2025-02-06,2025-02-06,1,TSE,1125.2647705078125,1203.9442138671875,1227.197265625,1187.879150390625,1202.7646484375
M8_YLUR_SHUR,8,LUR,HUR,2025-02-06,2025-02-06,1,TSEC,79.8675537109375,79.79634857177734,79.26871490478516,80.48554992675781,79.4803695678711
M8_YLUR_SHUR,8,LUR,HUR,2025-02-06,2025-02-07,2,Yd,1193.8150634765625,1199.9481201171875,1201.201416015625,1200.573974609375,1199.6661376953125
M8_YLUR_SHUR,8,LUR,HUR,2025-02-06,2025-02-07,2,TSE,1275.627197265625,1203.9442138671875,1211.0889892578125,1212.00146484375,1201.990234375
M8_YLUR_SHUR,8,LUR,HUR,2025-02-06,2025-02-07,2,TSEC,82.95702362060547,79.79634857177734,79.92933654785156,76.19706726074219,79.52552032470703
M8_YLUR_SHUR,8,LUR,HUR,2025-02-06,2025-02-08,3,Yd,1179.8160400390625,1199.9481201171875,1200.6962890625,1198.3917236328125,1199.6593017578125
M8_YLUR_SHUR,8,LUR,HUR,2025-02-06,2025-02-08,3,TSE,1329.2855224609375,1203.9442138671875,1203.2509765625,1183.7828369140625,1200.89111328125
M8_YLUR_SHUR,8,LUR,HUR,2025-02-06,2025-02-08,3,TSEC,70.93347930908203,79.79634857177734,80.50961303710938,76.83903503417969,79.64871978759766
M8_YLUR_SHUR,8,LUR,HUR,2025-02-07,2025-02-07,1,Yd,1193.8150634765625,1199.9510498046875,1201.2689208984375,1203.41748046875,1199.830810546875
M8_YLUR_SHUR,8,LUR,HUR,2025-02-07,2025-02-07,1,TSE,1275.627197265625,1203.841796875,1201.47265625,1209.808349609375,1203.3092041015625
M8_YLUR_SHUR,8,LUR,HUR,2025-02-07,2025-02-07,1,TSEC,82.95702362060547,79.79644012451172,80.43364715576172,77.13752746582031,79.59659576416016
M8_YLUR_SHUR,8,LUR,HUR,2025-02-07,2025-02-08,2,Yd,1179.8160400390625,1199.9510498046875,1200.6671142578125,1202.270751953125,1199.748779296875
M8_YLUR_SHUR,8,LUR,HUR,2025-02-07,2025-02-08,2,TSE,1329.2855224609375,1203.841796875,1200.4703369140625,1215.3114013671875,1201.544921875
M8_YLUR_SHUR,8,LUR,HUR,2025-02-07,2025-02-08,2,TSEC,70.93347930908203,79.79644012451172,80.23306274414062,77.70938110351562,79.71709442138672
M8_YLUR_SHUR,8,LUR,HUR,2025-02-07,2025-02-09,3,Yd,1207.801025390625,1199.9510498046875,1198.7017822265625,1197.660400390625,1199.4200439453125
M8_YLUR_SHUR,8,LUR,HUR,2025-02-07,2025-02-09,3,TSE,879.7279663085938,1203.841796875,1197.31787109375,1206.3836669921875,1201.49365234375
M8_YLUR_SHUR,8,LUR,HUR,2025-02-07,2025-02-09,3,TSEC,76.06328582763672,79.79644012451172,80.2777099609375,78.32017517089844,79.76411437988281
M8_YLUR_SHUR,8,LUR,HUR,2025-02-08,2025-02-08,1,Yd,1179.8160400390625,1199.943115234375,1199.5496826171875,1198.640625,1199.714111328125
M8_YLUR_SHUR,8,LUR,HUR,2025-02-08,2025-02-08,1,TSE,1329.2855224609375,1203.9351806640625,1205.2388916015625,1206.4544677734375,1202.4163818359375
M8_YLUR_SHUR,8,LUR,HUR,2025-02-08,2025-02-08,1,TSEC,70.93347930908203,79.80055236816406,80.44462585449219,79.72335815429688,79.7416763305664
M8_YLUR_SHUR,8,LUR,HUR,2025-02-08,2025-02-09,2,Yd,1207.801025390625,1199.943115234375,1198.42724609375,1200.2587890625,1199.3853759765625
M8_YLUR_SHUR,8,LUR,HUR,2025-02-08,2025-02-09,2,TSE,879.7279663085938,1203.9351806640625,1196.5408935546875,1199.6690673828125,1202.7352294921875
M8_YLUR_SHUR,8,LUR,HUR,2025-02-08,2025-02-09,2,TSEC,76.06328582763672,79.80055236816406,80.55664825439453,80.02001190185547,79.7578125
M8_YLUR_SHUR,8,LUR,HUR,2025-02-08,2025-02-10,3,Yd,1204.3428955078125,1199.943115234375,1197.8514404296875,1202.0045166015625,1199.09814453125
M8_YLUR_SHUR,8,LUR,HUR,2025-02-08,2025-02-10,3,TSE,1192.640380859375,1203.9351806640625,1234.7542724609375,1180.696044921875,1205.80810546875
M8_YLUR_SHUR,8,LUR,HUR,2025-02-08,2025-02-10,3,TSEC,86.7693099975586,79.80055236816406,78.59850311279297,82.1614990234375,79.52644348144531
M8_YLUR_SHUR,8,LUR,HUR,2025-02-09,2025-02-09,1,Yd,1207.801025390625,1199.9169921875,1196.445556640625,1201.3489990234375,1199.7076416015625
M8_YLUR_SHUR,8,LUR,HUR,2025-02-09,2025-02-09,1,TSE,879.7279663085938,1204.0980224609375,1203.76513671875,1157.542724609375,1203.2679443359375
M8_YLUR_SHUR,8,LUR,HUR,2025-02-09,2025-02-09,1,TSEC,76.06328582763672,79.78903198242188,80.69361114501953,81.46931457519531,79.69306182861328
M8_YLUR_SHUR,8,LUR,HUR,2025-02-09,2025-02-10,2,Yd,1204.3428955078125,1199.9169921875,1198.166015625,1201.2779541015625,1199.476806640625
M8_YLUR_SHUR,8,LUR,HUR,2025-02-09,2025-02-10,2,TSE,1192.640380859375,1204.0980224609375,1232.57080078125,1167.8017578125,1203.9375
M8_YLUR_SHUR,8,LUR,HUR,2025-02-09,2025-02-10,2,TSEC,86.7693099975586,79.78903198242188,78.56214904785156,81.22522735595703,79.57482147216797
M8_YLUR_SHUR,8,LUR,HUR,2025-02-09,2025-02-11,3,Yd,1198.5364990234375,1199.9169921875,1200.0941162109375,1202.4576416015625,1199.318359375
M8_YLUR_SHUR,8,LUR,HUR,2025-02-09,2025-02-11,3,TSE,1151.66015625,1204.0980224609375,1239.244140625,1191.373046875,1203.97216796875
M8_YLUR_SHUR,8,LUR,HUR,2025-02-09,2025-02-11,3,TSEC,62.97899627685547,79.78903198242188,79.41667175292969,83.59707641601562,79.51429748535156
M8_YLUR_SHUR,8,LUR,HUR,2025-02-10,2025-02-10,1,Yd,1204.3428955078125,1199.92724609375,1199.1044921875,1200.0472412109375,1199.6868896484375
M8_YLUR_SHUR,8,LUR,HUR,2025-02-10,2025-02-10,1,TSE,1192.640380859375,1203.67724609375,1208.3763427734375,1252.55615234375,1205.0389404296875
M8_YLUR_SHUR,8,LUR,HUR,2025-02-10,2025-02-10,1,TSEC,86.7693099975586,79.78419494628906,79.95716094970703,79.38016510009766,79.6318588256836
M8_YLUR_SHUR,8,LUR,HUR,2025-02-10,2025-02-11,2,Yd,1198.5364990234375,1199.92724609375,1199.682373046875,1199.8426513671875,1199.5185546875
M8_YLUR_SHUR,8,LUR,HUR,2025-02-10,2025-02-11,2,TSE,1151.66015625,1203.67724609375,1233.7335205078125,1248.9775390625,1204.449462890625
M8_YLUR_SHUR,8,LUR,HUR,2025-02-10,2025-02-11,2,TSEC,62.97899627685547,79.78419494628906,79.873779296875,81.81803131103516,79.68930053710938
M8_YLUR_SHUR,8,LUR,HUR,2025-02-10,2025-02-12,3,Yd,1189.6265869140625,1199.92724609375,1200.5740966796875,1199.2137451171875,1199.27734375
M8_YLUR_SHUR,8,LUR,HUR,2025-02-10,2025-02-12,3,TSE,1313.2667236328125,1203.67724609375,1184.5269775390625,1226.8291015625,1202.877197265625
M8_YLUR_SHUR,8,LUR,HUR,2025-02-10,2025-02-12,3,TSEC,85.96179962158203,79.78419494628906,79.9403076171875,80.6813735961914,79.7647476196289
M8_YLUR_SHUR,8,LUR,HUR,2025-02-11,2025-02-11,1,Yd,1198.5364990234375,1199.932861328125,1200.1749267578125,1197.9122314453125,1199.4786376953125
M8_YLUR_SHUR,8,LUR,HUR,2025-02-11,2025-02-11,1,TSE,1151.66015625,1203.6629638671875,1242.2852783203125,1196.979736328125,1204.8927001953125
M8_YLUR_SHUR,8,LUR,HUR,2025-02-11,2025-02-11,1,TSEC,62.97899627685547,79.79325103759766,78.89128875732422,81.69428253173828,79.55711364746094
M8_YLUR_SHUR,8,LUR,HUR,2025-02-11,2025-02-12,2,Yd,1189.6265869140625,1199.932861328125,1200.488037109375,1197.4608154296875,1199.02783203125
M8_YLUR_SHUR,8,LUR,HUR,2025-02-11,2025-02-12,2,TSE,1313.2667236328125,1203.6629638671875,1173.67236328125,1222.340087890625,1204.9227294921875
M8_YLUR_SHUR,8,LUR,HUR,2025-02-11,2025-02-12,2,TSEC,85.96179962158203,79.79325103759766,79.93132781982422,79.31343841552734,79.52428436279297
M8_YLUR_SHUR,8,LUR,HUR,2025-02-11,2025-02-13,3,Yd,1204.943603515625,1199.932861328125,1199.5350341796875,1198.9586181640625,1198.8316650390625
M8_YLUR_SHUR,8,LUR,HUR,2025-02-11,2025-02-13,3,TSE,1349.706787109375,1203.6629638671875,1215.4320068359375,1218.499755859375,1204.1507568359375
M8_YLUR_SHUR,8,LUR,HUR,2025-02-11,2025-02-13,3,TSEC,76.7935791015625,79.79325103759766,78.79782104492188,78.72482299804688,79.5451889038086
M8_YLUR_SHUR,8,LUR,HUR,2025-02-12,2025-02-12,1,Yd,1189.6265869140625,1199.93115234375,1200.298095703125,1199.0404052734375,1199.435546875
M8_YLUR_SHUR,8,LUR,HUR,2025-02-12,2025-02-12,1,TSE,1313.2667236328125,1203.595703125,1221.8165283203125,1191.8349609375,1203.9913330078125
M8_YLUR_SHUR,8,LUR,HUR,2025-02-12,2025-02-12,1,TSEC,85.96179962158203,79.77149963378906,80.70743560791016,82.06373596191406,79.50928497314453
M8_YLUR_SHUR,8,LUR,HUR,2025-02-12,2025-02-13,2,Yd,1204.943603515625,1199.93115234375,1199.5155029296875,1194.3018798828125,1199.3009033203125
M8_YLUR_SHUR,8,LUR,HUR,2025-02-12,2025-02-13,2,TSE,1349.706787109375,1203.595703125,1198.339111328125,1213.2049560546875,1203.65185546875
M8_YLUR_SHUR,8,LUR,HUR,2025-02-12,2025-02-13,2,TSEC,76.7935791015625,79.77149963378906,79.5564956665039,79.86526489257812,79.53504180908203
M8_YLUR_SHUR,8,LUR,HUR,2025-02-12,2025-02-14,3,Yd,1209.5687255859375,1199.93115234375,1200.3760986328125,1200.144775390625,1199.39111328125
M8_YLUR_SHUR,8,LUR,HUR,2025-02-12,2025-02-14,3,TSE,1101.1705322265625,1203.595703125,1215.9241943359375,1190.167236328125,1202.056884765625
M8_YLUR_SHUR,8,LUR,HUR,2025-02-12,2025-02-14,3,TSEC,79.63335418701172,79.77149963378906,79.5572280883789,79.69387817382812,79.6707992553711
M8_YLUR_SHUR,8,LUR,HUR,2025-02-13,2025-02-13,1,Yd,1204.943603515625,1199.9178466796875,1198.592041015625,1198.1973876953125,1199.44140625
M8_YLUR_SHUR,8,LUR,HUR,2025-02-13,2025-02-13,1,TSE,1349.706787109375,1203.7374267578125,1225.1248779296875,1204.189208984375,1204.046630859375
M8_YLUR_SHUR,8,LUR,HUR,2025-02-13,2025-02-13,1,TSEC,76.7935791015625,79.77949523925781,79.55374908447266,78.80419158935547,79.46224212646484
M8_YLUR_SHUR,8,LUR,HUR,2025-02-13,2025-02-14,2,Yd,1209.5687255859375,1199.9178466796875,1200.675048828125,1198.4775390625,1199.42236328125
M8_YLUR_SHUR,8,LUR,HUR,2025-02-13,2025-02-14,2,TSE,1101.1705322265625,1203.7374267578125,1202.2789306640625,1215.8682861328125,1204.0732421875
M8_YLUR_SHUR,8,LUR,HUR,2025-02-13,2025-02-14,2,TSEC,79.63335418701172,79.77949523925781,80.0352783203125,79.1180419921875,79.44378662109375
M8_YLUR_SHUR,8,LUR,HUR,2025-02-13,2025-02-15,3,Yd,1227.8358154296875,1199.9178466796875,1199.688720703125,1197.611328125,1199.47412109375
M8_YLUR_SHUR,8,LUR,HUR,2025-02-13,2025-02-15,3,TSE,1068.6241455078125,1203.7374267578125,1190.7943115234375,1196.2735595703125,1203.30224609375
M8_YLUR_SHUR,8,LUR,HUR,2025-02-13,2025-02-15,3,TSEC,76.81263732910156,79.77949523925781,80.66795349121094,77.91560363769531,79.57787322998047
M8_YLUR_SHUR,8,LUR,HUR,2025-02-14,2025-02-14,1,Yd,1209.5687255859375,1199.92431640625,1201.551025390625,1204.3201904296875,1199.763671875
M8_YLUR_SHUR,8,LUR,HUR,2025-02-14,2025-02-14,1,TSE,1101.1705322265625,1203.92578125,1201.3544921875,1173.894287109375,1203.9560546875
M8_YLUR_SHUR,8,LUR,HUR,2025-02-14,2025-02-14,1,TSEC,79.63335418701172,79.77564239501953,81.7596206665039,78.28617095947266,79.54866790771484
M8_YLUR_SHUR,8,LUR,HUR,2025-02-14,2025-02-15,2,Yd,1227.8358154296875,1199.92431640625,1199.74658203125,1198.5938720703125,1199.619873046875
M8_YLUR_SHUR,8,LUR,HUR,2025-02-14,2025-02-15,2,TSE,1068.6241455078125,1203.92578125,1195.9100341796875,1196.18896484375,1202.8760986328125
M8_YLUR_SHUR,8,LUR,HUR,2025-02-14,2025-02-15,2,TSEC,76.81263732910156,79.77564239501953,80.62261962890625,77.26441192626953,79.62893676757812
M8_YLUR_SHUR,8,LUR,HUR,2025-02-14,2025-02-16,3,Yd,1204.149658203125,1199.92431640625,1198.4569091796875,1199.480712890625,1199.2322998046875
M8_YLUR_SHUR,8,LUR,HUR,2025-02-14,2025-02-16,3,TSE,1256.8953857421875,1203.92578125,1215.8270263671875,1181.1092529296875,1203.5743408203125
M8_YLUR_SHUR,8,LUR,HUR,2025-02-14,2025-02-16,3,TSEC,87.16000366210938,79.77564239501953,80.97877502441406,79.1682357788086,79.64295196533203
M8_YLUR_SHUR,8,LUR,HUR,2025-02-15,2025-02-15,1,Yd,1227.8358154296875,1199.9366455078125,1200.364013671875,1199.4564208984375,1199.626220703125
M8_YLUR_SHUR,8,LUR,HUR,2025-02-15,2025-02-15,1,TSE,1068.6241455078125,1203.7933349609375,1182.541259765625,1190.5322265625,1203.1640625
M8_YLUR_SHUR,8,LUR,HUR,2025-02-15,2025-02-15,1,TSEC,76.81263732910156,79.77545928955078,79.78947448730469,78.5019302368164,79.74068450927734
M8_YLUR_SHUR,8,LUR,HUR,2025-02-15,2025-02-16,2,Yd,1204.149658203125,1199.9366455078125,1198.1451416015625,1194.9547119140625,1199.265869140625
M8_YLUR_SHUR,8,LUR,HUR,2025-02-15,2025-02-16,2,TSE,1256.8953857421875,1203.7933349609375,1217.1463623046875,1225.7689208984375,1203.7642822265625
M8_YLUR_SHUR,8,LUR,HUR,2025-02-15,2025-02-16,2,TSEC,87.16000366210938,79.77545928955078,79.96939086914062,77.9688720703125,79.7457046508789
M8_YLUR_SHUR,8,LUR,HUR,2025-02-15,2025-02-17,3,Yd,1178.7662353515625,1199.9366455078125,1197.888671875,1196.6396484375,1198.958251953125
M8_YLUR_SHUR,8,LUR,HUR,2025-02-15,2025-02-17,3,TSE,1011.324462890625,1203.7933349609375,1229.2313232421875,1244.98193359375,1207.1544189453125
M8_YLUR_SHUR,8,LUR,HUR,2025-02-15,2025-02-17,3,TSEC,79.51324462890625,79.77545928955078,79.5379409790039,78.8555908203125,79.50654602050781
M8_YLUR_SHUR,8,LUR,HUR,2025-02-16,2025-02-16,1,Yd,1204.149658203125,1199.9725341796875,1200.6580810546875,1196.2459716796875,1199.4088134765625
M8_YLUR_SHUR,8,LUR,HUR,2025-02-16,2025-02-16,1,TSE,1256.8953857421875,1203.619384765625,1210.411376953125,1206.6536865234375,1205.739990234375
M8_YLUR_SHUR,8,LUR,HUR,2025-02-16,2025-02-16,1,TSEC,87.16000366210938,79.77164459228516,79.21959686279297,80.5892105102539,79.71136474609375
M8_YLUR_SHUR,8,LUR,HUR,2025-02-16,2025-02-17,2,Yd,1178.7662353515625,1199.9725341796875,1197.11474609375,1196.490234375,1199.0211181640625
M8_YLUR_SHUR,8,LUR,HUR,2025-02-16,2025-02-17,2,TSE,1011.324462890625,1203.619384765625,1231.23291015625,1174.7857666015625,1208.5792236328125
M8_YLUR_SHUR,8,LUR,HUR,2025-02-16,2025-02-17,2,TSEC,79.51324462890625,79.77164459228516,79.8201904296875,81.22591400146484,79.58684539794922
M8_YLUR_SHUR,8,LUR,HUR,2025-02-16,2025-02-18,3,Yd,1209.2642822265625,1199.9725341796875,1200.210205078125,1197.089111328125,1198.728759765625
M8_YLUR_SHUR,8,LUR,HUR,2025-02-16,2025-02-18,3,TSE,1278.079345703125,1203.619384765625,1236.27880859375,1223.873291015625,1209.441650390625
M8_YLUR_SHUR,8,LUR,HUR,2025-02-16,2025-02-18,3,TSEC,64.40457916259766,79.77164459228516,79.73762512207031,81.89749908447266,79.54999542236328
M8_YLUR_SHUR,8,LUR,HUR,2025-02-17,2025-02-17,1,Yd,1178.7662353515625,1199.97802734375,1197.54052734375,1194.3194580078125,1199.2724609375
M8_YLUR_SHUR,8,LUR,HUR,2025-02-17,2025-02-17,1,TSE,1011.324462890625,1203.6878662109375,1234.3358154296875,1196.5889892578125,1207.982666015625
M8_YLUR_SHUR,8,LUR,HUR,2025-02-17,2025-02-17,1,TSEC,79.51324462890625,79.78114318847656,79.51117706298828,81.419677734375,79.50648498535156
M8_YLUR_SHUR,8,LUR,HUR,2025-02-17,2025-02-18,2,Yd,1209.2642822265625,1199.97802734375,1199.913818359375,1199.59619140625,1198.846923828125
M8_YLUR_SHUR,8,LUR,HUR,2025-02-17,2025-02-18,2,TSE,1278.079345703125,1203.6878662109375,1236.4642333984375,1209.3927001953125,1208.5281982421875
M8_YLUR_SHUR,8,LUR,HUR,2025-02-17,2025-02-18,2,TSEC,64.40457916259766,79.78114318847656,80.37091827392578,80.5706558227539,79.44987487792969
M8_YLUR_SHUR,8,LUR,HUR,2025-02-17,2025-02-19,3,Yd,1218.6402587890625,1199.97802734375,1200.0274658203125,1202.5797119140625,1198.2872314453125
M8_YLUR_SHUR,8,LUR,HUR,2025-02-17,2025-02-19,3,TSE,1002.2954711914062,1203.6878662109375,1173.0406494140625,1179.11376953125,1208.60107421875
M8_YLUR_SHUR,8,LUR,HUR,2025-02-17,2025-02-19,3,TSEC,75.00263214111328,79.78114318847656,79.94075775146484,81.64176177978516,79.40690612792969
M8_YLUR_SHUR,8,LUR,HUR,2025-02-18,2025-02-18,1,Yd,1209.2642822265625,1199.95068359375,1199.716552734375,1197.758056640625,1199.4000244140625
M8_YLUR_SHUR,8,LUR,HUR,2025-02-18,2025-02-18,1,TSE,1278.079345703125,1203.44091796875,1192.3192138671875,1161.0782470703125,1206.562744140625
M8_YLUR_SHUR,8,LUR,HUR,2025-02-18,2025-02-18,1,TSEC,64.40457916259766,79.78079986572266,79.7792739868164,79.56903839111328,79.52696228027344
M8_YLUR_SHUR,8,LUR,HUR,2025-02-18,2025-02-19,2,Yd,1218.6402587890625,1199.95068359375,1201.32861328125,1192.719970703125,1198.8450927734375
M8_YLUR_SHUR,8,LUR,HUR,2025-02-18,2025-02-19,2,TSE,1002.2954711914062,1203.44091796875,1213.3060302734375,1153.07275390625,1207.8739013671875
M8_YLUR_SHUR,8,LUR,HUR,2025-02-18,2025-02-19,2,TSEC,75.00263214111328,79.78079986572266,79.7857894897461,79.34700012207031,79.44548034667969
M8_YLUR_SHUR,8,LUR,HUR,2025-02-18,2025-02-20,3,Yd,1202.7562255859375,1199.95068359375,1200.1915283203125,1199.796142578125,1198.6683349609375
M8_YLUR_SHUR,8,LUR,HUR,2025-02-18,2025-02-20,3,TSE,1206.6673583984375,1203.44091796875,1206.273681640625,1182.2763671875,1208.3934326171875
M8_YLUR_SHUR,8,LUR,HUR,2025-02-18,2025-02-20,3,TSEC,89.06224060058594,79.78079986572266,79.74786376953125,77.96178436279297,79.43830108642578
M8_YLUR_SHUR,8,LUR,HUR,2025-02-19,2025-02-19,1,Yd,1218.6402587890625,1199.962646484375,1201.72119140625,1198.833740234375,1199.2718505859375
M8_YLUR_SHUR,8,LUR,HUR,2025-02-19,2025-02-19,1,TSE,1002.2954711914062,1203.53662109375,1206.7860107421875,1212.648193359375,1205.5810546875
M8_YLUR_SHUR,8,LUR,HUR,2025-02-19,2025-02-19,1,TSEC,75.00263214111328,79.7610855102539,79.80947875976562,80.69084930419922,79.4348373413086
M8_YLUR_SHUR,8,LUR,HUR,2025-02-19,2025-02-20,2,Yd,1202.7562255859375,1199.962646484375,1200.01123046875,1199.3756103515625,1199.0362548828125
M8_YLUR_SHUR,8,LUR,HUR,2025-02-19,2025-02-20,2,TSE,1206.6673583984375,1203.53662109375,1200.9716796875,1225.286865234375,1205.9873046875
M8_YLUR_SHUR,8,LUR,HUR,2025-02-19,2025-02-20,2,TSEC,89.06224060058594,79.7610855102539,79.29515838623047,78.64972686767578,79.44993591308594
M8_YLUR_SHUR,8,LUR,HUR,2025-02-19,2025-02-21,3,Yd,1203.2193603515625,1199.962646484375,1201.1873779296875,1197.7637939453125,1199.1312255859375
M8_YLUR_SHUR,8,LUR,HUR,2025-02-19,2025-02-21,3,TSE,1333.8826904296875,1203.53662109375,1207.1846923828125,1259.6053466796875,1204.68115234375
M8_YLUR_SHUR,8,LUR,HUR,2025-02-19,2025-02-21,3,TSEC,80.6534194946289,79.7610855102539,79.93746185302734,77.35633850097656,79.55662536621094
M8_YLUR_SHUR,8,LUR,HUR,2025-02-20,2025-02-20,1,Yd,1202.7562255859375,1199.986572265625,1201.2701416015625,1199.6102294921875,1199.3721923828125
M8_YLUR_SHUR,8,LUR,HUR,2025-02-20,2025-02-20,1,TSE,1206.6673583984375,1203.2789306640625,1191.0872802734375,1198.593994140625,1205.778076171875
M8_YLUR_SHUR,8,LUR,HUR,2025-02-20,2025-02-20,1,TSEC,89.06224060058594,79.75498962402344,79.64152526855469,78.05250549316406,79.50708770751953
M8_YLUR_SHUR,8,LUR,HUR,2025-02-20,2025-02-21,2,Yd,1203.2193603515625,1199.986572265625,1200.47509765625,1201.5833740234375,1199.328857421875
M8_YLUR_SHUR,8,LUR,HUR,2025-02-20,2025-02-21,2,TSE,1333.8826904296875,1203.2789306640625,1213.8470458984375,1210.7452392578125,1206.7064208984375
M8_YLUR_SHUR,8,LUR,HUR,2025-02-20,2025-02-21,2,TSEC,80.6534194946289,79.75498962402344,79.64653015136719,79.46822357177734,79.49968719482422
M8_YLUR_SHUR,8,LUR,HUR,2025-02-20,2025-02-22,3,Yd,1218.2545166015625,1199.986572265625,1200.2767333984375,1202.339111328125,1199.456787109375
M8_YLUR_SHUR,8,LUR,HUR,2025-02-20,2025-02-22,3,TSE,1338.682861328125,1203.2789306640625,1190.4031982421875,1183.833740234375,1207.271240234375
M8_YLUR_SHUR,8,LUR,HUR,2025-02-20,2025-02-22,3,TSEC,67.03850555419922,79.75498962402344,79.64373779296875,79.77290344238281,79.57159423828125
M8_YLUR_SHUR,8,LUR,HUR,2025-02-21,2025-02-21,1,Yd,1203.2193603515625,1199.9901123046875,1200.544189453125,1200.771240234375,1199.5074462890625
M8_YLUR_SHUR,8,LUR,HUR,2025-02-21,2025-02-21,1,TSE,1333.8826904296875,1203.283203125,1213.75244140625,1175.5860595703125,1205.8446044921875
M8_YLUR_SHUR,8,LUR,HUR,2025-02-21,2025-02-21,1,TSEC,80.6534194946289,79.76689147949219,80.09696197509766,82.41915130615234,79.50437927246094
M8_YLUR_SHUR,8,LUR,HUR,2025-02-21,2025-02-22,2,Yd,1218.2545166015625,1199.9901123046875,1200.15087890625,1200.0565185546875,1199.360595703125
M8_YLUR_SHUR,8,LUR,HUR,2025-02-21,2025-02-22,2,TSE,1338.682861328125,1203.283203125,1185.425537109375,1174.6109619140625,1205.8507080078125
M8_YLUR_SHUR,8,LUR,HUR,2025-02-21,2025-02-22,2,TSEC,67.03850555419922,79.76689147949219,80.41094970703125,79.8270263671875,79.6131820678711
M8_YLUR_SHUR,8,LUR,HUR,2025-02-21,2025-02-23,3,Yd,1186.94482421875,1199.9901123046875,1198.277587890625,1200.6265869140625,1198.9500732421875
M8_YLUR_SHUR,8,LUR,HUR,2025-02-21,2025-02-23,3,TSE,1258.359130859375,1203.283203125,1208.541015625,1175.6171875,1207.8179931640625
M8_YLUR_SHUR,8,LUR,HUR,2025-02-21,2025-02-23,3,TSEC,79.52389526367188,79.76689147949219,79.75511169433594,82.2821273803711,79.5953140258789
M8_YLUR_SHUR,8,LUR,HUR,2025-02-22,2025-02-22,1,Yd,1218.2545166015625,1199.9942626953125,1200.5689697265625,1198.380859375,1199.504150390625
M8_YLUR_SHUR,8,LUR,HUR,2025-02-22,2025-02-22,1,TSE,1338.682861328125,1203.4500732421875,1193.19775390625,1161.273193359375,1205.093505859375
M8_YLUR_SHUR,8,LUR,HUR,2025-02-22,2025-02-22,1,TSEC,67.03850555419922,79.76802825927734,80.857666015625,80.40727996826172,79.73648071289062
M8_YLUR_SHUR,8,LUR,HUR,2025-02-22,2025-02-23,2,Yd,1186.94482421875,1199.9942626953125,1198.3514404296875,1196.7330322265625,1199.056884765625
M8_YLUR_SHUR,8,LUR,HUR,2025-02-22,2025-02-23,2,TSE,1258.359130859375,1203.4500732421875,1208.055908203125,1209.0172119140625,1207.014404296875
M8_YLUR_SHUR,8,LUR,HUR,2025-02-22,2025-02-23,2,TSEC,79.52389526367188,79.76802825927734,79.89179229736328,78.54279327392578,79.7434310913086
M8_YLUR_SHUR,8,LUR,HUR,2025-02-22,2025-02-24,3,Yd,1200.417724609375,1199.9942626953125,1197.79736328125,1200.0546875,1198.6756591796875
M8_YLUR_SHUR,8,LUR,HUR,2025-02-22,2025-02-24,3,TSE,1110.07666015625,1203.4500732421875,1238.4835205078125,1192.191650390625,1211.088134765625
M8_YLUR_SHUR,8,LUR,HUR,2025-02-22,2025-02-24,3,TSEC,81.48941802978516,79.76802825927734,78.04141998291016,82.12306213378906,79.43805694580078
M8_YLUR_SHUR,8,LUR,HUR,2025-02-23,2025-02-23,1,Yd,1186.94482421875,1200.017578125,1200.0936279296875,1195.4549560546875,1199.44970703125
M8_YLUR_SHUR,8,LUR,HUR,2025-02-23,2025-02-23,1,TSE,1258.359130859375,1203.62255859375,1211.2529296875,1215.194091796875,1206.06103515625
M8_YLUR_SHUR,8,LUR,HUR,2025-02-23,2025-02-23,1,TSEC,79.52389526367188,79.75178527832031,79.80735778808594,79.6718978881836,79.72391510009766
M8_YLUR_SHUR,8,LUR,HUR,2025-02-23,2025-02-24,2,Yd,1200.417724609375,1200.017578125,1197.2442626953125,1192.42626953125,1199.0562744140625
M8_YLUR_SHUR,8,LUR,HUR,2025-02-23,2025-02-24,2,TSE,1110.07666015625,1203.62255859375,1196.14892578125,1254.0489501953125,1209.1934814453125
M8_YLUR_SHUR,8,LUR,HUR,2025-02-23,2025-02-24,2,TSEC,81.48941802978516,79.75178527832031,79.79161834716797,80.99112701416016,79.55269622802734
M8_YLUR_SHUR,8,LUR,HUR,2025-02-23,2025-02-25,3,Yd,1202.5635986328125,1200.017578125,1200.3609619140625,1196.5263671875,1198.6851806640625
M8_YLUR_SHUR,8,LUR,HUR,2025-02-23,2025-02-25,3,TSE,1096.9674072265625,1203.62255859375,1208.3125,1259.9075927734375,1209.8931884765625
M8_YLUR_SHUR,8,LUR,HUR,2025-02-23,2025-02-25,3,TSEC,97.2950439453125,79.75178527832031,79.9508056640625,81.66365051269531,79.42676544189453
M8_YLUR_SHUR,8,LUR,HUR,2025-02-24,2025-02-24,1,Yd,1200.417724609375,1200.0009765625,1195.883056640625,1195.114990234375,1199.4217529296875
M8_YLUR_SHUR,8,LUR,HUR,2025-02-24,2025-02-24,1,TSE,1110.07666015625,1203.692138671875,1244.0330810546875,1201.790283203125,1206.4046630859375
M8_YLUR_SHUR,8,LUR,HUR,2025-02-24,2025-02-24,1,TSEC,81.48941802978516,79.75149536132812,78.18077850341797,79.241455078125,79.50523376464844
M8_YLUR_SHUR,8,LUR,HUR,2025-02-24,2025-02-25,2,Yd,1202.5635986328125,1200.0009765625,1200.6585693359375,1195.2398681640625,1198.9515380859375
M8_YLUR_SHUR,8,LUR,HUR,2025-02-24,2025-02-25,2,TSE,1096.9674072265625,1203.692138671875,1239.2996826171875,1283.0794677734375,1206.7626953125
M8_YLUR_SHUR,8,LUR,HUR,2025-02-24,2025-02-25,2,TSEC,97.2950439453125,79.75149536132812,79.9627685546875,81.080810546875,79.44893646240234
M8_YLUR_SHUR,8,LUR,HUR,2025-02-24,2025-02-26,3,Yd,1198.965087890625,1200.0009765625,1200.6226806640625,1196.4761962890625,1198.6180419921875
M8_YLUR_SHUR,8,LUR,HUR,2025-02-24,2025-02-26,3,TSE,891.332763671875,1203.692138671875,1180.1368408203125,1251.16162109375,1206.281982421875
M8_YLUR_SHUR,8,LUR,HUR,2025-02-24,2025-02-26,3,TSEC,84.04393005371094,79.75149536132812,79.56024932861328,79.44042205810547,79.4285888671875
M8_YLUR_SHUR,8,LUR,HUR,2025-02-25,2025-02-25,1,Yd,1202.5635986328125,1200.00146484375,1201.2861328125,1198.033203125,1199.3292236328125
M8_YLUR_SHUR,8,LUR,HUR,2025-02-25,2025-02-25,1,TSE,1096.9674072265625,1203.5731201171875,1226.88623046875,1207.6412353515625,1205.4915771484375
M8_YLUR_SHUR,8,LUR,HUR,2025-02-25,2025-02-25,1,TSEC,97.2950439453125,79.75370788574219,79.60882568359375,82.22840881347656,79.49205780029297
M8_YLUR_SHUR,8,LUR,HUR,2025-02-25,2025-02-26,2,Yd,1198.965087890625,1200.00146484375,1200.7000732421875,1198.8043212890625,1198.88525390625
M8_YLUR_SHUR,8,LUR,HUR,2025-02-25,2025-02-26,2,TSE,891.332763671875,1203.5731201171875,1183.91552734375,1201.5755615234375,1206.137451171875
M8_YLUR_SHUR,8,LUR,HUR,2025-02-25,2025-02-26,2,TSEC,84.04393005371094,79.75370788574219,79.52193450927734,80.25886535644531,79.41192626953125
M8_YLUR_SHUR,8,LUR,HUR,2025-02-25,2025-02-27,3,Yd,1199.3685302734375,1200.00146484375,1200.1168212890625,1201.7783203125,1198.7711181640625
M8_YLUR_SHUR,8,LUR,HUR,2025-02-25,2025-02-27,3,TSE,1131.8250732421875,1203.5731201171875,1202.4224853515625,1207.872802734375,1206.07470703125
M8_YLUR_SHUR,8,LUR,HUR,2025-02-25,2025-02-27,3,TSEC,77.45050811767578,79.75370788574219,79.77050018310547,80.08654022216797,79.41393280029297
M8_YLUR_SHUR,8,LUR,HUR,2025-02-26,2025-02-26,1,Yd,1198.965087890625,1200.0047607421875,1200.5906982421875,1197.8668212890625,1199.1497802734375
M8_YLUR_SHUR,8,LUR,HUR,2025-02-26,2025-02-26,1,TSE,891.332763671875,1203.4376220703125,1186.00341796875,1178.1295166015625,1206.0902099609375
M8_YLUR_SHUR,8,LUR,HUR,2025-02-26,2025-02-26,1,TSEC,84.04393005371094,79.7760009765625,79.57901000976562,78.01144409179688,79.35194396972656
M8_YLUR_SHUR,8,LUR,HUR,2025-02-26,2025-02-27,2,Yd,1199.3685302734375,1200.0047607421875,1199.695556640625,1195.5345458984375,1198.74267578125
M8_YLUR_SHUR,8,LUR,HUR,2025-02-26,2025-02-27,2,TSE,1131.8250732421875,1203.4376220703125,1207.2513427734375,1210.24755859375,1207.457763671875
M8_YLUR_SHUR,8,LUR,HUR,2025-02-26,2025-02-27,2,TSEC,77.45050811767578,79.7760009765625,79.34194946289062,76.39412689208984,79.2953109741211
M8_YLUR_SHUR,8,LUR,HUR,2025-02-26,2025-02-28,3,Yd,1210.3043212890625,1200.0047607421875,1200.624267578125,1198.22900390625,1198.700927734375
M8_YLUR_SHUR,8,LUR,HUR,2025-02-26,2025-02-28,3,TSE,1134.4305419921875,1203.4376220703125,1203.29833984375,1173.8756103515625,1206.2178955078125
M8_YLUR_SHUR,8,LUR,HUR,2025-02-26,2025-02-28,3,TSEC,69.73198699951172,79.7760009765625,80.166015625,74.85640716552734,79.37354278564453
M8_YLUR_SHUR,8,LUR,HUR,2025-02-27,2025-02-27,1,Yd,1199.3685302734375,1200.00341796875,1199.6326904296875,1197.6318359375,1199.3172607421875
M8_YLUR_SHUR,8,LUR,HUR,2025-02-27,2025-02-27,1,TSE,1131.8250732421875,1203.04150390625,1189.538818359375,1196.9468994140625,1206.7894287109375
M8_YLUR_SHUR,8,LUR,HUR,2025-02-27,2025-02-27,1,TSEC,77.45050811767578,79.78141021728516,79.28458404541016,78.98355102539062,79.44617462158203
M8_YLUR_SHUR,8,LUR,HUR,2025-02-27,2025-02-28,2,Yd,1210.3043212890625,1200.00341796875,1200.7547607421875,1193.18359375,1199.1844482421875
M8_YLUR_SHUR,8,LUR,HUR,2025-02-27,2025-02-28,2,TSE,1134.4305419921875,1203.04150390625,1206.3984375,1208.8575439453125,1208.2529296875
M8_YLUR_SHUR,8,LUR,HUR,2025-02-27,2025-02-28,2,TSEC,69.73198699951172,79.78141021728516,79.79228210449219,78.89289093017578,79.36932373046875
M8_YLUR_SHUR,8,LUR,HUR,2025-02-27,2025-03-01,3,Yd,1169.28857421875,1200.00341796875,1200.28369140625,1196.7174072265625,1199.2149658203125
M8_YLUR_SHUR,8,LUR,HUR,2025-02-27,2025-03-01,3,TSE,1385.460205078125,1203.04150390625,1183.232177734375,1209.42626953125,1207.8372802734375
M8_YLUR_SHUR,8,LUR,HUR,2025-02-27,2025-03-01,3,TSEC,78.39991760253906,79.78141021728516,81.27568054199219,79.35931396484375,79.48809814453125
M8_YLUR_SHUR,8,LUR,HUR,2025-02-28,2025-02-28,1,Yd,1210.3043212890625,1200.0025634765625,1200.8641357421875,1198.6802978515625,1199.57666015625
M8_YLUR_SHUR,8,LUR,HUR,2025-02-28,2025-02-28,1,TSE,1134.4305419921875,1202.951416015625,1211.4539794921875,1200.3197021484375,1206.0321044921875
M8_YLUR_SHUR,8,LUR,HUR,2025-02-28,2025-02-28,1,TSEC,69.73198699951172,79.77845764160156,79.12681579589844,80.73826599121094,79.53093719482422
M8_YLUR_SHUR,8,LUR,HUR,2025-02-28,2025-03-01,2,Yd,1169.28857421875,1200.0025634765625,1200.4283447265625,1199.8343505859375,1199.4725341796875
M8_YLUR_SHUR,8,LUR,HUR,2025-02-28,2025-03-01,2,TSE,1385.460205078125,1202.951416015625,1204.148193359375,1192.86767578125,1206.85302734375
M8_YLUR_SHUR,8,LUR,HUR,2025-02-28,2025-03-01,2,TSEC,78.39991760253906,79.77845764160156,79.50196838378906,79.4394302368164,79.63984680175781
M8_YLUR_SHUR,8,LUR,HUR,2025-02-28,2025-03-02,3,Yd,1187.22021484375,1200.0025634765625,1198.3643798828125,1202.3809814453125,1199.0838623046875
M8_YLUR_SHUR,8,LUR,HUR,2025-02-28,2025-03-02,3,TSE,1139.0809326171875,1202.951416015625,1205.3095703125,1197.7188720703125,1208.9696044921875
M8_YLUR_SHUR,8,LUR,HUR,2025-02-28,2025-03-02,3,TSEC,79.52227783203125,79.77845764160156,79.4906005859375,80.0634536743164,79.63098907470703
M8_YLUR_SHUR,8,LUR,HUR,2025-03-01,2025-03-01,1,Yd,1169.28857421875,1200.015625,1201.4520263671875,1198.88525390625,1199.65283203125
M8_YLUR_SHUR,8,LUR,HUR,2025-03-01,2025-03-01,1,TSE,1385.460205078125,1202.8646240234375,1179.9937744140625,1188.643310546875,1205.616455078125
M8_YLUR_SHUR,8,LUR,HUR,2025-03-01,2025-03-01,1,TSEC,78.39991760253906,79.7657470703125,80.98519134521484,80.77259826660156,79.77136993408203
M8_YLUR_SHUR,8,LUR,HUR,2025-03-01,2025-03-02,2,Yd,1187.22021484375,1200.015625,1198.2823486328125,1195.357177734375,1199.301513671875
M8_YLUR_SHUR,8,LUR,HUR,2025-03-01,2025-03-02,2,TSE,1139.0809326171875,1202.8646240234375,1205.0350341796875,1184.151123046875,1207.614501953125
M8_YLUR_SHUR,8,LUR,HUR,2025-03-01,2025-03-02,2,TSEC,79.52227783203125,79.7657470703125,79.61618041992188,81.69157409667969,79.82013702392578
M8_YLUR_SHUR,8,LUR,HUR,2025-03-01,2025-03-03,3,Yd,1211.2401123046875,1200.015625,1198.024169921875,1195.7724609375,1198.9642333984375
M8_YLUR_SHUR,8,LUR,HUR,2025-03-01,2025-03-03,3,TSE,1169.942626953125,1202.8646240234375,1229.13330078125,1197.05029296875,1210.6854248046875
M8_YLUR_SHUR,8,LUR,HUR,2025-03-01,2025-03-03,3,TSEC,79.39356994628906,79.7657470703125,79.35885620117188,84.27861785888672,79.71800231933594
M8_YLUR_SHUR,8,LUR,HUR,2025-03-02,2025-03-02,1,Yd,1187.22021484375,1199.976806640625,1194.997802734375,1198.65869140625,1199.564208984375
M8_YLUR_SHUR,8,LUR,HUR,2025-03-02,2025-03-02,1,TSE,1139.0809326171875,1203.095458984375,1204.3397216796875,1201.6490478515625,1205.6544189453125
M8_YLUR_SHUR,8,LUR,HUR,2025-03-02,2025-03-02,1,TSEC,79.52227783203125,79.7640151977539,79.63713073730469,78.80491638183594,79.69567108154297
M8_YLUR_SHUR,8,LUR,HUR,2025-03-02,2025-03-03,2,Yd,1211.2401123046875,1199.976806640625,1198.6580810546875,1199.943115234375,1199.193603515625
M8_YLUR_SHUR,8,LUR,HUR,2025-03-02,2025-03-03,2,TSE,1169.942626953125,1203.095458984375,1198.692626953125,1225.96240234375,1208.00244140625
M8_YLUR_SHUR,8,LUR,HUR,2025-03-02,2025-03-03,2,TSEC,79.39356994628906,79.7640151977539,79.24523162841797,79.84125518798828,79.5457992553711
M8_YLUR_SHUR,8,LUR,HUR,2025-03-02,2025-03-04,3,Yd,1205.9967041015625,1199.976806640625,1200.060546875,1200.978759765625,1198.9017333984375
M8_YLUR_SHUR,8,LUR,HUR,2025-03-02,2025-03-04,3,TSE,1196.0675048828125,1203.095458984375,1198.9833984375,1228.2252197265625,1208.0301513671875
M8_YLUR_SHUR,8,LUR,HUR,2025-03-02,2025-03-04,3,TSEC,75.4633560180664,79.7640151977539,79.5070571899414,80.15769958496094,79.55084228515625
M8_YLUR_SHUR,8,LUR,HUR,2025-03-03,2025-03-03,1,Yd,1211.2401123046875,1199.960693359375,1198.5299072265625,1198.6978759765625,1199.58984375
M8_YLUR_SHUR,8,LUR,HUR,2025-03-03,2025-03-03,1,TSE,1169.942626953125,1203.0146484375,1221.794189453125,1206.7232666015625,1205.7142333984375
M8_YLUR_SHUR,8,LUR,HUR,2025-03-03,2025-03-03,1,TSEC,79.39356994628906,79.76371002197266,78.77947235107422,80.93070983886719,79.59300994873047
M8_YLUR_SHUR,8,LUR,HUR,2025-03-03,2025-03-04,2,Yd,1205.9967041015625,1199.960693359375,1201.1068115234375,1195.05517578125,1199.2982177734375
M8_YLUR_SHUR,8,LUR,HUR,2025-03-03,2025-03-04,2,TSE,1196.0675048828125,1203.0146484375,1232.560302734375,1181.4556884765625,1205.994384765625
M8_YLUR_SHUR,8,LUR,HUR,2025-03-03,2025-03-04,2,TSEC,75.4633560180664,79.76371002197266,79.36277770996094,82.6478271484375,79.61079406738281
M8_YLUR_SHUR,8,LUR,HUR,2025-03-03,2025-03-05,3,Yd,1192.73486328125,1199.960693359375,1201.5084228515625,1197.8863525390625,1198.8931884765625
M8_YLUR_SHUR,8,LUR,HUR,2025-03-03,2025-03-05,3,TSE,1312.974853515625,1203.0146484375,1194.4183349609375,1203.0775146484375,1205.806640625
M8_YLUR_SHUR,8,LUR,HUR,2025-03-03,2025-03-05,3,TSEC,79.56499481201172,79.76371002197266,79.7720718383789,82.66901397705078,79.67534637451172
M8_YLUR_SHUR,8,LUR,HUR,2025-03-04,2025-03-04,1,Yd,1205.9967041015625,1199.9749755859375,1201.6490478515625,1199.5928955078125,1199.4208984375
M8_YLUR_SHUR,8,LUR,HUR,2025-03-04,2025-03-04,1,TSE,1196.0675048828125,1202.9730224609375,1232.3795166015625,1225.9654541015625,1205.2777099609375
M8_YLUR_SHUR,8,LUR,HUR,2025-03-04,2025-03-04,1,TSEC,75.4633560180664,79.76324462890625,79.64237213134766,81.20586395263672,79.54783630371094
M8_YLUR_SHUR,8,LUR,HUR,2025-03-04,2025-03-05,2,Yd,1192.73486328125,1199.9749755859375,1200.4835205078125,1200.2308349609375,1198.9322509765625
M8_YLUR_SHUR,8,LUR,HUR,2025-03-04,2025-03-05,2,TSE,1312.974853515625,1202.9730224609375,1192.1826171875,1227.4432373046875,1205.950927734375
M8_YLUR_SHUR,8,LUR,HUR,2025-03-04,2025-03-05,2,TSEC,79.56499481201172,79.76324462890625,79.76388549804688,79.82839965820312,79.5091781616211
M8_YLUR_SHUR,8,LUR,HUR,2025-03-04,2025-03-06,3,Yd,1188.064697265625,1199.9749755859375,1200.1671142578125,1198.5804443359375,1198.77001953125
M8_YLUR_SHUR,8,LUR,HUR,2025-03-04,2025-03-06,3,TSE,1235.824462890625,1202.9730224609375,1204.333251953125,1238.146240234375,1206.55029296875
M8_YLUR_SHUR,8,LUR,HUR,2025-03-04,2025-03-06,3,TSEC,76.98388671875,79.76324462890625,79.43006134033203,79.56861114501953,79.51297760009766
M8_YLUR_SHUR,8,LUR,HUR,2025-03-05,2025-03-05,1,Yd,1192.73486328125,1199.9825439453125,1200.865966796875,1202.560546875,1199.2989501953125
M8_YLUR_SHUR,8,LUR,HUR,2025-03-05,2025-03-05,1,TSE,1312.974853515625,1202.9642333984375,1189.3153076171875,1194.5262451171875,1205.026611328125
M8_YLUR_SHUR,8,LUR,HUR,2025-03-05,2025-03-05,1,TSEC,79.56499481201172,79.7578353881836,79.71553802490234,79.95551300048828,79.43829345703125
M8_YLUR_SHUR,8,LUR,HUR,2025-03-05,2025-03-06,2,Yd,1188.064697265625,1199.9825439453125,1199.9559326171875,1199.983154296875,1199.032470703125
M8_YLUR_SHUR,8,LUR,HUR,2025-03-05,2025-03-06,2,TSE,1235.824462890625,1202.9642333984375,1199.28271484375,1221.6124267578125,1205.2174072265625
M8_YLUR_SHUR,8,LUR,HUR,2025-03-05,2025-03-06,2,TSEC,76.98388671875,79.7578353881836,79.02255249023438,80.20470428466797,79.46649932861328
M8_YLUR_SHUR,8,LUR,HUR,2025-03-05,2025-03-07,3,Yd,1190.048828125,1199.9825439453125,1201.021728515625,1200.8062744140625,1199.0426025390625
M8_YLUR_SHUR,8,LUR,HUR,2025-03-05,2025-03-07,3,TSE,1162.5030517578125,1202.9642333984375,1199.681884765625,1194.2828369140625,1203.6710205078125
M8_YLUR_SHUR,8,LUR,HUR,2025-03-05,2025-03-07,3,TSEC,79.99430847167969,79.7578353881836,80.17463684082031,79.48197174072266,79.59893035888672
M8_YLUR_SHUR,8,LUR,HUR,2025-03-06,2025-03-06,1,Yd,1188.064697265625,1199.973388671875,1199.0758056640625,1200.62548828125,1199.39892578125
M8_YLUR_SHUR,8,LUR,HUR,2025-03-06,2025-03-06,1,TSE,1235.824462890625,1203.1026611328125,1211.5118408203125,1203.989501953125,1203.698974609375
M8_YLUR_SHUR,8,LUR,HUR,2025-03-06,2025-03-06,1,TSEC,76.98388671875,79.75758361816406,79.01792907714844,81.37230682373047,79.49526977539062
M8_YLUR_SHUR,8,LUR,HUR,2025-03-06,2025-03-07,2,Yd,1190.048828125,1199.973388671875,1201.0941162109375,1200.37353515625,1199.3453369140625
M8_YLUR_SHUR,8,LUR,HUR,2025-03-06,2025-03-07,2,TSE,1162.5030517578125,1203.1026611328125,1197.46435546875,1175.5709228515625,1203.5443115234375
M8_YLUR_SHUR,8,LUR,HUR,2025-03-06,2025-03-07,2,TSEC,79.99430847167969,79.75758361816406,80.1683578491211,79.94354248046875,79.50141906738281
M8_YLUR_SHUR,8,LUR,HUR,2025-03-06,2025-03-08,3,Yd,1195.8109130859375,1199.973388671875,1199.8455810546875,1198.410888671875,1199.3055419921875
M8_YLUR_SHUR,8,LUR,HUR,2025-03-06,2025-03-08,3,TSE,1226.8681640625,1203.1026611328125,1180.8408203125,1194.0330810546875,1204.2572021484375
M8_YLUR_SHUR,8,LUR,HUR,2025-03-06,2025-03-08,3,TSEC,79.30912017822266,79.75758361816406,80.62593078613281,79.19257354736328,79.56595611572266
M8_YLUR_SHUR,8,LUR,HUR,2025-03-07,2025-03-07,1,Yd,1190.048828125,1199.9583740234375,1201.116943359375,1202.1951904296875,1199.6995849609375
M8_YLUR_SHUR,8,LUR,HUR,2025-03-07,2025-03-07,1,TSE,1162.5030517578125,1203.143798828125,1200.771484375,1205.0914306640625,1203.224853515625
M8_YLUR_SHUR,8,LUR,HUR,2025-03-07,2025-03-07,1,TSEC,79.99430847167969,79.75410461425781,79.30233764648438,78.55720520019531,79.60960388183594
M8_YLUR_SHUR,8,LUR,HUR,2025-03-07,2025-03-08,2,Yd,1195.8109130859375,1199.9583740234375,1200.9349365234375,1199.3218994140625,1199.5625
M8_YLUR_SHUR,8,LUR,HUR,2025-03-07,2025-03-08,2,TSE,1226.8681640625,1203.143798828125,1181.103759765625,1203.1268310546875,1203.3118896484375
M8_YLUR_SHUR,8,LUR,HUR,2025-03-07,2025-03-08,2,TSEC,79.30912017822266,79.75410461425781,79.32280731201172,80.91177368164062,79.66972351074219
M8_YLUR_SHUR,8,LUR,HUR,2025-03-07,2025-03-09,3,Yd,1213.73876953125,1199.9583740234375,1198.749755859375,1199.466796875,1199.26708984375
M8_YLUR_SHUR,8,LUR,HUR,2025-03-07,2025-03-09,3,TSE,1275.8638916015625,1203.143798828125,1206.5640869140625,1180.87255859375,1204.0245361328125
M8_YLUR_SHUR,8,LUR,HUR,2025-03-07,2025-03-09,3,TSEC,83.38558959960938,79.75410461425781,79.59778594970703,82.00952911376953,79.67108154296875
M8_YLUR_SHUR,8,LUR,HUR,2025-03-08,2025-03-08,1,Yd,1195.8109130859375,1199.9459228515625,1198.9754638671875,1199.5108642578125,1199.6744384765625
M8_YLUR_SHUR,8,LUR,HUR,2025-03-08,2025-03-08,1,TSE,1226.8681640625,1203.0927734375,1208.5633544921875,1213.0679931640625,1202.6427001953125
M8_YLUR_SHUR,8,LUR,HUR,2025-03-08,2025-03-08,1,TSEC,79.30912017822266,79.75440216064453,80.70191192626953,79.03077697753906,79.8001937866211
M8_YLUR_SHUR,8,LUR,HUR,2025-03-08,2025-03-09,2,Yd,1213.73876953125,1199.9459228515625,1198.25634765625,1198.142822265625,1199.3853759765625
M8_YLUR_SHUR,8,LUR,HUR,2025-03-08,2025-03-09,2,TSE,1275.8638916015625,1203.0927734375,1200.544677734375,1197.71630859375,1203.2996826171875
M8_YLUR_SHUR,8,LUR,HUR,2025-03-08,2025-03-09,2,TSEC,83.38558959960938,79.75440216064453,80.02828216552734,79.70130920410156,79.80431365966797
M8_YLUR_SHUR,8,LUR,HUR,2025-03-08,2025-03-10,3,Yd,1199.52197265625,1199.9459228515625,1197.7384033203125,1197.0089111328125,1199.0889892578125
M8_YLUR_SHUR,8,LUR,HUR,2025-03-08,2025-03-10,3,TSE,1207.519775390625,1203.0927734375,1201.318359375,1187.6087646484375,1206.3048095703125
M8_YLUR_SHUR,8,LUR,HUR,2025-03-08,2025-03-10,3,TSEC,86.7300796508789,79.75440216064453,78.76789093017578,80.02468872070312,79.54350280761719
M8_YLUR_SHUR,8,LUR,HUR,2025-03-09,2025-03-09,1,Yd,1213.73876953125,1199.9407958984375,1198.2607421875,1195.4161376953125,1199.567138671875
M8_YLUR_SHUR,8,LUR,HUR,2025-03-09,2025-03-09,1,TSE,1275.8638916015625,1203.12255859375,1210.1761474609375,1193.0947265625,1204.228271484375
M8_YLUR_SHUR,8,LUR,HUR,2025-03-09,2025-03-09,1,TSEC,83.38558959960938,79.75384521484375,80.04200744628906,81.74041748046875,79.71720123291016
M8_YLUR_SHUR,8,LUR,HUR,2025-03-09,2025-03-10,2,Yd,1199.52197265625,1199.9407958984375,1198.1773681640625,1195.025390625,1199.302734375
M8_YLUR_SHUR,8,LUR,HUR,2025-03-09,2025-03-10,2,TSE,1207.519775390625,1203.12255859375,1234.950439453125,1196.94775390625,1205.8046875
M8_YLUR_SHUR,8,LUR,HUR,2025-03-09,2025-03-10,2,TSEC,86.7300796508789,79.75384521484375,78.49746704101562,79.20155334472656,79.57930755615234
M8_YLUR_SHUR,8,LUR,HUR,2025-03-09,2025-03-11,3,Yd,1185.9803466796875,1199.9407958984375,1200.562744140625,1197.8646240234375,1199.038818359375
M8_YLUR_SHUR,8,LUR,HUR,2025-03-09,2025-03-11,3,TSE,1395.774658203125,1203.12255859375,1229.90478515625,1180.302490234375,1205.3927001953125
M8_YLUR_SHUR,8,LUR,HUR,2025-03-09,2025-03-11,3,TSEC,72.46456146240234,79.75384521484375,79.61064910888672,80.23290252685547,79.61857604980469
M8_YLUR_SHUR,8,LUR,HUR,2025-03-10,2025-03-10,1,Yd,1199.52197265625,1199.9581298828125,1199.2484130859375,1196.207275390625,1199.455322265625
M8_YLUR_SHUR,8,LUR,HUR,2025-03-10,2025-03-10,1,TSE,1207.519775390625,1203.2135009765625,1241.5880126953125,1209.056396484375,1205.573486328125
M8_YLUR_SHUR,8,LUR,HUR,2025-03-10,2025-03-10,1,TSEC,86.7300796508789,79.75839233398438,79.76457214355469,79.70896911621094,79.55038452148438
M8_YLUR_SHUR,8,LUR,HUR,2025-03-10,2025-03-11,2,Yd,1185.9803466796875,1199.9581298828125,1200.75439453125,1198.498291015625,1199.1190185546875
M8_YLUR_SHUR,8,LUR,HUR,2025-03-10,2025-03-11,2,TSE,1395.774658203125,1203.2135009765625,1231.385498046875,1194.6444091796875,1205.1048583984375
M8_YLUR_SHUR,8,LUR,HUR,2025-03-10,2025-03-11,2,TSEC,72.46456146240234,79.75839233398438,80.04334259033203,77.36619567871094,79.5179672241211
M8_YLUR_SHUR,8,LUR,HUR,2025-03-10,2025-03-12,3,Yd,1204.76513671875,1199.9581298828125,1201.357666015625,1198.690673828125,1198.6748046875
M8_YLUR_SHUR,8,LUR,HUR,2025-03-10,2025-03-12,3,TSE,1051.3045654296875,1203.2135009765625,1192.8983154296875,1217.681640625,1204.529052734375
M8_YLUR_SHUR,8,LUR,HUR,2025-03-10,2025-03-12,3,TSEC,66.58589172363281,79.75839233398438,80.02272033691406,79.08375549316406,79.5302963256836
M8_YLUR_SHUR,8,LUR,HUR,2025-03-11,2025-03-11,1,Yd,1185.9803466796875,1199.95751953125,1200.121337890625,1202.6883544921875,1199.391357421875
M8_YLUR_SHUR,8,LUR,HUR,2025-03-11,2025-03-11,1,TSE,1395.774658203125,1203.2188720703125,1201.0716552734375,1170.534912109375,1204.2364501953125
M8_YLUR_SHUR,8,LUR,HUR,2025-03-11,2025-03-11,1,TSEC,72.46456146240234,79.76710510253906,79.47382354736328,77.3113784790039,79.503662109375
M8_YLUR_SHUR,8,LUR,HUR,2025-03-11,2025-03-12,2,Yd,1204.76513671875,1199.95751953125,1200.658203125,1203.609619140625,1198.93798828125
M8_YLUR_SHUR,8,LUR,HUR,2025-03-11,2025-03-12,2,TSE,1051.3045654296875,1203.2188720703125,1207.57421875,1191.5306396484375,1203.8709716796875
M8_YLUR_SHUR,8,LUR,HUR,2025-03-11,2025-03-12,2,TSEC,66.58589172363281,79.76710510253906,79.75682067871094,79.74683380126953,79.41275787353516
M8_YLUR_SHUR,8,LUR,HUR,2025-03-11,2025-03-13,3,Yd,1196.982666015625,1199.95751953125,1199.900390625,1201.389892578125,1198.6346435546875
M8_YLUR_SHUR,8,LUR,HUR,2025-03-11,2025-03-13,3,TSE,1302.168701171875,1203.2188720703125,1203.73876953125,1202.512451171875,1204.5849609375
M8_YLUR_SHUR,8,LUR,HUR,2025-03-11,2025-03-13,3,TSEC,80.69000244140625,79.76710510253906,79.00090026855469,80.46564483642578,79.43016052246094
M8_YLUR_SHUR,8,LUR,HUR,2025-03-12,2025-03-12,1,Yd,1204.76513671875,1199.9400634765625,1199.206298828125,1198.2039794921875,1199.3624267578125
M8_YLUR_SHUR,8,LUR,HUR,2025-03-12,2025-03-12,1,TSE,1051.3045654296875,1203.459228515625,1205.46630859375,1203.404541015625,1202.595458984375
M8_YLUR_SHUR,8,LUR,HUR,2025-03-12,2025-03-12,1,TSEC,66.58589172363281,79.75798797607422,79.9719467163086,80.93417358398438,79.4102783203125
M8_YLUR_SHUR,8,LUR,HUR,2025-03-12,2025-03-13,2,Yd,1196.982666015625,1199.9400634765625,1199.9124755859375,1199.19775390625,1199.130859375
M8_YLUR_SHUR,8,LUR,HUR,2025-03-12,2025-03-13,2,TSE,1302.168701171875,1203.459228515625,1200.942626953125,1213.6094970703125,1201.73486328125
M8_YLUR_SHUR,8,LUR,HUR,2025-03-12,2025-03-13,2,TSEC,80.69000244140625,79.75798797607422,79.18122863769531,78.68800354003906,79.38945770263672
M8_YLUR_SHUR,8,LUR,HUR,2025-03-12,2025-03-14,3,Yd,1185.0972900390625,1199.9400634765625,1200.55126953125,1199.263671875,1198.98095703125
M8_YLUR_SHUR,8,LUR,HUR,2025-03-12,2025-03-14,3,TSE,1133.503173828125,1203.459228515625,1206.3302001953125,1230.467041015625,1200.687744140625
M8_YLUR_SHUR,8,LUR,HUR,2025-03-12,2025-03-14,3,TSEC,79.10872650146484,79.75798797607422,80.19377136230469,76.64051818847656,79.5452651977539
M8_YLUR_SHUR,8,LUR,HUR,2025-03-13,2025-03-13,1,Yd,1196.982666015625,1199.946044921875,1200.500244140625,1199.869384765625,1199.5115966796875
M8_YLUR_SHUR,8,LUR,HUR,2025-03-13,2025-03-13,1,TSE,1302.168701171875,1203.2696533203125,1188.8118896484375,1251.4356689453125,1202.3040771484375
M8_YLUR_SHUR,8,LUR,HUR,2025-03-13,2025-03-13,1,TSEC,80.69000244140625,79.74156188964844,79.29595947265625,77.65106964111328,79.59471893310547
M8_YLUR_SHUR,8,LUR,HUR,2025-03-13,2025-03-14,2,Yd,1185.0972900390625,1199.946044921875,1200.4769287109375,1198.9815673828125,1199.368408203125
M8_YLUR_SHUR,8,LUR,HUR,2025-03-13,2025-03-14,2,TSE,1133.503173828125,1203.2696533203125,1209.79150390625,1253.4007568359375,1201.4886474609375
M8_YLUR_SHUR,8,LUR,HUR,2025-03-13,2025-03-14,2,TSEC,79.10872650146484,79.74156188964844,79.85985565185547,80.26773834228516,79.65924072265625
M8_YLUR_SHUR,8,LUR,HUR,2025-03-13,2025-03-15,3,Yd,1197.3646240234375,1199.946044921875,1199.8936767578125,1201.7508544921875,1199.3243408203125
M8_YLUR_SHUR,8,LUR,HUR,2025-03-13,2025-03-15,3,TSE,1065.592529296875,1203.2696533203125,1199.7822265625,1248.456787109375,1201.4896240234375
M8_YLUR_SHUR,8,LUR,HUR,2025-03-13,2025-03-15,3,TSEC,82.3016128540039,79.74156188964844,80.87615966796875,79.98054504394531,79.73834991455078
M8_YLUR_SHUR,8,LUR,HUR,2025-03-14,2025-03-14,1,Yd,1185.0972900390625,1199.9423828125,1200.2767333984375,1197.947998046875,1199.62744140625
M8_YLUR_SHUR,8,LUR,HUR,2025-03-14,2025-03-14,1,TSE,1133.503173828125,1203.3927001953125,1214.5831298828125,1206.5313720703125,1202.0269775390625
M8_YLUR_SHUR,8,LUR,HUR,2025-03-14,2025-03-14,1,TSEC,79.10872650146484,79.74274444580078,79.7689437866211,79.68586730957031,79.64974212646484
M8_YLUR_SHUR,8,LUR,HUR,2025-03-14,2025-03-15,2,Yd,1197.3646240234375,1199.9423828125,1200.224853515625,1194.4404296875,1199.4417724609375
M8_YLUR_SHUR,8,LUR,HUR,2025-03-14,2025-03-15,2,TSE,1065.592529296875,1203.3927001953125,1168.4227294921875,1242.72607421875,1201.19140625
M8_YLUR_SHUR,8,LUR,HUR,2025-03-14,2025-03-15,2,TSEC,82.3016128540039,79.74274444580078,80.73946380615234,78.27587890625,79.73230743408203
M8_YLUR_SHUR,8,LUR,HUR,2025-03-14,2025-03-16,3,Yd,1191.4591064453125,1199.9423828125,1198.4769287109375,1193.9810791015625,1199.1195068359375
M8_YLUR_SHUR,8,LUR,HUR,2025-03-14,2025-03-16,3,TSE,1429.14599609375,1203.3927001953125,1208.4405517578125,1191.46630859375,1201.6724853515625
M8_YLUR_SHUR,8,LUR,HUR,2025-03-14,2025-03-16,3,TSEC,85.89385223388672,79.74274444580078,79.60675048828125,79.61547088623047,79.73994445800781
M8_YLUR_SHUR,8,LUR,HUR,2025-03-15,2025-03-15,1,Yd,1197.3646240234375,1199.9239501953125,1198.3631591796875,1198.7796630859375,1199.663818359375
M8_YLUR_SHUR,8,LUR,HUR,2025-03-15,2025-03-15,1,TSE,1065.592529296875,1203.3057861328125,1167.0411376953125,1220.2708740234375,1201.5802001953125
M8_YLUR_SHUR,8,LUR,HUR,2025-03-15,2025-03-15,1,TSEC,82.3016128540039,79.74195098876953,80.3027572631836,77.96977233886719,79.82490539550781
M8_YLUR_SHUR,8,LUR,HUR,2025-03-15,2025-03-16,2,Yd,1191.4591064453125,1199.9239501953125,1198.43798828125,1194.19482421875,1199.3768310546875
M8_YLUR_SHUR,8,LUR,HUR,2025-03-15,2025-03-16,2,TSE,1429.14599609375,1203.3057861328125,1209.50390625,1218.7498779296875,1201.6644287109375
M8_YLUR_SHUR,8,LUR,HUR,2025-03-15,2025-03-16,2,TSEC,85.89385223388672,79.74195098876953,79.54733276367188,76.27198791503906,79.83121490478516
M8_YLUR_SHUR,8,LUR,HUR,2025-03-15,2025-03-17,3,Yd,1205.750244140625,1199.9239501953125,1197.5521240234375,1199.1209716796875,1199.06689453125
M8_YLUR_SHUR,8,LUR,HUR,2025-03-15,2025-03-17,3,TSE,1134.3939208984375,1203.3057861328125,1238.58056640625,1186.517578125,1204.5325927734375
M8_YLUR_SHUR,8,LUR,HUR,2025-03-15,2025-03-17,3,TSEC,88.92462921142578,79.74195098876953,79.20361328125,77.92924499511719,79.64168548583984
M8_YLUR_SHUR,8,LUR,HUR,2025-03-16,2025-03-16,1,Yd,1191.4591064453125,1199.9207763671875,1198.3221435546875,1195.97412109375,1199.5450439453125
M8_YLUR_SHUR,8,LUR,HUR,2025-03-16,2025-03-16,1,TSE,1429.14599609375,1203.134765625,1204.614501953125,1225.996337890625,1203.67529296875
M8_YLUR_SHUR,8,LUR,HUR,2025-03-16,2025-03-16,1,TSEC,85.89385223388672,79.7451400756836,79.58061981201172,81.48529052734375,79.73788452148438
M8_YLUR_SHUR,8,LUR,HUR,2025-03-16,2025-03-17,2,Yd,1205.750244140625,1199.9207763671875,1197.5445556640625,1195.040283203125,1199.2900390625
M8_YLUR_SHUR,8,LUR,HUR,2025-03-16,2025-03-17,2,TSE,1134.3939208984375,1203.134765625,1203.002685546875,1166.45556640625,1205.1456298828125
M8_YLUR_SHUR,8,LUR,HUR,2025-03-16,2025-03-17,2,TSEC,88.92462921142578,79.7451400756836,78.46500396728516,80.61882781982422,79.6990737915039
M8_YLUR_SHUR,8,LUR,HUR,2025-03-16,2025-03-18,3,Yd,1206.208740234375,1199.9207763671875,1199.8629150390625,1195.399658203125,1198.969970703125
M8_YLUR_SHUR,8,LUR,HUR,2025-03-16,2025-03-18,3,TSE,1300.3475341796875,1203.134765625,1208.6658935546875,1174.00244140625,1205.3865966796875
M8_YLUR_SHUR,8,LUR,HUR,2025-03-16,2025-03-18,3,TSEC,86.66775512695312,79.7451400756836,79.58604431152344,81.9206771850586,79.80584716796875
M8_YLUR_SHUR,8,LUR,HUR,2025-03-17,2025-03-17,1,Yd,1205.750244140625,1199.91015625,1197.42724609375,1200.660888671875,1199.5452880859375
M8_YLUR_SHUR,8,LUR,HUR,2025-03-17,2025-03-17,1,TSE,1134.3939208984375,1203.4151611328125,1245.2322998046875,1155.922119140625,1204.456787109375
M8_YLUR_SHUR,8,LUR,HUR,2025-03-17,2025-03-17,1,TSEC,88.92462921142578,79.75276184082031,79.15303802490234,77.53008270263672,79.57379150390625
M8_YLUR_SHUR,8,LUR,HUR,2025-03-17,2025-03-18,2,Yd,1206.208740234375,1199.91015625,1200.6298828125,1203.8746337890625,1199.1968994140625
M8_YLUR_SHUR,8,LUR,HUR,2025-03-17,2025-03-18,2,TSE,1300.3475341796875,1203.4151611328125,1216.85205078125,1192.5108642578125,1203.951171875
M8_YLUR_SHUR,8,LUR,HUR,2025-03-17,2025-03-18,2,TSEC,86.66775512695312,79.75276184082031,79.86848449707031,78.6859359741211,79.5757064819336
M8_YLUR_SHUR,8,LUR,HUR,2025-03-17,2025-03-19,3,Yd,1202.79345703125,1199.91015625,1200.721923828125,1202.5283203125,1198.720458984375
M8_YLUR_SHUR,8,LUR,HUR,2025-03-17,2025-03-19,3,TSE,1233.8094482421875,1203.4151611328125,1206.3038330078125,1195.8641357421875,1202.870849609375
M8_YLUR_SHUR,8,LUR,HUR,2025-03-17,2025-03-19,3,TSEC,71.06734466552734,79.75276184082031,79.69803619384766,80.17840576171875,79.62281036376953
M8_YLUR_SHUR,8,LUR,HUR,2025-03-18,2025-03-18,1,Yd,1206.208740234375,1199.91748046875,1201.0408935546875,1196.85009765625,1199.446044921875
M8_YLUR_SHUR,8,LUR,HUR,2025-03-18,2025-03-18,1,TSE,1300.3475341796875,1203.32958984375,1215.517333984375,1221.437255859375,1203.5091552734375
M8_YLUR_SHUR,8,LUR,HUR,2025-03-18,2025-03-18,1,TSEC,86.66775512695312,79.7641372680664,79.18190002441406,80.44749450683594,79.5349349975586
M8_YLUR_SHUR,8,LUR,HUR,2025-03-18,2025-03-19,2,Yd,1202.79345703125,1199.91748046875,1200.1705322265625,1199.2938232421875,1199.00537109375
M8_YLUR_SHUR,8,LUR,HUR,2025-03-18,2025-03-19,2,TSE,1233.8094482421875,1203.32958984375,1202.7340087890625,1200.734130859375,1203.1297607421875
M8_YLUR_SHUR,8,LUR,HUR,2025-03-18,2025-03-19,2,TSEC,71.06734466552734,79.7641372680664,80.3311767578125,79.13993835449219,79.45648956298828
M8_YLUR_SHUR,8,LUR,HUR,2025-03-18,2025-03-20,3,Yd,1204.8192138671875,1199.91748046875,1199.600341796875,1199.0712890625,1198.6517333984375
M8_YLUR_SHUR,8,LUR,HUR,2025-03-18,2025-03-20,3,TSE,1230.760498046875,1203.32958984375,1196.2374267578125,1210.4951171875,1203.6251220703125
M8_YLUR_SHUR,8,LUR,HUR,2025-03-18,2025-03-20,3,TSEC,83.4120101928711,79.7641372680664,79.34134674072266,78.12574005126953,79.4575424194336
M8_YLUR_SHUR,8,LUR,HUR,2025-03-19,2025-03-19,1,Yd,1202.79345703125,1199.92529296875,1200.5506591796875,1195.4244384765625,1199.281494140625
M8_YLUR_SHUR,8,LUR,HUR,2025-03-19,2025-03-19,1,TSE,1233.8094482421875,1203.44970703125,1209.2242431640625,1216.9158935546875,1203.2381591796875
M8_YLUR_SHUR,8,LUR,HUR,2025-03-19,2025-03-19,1,TSEC,71.06734466552734,79.77267456054688,79.81901550292969,80.9930419921875,79.36933135986328
M8_YLUR_SHUR,8,LUR,HUR,2025-03-19,2025-03-20,2,Yd,1204.8192138671875,1199.92529296875,1199.3878173828125,1200.3717041015625,1198.8824462890625
M8_YLUR_SHUR,8,LUR,HUR,2025-03-19,2025-03-20,2,TSE,1230.760498046875,1203.44970703125,1203.3707275390625,1210.289794921875,1202.9267578125
M8_YLUR_SHUR,8,LUR,HUR,2025-03-19,2025-03-20,2,TSEC,83.4120101928711,79.77267456054688,79.90950775146484,77.86468505859375,79.3093032836914
M8_YLUR_SHUR,8,LUR,HUR,2025-03-19,2025-03-21,3,Yd,1219.051025390625,1199.92529296875,1200.350830078125,1198.491455078125,1198.72314453125
M8_YLUR_SHUR,8,LUR,HUR,2025-03-19,2025-03-21,3,TSE,1097.511962890625,1203.44970703125,1205.3013916015625,1207.986572265625,1202.0455322265625
M8_YLUR_SHUR,8,LUR,HUR,2025-03-19,2025-03-21,3,TSEC,81.31175994873047,79.77267456054688,79.03287506103516,78.96610260009766,79.4691390991211
M8_YLUR_SHUR,8,LUR,HUR,2025-03-20,2025-03-20,1,Yd,1204.8192138671875,1199.9287109375,1199.74267578125,1198.7763671875,1199.387451171875
M8_YLUR_SHUR,8,LUR,HUR,2025-03-20,2025-03-20,1,TSE,1230.760498046875,1203.4873046875,1196.1429443359375,1221.5587158203125,1202.7030029296875
M8_YLUR_SHUR,8,LUR,HUR,2025-03-20,2025-03-20,1,TSEC,83.4120101928711,79.76191711425781,79.83011627197266,81.18138885498047,79.4979019165039
M8_YLUR_SHUR,8,LUR,HUR,2025-03-20,2025-03-21,2,Yd,1219.051025390625,1199.9287109375,1200.447509765625,1196.203125,1199.2027587890625
M8_YLUR_SHUR,8,LUR,HUR,2025-03-20,2025-03-21,2,TSE,1097.511962890625,1203.4873046875,1206.9161376953125,1227.0455322265625,1201.94970703125
M8_YLUR_SHUR,8,LUR,HUR,2025-03-20,2025-03-21,2,TSEC,81.31175994873047,79.76191711425781,79.80496978759766,79.04502868652344,79.54536437988281
M8_YLUR_SHUR,8,LUR,HUR,2025-03-20,2025-03-22,3,Yd,1201.496826171875,1199.9287109375,1199.7320556640625,1198.1517333984375,1199.1129150390625
M8_YLUR_SHUR,8,LUR,HUR,2025-03-20,2025-03-22,3,TSE,1289.8529052734375,1203.4873046875,1196.9703369140625,1196.612548828125,1202.1246337890625
M8_YLUR_SHUR,8,LUR,HUR,2025-03-20,2025-03-22,3,TSEC,75.12820434570312,79.76191711425781,80.5108413696289,79.30005645751953,79.61209106445312
M8_YLUR_SHUR,8,LUR,HUR,2025-03-21,2025-03-21,1,Yd,1219.051025390625,1199.9349365234375,1200.8841552734375,1197.3642578125,1199.507080078125
M8_YLUR_SHUR,8,LUR,HUR,2025-03-21,2025-03-21,1,TSE,1097.511962890625,1203.5208740234375,1197.61083984375,1222.240966796875,1202.0496826171875
M8_YLUR_SHUR,8,LUR,HUR,2025-03-21,2025-03-21,1,TSEC,81.31175994873047,79.76641845703125,80.25312042236328,79.36314392089844,79.65167999267578
M8_YLUR_SHUR,8,LUR,HUR,2025-03-21,2025-03-22,2,Yd,1201.496826171875,1199.9349365234375,1199.589111328125,1194.6444091796875,1199.1771240234375
M8_YLUR_SHUR,8,LUR,HUR,2025-03-21,2025-03-22,2,TSE,1289.8529052734375,1203.5208740234375,1191.5308837890625,1206.1192626953125,1201.7742919921875
M8_YLUR_SHUR,8,LUR,HUR,2025-03-21,2025-03-22,2,TSEC,75.12820434570312,79.76641845703125,80.88418579101562,79.16891479492188,79.73106384277344
M8_YLUR_SHUR,8,LUR,HUR,2025-03-21,2025-03-23,3,Yd,1225.34375,1199.9349365234375,1198.1802978515625,1192.5863037109375,1198.7135009765625
M8_YLUR_SHUR,8,LUR,HUR,2025-03-21,2025-03-23,3,TSE,1317.97802734375,1203.5208740234375,1226.74658203125,1221.8204345703125,1202.5452880859375
M8_YLUR_SHUR,8,LUR,HUR,2025-03-21,2025-03-23,3,TSEC,82.34959411621094,79.76641845703125,79.5035629272461,79.694580078125,79.71577453613281
M8_YLUR_SHUR,8,LUR,HUR,2025-03-22,2025-03-22,1,Yd,1201.496826171875,1199.9583740234375,1201.2603759765625,1196.8758544921875,1199.3876953125
M8_YLUR_SHUR,8,LUR,HUR,2025-03-22,2025-03-22,1,TSE,1289.8529052734375,1203.3902587890625,1170.3580322265625,1193.644775390625,1203.072021484375
M8_YLUR_SHUR,8,LUR,HUR,2025-03-22,2025-03-22,1,TSEC,75.12820434570312,79.76832580566406,80.82776641845703,78.46723175048828,79.83409881591797
M8_YLUR_SHUR,8,LUR,HUR,2025-03-22,2025-03-23,2,Yd,1225.34375,1199.9583740234375,1198.013671875,1195.5670166015625,1198.88134765625
M8_YLUR_SHUR,8,LUR,HUR,2025-03-22,2025-03-23,2,TSE,1317.97802734375,1203.3902587890625,1192.6484375,1195.0633544921875,1203.8897705078125
M8_YLUR_SHUR,8,LUR,HUR,2025-03-22,2025-03-23,2,TSEC,82.34959411621094,79.76832580566406,79.54812622070312,78.00196838378906,79.85054779052734
M8_YLUR_SHUR,8,LUR,HUR,2025-03-22,2025-03-24,3,Yd,1189.35986328125,1199.9583740234375,1198.3046875,1198.708251953125,1198.4326171875
M8_YLUR_SHUR,8,LUR,HUR,2025-03-22,2025-03-24,3,TSE,955.3997192382812,1203.3902587890625,1251.22119140625,1194.202880859375,1206.2281494140625
M8_YLUR_SHUR,8,LUR,HUR,2025-03-22,2025-03-24,3,TSEC,77.52656555175781,79.76832580566406,78.48941802978516,78.7618408203125,79.59999084472656
M8_YLUR_SHUR,8,LUR,HUR,2025-03-23,2025-03-23,1,Yd,1225.34375,1199.9603271484375,1198.1123046875,1193.0399169921875,1199.3555908203125
M8_YLUR_SHUR,8,LUR,HUR,2025-03-23,2025-03-23,1,TSE,1317.97802734375,1203.4967041015625,1205.0521240234375,1177.6824951171875,1204.37939453125
M8_YLUR_SHUR,8,LUR,HUR,2025-03-23,2025-03-23,1,TSEC,82.34959411621094,79.76261138916016,79.68597412109375,79.20413970947266,79.74451446533203
M8_YLUR_SHUR,8,LUR,HUR,2025-03-23,2025-03-24,2,Yd,1189.35986328125,1199.9603271484375,1198.388427734375,1195.0927734375,1198.919677734375
M8_YLUR_SHUR,8,LUR,HUR,2025-03-23,2025-03-24,2,TSE,955.3997192382812,1203.4967041015625,1237.4442138671875,1211.392333984375,1205.8629150390625
M8_YLUR_SHUR,8,LUR,HUR,2025-03-23,2025-03-24,2,TSEC,77.52656555175781,79.76261138916016,78.3337173461914,80.74063873291016,79.59915924072266
M8_YLUR_SHUR,8,LUR,HUR,2025-03-23,2025-03-25,3,Yd,1202.208251953125,1199.9603271484375,1200.2623291015625,1197.0615234375,1198.5474853515625
M8_YLUR_SHUR,8,LUR,HUR,2025-03-23,2025-03-25,3,TSE,1307.5577392578125,1203.4967041015625,1221.74560546875,1198.6387939453125,1206.5430908203125
M8_YLUR_SHUR,8,LUR,HUR,2025-03-23,2025-03-25,3,TSEC,94.17193603515625,79.76261138916016,79.62023162841797,83.03915405273438,79.52262878417969
M8_YLUR_SHUR,8,LUR,HUR,2025-03-24,2025-03-24,1,Yd,1189.35986328125,1199.9915771484375,1200.986572265625,1196.3660888671875,1199.190673828125
M8_YLUR_SHUR,8,LUR,HUR,2025-03-24,2025-03-24,1,TSE,955.3997192382812,1203.6375732421875,1238.2958984375,1200.216552734375,1205.534423828125
M8_YLUR_SHUR,8,LUR,HUR,2025-03-24,2025-03-24,1,TSEC,77.52656555175781,79.76578521728516,78.99278259277344,79.58171081542969,79.55940246582031
M8_YLUR_SHUR,8,LUR,HUR,2025-03-24,2025-03-25,2,Yd,1202.208251953125,1199.9915771484375,1199.6396484375,1195.2742919921875,1198.697509765625
M8_YLUR_SHUR,8,LUR,HUR,2025-03-24,2025-03-25,2,TSE,1307.5577392578125,1203.6375732421875,1219.2889404296875,1197.465576171875,1205.8480224609375
M8_YLUR_SHUR,8,LUR,HUR,2025-03-24,2025-03-25,2,TSEC,94.17193603515625,79.76578521728516,79.97467041015625,81.16195678710938,79.47227478027344
M8_YLUR_SHUR,8,LUR,HUR,2025-03-24,2025-03-26,3,Yd,1195.8731689453125,1199.9915771484375,1200.810302734375,1198.9375,1198.177978515625
M8_YLUR_SHUR,8,LUR,HUR,2025-03-24,2025-03-26,3,TSE,1204.30712890625,1203.6375732421875,1204.9178466796875,1216.4385986328125,1205.78759765625
M8_YLUR_SHUR,8,LUR,HUR,2025-03-24,2025-03-26,3,TSEC,93.40422058105469,79.76578521728516,79.94318389892578,81.35455322265625,79.43217468261719
M8_YLUR_SHUR,8,LUR,HUR,2025-03-25,2025-03-25,1,Yd,1202.208251953125,1199.978515625,1199.660400390625,1195.9635009765625,1199.28564453125
M8_YLUR_SHUR,8,LUR,HUR,2025-03-25,2025-03-25,1,TSE,1307.5577392578125,1203.33251953125,1205.8671875,1226.9398193359375,1205.561279296875
M8_YLUR_SHUR,8,LUR,HUR,2025-03-25,2025-03-25,1,TSEC,94.17193603515625,79.76304626464844,80.04629516601562,78.81022644042969,79.59085845947266
M8_YLUR_SHUR,8,LUR,HUR,2025-03-25,2025-03-26,2,Yd,1195.8731689453125,1199.978515625,1201.349853515625,1194.7449951171875,1198.6959228515625
M8_YLUR_SHUR,8,LUR,HUR,2025-03-25,2025-03-26,2,TSE,1204.30712890625,1203.33251953125,1204.4808349609375,1242.1904296875,1206.5787353515625
M8_YLUR_SHUR,8,LUR,HUR,2025-03-25,2025-03-26,2,TSEC,93.40422058105469,79.76304626464844,79.75186157226562,80.94132232666016,79.59127807617188
M8_YLUR_SHUR,8,LUR,HUR,2025-03-25,2025-03-27,3,Yd,1200.5654296875,1199.978515625,1199.967529296875,1195.8480224609375,1198.504150390625
M8_YLUR_SHUR,8,LUR,HUR,2025-03-25,2025-03-27,3,TSE,1057.6195068359375,1203.33251953125,1194.089111328125,1214.28759765625,1205.783203125
M8_YLUR_SHUR,8,LUR,HUR,2025-03-25,2025-03-27,3,TSEC,88.98690795898438,79.76304626464844,80.0547866821289,79.36714935302734,79.6547622680664
M8_YLUR_SHUR,8,LUR,HUR,2025-03-26,2025-03-26,1,Yd,1195.8731689453125,1199.9813232421875,1201.48681640625,1196.9713134765625,1199.130126953125
M8_YLUR_SHUR,8,LUR,HUR,2025-03-26,2025-03-26,1,TSE,1204.30712890625,1203.46044921875,1210.6160888671875,1186.8922119140625,1204.7060546875
M8_YLUR_SHUR,8,LUR,HUR,2025-03-26,2025-03-26,1,TSEC,93.40422058105469,79.78072357177734,79.80841827392578,83.32814025878906,79.3862533569336
M8_YLUR_SHUR,8,LUR,HUR,2025-03-26,2025-03-27,2,Yd,1200.5654296875,1199.9813232421875,1199.8323974609375,1201.8673095703125,1198.674072265625
M8_YLUR_SHUR,8,LUR,HUR,2025-03-26,2025-03-27,2,TSE,1057.6195068359375,1203.46044921875,1196.0205078125,1192.7288818359375,1204.7784423828125
M8_YLUR_SHUR,8,LUR,HUR,2025-03-26,2025-03-27,2,TSEC,88.98690795898438,79.78072357177734,79.56474304199219,79.71051788330078,79.37052154541016
M8_YLUR_SHUR,8,LUR,HUR,2025-03-26,2025-03-28,3,Yd,1212.812255859375,1199.9813232421875,1201.130126953125,1201.530517578125,1198.542724609375
M8_YLUR_SHUR,8,LUR,HUR,2025-03-26,2025-03-28,3,TSE,1190.0281982421875,1203.46044921875,1218.4188232421875,1174.046875,1203.248291015625
M8_YLUR_SHUR,8,LUR,HUR,2025-03-26,2025-03-28,3,TSEC,61.524147033691406,79.78072357177734,80.43285369873047,79.09044647216797,79.48298645019531
M8_YLUR_SHUR,8,LUR,HUR,2025-03-27,2025-03-27,1,Yd,1200.5654296875,1199.9761962890625,1199.31689453125,1196.4852294921875,1199.2159423828125
M8_YLUR_SHUR,8,LUR,HUR,2025-03-27,2025-03-27,1,TSE,1057.6195068359375,1203.46142578125,1197.088623046875,1200.8544921875,1204.2100830078125
M8_YLUR_SHUR,8,LUR,HUR,2025-03-27,2025-03-27,1,TSEC,88.98690795898438,79.79742431640625,79.04632568359375,79.7972412109375,79.43173217773438
M8_YLUR_SHUR,8,LUR,HUR,2025-03-27,2025-03-28,2,Yd,1212.812255859375,1199.9761962890625,1201.1849365234375,1197.4417724609375,1198.9180908203125
M8_YLUR_SHUR,8,LUR,HUR,2025-03-27,2025-03-28,2,TSE,1190.0281982421875,1203.46142578125,1219.4305419921875,1194.5643310546875,1203.72265625
M8_YLUR_SHUR,8,LUR,HUR,2025-03-27,2025-03-28,2,TSEC,61.524147033691406,79.79742431640625,80.64325714111328,77.73722839355469,79.51921081542969
M8_YLUR_SHUR,8,LUR,HUR,2025-03-27,2025-03-29,3,Yd,1227.5892333984375,1199.9761962890625,1199.61474609375,1199.6383056640625,1198.6217041015625
M8_YLUR_SHUR,8,LUR,HUR,2025-03-27,2025-03-29,3,TSE,1517.476806640625,1203.46142578125,1183.8797607421875,1186.6138916015625,1204.937255859375
M8_YLUR_SHUR,8,LUR,HUR,2025-03-27,2025-03-29,3,TSEC,81.36456298828125,79.79742431640625,81.197509765625,78.5400161743164,79.57064056396484
M8_YLUR_SHUR,8,LUR,HUR,2025-03-28,2025-03-28,1,Yd,1212.812255859375,1199.9769287109375,1201.2889404296875,1196.187744140625,1199.3797607421875
M8_YLUR_SHUR,8,LUR,HUR,2025-03-28,2025-03-28,1,TSE,1190.0281982421875,1203.2828369140625,1199.1307373046875,1222.552001953125,1203.8531494140625
M8_YLUR_SHUR,8,LUR,HUR,2025-03-28,2025-03-28,1,TSEC,61.524147033691406,79.80866241455078,80.62139892578125,78.73633575439453,79.63786315917969
M8_YLUR_SHUR,8,LUR,HUR,2025-03-28,2025-03-29,2,Yd,1227.5892333984375,1199.9769287109375,1199.5633544921875,1197.3319091796875,1198.95703125
M8_YLUR_SHUR,8,LUR,HUR,2025-03-28,2025-03-29,2,TSE,1517.476806640625,1203.2828369140625,1205.686279296875,1198.5443115234375,1204.375244140625
M8_YLUR_SHUR,8,LUR,HUR,2025-03-28,2025-03-29,2,TSEC,81.36456298828125,79.80866241455078,81.27898406982422,78.0068588256836,79.72621154785156
M8_YLUR_SHUR,8,LUR,HUR,2025-03-28,2025-03-30,3,Yd,1206.156005859375,1199.9769287109375,1199.2640380859375,1200.2294921875,1198.4110107421875
M8_YLUR_SHUR,8,LUR,HUR,2025-03-28,2025-03-30,3,TSE,1042.14306640625,1203.2828369140625,1208.0277099609375,1176.0078125,1205.73046875
M8_YLUR_SHUR,8,LUR,HUR,2025-03-28,2025-03-30,3,TSEC,69.79875183105469,79.80866241455078,79.7617416381836,80.2961654663086,79.69727325439453
M8_YLUR_SHUR,8,LUR,HUR,2025-03-29,2025-03-29,1,Yd,1227.5892333984375,1199.9925537109375,1200.8294677734375,1195.1002197265625,1199.4993896484375
M8_YLUR_SHUR,8,LUR,HUR,2025-03-29,2025-03-29,1,TSE,1517.476806640625,1203.2667236328125,1181.864013671875,1192.0279541015625,1203.4833984375
M8_YLUR_SHUR,8,LUR,HUR,2025-03-29,2025-03-29,1,TSEC,81.36456298828125,79.78630828857422,81.6772232055664,78.77445983886719,79.8257064819336
M8_YLUR_SHUR,8,LUR,HUR,2025-03-29,2025-03-30,2,Yd,1206.156005859375,1199.9925537109375,1198.8326416015625,1193.696044921875,1199.0670166015625
M8_YLUR_SHUR,8,LUR,HUR,2025-03-29,2025-03-30,2,TSE,1042.14306640625,1203.2667236328125,1189.83349609375,1225.2188720703125,1204.3175048828125
M8_YLUR_SHUR,8,LUR,HUR,2025-03-29,2025-03-30,2,TSEC,69.79875183105469,79.78630828857422,79.21125793457031,80.6608657836914,79.85846710205078
M8_YLUR_SHUR,8,LUR,HUR,2025-03-29,2025-03-31,3,Yd,1203.9364013671875,1199.9925537109375,1198.3538818359375,1197.837158203125,1198.7047119140625
M8_YLUR_SHUR,8,LUR,HUR,2025-03-29,2025-03-31,3,TSE,1464.05126953125,1203.2667236328125,1248.949462890625,1222.3792724609375,1206.6494140625
M8_YLUR_SHUR,8,LUR,HUR,2025-03-29,2025-03-31,3,TSEC,88.60315704345703,79.78630828857422,79.12499237060547,83.60546875,79.65583801269531
M8_YLUR_SHUR,8,LUR,HUR,2025-03-30,2025-03-30,1,Yd,1206.156005859375,1200.0262451171875,1200.3897705078125,1196.072265625,1199.2540283203125
M8_YLUR_SHUR,8,LUR,HUR,2025-03-30,2025-03-30,1,TSE,1042.14306640625,1203.650390625,1217.5537109375,1180.3944091796875,1204.253662109375
M8_YLUR_SHUR,8,LUR,HUR,2025-03-30,2025-03-30,1,TSEC,69.79875183105469,79.78823852539062,79.27751922607422,78.81139373779297,79.76303100585938
M8_YLUR_SHUR,8,LUR,HUR,2025-03-30,2025-03-31,2,Yd,1203.9364013671875,1200.0262451171875,1196.6142578125,1193.5032958984375,1198.7137451171875
M8_YLUR_SHUR,8,LUR,HUR,2025-03-30,2025-03-31,2,TSE,1464.05126953125,1203.650390625,1173.421630859375,1221.7928466796875,1206.004150390625
M8_YLUR_SHUR,8,LUR,HUR,2025-03-30,2025-03-31,2,TSEC,88.60315704345703,79.78823852539062,80.5564193725586,79.25376892089844,79.55876922607422
M8_YLUR_SHUR,8,LUR,HUR,2025-03-30,2025-04-01,3,Yd,1196.8560791015625,1200.0262451171875,1199.9755859375,1195.853271484375,1198.215087890625
M8_YLUR_SHUR,8,LUR,HUR,2025-03-30,2025-04-01,3,TSE,995.9467163085938,1203.650390625,1203.75146484375,1182.6435546875,1206.312255859375
M8_YLUR_SHUR,8,LUR,HUR,2025-03-30,2025-04-01,3,TSEC,88.63640594482422,79.78823852539062,79.9294204711914,79.6814956665039,79.39710998535156
