case_id,M,yd_level,solar_level,origin_date,target_date,step,variable,true,MEAN,ARIMA,RNN,LSTM
M6_YLUR_SHUR,6,LUR,HUR,2024-12-31,2024-12-31,1,Yd,901.5885009765625,900.0219116210938,898.6334838867188,901.1603393554688,900.114990234375
M6_YLUR_SHUR,6,LUR,HUR,2024-12-31,2024-12-31,1,TSE,836.3915405273438,898.8148193359375,911.1194458007812,918.2086181640625,902.4013671875
M6_YLUR_SHUR,6,LUR,HUR,2024-12-31,2024-12-31,1,TSEC,55.72108459472656,59.95732116699219,60.38515090942383,59.32914352416992,59.9603157043457
M6_YLUR_SHUR,6,LUR,HUR,2024-12-31,2025-01-01,2,Yd,903.0498046875,900.0219116210938,899.3373413085938,900.5570068359375,900.2572631835938
M6_YLUR_SHUR,6,LUR,HUR,2024-12-31,2025-01-01,2,TSE,853.6163940429688,898.8148193359375,877.4077758789062,926.1524047851562,903.5590209960938
M6_YLUR_SHUR,6,LUR,HUR,2024-12-31,2025-01-01,2,TSEC,60.1080322265625,59.95732116699219,60.26597213745117,58.46702194213867,59.8106689453125
M6_YLUR_SHUR,6,LUR,HUR,2024-12-31,2025-01-02,3,Yd,897.9376220703125,900.0219116210938,898.8937377929688,900.4999389648438,900.2698974609375
M6_YLUR_SHUR,6,LUR,HUR,2024-12-31,2025-01-02,3,TSE,1003.46533203125,898.8148193359375,882.099365234375,928.8424682617188,905.3319091796875
M6_YLUR_SHUR,6,LUR,HUR,2024-12-31,2025-01-02,3,TSEC,60.336631774902344,59.95732116699219,61.07566452026367,58.9941520690918,59.670989990234375
M6_YLUR_SHUR,6,LUR,HUR,2025-01-01,2025-01-01,1,Yd,903.0498046875,900.0241088867188,900.5848999023438,900.76123046875,900.2315063476562
M6_YLUR_SHUR,6,LUR,HUR,2025-01-01,2025-01-01,1,TSE,853.6163940429688,898.7293701171875,878.1616821289062,908.350341796875,901.2747802734375
M6_YLUR_SHUR,6,LUR,HUR,2025-01-01,2025-01-01,1,TSEC,60.1080322265625,59.95152282714844,60.362884521484375,61.08692169189453,59.826045989990234
M6_YLUR_SHUR,6,LUR,HUR,2025-01-01,2025-01-02,2,Yd,897.9376220703125,900.0241088867188,900.7017822265625,899.1344604492188,900.2293090820312
M6_YLUR_SHUR,6,LUR,HUR,2025-01-01,2025-01-02,2,TSE,1003.46533203125,898.7293701171875,880.3718872070312,909.2179565429688,903.6756591796875
M6_YLUR_SHUR,6,LUR,HUR,2025-01-01,2025-01-02,2,TSEC,60.336631774902344,59.95152282714844,59.717037200927734,61.560638427734375,59.64025115966797
M6_YLUR_SHUR,6,LUR,HUR,2025-01-01,2025-01-03,3,Yd,890.1168823242188,900.0241088867188,900.1873779296875,898.4846801757812,899.8782958984375
M6_YLUR_SHUR,6,LUR,HUR,2025-01-01,2025-01-03,3,TSE,699.39453125,898.7293701171875,872.70361328125,907.7205200195312,906.8692626953125
M6_YLUR_SHUR,6,LUR,HUR,2025-01-01,2025-01-03,3,TSEC,74.6230239868164,59.95152282714844,60.38215255737305,61.10866928100586,59.53322219848633
M6_YLUR_SHUR,6,LUR,HUR,2025-01-02,2025-01-02,1,Yd,897.9376220703125,900.0281982421875,898.4180908203125,901.8037719726562,900.027587890625
M6_YLUR_SHUR,6,LUR,HUR,2025-01-02,2025-01-02,1,TSE,1003.46533203125,898.6677856445312,879.1114501953125,930.7852172851562,902.2168579101562
M6_YLUR_SHUR,6,LUR,HUR,2025-01-02,2025-01-02,1,TSEC,60.336631774902344,59.95173645019531,59.80020523071289,60.42842102050781,59.82231140136719
M6_YLUR_SHUR,6,LUR,HUR,2025-01-02,2025-01-03,2,Yd,890.1168823242188,900.0281982421875,901.4302368164062,899.4767456054688,899.6853637695312
M6_YLUR_SHUR,6,LUR,HUR,2025-01-02,2025-01-03,2,TSE,699.39453125,898.6677856445312,870.367919921875,904.6234741210938,905.7034301757812
M6_YLUR_SHUR,6,LUR,HUR,2025-01-02,2025-01-03,2,TSEC,74.6230239868164,59.95173645019531,60.367347717285156,60.06845474243164,59.639095306396484
M6_YLUR_SHUR,6,LUR,HUR,2025-01-02,2025-01-04,3,Yd,897.1986083984375,900.0281982421875,897.913330078125,899.1226196289062,899.228759765625
M6_YLUR_SHUR,6,LUR,HUR,2025-01-02,2025-01-04,3,TSE,846.9036865234375,898.6677856445312,888.4432983398438,893.4187622070312,909.7799682617188
M6_YLUR_SHUR,6,LUR,HUR,2025-01-02,2025-01-04,3,TSEC,51.69977951049805,59.95173645019531,60.05801010131836,60.592857360839844,59.60707473754883
M6_YLUR_SHUR,6,LUR,HUR,2025-01-03,2025-01-03,1,Yd,890.1168823242188,900.0252685546875,900.2774658203125,896.740478515625,899.7426147460938
M6_YLUR_SHUR,6,LUR,HUR,2025-01-03,2025-01-03,1,TSE,699.39453125,898.8107299804688,899.7539672851562,901.868896484375,904.0642700195312
M6_YLUR_SHUR,6,LUR,HUR,2025-01-03,2025-01-03,1,TSEC,74.6230239868164,59.95226287841797,60.533687591552734,60.72892379760742,59.844520568847656
M6_YLUR_SHUR,6,LUR,HUR,2025-01-03,2025-01-04,2,Yd,897.1986083984375,900.0252685546875,900.6455688476562,899.1578369140625,899.4093017578125
M6_YLUR_SHUR,6,LUR,HUR,2025-01-03,2025-01-04,2,TSE,846.9036865234375,898.8107299804688,876.0748901367188,905.5836791992188,909.2869873046875
M6_YLUR_SHUR,6,LUR,HUR,2025-01-03,2025-01-04,2,TSEC,51.69977951049805,59.95226287841797,59.98457336425781,59.81493377685547,59.73558807373047
M6_YLUR_SHUR,6,LUR,HUR,2025-01-03,2025-01-05,3,Yd,920.412841796875,900.0252685546875,899.6605224609375,899.8971557617188,899.3449096679688
M6_YLUR_SHUR,6,LUR,HUR,2025-01-03,2025-01-05,3,TSE,920.0363159179688,898.8107299804688,886.6033325195312,908.6932983398438,912.3228759765625
M6_YLUR_SHUR,6,LUR,HUR,2025-01-03,2025-01-05,3,TSEC,57.63884353637695,59.95226287841797,60.43033981323242,59.683414459228516,59.70491027832031
M6_YLUR_SHUR,6,LUR,HUR,2025-01-04,2025-01-04,1,Yd,897.1986083984375,900.0117797851562,900.81640625,900.3543701171875,899.5346069335938
M6_YLUR_SHUR,6,LUR,HUR,2025-01-04,2025-01-04,1,TSE,846.9036865234375,898.5390625,875.2274780273438,909.7786254882812,905.1683959960938
M6_YLUR_SHUR,6,LUR,HUR,2025-01-04,2025-01-04,1,TSEC,51.69977951049805,59.97224807739258,59.875160217285156,59.46504592895508,59.78956604003906
M6_YLUR_SHUR,6,LUR,HUR,2025-01-04,2025-01-05,2,Yd,920.412841796875,900.0117797851562,899.7012329101562,900.9805297851562,899.2640991210938
M6_YLUR_SHUR,6,LUR,HUR,2025-01-04,2025-01-05,2,TSE,920.0363159179688,898.5390625,888.1153564453125,906.2568969726562,908.941162109375
M6_YLUR_SHUR,6,LUR,HUR,2025-01-04,2025-01-05,2,TSEC,57.63884353637695,59.97224807739258,60.727684020996094,59.37080383300781,59.65010070800781
M6_YLUR_SHUR,6,LUR,HUR,2025-01-04,2025-01-06,3,Yd,911.7926635742188,900.0117797851562,900.9498901367188,900.6160278320312,899.2708740234375
M6_YLUR_SHUR,6,LUR,HUR,2025-01-04,2025-01-06,3,TSE,965.2216796875,898.5390625,888.8992919921875,915.9181518554688,909.7136840820312
M6_YLUR_SHUR,6,LUR,HUR,2025-01-04,2025-01-06,3,TSEC,53.409297943115234,59.97224807739258,59.71287155151367,59.62712478637695,59.67020797729492
M6_YLUR_SHUR,6,LUR,HUR,2025-01-05,2025-01-05,1,Yd,920.412841796875,900.0079956054688,899.75927734375,901.1058959960938,899.729248046875
M6_YLUR_SHUR,6,LUR,HUR,2025-01-05,2025-01-05,1,TSE,920.0363159179688,898.4688110351562,893.8682861328125,926.7171020507812,904.8306274414062
M6_YLUR_SHUR,6,LUR,HUR,2025-01-05,2025-01-05,1,TSEC,57.63884353637695,59.96099090576172,60.700984954833984,59.731300354003906,59.82526779174805
M6_YLUR_SHUR,6,LUR,HUR,2025-01-05,2025-01-06,2,Yd,911.7926635742188,900.0079956054688,900.9613037109375,899.9215698242188,899.6463012695312
M6_YLUR_SHUR,6,LUR,HUR,2025-01-05,2025-01-06,2,TSE,965.2216796875,898.4688110351562,871.7174682617188,910.0093383789062,906.9732055664062
M6_YLUR_SHUR,6,LUR,HUR,2025-01-05,2025-01-06,2,TSEC,53.409297943115234,59.96099090576172,59.68869400024414,60.05815124511719,59.8022346496582
M6_YLUR_SHUR,6,LUR,HUR,2025-01-05,2025-01-07,3,Yd,887.579833984375,900.0079956054688,901.3112182617188,899.18505859375,899.6358032226562
M6_YLUR_SHUR,6,LUR,HUR,2025-01-05,2025-01-07,3,TSE,1067.9835205078125,898.4688110351562,893.8783569335938,904.9417114257812,906.5933837890625
M6_YLUR_SHUR,6,LUR,HUR,2025-01-05,2025-01-07,3,TSEC,60.3358154296875,59.96099090576172,60.283958435058594,60.342037200927734,59.89956283569336
M6_YLUR_SHUR,6,LUR,HUR,2025-01-06,2025-01-06,1,Yd,911.7926635742188,900.03564453125,901.831298828125,901.6094360351562,899.9857788085938
M6_YLUR_SHUR,6,LUR,HUR,2025-01-06,2025-01-06,1,TSE,965.2216796875,898.4981079101562,889.2380981445312,935.9030151367188,904.09765625
M6_YLUR_SHUR,6,LUR,HUR,2025-01-06,2025-01-06,1,TSEC,53.409297943115234,59.95783615112305,59.905147552490234,59.759334564208984,59.965274810791016
M6_YLUR_SHUR,6,LUR,HUR,2025-01-06,2025-01-07,2,Yd,887.579833984375,900.03564453125,899.984130859375,901.2015991210938,899.9219360351562
M6_YLUR_SHUR,6,LUR,HUR,2025-01-06,2025-01-07,2,TSE,1067.9835205078125,898.4981079101562,889.07958984375,920.7605590820312,906.0240478515625
M6_YLUR_SHUR,6,LUR,HUR,2025-01-06,2025-01-07,2,TSEC,60.3358154296875,59.95783615112305,60.69175720214844,59.54933166503906,59.93287658691406
M6_YLUR_SHUR,6,LUR,HUR,2025-01-06,2025-01-08,3,Yd,900.3522338867188,900.03564453125,901.1976318359375,901.7601928710938,899.9557495117188
M6_YLUR_SHUR,6,LUR,HUR,2025-01-06,2025-01-08,3,TSE,961.7761840820312,898.4981079101562,887.8775024414062,917.8463134765625,906.0782470703125
M6_YLUR_SHUR,6,LUR,HUR,2025-01-06,2025-01-08,3,TSEC,50.358619689941406,59.95783615112305,59.63162612915039,59.439395904541016,59.81686782836914
M6_YLUR_SHUR,6,LUR,HUR,2025-01-07,2025-01-07,1,Yd,887.579833984375,900.0516357421875,901.0316772460938,900.637451171875,900.12841796875
M6_YLUR_SHUR,6,LUR,HUR,2025-01-07,2025-01-07,1,TSE,1067.9835205078125,898.588623046875,890.1868896484375,917.3211059570312,902.8695068359375
M6_YLUR_SHUR,6,LUR,HUR,2025-01-07,2025-01-07,1,TSEC,60.3358154296875,59.94895935058594,60.32065963745117,61.24802780151367,59.96320343017578
M6_YLUR_SHUR,6,LUR,HUR,2025-01-07,2025-01-08,2,Yd,900.3522338867188,900.0516357421875,900.4564819335938,899.5811767578125,900.158203125
M6_YLUR_SHUR,6,LUR,HUR,2025-01-07,2025-01-08,2,TSE,961.7761840820312,898.588623046875,886.3270263671875,913.0361938476562,904.5540771484375
M6_YLUR_SHUR,6,LUR,HUR,2025-01-07,2025-01-08,2,TSEC,50.358619689941406,59.94895935058594,59.463863372802734,59.80250930786133,59.83632278442383
M6_YLUR_SHUR,6,LUR,HUR,2025-01-07,2025-01-09,3,Yd,890.721435546875,900.0516357421875,900.4818725585938,899.29931640625,900.14013671875
M6_YLUR_SHUR,6,LUR,HUR,2025-01-07,2025-01-09,3,TSE,984.60302734375,898.588623046875,876.3074340820312,908.829833984375,905.6898193359375
M6_YLUR_SHUR,6,LUR,HUR,2025-01-07,2025-01-09,3,TSEC,66.38860321044922,59.94895935058594,60.51610565185547,60.50709915161133,59.695194244384766
M6_YLUR_SHUR,6,LUR,HUR,2025-01-08,2025-01-08,1,Yd,900.3522338867188,900.0347290039062,901.8375854492188,897.8370361328125,900.1470336914062
M6_YLUR_SHUR,6,LUR,HUR,2025-01-08,2025-01-08,1,TSE,961.7761840820312,898.8181762695312,890.25,887.4391479492188,900.1243286132812
M6_YLUR_SHUR,6,LUR,HUR,2025-01-08,2025-01-08,1,TSEC,50.358619689941406,59.94948196411133,59.994468688964844,61.58320999145508,59.89824676513672
M6_YLUR_SHUR,6,LUR,HUR,2025-01-08,2025-01-09,2,Yd,890.721435546875,900.0347290039062,899.9177856445312,897.9798583984375,900.0462036132812
M6_YLUR_SHUR,6,LUR,HUR,2025-01-08,2025-01-09,2,TSE,984.60302734375,898.8181762695312,886.89111328125,893.1297607421875,901.8016357421875
M6_YLUR_SHUR,6,LUR,HUR,2025-01-08,2025-01-09,2,TSEC,66.38860321044922,59.94948196411133,60.0566520690918,60.31404495239258,59.748207092285156
M6_YLUR_SHUR,6,LUR,HUR,2025-01-08,2025-01-10,3,Yd,889.855712890625,900.0347290039062,902.2654418945312,898.2431030273438,899.616943359375
M6_YLUR_SHUR,6,LUR,HUR,2025-01-08,2025-01-10,3,TSE,933.015625,898.8181762695312,886.5586547851562,894.7330322265625,904.2360229492188
M6_YLUR_SHUR,6,LUR,HUR,2025-01-08,2025-01-10,3,TSEC,56.7718620300293,59.94948196411133,60.24498748779297,60.53447723388672,59.764404296875
M6_YLUR_SHUR,6,LUR,HUR,2025-01-09,2025-01-09,1,Yd,890.721435546875,900.03515625,899.8275756835938,896.3358154296875,900.062255859375
M6_YLUR_SHUR,6,LUR,HUR,2025-01-09,2025-01-09,1,TSE,984.60302734375,898.9033203125,871.5189819335938,912.0294189453125,901.1036987304688
M6_YLUR_SHUR,6,LUR,HUR,2025-01-09,2025-01-09,1,TSEC,66.38860321044922,59.936500549316406,60.47208786010742,60.33355712890625,59.81281661987305
M6_YLUR_SHUR,6,LUR,HUR,2025-01-09,2025-01-10,2,Yd,889.855712890625,900.03515625,902.1434326171875,898.9244384765625,899.7568969726562
M6_YLUR_SHUR,6,LUR,HUR,2025-01-09,2025-01-10,2,TSE,933.015625,898.9033203125,898.3526611328125,913.2105102539062,903.9822387695312
M6_YLUR_SHUR,6,LUR,HUR,2025-01-09,2025-01-10,2,TSEC,56.7718620300293,59.936500549316406,59.10645294189453,60.92906188964844,59.65436553955078
M6_YLUR_SHUR,6,LUR,HUR,2025-01-09,2025-01-11,3,Yd,899.15087890625,900.03515625,899.1111450195312,900.0421142578125,899.3976440429688
M6_YLUR_SHUR,6,LUR,HUR,2025-01-09,2025-01-11,3,TSE,868.8580322265625,898.9033203125,894.6366577148438,894.9437255859375,907.341064453125
M6_YLUR_SHUR,6,LUR,HUR,2025-01-09,2025-01-11,3,TSEC,61.09197998046875,59.936500549316406,60.98347091674805,61.49742126464844,59.64595031738281
M6_YLUR_SHUR,6,LUR,HUR,2025-01-10,2025-01-10,1,Yd,889.855712890625,900.0225219726562,901.681884765625,898.16845703125,899.7238159179688
M6_YLUR_SHUR,6,LUR,HUR,2025-01-10,2025-01-10,1,TSE,933.015625,899.0191650390625,897.9923706054688,899.0062866210938,903.2196655273438
M6_YLUR_SHUR,6,LUR,HUR,2025-01-10,2025-01-10,1,TSEC,56.7718620300293,59.94521713256836,59.89460754394531,60.632076263427734,59.865230560302734
M6_YLUR_SHUR,6,LUR,HUR,2025-01-10,2025-01-11,2,Yd,899.15087890625,900.0225219726562,898.7177124023438,898.817138671875,899.5004272460938
M6_YLUR_SHUR,6,LUR,HUR,2025-01-10,2025-01-11,2,TSE,868.8580322265625,899.0191650390625,898.4873657226562,897.3646850585938,907.2800903320312
M6_YLUR_SHUR,6,LUR,HUR,2025-01-10,2025-01-11,2,TSEC,61.09197998046875,59.94521713256836,60.452491760253906,60.093135833740234,59.717411041259766
M6_YLUR_SHUR,6,LUR,HUR,2025-01-10,2025-01-12,3,Yd,907.7748413085938,900.0225219726562,899.1002197265625,898.8947143554688,899.5271606445312
M6_YLUR_SHUR,6,LUR,HUR,2025-01-10,2025-01-12,3,TSE,830.602294921875,899.0191650390625,886.9437866210938,907.6547241210938,909.8580932617188
M6_YLUR_SHUR,6,LUR,HUR,2025-01-10,2025-01-12,3,TSEC,57.989341735839844,59.94521713256836,59.72462844848633,60.156341552734375,59.62527084350586
M6_YLUR_SHUR,6,LUR,HUR,2025-01-11,2025-01-11,1,Yd,899.15087890625,900.0088500976562,900.7164916992188,898.4423828125,899.75830078125
M6_YLUR_SHUR,6,LUR,HUR,2025-01-11,2025-01-11,1,TSE,868.8580322265625,899.0650024414062,894.5934448242188,914.880126953125,904.5646362304688
M6_YLUR_SHUR,6,LUR,HUR,2025-01-11,2025-01-11,1,TSEC,61.09197998046875,59.94093704223633,61.969722747802734,60.18629455566406,59.80718231201172
M6_YLUR_SHUR,6,LUR,HUR,2025-01-11,2025-01-12,2,Yd,907.7748413085938,900.0088500976562,900.046142578125,898.8524780273438,899.6863403320312
M6_YLUR_SHUR,6,LUR,HUR,2025-01-11,2025-01-12,2,TSE,830.602294921875,899.0650024414062,897.1442260742188,904.7235107421875,907.7767333984375
M6_YLUR_SHUR,6,LUR,HUR,2025-01-11,2025-01-12,2,TSEC,57.989341735839844,59.94093704223633,59.4171142578125,60.3948974609375,59.657615661621094
M6_YLUR_SHUR,6,LUR,HUR,2025-01-11,2025-01-13,3,Yd,905.1288452148438,900.0088500976562,900.9864501953125,899.2716064453125,899.8058471679688
M6_YLUR_SHUR,6,LUR,HUR,2025-01-11,2025-01-13,3,TSE,982.0562744140625,899.0650024414062,881.1817016601562,904.1165161132812,908.5088500976562
M6_YLUR_SHUR,6,LUR,HUR,2025-01-11,2025-01-13,3,TSEC,65.44646453857422,59.94093704223633,61.86749267578125,60.65990447998047,59.62443161010742
M6_YLUR_SHUR,6,LUR,HUR,2025-01-12,2025-01-12,1,Yd,907.7748413085938,900.0077514648438,898.7449340820312,900.4026489257812,899.8538818359375
M6_YLUR_SHUR,6,LUR,HUR,2025-01-12,2025-01-12,1,TSE,830.602294921875,899.0243530273438,894.8886108398438,936.0881958007812,904.1714477539062
M6_YLUR_SHUR,6,LUR,HUR,2025-01-12,2025-01-12,1,TSEC,57.989341735839844,59.94248962402344,59.36943054199219,60.35207748413086,59.82670974731445
M6_YLUR_SHUR,6,LUR,HUR,2025-01-12,2025-01-13,2,Yd,905.1288452148438,900.0077514648438,899.2105712890625,900.65478515625,899.9183959960938
M6_YLUR_SHUR,6,LUR,HUR,2025-01-12,2025-01-13,2,TSE,982.0562744140625,899.0243530273438,884.7946166992188,920.0281372070312,906.1696166992188
M6_YLUR_SHUR,6,LUR,HUR,2025-01-12,2025-01-13,2,TSEC,65.44646453857422,59.94248962402344,61.09339141845703,59.97949981689453,59.754486083984375
M6_YLUR_SHUR,6,LUR,HUR,2025-01-12,2025-01-14,3,Yd,910.725341796875,900.0077514648438,900.02734375,900.6395263671875,899.8908081054688
M6_YLUR_SHUR,6,LUR,HUR,2025-01-12,2025-01-14,3,TSE,935.261474609375,899.0243530273438,899.1870727539062,921.9389038085938,906.898193359375
M6_YLUR_SHUR,6,LUR,HUR,2025-01-12,2025-01-14,3,TSEC,54.88949203491211,59.94248962402344,58.8239631652832,59.78047180175781,59.82759094238281
M6_YLUR_SHUR,6,LUR,HUR,2025-01-13,2025-01-13,1,Yd,905.1288452148438,900.0181884765625,899.6619262695312,900.5652465820312,899.9819946289062
M6_YLUR_SHUR,6,LUR,HUR,2025-01-13,2025-01-13,1,TSE,982.0562744140625,898.9321899414062,879.1853637695312,931.7550048828125,903.25830078125
M6_YLUR_SHUR,6,LUR,HUR,2025-01-13,2025-01-13,1,TSEC,65.44646453857422,59.93985366821289,60.96537780761719,60.421077728271484,59.96059799194336
M6_YLUR_SHUR,6,LUR,HUR,2025-01-13,2025-01-14,2,Yd,910.725341796875,900.0181884765625,900.4528198242188,901.6632080078125,899.9241333007812
M6_YLUR_SHUR,6,LUR,HUR,2025-01-13,2025-01-14,2,TSE,935.261474609375,898.9321899414062,902.1922607421875,928.3655395507812,905.0260009765625
M6_YLUR_SHUR,6,LUR,HUR,2025-01-13,2025-01-14,2,TSEC,54.88949203491211,59.93985366821289,58.956626892089844,59.812644958496094,59.97104263305664
M6_YLUR_SHUR,6,LUR,HUR,2025-01-13,2025-01-15,3,Yd,904.3219604492188,900.0181884765625,900.1776733398438,900.7061767578125,900.0005493164062
M6_YLUR_SHUR,6,LUR,HUR,2025-01-13,2025-01-15,3,TSE,818.9318237304688,898.9321899414062,872.9588012695312,910.455810546875,905.1528930664062
M6_YLUR_SHUR,6,LUR,HUR,2025-01-13,2025-01-15,3,TSEC,52.66242599487305,59.93985366821289,61.04548263549805,59.759521484375,59.87965393066406
M6_YLUR_SHUR,6,LUR,HUR,2025-01-14,2025-01-14,1,Yd,910.725341796875,900.0250244140625,899.8272094726562,901.279052734375,900.0094604492188
M6_YLUR_SHUR,6,LUR,HUR,2025-01-14,2025-01-14,1,TSE,935.261474609375,899.0440063476562,904.494140625,910.4042358398438,901.5709838867188
M6_YLUR_SHUR,6,LUR,HUR,2025-01-14,2025-01-14,1,TSEC,54.88949203491211,59.947265625,58.78986740112305,59.95820617675781,60.05797576904297
M6_YLUR_SHUR,6,LUR,HUR,2025-01-14,2025-01-15,2,Yd,904.3219604492188,900.0250244140625,899.671875,900.8222045898438,899.9622192382812
M6_YLUR_SHUR,6,LUR,HUR,2025-01-14,2025-01-15,2,TSE,818.9318237304688,899.0440063476562,874.6024169921875,911.580322265625,901.9512939453125
M6_YLUR_SHUR,6,LUR,HUR,2025-01-14,2025-01-15,2,TSEC,52.66242599487305,59.947265625,61.30339813232422,59.921051025390625,59.95817565917969
M6_YLUR_SHUR,6,LUR,HUR,2025-01-14,2025-01-16,3,Yd,901.7164306640625,900.0250244140625,899.7523803710938,900.9269409179688,899.7594604492188
M6_YLUR_SHUR,6,LUR,HUR,2025-01-14,2025-01-16,3,TSE,823.2784423828125,899.0440063476562,876.8732299804688,903.8056030273438,903.0892333984375
M6_YLUR_SHUR,6,LUR,HUR,2025-01-14,2025-01-16,3,TSEC,53.5125732421875,59.947265625,58.87593460083008,60.01850128173828,59.82779312133789
M6_YLUR_SHUR,6,LUR,HUR,2025-01-15,2025-01-15,1,Yd,904.3219604492188,900.0394287109375,900.422607421875,899.4378662109375,900.0863037109375
M6_YLUR_SHUR,6,LUR,HUR,2025-01-15,2025-01-15,1,TSE,818.9318237304688,899.0925903320312,882.74365234375,901.3623657226562,900.4476928710938
M6_YLUR_SHUR,6,LUR,HUR,2025-01-15,2025-01-15,1,TSEC,52.66242599487305,59.940467834472656,60.05216598510742,60.1671028137207,59.884700775146484
M6_YLUR_SHUR,6,LUR,HUR,2025-01-15,2025-01-16,2,Yd,901.7164306640625,900.0394287109375,900.5143432617188,898.2567138671875,899.8843994140625
M6_YLUR_SHUR,6,LUR,HUR,2025-01-15,2025-01-16,2,TSE,823.2784423828125,899.0925903320312,884.1096801757812,910.6817626953125,901.7695922851562
M6_YLUR_SHUR,6,LUR,HUR,2025-01-15,2025-01-16,2,TSEC,53.5125732421875,59.940467834472656,59.986202239990234,60.45317459106445,59.726646423339844
M6_YLUR_SHUR,6,LUR,HUR,2025-01-15,2025-01-17,3,Yd,906.0947875976562,900.0394287109375,899.8294067382812,898.5682373046875,899.4166259765625
M6_YLUR_SHUR,6,LUR,HUR,2025-01-15,2025-01-17,3,TSE,950.0457763671875,899.0925903320312,886.0111694335938,892.9556274414062,904.312744140625
M6_YLUR_SHUR,6,LUR,HUR,2025-01-15,2025-01-17,3,TSEC,55.920875549316406,59.940467834472656,60.17295455932617,61.385536193847656,59.707359313964844
M6_YLUR_SHUR,6,LUR,HUR,2025-01-16,2025-01-16,1,Yd,901.7164306640625,900.045166015625,899.6641235351562,899.204833984375,899.97998046875
M6_YLUR_SHUR,6,LUR,HUR,2025-01-16,2025-01-16,1,TSE,823.2784423828125,898.985107421875,881.0419311523438,902.34912109375,901.8660278320312
M6_YLUR_SHUR,6,LUR,HUR,2025-01-16,2025-01-16,1,TSEC,53.5125732421875,59.93071365356445,60.60586166381836,59.811546325683594,59.816246032714844
M6_YLUR_SHUR,6,LUR,HUR,2025-01-16,2025-01-17,2,Yd,906.0947875976562,900.045166015625,901.3062744140625,899.2537231445312,899.5994262695312
M6_YLUR_SHUR,6,LUR,HUR,2025-01-16,2025-01-17,2,TSE,950.0457763671875,898.985107421875,881.6943969726562,905.697509765625,905.145263671875
M6_YLUR_SHUR,6,LUR,HUR,2025-01-16,2025-01-17,2,TSEC,55.920875549316406,59.93071365356445,60.72154235839844,60.03022384643555,59.62189865112305
M6_YLUR_SHUR,6,LUR,HUR,2025-01-16,2025-01-18,3,Yd,881.6891479492188,900.045166015625,899.219970703125,899.1361694335938,899.2576904296875
M6_YLUR_SHUR,6,LUR,HUR,2025-01-16,2025-01-18,3,TSE,849.2471923828125,898.985107421875,889.7252197265625,899.9856567382812,909.1173095703125
M6_YLUR_SHUR,6,LUR,HUR,2025-01-16,2025-01-18,3,TSEC,65.91059112548828,59.93071365356445,59.56608200073242,60.47506332397461,59.61234664916992
M6_YLUR_SHUR,6,LUR,HUR,2025-01-17,2025-01-17,1,Yd,906.0947875976562,900.04736328125,899.78369140625,898.6475830078125,899.7723999023438
M6_YLUR_SHUR,6,LUR,HUR,2025-01-17,2025-01-17,1,TSE,950.0457763671875,898.8837890625,880.3424072265625,904.5037231445312,904.2567138671875
M6_YLUR_SHUR,6,LUR,HUR,2025-01-17,2025-01-17,1,TSEC,55.920875549316406,59.92212677001953,59.986663818359375,60.535274505615234,59.748008728027344
M6_YLUR_SHUR,6,LUR,HUR,2025-01-17,2025-01-18,2,Yd,881.6891479492188,900.04736328125,900.49755859375,899.7232666015625,899.4254760742188
M6_YLUR_SHUR,6,LUR,HUR,2025-01-17,2025-01-18,2,TSE,849.2471923828125,898.8837890625,889.8876953125,901.6513061523438,909.232666015625
M6_YLUR_SHUR,6,LUR,HUR,2025-01-17,2025-01-18,2,TSEC,65.91059112548828,59.92212677001953,59.88396072387695,59.76811981201172,59.604042053222656
M6_YLUR_SHUR,6,LUR,HUR,2025-01-17,2025-01-19,3,Yd,890.0648193359375,900.04736328125,899.6591796875,899.6278076171875,899.2916259765625
M6_YLUR_SHUR,6,LUR,HUR,2025-01-17,2025-01-19,3,TSE,785.6507568359375,898.8837890625,893.784912109375,899.354248046875,912.827392578125
M6_YLUR_SHUR,6,LUR,HUR,2025-01-17,2025-01-19,3,TSEC,56.90876388549805,59.92212677001953,59.86068344116211,59.946353912353516,59.61201095581055
M6_YLUR_SHUR,6,LUR,HUR,2025-01-18,2025-01-18,1,Yd,881.6891479492188,900.0554809570312,900.433837890625,898.2598876953125,899.63037109375
M6_YLUR_SHUR,6,LUR,HUR,2025-01-18,2025-01-18,1,TSE,849.2471923828125,898.9522094726562,895.9384155273438,897.638427734375,904.7053833007812
M6_YLUR_SHUR,6,LUR,HUR,2025-01-18,2025-01-18,1,TSEC,65.91059112548828,59.916778564453125,59.51676559448242,59.96648406982422,59.83244323730469
M6_YLUR_SHUR,6,LUR,HUR,2025-01-18,2025-01-19,2,Yd,890.0648193359375,900.0554809570312,899.6505737304688,899.6870727539062,899.4505004882812
M6_YLUR_SHUR,6,LUR,HUR,2025-01-18,2025-01-19,2,TSE,785.6507568359375,898.9522094726562,894.78857421875,909.0467529296875,909.2410888671875
M6_YLUR_SHUR,6,LUR,HUR,2025-01-18,2025-01-19,2,TSEC,56.90876388549805,59.916778564453125,60.70378112792969,59.61464309692383,59.74091339111328
M6_YLUR_SHUR,6,LUR,HUR,2025-01-18,2025-01-20,3,Yd,889.81396484375,900.0554809570312,900.7953491210938,900.3392944335938,899.5067138671875
M6_YLUR_SHUR,6,LUR,HUR,2025-01-18,2025-01-20,3,TSE,953.9818725585938,898.9522094726562,880.4514770507812,914.6324462890625,911.8203125
M6_YLUR_SHUR,6,LUR,HUR,2025-01-18,2025-01-20,3,TSEC,68.69725799560547,59.916778564453125,59.28608703613281,59.60105895996094,59.72699737548828
M6_YLUR_SHUR,6,LUR,HUR,2025-01-19,2025-01-19,1,Yd,890.0648193359375,900.0309448242188,898.6836547851562,899.4602661132812,899.779541015625
M6_YLUR_SHUR,6,LUR,HUR,2025-01-19,2025-01-19,1,TSE,785.6507568359375,898.8858642578125,885.3497314453125,911.5142822265625,904.7630615234375
M6_YLUR_SHUR,6,LUR,HUR,2025-01-19,2025-01-19,1,TSEC,56.90876388549805,59.924774169921875,60.87852096557617,60.02115249633789,59.858768463134766
M6_YLUR_SHUR,6,LUR,HUR,2025-01-19,2025-01-20,2,Yd,889.81396484375,900.0309448242188,899.4764404296875,902.1251831054688,899.7693481445312
M6_YLUR_SHUR,6,LUR,HUR,2025-01-19,2025-01-20,2,TSE,953.9818725585938,898.8858642578125,892.23876953125,927.8107299804688,906.9495239257812
M6_YLUR_SHUR,6,LUR,HUR,2025-01-19,2025-01-20,2,TSEC,68.69725799560547,59.924774169921875,59.5012321472168,59.048301696777344,59.83840560913086
M6_YLUR_SHUR,6,LUR,HUR,2025-01-19,2025-01-21,3,Yd,913.0545654296875,900.0309448242188,900.4066162109375,901.1286010742188,899.7782592773438
M6_YLUR_SHUR,6,LUR,HUR,2025-01-19,2025-01-21,3,TSE,860.8860473632812,898.8858642578125,890.7229614257812,941.5921020507812,907.2965698242188
M6_YLUR_SHUR,6,LUR,HUR,2025-01-19,2025-01-21,3,TSEC,58.95379638671875,59.924774169921875,60.26004409790039,59.26212692260742,59.93353271484375
M6_YLUR_SHUR,6,LUR,HUR,2025-01-20,2025-01-20,1,Yd,889.81396484375,900.0176391601562,899.8399047851562,902.3924560546875,899.88916015625
M6_YLUR_SHUR,6,LUR,HUR,2025-01-20,2025-01-20,1,TSE,953.9818725585938,898.73486328125,876.5354614257812,930.8366088867188,902.86572265625
M6_YLUR_SHUR,6,LUR,HUR,2025-01-20,2025-01-20,1,TSEC,68.69725799560547,59.92076110839844,59.84288787841797,59.88301086425781,59.97098922729492
M6_YLUR_SHUR,6,LUR,HUR,2025-01-20,2025-01-21,2,Yd,913.0545654296875,900.0176391601562,899.946044921875,901.8190307617188,899.8456420898438
M6_YLUR_SHUR,6,LUR,HUR,2025-01-20,2025-01-21,2,TSE,860.8860473632812,898.73486328125,897.8137817382812,924.6879272460938,903.7281494140625
M6_YLUR_SHUR,6,LUR,HUR,2025-01-20,2025-01-21,2,TSEC,58.95379638671875,59.92076110839844,60.33360290527344,59.381568908691406,59.93395233154297
M6_YLUR_SHUR,6,LUR,HUR,2025-01-20,2025-01-22,3,Yd,915.5050659179688,900.0176391601562,900.1484985351562,900.995849609375,899.9736328125
M6_YLUR_SHUR,6,LUR,HUR,2025-01-20,2025-01-22,3,TSE,912.5148315429688,898.73486328125,876.268798828125,916.6704711914062,903.476806640625
M6_YLUR_SHUR,6,LUR,HUR,2025-01-20,2025-01-22,3,TSEC,49.244911193847656,59.92076110839844,59.420814514160156,59.89362335205078,59.81380844116211
M6_YLUR_SHUR,6,LUR,HUR,2025-01-21,2025-01-21,1,Yd,913.0545654296875,900.0040893554688,900.3999633789062,903.0731201171875,899.996337890625
M6_YLUR_SHUR,6,LUR,HUR,2025-01-21,2025-01-21,1,TSE,860.8860473632812,898.8084106445312,889.815185546875,921.9652099609375,900.37353515625
M6_YLUR_SHUR,6,LUR,HUR,2025-01-21,2025-01-21,1,TSEC,58.95379638671875,59.93244552612305,60.263954162597656,59.039833068847656,60.0604133605957
M6_YLUR_SHUR,6,LUR,HUR,2025-01-21,2025-01-22,2,Yd,915.5050659179688,900.0040893554688,900.0986328125,902.6995239257812,899.8728637695312
M6_YLUR_SHUR,6,LUR,HUR,2025-01-21,2025-01-22,2,TSE,912.5148315429688,898.8084106445312,894.4752197265625,940.3858642578125,900.5137329101562
M6_YLUR_SHUR,6,LUR,HUR,2025-01-21,2025-01-22,2,TSEC,49.244911193847656,59.93244552612305,59.97809600830078,58.836971282958984,59.96747589111328
M6_YLUR_SHUR,6,LUR,HUR,2025-01-21,2025-01-23,3,Yd,912.3278198242188,900.0040893554688,899.8704833984375,902.9290771484375,899.6988525390625
M6_YLUR_SHUR,6,LUR,HUR,2025-01-21,2025-01-23,3,TSE,812.770263671875,898.8084106445312,895.8803100585938,930.26025390625,901.7608032226562
M6_YLUR_SHUR,6,LUR,HUR,2025-01-21,2025-01-23,3,TSEC,53.513980865478516,59.93244552612305,60.34440231323242,58.998756408691406,59.83407974243164
M6_YLUR_SHUR,6,LUR,HUR,2025-01-22,2025-01-22,1,Yd,915.5050659179688,900.0213623046875,899.2124633789062,901.1531372070312,900.0126953125
M6_YLUR_SHUR,6,LUR,HUR,2025-01-22,2025-01-22,1,TSE,912.5148315429688,898.7579956054688,895.764892578125,917.7674560546875,900.369140625
M6_YLUR_SHUR,6,LUR,HUR,2025-01-22,2025-01-22,1,TSEC,49.244911193847656,59.9311408996582,60.24317932128906,60.11214828491211,59.89693069458008
M6_YLUR_SHUR,6,LUR,HUR,2025-01-22,2025-01-23,2,Yd,912.3278198242188,900.0213623046875,899.3692016601562,899.8107299804688,899.8021850585938
M6_YLUR_SHUR,6,LUR,HUR,2025-01-22,2025-01-23,2,TSE,812.770263671875,898.7579956054688,894.0919189453125,905.5263671875,902.2581176757812
M6_YLUR_SHUR,6,LUR,HUR,2025-01-22,2025-01-23,2,TSEC,53.513980865478516,59.9311408996582,59.94066619873047,60.09590148925781,59.72909164428711
M6_YLUR_SHUR,6,LUR,HUR,2025-01-22,2025-01-24,3,Yd,904.8526611328125,900.0213623046875,900.38330078125,898.8983764648438,899.3676147460938
M6_YLUR_SHUR,6,LUR,HUR,2025-01-22,2025-01-24,3,TSE,845.19189453125,898.7579956054688,883.706787109375,894.2637329101562,905.26513671875
M6_YLUR_SHUR,6,LUR,HUR,2025-01-22,2025-01-24,3,TSEC,67.3977279663086,59.9311408996582,59.67041015625,60.44419479370117,59.66291809082031
M6_YLUR_SHUR,6,LUR,HUR,2025-01-23,2025-01-23,1,Yd,912.3278198242188,900.0419311523438,900.1820678710938,900.794677734375,899.9765014648438
M6_YLUR_SHUR,6,LUR,HUR,2025-01-23,2025-01-23,1,TSE,812.770263671875,898.7762451171875,878.4281005859375,920.6694946289062,901.843017578125
M6_YLUR_SHUR,6,LUR,HUR,2025-01-23,2025-01-23,1,TSEC,53.513980865478516,59.91695022583008,60.41880416870117,60.86595153808594,59.78080368041992
M6_YLUR_SHUR,6,LUR,HUR,2025-01-23,2025-01-24,2,Yd,904.8526611328125,900.0419311523438,899.8958129882812,899.539794921875,899.5460815429688
M6_YLUR_SHUR,6,LUR,HUR,2025-01-23,2025-01-24,2,TSE,845.19189453125,898.7762451171875,878.4193725585938,904.8435668945312,904.8651123046875
M6_YLUR_SHUR,6,LUR,HUR,2025-01-23,2025-01-24,2,TSEC,67.3977279663086,59.91695022583008,59.26913833618164,60.20789337158203,59.58447265625
M6_YLUR_SHUR,6,LUR,HUR,2025-01-23,2025-01-25,3,Yd,898.646728515625,900.0419311523438,900.5753173828125,899.7633056640625,899.2272338867188
M6_YLUR_SHUR,6,LUR,HUR,2025-01-23,2025-01-25,3,TSE,737.12939453125,898.7762451171875,895.4172973632812,914.5743408203125,908.798583984375
M6_YLUR_SHUR,6,LUR,HUR,2025-01-23,2025-01-25,3,TSEC,57.71388626098633,59.91695022583008,60.61033630371094,60.39943313598633,59.57512664794922
M6_YLUR_SHUR,6,LUR,HUR,2025-01-24,2025-01-24,1,Yd,904.8526611328125,900.0581665039062,902.2877197265625,899.378662109375,899.7738037109375
M6_YLUR_SHUR,6,LUR,HUR,2025-01-24,2025-01-24,1,TSE,845.19189453125,898.6622314453125,877.1097412109375,892.7503662109375,903.88623046875
M6_YLUR_SHUR,6,LUR,HUR,2025-01-24,2025-01-24,1,TSEC,67.3977279663086,59.9084587097168,59.58959197998047,60.047027587890625,59.73137283325195
M6_YLUR_SHUR,6,LUR,HUR,2025-01-24,2025-01-25,2,Yd,898.646728515625,900.0581665039062,903.6240844726562,899.6541137695312,899.481201171875
M6_YLUR_SHUR,6,LUR,HUR,2025-01-24,2025-01-25,2,TSE,737.12939453125,898.6622314453125,895.3833618164062,897.4562377929688,908.8067626953125
M6_YLUR_SHUR,6,LUR,HUR,2025-01-24,2025-01-25,2,TSEC,57.71388626098633,59.9084587097168,60.17430114746094,59.80167007446289,59.58696746826172
M6_YLUR_SHUR,6,LUR,HUR,2025-01-24,2025-01-26,3,Yd,913.541015625,900.0581665039062,898.7152709960938,899.7378540039062,899.3630981445312
M6_YLUR_SHUR,6,LUR,HUR,2025-01-24,2025-01-26,3,TSE,814.1370849609375,898.6622314453125,900.7720947265625,898.4661865234375,912.9627685546875
M6_YLUR_SHUR,6,LUR,HUR,2025-01-24,2025-01-26,3,TSEC,71.00765991210938,59.9084587097168,59.788387298583984,60.16371536254883,59.593990325927734
M6_YLUR_SHUR,6,LUR,HUR,2025-01-25,2025-01-25,1,Yd,898.646728515625,900.0645751953125,900.3098754882812,898.115234375,899.6849975585938
M6_YLUR_SHUR,6,LUR,HUR,2025-01-25,2025-01-25,1,TSE,737.12939453125,898.5913696289062,894.1978149414062,896.4738159179688,905.1346435546875
M6_YLUR_SHUR,6,LUR,HUR,2025-01-25,2025-01-25,1,TSEC,57.71388626098633,59.91837692260742,60.59925842285156,60.21976089477539,59.81018829345703
M6_YLUR_SHUR,6,LUR,HUR,2025-01-25,2025-01-26,2,Yd,913.541015625,900.0645751953125,899.7445068359375,898.8778076171875,899.5264892578125
M6_YLUR_SHUR,6,LUR,HUR,2025-01-25,2025-01-26,2,TSE,814.1370849609375,898.5913696289062,899.654541015625,902.4515991210938,910.0894775390625
M6_YLUR_SHUR,6,LUR,HUR,2025-01-25,2025-01-26,2,TSEC,71.00765991210938,59.91837692260742,59.533565521240234,60.21643829345703,59.69844055175781
M6_YLUR_SHUR,6,LUR,HUR,2025-01-25,2025-01-27,3,Yd,908.5497436523438,900.0645751953125,900.096923828125,900.5053100585938,899.6004638671875
M6_YLUR_SHUR,6,LUR,HUR,2025-01-25,2025-01-27,3,TSE,851.10205078125,898.5913696289062,872.3265380859375,911.935302734375,912.2105102539062
M6_YLUR_SHUR,6,LUR,HUR,2025-01-25,2025-01-27,3,TSEC,61.02975845336914,59.91837692260742,60.30369567871094,59.9115104675293,59.67845153808594
M6_YLUR_SHUR,6,LUR,HUR,2025-01-26,2025-01-26,1,Yd,913.541015625,900.0626831054688,898.4913330078125,900.2144165039062,899.74365234375
M6_YLUR_SHUR,6,LUR,HUR,2025-01-26,2025-01-26,1,TSE,814.1370849609375,898.3778076171875,887.8048706054688,917.9332885742188,905.396484375
M6_YLUR_SHUR,6,LUR,HUR,2025-01-26,2025-01-26,1,TSEC,71.00765991210938,59.915462493896484,60.03438949584961,59.616554260253906,59.84759521484375
M6_YLUR_SHUR,6,LUR,HUR,2025-01-26,2025-01-27,2,Yd,908.5497436523438,900.0626831054688,901.41162109375,899.7362060546875,899.68359375
M6_YLUR_SHUR,6,LUR,HUR,2025-01-26,2025-01-27,2,TSE,851.10205078125,898.3778076171875,875.2296142578125,916.2008056640625,908.1839599609375
M6_YLUR_SHUR,6,LUR,HUR,2025-01-26,2025-01-27,2,TSEC,61.02975845336914,59.915462493896484,59.97323226928711,59.42692947387695,59.806434631347656
M6_YLUR_SHUR,6,LUR,HUR,2025-01-26,2025-01-28,3,Yd,890.5988159179688,900.0626831054688,899.2411499023438,899.3230590820312,899.663818359375
M6_YLUR_SHUR,6,LUR,HUR,2025-01-26,2025-01-28,3,TSE,943.9954223632812,898.3778076171875,891.647705078125,912.2026977539062,908.8357543945312
M6_YLUR_SHUR,6,LUR,HUR,2025-01-26,2025-01-28,3,TSEC,67.11380767822266,59.915462493896484,60.12712478637695,59.55131912231445,59.79385757446289
M6_YLUR_SHUR,6,LUR,HUR,2025-01-27,2025-01-27,1,Yd,908.5497436523438,900.0805053710938,900.4840698242188,901.1058349609375,899.8746948242188
M6_YLUR_SHUR,6,LUR,HUR,2025-01-27,2025-01-27,1,TSE,851.10205078125,898.2665405273438,873.6567993164062,932.5758666992188,903.721923828125
M6_YLUR_SHUR,6,LUR,HUR,2025-01-27,2025-01-27,1,TSEC,61.02975845336914,59.93011474609375,60.05197525024414,58.917972564697266,59.94482421875
M6_YLUR_SHUR,6,LUR,HUR,2025-01-27,2025-01-28,2,Yd,890.5988159179688,900.0805053710938,901.0205688476562,900.7451782226562,899.7743530273438
M6_YLUR_SHUR,6,LUR,HUR,2025-01-27,2025-01-28,2,TSE,943.9954223632812,898.2665405273438,893.3076171875,932.5608520507812,905.951171875
M6_YLUR_SHUR,6,LUR,HUR,2025-01-27,2025-01-28,2,TSEC,67.11380767822266,59.93011474609375,59.58272933959961,59.386878967285156,59.95908737182617
M6_YLUR_SHUR,6,LUR,HUR,2025-01-27,2025-01-29,3,Yd,905.5116577148438,900.0805053710938,900.5235595703125,900.6304321289062,899.7080078125
M6_YLUR_SHUR,6,LUR,HUR,2025-01-27,2025-01-29,3,TSE,946.543212890625,898.2665405273438,872.6692504882812,939.2800903320312,905.8104858398438
M6_YLUR_SHUR,6,LUR,HUR,2025-01-27,2025-01-29,3,TSEC,59.855865478515625,59.93011474609375,60.76546096801758,59.645484924316406,59.86820602416992
M6_YLUR_SHUR,6,LUR,HUR,2025-01-28,2025-01-28,1,Yd,890.5988159179688,900.0916748046875,899.71728515625,901.5333251953125,899.9341430664062
M6_YLUR_SHUR,6,LUR,HUR,2025-01-28,2025-01-28,1,TSE,943.9954223632812,898.204345703125,889.8479614257812,926.7827758789062,902.1604614257812
M6_YLUR_SHUR,6,LUR,HUR,2025-01-28,2025-01-28,1,TSEC,67.11380767822266,59.93156814575195,59.74320983886719,59.49979782104492,60.00583267211914
M6_YLUR_SHUR,6,LUR,HUR,2025-01-28,2025-01-29,2,Yd,905.5116577148438,900.0916748046875,899.655517578125,902.2222900390625,899.9609985351562
M6_YLUR_SHUR,6,LUR,HUR,2025-01-28,2025-01-29,2,TSE,946.543212890625,898.204345703125,888.8726806640625,927.4703369140625,903.4222412109375
M6_YLUR_SHUR,6,LUR,HUR,2025-01-28,2025-01-29,2,TSEC,59.855865478515625,59.93156814575195,60.75234603881836,58.7570915222168,59.89685821533203
M6_YLUR_SHUR,6,LUR,HUR,2025-01-28,2025-01-30,3,Yd,909.9777221679688,900.0916748046875,900.0872192382812,901.2223510742188,899.8319091796875
M6_YLUR_SHUR,6,LUR,HUR,2025-01-28,2025-01-30,3,TSE,860.775390625,898.204345703125,890.0879516601562,917.0836791992188,905.0498657226562
M6_YLUR_SHUR,6,LUR,HUR,2025-01-28,2025-01-30,3,TSEC,45.05547332763672,59.93156814575195,59.971248626708984,59.49872589111328,59.73866653442383
M6_YLUR_SHUR,6,LUR,HUR,2025-01-29,2025-01-29,1,Yd,905.5116577148438,900.0792236328125,900.23291015625,900.760009765625,899.8462524414062
M6_YLUR_SHUR,6,LUR,HUR,2025-01-29,2025-01-29,1,TSE,946.543212890625,898.2646484375,889.6450805664062,919.5823974609375,900.3468627929688
M6_YLUR_SHUR,6,LUR,HUR,2025-01-29,2025-01-29,1,TSEC,59.855865478515625,59.94103240966797,60.683101654052734,59.49182891845703,59.974327087402344
M6_YLUR_SHUR,6,LUR,HUR,2025-01-29,2025-01-30,2,Yd,909.9777221679688,900.0792236328125,899.8987426757812,901.7830200195312,899.5162353515625
M6_YLUR_SHUR,6,LUR,HUR,2025-01-29,2025-01-30,2,TSE,860.775390625,898.2646484375,889.7017211914062,920.13720703125,902.0323486328125
M6_YLUR_SHUR,6,LUR,HUR,2025-01-29,2025-01-30,2,TSEC,45.05547332763672,59.94103240966797,60.28104019165039,59.18036651611328,59.83891296386719
M6_YLUR_SHUR,6,LUR,HUR,2025-01-29,2025-01-31,3,Yd,909.7827758789062,900.0792236328125,901.1737060546875,901.0283203125,899.0822143554688
M6_YLUR_SHUR,6,LUR,HUR,2025-01-29,2025-01-31,3,TSE,775.9283447265625,898.2646484375,897.0728759765625,909.7222900390625,904.5879516601562
M6_YLUR_SHUR,6,LUR,HUR,2025-01-29,2025-01-31,3,TSEC,58.626739501953125,59.94103240966797,59.43812561035156,59.61538314819336,59.77507019042969
M6_YLUR_SHUR,6,LUR,HUR,2025-01-30,2025-01-30,1,Yd,909.9777221679688,900.0863647460938,900.9791259765625,898.7689208984375,899.7483520507812
M6_YLUR_SHUR,6,LUR,HUR,2025-01-30,2025-01-30,1,TSE,860.775390625,898.328125,890.3013916015625,927.254638671875,901.347900390625
M6_YLUR_SHUR,6,LUR,HUR,2025-01-30,2025-01-30,1,TSEC,45.05547332763672,59.94091796875,59.646697998046875,60.11188888549805,59.873958587646484
M6_YLUR_SHUR,6,LUR,HUR,2025-01-30,2025-01-31,2,Yd,909.7827758789062,900.0863647460938,900.1685180664062,898.9696044921875,899.2611694335938
M6_YLUR_SHUR,6,LUR,HUR,2025-01-30,2025-01-31,2,TSE,775.9283447265625,898.328125,896.5845336914062,905.774658203125,904.131103515625
M6_YLUR_SHUR,6,LUR,HUR,2025-01-30,2025-01-31,2,TSEC,58.626739501953125,59.94091796875,60.06847381591797,60.086753845214844,59.74436950683594
M6_YLUR_SHUR,6,LUR,HUR,2025-01-30,2025-02-01,3,Yd,909.4942626953125,900.0863647460938,900.9105834960938,900.4805908203125,898.8887329101562
M6_YLUR_SHUR,6,LUR,HUR,2025-01-30,2025-02-01,3,TSE,965.0179443359375,898.328125,874.2781982421875,900.6600341796875,907.220703125
M6_YLUR_SHUR,6,LUR,HUR,2025-01-30,2025-02-01,3,TSEC,51.19045639038086,59.94091796875,59.94083786010742,60.69440460205078,59.75373840332031
M6_YLUR_SHUR,6,LUR,HUR,2025-01-31,2025-01-31,1,Yd,909.7827758789062,900.099365234375,901.6434936523438,899.7869873046875,899.7490844726562
M6_YLUR_SHUR,6,LUR,HUR,2025-01-31,2025-01-31,1,TSE,775.9283447265625,898.2787475585938,877.7559814453125,912.7808227539062,903.3697509765625
M6_YLUR_SHUR,6,LUR,HUR,2025-01-31,2025-01-31,1,TSEC,58.626739501953125,59.921356201171875,60.253013610839844,59.83403015136719,59.75411605834961
M6_YLUR_SHUR,6,LUR,HUR,2025-01-31,2025-02-01,2,Yd,909.4942626953125,900.099365234375,900.6295776367188,899.6312255859375,899.4680786132812
M6_YLUR_SHUR,6,LUR,HUR,2025-01-31,2025-02-01,2,TSE,965.0179443359375,898.2787475585938,896.6681518554688,908.0685424804688,907.367919921875
M6_YLUR_SHUR,6,LUR,HUR,2025-01-31,2025-02-01,2,TSEC,51.19045639038086,59.921356201171875,59.89710235595703,60.25541687011719,59.61329650878906
M6_YLUR_SHUR,6,LUR,HUR,2025-01-31,2025-02-02,3,Yd,895.5194702148438,900.099365234375,900.1278686523438,898.9564208984375,899.3475341796875
M6_YLUR_SHUR,6,LUR,HUR,2025-01-31,2025-02-02,3,TSE,817.838623046875,898.2787475585938,895.6537475585938,898.9568481445312,910.3416137695312
M6_YLUR_SHUR,6,LUR,HUR,2025-01-31,2025-02-02,3,TSEC,59.17747497558594,59.921356201171875,60.073333740234375,60.21162796020508,59.57927322387695
M6_YLUR_SHUR,6,LUR,HUR,2025-02-01,2025-02-01,1,Yd,909.4942626953125,900.112060546875,899.9048461914062,899.1632080078125,899.6917114257812
M6_YLUR_SHUR,6,LUR,HUR,2025-02-01,2025-02-01,1,TSE,965.0179443359375,898.1182861328125,895.5985107421875,922.7763061523438,904.5465698242188
M6_YLUR_SHUR,6,LUR,HUR,2025-02-01,2025-02-01,1,TSEC,51.19045639038086,59.91965866088867,59.91682052612305,60.379512786865234,59.788177490234375
M6_YLUR_SHUR,6,LUR,HUR,2025-02-01,2025-02-02,2,Yd,895.5194702148438,900.112060546875,899.632568359375,898.3760375976562,899.5315551757812
M6_YLUR_SHUR,6,LUR,HUR,2025-02-01,2025-02-02,2,TSE,817.838623046875,898.1182861328125,898.94921875,919.5525512695312,909.0907592773438
M6_YLUR_SHUR,6,LUR,HUR,2025-02-01,2025-02-02,2,TSEC,59.17747497558594,59.91965866088867,60.05811309814453,60.544921875,59.67273712158203
M6_YLUR_SHUR,6,LUR,HUR,2025-02-01,2025-02-03,3,Yd,900.8408813476562,900.112060546875,900.5182495117188,899.44921875,899.6051635742188
M6_YLUR_SHUR,6,LUR,HUR,2025-02-01,2025-02-03,3,TSE,870.5787353515625,898.1182861328125,871.28515625,931.4559936523438,911.2470703125
M6_YLUR_SHUR,6,LUR,HUR,2025-02-01,2025-02-03,3,TSEC,55.46763229370117,59.91965866088867,60.09513473510742,60.334495544433594,59.64375305175781
M6_YLUR_SHUR,6,LUR,HUR,2025-02-02,2025-02-02,1,Yd,895.5194702148438,900.1243286132812,899.2224731445312,898.6401977539062,899.7261962890625
M6_YLUR_SHUR,6,LUR,HUR,2025-02-02,2025-02-02,1,TSE,817.838623046875,898.2059326171875,889.751708984375,903.3209228515625,904.0074462890625
M6_YLUR_SHUR,6,LUR,HUR,2025-02-02,2025-02-02,1,TSEC,59.17747497558594,59.9082145690918,60.542842864990234,60.05275344848633,59.89624786376953
M6_YLUR_SHUR,6,LUR,HUR,2025-02-02,2025-02-03,2,Yd,900.8408813476562,900.1243286132812,899.9939575195312,899.0869750976562,899.7088012695312
M6_YLUR_SHUR,6,LUR,HUR,2025-02-02,2025-02-03,2,TSE,870.5787353515625,898.2059326171875,883.5252685546875,916.4696044921875,907.840576171875
M6_YLUR_SHUR,6,LUR,HUR,2025-02-02,2025-02-03,2,TSEC,55.46763229370117,59.9082145690918,60.296695709228516,59.7335319519043,59.79062271118164
M6_YLUR_SHUR,6,LUR,HUR,2025-02-02,2025-02-04,3,Yd,889.9341430664062,900.1243286132812,900.08984375,899.3760986328125,899.9042358398438
M6_YLUR_SHUR,6,LUR,HUR,2025-02-02,2025-02-04,3,TSE,982.8445434570312,898.2059326171875,874.5537719726562,920.1399536132812,910.086669921875
M6_YLUR_SHUR,6,LUR,HUR,2025-02-02,2025-02-04,3,TSEC,65.35836029052734,59.9082145690918,60.08430099487305,59.42435836791992,59.69929885864258
M6_YLUR_SHUR,6,LUR,HUR,2025-02-03,2025-02-03,1,Yd,900.8408813476562,900.1182861328125,901.1171875,901.3663330078125,899.9220581054688
M6_YLUR_SHUR,6,LUR,HUR,2025-02-03,2025-02-03,1,TSE,870.5787353515625,898.1007080078125,887.1427612304688,922.7673950195312,904.0167236328125
M6_YLUR_SHUR,6,LUR,HUR,2025-02-03,2025-02-03,1,TSEC,55.46763229370117,59.90726089477539,60.00481033325195,59.74086380004883,59.954811096191406
M6_YLUR_SHUR,6,LUR,HUR,2025-02-03,2025-02-04,2,Yd,889.9341430664062,900.1182861328125,901.5652465820312,900.2586669921875,900.029052734375
M6_YLUR_SHUR,6,LUR,HUR,2025-02-03,2025-02-04,2,TSE,982.8445434570312,898.1007080078125,873.9766845703125,916.0211181640625,906.26806640625
M6_YLUR_SHUR,6,LUR,HUR,2025-02-03,2025-02-04,2,TSEC,65.35836029052734,59.90726089477539,60.18023681640625,58.599761962890625,59.865394592285156
M6_YLUR_SHUR,6,LUR,HUR,2025-02-03,2025-02-05,3,Yd,890.4573974609375,900.1182861328125,900.5614624023438,900.7277221679688,900.107666015625
M6_YLUR_SHUR,6,LUR,HUR,2025-02-03,2025-02-05,3,TSE,932.7445678710938,898.1007080078125,878.987548828125,933.9522705078125,907.16845703125
M6_YLUR_SHUR,6,LUR,HUR,2025-02-03,2025-02-05,3,TSEC,58.519718170166016,59.90726089477539,59.38423156738281,58.46976089477539,59.75865173339844
M6_YLUR_SHUR,6,LUR,HUR,2025-02-04,2025-02-04,1,Yd,889.9341430664062,900.1192626953125,900.585205078125,901.1033325195312,900.1401977539062
M6_YLUR_SHUR,6,LUR,HUR,2025-02-04,2025-02-04,1,TSE,982.8445434570312,898.064697265625,871.2760009765625,925.3191528320312,902.6763916015625
M6_YLUR_SHUR,6,LUR,HUR,2025-02-04,2025-02-04,1,TSEC,65.35836029052734,59.901458740234375,60.24299240112305,59.8673210144043,59.909244537353516
M6_YLUR_SHUR,6,LUR,HUR,2025-02-04,2025-02-05,2,Yd,890.4573974609375,900.1192626953125,899.982666015625,900.1307983398438,900.2146606445312
M6_YLUR_SHUR,6,LUR,HUR,2025-02-04,2025-02-05,2,TSE,932.7445678710938,898.064697265625,879.1307983398438,926.6581420898438,904.2639770507812
M6_YLUR_SHUR,6,LUR,HUR,2025-02-04,2025-02-05,2,TSEC,58.519718170166016,59.901458740234375,59.57735824584961,59.22332763671875,59.75838088989258
M6_YLUR_SHUR,6,LUR,HUR,2025-02-04,2025-02-06,3,Yd,894.0458984375,900.1192626953125,899.8749389648438,899.5388793945312,900.2453002929688
M6_YLUR_SHUR,6,LUR,HUR,2025-02-04,2025-02-06,3,TSE,1019.1710205078125,898.064697265625,885.18505859375,923.20263671875,905.2918090820312
M6_YLUR_SHUR,6,LUR,HUR,2025-02-04,2025-02-06,3,TSEC,60.300743103027344,59.901458740234375,60.69969177246094,59.56959533691406,59.61705017089844
M6_YLUR_SHUR,6,LUR,HUR,2025-02-05,2025-02-05,1,Yd,890.4573974609375,900.1060180664062,899.7130737304688,899.4902954101562,900.07275390625
M6_YLUR_SHUR,6,LUR,HUR,2025-02-05,2025-02-05,1,TSE,932.7445678710938,898.1754150390625,881.7603759765625,919.7640991210938,900.1802368164062
M6_YLUR_SHUR,6,LUR,HUR,2025-02-05,2025-02-05,1,TSEC,58.519718170166016,59.9085807800293,59.568546295166016,59.68818664550781,59.9257698059082
M6_YLUR_SHUR,6,LUR,HUR,2025-02-05,2025-02-06,2,Yd,894.0458984375,900.1060180664062,899.6564331054688,900.2406616210938,899.9212036132812
M6_YLUR_SHUR,6,LUR,HUR,2025-02-05,2025-02-06,2,TSE,1019.1710205078125,898.1754150390625,881.5912475585938,919.0677490234375,901.5968017578125
M6_YLUR_SHUR,6,LUR,HUR,2025-02-05,2025-02-06,2,TSEC,60.300743103027344,59.9085807800293,59.618465423583984,59.37461853027344,59.77676010131836
M6_YLUR_SHUR,6,LUR,HUR,2025-02-05,2025-02-07,3,Yd,902.17236328125,900.1060180664062,900.5292358398438,899.1753540039062,899.4541625976562
M6_YLUR_SHUR,6,LUR,HUR,2025-02-05,2025-02-07,3,TSE,936.219970703125,898.1754150390625,882.67822265625,919.4638061523438,903.4728393554688
M6_YLUR_SHUR,6,LUR,HUR,2025-02-05,2025-02-07,3,TSEC,58.12986755371094,59.9085807800293,59.835113525390625,59.630435943603516,59.736671447753906
M6_YLUR_SHUR,6,LUR,HUR,2025-02-06,2025-02-06,1,Yd,894.0458984375,900.0933837890625,900.080810546875,898.2356567382812,899.9157104492188
M6_YLUR_SHUR,6,LUR,HUR,2025-02-06,2025-02-06,1,TSE,1019.1710205078125,898.2205200195312,888.4227294921875,925.0250244140625,900.505615234375
M6_YLUR_SHUR,6,LUR,HUR,2025-02-06,2025-02-06,1,TSEC,60.300743103027344,59.906768798828125,60.549991607666016,60.261077880859375,59.844520568847656
M6_YLUR_SHUR,6,LUR,HUR,2025-02-06,2025-02-07,2,Yd,902.17236328125,900.0933837890625,900.6788330078125,898.9188842773438,899.4292602539062
M6_YLUR_SHUR,6,LUR,HUR,2025-02-06,2025-02-07,2,TSE,936.219970703125,898.2205200195312,895.450439453125,902.5789184570312,902.7218627929688
M6_YLUR_SHUR,6,LUR,HUR,2025-02-06,2025-02-07,2,TSEC,58.12986755371094,59.906768798828125,59.36859130859375,60.04095458984375,59.706199645996094
M6_YLUR_SHUR,6,LUR,HUR,2025-02-06,2025-02-08,3,Yd,906.3628540039062,900.0933837890625,900.9828491210938,899.0161743164062,899.003662109375
M6_YLUR_SHUR,6,LUR,HUR,2025-02-06,2025-02-08,3,TSE,910.7449951171875,898.2205200195312,883.5664672851562,895.8231201171875,905.773193359375
M6_YLUR_SHUR,6,LUR,HUR,2025-02-06,2025-02-08,3,TSEC,62.883331298828125,59.906768798828125,60.48621368408203,60.45650100708008,59.72929000854492
M6_YLUR_SHUR,6,LUR,HUR,2025-02-07,2025-02-07,1,Yd,902.17236328125,900.0855102539062,901.5780029296875,897.9228515625,899.6734619140625
M6_YLUR_SHUR,6,LUR,HUR,2025-02-07,2025-02-07,1,TSE,936.219970703125,898.3779907226562,885.15576171875,909.7034912109375,902.2278442382812
M6_YLUR_SHUR,6,LUR,HUR,2025-02-07,2025-02-07,1,TSEC,58.12986755371094,59.907283782958984,59.21255874633789,60.53354263305664,59.86073684692383
M6_YLUR_SHUR,6,LUR,HUR,2025-02-07,2025-02-08,2,Yd,906.3628540039062,900.0855102539062,900.3176879882812,898.6149291992188,899.4404296875
M6_YLUR_SHUR,6,LUR,HUR,2025-02-07,2025-02-08,2,TSE,910.7449951171875,898.3779907226562,894.7855834960938,906.1856689453125,904.9375610351562
M6_YLUR_SHUR,6,LUR,HUR,2025-02-07,2025-02-08,2,TSEC,62.883331298828125,59.907283782958984,60.601993560791016,60.07883071899414,59.73924255371094
M6_YLUR_SHUR,6,LUR,HUR,2025-02-07,2025-02-09,3,Yd,885.2504272460938,900.0855102539062,900.652099609375,898.8465576171875,899.457763671875
M6_YLUR_SHUR,6,LUR,HUR,2025-02-07,2025-02-09,3,TSE,887.3621826171875,898.3779907226562,900.92626953125,905.3876342773438,907.1464233398438
M6_YLUR_SHUR,6,LUR,HUR,2025-02-07,2025-02-09,3,TSEC,61.63323211669922,59.907283782958984,59.32032775878906,60.02427673339844,59.67338562011719
M6_YLUR_SHUR,6,LUR,HUR,2025-02-08,2025-02-08,1,Yd,906.3628540039062,900.0882568359375,900.102294921875,899.5752563476562,899.7652587890625
M6_YLUR_SHUR,6,LUR,HUR,2025-02-08,2025-02-08,1,TSE,910.7449951171875,898.4271850585938,896.0929565429688,914.73291015625,903.4844970703125
M6_YLUR_SHUR,6,LUR,HUR,2025-02-08,2025-02-08,1,TSEC,62.883331298828125,59.90496826171875,60.19728469848633,60.04079055786133,59.84392547607422
M6_YLUR_SHUR,6,LUR,HUR,2025-02-08,2025-02-09,2,Yd,885.2504272460938,900.0882568359375,899.4996337890625,899.7323608398438,899.6714477539062
M6_YLUR_SHUR,6,LUR,HUR,2025-02-08,2025-02-09,2,TSE,887.3621826171875,898.4271850585938,901.9334106445312,900.0127563476562,906.3074951171875
M6_YLUR_SHUR,6,LUR,HUR,2025-02-08,2025-02-09,2,TSEC,61.63323211669922,59.90496826171875,59.42360305786133,59.93894577026367,59.73097229003906
M6_YLUR_SHUR,6,LUR,HUR,2025-02-08,2025-02-10,3,Yd,910.5881958007812,900.0882568359375,899.7587280273438,899.5594482421875,899.7932739257812
M6_YLUR_SHUR,6,LUR,HUR,2025-02-08,2025-02-10,3,TSE,799.0745239257812,898.4271850585938,876.3995361328125,898.8519287109375,907.52734375
M6_YLUR_SHUR,6,LUR,HUR,2025-02-08,2025-02-10,3,TSEC,68.54735565185547,59.90496826171875,60.32758712768555,60.03049087524414,59.70165252685547
M6_YLUR_SHUR,6,LUR,HUR,2025-02-09,2025-02-09,1,Yd,885.2504272460938,900.096435546875,899.9503173828125,899.8290405273438,899.8627319335938
M6_YLUR_SHUR,6,LUR,HUR,2025-02-09,2025-02-09,1,TSE,887.3621826171875,898.4431762695312,893.0560302734375,916.0310668945312,903.0986938476562
M6_YLUR_SHUR,6,LUR,HUR,2025-02-09,2025-02-09,1,TSEC,61.63323211669922,59.908836364746094,59.36875534057617,60.20552062988281,59.86618423461914
M6_YLUR_SHUR,6,LUR,HUR,2025-02-09,2025-02-10,2,Yd,910.5881958007812,900.096435546875,900.1467895507812,899.6498413085938,899.9365844726562
M6_YLUR_SHUR,6,LUR,HUR,2025-02-09,2025-02-10,2,TSE,799.0745239257812,898.4431762695312,889.9296264648438,907.7100219726562,905.3089599609375
M6_YLUR_SHUR,6,LUR,HUR,2025-02-09,2025-02-10,2,TSEC,68.54735565185547,59.908836364746094,60.21685028076172,60.03135681152344,59.7918701171875
M6_YLUR_SHUR,6,LUR,HUR,2025-02-09,2025-02-11,3,Yd,916.8057250976562,900.096435546875,900.0809326171875,900.2633056640625,900.0106201171875
M6_YLUR_SHUR,6,LUR,HUR,2025-02-09,2025-02-11,3,TSE,898.844970703125,898.4431762695312,877.7626342773438,909.482421875,906.8076782226562
M6_YLUR_SHUR,6,LUR,HUR,2025-02-09,2025-02-11,3,TSEC,63.95158386230469,59.908836364746094,59.05518341064453,59.894126892089844,59.78668975830078
M6_YLUR_SHUR,6,LUR,HUR,2025-02-10,2025-02-10,1,Yd,910.5881958007812,900.0771484375,901.1136474609375,900.5133056640625,900.090576171875
M6_YLUR_SHUR,6,LUR,HUR,2025-02-10,2025-02-10,1,TSE,799.0745239257812,898.4288330078125,889.16650390625,906.9352416992188,901.4721069335938
M6_YLUR_SHUR,6,LUR,HUR,2025-02-10,2025-02-10,1,TSEC,68.54735565185547,59.91107177734375,59.965702056884766,60.2529296875,59.95100784301758
M6_YLUR_SHUR,6,LUR,HUR,2025-02-10,2025-02-11,2,Yd,916.8057250976562,900.0771484375,901.228271484375,901.3056030273438,900.1144409179688
M6_YLUR_SHUR,6,LUR,HUR,2025-02-10,2025-02-11,2,TSE,898.844970703125,898.4288330078125,890.8148193359375,919.0343627929688,902.6915283203125
M6_YLUR_SHUR,6,LUR,HUR,2025-02-10,2025-02-11,2,TSEC,63.95158386230469,59.91107177734375,60.053993225097656,59.07109451293945,59.97024917602539
M6_YLUR_SHUR,6,LUR,HUR,2025-02-10,2025-02-12,3,Yd,910.608642578125,900.0771484375,900.9757690429688,900.6560668945312,900.0137329101562
M6_YLUR_SHUR,6,LUR,HUR,2025-02-10,2025-02-12,3,TSE,828.3010864257812,898.4288330078125,888.031982421875,908.6138305664062,902.0606079101562
M6_YLUR_SHUR,6,LUR,HUR,2025-02-10,2025-02-12,3,TSEC,53.40171432495117,59.91107177734375,59.8785285949707,60.50663757324219,59.9705924987793
M6_YLUR_SHUR,6,LUR,HUR,2025-02-11,2025-02-11,1,Yd,916.8057250976562,900.0907592773438,902.778076171875,904.2745971679688,899.9810791015625
M6_YLUR_SHUR,6,LUR,HUR,2025-02-11,2025-02-11,1,TSE,898.844970703125,898.3001098632812,867.8770141601562,922.0086669921875,901.2019653320312
M6_YLUR_SHUR,6,LUR,HUR,2025-02-11,2025-02-11,1,TSEC,63.95158386230469,59.92226028442383,59.92222595214844,58.38271713256836,60.02144241333008
M6_YLUR_SHUR,6,LUR,HUR,2025-02-11,2025-02-12,2,Yd,910.608642578125,900.0907592773438,900.7617797851562,901.1849365234375,899.7688598632812
M6_YLUR_SHUR,6,LUR,HUR,2025-02-11,2025-02-12,2,TSE,828.3010864257812,898.3001098632812,879.7478637695312,914.0685424804688,901.18359375
M6_YLUR_SHUR,6,LUR,HUR,2025-02-11,2025-02-12,2,TSEC,53.40171432495117,59.92226028442383,60.00470733642578,59.392425537109375,60.01141357421875
M6_YLUR_SHUR,6,LUR,HUR,2025-02-11,2025-02-13,3,Yd,914.4061889648438,900.0907592773438,900.4887084960938,902.3297729492188,899.414306640625
M6_YLUR_SHUR,6,LUR,HUR,2025-02-11,2025-02-13,3,TSE,833.463134765625,898.3001098632812,873.9638671875,906.1517333984375,901.9199829101562
M6_YLUR_SHUR,6,LUR,HUR,2025-02-11,2025-02-13,3,TSEC,57.389766693115234,59.92226028442383,59.67998123168945,59.460723876953125,59.91341018676758
M6_YLUR_SHUR,6,LUR,HUR,2025-02-12,2025-02-12,1,Yd,910.608642578125,900.1123657226562,902.0741577148438,901.0650024414062,899.844482421875
M6_YLUR_SHUR,6,LUR,HUR,2025-02-12,2025-02-12,1,TSE,828.3010864257812,898.30078125,872.3875732421875,920.7891845703125,899.8693237304688
M6_YLUR_SHUR,6,LUR,HUR,2025-02-12,2025-02-12,1,TSEC,53.40171432495117,59.92747497558594,60.9765625,60.155433654785156,59.98756408691406
M6_YLUR_SHUR,6,LUR,HUR,2025-02-12,2025-02-13,2,Yd,914.4061889648438,900.1123657226562,901.5015258789062,897.4393310546875,899.463623046875
M6_YLUR_SHUR,6,LUR,HUR,2025-02-12,2025-02-13,2,TSE,833.463134765625,898.30078125,874.431640625,888.6463623046875,900.9352416992188
M6_YLUR_SHUR,6,LUR,HUR,2025-02-12,2025-02-13,2,TSEC,57.389766693115234,59.92747497558594,59.904701232910156,59.59334945678711,59.88566207885742
M6_YLUR_SHUR,6,LUR,HUR,2025-02-12,2025-02-14,3,Yd,901.72265625,900.1123657226562,901.9993286132812,898.1819458007812,898.9846801757812
M6_YLUR_SHUR,6,LUR,HUR,2025-02-12,2025-02-14,3,TSE,950.6284790039062,898.30078125,881.958984375,898.393798828125,902.9680786132812
M6_YLUR_SHUR,6,LUR,HUR,2025-02-12,2025-02-14,3,TSEC,64.82624816894531,59.92747497558594,60.22517776489258,59.75043487548828,59.83637619018555
M6_YLUR_SHUR,6,LUR,HUR,2025-02-13,2025-02-13,1,Yd,914.4061889648438,900.1259765625,901.6975708007812,899.3198852539062,899.7999267578125
M6_YLUR_SHUR,6,LUR,HUR,2025-02-13,2025-02-13,1,TSE,833.463134765625,898.21044921875,876.4367065429688,902.697265625,900.919677734375
M6_YLUR_SHUR,6,LUR,HUR,2025-02-13,2025-02-13,1,TSEC,57.389766693115234,59.919044494628906,60.542633056640625,59.60097122192383,59.85261917114258
M6_YLUR_SHUR,6,LUR,HUR,2025-02-13,2025-02-14,2,Yd,901.72265625,900.1259765625,901.8442993164062,899.51025390625,899.35546875
M6_YLUR_SHUR,6,LUR,HUR,2025-02-13,2025-02-14,2,TSE,950.6284790039062,898.21044921875,879.7981567382812,900.13427734375,903.0536499023438
M6_YLUR_SHUR,6,LUR,HUR,2025-02-13,2025-02-14,2,TSEC,64.82624816894531,59.919044494628906,60.186805725097656,59.810523986816406,59.73947525024414
M6_YLUR_SHUR,6,LUR,HUR,2025-02-13,2025-02-15,3,Yd,894.652099609375,900.1259765625,901.9940795898438,899.65283203125,899.1029052734375
M6_YLUR_SHUR,6,LUR,HUR,2025-02-13,2025-02-15,3,TSE,871.33349609375,898.21044921875,885.55810546875,900.85595703125,905.8017578125
M6_YLUR_SHUR,6,LUR,HUR,2025-02-13,2025-02-15,3,TSEC,62.847618103027344,59.919044494628906,59.73548889160156,60.07047653198242,59.757118225097656
M6_YLUR_SHUR,6,LUR,HUR,2025-02-14,2025-02-14,1,Yd,901.72265625,900.1443481445312,902.0912475585938,899.7697143554688,899.7478637695312
M6_YLUR_SHUR,6,LUR,HUR,2025-02-14,2025-02-14,1,TSE,950.6284790039062,898.1268310546875,881.1001586914062,903.7432250976562,902.7244873046875
M6_YLUR_SHUR,6,LUR,HUR,2025-02-14,2025-02-14,1,TSEC,64.82624816894531,59.9157829284668,59.93468475341797,59.64335250854492,59.82695388793945
M6_YLUR_SHUR,6,LUR,HUR,2025-02-14,2025-02-15,2,Yd,894.652099609375,900.1443481445312,902.4129638671875,899.7859497070312,899.4679565429688
M6_YLUR_SHUR,6,LUR,HUR,2025-02-14,2025-02-15,2,TSE,871.33349609375,898.1268310546875,892.1620483398438,900.5169677734375,905.8770141601562
M6_YLUR_SHUR,6,LUR,HUR,2025-02-14,2025-02-15,2,TSEC,62.847618103027344,59.9157829284668,59.99118423461914,59.79851150512695,59.71959686279297
M6_YLUR_SHUR,6,LUR,HUR,2025-02-14,2025-02-16,3,Yd,893.5291137695312,900.1443481445312,902.4329223632812,899.7990112304688,899.3305053710938
M6_YLUR_SHUR,6,LUR,HUR,2025-02-14,2025-02-16,3,TSE,772.9837646484375,898.1268310546875,900.508056640625,900.4949951171875,908.74853515625
M6_YLUR_SHUR,6,LUR,HUR,2025-02-14,2025-02-16,3,TSEC,59.44935989379883,59.9157829284668,59.98460006713867,59.80528259277344,59.699615478515625
M6_YLUR_SHUR,6,LUR,HUR,2025-02-15,2025-02-15,1,Yd,894.652099609375,900.1464233398438,903.6475830078125,897.7886352539062,899.690673828125
M6_YLUR_SHUR,6,LUR,HUR,2025-02-15,2025-02-15,1,TSE,871.33349609375,898.1945190429688,880.9733276367188,891.4026489257812,903.1298217773438
M6_YLUR_SHUR,6,LUR,HUR,2025-02-15,2025-02-15,1,TSEC,62.847618103027344,59.9221076965332,59.952388763427734,60.34069061279297,59.85639953613281
M6_YLUR_SHUR,6,LUR,HUR,2025-02-15,2025-02-16,2,Yd,893.5291137695312,900.1464233398438,904.111572265625,899.8277587890625,899.5588989257812
M6_YLUR_SHUR,6,LUR,HUR,2025-02-15,2025-02-16,2,TSE,772.9837646484375,898.1945190429688,892.3924560546875,904.2827758789062,906.086181640625
M6_YLUR_SHUR,6,LUR,HUR,2025-02-15,2025-02-16,2,TSEC,59.44935989379883,59.9221076965332,60.021514892578125,59.67734146118164,59.76999282836914
M6_YLUR_SHUR,6,LUR,HUR,2025-02-15,2025-02-17,3,Yd,893.7207641601562,900.1464233398438,902.6014404296875,900.75927734375,899.694580078125
M6_YLUR_SHUR,6,LUR,HUR,2025-02-15,2025-02-17,3,TSE,775.3148193359375,898.1945190429688,890.54638671875,915.6618041992188,907.78759765625
M6_YLUR_SHUR,6,LUR,HUR,2025-02-15,2025-02-17,3,TSEC,64.73275756835938,59.9221076965332,59.45161819458008,59.374855041503906,59.768394470214844
M6_YLUR_SHUR,6,LUR,HUR,2025-02-16,2025-02-16,1,Yd,893.5291137695312,900.1393432617188,900.9121704101562,899.7210693359375,899.8040161132812
M6_YLUR_SHUR,6,LUR,HUR,2025-02-16,2025-02-16,1,TSE,772.9837646484375,898.159912109375,897.9698486328125,911.3877563476562,902.989013671875
M6_YLUR_SHUR,6,LUR,HUR,2025-02-16,2025-02-16,1,TSEC,59.44935989379883,59.925872802734375,59.802490234375,59.91218566894531,59.880104064941406
M6_YLUR_SHUR,6,LUR,HUR,2025-02-16,2025-02-17,2,Yd,893.7207641601562,900.1393432617188,899.8336181640625,900.72412109375,899.859619140625
M6_YLUR_SHUR,6,LUR,HUR,2025-02-16,2025-02-17,2,TSE,775.3148193359375,898.159912109375,879.855224609375,919.1749267578125,905.343505859375
M6_YLUR_SHUR,6,LUR,HUR,2025-02-16,2025-02-17,2,TSEC,64.73275756835938,59.925872802734375,60.057533264160156,59.52996063232422,59.828006744384766
M6_YLUR_SHUR,6,LUR,HUR,2025-02-16,2025-02-18,3,Yd,912.3283081054688,900.1393432617188,899.8671264648438,900.283203125,899.9415283203125
M6_YLUR_SHUR,6,LUR,HUR,2025-02-16,2025-02-18,3,TSE,820.9649047851562,898.159912109375,887.6483764648438,916.8422241210938,907.6651000976562
M6_YLUR_SHUR,6,LUR,HUR,2025-02-16,2025-02-18,3,TSEC,62.778419494628906,59.925872802734375,60.04934310913086,59.593780517578125,59.85383605957031
M6_YLUR_SHUR,6,LUR,HUR,2025-02-17,2025-02-17,1,Yd,893.7207641601562,900.1307983398438,900.3258056640625,902.6533203125,899.9651489257812
M6_YLUR_SHUR,6,LUR,HUR,2025-02-17,2025-02-17,1,TSE,775.3148193359375,897.9990234375,894.7118530273438,942.8969116210938,902.7576904296875
M6_YLUR_SHUR,6,LUR,HUR,2025-02-17,2025-02-17,1,TSEC,64.73275756835938,59.92525863647461,59.696205139160156,59.102195739746094,59.93558883666992
M6_YLUR_SHUR,6,LUR,HUR,2025-02-17,2025-02-18,2,Yd,912.3283081054688,900.1307983398438,900.7527465820312,902.9415893554688,899.9429931640625
M6_YLUR_SHUR,6,LUR,HUR,2025-02-17,2025-02-18,2,TSE,820.9649047851562,897.9990234375,876.3849487304688,932.4609375,904.6668090820312
M6_YLUR_SHUR,6,LUR,HUR,2025-02-17,2025-02-18,2,TSEC,62.778419494628906,59.92525863647461,59.212791442871094,58.616397857666016,59.96239471435547
M6_YLUR_SHUR,6,LUR,HUR,2025-02-17,2025-02-19,3,Yd,915.973876953125,900.1307983398438,900.427734375,902.6707153320312,899.833251953125
M6_YLUR_SHUR,6,LUR,HUR,2025-02-17,2025-02-19,3,TSE,754.6973876953125,897.9990234375,887.5560302734375,921.8778686523438,904.455322265625
M6_YLUR_SHUR,6,LUR,HUR,2025-02-17,2025-02-19,3,TSEC,60.520206451416016,59.92525863647461,60.7541618347168,58.98912048339844,59.917747497558594
M6_YLUR_SHUR,6,LUR,HUR,2025-02-18,2025-02-18,1,Yd,912.3283081054688,900.1226196289062,901.40234375,903.1925048828125,899.9426879882812
M6_YLUR_SHUR,6,LUR,HUR,2025-02-18,2025-02-18,1,TSE,820.9649047851562,897.841552734375,886.60693359375,938.98779296875,900.71337890625
M6_YLUR_SHUR,6,LUR,HUR,2025-02-18,2025-02-18,1,TSEC,62.778419494628906,59.93143081665039,60.15586853027344,59.0693244934082,59.98971939086914
M6_YLUR_SHUR,6,LUR,HUR,2025-02-18,2025-02-19,2,Yd,915.973876953125,900.1226196289062,901.1144409179688,903.8479614257812,899.8404541015625
M6_YLUR_SHUR,6,LUR,HUR,2025-02-18,2025-02-19,2,TSE,754.6973876953125,897.841552734375,871.8492431640625,943.0685424804688,900.9159545898438
M6_YLUR_SHUR,6,LUR,HUR,2025-02-18,2025-02-19,2,TSEC,60.520206451416016,59.93143081665039,59.33485794067383,58.55647659301758,59.897159576416016
M6_YLUR_SHUR,6,LUR,HUR,2025-02-18,2025-02-20,3,Yd,906.326416015625,900.1226196289062,901.0402221679688,903.172607421875,899.5952758789062
M6_YLUR_SHUR,6,LUR,HUR,2025-02-18,2025-02-20,3,TSE,968.271728515625,897.841552734375,874.0209350585938,925.6514282226562,902.4584350585938
M6_YLUR_SHUR,6,LUR,HUR,2025-02-18,2025-02-20,3,TSEC,61.648433685302734,59.93143081665039,60.5512580871582,59.198265075683594,59.76871871948242
M6_YLUR_SHUR,6,LUR,HUR,2025-02-19,2025-02-19,1,Yd,915.973876953125,900.1383056640625,900.25830078125,903.1165771484375,899.918701171875
M6_YLUR_SHUR,6,LUR,HUR,2025-02-19,2025-02-19,1,TSE,754.6973876953125,897.742919921875,888.5127563476562,936.7332153320312,900.5795288085938
M6_YLUR_SHUR,6,LUR,HUR,2025-02-19,2025-02-19,1,TSEC,60.520206451416016,59.935081481933594,60.533477783203125,59.751522064208984,59.9063606262207
M6_YLUR_SHUR,6,LUR,HUR,2025-02-19,2025-02-20,2,Yd,906.326416015625,900.1383056640625,899.8572387695312,900.85791015625,899.606201171875
M6_YLUR_SHUR,6,LUR,HUR,2025-02-19,2025-02-20,2,TSE,968.271728515625,897.742919921875,888.1215209960938,913.3583984375,902.25146484375
M6_YLUR_SHUR,6,LUR,HUR,2025-02-19,2025-02-20,2,TSEC,61.648433685302734,59.935081481933594,60.61339569091797,59.4412841796875,59.723506927490234
M6_YLUR_SHUR,6,LUR,HUR,2025-02-19,2025-02-21,3,Yd,883.725830078125,900.1383056640625,901.8262939453125,900.623779296875,899.1174926757812
M6_YLUR_SHUR,6,LUR,HUR,2025-02-19,2025-02-21,3,TSE,956.5592651367188,897.742919921875,878.2421264648438,906.6724853515625,904.3009033203125
M6_YLUR_SHUR,6,LUR,HUR,2025-02-19,2025-02-21,3,TSEC,61.232601165771484,59.935081481933594,59.37996292114258,59.66190719604492,59.658302307128906
M6_YLUR_SHUR,6,LUR,HUR,2025-02-20,2025-02-20,1,Yd,906.326416015625,900.1585083007812,900.4514770507812,901.9616088867188,899.8292846679688
M6_YLUR_SHUR,6,LUR,HUR,2025-02-20,2025-02-20,1,TSE,968.271728515625,897.5598754882812,887.9469604492188,931.1567993164062,901.7881469726562
M6_YLUR_SHUR,6,LUR,HUR,2025-02-20,2025-02-20,1,TSEC,61.648433685302734,59.935829162597656,60.69498062133789,60.31179428100586,59.79193115234375
M6_YLUR_SHUR,6,LUR,HUR,2025-02-20,2025-02-21,2,Yd,883.725830078125,900.1585083007812,900.6760864257812,899.3990478515625,899.4049072265625
M6_YLUR_SHUR,6,LUR,HUR,2025-02-20,2025-02-21,2,TSE,956.5592651367188,897.5598754882812,896.13916015625,903.8659057617188,904.0343017578125
M6_YLUR_SHUR,6,LUR,HUR,2025-02-20,2025-02-21,2,TSEC,61.232601165771484,59.935829162597656,59.34931564331055,59.788551330566406,59.64333724975586
M6_YLUR_SHUR,6,LUR,HUR,2025-02-20,2025-02-22,3,Yd,900.5536499023438,900.1585083007812,901.1356811523438,899.0422973632812,899.0406494140625
M6_YLUR_SHUR,6,LUR,HUR,2025-02-20,2025-02-22,3,TSE,986.4666137695312,897.5598754882812,873.2855834960938,897.8687744140625,906.7725219726562
M6_YLUR_SHUR,6,LUR,HUR,2025-02-20,2025-02-22,3,TSEC,59.5417594909668,59.935829162597656,60.48868942260742,60.064884185791016,59.6935920715332
M6_YLUR_SHUR,6,LUR,HUR,2025-02-21,2025-02-21,1,Yd,883.725830078125,900.1663818359375,900.0222778320312,898.4563598632812,899.6285400390625
M6_YLUR_SHUR,6,LUR,HUR,2025-02-21,2025-02-21,1,TSE,956.5592651367188,897.6502685546875,878.4066772460938,898.1309204101562,902.0587768554688
M6_YLUR_SHUR,6,LUR,HUR,2025-02-21,2025-02-21,1,TSEC,61.232601165771484,59.938018798828125,59.32294845581055,59.89406204223633,59.846927642822266
M6_YLUR_SHUR,6,LUR,HUR,2025-02-21,2025-02-22,2,Yd,900.5536499023438,900.1663818359375,900.284912109375,899.09716796875,899.3419799804688
M6_YLUR_SHUR,6,LUR,HUR,2025-02-21,2025-02-22,2,TSE,986.4666137695312,897.6502685546875,888.3717041015625,896.1525268554688,904.8115234375
M6_YLUR_SHUR,6,LUR,HUR,2025-02-21,2025-02-22,2,TSEC,59.5417594909668,59.938018798828125,60.527740478515625,59.953277587890625,59.7247314453125
M6_YLUR_SHUR,6,LUR,HUR,2025-02-21,2025-02-23,3,Yd,890.0530395507812,900.1663818359375,899.5186157226562,899.6482543945312,899.30419921875
M6_YLUR_SHUR,6,LUR,HUR,2025-02-21,2025-02-23,3,TSE,968.4901733398438,897.6502685546875,899.7719116210938,899.4334716796875,907.3548583984375
M6_YLUR_SHUR,6,LUR,HUR,2025-02-21,2025-02-23,3,TSEC,65.55168914794922,59.938018798828125,59.45531463623047,59.91395950317383,59.70146560668945
M6_YLUR_SHUR,6,LUR,HUR,2025-02-22,2025-02-22,1,Yd,900.5536499023438,900.1454467773438,902.4193115234375,896.4033203125,899.713623046875
M6_YLUR_SHUR,6,LUR,HUR,2025-02-22,2025-02-22,1,TSE,986.4666137695312,897.7255249023438,889.9070434570312,899.0160522460938,902.7034301757812
M6_YLUR_SHUR,6,LUR,HUR,2025-02-22,2025-02-22,1,TSEC,59.5417594909668,59.939674377441406,60.64167785644531,60.69023513793945,59.85822677612305
M6_YLUR_SHUR,6,LUR,HUR,2025-02-22,2025-02-23,2,Yd,890.0530395507812,900.1454467773438,902.510009765625,898.990234375,899.6345825195312
M6_YLUR_SHUR,6,LUR,HUR,2025-02-22,2025-02-23,2,TSE,968.4901733398438,897.7255249023438,897.963623046875,899.013671875,905.1829223632812
M6_YLUR_SHUR,6,LUR,HUR,2025-02-22,2025-02-23,2,TSEC,65.55168914794922,59.939674377441406,59.39638900756836,59.52320098876953,59.778011322021484
M6_YLUR_SHUR,6,LUR,HUR,2025-02-22,2025-02-24,3,Yd,906.7739868164062,900.1454467773438,901.44189453125,900.2864379882812,899.7872314453125
M6_YLUR_SHUR,6,LUR,HUR,2025-02-22,2025-02-24,3,TSE,838.4966430664062,897.7255249023438,879.2971801757812,909.9201049804688,906.255126953125
M6_YLUR_SHUR,6,LUR,HUR,2025-02-22,2025-02-24,3,TSEC,61.5419921875,59.939674377441406,60.315330505371094,59.17182540893555,59.773704528808594
M6_YLUR_SHUR,6,LUR,HUR,2025-02-23,2025-02-23,1,Yd,890.0530395507812,900.1458740234375,901.5557250976562,899.4130249023438,899.8582763671875
M6_YLUR_SHUR,6,LUR,HUR,2025-02-23,2025-02-23,1,TSE,968.4901733398438,897.838623046875,891.3065185546875,905.9725952148438,902.3335571289062
M6_YLUR_SHUR,6,LUR,HUR,2025-02-23,2025-02-23,1,TSEC,65.55168914794922,59.93916320800781,59.54583740234375,59.756412506103516,59.88758087158203
M6_YLUR_SHUR,6,LUR,HUR,2025-02-23,2025-02-24,2,Yd,906.7739868164062,900.1458740234375,900.6868286132812,901.4949951171875,899.95751953125
M6_YLUR_SHUR,6,LUR,HUR,2025-02-23,2025-02-24,2,TSE,838.4966430664062,897.838623046875,898.8851928710938,918.3113403320312,903.9959716796875
M6_YLUR_SHUR,6,LUR,HUR,2025-02-23,2025-02-24,2,TSEC,61.5419921875,59.93916320800781,60.10027313232422,59.6251335144043,59.84766387939453
M6_YLUR_SHUR,6,LUR,HUR,2025-02-23,2025-02-25,3,Yd,878.8945922851562,900.1458740234375,899.3147583007812,901.0726928710938,900.0625
M6_YLUR_SHUR,6,LUR,HUR,2025-02-23,2025-02-25,3,TSE,901.734375,897.838623046875,881.3221435546875,920.0468139648438,905.5369873046875
M6_YLUR_SHUR,6,LUR,HUR,2025-02-23,2025-02-25,3,TSEC,62.486778259277344,59.93916320800781,59.24739074707031,59.7882080078125,59.84260177612305
M6_YLUR_SHUR,6,LUR,HUR,2025-02-24,2025-02-24,1,Yd,906.7739868164062,900.133056640625,899.7672119140625,899.9918823242188,900.0284423828125
M6_YLUR_SHUR,6,LUR,HUR,2025-02-24,2025-02-24,1,TSE,838.4966430664062,897.9286499023438,881.917724609375,918.970947265625,900.8037109375
M6_YLUR_SHUR,6,LUR,HUR,2025-02-24,2025-02-24,1,TSEC,61.5419921875,59.946319580078125,60.001319885253906,60.037052154541016,59.93169021606445
M6_YLUR_SHUR,6,LUR,HUR,2025-02-24,2025-02-25,2,Yd,878.8945922851562,900.133056640625,899.934326171875,903.7066650390625,900.0509033203125
M6_YLUR_SHUR,6,LUR,HUR,2025-02-24,2025-02-25,2,TSE,901.734375,897.9286499023438,901.6812133789062,940.7984008789062,901.4795532226562
M6_YLUR_SHUR,6,LUR,HUR,2025-02-24,2025-02-25,2,TSEC,62.486778259277344,59.946319580078125,59.454036712646484,59.37811279296875,59.930694580078125
M6_YLUR_SHUR,6,LUR,HUR,2025-02-24,2025-02-26,3,Yd,909.4803466796875,900.133056640625,898.4033203125,902.9320068359375,899.8939819335938
M6_YLUR_SHUR,6,LUR,HUR,2025-02-24,2025-02-26,3,TSE,914.595703125,897.9286499023438,870.2636108398438,937.733154296875,901.122802734375
M6_YLUR_SHUR,6,LUR,HUR,2025-02-24,2025-02-26,3,TSEC,61.01927185058594,59.946319580078125,60.6314697265625,60.06248474121094,59.99404525756836
M6_YLUR_SHUR,6,LUR,HUR,2025-02-25,2025-02-25,1,Yd,878.8945922851562,900.1415405273438,898.9371337890625,903.2449340820312,899.975830078125
M6_YLUR_SHUR,6,LUR,HUR,2025-02-25,2025-02-25,1,TSE,901.734375,897.85302734375,890.513671875,933.1795654296875,900.526611328125
M6_YLUR_SHUR,6,LUR,HUR,2025-02-25,2025-02-25,1,TSEC,62.486778259277344,59.94834518432617,59.51436233520508,59.30565643310547,59.99169921875
M6_YLUR_SHUR,6,LUR,HUR,2025-02-25,2025-02-26,2,Yd,909.4803466796875,900.1415405273438,897.5880737304688,902.5997314453125,899.8023681640625
M6_YLUR_SHUR,6,LUR,HUR,2025-02-25,2025-02-26,2,TSE,914.595703125,897.85302734375,875.9370727539062,922.7301025390625,900.1117553710938
M6_YLUR_SHUR,6,LUR,HUR,2025-02-25,2025-02-26,2,TSEC,61.01927185058594,59.94834518432617,60.57448196411133,59.358097076416016,59.962242126464844
M6_YLUR_SHUR,6,LUR,HUR,2025-02-25,2025-02-27,3,Yd,913.4503784179688,900.1415405273438,898.5863647460938,902.055419921875,899.4583740234375
M6_YLUR_SHUR,6,LUR,HUR,2025-02-25,2025-02-27,3,TSE,875.2713623046875,897.85302734375,869.7152709960938,913.7060546875,900.1166381835938
M6_YLUR_SHUR,6,LUR,HUR,2025-02-25,2025-02-27,3,TSEC,57.82965850830078,59.94834518432617,60.06224822998047,59.5755615234375,59.90231704711914
M6_YLUR_SHUR,6,LUR,HUR,2025-02-26,2025-02-26,1,Yd,909.4803466796875,900.114501953125,898.1183471679688,901.15283203125,899.9247436523438
M6_YLUR_SHUR,6,LUR,HUR,2025-02-26,2025-02-26,1,TSE,914.595703125,897.8580322265625,881.3461303710938,926.5128784179688,897.6632080078125
M6_YLUR_SHUR,6,LUR,HUR,2025-02-26,2025-02-26,1,TSEC,61.01927185058594,59.95157241821289,59.30069351196289,59.81966018676758,59.94431686401367
M6_YLUR_SHUR,6,LUR,HUR,2025-02-26,2025-02-27,2,Yd,913.4503784179688,900.114501953125,899.4661865234375,900.229248046875,899.58154296875
M6_YLUR_SHUR,6,LUR,HUR,2025-02-26,2025-02-27,2,TSE,875.2713623046875,897.8580322265625,876.0665283203125,929.6759643554688,897.4017944335938
M6_YLUR_SHUR,6,LUR,HUR,2025-02-26,2025-02-27,2,TSEC,57.82965850830078,59.95157241821289,60.64319610595703,59.56228256225586,59.83045196533203
M6_YLUR_SHUR,6,LUR,HUR,2025-02-26,2025-02-28,3,Yd,913.130859375,900.114501953125,901.0686645507812,899.2625122070312,899.0487670898438
M6_YLUR_SHUR,6,LUR,HUR,2025-02-26,2025-02-28,3,TSE,981.4646606445312,897.8580322265625,878.757568359375,908.825927734375,898.274169921875
M6_YLUR_SHUR,6,LUR,HUR,2025-02-26,2025-02-28,3,TSEC,62.58758544921875,59.95157241821289,60.17229080200195,60.35749053955078,59.80710983276367
M6_YLUR_SHUR,6,LUR,HUR,2025-02-27,2025-02-27,1,Yd,913.4503784179688,900.1264038085938,898.4520263671875,899.6275634765625,899.679931640625
M6_YLUR_SHUR,6,LUR,HUR,2025-02-27,2025-02-27,1,TSE,875.2713623046875,897.8792724609375,875.2110595703125,909.6253051757812,899.5302734375
M6_YLUR_SHUR,6,LUR,HUR,2025-02-27,2025-02-27,1,TSEC,57.82965850830078,59.95292663574219,60.0126838684082,59.987464904785156,59.87963104248047
M6_YLUR_SHUR,6,LUR,HUR,2025-02-27,2025-02-28,2,Yd,913.130859375,900.1264038085938,902.9749145507812,899.528564453125,899.2360229492188
M6_YLUR_SHUR,6,LUR,HUR,2025-02-27,2025-02-28,2,TSE,981.4646606445312,897.8792724609375,876.8909301757812,898.26513671875,900.7014770507812
M6_YLUR_SHUR,6,LUR,HUR,2025-02-27,2025-02-28,2,TSEC,62.58758544921875,59.95292663574219,60.133121490478516,59.989444732666016,59.799720764160156
M6_YLUR_SHUR,6,LUR,HUR,2025-02-27,2025-03-01,3,Yd,916.53515625,900.1264038085938,901.3787231445312,899.4190673828125,899.007080078125
M6_YLUR_SHUR,6,LUR,HUR,2025-02-27,2025-03-01,3,TSE,919.0673828125,897.8792724609375,887.591552734375,895.4876708984375,902.4556274414062
M6_YLUR_SHUR,6,LUR,HUR,2025-02-27,2025-03-01,3,TSEC,59.63425827026367,59.95292663574219,59.89976501464844,60.30337905883789,59.77707290649414
M6_YLUR_SHUR,6,LUR,HUR,2025-02-28,2025-02-28,1,Yd,913.130859375,900.143310546875,902.87646484375,898.800537109375,899.677490234375
M6_YLUR_SHUR,6,LUR,HUR,2025-02-28,2025-02-28,1,TSE,981.4646606445312,897.8505859375,874.853271484375,913.9680786132812,901.3124389648438
M6_YLUR_SHUR,6,LUR,HUR,2025-02-28,2025-02-28,1,TSEC,62.58758544921875,59.950233459472656,60.22337341308594,60.24631118774414,59.85167694091797
M6_YLUR_SHUR,6,LUR,HUR,2025-02-28,2025-03-01,2,Yd,916.53515625,900.143310546875,901.8214111328125,897.918212890625,899.4282836914062
M6_YLUR_SHUR,6,LUR,HUR,2025-02-28,2025-03-01,2,TSE,919.0673828125,897.8505859375,888.3486328125,903.2467651367188,903.324951171875
M6_YLUR_SHUR,6,LUR,HUR,2025-02-28,2025-03-01,2,TSEC,59.63425827026367,59.950233459472656,59.82357406616211,59.37382507324219,59.761383056640625
M6_YLUR_SHUR,6,LUR,HUR,2025-02-28,2025-03-02,3,Yd,915.0901489257812,900.143310546875,902.93310546875,898.5347290039062,899.4113159179688
M6_YLUR_SHUR,6,LUR,HUR,2025-02-28,2025-03-02,3,TSE,944.7998657226562,897.8505859375,897.1010131835938,904.6674194335938,905.2678833007812
M6_YLUR_SHUR,6,LUR,HUR,2025-02-28,2025-03-02,3,TSEC,61.27552795410156,59.950233459472656,60.095458984375,59.83430862426758,59.76530075073242
M6_YLUR_SHUR,6,LUR,HUR,2025-03-01,2025-03-01,1,Yd,916.53515625,900.1597290039062,900.0543212890625,899.1099243164062,899.7135009765625
M6_YLUR_SHUR,6,LUR,HUR,2025-03-01,2025-03-01,1,TSE,919.0673828125,897.9564819335938,876.1708984375,905.6239013671875,901.4947509765625
M6_YLUR_SHUR,6,LUR,HUR,2025-03-01,2025-03-01,1,TSEC,59.63425827026367,59.95357131958008,59.87186813354492,60.053382873535156,59.87716293334961
M6_YLUR_SHUR,6,LUR,HUR,2025-03-01,2025-03-02,2,Yd,915.0901489257812,900.1597290039062,904.3053588867188,899.2642822265625,899.6155395507812
M6_YLUR_SHUR,6,LUR,HUR,2025-03-01,2025-03-02,2,TSE,944.7998657226562,897.9564819335938,880.172119140625,905.7575073242188,903.2647705078125
M6_YLUR_SHUR,6,LUR,HUR,2025-03-01,2025-03-02,2,TSEC,61.27552795410156,59.95357131958008,60.1657829284668,60.06055450439453,59.805824279785156
M6_YLUR_SHUR,6,LUR,HUR,2025-03-01,2025-03-03,3,Yd,891.8990478515625,900.1597290039062,899.7222900390625,899.8052368164062,899.7473754882812
M6_YLUR_SHUR,6,LUR,HUR,2025-03-01,2025-03-03,3,TSE,802.6190185546875,897.9564819335938,887.3599853515625,900.4705200195312,904.0897216796875
M6_YLUR_SHUR,6,LUR,HUR,2025-03-01,2025-03-03,3,TSEC,38.86661148071289,59.95357131958008,59.5227165222168,59.813621520996094,59.811336517333984
M6_YLUR_SHUR,6,LUR,HUR,2025-03-02,2025-03-02,1,Yd,915.0901489257812,900.1804809570312,899.55224609375,899.497802734375,899.7780151367188
M6_YLUR_SHUR,6,LUR,HUR,2025-03-02,2025-03-02,1,TSE,944.7998657226562,897.9830932617188,892.4970092773438,899.2413940429688,901.0189819335938
M6_YLUR_SHUR,6,LUR,HUR,2025-03-02,2025-03-02,1,TSEC,61.27552795410156,59.95317077636719,60.166011810302734,59.848777770996094,59.930240631103516
M6_YLUR_SHUR,6,LUR,HUR,2025-03-02,2025-03-03,2,Yd,891.8990478515625,900.1804809570312,900.6705932617188,899.8578491210938,899.7813110351562
M6_YLUR_SHUR,6,LUR,HUR,2025-03-02,2025-03-03,2,TSE,802.6190185546875,897.9830932617188,883.3818359375,901.1151123046875,902.6907958984375
M6_YLUR_SHUR,6,LUR,HUR,2025-03-02,2025-03-03,2,TSEC,38.86661148071289,59.95317077636719,59.530277252197266,60.01289367675781,59.870765686035156
M6_YLUR_SHUR,6,LUR,HUR,2025-03-02,2025-03-04,3,Yd,908.0853881835938,900.1804809570312,901.149658203125,900.089111328125,899.7861328125
M6_YLUR_SHUR,6,LUR,HUR,2025-03-02,2025-03-04,3,TSE,870.7960205078125,897.9830932617188,887.7886962890625,902.63623046875,903.9240112304688
M6_YLUR_SHUR,6,LUR,HUR,2025-03-02,2025-03-04,3,TSEC,51.10201644897461,59.95317077636719,59.96565246582031,59.87147521972656,59.88507843017578
M6_YLUR_SHUR,6,LUR,HUR,2025-03-03,2025-03-03,1,Yd,891.8990478515625,900.1992797851562,900.4532470703125,900.2354736328125,899.8469848632812
M6_YLUR_SHUR,6,LUR,HUR,2025-03-03,2025-03-03,1,TSE,802.6190185546875,898.0422973632812,884.8330688476562,908.0585327148438,901.0350952148438
M6_YLUR_SHUR,6,LUR,HUR,2025-03-03,2025-03-03,1,TSEC,38.86661148071289,59.95484161376953,60.18108367919922,59.61012649536133,59.96463394165039
M6_YLUR_SHUR,6,LUR,HUR,2025-03-03,2025-03-04,2,Yd,908.0853881835938,900.1992797851562,901.1337280273438,899.416259765625,899.7192993164062
M6_YLUR_SHUR,6,LUR,HUR,2025-03-03,2025-03-04,2,TSE,870.7960205078125,898.0422973632812,885.3265380859375,909.6112670898438,902.344482421875
M6_YLUR_SHUR,6,LUR,HUR,2025-03-03,2025-03-04,2,TSEC,51.10201644897461,59.95484161376953,60.190425872802734,59.92497634887695,59.93384552001953
M6_YLUR_SHUR,6,LUR,HUR,2025-03-03,2025-03-05,3,Yd,903.0282592773438,900.1992797851562,900.6776733398438,898.628173828125,899.64111328125
M6_YLUR_SHUR,6,LUR,HUR,2025-03-03,2025-03-05,3,TSE,949.8056640625,898.0422973632812,878.4119262695312,904.9749145507812,903.689697265625
M6_YLUR_SHUR,6,LUR,HUR,2025-03-03,2025-03-05,3,TSEC,61.419254302978516,59.95484161376953,60.06950759887695,59.67283248901367,59.967796325683594
M6_YLUR_SHUR,6,LUR,HUR,2025-03-04,2025-03-04,1,Yd,908.0853881835938,900.1887817382812,901.2782592773438,896.7545166015625,900.0706787109375
M6_YLUR_SHUR,6,LUR,HUR,2025-03-04,2025-03-04,1,TSE,870.7960205078125,897.9219970703125,888.4752807617188,881.9303588867188,902.14404296875
M6_YLUR_SHUR,6,LUR,HUR,2025-03-04,2025-03-04,1,TSEC,51.10201644897461,59.92824935913086,60.54984664916992,59.442298889160156,59.873870849609375
M6_YLUR_SHUR,6,LUR,HUR,2025-03-04,2025-03-05,2,Yd,903.0282592773438,900.1887817382812,900.6643676757812,897.9907836914062,900.1543579101562
M6_YLUR_SHUR,6,LUR,HUR,2025-03-04,2025-03-05,2,TSE,949.8056640625,897.9219970703125,884.83203125,874.6429443359375,903.1515502929688
M6_YLUR_SHUR,6,LUR,HUR,2025-03-04,2025-03-05,2,TSEC,61.419254302978516,59.92824935913086,59.14035415649414,58.9967155456543,59.65717697143555
M6_YLUR_SHUR,6,LUR,HUR,2025-03-04,2025-03-06,3,Yd,890.4857177734375,900.1887817382812,901.1284790039062,898.1763916015625,900.1137084960938
M6_YLUR_SHUR,6,LUR,HUR,2025-03-04,2025-03-06,3,TSE,950.1516723632812,897.9219970703125,884.2080688476562,877.1409301757812,902.7954711914062
M6_YLUR_SHUR,6,LUR,HUR,2025-03-04,2025-03-06,3,TSEC,53.93204116821289,59.92824935913086,60.81818771362305,60.049625396728516,59.57282638549805
M6_YLUR_SHUR,6,LUR,HUR,2025-03-05,2025-03-05,1,Yd,903.0282592773438,900.1986694335938,900.5841064453125,898.67041015625,900.2116088867188
M6_YLUR_SHUR,6,LUR,HUR,2025-03-05,2025-03-05,1,TSE,949.8056640625,897.8877563476562,871.2333374023438,909.5491943359375,901.1449584960938
M6_YLUR_SHUR,6,LUR,HUR,2025-03-05,2025-03-05,1,TSEC,61.419254302978516,59.91713333129883,60.57099914550781,60.42238235473633,59.7755126953125
M6_YLUR_SHUR,6,LUR,HUR,2025-03-05,2025-03-06,2,Yd,890.4857177734375,900.1986694335938,901.193115234375,899.5845947265625,900.177978515625
M6_YLUR_SHUR,6,LUR,HUR,2025-03-05,2025-03-06,2,TSE,950.1516723632812,897.8877563476562,864.5458374023438,917.2070922851562,901.6646118164062
M6_YLUR_SHUR,6,LUR,HUR,2025-03-05,2025-03-06,2,TSEC,53.93204116821289,59.91713333129883,60.45522689819336,59.67596435546875,59.56877517700195
M6_YLUR_SHUR,6,LUR,HUR,2025-03-05,2025-03-07,3,Yd,890.0972290039062,900.1986694335938,899.8125,899.5255737304688,899.8733520507812
M6_YLUR_SHUR,6,LUR,HUR,2025-03-05,2025-03-07,3,TSE,936.8820190429688,897.8877563476562,864.0671997070312,910.3084716796875,902.8251342773438
M6_YLUR_SHUR,6,LUR,HUR,2025-03-05,2025-03-07,3,TSEC,55.999080657958984,59.91713333129883,59.348018646240234,59.3969841003418,59.501625061035156
M6_YLUR_SHUR,6,LUR,HUR,2025-03-06,2025-03-06,1,Yd,890.4857177734375,900.2022705078125,898.7846069335938,898.994384765625,899.954833984375
M6_YLUR_SHUR,6,LUR,HUR,2025-03-06,2025-03-06,1,TSE,950.1516723632812,897.9530639648438,875.4845581054688,905.576416015625,900.3871459960938
M6_YLUR_SHUR,6,LUR,HUR,2025-03-06,2025-03-06,1,TSEC,53.93204116821289,59.91902160644531,60.70280838012695,61.450252532958984,59.82203674316406
M6_YLUR_SHUR,6,LUR,HUR,2025-03-06,2025-03-07,2,Yd,890.0972290039062,900.2022705078125,901.6603393554688,898.71630859375,899.6680297851562
M6_YLUR_SHUR,6,LUR,HUR,2025-03-06,2025-03-07,2,TSE,936.8820190429688,897.9530639648438,873.5611572265625,908.1390380859375,901.3816528320312
M6_YLUR_SHUR,6,LUR,HUR,2025-03-06,2025-03-07,2,TSEC,55.999080657958984,59.91902160644531,60.18290710449219,59.75299072265625,59.73538589477539
M6_YLUR_SHUR,6,LUR,HUR,2025-03-06,2025-03-08,3,Yd,904.4931640625,900.2022705078125,901.2084350585938,899.2581176757812,899.2527465820312
M6_YLUR_SHUR,6,LUR,HUR,2025-03-06,2025-03-08,3,TSE,828.1136474609375,897.9530639648438,888.5438842773438,916.5574951171875,902.8883056640625
M6_YLUR_SHUR,6,LUR,HUR,2025-03-06,2025-03-08,3,TSEC,55.682823181152344,59.91902160644531,59.927520751953125,59.469852447509766,59.81623840332031
M6_YLUR_SHUR,6,LUR,HUR,2025-03-07,2025-03-07,1,Yd,890.0972290039062,900.1900634765625,900.6748046875,898.5174560546875,899.7265625
M6_YLUR_SHUR,6,LUR,HUR,2025-03-07,2025-03-07,1,TSE,936.8820190429688,898.0186767578125,875.5708618164062,915.0565185546875,901.0184326171875
M6_YLUR_SHUR,6,LUR,HUR,2025-03-07,2025-03-07,1,TSEC,55.999080657958984,59.9114990234375,59.3745231628418,61.21171569824219,59.895111083984375
M6_YLUR_SHUR,6,LUR,HUR,2025-03-07,2025-03-08,2,Yd,904.4931640625,900.1900634765625,900.5606079101562,897.48046875,899.3768920898438
M6_YLUR_SHUR,6,LUR,HUR,2025-03-07,2025-03-08,2,TSE,828.1136474609375,898.0186767578125,888.1137084960938,895.8987426757812,902.5250854492188
M6_YLUR_SHUR,6,LUR,HUR,2025-03-07,2025-03-08,2,TSEC,55.682823181152344,59.9114990234375,60.15026092529297,60.75284957885742,59.86279296875
M6_YLUR_SHUR,6,LUR,HUR,2025-03-07,2025-03-09,3,Yd,898.072998046875,900.1900634765625,900.837646484375,898.0818481445312,899.2724609375
M6_YLUR_SHUR,6,LUR,HUR,2025-03-07,2025-03-09,3,TSE,759.8409423828125,898.0186767578125,893.5579833984375,896.0450439453125,903.7728881835938
M6_YLUR_SHUR,6,LUR,HUR,2025-03-07,2025-03-09,3,TSEC,61.35041427612305,59.9114990234375,59.43109130859375,61.01156234741211,59.87873840332031
M6_YLUR_SHUR,6,LUR,HUR,2025-03-08,2025-03-08,1,Yd,904.4931640625,900.1773681640625,900.9234008789062,896.663818359375,899.7096557617188
M6_YLUR_SHUR,6,LUR,HUR,2025-03-08,2025-03-08,1,TSE,828.1136474609375,898.0674438476562,875.29345703125,897.8790283203125,901.7281494140625
M6_YLUR_SHUR,6,LUR,HUR,2025-03-08,2025-03-08,1,TSEC,55.682823181152344,59.906593322753906,60.184871673583984,61.124549865722656,59.91640090942383
M6_YLUR_SHUR,6,LUR,HUR,2025-03-08,2025-03-09,2,Yd,898.072998046875,900.1773681640625,899.4598999023438,899.0768432617188,899.5853271484375
M6_YLUR_SHUR,6,LUR,HUR,2025-03-08,2025-03-09,2,TSE,759.8409423828125,898.0674438476562,882.2470703125,905.8829345703125,903.549072265625
M6_YLUR_SHUR,6,LUR,HUR,2025-03-08,2025-03-09,2,TSEC,61.35041427612305,59.906593322753906,59.3798828125,59.839847564697266,59.874351501464844
M6_YLUR_SHUR,6,LUR,HUR,2025-03-08,2025-03-10,3,Yd,890.40869140625,900.1773681640625,901.2260131835938,899.890869140625,899.6862182617188
M6_YLUR_SHUR,6,LUR,HUR,2025-03-08,2025-03-10,3,TSE,897.5466918945312,898.0674438476562,886.2420654296875,912.5518188476562,904.7361450195312
M6_YLUR_SHUR,6,LUR,HUR,2025-03-08,2025-03-10,3,TSEC,66.56179809570312,59.906593322753906,60.29876708984375,60.02821731567383,59.865726470947266
M6_YLUR_SHUR,6,LUR,HUR,2025-03-09,2025-03-09,1,Yd,898.072998046875,900.1828002929688,900.09375,899.5699462890625,899.78662109375
M6_YLUR_SHUR,6,LUR,HUR,2025-03-09,2025-03-09,1,TSE,759.8409423828125,897.9797973632812,890.0617065429688,922.4794311523438,902.601318359375
M6_YLUR_SHUR,6,LUR,HUR,2025-03-09,2025-03-09,1,TSEC,61.35041427612305,59.90129470825195,59.44232177734375,60.17733383178711,59.94123077392578
M6_YLUR_SHUR,6,LUR,HUR,2025-03-09,2025-03-10,2,Yd,890.40869140625,900.1828002929688,901.521484375,900.3072509765625,899.7855224609375
M6_YLUR_SHUR,6,LUR,HUR,2025-03-09,2025-03-10,2,TSE,897.5466918945312,897.9797973632812,888.7485961914062,909.1102905273438,905.4153442382812
M6_YLUR_SHUR,6,LUR,HUR,2025-03-09,2025-03-10,2,TSEC,66.56179809570312,59.90129470825195,60.12468719482422,59.81629180908203,59.883811950683594
M6_YLUR_SHUR,6,LUR,HUR,2025-03-09,2025-03-11,3,Yd,904.8916015625,900.1828002929688,900.066650390625,900.515869140625,899.9278564453125
M6_YLUR_SHUR,6,LUR,HUR,2025-03-09,2025-03-11,3,TSE,1026.8291015625,897.9797973632812,887.0548706054688,906.96728515625,907.91259765625
M6_YLUR_SHUR,6,LUR,HUR,2025-03-09,2025-03-11,3,TSEC,55.97637939453125,59.90129470825195,59.43885040283203,59.91066360473633,59.849491119384766
M6_YLUR_SHUR,6,LUR,HUR,2025-03-10,2025-03-10,1,Yd,890.40869140625,900.18017578125,901.1259155273438,900.9277954101562,899.9758911132812
M6_YLUR_SHUR,6,LUR,HUR,2025-03-10,2025-03-10,1,TSE,897.5466918945312,897.8067626953125,885.171875,945.7669677734375,902.7818603515625
M6_YLUR_SHUR,6,LUR,HUR,2025-03-10,2025-03-10,1,TSEC,66.56179809570312,59.90311050415039,59.99694061279297,60.2100715637207,59.93253707885742
M6_YLUR_SHUR,6,LUR,HUR,2025-03-10,2025-03-11,2,Yd,904.8916015625,900.18017578125,900.790283203125,900.9664916992188,900.1094360351562
M6_YLUR_SHUR,6,LUR,HUR,2025-03-10,2025-03-11,2,TSE,1026.8291015625,897.8067626953125,890.893310546875,936.9384155273438,904.8145751953125
M6_YLUR_SHUR,6,LUR,HUR,2025-03-10,2025-03-11,2,TSEC,55.97637939453125,59.90311050415039,60.186256408691406,59.91938400268555,59.85781478881836
M6_YLUR_SHUR,6,LUR,HUR,2025-03-10,2025-03-12,3,Yd,902.1243896484375,900.18017578125,901.3587646484375,900.8616943359375,900.0606689453125
M6_YLUR_SHUR,6,LUR,HUR,2025-03-10,2025-03-12,3,TSE,831.1600341796875,897.8067626953125,886.1517333984375,925.1593017578125,905.2196044921875
M6_YLUR_SHUR,6,LUR,HUR,2025-03-10,2025-03-12,3,TSEC,52.662452697753906,59.90311050415039,59.44137191772461,59.86201095581055,59.74113082885742
M6_YLUR_SHUR,6,LUR,HUR,2025-03-11,2025-03-11,1,Yd,904.8916015625,900.16796875,901.498291015625,902.1807861328125,900.0110473632812
M6_YLUR_SHUR,6,LUR,HUR,2025-03-11,2025-03-11,1,TSE,1026.8291015625,897.8064575195312,891.8065185546875,905.9180908203125,900.1927490234375
M6_YLUR_SHUR,6,LUR,HUR,2025-03-11,2025-03-11,1,TSEC,55.97637939453125,59.911434173583984,59.76304626464844,59.879310607910156,59.96128463745117
M6_YLUR_SHUR,6,LUR,HUR,2025-03-11,2025-03-12,2,Yd,902.1243896484375,900.16796875,898.802001953125,901.9957275390625,899.8861694335938
M6_YLUR_SHUR,6,LUR,HUR,2025-03-11,2025-03-12,2,TSE,831.1600341796875,897.8064575195312,870.9776611328125,936.33251953125,899.978271484375
M6_YLUR_SHUR,6,LUR,HUR,2025-03-11,2025-03-12,2,TSEC,52.662452697753906,59.911434173583984,59.91047668457031,59.13405990600586,59.8715705871582
M6_YLUR_SHUR,6,LUR,HUR,2025-03-11,2025-03-13,3,Yd,901.5048217773438,900.16796875,900.5371704101562,900.48681640625,899.6702880859375
M6_YLUR_SHUR,6,LUR,HUR,2025-03-11,2025-03-13,3,TSE,980.2452392578125,897.8064575195312,871.5448608398438,911.6489868164062,899.5706176757812
M6_YLUR_SHUR,6,LUR,HUR,2025-03-11,2025-03-13,3,TSEC,59.45307159423828,59.911434173583984,59.768917083740234,59.891571044921875,59.818115234375
M6_YLUR_SHUR,6,LUR,HUR,2025-03-12,2025-03-12,1,Yd,902.1243896484375,900.173828125,900.1734008789062,898.5986328125,899.9784545898438
M6_YLUR_SHUR,6,LUR,HUR,2025-03-12,2025-03-12,1,TSE,831.1600341796875,897.967529296875,870.3602294921875,912.6278686523438,898.7877807617188
M6_YLUR_SHUR,6,LUR,HUR,2025-03-12,2025-03-12,1,TSEC,52.662452697753906,59.906524658203125,59.592857360839844,59.73044967651367,59.89594268798828
M6_YLUR_SHUR,6,LUR,HUR,2025-03-12,2025-03-13,2,Yd,901.5048217773438,900.173828125,900.0235595703125,897.7152099609375,899.7035522460938
M6_YLUR_SHUR,6,LUR,HUR,2025-03-12,2025-03-13,2,TSE,980.2452392578125,897.967529296875,862.7156982421875,907.0153198242188,898.8580322265625
M6_YLUR_SHUR,6,LUR,HUR,2025-03-12,2025-03-13,2,TSEC,59.45307159423828,59.906524658203125,60.463687896728516,60.51710510253906,59.80406951904297
M6_YLUR_SHUR,6,LUR,HUR,2025-03-12,2025-03-14,3,Yd,899.4752807617188,900.173828125,901.968994140625,898.0294189453125,899.307861328125
M6_YLUR_SHUR,6,LUR,HUR,2025-03-12,2025-03-14,3,TSE,846.7952880859375,897.967529296875,863.6812133789062,896.6248168945312,899.5474243164062
M6_YLUR_SHUR,6,LUR,HUR,2025-03-12,2025-03-14,3,TSEC,52.31085968017578,59.906524658203125,60.36210250854492,60.86055374145508,59.79379653930664
M6_YLUR_SHUR,6,LUR,HUR,2025-03-13,2025-03-13,1,Yd,901.5048217773438,900.17626953125,900.80126953125,897.7705688476562,899.8925170898438
M6_YLUR_SHUR,6,LUR,HUR,2025-03-13,2025-03-13,1,TSE,980.2452392578125,897.8842163085938,876.9989013671875,907.838134765625,899.9814453125
M6_YLUR_SHUR,6,LUR,HUR,2025-03-13,2025-03-13,1,TSEC,59.45307159423828,59.89748764038086,59.99279022216797,59.55657196044922,59.817142486572266
M6_YLUR_SHUR,6,LUR,HUR,2025-03-13,2025-03-14,2,Yd,899.4752807617188,900.17626953125,900.420654296875,897.3223876953125,899.5440673828125
M6_YLUR_SHUR,6,LUR,HUR,2025-03-13,2025-03-14,2,TSE,846.7952880859375,897.8842163085938,884.1907958984375,914.6956787109375,900.9088745117188
M6_YLUR_SHUR,6,LUR,HUR,2025-03-13,2025-03-14,2,TSEC,52.31085968017578,59.89748764038086,59.80927658081055,59.792720794677734,59.70551300048828
M6_YLUR_SHUR,6,LUR,HUR,2025-03-13,2025-03-15,3,Yd,884.8025512695312,900.17626953125,900.603271484375,895.8970947265625,899.2374877929688
M6_YLUR_SHUR,6,LUR,HUR,2025-03-13,2025-03-15,3,TSE,829.6934204101562,897.8842163085938,889.0449829101562,897.0960083007812,902.51904296875
M6_YLUR_SHUR,6,LUR,HUR,2025-03-13,2025-03-15,3,TSEC,43.91301727294922,59.89748764038086,59.77769088745117,59.91618347167969,59.76288986206055
M6_YLUR_SHUR,6,LUR,HUR,2025-03-14,2025-03-14,1,Yd,899.4752807617188,900.1779174804688,901.365478515625,898.2697143554688,899.666259765625
M6_YLUR_SHUR,6,LUR,HUR,2025-03-14,2025-03-14,1,TSE,846.7952880859375,897.9867553710938,871.0830688476562,897.8341064453125,900.5387573242188
M6_YLUR_SHUR,6,LUR,HUR,2025-03-14,2025-03-14,1,TSEC,52.31085968017578,59.896934509277344,60.29317092895508,60.61586380004883,59.89691925048828
M6_YLUR_SHUR,6,LUR,HUR,2025-03-14,2025-03-15,2,Yd,884.8025512695312,900.1779174804688,898.8082885742188,900.0752563476562,899.416748046875
M6_YLUR_SHUR,6,LUR,HUR,2025-03-14,2025-03-15,2,TSE,829.6934204101562,897.9867553710938,895.4701538085938,902.0547485351562,901.9119262695312
M6_YLUR_SHUR,6,LUR,HUR,2025-03-14,2025-03-15,2,TSEC,43.91301727294922,59.896934509277344,59.765132904052734,59.86809158325195,59.84226608276367
M6_YLUR_SHUR,6,LUR,HUR,2025-03-14,2025-03-16,3,Yd,889.8458862304688,900.1779174804688,901.018310546875,899.769775390625,899.3869018554688
M6_YLUR_SHUR,6,LUR,HUR,2025-03-14,2025-03-16,3,TSE,1008.625244140625,897.9867553710938,913.008056640625,900.3611450195312,903.0795288085938
M6_YLUR_SHUR,6,LUR,HUR,2025-03-14,2025-03-16,3,TSEC,60.648563385009766,59.896934509277344,60.176307678222656,59.84613037109375,59.849708557128906
M6_YLUR_SHUR,6,LUR,HUR,2025-03-15,2025-03-15,1,Yd,884.8025512695312,900.1770629882812,901.108154296875,898.0801391601562,899.7177124023438
M6_YLUR_SHUR,6,LUR,HUR,2025-03-15,2025-03-15,1,TSE,829.6934204101562,897.923095703125,887.1961669921875,908.6666870117188,902.0745239257812
M6_YLUR_SHUR,6,LUR,HUR,2025-03-15,2025-03-15,1,TSEC,43.91301727294922,59.88750076293945,59.759254455566406,60.19982147216797,59.923160552978516
M6_YLUR_SHUR,6,LUR,HUR,2025-03-15,2025-03-16,2,Yd,889.8458862304688,900.1770629882812,900.8887939453125,899.2872924804688,899.6014404296875
M6_YLUR_SHUR,6,LUR,HUR,2025-03-15,2025-03-16,2,TSE,1008.625244140625,897.923095703125,903.1309204101562,900.5403442382812,904.0807495117188
M6_YLUR_SHUR,6,LUR,HUR,2025-03-15,2025-03-16,2,TSEC,60.648563385009766,59.88750076293945,59.82240676879883,60.01823806762695,59.89270782470703
M6_YLUR_SHUR,6,LUR,HUR,2025-03-15,2025-03-17,3,Yd,907.656005859375,900.1770629882812,901.0096435546875,898.17578125,899.690673828125
M6_YLUR_SHUR,6,LUR,HUR,2025-03-15,2025-03-17,3,TSE,1132.59130859375,897.923095703125,884.174072265625,885.686767578125,905.6617431640625
M6_YLUR_SHUR,6,LUR,HUR,2025-03-15,2025-03-17,3,TSEC,55.35161209106445,59.88750076293945,60.139549255371094,60.80672073364258,59.88393020629883
M6_YLUR_SHUR,6,LUR,HUR,2025-03-16,2025-03-16,1,Yd,889.8458862304688,900.1578979492188,900.563720703125,900.2901611328125,899.7957763671875
M6_YLUR_SHUR,6,LUR,HUR,2025-03-16,2025-03-16,1,TSE,1008.625244140625,897.83837890625,891.2122192382812,927.2487182617188,902.4360961914062
M6_YLUR_SHUR,6,LUR,HUR,2025-03-16,2025-03-16,1,TSEC,60.648563385009766,59.867652893066406,59.80886459350586,59.74402618408203,59.92051696777344
M6_YLUR_SHUR,6,LUR,HUR,2025-03-16,2025-03-17,2,Yd,907.656005859375,900.1578979492188,900.60498046875,899.240478515625,899.7906494140625
M6_YLUR_SHUR,6,LUR,HUR,2025-03-16,2025-03-17,2,TSE,1132.59130859375,897.83837890625,894.6348266601562,908.3094482421875,905.2213134765625
M6_YLUR_SHUR,6,LUR,HUR,2025-03-16,2025-03-17,2,TSEC,55.35161209106445,59.867652893066406,59.227535247802734,59.67641830444336,59.84085464477539
M6_YLUR_SHUR,6,LUR,HUR,2025-03-16,2025-03-18,3,Yd,904.7100219726562,900.1578979492188,900.075927734375,899.1438598632812,899.96728515625
M6_YLUR_SHUR,6,LUR,HUR,2025-03-16,2025-03-18,3,TSE,1067.5255126953125,897.83837890625,874.2760009765625,901.015380859375,907.61328125
M6_YLUR_SHUR,6,LUR,HUR,2025-03-16,2025-03-18,3,TSEC,54.526405334472656,59.867652893066406,59.86349868774414,59.70511245727539,59.68589782714844
M6_YLUR_SHUR,6,LUR,HUR,2025-03-17,2025-03-17,1,Yd,907.656005859375,900.1451416015625,901.0286254882812,898.4088134765625,900.0712280273438
M6_YLUR_SHUR,6,LUR,HUR,2025-03-17,2025-03-17,1,TSE,1132.59130859375,897.975830078125,890.358154296875,902.1124877929688,901.1829833984375
M6_YLUR_SHUR,6,LUR,HUR,2025-03-17,2025-03-17,1,TSEC,55.35161209106445,59.868621826171875,59.45716094970703,60.1687126159668,59.970394134521484
M6_YLUR_SHUR,6,LUR,HUR,2025-03-17,2025-03-18,2,Yd,904.7100219726562,900.1451416015625,901.7973022460938,901.1246948242188,900.2455444335938
M6_YLUR_SHUR,6,LUR,HUR,2025-03-17,2025-03-18,2,TSE,1067.5255126953125,897.975830078125,877.4392700195312,925.5068969726562,902.5586547851562
M6_YLUR_SHUR,6,LUR,HUR,2025-03-17,2025-03-18,2,TSEC,54.526405334472656,59.868621826171875,59.81772232055664,59.2252311706543,59.87795639038086
M6_YLUR_SHUR,6,LUR,HUR,2025-03-17,2025-03-19,3,Yd,912.8132934570312,900.1451416015625,901.3195190429688,901.5784301757812,900.349853515625
M6_YLUR_SHUR,6,LUR,HUR,2025-03-17,2025-03-19,3,TSE,960.0811157226562,897.975830078125,887.3779907226562,939.4927368164062,902.5789184570312
M6_YLUR_SHUR,6,LUR,HUR,2025-03-17,2025-03-19,3,TSEC,64.15377044677734,59.868621826171875,59.387691497802734,59.08372116088867,59.70967483520508
M6_YLUR_SHUR,6,LUR,HUR,2025-03-18,2025-03-18,1,Yd,904.7100219726562,900.1544189453125,901.4471435546875,899.0160522460938,900.0870971679688
M6_YLUR_SHUR,6,LUR,HUR,2025-03-18,2025-03-18,1,TSE,1067.5255126953125,898.2666015625,879.5513916015625,906.6455078125,899.9257202148438
M6_YLUR_SHUR,6,LUR,HUR,2025-03-18,2025-03-18,1,TSEC,54.526405334472656,59.8630256652832,59.89717483520508,60.50041961669922,59.9590950012207
M6_YLUR_SHUR,6,LUR,HUR,2025-03-18,2025-03-19,2,Yd,912.8132934570312,900.1544189453125,901.1254272460938,898.0808715820312,900.1663208007812
M6_YLUR_SHUR,6,LUR,HUR,2025-03-18,2025-03-19,2,TSE,960.0811157226562,898.2666015625,891.7335815429688,892.90478515625,899.5060424804688
M6_YLUR_SHUR,6,LUR,HUR,2025-03-18,2025-03-19,2,TSEC,64.15377044677734,59.8630256652832,59.85252380371094,61.10518264770508,59.77058029174805
M6_YLUR_SHUR,6,LUR,HUR,2025-03-18,2025-03-20,3,Yd,917.5437622070312,900.1544189453125,901.078125,897.8873291015625,900.0526123046875
M6_YLUR_SHUR,6,LUR,HUR,2025-03-18,2025-03-20,3,TSE,916.0330200195312,898.2666015625,881.29736328125,886.1348876953125,899.093017578125
M6_YLUR_SHUR,6,LUR,HUR,2025-03-18,2025-03-20,3,TSEC,67.13619995117188,59.8630256652832,60.7642936706543,60.78354263305664,59.72941589355469
M6_YLUR_SHUR,6,LUR,HUR,2025-03-19,2025-03-19,1,Yd,912.8132934570312,900.1600952148438,896.5503540039062,900.17626953125,900.0995483398438
M6_YLUR_SHUR,6,LUR,HUR,2025-03-19,2025-03-19,1,TSE,960.0811157226562,898.4760131835938,880.6990356445312,910.5211181640625,897.834228515625
M6_YLUR_SHUR,6,LUR,HUR,2025-03-19,2025-03-19,1,TSEC,64.15377044677734,59.856422424316406,59.95848083496094,60.04473114013672,59.86415481567383
M6_YLUR_SHUR,6,LUR,HUR,2025-03-19,2025-03-20,2,Yd,917.5437622070312,900.1600952148438,897.299560546875,897.3054809570312,899.9639282226562
M6_YLUR_SHUR,6,LUR,HUR,2025-03-19,2025-03-20,2,TSE,916.0330200195312,898.4760131835938,872.4207153320312,890.1602783203125,897.046875
M6_YLUR_SHUR,6,LUR,HUR,2025-03-19,2025-03-20,2,TSEC,67.13619995117188,59.856422424316406,60.14092254638672,61.28520584106445,59.73857116699219
M6_YLUR_SHUR,6,LUR,HUR,2025-03-19,2025-03-21,3,Yd,901.7819213867188,900.1600952148438,905.1400756835938,896.3256225585938,899.6376953125
M6_YLUR_SHUR,6,LUR,HUR,2025-03-19,2025-03-21,3,TSE,918.33740234375,898.4760131835938,876.9920654296875,893.1036376953125,897.1565551757812
M6_YLUR_SHUR,6,LUR,HUR,2025-03-19,2025-03-21,3,TSEC,62.57722091674805,59.856422424316406,59.40724182128906,60.615238189697266,59.796363830566406
M6_YLUR_SHUR,6,LUR,HUR,2025-03-20,2025-03-20,1,Yd,917.5437622070312,900.17578125,901.0045776367188,898.7728881835938,899.6991577148438
M6_YLUR_SHUR,6,LUR,HUR,2025-03-20,2025-03-20,1,TSE,916.0330200195312,898.5521240234375,874.7843017578125,902.0086059570312,897.966552734375
M6_YLUR_SHUR,6,LUR,HUR,2025-03-20,2025-03-20,1,TSEC,67.13619995117188,59.861732482910156,60.010860443115234,60.37899398803711,59.88943862915039
M6_YLUR_SHUR,6,LUR,HUR,2025-03-20,2025-03-21,2,Yd,901.7819213867188,900.17578125,900.2619018554688,899.3937377929688,899.3463134765625
M6_YLUR_SHUR,6,LUR,HUR,2025-03-20,2025-03-21,2,TSE,918.33740234375,898.5521240234375,874.152587890625,898.0194091796875,897.154541015625
M6_YLUR_SHUR,6,LUR,HUR,2025-03-20,2025-03-21,2,TSEC,62.57722091674805,59.861732482910156,59.58121109008789,59.792232513427734,59.878395080566406
M6_YLUR_SHUR,6,LUR,HUR,2025-03-20,2025-03-22,3,Yd,910.1436157226562,900.17578125,900.64599609375,899.4404296875,899.0850219726562
M6_YLUR_SHUR,6,LUR,HUR,2025-03-20,2025-03-22,3,TSE,963.4722290039062,898.5521240234375,899.7613525390625,898.4891967773438,896.8972778320312
M6_YLUR_SHUR,6,LUR,HUR,2025-03-20,2025-03-22,3,TSEC,65.1975326538086,59.861732482910156,60.15043258666992,60.423606872558594,59.91682434082031
M6_YLUR_SHUR,6,LUR,HUR,2025-03-21,2025-03-21,1,Yd,901.7819213867188,900.1972045898438,900.4323120117188,899.577392578125,899.53271484375
M6_YLUR_SHUR,6,LUR,HUR,2025-03-21,2025-03-21,1,TSE,918.33740234375,898.5737915039062,879.1268920898438,901.560302734375,897.8804931640625
M6_YLUR_SHUR,6,LUR,HUR,2025-03-21,2025-03-21,1,TSEC,62.57722091674805,59.87071228027344,59.52074432373047,59.85649490356445,59.9042854309082
M6_YLUR_SHUR,6,LUR,HUR,2025-03-21,2025-03-22,2,Yd,910.1436157226562,900.1972045898438,900.2828369140625,899.46875,899.2344360351562
M6_YLUR_SHUR,6,LUR,HUR,2025-03-21,2025-03-22,2,TSE,963.4722290039062,898.5737915039062,894.4605102539062,898.8533935546875,897.904052734375
M6_YLUR_SHUR,6,LUR,HUR,2025-03-21,2025-03-22,2,TSEC,65.1975326538086,59.87071228027344,60.46726608276367,59.84931182861328,59.84250259399414
M6_YLUR_SHUR,6,LUR,HUR,2025-03-21,2025-03-23,3,Yd,912.3322143554688,900.1972045898438,900.3527221679688,899.6962280273438,899.1422729492188
M6_YLUR_SHUR,6,LUR,HUR,2025-03-21,2025-03-23,3,TSE,901.0009155273438,898.5737915039062,896.3364868164062,900.9891967773438,898.0540771484375
M6_YLUR_SHUR,6,LUR,HUR,2025-03-21,2025-03-23,3,TSEC,54.60020446777344,59.87071228027344,59.223026275634766,59.82904052734375,59.818687438964844
M6_YLUR_SHUR,6,LUR,HUR,2025-03-22,2025-03-22,1,Yd,910.1436157226562,900.1991577148438,900.5623168945312,899.0748291015625,899.6323852539062
M6_YLUR_SHUR,6,LUR,HUR,2025-03-22,2025-03-22,1,TSE,963.4722290039062,898.5980834960938,901.15185546875,889.9608764648438,899.2471923828125
M6_YLUR_SHUR,6,LUR,HUR,2025-03-22,2025-03-22,1,TSEC,65.1975326538086,59.87405014038086,60.92203903198242,60.11041259765625,59.906532287597656
M6_YLUR_SHUR,6,LUR,HUR,2025-03-22,2025-03-23,2,Yd,912.3322143554688,900.1991577148438,899.6921997070312,899.5748901367188,899.4608764648438
M6_YLUR_SHUR,6,LUR,HUR,2025-03-22,2025-03-23,2,TSE,901.0009155273438,898.5980834960938,898.62158203125,898.7822265625,899.1182861328125
M6_YLUR_SHUR,6,LUR,HUR,2025-03-22,2025-03-23,2,TSEC,54.60020446777344,59.87405014038086,59.10540771484375,59.95198440551758,59.841522216796875
M6_YLUR_SHUR,6,LUR,HUR,2025-03-22,2025-03-24,3,Yd,895.5760498046875,900.1991577148438,900.941650390625,899.5836181640625,899.44775390625
M6_YLUR_SHUR,6,LUR,HUR,2025-03-22,2025-03-24,3,TSE,938.4375610351562,898.5980834960938,884.6683349609375,897.9625854492188,899.1737670898438
M6_YLUR_SHUR,6,LUR,HUR,2025-03-22,2025-03-24,3,TSEC,56.68063735961914,59.87405014038086,59.9790153503418,59.89567184448242,59.81253433227539
M6_YLUR_SHUR,6,LUR,HUR,2025-03-23,2025-03-23,1,Yd,912.3322143554688,900.2113647460938,902.0416870117188,897.7630615234375,899.7158813476562
M6_YLUR_SHUR,6,LUR,HUR,2025-03-23,2025-03-23,1,TSE,901.0009155273438,898.677978515625,886.3580932617188,888.3981323242188,898.9208984375
M6_YLUR_SHUR,6,LUR,HUR,2025-03-23,2025-03-23,1,TSEC,54.60020446777344,59.88060760498047,59.88319778442383,60.20399856567383,59.90415573120117
M6_YLUR_SHUR,6,LUR,HUR,2025-03-23,2025-03-24,2,Yd,895.5760498046875,900.2113647460938,901.6802368164062,900.0408935546875,899.5853881835938
M6_YLUR_SHUR,6,LUR,HUR,2025-03-23,2025-03-24,2,TSE,938.4375610351562,898.677978515625,890.4935913085938,902.2933959960938,898.81201171875
M6_YLUR_SHUR,6,LUR,HUR,2025-03-23,2025-03-24,2,TSEC,56.68063735961914,59.88060760498047,59.90494918823242,59.6185188293457,59.82740020751953
M6_YLUR_SHUR,6,LUR,HUR,2025-03-23,2025-03-25,3,Yd,908.352783203125,900.2113647460938,900.6612548828125,900.456787109375,899.4732666015625
M6_YLUR_SHUR,6,LUR,HUR,2025-03-23,2025-03-25,3,TSE,831.5256958007812,898.677978515625,895.6016845703125,905.553955078125,898.6035766601562
M6_YLUR_SHUR,6,LUR,HUR,2025-03-23,2025-03-25,3,TSEC,69.98524475097656,59.88060760498047,59.85512924194336,59.731327056884766,59.83579635620117
M6_YLUR_SHUR,6,LUR,HUR,2025-03-24,2025-03-24,1,Yd,895.5760498046875,900.226318359375,900.9457397460938,898.955322265625,899.7435913085938
M6_YLUR_SHUR,6,LUR,HUR,2025-03-24,2025-03-24,1,TSE,938.4375610351562,898.6807861328125,879.8426513671875,899.59765625,899.752197265625
M6_YLUR_SHUR,6,LUR,HUR,2025-03-24,2025-03-24,1,TSEC,56.68063735961914,59.87411117553711,59.9693717956543,59.496524810791016,59.990909576416016
M6_YLUR_SHUR,6,LUR,HUR,2025-03-24,2025-03-25,2,Yd,908.352783203125,900.226318359375,900.3814697265625,899.1389770507812,899.5568237304688
M6_YLUR_SHUR,6,LUR,HUR,2025-03-24,2025-03-25,2,TSE,831.5256958007812,898.6807861328125,870.9562377929688,893.3785400390625,900.399658203125
M6_YLUR_SHUR,6,LUR,HUR,2025-03-24,2025-03-25,2,TSEC,69.98524475097656,59.87411117553711,59.38227462768555,59.45777893066406,59.979339599609375
M6_YLUR_SHUR,6,LUR,HUR,2025-03-24,2025-03-26,3,Yd,919.88427734375,900.226318359375,900.9110107421875,899.020263671875,899.4325561523438
M6_YLUR_SHUR,6,LUR,HUR,2025-03-24,2025-03-26,3,TSE,1005.9168701171875,898.6807861328125,886.662109375,879.396484375,901.1264038085938
M6_YLUR_SHUR,6,LUR,HUR,2025-03-24,2025-03-26,3,TSEC,67.28227233886719,59.87411117553711,60.34382629394531,60.08537673950195,60.010520935058594
M6_YLUR_SHUR,6,LUR,HUR,2025-03-25,2025-03-25,1,Yd,908.352783203125,900.2205810546875,901.2451171875,899.7528686523438,899.8914184570312
M6_YLUR_SHUR,6,LUR,HUR,2025-03-25,2025-03-25,1,TSE,831.5256958007812,898.729736328125,896.8784790039062,906.7005004882812,899.8195190429688
M6_YLUR_SHUR,6,LUR,HUR,2025-03-25,2025-03-25,1,TSEC,69.98524475097656,59.87018966674805,59.435665130615234,60.32098388671875,60.001625061035156
M6_YLUR_SHUR,6,LUR,HUR,2025-03-25,2025-03-26,2,Yd,919.88427734375,900.2205810546875,901.2122802734375,901.472900390625,899.75830078125
M6_YLUR_SHUR,6,LUR,HUR,2025-03-25,2025-03-26,2,TSE,1005.9168701171875,898.729736328125,889.2767333984375,903.66796875,899.5245361328125
M6_YLUR_SHUR,6,LUR,HUR,2025-03-25,2025-03-26,2,TSEC,67.28227233886719,59.87018966674805,60.258182525634766,59.89258575439453,59.95266342163086
M6_YLUR_SHUR,6,LUR,HUR,2025-03-25,2025-03-27,3,Yd,899.9570922851562,900.2205810546875,901.0690307617188,901.4449462890625,899.5081176757812
M6_YLUR_SHUR,6,LUR,HUR,2025-03-25,2025-03-27,3,TSE,944.616943359375,898.729736328125,895.416259765625,889.8927612304688,898.4633178710938
M6_YLUR_SHUR,6,LUR,HUR,2025-03-25,2025-03-27,3,TSEC,64.1739501953125,59.87018966674805,59.68659973144531,60.63949203491211,59.94046401977539
M6_YLUR_SHUR,6,LUR,HUR,2025-03-26,2025-03-26,1,Yd,919.88427734375,900.2305297851562,899.0301513671875,901.1514892578125,899.7221069335938
M6_YLUR_SHUR,6,LUR,HUR,2025-03-26,2025-03-26,1,TSE,1005.9168701171875,898.647216796875,888.8976440429688,912.2413940429688,898.3644409179688
M6_YLUR_SHUR,6,LUR,HUR,2025-03-26,2025-03-26,1,TSEC,67.28227233886719,59.88260269165039,60.22426223754883,59.77510452270508,59.96487808227539
M6_YLUR_SHUR,6,LUR,HUR,2025-03-26,2025-03-27,2,Yd,899.9570922851562,900.2305297851562,899.1622314453125,899.3718872070312,899.3154907226562
M6_YLUR_SHUR,6,LUR,HUR,2025-03-26,2025-03-27,2,TSE,944.616943359375,898.647216796875,879.8811645507812,898.92724609375,897.0769653320312
M6_YLUR_SHUR,6,LUR,HUR,2025-03-26,2025-03-27,2,TSEC,64.1739501953125,59.88260269165039,59.855628967285156,59.196075439453125,59.930458068847656
M6_YLUR_SHUR,6,LUR,HUR,2025-03-26,2025-03-28,3,Yd,894.0393676757812,900.2305297851562,901.755859375,899.870849609375,898.9295654296875
M6_YLUR_SHUR,6,LUR,HUR,2025-03-26,2025-03-28,3,TSE,749.4393310546875,898.647216796875,884.8011474609375,892.4065551757812,896.5781860351562
M6_YLUR_SHUR,6,LUR,HUR,2025-03-26,2025-03-28,3,TSEC,56.09284973144531,59.88260269165039,59.70849609375,60.22785949707031,59.8980598449707
M6_YLUR_SHUR,6,LUR,HUR,2025-03-27,2025-03-27,1,Yd,899.9570922851562,900.2547607421875,900.8463745117188,899.6150512695312,899.5394897460938
M6_YLUR_SHUR,6,LUR,HUR,2025-03-27,2025-03-27,1,TSE,944.616943359375,898.77880859375,884.5342407226562,904.7011108398438,897.1727905273438
M6_YLUR_SHUR,6,LUR,HUR,2025-03-27,2025-03-27,1,TSEC,64.1739501953125,59.89167022705078,59.79558181762695,60.3881950378418,59.94334411621094
M6_YLUR_SHUR,6,LUR,HUR,2025-03-27,2025-03-28,2,Yd,894.0393676757812,900.2547607421875,900.068115234375,897.9964599609375,899.0933837890625
M6_YLUR_SHUR,6,LUR,HUR,2025-03-27,2025-03-28,2,TSE,749.4393310546875,898.77880859375,876.26220703125,891.8386840820312,896.0267944335938
M6_YLUR_SHUR,6,LUR,HUR,2025-03-27,2025-03-28,2,TSEC,56.09284973144531,59.89167022705078,59.8481330871582,59.57205581665039,59.8531608581543
M6_YLUR_SHUR,6,LUR,HUR,2025-03-27,2025-03-29,3,Yd,905.3967895507812,900.2547607421875,900.5358276367188,899.18505859375,898.8435668945312
M6_YLUR_SHUR,6,LUR,HUR,2025-03-27,2025-03-29,3,TSE,1064.2169189453125,898.77880859375,902.1287231445312,898.6351928710938,896.3048095703125
M6_YLUR_SHUR,6,LUR,HUR,2025-03-27,2025-03-29,3,TSEC,61.13459396362305,59.89167022705078,59.99611282348633,60.31784439086914,59.820350646972656
M6_YLUR_SHUR,6,LUR,HUR,2025-03-28,2025-03-28,1,Yd,894.0393676757812,900.2542724609375,901.7825927734375,898.7922973632812,899.5117797851562
M6_YLUR_SHUR,6,LUR,HUR,2025-03-28,2025-03-28,1,TSE,749.4393310546875,898.8348999023438,888.6591796875,898.3930053710938,897.8623657226562
M6_YLUR_SHUR,6,LUR,HUR,2025-03-28,2025-03-28,1,TSEC,56.09284973144531,59.896907806396484,59.90620040893555,60.11607360839844,59.88433074951172
M6_YLUR_SHUR,6,LUR,HUR,2025-03-28,2025-03-29,2,Yd,905.3967895507812,900.2542724609375,901.1177978515625,899.3840942382812,899.1979370117188
M6_YLUR_SHUR,6,LUR,HUR,2025-03-28,2025-03-29,2,TSE,1064.2169189453125,898.8348999023438,888.8187255859375,897.5740966796875,897.6690063476562
M6_YLUR_SHUR,6,LUR,HUR,2025-03-28,2025-03-29,2,TSEC,61.13459396362305,59.896907806396484,60.198944091796875,60.10432052612305,59.80960464477539
M6_YLUR_SHUR,6,LUR,HUR,2025-03-28,2025-03-30,3,Yd,898.6836547851562,900.2542724609375,901.4762573242188,898.9895629882812,899.0848999023438
M6_YLUR_SHUR,6,LUR,HUR,2025-03-28,2025-03-30,3,TSE,998.7256469726562,898.8348999023438,892.642578125,895.490234375,897.0880737304688
M6_YLUR_SHUR,6,LUR,HUR,2025-03-28,2025-03-30,3,TSEC,69.94290924072266,59.896907806396484,59.82578659057617,60.577762603759766,59.75297927856445
M6_YLUR_SHUR,6,LUR,HUR,2025-03-29,2025-03-29,1,Yd,905.3967895507812,900.2467651367188,900.9913940429688,899.2694091796875,899.6278686523438
M6_YLUR_SHUR,6,LUR,HUR,2025-03-29,2025-03-29,1,TSE,1064.2169189453125,898.6522216796875,891.7730712890625,920.9176025390625,900.29638671875
M6_YLUR_SHUR,6,LUR,HUR,2025-03-29,2025-03-29,1,TSEC,61.13459396362305,59.89225769042969,59.90611267089844,59.982112884521484,59.9028434753418
M6_YLUR_SHUR,6,LUR,HUR,2025-03-29,2025-03-30,2,Yd,898.6836547851562,900.2467651367188,902.0952758789062,899.8394775390625,899.4766235351562
M6_YLUR_SHUR,6,LUR,HUR,2025-03-29,2025-03-30,2,TSE,998.7256469726562,898.6522216796875,899.3976440429688,900.7757568359375,901.0276489257812
M6_YLUR_SHUR,6,LUR,HUR,2025-03-29,2025-03-30,2,TSEC,69.94290924072266,59.89225769042969,59.939083099365234,59.80220413208008,59.865989685058594
M6_YLUR_SHUR,6,LUR,HUR,2025-03-29,2025-03-31,3,Yd,909.671875,900.2467651367188,902.127197265625,899.7305297851562,899.5052490234375
M6_YLUR_SHUR,6,LUR,HUR,2025-03-29,2025-03-31,3,TSE,858.6693115234375,898.6522216796875,880.8942260742188,898.936279296875,901.2003784179688
M6_YLUR_SHUR,6,LUR,HUR,2025-03-29,2025-03-31,3,TSEC,67.6274642944336,59.89225769042969,59.6602897644043,60.01735305786133,59.893714904785156
M6_YLUR_SHUR,6,LUR,HUR,2025-03-30,2025-03-30,1,Yd,898.6836547851562,900.2530517578125,899.7828979492188,897.4598388671875,899.7555541992188
M6_YLUR_SHUR,6,LUR,HUR,2025-03-30,2025-03-30,1,TSE,998.7256469726562,898.8543701171875,913.95361328125,896.0338134765625,899.3428344726562
M6_YLUR_SHUR,6,LUR,HUR,2025-03-30,2025-03-30,1,TSEC,69.94290924072266,59.893775939941406,59.8620719909668,60.06193923950195,59.92730712890625
M6_YLUR_SHUR,6,LUR,HUR,2025-03-30,2025-03-31,2,Yd,909.671875,900.2530517578125,900.8699340820312,899.6454467773438,899.6303100585938
M6_YLUR_SHUR,6,LUR,HUR,2025-03-30,2025-03-31,2,TSE,858.6693115234375,898.8543701171875,881.3775634765625,904.1854858398438,899.3546752929688
M6_YLUR_SHUR,6,LUR,HUR,2025-03-30,2025-03-31,2,TSEC,67.6274642944336,59.893775939941406,59.787208557128906,59.8494873046875,59.8775634765625
M6_YLUR_SHUR,6,LUR,HUR,2025-03-30,2025-04-01,3,Yd,914.5381469726562,900.2530517578125,901.4227905273438,900.5231323242188,899.5543212890625
M6_YLUR_SHUR,6,LUR,HUR,2025-03-30,2025-04-01,3,TSE,694.7192993164062,898.8543701171875,898.4439086914062,916.1653442382812,899.087158203125
M6_YLUR_SHUR,6,LUR,HUR,2025-03-30,2025-04-01,3,TSEC,53.65718460083008,59.893775939941406,59.82289505004883,59.74507141113281,59.91383361816406
