case_id,M,yd_level,solar_level,origin_date,target_date,step,variable,true,MEAN,ARIMA,RNN,LSTM
M10_YHUR_SHUR,10,HUR,HUR,2024-12-31,2024-12-31,1,Yd,1423.3138427734375,1503.1993408203125,1507.9725341796875,1498.3453369140625,1512.9835205078125
M10_YHUR_SHUR,10,HUR,HUR,2024-12-31,2024-12-31,1,TSE,1537.6124267578125,1494.5540771484375,1511.878662109375,1515.4993896484375,1494.8499755859375
M10_YHUR_SHUR,10,HUR,HUR,2024-12-31,2024-12-31,1,TSEC,97.74642944335938,99.92512512207031,98.9301986694336,98.74567413330078,98.80401611328125
M10_YHUR_SHUR,10,HUR,HUR,2024-12-31,2025-01-01,2,Yd,1420.2130126953125,1503.1993408203125,1507.8409423828125,1517.1500244140625,1530.4791259765625
M10_YHUR_SHUR,10,HUR,HUR,2024-12-31,2025-01-01,2,TSE,1676.6397705078125,1494.5540771484375,1519.4017333984375,1501.326171875,1495.7225341796875
M10_YHUR_SHUR,10,HUR,HUR,2024-12-31,2025-01-01,2,TSEC,71.42496490478516,99.92512512207031,99.24262237548828,96.17951965332031,97.1894760131836
M10_YHUR_SHUR,10,HUR,HUR,2024-12-31,2025-01-02,3,Yd,1575.9727783203125,1503.1993408203125,1507.9488525390625,1516.2362060546875,1555.5936279296875
M10_YHUR_SHUR,10,HUR,HUR,2024-12-31,2025-01-02,3,TSE,1306.9622802734375,1494.5540771484375,1528.8446044921875,1526.358154296875,1499.260009765625
M10_YHUR_SHUR,10,HUR,HUR,2024-12-31,2025-01-02,3,TSEC,92.24430084228516,99.92512512207031,99.05581665039062,96.97583770751953,95.8547592163086
M10_YHUR_SHUR,10,HUR,HUR,2025-01-01,2025-01-01,1,Yd,1420.2130126953125,1503.0899658203125,1498.0592041015625,1487.5306396484375,1517.9508056640625
M10_YHUR_SHUR,10,HUR,HUR,2025-01-01,2025-01-01,1,TSE,1676.6397705078125,1494.6131591796875,1512.97607421875,1487.3983154296875,1493.8895263671875
M10_YHUR_SHUR,10,HUR,HUR,2025-01-01,2025-01-01,1,TSEC,71.42496490478516,99.9221420288086,99.41011047363281,100.30110931396484,98.33120727539062
M10_YHUR_SHUR,10,HUR,HUR,2025-01-01,2025-01-02,2,Yd,1575.9727783203125,1503.0899658203125,1512.657470703125,1499.25439453125,1543.9703369140625
M10_YHUR_SHUR,10,HUR,HUR,2025-01-01,2025-01-02,2,TSE,1306.9622802734375,1494.6131591796875,1519.7747802734375,1483.6376953125,1500.1163330078125
M10_YHUR_SHUR,10,HUR,HUR,2025-01-01,2025-01-02,2,TSEC,92.24430084228516,99.9221420288086,98.57151794433594,98.93704986572266,96.82765197753906
M10_YHUR_SHUR,10,HUR,HUR,2025-01-01,2025-01-03,3,Yd,1426.057861328125,1503.0899658203125,1506.7979736328125,1514.5255126953125,1567.544677734375
M10_YHUR_SHUR,10,HUR,HUR,2025-01-01,2025-01-03,3,TSE,1614.120849609375,1494.6131591796875,1511.069091796875,1484.4576416015625,1512.2247314453125
M10_YHUR_SHUR,10,HUR,HUR,2025-01-01,2025-01-03,3,TSEC,97.27168273925781,99.9221420288086,99.34129333496094,96.4039077758789,95.71717071533203
M10_YHUR_SHUR,10,HUR,HUR,2025-01-02,2025-01-02,1,Yd,1575.9727783203125,1502.976806640625,1515.140869140625,1471.3521728515625,1518.5194091796875
M10_YHUR_SHUR,10,HUR,HUR,2025-01-02,2025-01-02,1,TSE,1306.9622802734375,1494.8616943359375,1498.0657958984375,1522.00732421875,1494.7735595703125
M10_YHUR_SHUR,10,HUR,HUR,2025-01-02,2025-01-02,1,TSEC,92.24430084228516,99.88321685791016,98.72322845458984,99.639892578125,98.34303283691406
M10_YHUR_SHUR,10,HUR,HUR,2025-01-02,2025-01-03,2,Yd,1426.057861328125,1502.976806640625,1497.1810302734375,1488.4158935546875,1540.143310546875
M10_YHUR_SHUR,10,HUR,HUR,2025-01-02,2025-01-03,2,TSE,1614.120849609375,1494.8616943359375,1504.9869384765625,1455.58544921875,1503.7916259765625
M10_YHUR_SHUR,10,HUR,HUR,2025-01-02,2025-01-03,2,TSEC,97.27168273925781,99.88321685791016,99.02323913574219,97.68253326416016,97.10894012451172
M10_YHUR_SHUR,10,HUR,HUR,2025-01-02,2025-01-04,3,Yd,1391.2027587890625,1502.976806640625,1494.08642578125,1494.27294921875,1553.63916015625
M10_YHUR_SHUR,10,HUR,HUR,2025-01-02,2025-01-04,3,TSE,1421.940185546875,1494.8616943359375,1520.7867431640625,1473.4635009765625,1515.1181640625
M10_YHUR_SHUR,10,HUR,HUR,2025-01-02,2025-01-04,3,TSEC,90.6914291381836,99.88321685791016,98.97771453857422,96.92141723632812,96.849365234375
M10_YHUR_SHUR,10,HUR,HUR,2025-01-03,2025-01-03,1,Yd,1426.057861328125,1503.076416015625,1493.593994140625,1486.57861328125,1530.9522705078125
M10_YHUR_SHUR,10,HUR,HUR,2025-01-03,2025-01-03,1,TSE,1614.120849609375,1494.6053466796875,1518.82177734375,1485.9912109375,1504.3204345703125
M10_YHUR_SHUR,10,HUR,HUR,2025-01-03,2025-01-03,1,TSEC,97.27168273925781,99.8727798461914,98.9700927734375,99.261962890625,98.4574203491211
M10_YHUR_SHUR,10,HUR,HUR,2025-01-03,2025-01-04,2,Yd,1391.2027587890625,1503.076416015625,1519.3338623046875,1509.8768310546875,1553.697021484375
M10_YHUR_SHUR,10,HUR,HUR,2025-01-03,2025-01-04,2,TSE,1421.940185546875,1494.6053466796875,1527.776611328125,1457.7403564453125,1517.7867431640625
M10_YHUR_SHUR,10,HUR,HUR,2025-01-03,2025-01-04,2,TSEC,90.6914291381836,99.8727798461914,98.81066131591797,99.46034240722656,97.96235656738281
M10_YHUR_SHUR,10,HUR,HUR,2025-01-03,2025-01-05,3,Yd,1257.034912109375,1503.076416015625,1480.674560546875,1516.380859375,1560.2987060546875
M10_YHUR_SHUR,10,HUR,HUR,2025-01-03,2025-01-05,3,TSE,1444.21533203125,1494.6053466796875,1500.1485595703125,1506.2633056640625,1526.2095947265625
M10_YHUR_SHUR,10,HUR,HUR,2025-01-03,2025-01-05,3,TSEC,91.40586853027344,99.8727798461914,99.12593078613281,98.54862976074219,98.45069122314453
M10_YHUR_SHUR,10,HUR,HUR,2025-01-04,2025-01-04,1,Yd,1391.2027587890625,1502.971435546875,1516.921142578125,1509.4578857421875,1526.3463134765625
M10_YHUR_SHUR,10,HUR,HUR,2025-01-04,2025-01-04,1,TSE,1421.940185546875,1494.7681884765625,1533.1961669921875,1470.4599609375,1507.1177978515625
M10_YHUR_SHUR,10,HUR,HUR,2025-01-04,2025-01-04,1,TSEC,90.6914291381836,99.86925506591797,98.81632995605469,98.99432373046875,99.2839584350586
M10_YHUR_SHUR,10,HUR,HUR,2025-01-04,2025-01-05,2,Yd,1257.034912109375,1502.971435546875,1479.5792236328125,1501.5283203125,1532.4637451171875
M10_YHUR_SHUR,10,HUR,HUR,2025-01-04,2025-01-05,2,TSE,1444.21533203125,1494.7681884765625,1497.17529296875,1503.3984375,1515.072998046875
M10_YHUR_SHUR,10,HUR,HUR,2025-01-04,2025-01-05,2,TSEC,91.40586853027344,99.86925506591797,99.13824462890625,101.3625717163086,99.55162811279297
M10_YHUR_SHUR,10,HUR,HUR,2025-01-04,2025-01-06,3,Yd,1362.858642578125,1502.971435546875,1523.905517578125,1521.1212158203125,1519.2012939453125
M10_YHUR_SHUR,10,HUR,HUR,2025-01-04,2025-01-06,3,TSE,1582.783447265625,1494.7681884765625,1493.0850830078125,1501.1285400390625,1513.5244140625
M10_YHUR_SHUR,10,HUR,HUR,2025-01-04,2025-01-06,3,TSEC,101.09292602539062,99.86925506591797,98.2164306640625,101.90164947509766,99.88259887695312
M10_YHUR_SHUR,10,HUR,HUR,2025-01-05,2025-01-05,1,Yd,1257.034912109375,1502.8193359375,1513.204833984375,1476.3477783203125,1512.6343994140625
M10_YHUR_SHUR,10,HUR,HUR,2025-01-05,2025-01-05,1,TSE,1444.21533203125,1494.6690673828125,1521.3978271484375,1502.2420654296875,1503.7896728515625
M10_YHUR_SHUR,10,HUR,HUR,2025-01-05,2025-01-05,1,TSEC,91.40586853027344,99.85675811767578,98.71367645263672,100.25650024414062,100.12313842773438
M10_YHUR_SHUR,10,HUR,HUR,2025-01-05,2025-01-06,2,Yd,1362.858642578125,1502.8193359375,1506.4547119140625,1472.6295166015625,1506.014892578125
M10_YHUR_SHUR,10,HUR,HUR,2025-01-05,2025-01-06,2,TSE,1582.783447265625,1494.6690673828125,1537.3048095703125,1502.632568359375,1503.8687744140625
M10_YHUR_SHUR,10,HUR,HUR,2025-01-05,2025-01-06,2,TSEC,101.09292602539062,99.85675811767578,99.121337890625,99.26656341552734,100.23948669433594
M10_YHUR_SHUR,10,HUR,HUR,2025-01-05,2025-01-07,3,Yd,1413.754638671875,1502.8193359375,1515.9447021484375,1490.9188232421875,1492.7117919921875
M10_YHUR_SHUR,10,HUR,HUR,2025-01-05,2025-01-07,3,TSE,1471.7747802734375,1494.6690673828125,1511.7552490234375,1494.5478515625,1494.88818359375
M10_YHUR_SHUR,10,HUR,HUR,2025-01-05,2025-01-07,3,TSEC,94.53423309326172,99.85675811767578,98.82418823242188,100.86045837402344,99.62418365478516
M10_YHUR_SHUR,10,HUR,HUR,2025-01-06,2025-01-06,1,Yd,1362.858642578125,1502.4853515625,1498.495361328125,1478.978759765625,1495.126953125
M10_YHUR_SHUR,10,HUR,HUR,2025-01-06,2025-01-06,1,TSE,1582.783447265625,1494.6005859375,1539.034912109375,1504.8189697265625,1493.72265625
M10_YHUR_SHUR,10,HUR,HUR,2025-01-06,2025-01-06,1,TSEC,101.09292602539062,99.84527587890625,98.3036880493164,99.84143829345703,100.31243896484375
M10_YHUR_SHUR,10,HUR,HUR,2025-01-06,2025-01-07,2,Yd,1413.754638671875,1502.4853515625,1515.0238037109375,1494.202392578125,1484.07666015625
M10_YHUR_SHUR,10,HUR,HUR,2025-01-06,2025-01-07,2,TSE,1471.7747802734375,1494.6005859375,1513.226806640625,1474.285400390625,1486.295166015625
M10_YHUR_SHUR,10,HUR,HUR,2025-01-06,2025-01-07,2,TSEC,94.53423309326172,99.84527587890625,98.7894287109375,99.05593872070312,99.80791473388672
M10_YHUR_SHUR,10,HUR,HUR,2025-01-06,2025-01-08,3,Yd,1436.648681640625,1502.4853515625,1508.300048828125,1489.93408203125,1487.3455810546875
M10_YHUR_SHUR,10,HUR,HUR,2025-01-06,2025-01-08,3,TSE,1337.33984375,1494.6005859375,1508.95068359375,1465.6593017578125,1479.805419921875
M10_YHUR_SHUR,10,HUR,HUR,2025-01-06,2025-01-08,3,TSEC,93.41779327392578,99.84527587890625,99.34353637695312,97.57533264160156,98.83027648925781
M10_YHUR_SHUR,10,HUR,HUR,2025-01-07,2025-01-07,1,Yd,1413.754638671875,1502.2960205078125,1511.7171630859375,1478.252685546875,1489.1173095703125
M10_YHUR_SHUR,10,HUR,HUR,2025-01-07,2025-01-07,1,TSE,1471.7747802734375,1494.7200927734375,1508.42822265625,1477.8048095703125,1487.5985107421875
M10_YHUR_SHUR,10,HUR,HUR,2025-01-07,2025-01-07,1,TSEC,94.53423309326172,99.84696960449219,99.6656494140625,100.60783386230469,99.69255828857422
M10_YHUR_SHUR,10,HUR,HUR,2025-01-07,2025-01-08,2,Yd,1436.648681640625,1502.2960205078125,1508.8499755859375,1498.828125,1492.3985595703125
M10_YHUR_SHUR,10,HUR,HUR,2025-01-07,2025-01-08,2,TSE,1337.33984375,1494.7200927734375,1514.3760986328125,1487.7694091796875,1482.3841552734375
M10_YHUR_SHUR,10,HUR,HUR,2025-01-07,2025-01-08,2,TSEC,93.41779327392578,99.84696960449219,97.67379760742188,97.32156372070312,98.72576141357422
M10_YHUR_SHUR,10,HUR,HUR,2025-01-07,2025-01-09,3,Yd,1502.6077880859375,1502.2960205078125,1501.1607666015625,1487.140380859375,1507.8111572265625
M10_YHUR_SHUR,10,HUR,HUR,2025-01-07,2025-01-09,3,TSE,1644.9437255859375,1494.7200927734375,1531.5928955078125,1484.8677978515625,1481.934814453125
M10_YHUR_SHUR,10,HUR,HUR,2025-01-07,2025-01-09,3,TSEC,85.40960693359375,99.84696960449219,99.6950454711914,97.58492279052734,97.57955932617188
M10_YHUR_SHUR,10,HUR,HUR,2025-01-08,2025-01-08,1,Yd,1436.648681640625,1502.176025390625,1505.3836669921875,1463.6341552734375,1498.80810546875
M10_YHUR_SHUR,10,HUR,HUR,2025-01-08,2025-01-08,1,TSE,1337.33984375,1494.68896484375,1512.585693359375,1499.1456298828125,1488.5843505859375
M10_YHUR_SHUR,10,HUR,HUR,2025-01-08,2025-01-08,1,TSEC,93.41779327392578,99.83976745605469,97.78823852539062,96.89569091796875,99.09542083740234
M10_YHUR_SHUR,10,HUR,HUR,2025-01-08,2025-01-09,2,Yd,1502.6077880859375,1502.176025390625,1500.6685791015625,1490.640380859375,1514.184326171875
M10_YHUR_SHUR,10,HUR,HUR,2025-01-08,2025-01-09,2,TSE,1644.9437255859375,1494.68896484375,1529.479736328125,1484.84228515625,1487.3309326171875
M10_YHUR_SHUR,10,HUR,HUR,2025-01-08,2025-01-09,2,TSEC,85.40960693359375,99.83976745605469,99.75039672851562,96.87566375732422,97.81901550292969
M10_YHUR_SHUR,10,HUR,HUR,2025-01-08,2025-01-10,3,Yd,1634.620361328125,1502.176025390625,1498.996337890625,1488.2362060546875,1532.0936279296875
M10_YHUR_SHUR,10,HUR,HUR,2025-01-08,2025-01-10,3,TSE,1298.080810546875,1494.68896484375,1518.670166015625,1478.693603515625,1494.217041015625
M10_YHUR_SHUR,10,HUR,HUR,2025-01-08,2025-01-10,3,TSEC,104.70130157470703,99.83976745605469,98.65247344970703,96.26810455322266,96.96971893310547
M10_YHUR_SHUR,10,HUR,HUR,2025-01-09,2025-01-09,1,Yd,1502.6077880859375,1502.0872802734375,1498.665771484375,1497.9317626953125,1515.6885986328125
M10_YHUR_SHUR,10,HUR,HUR,2025-01-09,2025-01-09,1,TSE,1644.9437255859375,1494.476318359375,1498.3048095703125,1495.50048828125,1494.06103515625
M10_YHUR_SHUR,10,HUR,HUR,2025-01-09,2025-01-09,1,TSEC,85.40960693359375,99.83108520507812,98.90544891357422,100.2415771484375,98.66240692138672
M10_YHUR_SHUR,10,HUR,HUR,2025-01-09,2025-01-10,2,Yd,1634.620361328125,1502.0872802734375,1498.6873779296875,1480.43212890625,1536.323974609375
M10_YHUR_SHUR,10,HUR,HUR,2025-01-09,2025-01-10,2,TSE,1298.080810546875,1494.476318359375,1517.3690185546875,1473.343017578125,1501.5352783203125
M10_YHUR_SHUR,10,HUR,HUR,2025-01-09,2025-01-10,2,TSEC,104.70130157470703,99.83108520507812,98.77427673339844,99.31262969970703,97.6847152709961
M10_YHUR_SHUR,10,HUR,HUR,2025-01-09,2025-01-11,3,Yd,1624.411376953125,1502.0872802734375,1501.571533203125,1482.71142578125,1548.3472900390625
M10_YHUR_SHUR,10,HUR,HUR,2025-01-09,2025-01-11,3,TSE,1531.64453125,1494.476318359375,1521.5084228515625,1468.189697265625,1511.5401611328125
M10_YHUR_SHUR,10,HUR,HUR,2025-01-09,2025-01-11,3,TSEC,99.2664566040039,99.83108520507812,98.91571044921875,98.26399993896484,97.73651885986328
M10_YHUR_SHUR,10,HUR,HUR,2025-01-10,2025-01-10,1,Yd,1634.620361328125,1502.0880126953125,1498.9921875,1507.718505859375,1516.1806640625
M10_YHUR_SHUR,10,HUR,HUR,2025-01-10,2025-01-10,1,TSE,1298.080810546875,1494.6795654296875,1524.181640625,1453.0274658203125,1498.7886962890625
M10_YHUR_SHUR,10,HUR,HUR,2025-01-10,2025-01-10,1,TSEC,104.70130157470703,99.81159210205078,98.85894775390625,98.13067626953125,99.01056671142578
M10_YHUR_SHUR,10,HUR,HUR,2025-01-10,2025-01-11,2,Yd,1624.411376953125,1502.0880126953125,1501.7794189453125,1489.26171875,1525.0880126953125
M10_YHUR_SHUR,10,HUR,HUR,2025-01-10,2025-01-11,2,TSE,1531.64453125,1494.6795654296875,1517.569580078125,1457.5672607421875,1506.8974609375
M10_YHUR_SHUR,10,HUR,HUR,2025-01-10,2025-01-11,2,TSEC,99.2664566040039,99.81159210205078,98.33613586425781,100.45133209228516,99.0303955078125
M10_YHUR_SHUR,10,HUR,HUR,2025-01-10,2025-01-12,3,Yd,1405.2548828125,1502.0880126953125,1514.0054931640625,1499.129150390625,1514.7178955078125
M10_YHUR_SHUR,10,HUR,HUR,2025-01-10,2025-01-12,3,TSE,1571.015380859375,1494.6795654296875,1517.526611328125,1494.4293212890625,1509.85595703125
M10_YHUR_SHUR,10,HUR,HUR,2025-01-10,2025-01-12,3,TSEC,93.72613525390625,99.81159210205078,99.49714660644531,101.37185668945312,99.98362731933594
M10_YHUR_SHUR,10,HUR,HUR,2025-01-11,2025-01-11,1,Yd,1624.411376953125,1502.266845703125,1508.7435302734375,1503.901123046875,1525.736083984375
M10_YHUR_SHUR,10,HUR,HUR,2025-01-11,2025-01-11,1,TSE,1531.64453125,1494.414306640625,1507.8665771484375,1527.9683837890625,1507.8748779296875
M10_YHUR_SHUR,10,HUR,HUR,2025-01-11,2025-01-11,1,TSEC,99.2664566040039,99.81819152832031,98.87037658691406,99.81720733642578,99.50975799560547
M10_YHUR_SHUR,10,HUR,HUR,2025-01-11,2025-01-12,2,Yd,1405.2548828125,1502.266845703125,1516.6849365234375,1505.94091796875,1531.24755859375
M10_YHUR_SHUR,10,HUR,HUR,2025-01-11,2025-01-12,2,TSE,1571.015380859375,1494.414306640625,1522.21337890625,1482.0791015625,1518.2158203125
M10_YHUR_SHUR,10,HUR,HUR,2025-01-11,2025-01-12,2,TSEC,93.72613525390625,99.81819152832031,98.9637222290039,97.64229583740234,99.89742279052734
M10_YHUR_SHUR,10,HUR,HUR,2025-01-11,2025-01-13,3,Yd,1581.3291015625,1502.266845703125,1512.7962646484375,1498.941162109375,1517.125732421875
M10_YHUR_SHUR,10,HUR,HUR,2025-01-11,2025-01-13,3,TSE,1535.428955078125,1494.414306640625,1476.86572265625,1534.2611083984375,1517.9271240234375
M10_YHUR_SHUR,10,HUR,HUR,2025-01-11,2025-01-13,3,TSEC,114.01809692382812,99.81819152832031,98.67205810546875,103.57437896728516,100.33282470703125
M10_YHUR_SHUR,10,HUR,HUR,2025-01-12,2025-01-12,1,Yd,1405.2548828125,1502.431396484375,1519.5848388671875,1496.04736328125,1513.9932861328125
M10_YHUR_SHUR,10,HUR,HUR,2025-01-12,2025-01-12,1,TSE,1571.015380859375,1494.4642333984375,1519.5211181640625,1491.57958984375,1506.5977783203125
M10_YHUR_SHUR,10,HUR,HUR,2025-01-12,2025-01-12,1,TSEC,93.72613525390625,99.81745147705078,99.43309783935547,96.68995666503906,99.98814392089844
M10_YHUR_SHUR,10,HUR,HUR,2025-01-12,2025-01-13,2,Yd,1581.3291015625,1502.431396484375,1510.2628173828125,1491.77685546875,1508.075439453125
M10_YHUR_SHUR,10,HUR,HUR,2025-01-12,2025-01-13,2,TSE,1535.428955078125,1494.4642333984375,1471.31689453125,1475.009521484375,1509.676513671875
M10_YHUR_SHUR,10,HUR,HUR,2025-01-12,2025-01-13,2,TSEC,114.01809692382812,99.81745147705078,101.62901306152344,97.03008270263672,100.01915740966797
M10_YHUR_SHUR,10,HUR,HUR,2025-01-12,2025-01-14,3,Yd,1568.11572265625,1502.431396484375,1511.6361083984375,1503.3858642578125,1495.9112548828125
M10_YHUR_SHUR,10,HUR,HUR,2025-01-12,2025-01-14,3,TSE,1466.8343505859375,1494.4642333984375,1525.2974853515625,1479.867431640625,1503.310791015625
M10_YHUR_SHUR,10,HUR,HUR,2025-01-12,2025-01-14,3,TSEC,88.31294250488281,99.81745147705078,99.178955078125,96.26907348632812,99.36199951171875
M10_YHUR_SHUR,10,HUR,HUR,2025-01-13,2025-01-13,1,Yd,1581.3291015625,1502.3006591796875,1510.31884765625,1490.8919677734375,1493.90185546875
M10_YHUR_SHUR,10,HUR,HUR,2025-01-13,2025-01-13,1,TSE,1535.428955078125,1494.5672607421875,1474.3050537109375,1513.315185546875,1495.7337646484375
M10_YHUR_SHUR,10,HUR,HUR,2025-01-13,2025-01-13,1,TSEC,114.01809692382812,99.80924224853516,98.52919006347656,100.10078430175781,100.06873321533203
M10_YHUR_SHUR,10,HUR,HUR,2025-01-13,2025-01-14,2,Yd,1568.11572265625,1502.3006591796875,1528.3944091796875,1504.5985107421875,1486.0152587890625
M10_YHUR_SHUR,10,HUR,HUR,2025-01-13,2025-01-14,2,TSE,1466.8343505859375,1494.5672607421875,1523.20361328125,1484.973876953125,1489.97900390625
M10_YHUR_SHUR,10,HUR,HUR,2025-01-13,2025-01-14,2,TSEC,88.31294250488281,99.80924224853516,98.65267944335938,96.59024810791016,99.49098205566406
M10_YHUR_SHUR,10,HUR,HUR,2025-01-13,2025-01-15,3,Yd,1555.985107421875,1502.3006591796875,1516.3155517578125,1511.3154296875,1490.8604736328125
M10_YHUR_SHUR,10,HUR,HUR,2025-01-13,2025-01-15,3,TSE,1509.35498046875,1494.5672607421875,1505.0517578125,1496.0372314453125,1484.64111328125
M10_YHUR_SHUR,10,HUR,HUR,2025-01-13,2025-01-15,3,TSEC,96.77397155761719,99.80924224853516,98.8573989868164,97.69957733154297,98.39491271972656
M10_YHUR_SHUR,10,HUR,HUR,2025-01-14,2025-01-14,1,Yd,1568.11572265625,1502.406982421875,1513.17041015625,1492.3955078125,1500.64453125
M10_YHUR_SHUR,10,HUR,HUR,2025-01-14,2025-01-14,1,TSE,1466.8343505859375,1494.622314453125,1526.9130859375,1507.7442626953125,1492.261962890625
M10_YHUR_SHUR,10,HUR,HUR,2025-01-14,2025-01-14,1,TSEC,88.31294250488281,99.8283462524414,98.78070068359375,97.81288146972656,99.13963317871094
M10_YHUR_SHUR,10,HUR,HUR,2025-01-14,2025-01-15,2,Yd,1555.985107421875,1502.406982421875,1506.9183349609375,1511.354248046875,1510.7449951171875
M10_YHUR_SHUR,10,HUR,HUR,2025-01-14,2025-01-15,2,TSE,1509.35498046875,1494.622314453125,1510.98974609375,1498.3333740234375,1488.962890625
M10_YHUR_SHUR,10,HUR,HUR,2025-01-14,2025-01-15,2,TSEC,96.77397155761719,99.8283462524414,98.85385131835938,97.32473754882812,97.77889251708984
M10_YHUR_SHUR,10,HUR,HUR,2025-01-14,2025-01-16,3,Yd,1671.6138916015625,1502.406982421875,1503.4664306640625,1510.8048095703125,1531.1016845703125
M10_YHUR_SHUR,10,HUR,HUR,2025-01-14,2025-01-16,3,TSE,1477.9005126953125,1494.622314453125,1541.36767578125,1524.1473388671875,1492.8226318359375
M10_YHUR_SHUR,10,HUR,HUR,2025-01-14,2025-01-16,3,TSEC,83.5614013671875,99.8283462524414,98.95620727539062,97.70040130615234,96.3016128540039
M10_YHUR_SHUR,10,HUR,HUR,2025-01-15,2025-01-15,1,Yd,1555.985107421875,1502.4951171875,1507.9813232421875,1471.64013671875,1508.5426025390625
M10_YHUR_SHUR,10,HUR,HUR,2025-01-15,2025-01-15,1,TSE,1509.35498046875,1494.5850830078125,1503.208251953125,1485.6275634765625,1492.1849365234375
M10_YHUR_SHUR,10,HUR,HUR,2025-01-15,2025-01-15,1,TSEC,96.77397155761719,99.8128890991211,98.13736724853516,99.0831527709961,98.58540344238281
M10_YHUR_SHUR,10,HUR,HUR,2025-01-15,2025-01-16,2,Yd,1671.6138916015625,1502.4951171875,1505.2626953125,1503.64208984375,1529.7392578125
M10_YHUR_SHUR,10,HUR,HUR,2025-01-15,2025-01-16,2,TSE,1477.9005126953125,1494.5850830078125,1531.542724609375,1506.1829833984375,1495.1573486328125
M10_YHUR_SHUR,10,HUR,HUR,2025-01-15,2025-01-16,2,TSEC,83.5614013671875,99.8128890991211,98.5971908569336,97.41548919677734,96.98929595947266
M10_YHUR_SHUR,10,HUR,HUR,2025-01-15,2025-01-17,3,Yd,1677.3582763671875,1502.4951171875,1492.7337646484375,1502.282470703125,1549.92138671875
M10_YHUR_SHUR,10,HUR,HUR,2025-01-15,2025-01-17,3,TSE,1595.1470947265625,1494.5850830078125,1510.340087890625,1508.1766357421875,1504.5325927734375
M10_YHUR_SHUR,10,HUR,HUR,2025-01-15,2025-01-17,3,TSEC,108.278564453125,99.8128890991211,98.54276275634766,97.27851867675781,95.89968872070312
M10_YHUR_SHUR,10,HUR,HUR,2025-01-16,2025-01-16,1,Yd,1671.6138916015625,1502.566650390625,1507.810791015625,1492.432861328125,1520.8377685546875
M10_YHUR_SHUR,10,HUR,HUR,2025-01-16,2025-01-16,1,TSE,1477.9005126953125,1494.6048583984375,1535.2276611328125,1513.3017578125,1497.498046875
M10_YHUR_SHUR,10,HUR,HUR,2025-01-16,2025-01-16,1,TSEC,83.5614013671875,99.8088150024414,99.2110366821289,97.21197509765625,98.22734832763672
M10_YHUR_SHUR,10,HUR,HUR,2025-01-16,2025-01-17,2,Yd,1677.3582763671875,1502.566650390625,1492.882080078125,1505.0169677734375,1543.6646728515625
M10_YHUR_SHUR,10,HUR,HUR,2025-01-16,2025-01-17,2,TSE,1595.1470947265625,1494.6048583984375,1508.513427734375,1461.88525390625,1506.7938232421875
M10_YHUR_SHUR,10,HUR,HUR,2025-01-16,2025-01-17,2,TSEC,108.278564453125,99.8088150024414,98.2747573852539,93.48163604736328,96.87525177001953
M10_YHUR_SHUR,10,HUR,HUR,2025-01-16,2025-01-18,3,Yd,1442.5587158203125,1502.566650390625,1498.8953857421875,1512.966064453125,1558.2958984375
M10_YHUR_SHUR,10,HUR,HUR,2025-01-16,2025-01-18,3,TSE,1523.606689453125,1494.6048583984375,1530.7318115234375,1530.8646240234375,1519.516845703125
M10_YHUR_SHUR,10,HUR,HUR,2025-01-16,2025-01-18,3,TSEC,98.789794921875,99.8088150024414,98.79641723632812,95.26264190673828,96.50748443603516
M10_YHUR_SHUR,10,HUR,HUR,2025-01-17,2025-01-17,1,Yd,1677.3582763671875,1502.793212890625,1502.43603515625,1504.8353271484375,1523.4656982421875
M10_YHUR_SHUR,10,HUR,HUR,2025-01-17,2025-01-17,1,TSE,1595.1470947265625,1494.58251953125,1507.594482421875,1485.6444091796875,1503.8826904296875
M10_YHUR_SHUR,10,HUR,HUR,2025-01-17,2025-01-17,1,TSEC,108.278564453125,99.78706359863281,97.8004379272461,98.50141906738281,98.45791625976562
M10_YHUR_SHUR,10,HUR,HUR,2025-01-17,2025-01-18,2,Yd,1442.5587158203125,1502.793212890625,1496.103515625,1498.9246826171875,1539.81982421875
M10_YHUR_SHUR,10,HUR,HUR,2025-01-17,2025-01-18,2,TSE,1523.606689453125,1494.58251953125,1533.55908203125,1471.3563232421875,1517.34716796875
M10_YHUR_SHUR,10,HUR,HUR,2025-01-17,2025-01-18,2,TSEC,98.789794921875,99.78706359863281,98.99746704101562,98.80643463134766,97.92436981201172
M10_YHUR_SHUR,10,HUR,HUR,2025-01-17,2025-01-19,3,Yd,1569.540771484375,1502.793212890625,1522.650390625,1503.0194091796875,1541.1077880859375
M10_YHUR_SHUR,10,HUR,HUR,2025-01-17,2025-01-19,3,TSE,1503.177978515625,1494.58251953125,1493.2989501953125,1495.13720703125,1526.3134765625
M10_YHUR_SHUR,10,HUR,HUR,2025-01-17,2025-01-19,3,TSEC,94.59210968017578,99.78706359863281,98.32494354248047,100.12995910644531,98.41072845458984
M10_YHUR_SHUR,10,HUR,HUR,2025-01-18,2025-01-18,1,Yd,1442.5587158203125,1503.0263671875,1507.96923828125,1515.6087646484375,1525.2392578125
M10_YHUR_SHUR,10,HUR,HUR,2025-01-18,2025-01-18,1,TSE,1523.606689453125,1494.7169189453125,1509.1654052734375,1485.181640625,1509.9443359375
M10_YHUR_SHUR,10,HUR,HUR,2025-01-18,2025-01-18,1,TSEC,98.789794921875,99.79842376708984,98.32109832763672,98.875732421875,98.87310028076172
M10_YHUR_SHUR,10,HUR,HUR,2025-01-18,2025-01-19,2,Yd,1569.540771484375,1503.0263671875,1519.9576416015625,1507.6009521484375,1533.2415771484375
M10_YHUR_SHUR,10,HUR,HUR,2025-01-18,2025-01-19,2,TSE,1503.177978515625,1494.7169189453125,1507.1151123046875,1488.285400390625,1521.4337158203125
M10_YHUR_SHUR,10,HUR,HUR,2025-01-18,2025-01-19,2,TSEC,94.59210968017578,99.79842376708984,98.65999603271484,95.87572479248047,98.79974365234375
M10_YHUR_SHUR,10,HUR,HUR,2025-01-18,2025-01-20,3,Yd,1415.794921875,1503.0263671875,1511.3424072265625,1503.440673828125,1521.8446044921875
M10_YHUR_SHUR,10,HUR,HUR,2025-01-18,2025-01-20,3,TSE,1564.1329345703125,1494.7169189453125,1497.553466796875,1526.3304443359375,1521.8387451171875
M10_YHUR_SHUR,10,HUR,HUR,2025-01-18,2025-01-20,3,TSEC,82.1805648803711,99.79842376708984,97.60725402832031,100.32230377197266,98.95756530761719
M10_YHUR_SHUR,10,HUR,HUR,2025-01-19,2025-01-19,1,Yd,1569.540771484375,1502.94580078125,1520.00341796875,1492.0068359375,1512.7938232421875
M10_YHUR_SHUR,10,HUR,HUR,2025-01-19,2025-01-19,1,TSE,1503.177978515625,1494.7554931640625,1515.5299072265625,1515.82958984375,1507.165283203125
M10_YHUR_SHUR,10,HUR,HUR,2025-01-19,2025-01-19,1,TSEC,94.59210968017578,99.79706573486328,97.76854705810547,98.54364776611328,99.69613647460938
M10_YHUR_SHUR,10,HUR,HUR,2025-01-19,2025-01-20,2,Yd,1415.794921875,1502.94580078125,1507.601806640625,1502.3018798828125,1508.2711181640625
M10_YHUR_SHUR,10,HUR,HUR,2025-01-19,2025-01-20,2,TSE,1564.1329345703125,1494.7554931640625,1534.89501953125,1485.596435546875,1509.489990234375
M10_YHUR_SHUR,10,HUR,HUR,2025-01-19,2025-01-20,2,TSEC,82.1805648803711,99.79706573486328,99.91827392578125,98.63081359863281,99.49589538574219
M10_YHUR_SHUR,10,HUR,HUR,2025-01-19,2025-01-21,3,Yd,1620.0882568359375,1502.94580078125,1507.5965576171875,1497.580322265625,1501.54931640625
M10_YHUR_SHUR,10,HUR,HUR,2025-01-19,2025-01-21,3,TSE,1506.6275634765625,1494.7554931640625,1505.63671875,1513.4046630859375,1501.3138427734375
M10_YHUR_SHUR,10,HUR,HUR,2025-01-19,2025-01-21,3,TSEC,106.31322479248047,99.79706573486328,98.66273498535156,99.93071746826172,98.7728042602539
M10_YHUR_SHUR,10,HUR,HUR,2025-01-20,2025-01-20,1,Yd,1415.794921875,1503.0345458984375,1526.869873046875,1492.1949462890625,1500.183837890625
M10_YHUR_SHUR,10,HUR,HUR,2025-01-20,2025-01-20,1,TSE,1564.1329345703125,1494.7667236328125,1503.8201904296875,1484.802490234375,1498.0899658203125
M10_YHUR_SHUR,10,HUR,HUR,2025-01-20,2025-01-20,1,TSEC,82.1805648803711,99.79012298583984,98.54320526123047,100.35760498046875,99.64298248291016
M10_YHUR_SHUR,10,HUR,HUR,2025-01-20,2025-01-21,2,Yd,1620.0882568359375,1503.0345458984375,1473.59765625,1509.860107421875,1499.657958984375
M10_YHUR_SHUR,10,HUR,HUR,2025-01-20,2025-01-21,2,TSE,1506.6275634765625,1494.7667236328125,1497.5150146484375,1457.8790283203125,1491.579345703125
M10_YHUR_SHUR,10,HUR,HUR,2025-01-20,2025-01-21,2,TSEC,106.31322479248047,99.79012298583984,98.55207061767578,97.07694244384766,98.6899185180664
M10_YHUR_SHUR,10,HUR,HUR,2025-01-20,2025-01-22,3,Yd,1389.8720703125,1503.0345458984375,1478.492431640625,1508.202392578125,1509.5865478515625
M10_YHUR_SHUR,10,HUR,HUR,2025-01-20,2025-01-22,3,TSE,1247.5302734375,1494.7667236328125,1529.7567138671875,1492.1719970703125,1484.242431640625
M10_YHUR_SHUR,10,HUR,HUR,2025-01-20,2025-01-22,3,TSEC,102.09192657470703,99.79012298583984,98.7353515625,99.03994750976562,97.15802001953125
M10_YHUR_SHUR,10,HUR,HUR,2025-01-21,2025-01-21,1,Yd,1620.0882568359375,1502.91845703125,1503.8773193359375,1467.32958984375,1490.8336181640625
M10_YHUR_SHUR,10,HUR,HUR,2025-01-21,2025-01-21,1,TSE,1506.6275634765625,1494.859130859375,1513.1805419921875,1491.9918212890625,1488.453857421875
M10_YHUR_SHUR,10,HUR,HUR,2025-01-21,2025-01-21,1,TSEC,106.31322479248047,99.76668548583984,98.38839721679688,98.54186248779297,99.51069641113281
M10_YHUR_SHUR,10,HUR,HUR,2025-01-21,2025-01-22,2,Yd,1389.8720703125,1502.91845703125,1508.6068115234375,1503.925537109375,1496.0238037109375
M10_YHUR_SHUR,10,HUR,HUR,2025-01-21,2025-01-22,2,TSE,1247.5302734375,1494.859130859375,1534.636474609375,1486.4234619140625,1482.09423828125
M10_YHUR_SHUR,10,HUR,HUR,2025-01-21,2025-01-22,2,TSEC,102.09192657470703,99.76668548583984,97.90740203857422,98.10943603515625,98.33116912841797
M10_YHUR_SHUR,10,HUR,HUR,2025-01-21,2025-01-23,3,Yd,1528.6734619140625,1502.91845703125,1496.9471435546875,1504.8255615234375,1513.039794921875
M10_YHUR_SHUR,10,HUR,HUR,2025-01-21,2025-01-23,3,TSE,1311.18310546875,1494.859130859375,1532.7093505859375,1471.7247314453125,1481.7994384765625
M10_YHUR_SHUR,10,HUR,HUR,2025-01-21,2025-01-23,3,TSEC,100.37201690673828,99.76668548583984,98.26529693603516,97.82600402832031,96.99354553222656
M10_YHUR_SHUR,10,HUR,HUR,2025-01-22,2025-01-22,1,Yd,1389.8720703125,1503.0740966796875,1524.546875,1479.7061767578125,1507.016845703125
M10_YHUR_SHUR,10,HUR,HUR,2025-01-22,2025-01-22,1,TSE,1247.5302734375,1494.8746337890625,1532.049560546875,1494.677001953125,1491.3597412109375
M10_YHUR_SHUR,10,HUR,HUR,2025-01-22,2025-01-22,1,TSEC,102.09192657470703,99.775390625,99.34465789794922,98.69595336914062,98.63382720947266
M10_YHUR_SHUR,10,HUR,HUR,2025-01-22,2025-01-23,2,Yd,1528.6734619140625,1503.0740966796875,1488.41064453125,1492.1998291015625,1526.382568359375
M10_YHUR_SHUR,10,HUR,HUR,2025-01-22,2025-01-23,2,TSE,1311.18310546875,1494.8746337890625,1524.02978515625,1497.6182861328125,1493.3155517578125
M10_YHUR_SHUR,10,HUR,HUR,2025-01-22,2025-01-23,2,TSEC,100.37201690673828,99.775390625,98.19405364990234,96.15685272216797,97.00057220458984
M10_YHUR_SHUR,10,HUR,HUR,2025-01-22,2025-01-24,3,Yd,1170.572998046875,1503.0740966796875,1498.4884033203125,1488.10400390625,1544.521484375
M10_YHUR_SHUR,10,HUR,HUR,2025-01-22,2025-01-24,3,TSE,1527.232666015625,1494.8746337890625,1534.8968505859375,1520.0848388671875,1502.210693359375
M10_YHUR_SHUR,10,HUR,HUR,2025-01-22,2025-01-24,3,TSEC,110.37060546875,99.775390625,98.62899780273438,97.11669158935547,95.97584533691406
M10_YHUR_SHUR,10,HUR,HUR,2025-01-23,2025-01-23,1,Yd,1528.6734619140625,1502.923828125,1513.2086181640625,1491.9068603515625,1522.34423828125
M10_YHUR_SHUR,10,HUR,HUR,2025-01-23,2025-01-23,1,TSE,1311.18310546875,1494.5462646484375,1515.000244140625,1467.4139404296875,1498.48486328125
M10_YHUR_SHUR,10,HUR,HUR,2025-01-23,2025-01-23,1,TSEC,100.37201690673828,99.77847290039062,98.71369171142578,96.10680389404297,98.36349487304688
M10_YHUR_SHUR,10,HUR,HUR,2025-01-23,2025-01-24,2,Yd,1170.572998046875,1502.923828125,1512.1751708984375,1497.3348388671875,1545.897705078125
M10_YHUR_SHUR,10,HUR,HUR,2025-01-23,2025-01-24,2,TSE,1527.232666015625,1494.5462646484375,1522.7734375,1487.875732421875,1508.4315185546875
M10_YHUR_SHUR,10,HUR,HUR,2025-01-23,2025-01-24,2,TSEC,110.37060546875,99.77847290039062,98.45015716552734,96.81310272216797,97.11958312988281
M10_YHUR_SHUR,10,HUR,HUR,2025-01-23,2025-01-25,3,Yd,1465.554931640625,1502.923828125,1532.263671875,1499.723876953125,1561.4595947265625
M10_YHUR_SHUR,10,HUR,HUR,2025-01-23,2025-01-25,3,TSE,1402.7305908203125,1494.5462646484375,1511.5050048828125,1477.98046875,1520.8472900390625
M10_YHUR_SHUR,10,HUR,HUR,2025-01-23,2025-01-25,3,TSEC,98.81014251708984,99.77847290039062,98.47440338134766,96.18905639648438,96.77991485595703
M10_YHUR_SHUR,10,HUR,HUR,2025-01-24,2025-01-24,1,Yd,1170.572998046875,1502.9578857421875,1502.6824951171875,1548.2308349609375,1534.271484375
M10_YHUR_SHUR,10,HUR,HUR,2025-01-24,2025-01-24,1,TSE,1527.232666015625,1494.3031005859375,1521.2459716796875,1473.595703125,1507.4483642578125
M10_YHUR_SHUR,10,HUR,HUR,2025-01-24,2025-01-24,1,TSEC,110.37060546875,99.77925109863281,98.48028564453125,98.27250671386719,98.48408508300781
M10_YHUR_SHUR,10,HUR,HUR,2025-01-24,2025-01-25,2,Yd,1465.554931640625,1502.9578857421875,1502.393798828125,1508.1724853515625,1559.4112548828125
M10_YHUR_SHUR,10,HUR,HUR,2025-01-24,2025-01-25,2,TSE,1402.7305908203125,1494.3031005859375,1512.22265625,1446.644775390625,1523.1875
M10_YHUR_SHUR,10,HUR,HUR,2025-01-24,2025-01-25,2,TSEC,98.81014251708984,99.77925109863281,97.83871459960938,96.13272094726562,97.8759536743164
M10_YHUR_SHUR,10,HUR,HUR,2025-01-24,2025-01-26,3,Yd,2056.00048828125,1502.9578857421875,1513.3846435546875,1534.8861083984375,1568.298828125
M10_YHUR_SHUR,10,HUR,HUR,2025-01-24,2025-01-26,3,TSE,1495.0537109375,1494.3031005859375,1510.395263671875,1508.5736083984375,1535.5836181640625
M10_YHUR_SHUR,10,HUR,HUR,2025-01-24,2025-01-26,3,TSEC,98.86673736572266,99.77925109863281,98.89950561523438,98.90093231201172,98.26795196533203
M10_YHUR_SHUR,10,HUR,HUR,2025-01-25,2025-01-25,1,Yd,1465.554931640625,1502.5177001953125,1504.446533203125,1523.226806640625,1534.5496826171875
M10_YHUR_SHUR,10,HUR,HUR,2025-01-25,2025-01-25,1,TSE,1402.7305908203125,1494.3466796875,1514.1912841796875,1483.9912109375,1510.8348388671875
M10_YHUR_SHUR,10,HUR,HUR,2025-01-25,2025-01-25,1,TSEC,98.81014251708984,99.79327392578125,98.60216522216797,99.13312530517578,99.28782653808594
M10_YHUR_SHUR,10,HUR,HUR,2025-01-25,2025-01-26,2,Yd,2056.00048828125,1502.5177001953125,1472.1124267578125,1527.4151611328125,1551.8787841796875
M10_YHUR_SHUR,10,HUR,HUR,2025-01-25,2025-01-26,2,TSE,1495.0537109375,1494.3466796875,1506.81640625,1495.71923828125,1523.894775390625
M10_YHUR_SHUR,10,HUR,HUR,2025-01-25,2025-01-26,2,TSEC,98.86673736572266,99.79327392578125,98.73990631103516,98.54334259033203,99.3835678100586
M10_YHUR_SHUR,10,HUR,HUR,2025-01-25,2025-01-27,3,Yd,1558.7230224609375,1502.5177001953125,1516.8460693359375,1558.309326171875,1550.769287109375
M10_YHUR_SHUR,10,HUR,HUR,2025-01-25,2025-01-27,3,TSE,1519.87158203125,1494.3466796875,1486.0660400390625,1509.8419189453125,1528.9329833984375
M10_YHUR_SHUR,10,HUR,HUR,2025-01-25,2025-01-27,3,TSEC,101.35539245605469,99.79327392578125,98.90819549560547,99.62728118896484,99.62105560302734
M10_YHUR_SHUR,10,HUR,HUR,2025-01-26,2025-01-26,1,Yd,2056.00048828125,1502.46875,1470.4742431640625,1501.5755615234375,1531.01611328125
M10_YHUR_SHUR,10,HUR,HUR,2025-01-26,2025-01-26,1,TSE,1495.0537109375,1494.2255859375,1507.55517578125,1526.6673583984375,1512.0882568359375
M10_YHUR_SHUR,10,HUR,HUR,2025-01-26,2025-01-26,1,TSEC,98.86673736572266,99.79197692871094,98.72196960449219,100.21350860595703,99.68265533447266
M10_YHUR_SHUR,10,HUR,HUR,2025-01-26,2025-01-27,2,Yd,1558.7230224609375,1502.46875,1516.2183837890625,1513.79296875,1539.66748046875
M10_YHUR_SHUR,10,HUR,HUR,2025-01-26,2025-01-27,2,TSE,1519.87158203125,1494.2255859375,1484.7891845703125,1476.498779296875,1521.8582763671875
M10_YHUR_SHUR,10,HUR,HUR,2025-01-26,2025-01-27,2,TSEC,101.35539245605469,99.79197692871094,98.83979797363281,100.8265380859375,99.64341735839844
M10_YHUR_SHUR,10,HUR,HUR,2025-01-26,2025-01-28,3,Yd,1545.9580078125,1502.46875,1468.9130859375,1556.967041015625,1536.974365234375
M10_YHUR_SHUR,10,HUR,HUR,2025-01-26,2025-01-28,3,TSE,1278.1962890625,1494.2255859375,1515.61376953125,1443.3846435546875,1522.3056640625
M10_YHUR_SHUR,10,HUR,HUR,2025-01-26,2025-01-28,3,TSEC,98.93172454833984,99.79197692871094,98.53114318847656,98.77957916259766,99.08638763427734
M10_YHUR_SHUR,10,HUR,HUR,2025-01-27,2025-01-27,1,Yd,1558.7230224609375,1503.199951171875,1530.2476806640625,1518.90283203125,1526.1085205078125
M10_YHUR_SHUR,10,HUR,HUR,2025-01-27,2025-01-27,1,TSE,1519.87158203125,1494.2265625,1536.9342041015625,1471.196044921875,1510.0595703125
M10_YHUR_SHUR,10,HUR,HUR,2025-01-27,2025-01-27,1,TSEC,101.35539245605469,99.79075622558594,98.73779296875,99.34261322021484,99.18502044677734
M10_YHUR_SHUR,10,HUR,HUR,2025-01-27,2025-01-28,2,Yd,1545.9580078125,1503.199951171875,1492.8662109375,1491.9915771484375,1538.9241943359375
M10_YHUR_SHUR,10,HUR,HUR,2025-01-27,2025-01-28,2,TSE,1278.1962890625,1494.2265625,1534.6497802734375,1488.8072509765625,1512.0938720703125
M10_YHUR_SHUR,10,HUR,HUR,2025-01-27,2025-01-28,2,TSEC,98.93172454833984,99.79075622558594,98.52047729492188,97.11791229248047,97.92495727539062
M10_YHUR_SHUR,10,HUR,HUR,2025-01-27,2025-01-29,3,Yd,1434.93896484375,1503.199951171875,1523.3509521484375,1482.6497802734375,1552.3787841796875
M10_YHUR_SHUR,10,HUR,HUR,2025-01-27,2025-01-29,3,TSE,1361.1611328125,1494.2265625,1504.1790771484375,1533.4779052734375,1506.4879150390625
M10_YHUR_SHUR,10,HUR,HUR,2025-01-27,2025-01-29,3,TSEC,116.42608642578125,99.79075622558594,98.1736068725586,99.00359344482422,96.35604858398438
M10_YHUR_SHUR,10,HUR,HUR,2025-01-28,2025-01-28,1,Yd,1545.9580078125,1503.273193359375,1504.4024658203125,1482.5672607421875,1518.838134765625
M10_YHUR_SHUR,10,HUR,HUR,2025-01-28,2025-01-28,1,TSE,1278.1962890625,1494.260498046875,1512.4873046875,1501.5589599609375,1498.238037109375
M10_YHUR_SHUR,10,HUR,HUR,2025-01-28,2025-01-28,1,TSEC,98.93172454833984,99.7928237915039,98.53568267822266,99.18270111083984,98.63185119628906
M10_YHUR_SHUR,10,HUR,HUR,2025-01-28,2025-01-29,2,Yd,1434.93896484375,1503.273193359375,1512.2142333984375,1501.9212646484375,1537.4515380859375
M10_YHUR_SHUR,10,HUR,HUR,2025-01-28,2025-01-29,2,TSE,1361.1611328125,1494.260498046875,1513.0042724609375,1464.6279296875,1495.994384765625
M10_YHUR_SHUR,10,HUR,HUR,2025-01-28,2025-01-29,2,TSEC,116.42608642578125,99.7928237915039,98.19544219970703,97.42996978759766,96.94454956054688
M10_YHUR_SHUR,10,HUR,HUR,2025-01-28,2025-01-30,3,Yd,1666.5577392578125,1503.273193359375,1505.670654296875,1501.7808837890625,1561.44775390625
M10_YHUR_SHUR,10,HUR,HUR,2025-01-28,2025-01-30,3,TSE,1570.0428466796875,1494.260498046875,1521.126953125,1465.1861572265625,1497.4212646484375
M10_YHUR_SHUR,10,HUR,HUR,2025-01-28,2025-01-30,3,TSEC,104.2420425415039,99.7928237915039,98.44344329833984,99.94277954101562,95.34111022949219
M10_YHUR_SHUR,10,HUR,HUR,2025-01-29,2025-01-29,1,Yd,1434.93896484375,1503.32958984375,1503.1195068359375,1542.0703125,1526.5859375
M10_YHUR_SHUR,10,HUR,HUR,2025-01-29,2025-01-29,1,TSE,1361.1611328125,1493.975830078125,1496.2479248046875,1478.1988525390625,1495.8294677734375
M10_YHUR_SHUR,10,HUR,HUR,2025-01-29,2025-01-29,1,TSEC,116.42608642578125,99.79168701171875,98.64933013916016,97.49739074707031,98.11949920654297
M10_YHUR_SHUR,10,HUR,HUR,2025-01-29,2025-01-30,2,Yd,1666.5577392578125,1503.32958984375,1499.376708984375,1511.640869140625,1557.2684326171875
M10_YHUR_SHUR,10,HUR,HUR,2025-01-29,2025-01-30,2,TSE,1570.0428466796875,1493.975830078125,1519.4638671875,1474.3695068359375,1500.5364990234375
M10_YHUR_SHUR,10,HUR,HUR,2025-01-29,2025-01-30,2,TSEC,104.2420425415039,99.79168701171875,98.65287017822266,97.3888168334961,96.29627990722656
M10_YHUR_SHUR,10,HUR,HUR,2025-01-29,2025-01-31,3,Yd,1428.9404296875,1503.32958984375,1501.6474609375,1533.8367919921875,1583.3336181640625
M10_YHUR_SHUR,10,HUR,HUR,2025-01-29,2025-01-31,3,TSE,1239.218505859375,1493.975830078125,1500.1572265625,1490.3370361328125,1510.9901123046875
M10_YHUR_SHUR,10,HUR,HUR,2025-01-29,2025-01-31,3,TSEC,103.09405517578125,99.79168701171875,98.5378646850586,99.89225006103516,94.8985824584961
M10_YHUR_SHUR,10,HUR,HUR,2025-01-30,2025-01-30,1,Yd,1666.5577392578125,1503.239501953125,1500.365478515625,1519.9302978515625,1540.64892578125
M10_YHUR_SHUR,10,HUR,HUR,2025-01-30,2025-01-30,1,TSE,1570.0428466796875,1493.801025390625,1536.2540283203125,1504.9892578125,1501.3792724609375
M10_YHUR_SHUR,10,HUR,HUR,2025-01-30,2025-01-30,1,TSEC,104.2420425415039,99.8135757446289,98.2126693725586,96.11451721191406,97.91404724121094
M10_YHUR_SHUR,10,HUR,HUR,2025-01-30,2025-01-31,2,Yd,1428.9404296875,1503.239501953125,1525.47802734375,1501.2166748046875,1575.9515380859375
M10_YHUR_SHUR,10,HUR,HUR,2025-01-30,2025-01-31,2,TSE,1239.218505859375,1493.801025390625,1502.404052734375,1492.435791015625,1513.33740234375
M10_YHUR_SHUR,10,HUR,HUR,2025-01-30,2025-01-31,2,TSEC,103.09405517578125,99.8135757446289,98.08390045166016,95.21095275878906,96.18164825439453
M10_YHUR_SHUR,10,HUR,HUR,2025-01-30,2025-02-01,3,Yd,1686.455078125,1503.239501953125,1510.7760009765625,1556.968994140625,1595.8995361328125
M10_YHUR_SHUR,10,HUR,HUR,2025-01-30,2025-02-01,3,TSE,1429.0850830078125,1493.801025390625,1527.9630126953125,1547.8077392578125,1528.1783447265625
M10_YHUR_SHUR,10,HUR,HUR,2025-01-30,2025-02-01,3,TSEC,118.84085083007812,99.8135757446289,97.42268371582031,97.92179107666016,95.37077331542969
M10_YHUR_SHUR,10,HUR,HUR,2025-01-31,2025-01-31,1,Yd,1428.9404296875,1503.4539794921875,1528.8209228515625,1536.971923828125,1545.7744140625
M10_YHUR_SHUR,10,HUR,HUR,2025-01-31,2025-01-31,1,TSE,1239.218505859375,1493.9012451171875,1504.236083984375,1459.29736328125,1509.383056640625
M10_YHUR_SHUR,10,HUR,HUR,2025-01-31,2025-01-31,1,TSEC,103.09405517578125,99.81939697265625,98.72312927246094,96.65481567382812,97.80632781982422
M10_YHUR_SHUR,10,HUR,HUR,2025-01-31,2025-02-01,2,Yd,1686.455078125,1503.4539794921875,1511.4959716796875,1534.413818359375,1576.511962890625
M10_YHUR_SHUR,10,HUR,HUR,2025-01-31,2025-02-01,2,TSE,1429.0850830078125,1493.9012451171875,1497.7823486328125,1452.1361083984375,1526.283447265625
M10_YHUR_SHUR,10,HUR,HUR,2025-01-31,2025-02-01,2,TSEC,118.84085083007812,99.81939697265625,98.5833969116211,95.30992126464844,96.5279769897461
M10_YHUR_SHUR,10,HUR,HUR,2025-01-31,2025-02-02,3,Yd,1508.7427978515625,1503.4539794921875,1483.4183349609375,1541.568359375,1591.6253662109375
M10_YHUR_SHUR,10,HUR,HUR,2025-01-31,2025-02-02,3,TSE,1539.82958984375,1493.9012451171875,1505.4327392578125,1487.1986083984375,1539.730224609375
M10_YHUR_SHUR,10,HUR,HUR,2025-01-31,2025-02-02,3,TSEC,93.50355529785156,99.81939697265625,98.68052673339844,98.99981689453125,96.33244323730469
M10_YHUR_SHUR,10,HUR,HUR,2025-02-01,2025-02-01,1,Yd,1686.455078125,1503.3563232421875,1508.9984130859375,1526.31787109375,1549.0450439453125
M10_YHUR_SHUR,10,HUR,HUR,2025-02-01,2025-02-01,1,TSE,1429.0850830078125,1493.56689453125,1516.854248046875,1539.1400146484375,1515.191162109375
M10_YHUR_SHUR,10,HUR,HUR,2025-02-01,2025-02-01,1,TSEC,118.84085083007812,99.82369232177734,98.87857055664062,99.4898681640625,98.41121673583984
M10_YHUR_SHUR,10,HUR,HUR,2025-02-01,2025-02-02,2,Yd,1508.7427978515625,1503.3563232421875,1483.8170166015625,1524.145263671875,1575.544921875
M10_YHUR_SHUR,10,HUR,HUR,2025-02-01,2025-02-02,2,TSE,1539.82958984375,1493.56689453125,1496.0076904296875,1485.134765625,1531.8392333984375
M10_YHUR_SHUR,10,HUR,HUR,2025-02-01,2025-02-02,2,TSEC,93.50355529785156,99.82369232177734,98.67205810546875,96.6482925415039,97.82571411132812
M10_YHUR_SHUR,10,HUR,HUR,2025-02-01,2025-02-03,3,Yd,1597.2960205078125,1503.3563232421875,1507.113037109375,1515.872314453125,1584.8583984375
M10_YHUR_SHUR,10,HUR,HUR,2025-02-01,2025-02-03,3,TSE,1558.291259765625,1493.56689453125,1502.4317626953125,1530.281494140625,1539.7008056640625
M10_YHUR_SHUR,10,HUR,HUR,2025-02-01,2025-02-03,3,TSEC,97.33765411376953,99.82369232177734,98.76644897460938,101.19901275634766,97.59973907470703
M10_YHUR_SHUR,10,HUR,HUR,2025-02-02,2025-02-02,1,Yd,1508.7427978515625,1503.5963134765625,1498.9466552734375,1535.87939453125,1548.5118408203125
M10_YHUR_SHUR,10,HUR,HUR,2025-02-02,2025-02-02,1,TSE,1539.82958984375,1493.482421875,1499.16748046875,1506.4449462890625,1515.2705078125
M10_YHUR_SHUR,10,HUR,HUR,2025-02-02,2025-02-02,1,TSEC,93.50355529785156,99.84862518310547,98.29227447509766,100.16773223876953,98.51643371582031
M10_YHUR_SHUR,10,HUR,HUR,2025-02-02,2025-02-03,2,Yd,1597.2960205078125,1503.5963134765625,1499.6861572265625,1517.0159912109375,1571.4315185546875
M10_YHUR_SHUR,10,HUR,HUR,2025-02-02,2025-02-03,2,TSE,1558.291259765625,1493.482421875,1489.206298828125,1480.3822021484375,1526.651123046875
M10_YHUR_SHUR,10,HUR,HUR,2025-02-02,2025-02-03,2,TSEC,97.33765411376953,99.84862518310547,99.2095947265625,98.53231048583984,97.61613464355469
M10_YHUR_SHUR,10,HUR,HUR,2025-02-02,2025-02-04,3,Yd,1513.296630859375,1503.5963134765625,1513.9774169921875,1546.9879150390625,1580.4005126953125
M10_YHUR_SHUR,10,HUR,HUR,2025-02-02,2025-02-04,3,TSE,1373.510009765625,1493.482421875,1511.7371826171875,1482.2086181640625,1525.2012939453125
M10_YHUR_SHUR,10,HUR,HUR,2025-02-02,2025-02-04,3,TSEC,117.95518493652344,99.84862518310547,98.53361511230469,101.69147491455078,96.38948822021484
M10_YHUR_SHUR,10,HUR,HUR,2025-02-03,2025-02-03,1,Yd,1597.2960205078125,1503.60302734375,1508.1575927734375,1464.0931396484375,1535.4716796875
M10_YHUR_SHUR,10,HUR,HUR,2025-02-03,2025-02-03,1,TSE,1558.291259765625,1493.543212890625,1498.75537109375,1501.3197021484375,1510.26953125
M10_YHUR_SHUR,10,HUR,HUR,2025-02-03,2025-02-03,1,TSEC,97.33765411376953,99.84031677246094,98.95794677734375,101.24461364746094,98.80847930908203
M10_YHUR_SHUR,10,HUR,HUR,2025-02-03,2025-02-04,2,Yd,1513.296630859375,1503.60302734375,1510.226318359375,1503.8458251953125,1553.1590576171875
M10_YHUR_SHUR,10,HUR,HUR,2025-02-03,2025-02-04,2,TSE,1373.510009765625,1493.543212890625,1476.255126953125,1455.581787109375,1512.92333984375
M10_YHUR_SHUR,10,HUR,HUR,2025-02-03,2025-02-04,2,TSEC,117.95518493652344,99.84031677246094,98.7351303100586,100.12747192382812,97.38957214355469
M10_YHUR_SHUR,10,HUR,HUR,2025-02-03,2025-02-05,3,Yd,1449.4359130859375,1503.60302734375,1517.4534912109375,1541.0064697265625,1570.0455322265625
M10_YHUR_SHUR,10,HUR,HUR,2025-02-03,2025-02-05,3,TSE,1575.2186279296875,1493.543212890625,1507.865234375,1453.006591796875,1507.143310546875
M10_YHUR_SHUR,10,HUR,HUR,2025-02-03,2025-02-05,3,TSEC,97.54204559326172,99.84031677246094,98.66763305664062,99.75080871582031,95.64005279541016
M10_YHUR_SHUR,10,HUR,HUR,2025-02-04,2025-02-04,1,Yd,1513.296630859375,1503.7254638671875,1519.1412353515625,1511.6119384765625,1527.9498291015625
M10_YHUR_SHUR,10,HUR,HUR,2025-02-04,2025-02-04,1,TSE,1373.510009765625,1493.6278076171875,1507.5816650390625,1479.4537353515625,1499.4364013671875
M10_YHUR_SHUR,10,HUR,HUR,2025-02-04,2025-02-04,1,TSEC,117.95518493652344,99.83704376220703,99.09553527832031,98.55992889404297,98.2546157836914
M10_YHUR_SHUR,10,HUR,HUR,2025-02-04,2025-02-05,2,Yd,1449.4359130859375,1503.7254638671875,1514.864013671875,1512.0213623046875,1552.16162109375
M10_YHUR_SHUR,10,HUR,HUR,2025-02-04,2025-02-05,2,TSE,1575.2186279296875,1493.6278076171875,1524.4373779296875,1471.477783203125,1497.811767578125
M10_YHUR_SHUR,10,HUR,HUR,2025-02-04,2025-02-05,2,TSEC,97.54204559326172,99.83704376220703,98.32965850830078,98.76605224609375,96.28528594970703
M10_YHUR_SHUR,10,HUR,HUR,2025-02-04,2025-02-06,3,Yd,1275.47900390625,1503.7254638671875,1504.9754638671875,1511.8653564453125,1579.06494140625
M10_YHUR_SHUR,10,HUR,HUR,2025-02-04,2025-02-06,3,TSE,1222.654296875,1493.6278076171875,1510.4554443359375,1496.7882080078125,1497.5455322265625
M10_YHUR_SHUR,10,HUR,HUR,2025-02-04,2025-02-06,3,TSEC,99.12216186523438,99.83704376220703,98.87799072265625,99.34795379638672,94.3542251586914
M10_YHUR_SHUR,10,HUR,HUR,2025-02-05,2025-02-05,1,Yd,1449.4359130859375,1503.7379150390625,1508.859375,1530.0966796875,1536.81982421875
M10_YHUR_SHUR,10,HUR,HUR,2025-02-05,2025-02-05,1,TSE,1575.2186279296875,1493.470947265625,1518.3057861328125,1507.136962890625,1494.9366455078125
M10_YHUR_SHUR,10,HUR,HUR,2025-02-05,2025-02-05,1,TSEC,97.54204559326172,99.86070251464844,96.93677520751953,98.6567611694336,97.66642761230469
M10_YHUR_SHUR,10,HUR,HUR,2025-02-05,2025-02-06,2,Yd,1275.47900390625,1503.7379150390625,1507.4378662109375,1506.5906982421875,1575.0828857421875
M10_YHUR_SHUR,10,HUR,HUR,2025-02-05,2025-02-06,2,TSE,1222.654296875,1493.470947265625,1510.141357421875,1513.640380859375,1496.2921142578125
M10_YHUR_SHUR,10,HUR,HUR,2025-02-05,2025-02-06,2,TSEC,99.12216186523438,99.86070251464844,98.3441162109375,96.3134765625,95.41215515136719
M10_YHUR_SHUR,10,HUR,HUR,2025-02-05,2025-02-07,3,Yd,1301.6383056640625,1503.7379150390625,1516.9180908203125,1508.389404296875,1605.222412109375
M10_YHUR_SHUR,10,HUR,HUR,2025-02-05,2025-02-07,3,TSE,1403.045654296875,1493.470947265625,1517.004638671875,1535.2015380859375,1503.5120849609375
M10_YHUR_SHUR,10,HUR,HUR,2025-02-05,2025-02-07,3,TSEC,99.1869125366211,99.86070251464844,98.36370086669922,97.53312683105469,93.6986312866211
M10_YHUR_SHUR,10,HUR,HUR,2025-02-06,2025-02-06,1,Yd,1275.47900390625,1503.667236328125,1516.8275146484375,1526.6275634765625,1539.841552734375
M10_YHUR_SHUR,10,HUR,HUR,2025-02-06,2025-02-06,1,TSE,1222.654296875,1493.5775146484375,1520.5430908203125,1453.400634765625,1499.99755859375
M10_YHUR_SHUR,10,HUR,HUR,2025-02-06,2025-02-06,1,TSEC,99.12216186523438,99.85767364501953,98.93238830566406,97.39097595214844,97.56188201904297
M10_YHUR_SHUR,10,HUR,HUR,2025-02-06,2025-02-07,2,Yd,1301.6383056640625,1503.667236328125,1501.6097412109375,1535.27294921875,1574.5054931640625
M10_YHUR_SHUR,10,HUR,HUR,2025-02-06,2025-02-07,2,TSE,1403.045654296875,1493.5775146484375,1513.2381591796875,1460.916259765625,1510.91015625
M10_YHUR_SHUR,10,HUR,HUR,2025-02-06,2025-02-07,2,TSEC,99.1869125366211,99.85767364501953,98.93316650390625,93.91442108154297,95.54225158691406
M10_YHUR_SHUR,10,HUR,HUR,2025-02-06,2025-02-08,3,Yd,1464.3009033203125,1503.667236328125,1529.7510986328125,1553.0360107421875,1593.6619873046875
M10_YHUR_SHUR,10,HUR,HUR,2025-02-06,2025-02-08,3,TSE,1821.60009765625,1493.5775146484375,1518.5780029296875,1479.6314697265625,1525.887451171875
M10_YHUR_SHUR,10,HUR,HUR,2025-02-06,2025-02-08,3,TSEC,89.91487884521484,99.85767364501953,98.86380004882812,96.3563003540039,94.50993347167969
M10_YHUR_SHUR,10,HUR,HUR,2025-02-07,2025-02-07,1,Yd,1301.6383056640625,1503.3701171875,1516.4833984375,1508.925537109375,1546.7041015625
M10_YHUR_SHUR,10,HUR,HUR,2025-02-07,2025-02-07,1,TSE,1403.045654296875,1493.2247314453125,1494.83837890625,1461.0009765625,1507.98828125
M10_YHUR_SHUR,10,HUR,HUR,2025-02-07,2025-02-07,1,TSEC,99.1869125366211,99.8567123413086,98.66051483154297,96.8765640258789,97.78937530517578
M10_YHUR_SHUR,10,HUR,HUR,2025-02-07,2025-02-08,2,Yd,1464.3009033203125,1503.3701171875,1503.7672119140625,1517.810546875,1577.3826904296875
M10_YHUR_SHUR,10,HUR,HUR,2025-02-07,2025-02-08,2,TSE,1821.60009765625,1493.2247314453125,1495.0313720703125,1450.7379150390625,1522.984130859375
M10_YHUR_SHUR,10,HUR,HUR,2025-02-07,2025-02-08,2,TSEC,89.91487884521484,99.8567123413086,98.8303451538086,95.42742919921875,96.48332977294922
M10_YHUR_SHUR,10,HUR,HUR,2025-02-07,2025-02-09,3,Yd,1486.13232421875,1503.3701171875,1496.3441162109375,1529.3052978515625,1593.4638671875
M10_YHUR_SHUR,10,HUR,HUR,2025-02-07,2025-02-09,3,TSE,1484.8328857421875,1493.2247314453125,1506.409912109375,1523.142578125,1535.2354736328125
M10_YHUR_SHUR,10,HUR,HUR,2025-02-07,2025-02-09,3,TSEC,103.53075408935547,99.8567123413086,98.85281372070312,98.29469299316406,96.31622314453125
M10_YHUR_SHUR,10,HUR,HUR,2025-02-08,2025-02-08,1,Yd,1464.3009033203125,1503.1077880859375,1487.1585693359375,1544.0677490234375,1546.4403076171875
M10_YHUR_SHUR,10,HUR,HUR,2025-02-08,2025-02-08,1,TSE,1821.60009765625,1493.107421875,1511.7152099609375,1463.2713623046875,1513.5908203125
M10_YHUR_SHUR,10,HUR,HUR,2025-02-08,2025-02-08,1,TSEC,89.91487884521484,99.85584259033203,98.44819641113281,98.54440307617188,98.48030090332031
M10_YHUR_SHUR,10,HUR,HUR,2025-02-08,2025-02-09,2,Yd,1486.13232421875,1503.1077880859375,1498.41650390625,1547.598876953125,1572.2186279296875
M10_YHUR_SHUR,10,HUR,HUR,2025-02-08,2025-02-09,2,TSE,1484.8328857421875,1493.107421875,1497.886962890625,1454.966796875,1528.8951416015625
M10_YHUR_SHUR,10,HUR,HUR,2025-02-08,2025-02-09,2,TSEC,103.53075408935547,99.85584259033203,99.05025482177734,99.75145721435547,97.95796966552734
M10_YHUR_SHUR,10,HUR,HUR,2025-02-08,2025-02-10,3,Yd,1472.8587646484375,1503.1077880859375,1499.65185546875,1577.960693359375,1580.5933837890625
M10_YHUR_SHUR,10,HUR,HUR,2025-02-08,2025-02-10,3,TSE,1635.1995849609375,1493.107421875,1490.4112548828125,1490.78564453125,1536.2105712890625
M10_YHUR_SHUR,10,HUR,HUR,2025-02-08,2025-02-10,3,TSEC,96.02031707763672,99.85584259033203,98.8763427734375,97.38169860839844,97.77571868896484
M10_YHUR_SHUR,10,HUR,HUR,2025-02-09,2025-02-09,1,Yd,1486.13232421875,1503.0574951171875,1484.91552734375,1496.8521728515625,1532.4638671875
M10_YHUR_SHUR,10,HUR,HUR,2025-02-09,2025-02-09,1,TSE,1484.8328857421875,1493.5340576171875,1503.41162109375,1452.3946533203125,1515.2103271484375
M10_YHUR_SHUR,10,HUR,HUR,2025-02-09,2025-02-09,1,TSEC,103.53075408935547,99.84292602539062,98.99723815917969,100.80531311035156,99.28333282470703
M10_YHUR_SHUR,10,HUR,HUR,2025-02-09,2025-02-10,2,Yd,1472.8587646484375,1503.0574951171875,1523.838623046875,1499.99853515625,1545.40576171875
M10_YHUR_SHUR,10,HUR,HUR,2025-02-09,2025-02-10,2,TSE,1635.1995849609375,1493.5340576171875,1486.249755859375,1448.896728515625,1526.944091796875
M10_YHUR_SHUR,10,HUR,HUR,2025-02-09,2025-02-10,2,TSEC,96.02031707763672,99.84292602539062,98.97785186767578,99.50712585449219,98.93726348876953
M10_YHUR_SHUR,10,HUR,HUR,2025-02-09,2025-02-11,3,Yd,1406.875,1503.0574951171875,1476.8414306640625,1506.1951904296875,1548.1614990234375
M10_YHUR_SHUR,10,HUR,HUR,2025-02-09,2025-02-11,3,TSE,1426.1845703125,1493.5340576171875,1518.1165771484375,1460.65283203125,1528.165771484375
M10_YHUR_SHUR,10,HUR,HUR,2025-02-09,2025-02-11,3,TSEC,97.91912078857422,99.84292602539062,98.50797271728516,101.73926544189453,98.22906494140625
M10_YHUR_SHUR,10,HUR,HUR,2025-02-10,2025-02-10,1,Yd,1472.8587646484375,1503.035400390625,1502.0858154296875,1502.0750732421875,1524.52099609375
M10_YHUR_SHUR,10,HUR,HUR,2025-02-10,2025-02-10,1,TSE,1635.1995849609375,1493.5228271484375,1486.9871826171875,1491.568603515625,1511.19482421875
M10_YHUR_SHUR,10,HUR,HUR,2025-02-10,2025-02-10,1,TSEC,96.02031707763672,99.84770202636719,98.95541381835938,99.73294067382812,99.28392791748047
M10_YHUR_SHUR,10,HUR,HUR,2025-02-10,2025-02-11,2,Yd,1406.875,1503.035400390625,1505.5498046875,1513.0479736328125,1536.5926513671875
M10_YHUR_SHUR,10,HUR,HUR,2025-02-10,2025-02-11,2,TSE,1426.1845703125,1493.5228271484375,1519.446044921875,1452.6864013671875,1515.4302978515625
M10_YHUR_SHUR,10,HUR,HUR,2025-02-10,2025-02-11,2,TSEC,97.91912078857422,99.84770202636719,98.36058807373047,98.10823822021484,98.37860870361328
M10_YHUR_SHUR,10,HUR,HUR,2025-02-10,2025-02-12,3,Yd,1354.6602783203125,1503.035400390625,1513.9990234375,1505.9927978515625,1546.1611328125
M10_YHUR_SHUR,10,HUR,HUR,2025-02-10,2025-02-12,3,TSE,1589.209716796875,1493.5228271484375,1507.5374755859375,1499.437255859375,1511.4549560546875
M10_YHUR_SHUR,10,HUR,HUR,2025-02-10,2025-02-12,3,TSEC,106.08895111083984,99.84770202636719,98.93472290039062,98.91996002197266,96.9454116821289
M10_YHUR_SHUR,10,HUR,HUR,2025-02-11,2025-02-11,1,Yd,1406.875,1502.9964599609375,1485.8433837890625,1479.7294921875,1516.9693603515625
M10_YHUR_SHUR,10,HUR,HUR,2025-02-11,2025-02-11,1,TSE,1426.1845703125,1493.706298828125,1514.220458984375,1489.4466552734375,1502.443359375
M10_YHUR_SHUR,10,HUR,HUR,2025-02-11,2025-02-11,1,TSEC,97.91912078857422,99.8427505493164,99.12152862548828,99.73751068115234,99.05398559570312
M10_YHUR_SHUR,10,HUR,HUR,2025-02-11,2025-02-12,2,Yd,1354.6602783203125,1502.9964599609375,1487.9390869140625,1499.2021484375,1530.01708984375
M10_YHUR_SHUR,10,HUR,HUR,2025-02-11,2025-02-12,2,TSE,1589.209716796875,1493.706298828125,1497.9195556640625,1491.9871826171875,1503.8182373046875
M10_YHUR_SHUR,10,HUR,HUR,2025-02-11,2025-02-12,2,TSEC,106.08895111083984,99.8427505493164,98.6368408203125,98.79399108886719,97.65550231933594
M10_YHUR_SHUR,10,HUR,HUR,2025-02-11,2025-02-13,3,Yd,1457.546875,1502.9964599609375,1511.0828857421875,1500.9090576171875,1546.3753662109375
M10_YHUR_SHUR,10,HUR,HUR,2025-02-11,2025-02-13,3,TSE,1526.35400390625,1493.706298828125,1514.5882568359375,1490.10546875,1505.0423583984375
M10_YHUR_SHUR,10,HUR,HUR,2025-02-11,2025-02-13,3,TSEC,84.96159362792969,99.8427505493164,98.99759674072266,98.31832885742188,96.02981567382812
M10_YHUR_SHUR,10,HUR,HUR,2025-02-12,2025-02-12,1,Yd,1354.6602783203125,1502.8719482421875,1486.1256103515625,1487.1572265625,1518.6097412109375
M10_YHUR_SHUR,10,HUR,HUR,2025-02-12,2025-02-12,1,TSE,1589.209716796875,1493.6190185546875,1506.8466796875,1494.6480712890625,1498.613037109375
M10_YHUR_SHUR,10,HUR,HUR,2025-02-12,2025-02-12,1,TSEC,106.08895111083984,99.84026336669922,97.50138092041016,98.63926696777344,98.49744415283203
M10_YHUR_SHUR,10,HUR,HUR,2025-02-12,2025-02-13,2,Yd,1457.546875,1502.8719482421875,1509.81591796875,1506.3525390625,1539.3192138671875
M10_YHUR_SHUR,10,HUR,HUR,2025-02-12,2025-02-13,2,TSE,1526.35400390625,1493.6190185546875,1529.392822265625,1514.9046630859375,1503.2174072265625
M10_YHUR_SHUR,10,HUR,HUR,2025-02-12,2025-02-13,2,TSEC,84.96159362792969,99.84026336669922,98.77100372314453,97.79176330566406,96.79411315917969
M10_YHUR_SHUR,10,HUR,HUR,2025-02-12,2025-02-14,3,Yd,1319.5650634765625,1502.8719482421875,1496.043701171875,1505.339599609375,1559.56005859375
M10_YHUR_SHUR,10,HUR,HUR,2025-02-12,2025-02-14,3,TSE,1300.99951171875,1493.6190185546875,1511.2772216796875,1509.2772216796875,1511.6005859375
M10_YHUR_SHUR,10,HUR,HUR,2025-02-12,2025-02-14,3,TSEC,80.52786254882812,99.84026336669922,98.66307830810547,98.49869537353516,95.3723373413086
M10_YHUR_SHUR,10,HUR,HUR,2025-02-13,2025-02-13,1,Yd,1457.546875,1502.6805419921875,1503.2806396484375,1479.9423828125,1524.142578125
M10_YHUR_SHUR,10,HUR,HUR,2025-02-13,2025-02-13,1,TSE,1526.35400390625,1493.7425537109375,1534.2003173828125,1496.1302490234375,1500.5379638671875
M10_YHUR_SHUR,10,HUR,HUR,2025-02-13,2025-02-13,1,TSEC,84.96159362792969,99.84833526611328,98.736572265625,95.56043243408203,98.19459533691406
M10_YHUR_SHUR,10,HUR,HUR,2025-02-13,2025-02-14,2,Yd,1319.5650634765625,1502.6805419921875,1529.459228515625,1510.361083984375,1547.736572265625
M10_YHUR_SHUR,10,HUR,HUR,2025-02-13,2025-02-14,2,TSE,1300.99951171875,1493.7425537109375,1506.7158203125,1491.369873046875,1510.0369873046875
M10_YHUR_SHUR,10,HUR,HUR,2025-02-13,2025-02-14,2,TSEC,80.52786254882812,99.84833526611328,98.93415069580078,96.73448181152344,96.58415222167969
M10_YHUR_SHUR,10,HUR,HUR,2025-02-13,2025-02-15,3,Yd,1293.64794921875,1502.6805419921875,1498.1717529296875,1514.4046630859375,1564.4033203125
M10_YHUR_SHUR,10,HUR,HUR,2025-02-13,2025-02-15,3,TSE,1563.1480712890625,1493.7425537109375,1514.4222412109375,1513.516845703125,1522.5626220703125
M10_YHUR_SHUR,10,HUR,HUR,2025-02-13,2025-02-15,3,TSEC,112.13603210449219,99.84833526611328,98.9007797241211,97.76355743408203,95.90581512451172
M10_YHUR_SHUR,10,HUR,HUR,2025-02-14,2025-02-14,1,Yd,1319.5650634765625,1502.622314453125,1518.7955322265625,1516.64013671875,1527.4111328125
M10_YHUR_SHUR,10,HUR,HUR,2025-02-14,2025-02-14,1,TSE,1300.99951171875,1493.7845458984375,1505.0579833984375,1457.1470947265625,1506.3621826171875
M10_YHUR_SHUR,10,HUR,HUR,2025-02-14,2025-02-14,1,TSEC,80.52786254882812,99.8291244506836,98.71894836425781,96.96666717529297,98.27687072753906
M10_YHUR_SHUR,10,HUR,HUR,2025-02-14,2025-02-15,2,Yd,1293.64794921875,1502.622314453125,1502.9249267578125,1504.43017578125,1547.990234375
M10_YHUR_SHUR,10,HUR,HUR,2025-02-14,2025-02-15,2,TSE,1563.1480712890625,1493.7845458984375,1515.9344482421875,1426.6483154296875,1520.6470947265625
M10_YHUR_SHUR,10,HUR,HUR,2025-02-14,2025-02-15,2,TSEC,112.13603210449219,99.8291244506836,98.74633026123047,95.6014404296875,97.38069915771484
M10_YHUR_SHUR,10,HUR,HUR,2025-02-14,2025-02-16,3,Yd,1550.5230712890625,1502.622314453125,1500.824951171875,1497.3026123046875,1555.8956298828125
M10_YHUR_SHUR,10,HUR,HUR,2025-02-14,2025-02-16,3,TSE,1376.0772705078125,1493.7845458984375,1492.3017578125,1482.7933349609375,1533.772216796875
M10_YHUR_SHUR,10,HUR,HUR,2025-02-14,2025-02-16,3,TSEC,95.66015625,99.8291244506836,98.84745025634766,98.20911407470703,97.4246826171875
M10_YHUR_SHUR,10,HUR,HUR,2025-02-15,2025-02-15,1,Yd,1293.64794921875,1502.38623046875,1497.7950439453125,1513.429931640625,1525.583740234375
M10_YHUR_SHUR,10,HUR,HUR,2025-02-15,2025-02-15,1,TSE,1563.1480712890625,1493.5361328125,1525.2857666015625,1491.469482421875,1511.7789306640625
M10_YHUR_SHUR,10,HUR,HUR,2025-02-15,2025-02-15,1,TSEC,112.13603210449219,99.80425262451172,98.87982177734375,98.99758911132812,99.12971496582031
M10_YHUR_SHUR,10,HUR,HUR,2025-02-15,2025-02-16,2,Yd,1550.5230712890625,1502.38623046875,1500.7525634765625,1518.6776123046875,1536.36962890625
M10_YHUR_SHUR,10,HUR,HUR,2025-02-15,2025-02-16,2,TSE,1376.0772705078125,1493.5361328125,1527.83056640625,1440.9591064453125,1526.14404296875
M10_YHUR_SHUR,10,HUR,HUR,2025-02-15,2025-02-16,2,TSEC,95.66015625,99.80425262451172,98.65367889404297,97.72909545898438,99.17681121826172
M10_YHUR_SHUR,10,HUR,HUR,2025-02-15,2025-02-17,3,Yd,1364.668701171875,1502.38623046875,1500.5736083984375,1511.09619140625,1534.695556640625
M10_YHUR_SHUR,10,HUR,HUR,2025-02-15,2025-02-17,3,TSE,2024.3775634765625,1493.5361328125,1533.339599609375,1491.589599609375,1534.2679443359375
M10_YHUR_SHUR,10,HUR,HUR,2025-02-15,2025-02-17,3,TSEC,109.42389678955078,99.80425262451172,98.7551040649414,99.39447021484375,99.37639617919922
M10_YHUR_SHUR,10,HUR,HUR,2025-02-16,2025-02-16,1,Yd,1550.5230712890625,1502.1177978515625,1484.01953125,1503.8785400390625,1521.5584716796875
M10_YHUR_SHUR,10,HUR,HUR,2025-02-16,2025-02-16,1,TSE,1376.0772705078125,1493.6258544921875,1491.551513671875,1515.282470703125,1513.19677734375
M10_YHUR_SHUR,10,HUR,HUR,2025-02-16,2025-02-16,1,TSEC,95.66015625,99.82012176513672,97.90911102294922,101.50220489501953,99.63912200927734
M10_YHUR_SHUR,10,HUR,HUR,2025-02-16,2025-02-17,2,Yd,1364.668701171875,1502.1177978515625,1521.1270751953125,1502.306396484375,1528.45703125
M10_YHUR_SHUR,10,HUR,HUR,2025-02-16,2025-02-17,2,TSE,2024.3775634765625,1493.6258544921875,1496.29541015625,1514.564208984375,1524.44140625
M10_YHUR_SHUR,10,HUR,HUR,2025-02-16,2025-02-17,2,TSEC,109.42389678955078,99.82012176513672,99.30504608154297,96.88276672363281,99.51432800292969
M10_YHUR_SHUR,10,HUR,HUR,2025-02-16,2025-02-18,3,Yd,1490.536865234375,1502.1177978515625,1478.3726806640625,1512.29052734375,1528.9827880859375
M10_YHUR_SHUR,10,HUR,HUR,2025-02-16,2025-02-18,3,TSE,1814.16259765625,1493.6258544921875,1507.60888671875,1511.217041015625,1526.32470703125
M10_YHUR_SHUR,10,HUR,HUR,2025-02-16,2025-02-18,3,TSEC,124.50572967529297,99.82012176513672,98.2299575805664,98.90149688720703,99.14839172363281
M10_YHUR_SHUR,10,HUR,HUR,2025-02-17,2025-02-17,1,Yd,1364.668701171875,1502.179931640625,1506.880859375,1484.6571044921875,1517.0126953125
M10_YHUR_SHUR,10,HUR,HUR,2025-02-17,2025-02-17,1,TSE,2024.3775634765625,1493.474609375,1491.6968994140625,1484.614990234375,1512.0560302734375
M10_YHUR_SHUR,10,HUR,HUR,2025-02-17,2025-02-17,1,TSEC,109.42389678955078,99.81478118896484,99.44507598876953,100.87285614013672,99.63016510009766
M10_YHUR_SHUR,10,HUR,HUR,2025-02-17,2025-02-18,2,Yd,1490.536865234375,1502.179931640625,1498.4241943359375,1489.13623046875,1523.6934814453125
M10_YHUR_SHUR,10,HUR,HUR,2025-02-17,2025-02-18,2,TSE,1814.16259765625,1493.474609375,1511.7386474609375,1497.555419921875,1517.77783203125
M10_YHUR_SHUR,10,HUR,HUR,2025-02-17,2025-02-18,2,TSEC,124.50572967529297,99.81478118896484,98.08567810058594,100.3074951171875,99.02590942382812
M10_YHUR_SHUR,10,HUR,HUR,2025-02-17,2025-02-19,3,Yd,1514.76318359375,1502.179931640625,1516.1209716796875,1500.107421875,1531.188720703125
M10_YHUR_SHUR,10,HUR,HUR,2025-02-17,2025-02-19,3,TSE,1289.55908203125,1493.474609375,1497.4263916015625,1483.606689453125,1517.1724853515625
M10_YHUR_SHUR,10,HUR,HUR,2025-02-17,2025-02-19,3,TSEC,106.99919891357422,99.81478118896484,99.07071685791016,100.55667877197266,97.84965515136719
M10_YHUR_SHUR,10,HUR,HUR,2025-02-18,2025-02-18,1,Yd,1490.536865234375,1502.00341796875,1494.6240234375,1463.7003173828125,1507.432861328125
M10_YHUR_SHUR,10,HUR,HUR,2025-02-18,2025-02-18,1,TSE,1814.16259765625,1494.1561279296875,1529.7144775390625,1488.5023193359375,1500.2862548828125
M10_YHUR_SHUR,10,HUR,HUR,2025-02-18,2025-02-18,1,TSEC,124.50572967529297,99.82711029052734,98.97821807861328,99.03897094726562,99.81309509277344
M10_YHUR_SHUR,10,HUR,HUR,2025-02-18,2025-02-19,2,Yd,1514.76318359375,1502.00341796875,1517.947998046875,1512.1143798828125,1519.162109375
M10_YHUR_SHUR,10,HUR,HUR,2025-02-18,2025-02-19,2,TSE,1289.55908203125,1494.1561279296875,1496.6671142578125,1466.701904296875,1502.7496337890625
M10_YHUR_SHUR,10,HUR,HUR,2025-02-18,2025-02-19,2,TSEC,106.99919891357422,99.82711029052734,98.66914367675781,98.51676940917969,98.98001861572266
M10_YHUR_SHUR,10,HUR,HUR,2025-02-18,2025-02-20,3,Yd,1531.223876953125,1502.00341796875,1502.1295166015625,1496.706787109375,1530.8670654296875
M10_YHUR_SHUR,10,HUR,HUR,2025-02-18,2025-02-20,3,TSE,1359.333740234375,1494.1561279296875,1530.6585693359375,1487.9381103515625,1503.3663330078125
M10_YHUR_SHUR,10,HUR,HUR,2025-02-18,2025-02-20,3,TSEC,108.19760131835938,99.82711029052734,99.2393798828125,97.5535888671875,97.724853515625
M10_YHUR_SHUR,10,HUR,HUR,2025-02-19,2025-02-19,1,Yd,1514.76318359375,1501.98876953125,1510.5311279296875,1483.177490234375,1514.5294189453125
M10_YHUR_SHUR,10,HUR,HUR,2025-02-19,2025-02-19,1,TSE,1289.55908203125,1494.56640625,1506.845703125,1471.80859375,1491.9849853515625
M10_YHUR_SHUR,10,HUR,HUR,2025-02-19,2025-02-19,1,TSEC,106.99919891357422,99.85875701904297,99.18477630615234,101.83544921875,99.28297424316406
M10_YHUR_SHUR,10,HUR,HUR,2025-02-19,2025-02-20,2,Yd,1531.223876953125,1501.98876953125,1503.0960693359375,1511.061767578125,1530.20654296875
M10_YHUR_SHUR,10,HUR,HUR,2025-02-19,2025-02-20,2,TSE,1359.333740234375,1494.56640625,1526.1932373046875,1512.5557861328125,1491.5733642578125
M10_YHUR_SHUR,10,HUR,HUR,2025-02-19,2025-02-20,2,TSEC,108.19760131835938,99.85875701904297,98.74700927734375,98.10298156738281,98.07682037353516
M10_YHUR_SHUR,10,HUR,HUR,2025-02-19,2025-02-21,3,Yd,1551.80615234375,1501.98876953125,1514.82666015625,1502.6229248046875,1544.9375
M10_YHUR_SHUR,10,HUR,HUR,2025-02-19,2025-02-21,3,TSE,1709.46337890625,1494.56640625,1517.2891845703125,1520.11083984375,1496.47705078125
M10_YHUR_SHUR,10,HUR,HUR,2025-02-19,2025-02-21,3,TSEC,98.10391998291016,99.85875701904297,99.04561614990234,98.38813781738281,97.03240966796875
M10_YHUR_SHUR,10,HUR,HUR,2025-02-20,2025-02-20,1,Yd,1531.223876953125,1502.005126953125,1502.56494140625,1506.78076171875,1521.0823974609375
M10_YHUR_SHUR,10,HUR,HUR,2025-02-20,2025-02-20,1,TSE,1359.333740234375,1494.303955078125,1518.5333251953125,1496.536376953125,1495.524169921875
M10_YHUR_SHUR,10,HUR,HUR,2025-02-20,2025-02-20,1,TSEC,108.19760131835938,99.8678970336914,98.9579086303711,101.35139465332031,98.382080078125
M10_YHUR_SHUR,10,HUR,HUR,2025-02-20,2025-02-21,2,Yd,1551.80615234375,1502.005126953125,1509.7286376953125,1504.44384765625,1543.2471923828125
M10_YHUR_SHUR,10,HUR,HUR,2025-02-20,2025-02-21,2,TSE,1709.46337890625,1494.303955078125,1520.9019775390625,1490.3828125,1502.84228515625
M10_YHUR_SHUR,10,HUR,HUR,2025-02-20,2025-02-21,2,TSEC,98.10391998291016,99.8678970336914,99.07930755615234,100.56634521484375,96.91749572753906
M10_YHUR_SHUR,10,HUR,HUR,2025-02-20,2025-02-22,3,Yd,1319.940673828125,1502.005126953125,1504.058349609375,1508.5330810546875,1561.2655029296875
M10_YHUR_SHUR,10,HUR,HUR,2025-02-20,2025-02-22,3,TSE,1466.8072509765625,1494.303955078125,1504.6561279296875,1480.0948486328125,1511.3507080078125
M10_YHUR_SHUR,10,HUR,HUR,2025-02-20,2025-02-22,3,TSEC,92.74110412597656,99.8678970336914,98.8346176147461,101.60594177246094,96.3269271850586
M10_YHUR_SHUR,10,HUR,HUR,2025-02-21,2025-02-21,1,Yd,1551.80615234375,1502.04248046875,1514.1090087890625,1522.6495361328125,1529.72900390625
M10_YHUR_SHUR,10,HUR,HUR,2025-02-21,2025-02-21,1,TSE,1709.46337890625,1494.13134765625,1509.1424560546875,1508.9913330078125,1502.6397705078125
M10_YHUR_SHUR,10,HUR,HUR,2025-02-21,2025-02-21,1,TSEC,98.10391998291016,99.87854766845703,99.67639923095703,99.29011535644531,98.00787353515625
M10_YHUR_SHUR,10,HUR,HUR,2025-02-21,2025-02-22,2,Yd,1319.940673828125,1502.04248046875,1503.134521484375,1518.1160888671875,1552.2789306640625
M10_YHUR_SHUR,10,HUR,HUR,2025-02-21,2025-02-22,2,TSE,1466.8072509765625,1494.13134765625,1502.030517578125,1485.90869140625,1514.3482666015625
M10_YHUR_SHUR,10,HUR,HUR,2025-02-21,2025-02-22,2,TSEC,92.74110412597656,99.87854766845703,98.54513549804688,95.4388656616211,96.81952667236328
M10_YHUR_SHUR,10,HUR,HUR,2025-02-21,2025-02-23,3,Yd,1968.5467529296875,1502.04248046875,1499.3421630859375,1542.5377197265625,1567.494140625
M10_YHUR_SHUR,10,HUR,HUR,2025-02-21,2025-02-23,3,TSE,1721.48486328125,1494.13134765625,1508.540283203125,1537.537353515625,1521.545654296875
M10_YHUR_SHUR,10,HUR,HUR,2025-02-21,2025-02-23,3,TSEC,108.25830841064453,99.87854766845703,99.23805236816406,100.13289642333984,96.80625915527344
M10_YHUR_SHUR,10,HUR,HUR,2025-02-22,2025-02-22,1,Yd,1319.940673828125,1502.10595703125,1508.764404296875,1503.34765625,1526.8782958984375
M10_YHUR_SHUR,10,HUR,HUR,2025-02-22,2025-02-22,1,TSE,1466.8072509765625,1494.40625,1504.371337890625,1447.458984375,1507.8614501953125
M10_YHUR_SHUR,10,HUR,HUR,2025-02-22,2025-02-22,1,TSEC,92.74110412597656,99.87627410888672,97.8698501586914,100.02183532714844,98.47769927978516
M10_YHUR_SHUR,10,HUR,HUR,2025-02-22,2025-02-23,2,Yd,1968.5467529296875,1502.10595703125,1492.318603515625,1512.994873046875,1545.833251953125
M10_YHUR_SHUR,10,HUR,HUR,2025-02-22,2025-02-23,2,TSE,1721.48486328125,1494.40625,1501.7738037109375,1486.0367431640625,1516.9324951171875
M10_YHUR_SHUR,10,HUR,HUR,2025-02-22,2025-02-23,2,TSEC,108.25830841064453,99.87627410888672,98.64115905761719,99.78724670410156,98.09492492675781
M10_YHUR_SHUR,10,HUR,HUR,2025-02-22,2025-02-24,3,Yd,1440.66162109375,1502.10595703125,1506.4068603515625,1533.8411865234375,1554.9368896484375
M10_YHUR_SHUR,10,HUR,HUR,2025-02-22,2025-02-24,3,TSE,1687.33154296875,1494.40625,1467.373291015625,1469.405517578125,1518.101806640625
M10_YHUR_SHUR,10,HUR,HUR,2025-02-22,2025-02-24,3,TSEC,80.13937377929688,99.87627410888672,100.9478988647461,101.77627563476562,98.14533233642578
M10_YHUR_SHUR,10,HUR,HUR,2025-02-23,2025-02-23,1,Yd,1968.5467529296875,1501.873779296875,1489.9185791015625,1474.587646484375,1522.8834228515625
M10_YHUR_SHUR,10,HUR,HUR,2025-02-23,2025-02-23,1,TSE,1721.48486328125,1494.3712158203125,1500.2000732421875,1514.6910400390625,1507.140625
M10_YHUR_SHUR,10,HUR,HUR,2025-02-23,2025-02-23,1,TSEC,108.25830841064453,99.86717987060547,98.88334655761719,99.5817642211914,99.32801055908203
M10_YHUR_SHUR,10,HUR,HUR,2025-02-23,2025-02-24,2,Yd,1440.66162109375,1501.873779296875,1506.1175537109375,1493.5546875,1535.353271484375
M10_YHUR_SHUR,10,HUR,HUR,2025-02-23,2025-02-24,2,TSE,1687.33154296875,1494.3712158203125,1531.881591796875,1491.26318359375,1510.2471923828125
M10_YHUR_SHUR,10,HUR,HUR,2025-02-23,2025-02-24,2,TSEC,80.13937377929688,99.86717987060547,99.10272216796875,98.5252685546875,99.21483612060547
M10_YHUR_SHUR,10,HUR,HUR,2025-02-23,2025-02-25,3,Yd,1393.1121826171875,1501.873779296875,1498.2998046875,1506.825439453125,1539.900634765625
M10_YHUR_SHUR,10,HUR,HUR,2025-02-23,2025-02-25,3,TSE,1689.076904296875,1494.3712158203125,1493.074462890625,1476.4852294921875,1504.6529541015625
M10_YHUR_SHUR,10,HUR,HUR,2025-02-23,2025-02-25,3,TSEC,89.11351013183594,99.86717987060547,99.11762237548828,100.03882598876953,98.80413818359375
M10_YHUR_SHUR,10,HUR,HUR,2025-02-24,2025-02-24,1,Yd,1440.66162109375,1502.4681396484375,1544.51904296875,1508.7645263671875,1521.3260498046875
M10_YHUR_SHUR,10,HUR,HUR,2025-02-24,2025-02-24,1,TSE,1687.33154296875,1494.6605224609375,1459.14306640625,1451.82177734375,1498.4727783203125
M10_YHUR_SHUR,10,HUR,HUR,2025-02-24,2025-02-24,1,TSEC,80.13937377929688,99.87786865234375,100.96531677246094,98.81575775146484,98.97493743896484
M10_YHUR_SHUR,10,HUR,HUR,2025-02-24,2025-02-25,2,Yd,1393.1121826171875,1502.4681396484375,1485.91845703125,1515.1080322265625,1534.6461181640625
M10_YHUR_SHUR,10,HUR,HUR,2025-02-24,2025-02-25,2,TSE,1689.076904296875,1494.6605224609375,1500.9874267578125,1446.1925048828125,1491.5567626953125
M10_YHUR_SHUR,10,HUR,HUR,2025-02-24,2025-02-25,2,TSEC,89.11351013183594,99.87786865234375,99.14060974121094,94.79121398925781,97.77245330810547
M10_YHUR_SHUR,10,HUR,HUR,2025-02-24,2025-02-26,3,Yd,1332.6700439453125,1502.4681396484375,1523.1197509765625,1510.8338623046875,1546.274658203125
M10_YHUR_SHUR,10,HUR,HUR,2025-02-24,2025-02-26,3,TSE,1170.95751953125,1494.6605224609375,1529.4056396484375,1473.99609375,1481.1163330078125
M10_YHUR_SHUR,10,HUR,HUR,2025-02-24,2025-02-26,3,TSEC,116.03350067138672,99.87786865234375,97.82305908203125,95.72642517089844,96.11034393310547
M10_YHUR_SHUR,10,HUR,HUR,2025-02-25,2025-02-25,1,Yd,1393.1121826171875,1502.3895263671875,1498.618408203125,1474.754150390625,1511.496826171875
M10_YHUR_SHUR,10,HUR,HUR,2025-02-25,2025-02-25,1,TSE,1689.076904296875,1494.9056396484375,1508.6748046875,1502.6561279296875,1491.837646484375
M10_YHUR_SHUR,10,HUR,HUR,2025-02-25,2025-02-25,1,TSEC,89.11351013183594,99.85275268554688,98.7658462524414,98.78895568847656,99.23075866699219
M10_YHUR_SHUR,10,HUR,HUR,2025-02-25,2025-02-26,2,Yd,1332.6700439453125,1502.3895263671875,1508.322021484375,1501.8824462890625,1524.0501708984375
M10_YHUR_SHUR,10,HUR,HUR,2025-02-25,2025-02-26,2,TSE,1170.95751953125,1494.9056396484375,1510.9700927734375,1493.2811279296875,1488.4366455078125
M10_YHUR_SHUR,10,HUR,HUR,2025-02-25,2025-02-26,2,TSEC,116.03350067138672,99.85275268554688,98.9990234375,99.22880554199219,97.93696594238281
M10_YHUR_SHUR,10,HUR,HUR,2025-02-25,2025-02-27,3,Yd,1772.7501220703125,1502.3895263671875,1500.2952880859375,1502.759521484375,1536.1461181640625
M10_YHUR_SHUR,10,HUR,HUR,2025-02-25,2025-02-27,3,TSE,1495.751220703125,1494.9056396484375,1509.24560546875,1487.712646484375,1485.2442626953125
M10_YHUR_SHUR,10,HUR,HUR,2025-02-25,2025-02-27,3,TSEC,72.07321166992188,99.85275268554688,98.80262756347656,99.6880111694336,96.27159118652344
M10_YHUR_SHUR,10,HUR,HUR,2025-02-26,2025-02-26,1,Yd,1332.6700439453125,1502.2506103515625,1483.03857421875,1476.11474609375,1508.970703125
M10_YHUR_SHUR,10,HUR,HUR,2025-02-26,2025-02-26,1,TSE,1170.95751953125,1495.15234375,1530.8228759765625,1509.9398193359375,1493.5738525390625
M10_YHUR_SHUR,10,HUR,HUR,2025-02-26,2025-02-26,1,TSEC,116.03350067138672,99.83910369873047,98.28300476074219,99.92403411865234,98.92835235595703
M10_YHUR_SHUR,10,HUR,HUR,2025-02-26,2025-02-27,2,Yd,1772.7501220703125,1502.2506103515625,1505.6728515625,1502.8697509765625,1520.6044921875
M10_YHUR_SHUR,10,HUR,HUR,2025-02-26,2025-02-27,2,TSE,1495.751220703125,1495.15234375,1515.6558837890625,1511.15771484375,1494.1962890625
M10_YHUR_SHUR,10,HUR,HUR,2025-02-26,2025-02-27,2,TSEC,72.07321166992188,99.83910369873047,99.01997375488281,95.82943725585938,97.53324127197266
M10_YHUR_SHUR,10,HUR,HUR,2025-02-26,2025-02-28,3,Yd,1895.05419921875,1502.2506103515625,1492.4073486328125,1504.7498779296875,1532.4600830078125
M10_YHUR_SHUR,10,HUR,HUR,2025-02-26,2025-02-28,3,TSE,1735.8189697265625,1495.15234375,1528.5037841796875,1509.8951416015625,1499.2506103515625
M10_YHUR_SHUR,10,HUR,HUR,2025-02-26,2025-02-28,3,TSEC,91.7071304321289,99.83910369873047,98.64173889160156,96.7595443725586,96.31647491455078
M10_YHUR_SHUR,10,HUR,HUR,2025-02-27,2025-02-27,1,Yd,1772.7501220703125,1502.0355224609375,1490.6241455078125,1463.790283203125,1516.62255859375
M10_YHUR_SHUR,10,HUR,HUR,2025-02-27,2025-02-27,1,TSE,1495.751220703125,1494.740966796875,1485.8223876953125,1477.1536865234375,1493.771240234375
M10_YHUR_SHUR,10,HUR,HUR,2025-02-27,2025-02-27,1,TSEC,72.07321166992188,99.85964965820312,99.10208892822266,99.94915008544922,98.23614501953125
M10_YHUR_SHUR,10,HUR,HUR,2025-02-27,2025-02-28,2,Yd,1895.05419921875,1502.0355224609375,1491.748779296875,1497.3173828125,1534.038818359375
M10_YHUR_SHUR,10,HUR,HUR,2025-02-27,2025-02-28,2,TSE,1735.8189697265625,1494.740966796875,1537.5760498046875,1484.2987060546875,1499.3232421875
M10_YHUR_SHUR,10,HUR,HUR,2025-02-27,2025-02-28,2,TSEC,91.7071304321289,99.85964965820312,98.91104888916016,96.60972595214844,96.71612548828125
M10_YHUR_SHUR,10,HUR,HUR,2025-02-27,2025-03-01,3,Yd,1534.6888427734375,1502.0355224609375,1492.01123046875,1495.5882568359375,1546.7618408203125
M10_YHUR_SHUR,10,HUR,HUR,2025-02-27,2025-03-01,3,TSE,1650.282470703125,1494.740966796875,1513.4063720703125,1512.7969970703125,1509.281982421875
M10_YHUR_SHUR,10,HUR,HUR,2025-02-27,2025-03-01,3,TSEC,109.12154388427734,99.85964965820312,99.03585052490234,98.22164916992188,96.03895568847656
M10_YHUR_SHUR,10,HUR,HUR,2025-02-28,2025-02-28,1,Yd,1895.05419921875,1502.378662109375,1493.38671875,1517.6112060546875,1519.85400390625
M10_YHUR_SHUR,10,HUR,HUR,2025-02-28,2025-02-28,1,TSE,1735.8189697265625,1494.7421875,1502.6658935546875,1470.796630859375,1503.51318359375
M10_YHUR_SHUR,10,HUR,HUR,2025-02-28,2025-02-28,1,TSEC,91.7071304321289,99.8244400024414,100.29513549804688,99.5011215209961,98.14588928222656
M10_YHUR_SHUR,10,HUR,HUR,2025-02-28,2025-03-01,2,Yd,1534.6888427734375,1502.378662109375,1492.5821533203125,1475.1190185546875,1535.709716796875
M10_YHUR_SHUR,10,HUR,HUR,2025-02-28,2025-03-01,2,TSE,1650.282470703125,1494.7421875,1502.5594482421875,1461.221923828125,1516.2464599609375
M10_YHUR_SHUR,10,HUR,HUR,2025-02-28,2025-03-01,2,TSEC,109.12154388427734,99.8244400024414,97.42185974121094,99.3143310546875,97.17019653320312
M10_YHUR_SHUR,10,HUR,HUR,2025-02-28,2025-03-02,3,Yd,1624.090087890625,1502.378662109375,1495.345703125,1479.1495361328125,1540.5108642578125
M10_YHUR_SHUR,10,HUR,HUR,2025-02-28,2025-03-02,3,TSE,1355.4241943359375,1494.7421875,1522.689697265625,1507.0023193359375,1527.891845703125
M10_YHUR_SHUR,10,HUR,HUR,2025-02-28,2025-03-02,3,TSEC,101.73246765136719,99.8244400024414,99.65504455566406,99.37088012695312,97.19711303710938
M10_YHUR_SHUR,10,HUR,HUR,2025-03-01,2025-03-01,1,Yd,1534.6888427734375,1502.8756103515625,1507.5262451171875,1510.8076171875,1516.5091552734375
M10_YHUR_SHUR,10,HUR,HUR,2025-03-01,2025-03-01,1,TSE,1650.282470703125,1495.04736328125,1497.7545166015625,1481.226806640625,1509.8126220703125
M10_YHUR_SHUR,10,HUR,HUR,2025-03-01,2025-03-01,1,TSEC,109.12154388427734,99.81416320800781,98.06299591064453,97.84703063964844,98.6493148803711
M10_YHUR_SHUR,10,HUR,HUR,2025-03-01,2025-03-02,2,Yd,1624.090087890625,1502.8756103515625,1485.71875,1503.343017578125,1522.5540771484375
M10_YHUR_SHUR,10,HUR,HUR,2025-03-01,2025-03-02,2,TSE,1355.4241943359375,1495.04736328125,1515.411865234375,1498.76318359375,1523.7041015625
M10_YHUR_SHUR,10,HUR,HUR,2025-03-01,2025-03-02,2,TSEC,101.73246765136719,99.81416320800781,99.60710144042969,97.30054473876953,98.3252944946289
M10_YHUR_SHUR,10,HUR,HUR,2025-03-01,2025-03-03,3,Yd,1595.952880859375,1502.8756103515625,1501.23291015625,1501.568359375,1519.28076171875
M10_YHUR_SHUR,10,HUR,HUR,2025-03-01,2025-03-03,3,TSE,1349.6697998046875,1495.04736328125,1465.9375,1514.502197265625,1530.1492919921875
M10_YHUR_SHUR,10,HUR,HUR,2025-03-01,2025-03-03,3,TSEC,101.0804214477539,99.81416320800781,98.09025573730469,97.54936981201172,98.23638153076172
M10_YHUR_SHUR,10,HUR,HUR,2025-03-02,2025-03-02,1,Yd,1624.090087890625,1502.9158935546875,1477.831787109375,1494.62939453125,1509.92578125
M10_YHUR_SHUR,10,HUR,HUR,2025-03-02,2025-03-02,1,TSE,1355.4241943359375,1495.24365234375,1520.27197265625,1544.42138671875,1510.033935546875
M10_YHUR_SHUR,10,HUR,HUR,2025-03-02,2025-03-02,1,TSEC,101.73246765136719,99.82593536376953,98.7478256225586,98.72132873535156,99.34552001953125
M10_YHUR_SHUR,10,HUR,HUR,2025-03-02,2025-03-03,2,Yd,1595.952880859375,1502.9158935546875,1515.6141357421875,1495.9412841796875,1515.9461669921875
M10_YHUR_SHUR,10,HUR,HUR,2025-03-02,2025-03-03,2,TSE,1349.6697998046875,1495.24365234375,1473.4742431640625,1508.10888671875,1517.3284912109375
M10_YHUR_SHUR,10,HUR,HUR,2025-03-02,2025-03-03,2,TSEC,101.0804214477539,99.82593536376953,98.75948333740234,98.42711639404297,99.08235168457031
M10_YHUR_SHUR,10,HUR,HUR,2025-03-02,2025-03-04,3,Yd,1425.6806640625,1502.9158935546875,1513.6221923828125,1506.1795654296875,1519.80126953125
M10_YHUR_SHUR,10,HUR,HUR,2025-03-02,2025-03-04,3,TSE,1680.529296875,1495.24365234375,1520.5440673828125,1512.7734375,1512.14501953125
M10_YHUR_SHUR,10,HUR,HUR,2025-03-02,2025-03-04,3,TSEC,108.58018493652344,99.82593536376953,98.65787506103516,99.41050720214844,98.2777099609375
M10_YHUR_SHUR,10,HUR,HUR,2025-03-03,2025-03-03,1,Yd,1595.952880859375,1503.06884765625,1525.9739990234375,1489.3271484375,1511.8638916015625
M10_YHUR_SHUR,10,HUR,HUR,2025-03-03,2025-03-03,1,TSE,1349.6697998046875,1495.0670166015625,1469.09130859375,1505.544921875,1503.0438232421875
M10_YHUR_SHUR,10,HUR,HUR,2025-03-03,2025-03-03,1,TSEC,101.0804214477539,99.82833862304688,98.83316040039062,101.4068832397461,99.21602630615234
M10_YHUR_SHUR,10,HUR,HUR,2025-03-03,2025-03-04,2,Yd,1425.6806640625,1503.06884765625,1509.87158203125,1485.8199462890625,1520.0538330078125
M10_YHUR_SHUR,10,HUR,HUR,2025-03-03,2025-03-04,2,TSE,1680.529296875,1495.0670166015625,1521.122314453125,1513.2254638671875,1499.8470458984375
M10_YHUR_SHUR,10,HUR,HUR,2025-03-03,2025-03-04,2,TSEC,108.58018493652344,99.82833862304688,98.53313446044922,99.5692367553711,98.13336181640625
M10_YHUR_SHUR,10,HUR,HUR,2025-03-03,2025-03-05,3,Yd,1629.07373046875,1503.06884765625,1523.6407470703125,1492.81787109375,1526.161865234375
M10_YHUR_SHUR,10,HUR,HUR,2025-03-03,2025-03-05,3,TSE,1419.5167236328125,1495.0670166015625,1510.6513671875,1488.0321044921875,1493.93408203125
M10_YHUR_SHUR,10,HUR,HUR,2025-03-03,2025-03-05,3,TSEC,102.15277099609375,99.82833862304688,99.13719940185547,99.15614318847656,96.62493133544922
M10_YHUR_SHUR,10,HUR,HUR,2025-03-04,2025-03-04,1,Yd,1425.6806640625,1503.18603515625,1513.7598876953125,1483.052490234375,1512.120361328125
M10_YHUR_SHUR,10,HUR,HUR,2025-03-04,2025-03-04,1,TSE,1680.529296875,1494.8836669921875,1521.5662841796875,1528.4683837890625,1494.0498046875
M10_YHUR_SHUR,10,HUR,HUR,2025-03-04,2025-03-04,1,TSEC,108.58018493652344,99.82991790771484,98.99545288085938,99.88944244384766,98.61791229248047
M10_YHUR_SHUR,10,HUR,HUR,2025-03-04,2025-03-05,2,Yd,1629.07373046875,1503.18603515625,1517.1837158203125,1495.0013427734375,1522.8272705078125
M10_YHUR_SHUR,10,HUR,HUR,2025-03-04,2025-03-05,2,TSE,1419.5167236328125,1494.8836669921875,1511.7030029296875,1493.95556640625,1490.51220703125
M10_YHUR_SHUR,10,HUR,HUR,2025-03-04,2025-03-05,2,TSEC,102.15277099609375,99.82991790771484,98.41219329833984,95.18553924560547,96.89585876464844
M10_YHUR_SHUR,10,HUR,HUR,2025-03-04,2025-03-06,3,Yd,1435.6365966796875,1503.18603515625,1498.3563232421875,1507.015869140625,1535.4920654296875
M10_YHUR_SHUR,10,HUR,HUR,2025-03-04,2025-03-06,3,TSE,1337.7879638671875,1494.8836669921875,1534.4576416015625,1512.664794921875,1487.343017578125
M10_YHUR_SHUR,10,HUR,HUR,2025-03-04,2025-03-06,3,TSEC,103.75711822509766,99.82991790771484,98.55364227294922,96.26565551757812,94.97952270507812
M10_YHUR_SHUR,10,HUR,HUR,2025-03-05,2025-03-05,1,Yd,1629.07373046875,1503.0885009765625,1515.469482421875,1484.1165771484375,1513.47705078125
M10_YHUR_SHUR,10,HUR,HUR,2025-03-05,2025-03-05,1,TSE,1419.5167236328125,1495.1175537109375,1517.7794189453125,1500.3875732421875,1490.94873046875
M10_YHUR_SHUR,10,HUR,HUR,2025-03-05,2025-03-05,1,TSEC,102.15277099609375,99.84093475341797,98.2591781616211,99.42403411865234,98.44775390625
M10_YHUR_SHUR,10,HUR,HUR,2025-03-05,2025-03-06,2,Yd,1435.6365966796875,1503.0885009765625,1498.81689453125,1510.867919921875,1527.8341064453125
M10_YHUR_SHUR,10,HUR,HUR,2025-03-05,2025-03-06,2,TSE,1337.7879638671875,1495.1175537109375,1530.2396240234375,1488.31005859375,1490.01171875
M10_YHUR_SHUR,10,HUR,HUR,2025-03-05,2025-03-06,2,TSEC,103.75711822509766,99.84093475341797,98.31161499023438,97.4966049194336,96.61959075927734
M10_YHUR_SHUR,10,HUR,HUR,2025-03-05,2025-03-07,3,Yd,1725.7596435546875,1503.0885009765625,1493.37109375,1522.71484375,1541.5352783203125
M10_YHUR_SHUR,10,HUR,HUR,2025-03-05,2025-03-07,3,TSE,1503.745361328125,1495.1175537109375,1501.4512939453125,1533.3643798828125,1495.1141357421875
M10_YHUR_SHUR,10,HUR,HUR,2025-03-05,2025-03-07,3,TSEC,103.3753890991211,99.84093475341797,98.22845458984375,98.64907836914062,95.12201690673828
M10_YHUR_SHUR,10,HUR,HUR,2025-03-06,2025-03-06,1,Yd,1435.6365966796875,1503.246826171875,1525.2584228515625,1506.232177734375,1519.576904296875
M10_YHUR_SHUR,10,HUR,HUR,2025-03-06,2025-03-06,1,TSE,1337.7879638671875,1495.0224609375,1517.55908203125,1492.9666748046875,1494.6884765625
M10_YHUR_SHUR,10,HUR,HUR,2025-03-06,2025-03-06,1,TSEC,103.75711822509766,99.8438491821289,98.8311538696289,96.51182556152344,97.81270599365234
M10_YHUR_SHUR,10,HUR,HUR,2025-03-06,2025-03-07,2,Yd,1725.7596435546875,1503.246826171875,1510.6036376953125,1505.697021484375,1539.8787841796875
M10_YHUR_SHUR,10,HUR,HUR,2025-03-06,2025-03-07,2,TSE,1503.745361328125,1495.0224609375,1507.75732421875,1496.7957763671875,1501.8714599609375
M10_YHUR_SHUR,10,HUR,HUR,2025-03-06,2025-03-07,2,TSEC,103.3753890991211,99.8438491821289,98.53355407714844,95.6866226196289,95.93097686767578
M10_YHUR_SHUR,10,HUR,HUR,2025-03-06,2025-03-08,3,Yd,1159.257080078125,1503.246826171875,1534.6927490234375,1501.974365234375,1554.3465576171875
M10_YHUR_SHUR,10,HUR,HUR,2025-03-06,2025-03-08,3,TSE,1661.183349609375,1495.0224609375,1510.844970703125,1527.047607421875,1514.8673095703125
M10_YHUR_SHUR,10,HUR,HUR,2025-03-06,2025-03-08,3,TSEC,91.10965728759766,99.8438491821289,98.95178985595703,98.35591888427734,95.08705139160156
M10_YHUR_SHUR,10,HUR,HUR,2025-03-07,2025-03-07,1,Yd,1725.7596435546875,1503.1617431640625,1517.5235595703125,1531.22119140625,1527.01025390625
M10_YHUR_SHUR,10,HUR,HUR,2025-03-07,2025-03-07,1,TSE,1503.745361328125,1494.824951171875,1499.0238037109375,1521.6705322265625,1503.0950927734375
M10_YHUR_SHUR,10,HUR,HUR,2025-03-07,2025-03-07,1,TSEC,103.3753890991211,99.84876251220703,98.50582885742188,98.92581176757812,97.92670440673828
M10_YHUR_SHUR,10,HUR,HUR,2025-03-07,2025-03-08,2,Yd,1159.257080078125,1503.1617431640625,1505.4072265625,1523.593994140625,1546.723388671875
M10_YHUR_SHUR,10,HUR,HUR,2025-03-07,2025-03-08,2,TSE,1661.183349609375,1494.824951171875,1514.559814453125,1484.6505126953125,1517.600341796875
M10_YHUR_SHUR,10,HUR,HUR,2025-03-07,2025-03-08,2,TSEC,91.10965728759766,99.84876251220703,99.11470794677734,96.93595123291016,96.783447265625
M10_YHUR_SHUR,10,HUR,HUR,2025-03-07,2025-03-09,3,Yd,1344.2728271484375,1503.1617431640625,1504.4879150390625,1528.408447265625,1555.1549072265625
M10_YHUR_SHUR,10,HUR,HUR,2025-03-07,2025-03-09,3,TSE,1581.1336669921875,1494.824951171875,1499.826904296875,1532.3394775390625,1529.929931640625
M10_YHUR_SHUR,10,HUR,HUR,2025-03-07,2025-03-09,3,TSEC,111.42870330810547,99.84876251220703,98.62213134765625,102.59713745117188,96.6418685913086
M10_YHUR_SHUR,10,HUR,HUR,2025-03-08,2025-03-08,1,Yd,1159.257080078125,1503.441162109375,1539.3289794921875,1525.7039794921875,1529.5926513671875
M10_YHUR_SHUR,10,HUR,HUR,2025-03-08,2025-03-08,1,TSE,1661.183349609375,1494.8360595703125,1514.35498046875,1479.078369140625,1510.142333984375
M10_YHUR_SHUR,10,HUR,HUR,2025-03-08,2025-03-08,1,TSEC,91.10965728759766,99.85318756103516,97.969970703125,101.10566711425781,98.10340881347656
M10_YHUR_SHUR,10,HUR,HUR,2025-03-08,2025-03-09,2,Yd,1344.2728271484375,1503.441162109375,1477.0955810546875,1514.6151123046875,1545.7354736328125
M10_YHUR_SHUR,10,HUR,HUR,2025-03-08,2025-03-09,2,TSE,1581.1336669921875,1494.8360595703125,1503.109130859375,1464.369384765625,1525.093017578125
M10_YHUR_SHUR,10,HUR,HUR,2025-03-08,2025-03-09,2,TSEC,111.42870330810547,99.85318756103516,98.96408081054688,96.26972198486328,97.3532943725586
M10_YHUR_SHUR,10,HUR,HUR,2025-03-08,2025-03-10,3,Yd,1524.94921875,1503.441162109375,1517.7626953125,1531.66552734375,1550.033935546875
M10_YHUR_SHUR,10,HUR,HUR,2025-03-08,2025-03-10,3,TSE,1554.1749267578125,1494.8360595703125,1502.465087890625,1505.3360595703125,1530.2589111328125
M10_YHUR_SHUR,10,HUR,HUR,2025-03-08,2025-03-10,3,TSEC,97.30072021484375,99.85318756103516,100.75752258300781,102.3648681640625,97.00032806396484
M10_YHUR_SHUR,10,HUR,HUR,2025-03-09,2025-03-09,1,Yd,1344.2728271484375,1503.0098876953125,1450.88525390625,1466.6632080078125,1516.64697265625
M10_YHUR_SHUR,10,HUR,HUR,2025-03-09,2025-03-09,1,TSE,1581.1336669921875,1495.044677734375,1501.0950927734375,1516.47021484375,1511.9189453125
M10_YHUR_SHUR,10,HUR,HUR,2025-03-09,2025-03-09,1,TSEC,111.42870330810547,99.84223175048828,99.06533813476562,98.73153686523438,99.58399963378906
M10_YHUR_SHUR,10,HUR,HUR,2025-03-09,2025-03-10,2,Yd,1524.94921875,1503.0098876953125,1528.9735107421875,1495.755859375,1527.2686767578125
M10_YHUR_SHUR,10,HUR,HUR,2025-03-09,2025-03-10,2,TSE,1554.1749267578125,1495.044677734375,1497.5201416015625,1485.5447998046875,1521.468017578125
M10_YHUR_SHUR,10,HUR,HUR,2025-03-09,2025-03-10,2,TSEC,97.30072021484375,99.84223175048828,98.4940414428711,99.6614761352539,99.64055633544922
M10_YHUR_SHUR,10,HUR,HUR,2025-03-09,2025-03-11,3,Yd,1661.9422607421875,1503.0098876953125,1503.2799072265625,1519.365234375,1532.0943603515625
M10_YHUR_SHUR,10,HUR,HUR,2025-03-09,2025-03-11,3,TSE,1464.1654052734375,1495.044677734375,1494.944580078125,1463.3148193359375,1519.2933349609375
M10_YHUR_SHUR,10,HUR,HUR,2025-03-09,2025-03-11,3,TSEC,100.09394836425781,99.84223175048828,99.00743865966797,99.15931701660156,99.22406768798828
M10_YHUR_SHUR,10,HUR,HUR,2025-03-10,2025-03-10,1,Yd,1524.94921875,1502.811279296875,1520.4237060546875,1500.4300537109375,1516.915771484375
M10_YHUR_SHUR,10,HUR,HUR,2025-03-10,2025-03-10,1,TSE,1554.1749267578125,1495.15234375,1501.554443359375,1479.931640625,1504.122314453125
M10_YHUR_SHUR,10,HUR,HUR,2025-03-10,2025-03-10,1,TSEC,97.30072021484375,99.85673522949219,99.15800476074219,103.09112548828125,99.90709686279297
M10_YHUR_SHUR,10,HUR,HUR,2025-03-10,2025-03-11,2,Yd,1661.9422607421875,1502.811279296875,1507.042724609375,1509.22314453125,1527.197509765625
M10_YHUR_SHUR,10,HUR,HUR,2025-03-10,2025-03-11,2,TSE,1464.1654052734375,1495.15234375,1495.3270263671875,1490.0921630859375,1502.6265869140625
M10_YHUR_SHUR,10,HUR,HUR,2025-03-10,2025-03-11,2,TSEC,100.09394836425781,99.85673522949219,98.79148864746094,99.23438262939453,99.52276611328125
M10_YHUR_SHUR,10,HUR,HUR,2025-03-10,2025-03-12,3,Yd,1433.2333984375,1502.811279296875,1512.474853515625,1540.9940185546875,1533.8656005859375
M10_YHUR_SHUR,10,HUR,HUR,2025-03-10,2025-03-12,3,TSE,1421.239501953125,1495.15234375,1531.9034423828125,1443.0252685546875,1497.1556396484375
M10_YHUR_SHUR,10,HUR,HUR,2025-03-10,2025-03-12,3,TSEC,80.83724212646484,99.85673522949219,99.09368133544922,97.57881927490234,98.56285095214844
M10_YHUR_SHUR,10,HUR,HUR,2025-03-11,2025-03-11,1,Yd,1661.9422607421875,1502.8388671875,1507.971435546875,1474.5311279296875,1513.939453125
M10_YHUR_SHUR,10,HUR,HUR,2025-03-11,2025-03-11,1,TSE,1464.1654052734375,1495.22607421875,1499.2598876953125,1478.9327392578125,1497.3402099609375
M10_YHUR_SHUR,10,HUR,HUR,2025-03-11,2025-03-11,1,TSEC,100.09394836425781,99.85354614257812,97.93058013916016,99.79381561279297,99.55638885498047
M10_YHUR_SHUR,10,HUR,HUR,2025-03-11,2025-03-12,2,Yd,1433.2333984375,1502.8388671875,1511.0101318359375,1496.2769775390625,1524.6614990234375
M10_YHUR_SHUR,10,HUR,HUR,2025-03-11,2025-03-12,2,TSE,1421.239501953125,1495.22607421875,1532.5662841796875,1474.908447265625,1494.2769775390625
M10_YHUR_SHUR,10,HUR,HUR,2025-03-11,2025-03-12,2,TSEC,80.83724212646484,99.85354614257812,99.29318237304688,99.34676361083984,98.5669937133789
M10_YHUR_SHUR,10,HUR,HUR,2025-03-11,2025-03-13,3,Yd,1272.9078369140625,1502.8388671875,1501.0616455078125,1500.4530029296875,1535.601318359375
M10_YHUR_SHUR,10,HUR,HUR,2025-03-11,2025-03-13,3,TSE,1788.475341796875,1495.22607421875,1519.6412353515625,1495.206298828125,1492.569580078125
M10_YHUR_SHUR,10,HUR,HUR,2025-03-11,2025-03-13,3,TSEC,105.36354064941406,99.85354614257812,98.02204132080078,97.42342376708984,97.14261627197266
M10_YHUR_SHUR,10,HUR,HUR,2025-03-12,2025-03-12,1,Yd,1433.2333984375,1503.03759765625,1511.5948486328125,1497.3118896484375,1513.850830078125
M10_YHUR_SHUR,10,HUR,HUR,2025-03-12,2025-03-12,1,TSE,1421.239501953125,1495.187255859375,1531.453369140625,1497.650634765625,1494.74267578125
M10_YHUR_SHUR,10,HUR,HUR,2025-03-12,2025-03-12,1,TSEC,80.83724212646484,99.85384368896484,98.44935607910156,99.96961975097656,98.62857055664062
M10_YHUR_SHUR,10,HUR,HUR,2025-03-12,2025-03-13,2,Yd,1272.9078369140625,1503.03759765625,1504.34521484375,1502.7763671875,1527.947265625
M10_YHUR_SHUR,10,HUR,HUR,2025-03-12,2025-03-13,2,TSE,1788.475341796875,1495.187255859375,1520.2479248046875,1518.654052734375,1495.3564453125
M10_YHUR_SHUR,10,HUR,HUR,2025-03-12,2025-03-13,2,TSEC,105.36354064941406,99.85384368896484,99.04352569580078,98.3699951171875,96.87071228027344
M10_YHUR_SHUR,10,HUR,HUR,2025-03-12,2025-03-14,3,Yd,1598.5455322265625,1503.03759765625,1494.5780029296875,1503.57666015625,1541.597900390625
M10_YHUR_SHUR,10,HUR,HUR,2025-03-12,2025-03-14,3,TSE,1563.2879638671875,1495.187255859375,1518.0360107421875,1501.5692138671875,1501.4205322265625
M10_YHUR_SHUR,10,HUR,HUR,2025-03-12,2025-03-14,3,TSEC,84.34151458740234,99.85384368896484,98.46061706542969,99.43169403076172,95.44842529296875
M10_YHUR_SHUR,10,HUR,HUR,2025-03-13,2025-03-13,1,Yd,1272.9078369140625,1502.950439453125,1513.549560546875,1477.34326171875,1513.2205810546875
M10_YHUR_SHUR,10,HUR,HUR,2025-03-13,2025-03-13,1,TSE,1788.475341796875,1495.0950927734375,1477.9427490234375,1455.73876953125,1500.7635498046875
M10_YHUR_SHUR,10,HUR,HUR,2025-03-13,2025-03-13,1,TSEC,105.36354064941406,99.83013153076172,99.97599029541016,98.38050079345703,98.39179229736328
M10_YHUR_SHUR,10,HUR,HUR,2025-03-13,2025-03-14,2,Yd,1598.5455322265625,1502.950439453125,1509.0499267578125,1486.1331787109375,1527.0762939453125
M10_YHUR_SHUR,10,HUR,HUR,2025-03-13,2025-03-14,2,TSE,1563.2879638671875,1495.0950927734375,1509.2127685546875,1463.0916748046875,1509.5618896484375
M10_YHUR_SHUR,10,HUR,HUR,2025-03-13,2025-03-14,2,TSEC,84.34151458740234,99.83013153076172,97.75462341308594,99.10530090332031,96.96605682373047
M10_YHUR_SHUR,10,HUR,HUR,2025-03-13,2025-03-15,3,Yd,1355.1236572265625,1502.950439453125,1523.9276123046875,1488.118408203125,1538.198974609375
M10_YHUR_SHUR,10,HUR,HUR,2025-03-13,2025-03-15,3,TSE,1568.3931884765625,1495.0950927734375,1510.8802490234375,1469.9232177734375,1521.2789306640625
M10_YHUR_SHUR,10,HUR,HUR,2025-03-13,2025-03-15,3,TSEC,100.6907730102539,99.83013153076172,99.44853973388672,98.16650390625,96.41332244873047
M10_YHUR_SHUR,10,HUR,HUR,2025-03-14,2025-03-14,1,Yd,1598.5455322265625,1502.6640625,1488.4990234375,1495.68408203125,1512.8551025390625
M10_YHUR_SHUR,10,HUR,HUR,2025-03-14,2025-03-14,1,TSE,1563.2879638671875,1495.46044921875,1525.7088623046875,1479.2889404296875,1504.607421875
M10_YHUR_SHUR,10,HUR,HUR,2025-03-14,2025-03-14,1,TSEC,84.34151458740234,99.83702087402344,97.73994445800781,99.96761322021484,98.74017333984375
M10_YHUR_SHUR,10,HUR,HUR,2025-03-14,2025-03-15,2,Yd,1355.1236572265625,1502.6640625,1522.719482421875,1502.57958984375,1523.397705078125
M10_YHUR_SHUR,10,HUR,HUR,2025-03-14,2025-03-15,2,TSE,1568.3931884765625,1495.46044921875,1492.9031982421875,1526.68603515625,1518.6788330078125
M10_YHUR_SHUR,10,HUR,HUR,2025-03-14,2025-03-15,2,TSEC,100.6907730102539,99.83702087402344,99.7501449584961,98.09453582763672,98.16710662841797
M10_YHUR_SHUR,10,HUR,HUR,2025-03-14,2025-03-16,3,Yd,1453.8450927734375,1502.6640625,1503.1136474609375,1509.53955078125,1530.768310546875
M10_YHUR_SHUR,10,HUR,HUR,2025-03-14,2025-03-16,3,TSE,1687.082275390625,1495.46044921875,1521.5482177734375,1541.145263671875,1532.3419189453125
M10_YHUR_SHUR,10,HUR,HUR,2025-03-14,2025-03-16,3,TSEC,94.18170928955078,99.83702087402344,98.07795715332031,100.48170471191406,98.50651550292969
M10_YHUR_SHUR,10,HUR,HUR,2025-03-15,2025-03-15,1,Yd,1355.1236572265625,1502.7833251953125,1525.10693359375,1480.7852783203125,1508.9686279296875
M10_YHUR_SHUR,10,HUR,HUR,2025-03-15,2025-03-15,1,TSE,1568.3931884765625,1495.5447998046875,1520.4127197265625,1470.9034423828125,1511.23388671875
M10_YHUR_SHUR,10,HUR,HUR,2025-03-15,2025-03-15,1,TSEC,100.6907730102539,99.8177490234375,99.41668701171875,99.48407745361328,99.33345794677734
M10_YHUR_SHUR,10,HUR,HUR,2025-03-15,2025-03-16,2,Yd,1453.8450927734375,1502.7833251953125,1506.447021484375,1502.4923095703125,1512.8404541015625
M10_YHUR_SHUR,10,HUR,HUR,2025-03-15,2025-03-16,2,TSE,1687.082275390625,1495.5447998046875,1533.8802490234375,1470.9476318359375,1529.4468994140625
M10_YHUR_SHUR,10,HUR,HUR,2025-03-15,2025-03-16,2,TSEC,94.18170928955078,99.8177490234375,98.35710906982422,99.62135314941406,99.4328384399414
M10_YHUR_SHUR,10,HUR,HUR,2025-03-15,2025-03-17,3,Yd,1714.7381591796875,1502.7833251953125,1506.7642822265625,1496.1553955078125,1514.4820556640625
M10_YHUR_SHUR,10,HUR,HUR,2025-03-15,2025-03-17,3,TSE,1397.5771484375,1495.5447998046875,1521.676025390625,1495.4932861328125,1540.3277587890625
M10_YHUR_SHUR,10,HUR,HUR,2025-03-15,2025-03-17,3,TSEC,97.364990234375,99.8177490234375,99.08868408203125,101.73477172851562,99.78681182861328
M10_YHUR_SHUR,10,HUR,HUR,2025-03-16,2025-03-16,1,Yd,1453.8450927734375,1502.599853515625,1485.3720703125,1489.2750244140625,1506.590576171875
M10_YHUR_SHUR,10,HUR,HUR,2025-03-16,2025-03-16,1,TSE,1687.082275390625,1495.6353759765625,1533.4947509765625,1515.3502197265625,1514.4853515625
M10_YHUR_SHUR,10,HUR,HUR,2025-03-16,2025-03-16,1,TSEC,94.18170928955078,99.8188247680664,98.33464050292969,101.6269302368164,100.12085723876953
M10_YHUR_SHUR,10,HUR,HUR,2025-03-16,2025-03-17,2,Yd,1714.7381591796875,1502.599853515625,1497.046142578125,1499.1849365234375,1512.405029296875
M10_YHUR_SHUR,10,HUR,HUR,2025-03-16,2025-03-17,2,TSE,1397.5771484375,1495.6353759765625,1518.9951171875,1492.685791015625,1525.4581298828125
M10_YHUR_SHUR,10,HUR,HUR,2025-03-16,2025-03-17,2,TSEC,97.364990234375,99.8188247680664,99.10000610351562,98.73680877685547,100.39196014404297
M10_YHUR_SHUR,10,HUR,HUR,2025-03-16,2025-03-18,3,Yd,1534.718017578125,1502.599853515625,1485.7623291015625,1514.2161865234375,1515.3248291015625
M10_YHUR_SHUR,10,HUR,HUR,2025-03-16,2025-03-18,3,TSE,1521.0430908203125,1495.6353759765625,1490.421142578125,1498.6654052734375,1528.414794921875
M10_YHUR_SHUR,10,HUR,HUR,2025-03-16,2025-03-18,3,TSEC,96.9646224975586,99.8188247680664,99.17858123779297,97.94503784179688,100.12440490722656
M10_YHUR_SHUR,10,HUR,HUR,2025-03-17,2025-03-17,1,Yd,1714.7381591796875,1502.5394287109375,1502.3182373046875,1489.8800048828125,1502.6864013671875
M10_YHUR_SHUR,10,HUR,HUR,2025-03-17,2025-03-17,1,TSE,1397.5771484375,1495.872802734375,1494.9093017578125,1492.4888916015625,1506.8876953125
M10_YHUR_SHUR,10,HUR,HUR,2025-03-17,2025-03-17,1,TSEC,97.364990234375,99.81184387207031,101.09413146972656,101.33445739746094,100.46698760986328
M10_YHUR_SHUR,10,HUR,HUR,2025-03-17,2025-03-18,2,Yd,1534.718017578125,1502.5394287109375,1501.0247802734375,1500.7005615234375,1507.0888671875
M10_YHUR_SHUR,10,HUR,HUR,2025-03-17,2025-03-18,2,TSE,1521.0430908203125,1495.872802734375,1511.5191650390625,1489.79541015625,1510.6160888671875
M10_YHUR_SHUR,10,HUR,HUR,2025-03-17,2025-03-18,2,TSEC,96.9646224975586,99.81184387207031,99.3808364868164,99.51365661621094,100.24009704589844
M10_YHUR_SHUR,10,HUR,HUR,2025-03-17,2025-03-19,3,Yd,1571.0841064453125,1502.5394287109375,1506.365234375,1501.1539306640625,1513.720458984375
M10_YHUR_SHUR,10,HUR,HUR,2025-03-17,2025-03-19,3,TSE,1606.801025390625,1495.872802734375,1524.7537841796875,1499.822021484375,1511.4632568359375
M10_YHUR_SHUR,10,HUR,HUR,2025-03-17,2025-03-19,3,TSEC,113.79669189453125,99.81184387207031,98.28030395507812,99.4046630859375,99.38214111328125
M10_YHUR_SHUR,10,HUR,HUR,2025-03-18,2025-03-18,1,Yd,1534.718017578125,1502.8023681640625,1503.5250244140625,1468.8582763671875,1506.268310546875
M10_YHUR_SHUR,10,HUR,HUR,2025-03-18,2025-03-18,1,TSE,1521.0430908203125,1495.7509765625,1495.652099609375,1485.7691650390625,1503.8326416015625
M10_YHUR_SHUR,10,HUR,HUR,2025-03-18,2025-03-18,1,TSEC,96.9646224975586,99.80879974365234,98.72116088867188,100.21820068359375,99.63084411621094
M10_YHUR_SHUR,10,HUR,HUR,2025-03-18,2025-03-19,2,Yd,1571.0841064453125,1502.8023681640625,1508.656982421875,1501.0880126953125,1512.186279296875
M10_YHUR_SHUR,10,HUR,HUR,2025-03-18,2025-03-19,2,TSE,1606.801025390625,1495.7509765625,1498.2052001953125,1495.085205078125,1506.9244384765625
M10_YHUR_SHUR,10,HUR,HUR,2025-03-18,2025-03-19,2,TSEC,113.79669189453125,99.80879974365234,98.7222671508789,98.8746109008789,98.80423736572266
M10_YHUR_SHUR,10,HUR,HUR,2025-03-18,2025-03-20,3,Yd,1097.074462890625,1502.8023681640625,1514.6839599609375,1482.5614013671875,1519.00830078125
M10_YHUR_SHUR,10,HUR,HUR,2025-03-18,2025-03-20,3,TSE,1773.4931640625,1495.7509765625,1561.662109375,1505.5953369140625,1509.09375
M10_YHUR_SHUR,10,HUR,HUR,2025-03-18,2025-03-20,3,TSEC,80.3287353515625,99.80879974365234,98.84980773925781,99.04004669189453,97.510498046875
M10_YHUR_SHUR,10,HUR,HUR,2025-03-19,2025-03-19,1,Yd,1571.0841064453125,1502.8419189453125,1492.9483642578125,1476.120849609375,1505.8939208984375
M10_YHUR_SHUR,10,HUR,HUR,2025-03-19,2025-03-19,1,TSE,1606.801025390625,1495.7823486328125,1519.7969970703125,1506.79345703125,1501.5814208984375
M10_YHUR_SHUR,10,HUR,HUR,2025-03-19,2025-03-19,1,TSEC,113.79669189453125,99.80529022216797,98.72513580322266,98.87300872802734,99.10647583007812
M10_YHUR_SHUR,10,HUR,HUR,2025-03-19,2025-03-20,2,Yd,1097.074462890625,1502.8419189453125,1495.47119140625,1496.8193359375,1513.9178466796875
M10_YHUR_SHUR,10,HUR,HUR,2025-03-19,2025-03-20,2,TSE,1773.4931640625,1495.7823486328125,1525.614990234375,1495.700439453125,1506.96484375
M10_YHUR_SHUR,10,HUR,HUR,2025-03-19,2025-03-20,2,TSEC,80.3287353515625,99.80529022216797,98.8255844116211,97.83683776855469,97.86007690429688
M10_YHUR_SHUR,10,HUR,HUR,2025-03-19,2025-03-21,3,Yd,1601.1204833984375,1502.8419189453125,1494.2042236328125,1496.215087890625,1523.2945556640625
M10_YHUR_SHUR,10,HUR,HUR,2025-03-19,2025-03-21,3,TSE,1272.4443359375,1495.7823486328125,1507.485595703125,1511.265380859375,1516.3134765625
M10_YHUR_SHUR,10,HUR,HUR,2025-03-19,2025-03-21,3,TSEC,104.93819427490234,99.80529022216797,98.70230865478516,98.69882202148438,96.74789428710938
M10_YHUR_SHUR,10,HUR,HUR,2025-03-20,2025-03-20,1,Yd,1097.074462890625,1502.9261474609375,1522.2275390625,1503.3192138671875,1510.282470703125
M10_YHUR_SHUR,10,HUR,HUR,2025-03-20,2025-03-20,1,TSE,1773.4931640625,1495.919677734375,1482.5302734375,1511.7896728515625,1500.6280517578125
M10_YHUR_SHUR,10,HUR,HUR,2025-03-20,2025-03-20,1,TSEC,80.3287353515625,99.82257843017578,97.40621185302734,98.79866027832031,98.5709228515625
M10_YHUR_SHUR,10,HUR,HUR,2025-03-20,2025-03-21,2,Yd,1601.1204833984375,1502.9261474609375,1490.296875,1503.2369384765625,1522.7896728515625
M10_YHUR_SHUR,10,HUR,HUR,2025-03-20,2025-03-21,2,TSE,1272.4443359375,1495.919677734375,1484.9453125,1519.1986083984375,1509.99267578125
M10_YHUR_SHUR,10,HUR,HUR,2025-03-20,2025-03-21,2,TSEC,104.93819427490234,99.82257843017578,99.58651733398438,95.57360076904297,97.28286743164062
M10_YHUR_SHUR,10,HUR,HUR,2025-03-20,2025-03-22,3,Yd,1629.396240234375,1502.9261474609375,1526.904052734375,1510.5439453125,1533.89697265625
M10_YHUR_SHUR,10,HUR,HUR,2025-03-20,2025-03-22,3,TSE,1473.9793701171875,1495.919677734375,1513.5035400390625,1526.2061767578125,1522.135009765625
M10_YHUR_SHUR,10,HUR,HUR,2025-03-20,2025-03-22,3,TSEC,100.51486206054688,99.82257843017578,97.92857360839844,96.24925994873047,96.88983917236328
M10_YHUR_SHUR,10,HUR,HUR,2025-03-21,2025-03-21,1,Yd,1601.1204833984375,1502.4251708984375,1487.3990478515625,1468.351318359375,1503.2880859375
M10_YHUR_SHUR,10,HUR,HUR,2025-03-21,2025-03-21,1,TSE,1272.4443359375,1496.2623291015625,1516.674560546875,1496.3291015625,1506.4608154296875
M10_YHUR_SHUR,10,HUR,HUR,2025-03-21,2025-03-21,1,TSEC,104.93819427490234,99.79851531982422,100.48599243164062,97.96190643310547,99.44629669189453
M10_YHUR_SHUR,10,HUR,HUR,2025-03-21,2025-03-22,2,Yd,1629.396240234375,1502.4251708984375,1508.55419921875,1483.1519775390625,1505.9422607421875
M10_YHUR_SHUR,10,HUR,HUR,2025-03-21,2025-03-22,2,TSE,1473.9793701171875,1496.2623291015625,1503.1845703125,1472.3004150390625,1521.7705078125
M10_YHUR_SHUR,10,HUR,HUR,2025-03-21,2025-03-22,2,TSEC,100.51486206054688,99.79851531982422,97.08592224121094,98.64647674560547,99.4312744140625
M10_YHUR_SHUR,10,HUR,HUR,2025-03-21,2025-03-23,3,Yd,1642.420654296875,1502.4251708984375,1489.318603515625,1501.410400390625,1508.653564453125
M10_YHUR_SHUR,10,HUR,HUR,2025-03-21,2025-03-23,3,TSE,1534.662841796875,1496.2623291015625,1509.733154296875,1470.05712890625,1532.9952392578125
M10_YHUR_SHUR,10,HUR,HUR,2025-03-21,2025-03-23,3,TSEC,110.02857208251953,99.79851531982422,99.81839752197266,97.44734954833984,100.16716003417969
M10_YHUR_SHUR,10,HUR,HUR,2025-03-22,2025-03-22,1,Yd,1629.396240234375,1502.546875,1500.93701171875,1491.7200927734375,1508.7005615234375
M10_YHUR_SHUR,10,HUR,HUR,2025-03-22,2025-03-22,1,TSE,1473.9793701171875,1495.986328125,1505.0406494140625,1484.457275390625,1512.8609619140625
M10_YHUR_SHUR,10,HUR,HUR,2025-03-22,2025-03-22,1,TSEC,100.51486206054688,99.80484771728516,98.71028900146484,102.1944351196289,99.45326232910156
M10_YHUR_SHUR,10,HUR,HUR,2025-03-22,2025-03-23,2,Yd,1642.420654296875,1502.546875,1489.9986572265625,1503.3592529296875,1514.614990234375
M10_YHUR_SHUR,10,HUR,HUR,2025-03-22,2025-03-23,2,TSE,1534.662841796875,1495.986328125,1510.9940185546875,1461.3160400390625,1531.1490478515625
M10_YHUR_SHUR,10,HUR,HUR,2025-03-22,2025-03-23,2,TSEC,110.02857208251953,99.80484771728516,98.84880828857422,98.7212142944336,99.68621063232422
M10_YHUR_SHUR,10,HUR,HUR,2025-03-22,2025-03-24,3,Yd,1404.736328125,1502.546875,1498.439453125,1507.1373291015625,1518.8111572265625
M10_YHUR_SHUR,10,HUR,HUR,2025-03-22,2025-03-24,3,TSE,1270.5001220703125,1495.986328125,1500.0604248046875,1494.9820556640625,1542.3121337890625
M10_YHUR_SHUR,10,HUR,HUR,2025-03-22,2025-03-24,3,TSEC,106.43226623535156,99.80484771728516,98.6889877319336,101.58959197998047,100.12614440917969
M10_YHUR_SHUR,10,HUR,HUR,2025-03-23,2025-03-23,1,Yd,1642.420654296875,1502.7030029296875,1507.1162109375,1485.7979736328125,1510.5111083984375
M10_YHUR_SHUR,10,HUR,HUR,2025-03-23,2025-03-23,1,TSE,1534.662841796875,1495.9591064453125,1512.2750244140625,1522.3809814453125,1515.7430419921875
M10_YHUR_SHUR,10,HUR,HUR,2025-03-23,2025-03-23,1,TSEC,110.02857208251953,99.80572509765625,99.27559661865234,99.71240997314453,99.8399658203125
M10_YHUR_SHUR,10,HUR,HUR,2025-03-23,2025-03-24,2,Yd,1404.736328125,1502.7030029296875,1500.26416015625,1497.0863037109375,1518.7607421875
M10_YHUR_SHUR,10,HUR,HUR,2025-03-23,2025-03-24,2,TSE,1270.5001220703125,1495.9591064453125,1504.652587890625,1493.07568359375,1529.8602294921875
M10_YHUR_SHUR,10,HUR,HUR,2025-03-23,2025-03-24,2,TSEC,106.43226623535156,99.80572509765625,98.83680725097656,99.21317291259766,99.932373046875
M10_YHUR_SHUR,10,HUR,HUR,2025-03-23,2025-03-25,3,Yd,1700.238525390625,1502.7030029296875,1503.8785400390625,1498.1959228515625,1521.090087890625
M10_YHUR_SHUR,10,HUR,HUR,2025-03-23,2025-03-25,3,TSE,1541.283447265625,1495.9591064453125,1512.951171875,1504.5037841796875,1531.11865234375
M10_YHUR_SHUR,10,HUR,HUR,2025-03-23,2025-03-25,3,TSEC,97.327880859375,99.80572509765625,98.85922241210938,98.16378021240234,99.56768798828125
M10_YHUR_SHUR,10,HUR,HUR,2025-03-24,2025-03-24,1,Yd,1404.736328125,1502.8748779296875,1508.768798828125,1496.29345703125,1513.01025390625
M10_YHUR_SHUR,10,HUR,HUR,2025-03-24,2025-03-24,1,TSE,1270.5001220703125,1496.0067138671875,1519.502685546875,1509.91162109375,1507.0650634765625
M10_YHUR_SHUR,10,HUR,HUR,2025-03-24,2025-03-24,1,TSEC,106.43226623535156,99.81830596923828,98.68724060058594,101.59872436523438,99.80997467041016
M10_YHUR_SHUR,10,HUR,HUR,2025-03-24,2025-03-25,2,Yd,1700.238525390625,1502.8748779296875,1500.83251953125,1503.813720703125,1520.979248046875
M10_YHUR_SHUR,10,HUR,HUR,2025-03-24,2025-03-25,2,TSE,1541.283447265625,1496.0067138671875,1512.806396484375,1485.4075927734375,1506.3292236328125
M10_YHUR_SHUR,10,HUR,HUR,2025-03-24,2025-03-25,2,TSEC,97.327880859375,99.81830596923828,98.72574615478516,97.73831939697266,99.2388687133789
M10_YHUR_SHUR,10,HUR,HUR,2025-03-24,2025-03-26,3,Yd,1632.3485107421875,1502.8748779296875,1508.997802734375,1510.4560546875,1527.1107177734375
M10_YHUR_SHUR,10,HUR,HUR,2025-03-24,2025-03-26,3,TSE,1715.63134765625,1496.0067138671875,1480.8123779296875,1494.7176513671875,1502.145751953125
M10_YHUR_SHUR,10,HUR,HUR,2025-03-24,2025-03-26,3,TSEC,79.96886444091797,99.81830596923828,98.81539154052734,99.61090087890625,98.20335388183594
M10_YHUR_SHUR,10,HUR,HUR,2025-03-25,2025-03-25,1,Yd,1700.238525390625,1502.7542724609375,1501.7801513671875,1477.9576416015625,1514.323974609375
M10_YHUR_SHUR,10,HUR,HUR,2025-03-25,2025-03-25,1,TSE,1541.283447265625,1495.729736328125,1503.2718505859375,1512.0562744140625,1499.2261962890625
M10_YHUR_SHUR,10,HUR,HUR,2025-03-25,2025-03-25,1,TSEC,97.327880859375,99.82642364501953,99.53388977050781,97.8946533203125,99.44768524169922
M10_YHUR_SHUR,10,HUR,HUR,2025-03-25,2025-03-26,2,Yd,1632.3485107421875,1502.7542724609375,1506.8017578125,1500.281494140625,1524.6314697265625
M10_YHUR_SHUR,10,HUR,HUR,2025-03-25,2025-03-26,2,TSE,1715.63134765625,1495.729736328125,1527.5870361328125,1490.0565185546875,1496.144287109375
M10_YHUR_SHUR,10,HUR,HUR,2025-03-25,2025-03-26,2,TSEC,79.96886444091797,99.82642364501953,98.34971618652344,99.46514129638672,98.42156219482422
M10_YHUR_SHUR,10,HUR,HUR,2025-03-25,2025-03-27,3,Yd,1364.7353515625,1502.7542724609375,1521.6890869140625,1499.939453125,1535.0858154296875
M10_YHUR_SHUR,10,HUR,HUR,2025-03-25,2025-03-27,3,TSE,1603.0731201171875,1495.729736328125,1508.342529296875,1491.1612548828125,1494.8035888671875
M10_YHUR_SHUR,10,HUR,HUR,2025-03-25,2025-03-27,3,TSEC,103.32865905761719,99.82642364501953,99.07185363769531,99.75504302978516,96.98005676269531
M10_YHUR_SHUR,10,HUR,HUR,2025-03-26,2025-03-26,1,Yd,1632.3485107421875,1502.99658203125,1511.28955078125,1497.529541015625,1512.466552734375
M10_YHUR_SHUR,10,HUR,HUR,2025-03-26,2025-03-26,1,TSE,1715.63134765625,1495.7855224609375,1529.6800537109375,1483.5521240234375,1495.68115234375
M10_YHUR_SHUR,10,HUR,HUR,2025-03-26,2025-03-26,1,TSEC,79.96886444091797,99.8233642578125,98.908447265625,99.6187515258789,98.64363861083984
M10_YHUR_SHUR,10,HUR,HUR,2025-03-26,2025-03-27,2,Yd,1364.7353515625,1502.99658203125,1520.9188232421875,1502.3021240234375,1525.295654296875
M10_YHUR_SHUR,10,HUR,HUR,2025-03-26,2025-03-27,2,TSE,1603.0731201171875,1495.7855224609375,1510.369140625,1489.6585693359375,1497.3203125
M10_YHUR_SHUR,10,HUR,HUR,2025-03-26,2025-03-27,2,TSEC,103.32865905761719,99.8233642578125,98.97592163085938,97.02952575683594,96.92821502685547
M10_YHUR_SHUR,10,HUR,HUR,2025-03-26,2025-03-28,3,Yd,1549.11083984375,1502.99658203125,1504.672607421875,1497.85595703125,1538.09326171875
M10_YHUR_SHUR,10,HUR,HUR,2025-03-26,2025-03-28,3,TSE,1732.020263671875,1495.7855224609375,1522.5150146484375,1524.6290283203125,1504.4200439453125
M10_YHUR_SHUR,10,HUR,HUR,2025-03-26,2025-03-28,3,TSEC,93.59229278564453,99.8233642578125,98.87025451660156,98.5301742553711,95.55146789550781
M10_YHUR_SHUR,10,HUR,HUR,2025-03-27,2025-03-27,1,Yd,1364.7353515625,1503.155029296875,1533.4193115234375,1477.5018310546875,1509.2044677734375
M10_YHUR_SHUR,10,HUR,HUR,2025-03-27,2025-03-27,1,TSE,1603.0731201171875,1496.05517578125,1515.6884765625,1492.2681884765625,1502.0244140625
M10_YHUR_SHUR,10,HUR,HUR,2025-03-27,2025-03-27,1,TSEC,103.32865905761719,99.79902648925781,99.94034576416016,98.64947509765625,98.43272399902344
M10_YHUR_SHUR,10,HUR,HUR,2025-03-27,2025-03-28,2,Yd,1549.11083984375,1503.155029296875,1501.949462890625,1508.484130859375,1520.4019775390625
M10_YHUR_SHUR,10,HUR,HUR,2025-03-27,2025-03-28,2,TSE,1732.020263671875,1496.05517578125,1514.15380859375,1465.13623046875,1513.1270751953125
M10_YHUR_SHUR,10,HUR,HUR,2025-03-27,2025-03-28,2,TSEC,93.59229278564453,99.79902648925781,98.09601593017578,95.57213592529297,97.08452606201172
M10_YHUR_SHUR,10,HUR,HUR,2025-03-27,2025-03-29,3,Yd,1632.109130859375,1503.155029296875,1514.5958251953125,1497.669921875,1528.5472412109375
M10_YHUR_SHUR,10,HUR,HUR,2025-03-27,2025-03-29,3,TSE,1330.7916259765625,1496.05517578125,1512.777099609375,1507.6898193359375,1528.360595703125
M10_YHUR_SHUR,10,HUR,HUR,2025-03-27,2025-03-29,3,TSEC,98.53180694580078,99.79902648925781,98.90216064453125,98.5378646850586,96.60942840576172
M10_YHUR_SHUR,10,HUR,HUR,2025-03-28,2025-03-28,1,Yd,1549.11083984375,1502.985595703125,1509.134521484375,1490.5863037109375,1510.717041015625
M10_YHUR_SHUR,10,HUR,HUR,2025-03-28,2025-03-28,1,TSE,1732.020263671875,1496.18603515625,1486.8192138671875,1513.669921875,1508.0648193359375
M10_YHUR_SHUR,10,HUR,HUR,2025-03-28,2025-03-28,1,TSEC,93.59229278564453,99.80335235595703,98.68810272216797,97.25720977783203,98.75178527832031
M10_YHUR_SHUR,10,HUR,HUR,2025-03-28,2025-03-29,2,Yd,1632.109130859375,1502.985595703125,1526.37890625,1507.4984130859375,1519.8341064453125
M10_YHUR_SHUR,10,HUR,HUR,2025-03-28,2025-03-29,2,TSE,1330.7916259765625,1496.18603515625,1511.1533203125,1513.9510498046875,1525.375732421875
M10_YHUR_SHUR,10,HUR,HUR,2025-03-28,2025-03-29,2,TSEC,98.53180694580078,99.80335235595703,98.79537200927734,96.32530975341797,98.18710327148438
M10_YHUR_SHUR,10,HUR,HUR,2025-03-28,2025-03-30,3,Yd,1659.859619140625,1502.985595703125,1505.5799560546875,1505.4454345703125,1525.2237548828125
M10_YHUR_SHUR,10,HUR,HUR,2025-03-28,2025-03-30,3,TSE,1396.2928466796875,1496.18603515625,1511.042724609375,1522.1702880859375,1542.33740234375
M10_YHUR_SHUR,10,HUR,HUR,2025-03-28,2025-03-30,3,TSEC,112.07606506347656,99.80335235595703,98.6908187866211,97.67308044433594,98.58995819091797
M10_YHUR_SHUR,10,HUR,HUR,2025-03-29,2025-03-29,1,Yd,1632.109130859375,1503.0419921875,1510.38134765625,1479.972412109375,1505.919677734375
M10_YHUR_SHUR,10,HUR,HUR,2025-03-29,2025-03-29,1,TSE,1330.7916259765625,1496.474365234375,1512.3990478515625,1480.0015869140625,1513.81298828125
M10_YHUR_SHUR,10,HUR,HUR,2025-03-29,2025-03-29,1,TSEC,98.53180694580078,99.79576110839844,98.76788330078125,98.28058624267578,99.44810485839844
M10_YHUR_SHUR,10,HUR,HUR,2025-03-29,2025-03-30,2,Yd,1659.859619140625,1503.0419921875,1506.3040771484375,1493.5965576171875,1511.3385009765625
M10_YHUR_SHUR,10,HUR,HUR,2025-03-29,2025-03-30,2,TSE,1396.2928466796875,1496.474365234375,1505.1690673828125,1489.814697265625,1531.4761962890625
M10_YHUR_SHUR,10,HUR,HUR,2025-03-29,2025-03-30,2,TSEC,112.07606506347656,99.79576110839844,97.84004974365234,98.5536880493164,99.64270782470703
M10_YHUR_SHUR,10,HUR,HUR,2025-03-29,2025-03-31,3,Yd,1582.9249267578125,1503.0419921875,1510.3756103515625,1513.2119140625,1515.8714599609375
M10_YHUR_SHUR,10,HUR,HUR,2025-03-29,2025-03-31,3,TSE,1320.1680908203125,1496.474365234375,1511.490234375,1489.1595458984375,1540.9410400390625
M10_YHUR_SHUR,10,HUR,HUR,2025-03-29,2025-03-31,3,TSEC,98.92182922363281,99.79576110839844,98.2352066040039,98.88723754882812,100.00047302246094
M10_YHUR_SHUR,10,HUR,HUR,2025-03-30,2025-03-30,1,Yd,1659.859619140625,1503.1995849609375,1509.492431640625,1506.046630859375,1508.059814453125
M10_YHUR_SHUR,10,HUR,HUR,2025-03-30,2025-03-30,1,TSE,1396.2928466796875,1496.27197265625,1502.0189208984375,1516.3560791015625,1517.9566650390625
M10_YHUR_SHUR,10,HUR,HUR,2025-03-30,2025-03-30,1,TSEC,112.07606506347656,99.7942123413086,97.74109649658203,103.25508117675781,99.7991714477539
M10_YHUR_SHUR,10,HUR,HUR,2025-03-30,2025-03-31,2,Yd,1582.9249267578125,1503.1995849609375,1508.77587890625,1521.4339599609375,1514.9710693359375
M10_YHUR_SHUR,10,HUR,HUR,2025-03-30,2025-03-31,2,TSE,1320.1680908203125,1496.27197265625,1512.526611328125,1477.2110595703125,1533.1585693359375
M10_YHUR_SHUR,10,HUR,HUR,2025-03-30,2025-03-31,2,TSEC,98.92182922363281,99.7942123413086,99.4671859741211,98.8707275390625,99.86140441894531
M10_YHUR_SHUR,10,HUR,HUR,2025-03-30,2025-04-01,3,Yd,1752.3204345703125,1503.1995849609375,1504.1197509765625,1517.76025390625,1518.050537109375
M10_YHUR_SHUR,10,HUR,HUR,2025-03-30,2025-04-01,3,TSE,1589.446533203125,1496.27197265625,1503.937255859375,1479.7904052734375,1533.50390625
M10_YHUR_SHUR,10,HUR,HUR,2025-03-30,2025-04-01,3,TSEC,114.30855560302734,99.7942123413086,97.98719787597656,99.78910827636719,99.31446075439453
