case_id,M,yd_level,solar_level,origin_date,target_date,step,variable,true,MEAN,ARIMA,RNN,LSTM
M4_YLUR_SHUR,4,LUR,HUR,2024-12-31,2024-12-31,1,Yd,607.6322021484375,600.0219116210938,599.76953125,600.1420288085938,599.770751953125
M4_YLUR_SHUR,4,LUR,HUR,2024-12-31,2024-12-31,1,TSE,674.7422485351562,601.4420166015625,599.5714111328125,625.51416015625,599.142578125
M4_YLUR_SHUR,4,LUR,HUR,2024-12-31,2024-12-31,1,TSEC,50.72026443481445,40.065025329589844,40.419368743896484,39.871463775634766,40.17646408081055
M4_YLUR_SHUR,4,LUR,HUR,2024-12-31,2025-01-01,2,Yd,604.98681640625,600.0219116210938,599.8692016601562,600.3638916015625,599.5694580078125
M4_YLUR_SHUR,4,LUR,HUR,2024-12-31,2025-01-01,2,TSE,600.9182739257812,601.4420166015625,599.5776977539062,618.5897827148438,597.7993774414062
M4_YLUR_SHUR,4,LUR,HUR,2024-12-31,2025-01-01,2,TSEC,34.293758392333984,40.065025329589844,40.384300231933594,40.45891571044922,40.227073669433594
M4_YLUR_SHUR,4,LUR,HUR,2024-12-31,2025-01-02,3,Yd,594.2739868164062,600.0219116210938,599.7463989257812,600.1212768554688,599.5083618164062
M4_YLUR_SHUR,4,LUR,HUR,2024-12-31,2025-01-02,3,TSE,619.8577270507812,601.4420166015625,613.93505859375,612.6452026367188,598.1184692382812
M4_YLUR_SHUR,4,LUR,HUR,2024-12-31,2025-01-02,3,TSEC,39.243778228759766,40.065025329589844,40.34440994262695,40.37124252319336,40.20191955566406
M4_YLUR_SHUR,4,LUR,HUR,2025-01-01,2025-01-01,1,Yd,604.98681640625,600.0323486328125,600.5397338867188,599.8369140625,599.7424926757812
M4_YLUR_SHUR,4,LUR,HUR,2025-01-01,2025-01-01,1,TSE,600.9182739257812,601.5422973632812,604.4920043945312,628.0784301757812,599.1151123046875
M4_YLUR_SHUR,4,LUR,HUR,2025-01-01,2025-01-01,1,TSEC,34.293758392333984,40.0796012878418,40.35042190551758,39.42089080810547,40.25301742553711
M4_YLUR_SHUR,4,LUR,HUR,2025-01-01,2025-01-02,2,Yd,594.2739868164062,600.0323486328125,599.7566528320312,601.25390625,599.623291015625
M4_YLUR_SHUR,4,LUR,HUR,2025-01-01,2025-01-02,2,TSE,619.8577270507812,601.5422973632812,618.8657836914062,636.3255004882812,598.7406005859375
M4_YLUR_SHUR,4,LUR,HUR,2025-01-01,2025-01-02,2,TSEC,39.243778228759766,40.0796012878418,40.407691955566406,39.73241424560547,40.324180603027344
M4_YLUR_SHUR,4,LUR,HUR,2025-01-01,2025-01-03,3,Yd,601.8048706054688,600.0323486328125,600.3525390625,601.4100341796875,599.5546264648438
M4_YLUR_SHUR,4,LUR,HUR,2025-01-01,2025-01-03,3,TSE,596.4041137695312,601.5422973632812,598.9700317382812,634.2205200195312,601.1937255859375
M4_YLUR_SHUR,4,LUR,HUR,2025-01-01,2025-01-03,3,TSEC,39.288639068603516,40.0796012878418,40.37584686279297,39.5810661315918,40.30817794799805
M4_YLUR_SHUR,4,LUR,HUR,2025-01-02,2025-01-02,1,Yd,594.2739868164062,600.0391235351562,600.9285278320312,597.9602661132812,599.7935180664062
M4_YLUR_SHUR,4,LUR,HUR,2025-01-02,2025-01-02,1,TSE,619.8577270507812,601.5413818359375,608.2952880859375,607.8146362304688,601.2988891601562
M4_YLUR_SHUR,4,LUR,HUR,2025-01-02,2025-01-02,1,TSEC,39.243778228759766,40.07169723510742,40.491493225097656,39.26884078979492,40.13322067260742
M4_YLUR_SHUR,4,LUR,HUR,2025-01-02,2025-01-03,2,Yd,601.8048706054688,600.0391235351562,601.2454223632812,599.8399658203125,599.70166015625
M4_YLUR_SHUR,4,LUR,HUR,2025-01-02,2025-01-03,2,TSE,596.4041137695312,601.5413818359375,602.6956176757812,620.9495239257812,602.8335571289062
M4_YLUR_SHUR,4,LUR,HUR,2025-01-02,2025-01-03,2,TSEC,39.288639068603516,40.07169723510742,40.281776428222656,39.65948486328125,40.163291931152344
M4_YLUR_SHUR,4,LUR,HUR,2025-01-02,2025-01-04,3,Yd,606.1637573242188,600.0391235351562,600.9404296875,599.7310791015625,599.67431640625
M4_YLUR_SHUR,4,LUR,HUR,2025-01-02,2025-01-04,3,TSE,738.5943603515625,601.5413818359375,598.616943359375,619.5994873046875,604.9343872070312
M4_YLUR_SHUR,4,LUR,HUR,2025-01-02,2025-01-04,3,TSEC,35.954219818115234,40.07169723510742,40.368011474609375,39.673065185546875,40.22503662109375
M4_YLUR_SHUR,4,LUR,HUR,2025-01-03,2025-01-03,1,Yd,601.8048706054688,600.0311889648438,600.0916748046875,599.8773803710938,599.8345947265625
M4_YLUR_SHUR,4,LUR,HUR,2025-01-03,2025-01-03,1,TSE,596.4041137695312,601.56640625,603.5400390625,617.8741455078125,602.53125
M4_YLUR_SHUR,4,LUR,HUR,2025-01-03,2025-01-03,1,TSEC,39.288639068603516,40.0705680847168,40.30280303955078,39.3414421081543,40.13482666015625
M4_YLUR_SHUR,4,LUR,HUR,2025-01-03,2025-01-04,2,Yd,606.1637573242188,600.0311889648438,599.7593383789062,598.7763061523438,599.770751953125
M4_YLUR_SHUR,4,LUR,HUR,2025-01-03,2025-01-04,2,TSE,738.5943603515625,601.56640625,599.8673095703125,612.8656616210938,603.9841918945312
M4_YLUR_SHUR,4,LUR,HUR,2025-01-03,2025-01-04,2,TSEC,35.954219818115234,40.0705680847168,40.334007263183594,39.566200256347656,40.19175338745117
M4_YLUR_SHUR,4,LUR,HUR,2025-01-03,2025-01-05,3,Yd,605.6578369140625,600.0311889648438,600.332275390625,598.8429565429688,599.8027954101562
M4_YLUR_SHUR,4,LUR,HUR,2025-01-03,2025-01-05,3,TSE,687.8289184570312,601.56640625,599.723388671875,615.004638671875,605.443603515625
M4_YLUR_SHUR,4,LUR,HUR,2025-01-03,2025-01-05,3,TSEC,30.611635208129883,40.0705680847168,40.36255645751953,39.81416702270508,40.2042350769043
M4_YLUR_SHUR,4,LUR,HUR,2025-01-04,2025-01-04,1,Yd,606.1637573242188,600.0336303710938,600.8093872070312,600.142333984375,599.8568115234375
M4_YLUR_SHUR,4,LUR,HUR,2025-01-04,2025-01-04,1,TSE,738.5943603515625,601.559326171875,600.8383178710938,616.2174682617188,603.735595703125
M4_YLUR_SHUR,4,LUR,HUR,2025-01-04,2025-01-04,1,TSEC,35.954219818115234,40.06950378417969,40.29461669921875,39.281978607177734,40.11489486694336
M4_YLUR_SHUR,4,LUR,HUR,2025-01-04,2025-01-05,2,Yd,605.6578369140625,600.0336303710938,600.6204833984375,600.2651977539062,599.8377685546875
M4_YLUR_SHUR,4,LUR,HUR,2025-01-04,2025-01-05,2,TSE,687.8289184570312,601.559326171875,600.7373046875,622.060546875,605.6798706054688
M4_YLUR_SHUR,4,LUR,HUR,2025-01-04,2025-01-05,2,TSEC,30.611635208129883,40.06950378417969,40.48711395263672,39.59099578857422,40.1386833190918
M4_YLUR_SHUR,4,LUR,HUR,2025-01-04,2025-01-06,3,Yd,600.61376953125,600.0336303710938,600.8648681640625,600.1244506835938,599.775390625
M4_YLUR_SHUR,4,LUR,HUR,2025-01-04,2025-01-06,3,TSE,549.755859375,601.559326171875,600.9476318359375,614.4489135742188,606.3829956054688
M4_YLUR_SHUR,4,LUR,HUR,2025-01-04,2025-01-06,3,TSEC,33.412567138671875,40.06950378417969,40.31950378417969,39.76830291748047,40.1739616394043
M4_YLUR_SHUR,4,LUR,HUR,2025-01-05,2025-01-05,1,Yd,605.6578369140625,600.0419921875,600.4300537109375,598.3619384765625,599.8921508789062
M4_YLUR_SHUR,4,LUR,HUR,2025-01-05,2025-01-05,1,TSE,687.8289184570312,601.745849609375,602.7470092773438,605.7653198242188,603.1023559570312
M4_YLUR_SHUR,4,LUR,HUR,2025-01-05,2025-01-05,1,TSEC,30.611635208129883,40.06390380859375,40.349884033203125,38.950096130371094,40.050132751464844
M4_YLUR_SHUR,4,LUR,HUR,2025-01-05,2025-01-06,2,Yd,600.61376953125,600.0419921875,599.8832397460938,598.4210815429688,599.82568359375
M4_YLUR_SHUR,4,LUR,HUR,2025-01-05,2025-01-06,2,TSE,549.755859375,601.745849609375,596.236328125,597.054931640625,603.184326171875
M4_YLUR_SHUR,4,LUR,HUR,2025-01-05,2025-01-06,2,TSEC,33.412567138671875,40.06390380859375,40.2467155456543,39.385498046875,40.0679931640625
M4_YLUR_SHUR,4,LUR,HUR,2025-01-05,2025-01-07,3,Yd,610.7788696289062,600.0419921875,600.94775390625,598.3687744140625,599.6710815429688
M4_YLUR_SHUR,4,LUR,HUR,2025-01-05,2025-01-07,3,TSE,598.9065551757812,601.745849609375,603.4976806640625,609.13525390625,601.1185913085938
M4_YLUR_SHUR,4,LUR,HUR,2025-01-05,2025-01-07,3,TSEC,39.88515090942383,40.06390380859375,40.67159652709961,39.61155700683594,40.116065979003906
M4_YLUR_SHUR,4,LUR,HUR,2025-01-06,2025-01-06,1,Yd,600.61376953125,600.0496215820312,600.154541015625,599.0472412109375,599.838134765625
M4_YLUR_SHUR,4,LUR,HUR,2025-01-06,2025-01-06,1,TSE,549.755859375,601.86279296875,602.2073974609375,613.3697509765625,600.7860107421875
M4_YLUR_SHUR,4,LUR,HUR,2025-01-06,2025-01-06,1,TSEC,33.412567138671875,40.051063537597656,40.30748748779297,39.24421691894531,40.01512145996094
M4_YLUR_SHUR,4,LUR,HUR,2025-01-06,2025-01-07,2,Yd,610.7788696289062,600.0496215820312,600.760009765625,598.5740356445312,599.6669311523438
M4_YLUR_SHUR,4,LUR,HUR,2025-01-06,2025-01-07,2,TSE,598.9065551757812,601.86279296875,601.7592163085938,614.9583740234375,599.3125
M4_YLUR_SHUR,4,LUR,HUR,2025-01-06,2025-01-07,2,TSEC,39.88515090942383,40.051063537597656,40.3967170715332,40.043941497802734,39.95792770385742
M4_YLUR_SHUR,4,LUR,HUR,2025-01-06,2025-01-08,3,Yd,604.103271484375,600.0496215820312,599.4502563476562,597.330078125,599.4605102539062
M4_YLUR_SHUR,4,LUR,HUR,2025-01-06,2025-01-08,3,TSE,631.7437744140625,601.86279296875,601.9334716796875,616.9133911132812,599.0296020507812
M4_YLUR_SHUR,4,LUR,HUR,2025-01-06,2025-01-08,3,TSEC,37.97036361694336,40.051063537597656,40.25309753417969,39.63454055786133,39.8637580871582
M4_YLUR_SHUR,4,LUR,HUR,2025-01-07,2025-01-07,1,Yd,610.7788696289062,600.0503540039062,599.3174438476562,597.70947265625,599.7112426757812
M4_YLUR_SHUR,4,LUR,HUR,2025-01-07,2025-01-07,1,TSE,598.9065551757812,601.7920532226562,599.6690063476562,623.7885131835938,599.3831787109375
M4_YLUR_SHUR,4,LUR,HUR,2025-01-07,2025-01-07,1,TSEC,39.88515090942383,40.04205322265625,40.00205993652344,38.314632415771484,39.991615295410156
M4_YLUR_SHUR,4,LUR,HUR,2025-01-07,2025-01-08,2,Yd,604.103271484375,600.0503540039062,600.5159912109375,598.3154296875,599.4539794921875
M4_YLUR_SHUR,4,LUR,HUR,2025-01-07,2025-01-08,2,TSE,631.7437744140625,601.7920532226562,601.9913330078125,611.7705688476562,598.515869140625
M4_YLUR_SHUR,4,LUR,HUR,2025-01-07,2025-01-08,2,TSEC,37.97036361694336,40.04205322265625,40.40945053100586,38.17670822143555,39.88539123535156
M4_YLUR_SHUR,4,LUR,HUR,2025-01-07,2025-01-09,3,Yd,602.26806640625,600.0503540039062,599.8966674804688,599.0902099609375,599.32177734375
M4_YLUR_SHUR,4,LUR,HUR,2025-01-07,2025-01-09,3,TSE,566.6331787109375,601.7920532226562,601.8175659179688,606.240234375,599.1604614257812
M4_YLUR_SHUR,4,LUR,HUR,2025-01-07,2025-01-09,3,TSEC,36.60678482055664,40.04205322265625,40.04865264892578,38.311580657958984,39.78131866455078
M4_YLUR_SHUR,4,LUR,HUR,2025-01-08,2025-01-08,1,Yd,604.103271484375,600.06494140625,601.2939453125,599.475830078125,599.6207885742188
M4_YLUR_SHUR,4,LUR,HUR,2025-01-08,2025-01-08,1,TSE,631.7437744140625,601.7882080078125,602.1477661132812,613.1265258789062,599.8584594726562
M4_YLUR_SHUR,4,LUR,HUR,2025-01-08,2025-01-08,1,TSEC,37.97036361694336,40.041839599609375,40.086483001708984,38.3910026550293,40.026275634765625
M4_YLUR_SHUR,4,LUR,HUR,2025-01-08,2025-01-09,2,Yd,602.26806640625,600.06494140625,599.4421997070312,600.1499633789062,599.4277954101562
M4_YLUR_SHUR,4,LUR,HUR,2025-01-08,2025-01-09,2,TSE,566.6331787109375,601.7882080078125,602.1648559570312,604.1090087890625,599.9691772460938
M4_YLUR_SHUR,4,LUR,HUR,2025-01-08,2025-01-09,2,TSEC,36.60678482055664,40.041839599609375,40.037269592285156,38.30451202392578,39.916866302490234
M4_YLUR_SHUR,4,LUR,HUR,2025-01-08,2025-01-10,3,Yd,602.0676879882812,600.06494140625,601.2017822265625,599.3992919921875,599.3944091796875
M4_YLUR_SHUR,4,LUR,HUR,2025-01-08,2025-01-10,3,TSE,736.1835327148438,601.7882080078125,602.1502075195312,615.345947265625,600.8449096679688
M4_YLUR_SHUR,4,LUR,HUR,2025-01-08,2025-01-10,3,TSEC,45.29248046875,40.041839599609375,40.14728546142578,37.553104400634766,39.883331298828125
M4_YLUR_SHUR,4,LUR,HUR,2025-01-09,2025-01-09,1,Yd,602.26806640625,600.0703735351562,600.0780639648438,601.3544921875,599.6922607421875
M4_YLUR_SHUR,4,LUR,HUR,2025-01-09,2025-01-09,1,TSE,566.6331787109375,601.8286743164062,609.1018676757812,611.3427124023438,600.7470703125
M4_YLUR_SHUR,4,LUR,HUR,2025-01-09,2025-01-09,1,TSEC,36.60678482055664,40.039039611816406,40.181549072265625,38.490047454833984,40.00370407104492
M4_YLUR_SHUR,4,LUR,HUR,2025-01-09,2025-01-10,2,Yd,602.0676879882812,600.0703735351562,600.918212890625,600.7855834960938,599.5896606445312
M4_YLUR_SHUR,4,LUR,HUR,2025-01-09,2025-01-10,2,TSE,736.1835327148438,601.8286743164062,601.260986328125,606.7108154296875,601.26123046875
M4_YLUR_SHUR,4,LUR,HUR,2025-01-09,2025-01-10,2,TSEC,45.29248046875,40.039039611816406,40.222618103027344,39.3658561706543,39.950721740722656
M4_YLUR_SHUR,4,LUR,HUR,2025-01-09,2025-01-11,3,Yd,594.6055908203125,600.0703735351562,599.695556640625,601.3220825195312,599.556640625
M4_YLUR_SHUR,4,LUR,HUR,2025-01-09,2025-01-11,3,TSE,571.7063598632812,601.8286743164062,596.197265625,624.3753051757812,602.8028564453125
M4_YLUR_SHUR,4,LUR,HUR,2025-01-09,2025-01-11,3,TSEC,37.62582778930664,40.039039611816406,40.04709243774414,37.71791458129883,39.9666633605957
M4_YLUR_SHUR,4,LUR,HUR,2025-01-10,2025-01-10,1,Yd,602.0676879882812,600.0733642578125,602.3428955078125,600.6785888671875,599.76025390625
M4_YLUR_SHUR,4,LUR,HUR,2025-01-10,2025-01-10,1,TSE,736.1835327148438,601.7811889648438,601.6787719726562,610.8057250976562,602.1533813476562
M4_YLUR_SHUR,4,LUR,HUR,2025-01-10,2025-01-10,1,TSEC,45.29248046875,40.034400939941406,40.17180633544922,38.66300582885742,40.039363861083984
M4_YLUR_SHUR,4,LUR,HUR,2025-01-10,2025-01-11,2,Yd,594.6055908203125,600.0733642578125,600.8587036132812,598.5474243164062,599.6548461914062
M4_YLUR_SHUR,4,LUR,HUR,2025-01-10,2025-01-11,2,TSE,571.7063598632812,601.7811889648438,601.4847412109375,610.9786987304688,603.5896606445312
M4_YLUR_SHUR,4,LUR,HUR,2025-01-10,2025-01-11,2,TSEC,37.62582778930664,40.034400939941406,39.92111587524414,38.69961166381836,40.03489685058594
M4_YLUR_SHUR,4,LUR,HUR,2025-01-10,2025-01-12,3,Yd,597.0869750976562,600.0733642578125,602.04736328125,598.6217651367188,599.606689453125
M4_YLUR_SHUR,4,LUR,HUR,2025-01-10,2025-01-12,3,TSE,579.1510620117188,601.7811889648438,601.5254516601562,624.27099609375,604.30712890625
M4_YLUR_SHUR,4,LUR,HUR,2025-01-10,2025-01-12,3,TSEC,46.01597595214844,40.034400939941406,40.27262878417969,37.79253387451172,40.04534149169922
M4_YLUR_SHUR,4,LUR,HUR,2025-01-11,2025-01-11,1,Yd,594.6055908203125,600.0760498046875,599.5242919921875,598.5174560546875,599.7644653320312
M4_YLUR_SHUR,4,LUR,HUR,2025-01-11,2025-01-11,1,TSE,571.7063598632812,601.9625244140625,602.8086547851562,606.5691528320312,602.6718139648438
M4_YLUR_SHUR,4,LUR,HUR,2025-01-11,2025-01-11,1,TSEC,37.62582778930664,40.04149627685547,39.87319564819336,38.96855163574219,40.06425857543945
M4_YLUR_SHUR,4,LUR,HUR,2025-01-11,2025-01-12,2,Yd,597.0869750976562,600.0760498046875,599.9847412109375,599.066162109375,599.6821899414062
M4_YLUR_SHUR,4,LUR,HUR,2025-01-11,2025-01-12,2,TSE,579.1510620117188,601.9625244140625,590.8827514648438,599.635498046875,603.8946533203125
M4_YLUR_SHUR,4,LUR,HUR,2025-01-11,2025-01-12,2,TSEC,46.01597595214844,40.04149627685547,39.867794036865234,38.51841354370117,40.0638542175293
M4_YLUR_SHUR,4,LUR,HUR,2025-01-11,2025-01-13,3,Yd,601.4592895507812,600.0760498046875,600.052734375,599.275390625,599.632080078125
M4_YLUR_SHUR,4,LUR,HUR,2025-01-11,2025-01-13,3,TSE,653.0368041992188,601.9625244140625,609.2423095703125,619.5431518554688,603.2647094726562
M4_YLUR_SHUR,4,LUR,HUR,2025-01-11,2025-01-13,3,TSEC,45.388607025146484,40.04149627685547,40.517696380615234,38.36827850341797,40.116519927978516
M4_YLUR_SHUR,4,LUR,HUR,2025-01-12,2025-01-12,1,Yd,597.0869750976562,600.0686645507812,600.559326171875,599.1924438476562,599.8636474609375
M4_YLUR_SHUR,4,LUR,HUR,2025-01-12,2025-01-12,1,TSE,579.1510620117188,601.9217529296875,603.199951171875,610.5203247070312,602.8917846679688
M4_YLUR_SHUR,4,LUR,HUR,2025-01-12,2025-01-12,1,TSEC,46.01597595214844,40.03824234008789,40.13684844970703,39.57941436767578,40.035160064697266
M4_YLUR_SHUR,4,LUR,HUR,2025-01-12,2025-01-13,2,Yd,601.4592895507812,600.0686645507812,600.4558715820312,599.208251953125,599.7611083984375
M4_YLUR_SHUR,4,LUR,HUR,2025-01-12,2025-01-13,2,TSE,653.0368041992188,601.9217529296875,598.370361328125,612.3866577148438,602.1735229492188
M4_YLUR_SHUR,4,LUR,HUR,2025-01-12,2025-01-13,2,TSEC,45.388607025146484,40.03824234008789,39.8928337097168,39.78105163574219,40.05344009399414
M4_YLUR_SHUR,4,LUR,HUR,2025-01-12,2025-01-14,3,Yd,600.1323852539062,600.0686645507812,599.1422729492188,599.5418701171875,599.6409912109375
M4_YLUR_SHUR,4,LUR,HUR,2025-01-12,2025-01-14,3,TSE,598.3268432617188,601.9217529296875,604.2237548828125,616.4717407226562,599.4990234375
M4_YLUR_SHUR,4,LUR,HUR,2025-01-12,2025-01-14,3,TSEC,43.876041412353516,40.03824234008789,40.44236373901367,39.47271728515625,40.076072692871094
M4_YLUR_SHUR,4,LUR,HUR,2025-01-13,2025-01-13,1,Yd,601.4592895507812,600.0646362304688,600.2272338867188,602.5162963867188,599.8021240234375
M4_YLUR_SHUR,4,LUR,HUR,2025-01-13,2025-01-13,1,TSE,653.0368041992188,601.8910522460938,607.3648071289062,598.02197265625,600.554443359375
M4_YLUR_SHUR,4,LUR,HUR,2025-01-13,2025-01-13,1,TSEC,45.388607025146484,40.046287536621094,39.85053253173828,41.13330078125,40.114501953125
M4_YLUR_SHUR,4,LUR,HUR,2025-01-13,2025-01-14,2,Yd,600.1323852539062,600.0646362304688,599.3782348632812,601.2481689453125,599.671630859375
M4_YLUR_SHUR,4,LUR,HUR,2025-01-13,2025-01-14,2,TSE,598.3268432617188,601.8910522460938,599.2090454101562,604.4956665039062,597.316650390625
M4_YLUR_SHUR,4,LUR,HUR,2025-01-13,2025-01-14,2,TSEC,43.876041412353516,40.046287536621094,40.681705474853516,40.668331146240234,40.18670654296875
M4_YLUR_SHUR,4,LUR,HUR,2025-01-13,2025-01-15,3,Yd,603.0267944335938,600.0646362304688,600.2611083984375,602.0018920898438,599.5397338867188
M4_YLUR_SHUR,4,LUR,HUR,2025-01-13,2025-01-15,3,TSE,596.9649658203125,601.8910522460938,603.3942260742188,608.9157104492188,595.4570922851562
M4_YLUR_SHUR,4,LUR,HUR,2025-01-13,2025-01-15,3,TSEC,40.73310470581055,40.046287536621094,39.909576416015625,39.51424026489258,40.20246887207031
M4_YLUR_SHUR,4,LUR,HUR,2025-01-14,2025-01-14,1,Yd,600.1323852539062,600.0665283203125,601.1538696289062,599.1672973632812,599.7992553710938
M4_YLUR_SHUR,4,LUR,HUR,2025-01-14,2025-01-14,1,TSE,598.3268432617188,601.9598388671875,602.4400634765625,598.5601806640625,597.8388061523438
M4_YLUR_SHUR,4,LUR,HUR,2025-01-14,2025-01-14,1,TSEC,43.876041412353516,40.053466796875,40.45289611816406,40.25509262084961,40.18213653564453
M4_YLUR_SHUR,4,LUR,HUR,2025-01-14,2025-01-15,2,Yd,603.0267944335938,600.0665283203125,601.2864990234375,600.2481079101562,599.6133422851562
M4_YLUR_SHUR,4,LUR,HUR,2025-01-14,2025-01-15,2,TSE,596.9649658203125,601.9598388671875,602.225830078125,615.6205444335938,595.4922485351562
M4_YLUR_SHUR,4,LUR,HUR,2025-01-14,2025-01-15,2,TSEC,40.73310470581055,40.053466796875,40.11530685424805,40.63875961303711,40.23432540893555
M4_YLUR_SHUR,4,LUR,HUR,2025-01-14,2025-01-16,3,Yd,609.1289672851562,600.0665283203125,601.3230590820312,601.3905029296875,599.5133056640625
M4_YLUR_SHUR,4,LUR,HUR,2025-01-14,2025-01-16,3,TSE,595.4623413085938,601.9598388671875,602.5823974609375,603.867431640625,595.47412109375
M4_YLUR_SHUR,4,LUR,HUR,2025-01-14,2025-01-16,3,TSEC,39.68794631958008,40.053466796875,40.26642990112305,40.319053649902344,40.213375091552734
M4_YLUR_SHUR,4,LUR,HUR,2025-01-15,2025-01-15,1,Yd,603.0267944335938,600.0665893554688,599.3037719726562,599.1671142578125,599.7750854492188
M4_YLUR_SHUR,4,LUR,HUR,2025-01-15,2025-01-15,1,TSE,596.9649658203125,601.9549560546875,602.221435546875,590.7549438476562,597.6642456054688
M4_YLUR_SHUR,4,LUR,HUR,2025-01-15,2025-01-15,1,TSEC,40.73310470581055,40.058597564697266,40.00661849975586,40.547035217285156,40.210121154785156
M4_YLUR_SHUR,4,LUR,HUR,2025-01-15,2025-01-16,2,Yd,609.1289672851562,600.0665893554688,600.454833984375,601.3832397460938,599.6707763671875
M4_YLUR_SHUR,4,LUR,HUR,2025-01-15,2025-01-16,2,TSE,595.4623413085938,601.9549560546875,602.9625854492188,621.9962158203125,596.8115234375
M4_YLUR_SHUR,4,LUR,HUR,2025-01-15,2025-01-16,2,TSEC,39.68794631958008,40.058597564697266,40.20622253417969,40.39089584350586,40.25148010253906
M4_YLUR_SHUR,4,LUR,HUR,2025-01-15,2025-01-17,3,Yd,599.6437377929688,600.0665893554688,600.6912841796875,603.2420654296875,599.5958251953125
M4_YLUR_SHUR,4,LUR,HUR,2025-01-15,2025-01-17,3,TSE,688.4700317382812,601.9549560546875,601.3016357421875,618.0548095703125,599.2542724609375
M4_YLUR_SHUR,4,LUR,HUR,2025-01-15,2025-01-17,3,TSEC,37.66629409790039,40.058597564697266,40.24163055419922,40.33042907714844,40.22181701660156
M4_YLUR_SHUR,4,LUR,HUR,2025-01-16,2025-01-16,1,Yd,609.1289672851562,600.070556640625,599.992431640625,599.5193481445312,599.7979125976562
M4_YLUR_SHUR,4,LUR,HUR,2025-01-16,2025-01-16,1,TSE,595.4623413085938,601.9483032226562,607.0929565429688,613.488525390625,600.3880004882812
M4_YLUR_SHUR,4,LUR,HUR,2025-01-16,2025-01-16,1,TSEC,39.68794631958008,40.05949783325195,40.19801330566406,39.618316650390625,40.17444610595703
M4_YLUR_SHUR,4,LUR,HUR,2025-01-16,2025-01-17,2,Yd,599.6437377929688,600.070556640625,599.7877807617188,600.9066162109375,599.6852416992188
M4_YLUR_SHUR,4,LUR,HUR,2025-01-16,2025-01-17,2,TSE,688.4700317382812,601.9483032226562,599.3873291015625,623.687744140625,602.4004516601562
M4_YLUR_SHUR,4,LUR,HUR,2025-01-16,2025-01-17,2,TSEC,37.66629409790039,40.05949783325195,40.247711181640625,40.52932357788086,40.18608474731445
M4_YLUR_SHUR,4,LUR,HUR,2025-01-16,2025-01-18,3,Yd,603.5836181640625,600.070556640625,599.6649780273438,600.2826538085938,599.6278076171875
M4_YLUR_SHUR,4,LUR,HUR,2025-01-16,2025-01-18,3,TSE,520.9364013671875,601.9483032226562,595.14990234375,623.1109008789062,604.8355102539062
M4_YLUR_SHUR,4,LUR,HUR,2025-01-16,2025-01-18,3,TSEC,35.73505783081055,40.05949783325195,40.10792922973633,40.6201286315918,40.25456619262695
M4_YLUR_SHUR,4,LUR,HUR,2025-01-17,2025-01-17,1,Yd,599.6437377929688,600.0827026367188,602.4420166015625,600.022705078125,599.7488403320312
M4_YLUR_SHUR,4,LUR,HUR,2025-01-17,2025-01-17,1,TSE,688.4700317382812,601.9395751953125,596.1868286132812,615.312255859375,603.474609375
M4_YLUR_SHUR,4,LUR,HUR,2025-01-17,2025-01-17,1,TSEC,37.66629409790039,40.05900573730469,40.2958984375,39.36397171020508,40.14786911010742
M4_YLUR_SHUR,4,LUR,HUR,2025-01-17,2025-01-18,2,Yd,603.5836181640625,600.0827026367188,601.7708740234375,599.5562133789062,599.5892944335938
M4_YLUR_SHUR,4,LUR,HUR,2025-01-17,2025-01-18,2,TSE,520.9364013671875,601.9395751953125,592.1602172851562,624.4181518554688,605.720458984375
M4_YLUR_SHUR,4,LUR,HUR,2025-01-17,2025-01-18,2,TSEC,35.73505783081055,40.05900573730469,40.24152755737305,39.68894958496094,40.22556686401367
M4_YLUR_SHUR,4,LUR,HUR,2025-01-17,2025-01-19,3,Yd,590.8339233398438,600.0827026367188,602.3780517578125,599.22509765625,599.5146484375
M4_YLUR_SHUR,4,LUR,HUR,2025-01-17,2025-01-19,3,TSE,523.9935913085938,601.9395751953125,594.0125122070312,625.83740234375,607.5130615234375
M4_YLUR_SHUR,4,LUR,HUR,2025-01-17,2025-01-19,3,TSEC,39.202980041503906,40.05900573730469,40.24446487426758,39.70450973510742,40.28440856933594
M4_YLUR_SHUR,4,LUR,HUR,2025-01-18,2025-01-18,1,Yd,603.5836181640625,600.0821533203125,600.023193359375,598.71435546875,599.7893676757812
M4_YLUR_SHUR,4,LUR,HUR,2025-01-18,2025-01-18,1,TSE,520.9364013671875,602.0552978515625,602.7012329101562,623.8571166992188,603.4827880859375
M4_YLUR_SHUR,4,LUR,HUR,2025-01-18,2025-01-18,1,TSEC,35.73505783081055,40.05580520629883,40.316768646240234,38.913414001464844,40.09733200073242
M4_YLUR_SHUR,4,LUR,HUR,2025-01-18,2025-01-19,2,Yd,590.8339233398438,600.0821533203125,599.9677734375,598.6519775390625,599.7255249023438
M4_YLUR_SHUR,4,LUR,HUR,2025-01-18,2025-01-19,2,TSE,523.9935913085938,602.0552978515625,599.9566650390625,624.1874389648438,605.4284057617188
M4_YLUR_SHUR,4,LUR,HUR,2025-01-18,2025-01-19,2,TSEC,39.202980041503906,40.05580520629883,40.205806732177734,39.86164855957031,40.122013092041016
M4_YLUR_SHUR,4,LUR,HUR,2025-01-18,2025-01-20,3,Yd,591.755615234375,600.0821533203125,600.0169067382812,598.1472778320312,599.6966552734375
M4_YLUR_SHUR,4,LUR,HUR,2025-01-18,2025-01-20,3,TSE,593.791259765625,602.0552978515625,603.9194946289062,620.8944702148438,605.8423461914062
M4_YLUR_SHUR,4,LUR,HUR,2025-01-18,2025-01-20,3,TSEC,39.14168930053711,40.05580520629883,40.414432525634766,40.26271057128906,40.177215576171875
M4_YLUR_SHUR,4,LUR,HUR,2025-01-19,2025-01-19,1,Yd,590.8339233398438,600.0867919921875,602.4345703125,598.8673706054688,599.8394775390625
M4_YLUR_SHUR,4,LUR,HUR,2025-01-19,2025-01-19,1,TSE,523.9935913085938,601.9469604492188,596.5791625976562,620.796875,603.8367309570312
M4_YLUR_SHUR,4,LUR,HUR,2025-01-19,2025-01-19,1,TSEC,39.202980041503906,40.05003356933594,40.29961395263672,39.385765075683594,40.069786071777344
M4_YLUR_SHUR,4,LUR,HUR,2025-01-19,2025-01-20,2,Yd,591.755615234375,600.0867919921875,601.8165893554688,600.890625,599.7322387695312
M4_YLUR_SHUR,4,LUR,HUR,2025-01-19,2025-01-20,2,TSE,593.791259765625,601.9469604492188,605.7720947265625,617.3016357421875,603.7535400390625
M4_YLUR_SHUR,4,LUR,HUR,2025-01-19,2025-01-20,2,TSEC,39.14168930053711,40.05003356933594,40.417686462402344,39.68415832519531,40.117713928222656
M4_YLUR_SHUR,4,LUR,HUR,2025-01-19,2025-01-21,3,Yd,601.5227661132812,600.0867919921875,602.15869140625,598.376220703125,599.601806640625
M4_YLUR_SHUR,4,LUR,HUR,2025-01-19,2025-01-21,3,TSE,580.3245239257812,601.9469604492188,598.3447265625,622.8330688476562,601.4292602539062
M4_YLUR_SHUR,4,LUR,HUR,2025-01-19,2025-01-21,3,TSEC,43.3091926574707,40.05003356933594,40.283607482910156,39.76736068725586,40.1746826171875
M4_YLUR_SHUR,4,LUR,HUR,2025-01-20,2025-01-20,1,Yd,591.755615234375,600.074462890625,599.2243041992188,599.9298706054688,599.8189086914062
M4_YLUR_SHUR,4,LUR,HUR,2025-01-20,2025-01-20,1,TSE,593.791259765625,601.843017578125,603.1405639648438,618.855224609375,601.7030029296875
M4_YLUR_SHUR,4,LUR,HUR,2025-01-20,2025-01-20,1,TSEC,39.14168930053711,40.04890441894531,40.209144592285156,39.692047119140625,40.090553283691406
M4_YLUR_SHUR,4,LUR,HUR,2025-01-20,2025-01-21,2,Yd,601.5227661132812,600.074462890625,600.1519775390625,598.6417846679688,599.67431640625
M4_YLUR_SHUR,4,LUR,HUR,2025-01-20,2025-01-21,2,TSE,580.3245239257812,601.843017578125,599.6878662109375,612.1285400390625,598.5178833007812
M4_YLUR_SHUR,4,LUR,HUR,2025-01-20,2025-01-21,2,TSEC,43.3091926574707,40.04890441894531,40.4996337890625,39.92192459106445,40.17074966430664
M4_YLUR_SHUR,4,LUR,HUR,2025-01-20,2025-01-22,3,Yd,589.8364868164062,600.074462890625,599.6117553710938,599.5079956054688,599.5650634765625
M4_YLUR_SHUR,4,LUR,HUR,2025-01-20,2025-01-22,3,TSE,676.5531005859375,601.843017578125,602.9026489257812,606.6212768554688,596.7222900390625
M4_YLUR_SHUR,4,LUR,HUR,2025-01-20,2025-01-22,3,TSEC,39.416934967041016,40.04890441894531,40.16529846191406,39.87211227416992,40.1776237487793
M4_YLUR_SHUR,4,LUR,HUR,2025-01-21,2025-01-21,1,Yd,601.5227661132812,600.0633544921875,600.1865234375,599.784912109375,599.80615234375
M4_YLUR_SHUR,4,LUR,HUR,2025-01-21,2025-01-21,1,TSE,580.3245239257812,601.8323364257812,602.4097900390625,600.7874145507812,598.5624389648438
M4_YLUR_SHUR,4,LUR,HUR,2025-01-21,2025-01-21,1,TSEC,43.3091926574707,40.047698974609375,40.48007583618164,39.92869567871094,40.13962173461914
M4_YLUR_SHUR,4,LUR,HUR,2025-01-21,2025-01-22,2,Yd,589.8364868164062,600.0633544921875,600.1665649414062,598.7413940429688,599.6514282226562
M4_YLUR_SHUR,4,LUR,HUR,2025-01-21,2025-01-22,2,TSE,676.5531005859375,601.8323364257812,601.258544921875,603.7284545898438,596.5723266601562
M4_YLUR_SHUR,4,LUR,HUR,2025-01-21,2025-01-22,2,TSEC,39.416934967041016,40.047698974609375,40.146820068359375,39.96989822387695,40.16428756713867
M4_YLUR_SHUR,4,LUR,HUR,2025-01-21,2025-01-23,3,Yd,591.9407958984375,600.0633544921875,600.29443359375,598.963134765625,599.5560913085938
M4_YLUR_SHUR,4,LUR,HUR,2025-01-21,2025-01-23,3,TSE,664.8594970703125,601.8323364257812,602.0458984375,606.4703369140625,597.1530151367188
M4_YLUR_SHUR,4,LUR,HUR,2025-01-21,2025-01-23,3,TSEC,39.687747955322266,40.047698974609375,40.01412582397461,40.1541748046875,40.11600112915039
M4_YLUR_SHUR,4,LUR,HUR,2025-01-22,2025-01-22,1,Yd,589.8364868164062,600.0653076171875,599.8350830078125,599.0615844726562,599.7559814453125
M4_YLUR_SHUR,4,LUR,HUR,2025-01-22,2025-01-22,1,TSE,676.5531005859375,601.8037109375,602.1111450195312,605.587158203125,598.7515258789062
M4_YLUR_SHUR,4,LUR,HUR,2025-01-22,2025-01-22,1,TSEC,39.416934967041016,40.05203628540039,40.13530349731445,40.00542449951172,40.19032669067383
M4_YLUR_SHUR,4,LUR,HUR,2025-01-22,2025-01-23,2,Yd,591.9407958984375,600.0653076171875,599.6180419921875,600.8242797851562,599.6231079101562
M4_YLUR_SHUR,4,LUR,HUR,2025-01-22,2025-01-23,2,TSE,664.8594970703125,601.8037109375,604.6817016601562,613.6589965820312,598.89990234375
M4_YLUR_SHUR,4,LUR,HUR,2025-01-22,2025-01-23,2,TSEC,39.687747955322266,40.05203628540039,40.01708221435547,39.97555923461914,40.206180572509766
M4_YLUR_SHUR,4,LUR,HUR,2025-01-22,2025-01-24,3,Yd,597.2311401367188,600.0653076171875,600.0438842773438,602.055419921875,599.536376953125
M4_YLUR_SHUR,4,LUR,HUR,2025-01-22,2025-01-24,3,TSE,637.814697265625,601.8037109375,595.488525390625,597.2515258789062,602.033447265625
M4_YLUR_SHUR,4,LUR,HUR,2025-01-22,2025-01-24,3,TSEC,34.28805923461914,40.05203628540039,40.210453033447266,40.99415588378906,40.17958450317383
M4_YLUR_SHUR,4,LUR,HUR,2025-01-23,2025-01-23,1,Yd,591.9407958984375,600.0516967773438,599.0021362304688,600.0493774414062,599.86572265625
M4_YLUR_SHUR,4,LUR,HUR,2025-01-23,2025-01-23,1,TSE,664.8594970703125,601.9029541015625,593.3836059570312,595.4351806640625,599.9969482421875
M4_YLUR_SHUR,4,LUR,HUR,2025-01-23,2025-01-23,1,TSEC,39.687747955322266,40.05119323730469,40.05088424682617,39.57170486450195,40.12458801269531
M4_YLUR_SHUR,4,LUR,HUR,2025-01-23,2025-01-24,2,Yd,597.2311401367188,600.0516967773438,601.0286865234375,599.0463256835938,599.8002319335938
M4_YLUR_SHUR,4,LUR,HUR,2025-01-23,2025-01-24,2,TSE,637.814697265625,601.9029541015625,606.3195190429688,597.5379638671875,601.5682983398438
M4_YLUR_SHUR,4,LUR,HUR,2025-01-23,2025-01-24,2,TSEC,34.28805923461914,40.05119323730469,40.20856475830078,39.78679656982422,40.12955093383789
M4_YLUR_SHUR,4,LUR,HUR,2025-01-23,2025-01-25,3,Yd,592.9671020507812,600.0516967773438,599.3800048828125,599.5765380859375,599.7843017578125
M4_YLUR_SHUR,4,LUR,HUR,2025-01-23,2025-01-25,3,TSE,628.869873046875,601.9029541015625,600.4754638671875,597.5897827148438,603.551513671875
M4_YLUR_SHUR,4,LUR,HUR,2025-01-23,2025-01-25,3,TSEC,38.67763900756836,40.05119323730469,39.95839309692383,40.30724334716797,40.174251556396484
M4_YLUR_SHUR,4,LUR,HUR,2025-01-24,2025-01-24,1,Yd,597.2311401367188,600.0409545898438,600.4048461914062,599.3253173828125,599.84716796875
M4_YLUR_SHUR,4,LUR,HUR,2025-01-24,2025-01-24,1,TSE,637.814697265625,601.9865112304688,601.2708129882812,608.3187866210938,601.557861328125
M4_YLUR_SHUR,4,LUR,HUR,2025-01-24,2025-01-24,1,TSEC,34.28805923461914,40.05071258544922,40.25364685058594,38.846221923828125,40.113529205322266
M4_YLUR_SHUR,4,LUR,HUR,2025-01-24,2025-01-25,2,Yd,592.9671020507812,600.0409545898438,600.2815551757812,599.2230224609375,599.8113403320312
M4_YLUR_SHUR,4,LUR,HUR,2025-01-24,2025-01-25,2,TSE,628.869873046875,601.9865112304688,600.5001220703125,622.2658081054688,603.2542724609375
M4_YLUR_SHUR,4,LUR,HUR,2025-01-24,2025-01-25,2,TSEC,38.67763900756836,40.05071258544922,40.07368850708008,39.08338928222656,40.13151931762695
M4_YLUR_SHUR,4,LUR,HUR,2025-01-24,2025-01-26,3,Yd,606.8147583007812,600.0409545898438,600.8328247070312,600.8587646484375,599.9031982421875
M4_YLUR_SHUR,4,LUR,HUR,2025-01-24,2025-01-26,3,TSE,520.1068115234375,601.9865112304688,604.060546875,626.5493774414062,604.3533325195312
M4_YLUR_SHUR,4,LUR,HUR,2025-01-24,2025-01-26,3,TSEC,39.347930908203125,40.05071258544922,40.24518966674805,39.60404586791992,40.12212371826172
M4_YLUR_SHUR,4,LUR,HUR,2025-01-25,2025-01-25,1,Yd,592.9671020507812,600.0372314453125,599.6292724609375,599.0676879882812,599.9290161132812
M4_YLUR_SHUR,4,LUR,HUR,2025-01-25,2025-01-25,1,TSE,628.869873046875,602.033935546875,602.528564453125,612.8761596679688,603.5519409179688
M4_YLUR_SHUR,4,LUR,HUR,2025-01-25,2025-01-25,1,TSEC,38.67763900756836,40.04307556152344,40.062965393066406,38.71932601928711,40.04621505737305
M4_YLUR_SHUR,4,LUR,HUR,2025-01-25,2025-01-26,2,Yd,606.8147583007812,600.0372314453125,600.3755493164062,600.7020263671875,599.9822998046875
M4_YLUR_SHUR,4,LUR,HUR,2025-01-25,2025-01-26,2,TSE,520.1068115234375,602.033935546875,602.5301513671875,600.8447875976562,605.3440551757812
M4_YLUR_SHUR,4,LUR,HUR,2025-01-25,2025-01-26,2,TSEC,39.347930908203125,40.04307556152344,40.19170379638672,38.68171691894531,40.0311393737793
M4_YLUR_SHUR,4,LUR,HUR,2025-01-25,2025-01-27,3,Yd,599.2091064453125,600.0372314453125,599.8326416015625,599.938720703125,600.02734375
M4_YLUR_SHUR,4,LUR,HUR,2025-01-25,2025-01-27,3,TSE,536.4862060546875,602.033935546875,602.6232299804688,604.3803100585938,605.981689453125
M4_YLUR_SHUR,4,LUR,HUR,2025-01-25,2025-01-27,3,TSEC,49.265804290771484,40.04307556152344,40.198116302490234,39.85813522338867,40.04981994628906
M4_YLUR_SHUR,4,LUR,HUR,2025-01-26,2025-01-26,1,Yd,606.8147583007812,600.0278930664062,597.8644409179688,599.907470703125,599.9800415039062
M4_YLUR_SHUR,4,LUR,HUR,2025-01-26,2025-01-26,1,TSE,520.1068115234375,602.0694580078125,603.5025024414062,615.5536499023438,603.4338989257812
M4_YLUR_SHUR,4,LUR,HUR,2025-01-26,2025-01-26,1,TSEC,39.347930908203125,40.04127502441406,40.21550369262695,39.56215286254883,40.032066345214844
M4_YLUR_SHUR,4,LUR,HUR,2025-01-26,2025-01-27,2,Yd,599.2091064453125,600.0278930664062,598.1422729492188,600.2562255859375,599.9859008789062
M4_YLUR_SHUR,4,LUR,HUR,2025-01-26,2025-01-27,2,TSE,536.4862060546875,602.0694580078125,603.3521118164062,600.4910888671875,603.6773071289062
M4_YLUR_SHUR,4,LUR,HUR,2025-01-26,2025-01-27,2,TSEC,49.265804290771484,40.04127502441406,40.17407989501953,40.30514907836914,40.03317642211914
M4_YLUR_SHUR,4,LUR,HUR,2025-01-26,2025-01-28,3,Yd,590.7035522460938,600.0278930664062,597.535400390625,600.2991333007812,599.9107055664062
M4_YLUR_SHUR,4,LUR,HUR,2025-01-26,2025-01-28,3,TSE,509.958984375,602.0694580078125,601.8097534179688,605.1076049804688,600.7984008789062
M4_YLUR_SHUR,4,LUR,HUR,2025-01-26,2025-01-28,3,TSEC,39.304019927978516,40.04127502441406,40.372379302978516,39.970611572265625,40.0697021484375
M4_YLUR_SHUR,4,LUR,HUR,2025-01-27,2025-01-27,1,Yd,599.2091064453125,600.036865234375,600.423583984375,598.4918823242188,599.865478515625
M4_YLUR_SHUR,4,LUR,HUR,2025-01-27,2025-01-27,1,TSE,536.4862060546875,601.961181640625,602.3176879882812,617.023193359375,601.819091796875
M4_YLUR_SHUR,4,LUR,HUR,2025-01-27,2025-01-27,1,TSEC,49.265804290771484,40.04035949707031,40.033180236816406,39.54618835449219,40.07500076293945
M4_YLUR_SHUR,4,LUR,HUR,2025-01-27,2025-01-28,2,Yd,590.7035522460938,600.036865234375,600.5971069335938,597.9287109375,599.7566528320312
M4_YLUR_SHUR,4,LUR,HUR,2025-01-27,2025-01-28,2,TSE,509.958984375,601.961181640625,602.2180786132812,624.266357421875,598.7354736328125
M4_YLUR_SHUR,4,LUR,HUR,2025-01-27,2025-01-28,2,TSEC,39.304019927978516,40.04035949707031,40.5782356262207,38.36148452758789,40.14261245727539
M4_YLUR_SHUR,4,LUR,HUR,2025-01-27,2025-01-29,3,Yd,603.9722900390625,600.036865234375,599.6151123046875,599.39501953125,599.6553955078125
M4_YLUR_SHUR,4,LUR,HUR,2025-01-27,2025-01-29,3,TSE,693.460693359375,601.961181640625,602.6929931640625,608.5242309570312,597.0447387695312
M4_YLUR_SHUR,4,LUR,HUR,2025-01-27,2025-01-29,3,TSEC,43.738372802734375,40.04035949707031,40.012847900390625,39.07427215576172,40.14052200317383
M4_YLUR_SHUR,4,LUR,HUR,2025-01-28,2025-01-28,1,Yd,590.7035522460938,600.0357666015625,599.201416015625,601.4346923828125,599.8299560546875
M4_YLUR_SHUR,4,LUR,HUR,2025-01-28,2025-01-28,1,TSE,509.958984375,601.874755859375,601.8911743164062,610.3865356445312,597.9837646484375
M4_YLUR_SHUR,4,LUR,HUR,2025-01-28,2025-01-28,1,TSEC,39.304019927978516,40.052528381347656,40.332725524902344,40.861793518066406,40.19515609741211
M4_YLUR_SHUR,4,LUR,HUR,2025-01-28,2025-01-29,2,Yd,603.9722900390625,600.0357666015625,600.0205688476562,602.362060546875,599.6917114257812
M4_YLUR_SHUR,4,LUR,HUR,2025-01-28,2025-01-29,2,TSE,693.460693359375,601.874755859375,604.3690795898438,626.7152709960938,595.348388671875
M4_YLUR_SHUR,4,LUR,HUR,2025-01-28,2025-01-29,2,TSEC,43.738372802734375,40.052528381347656,40.26180648803711,40.63650894165039,40.27003479003906
M4_YLUR_SHUR,4,LUR,HUR,2025-01-28,2025-01-30,3,Yd,599.4680786132812,600.0357666015625,599.8191528320312,601.98193359375,599.5520629882812
M4_YLUR_SHUR,4,LUR,HUR,2025-01-28,2025-01-30,3,TSE,626.3099365234375,601.874755859375,617.8134765625,620.9513549804688,595.7814331054688
M4_YLUR_SHUR,4,LUR,HUR,2025-01-28,2025-01-30,3,TSEC,41.49940872192383,40.052528381347656,40.153438568115234,40.03446960449219,40.27396774291992
M4_YLUR_SHUR,4,LUR,HUR,2025-01-29,2025-01-29,1,Yd,603.9722900390625,600.0234985351562,597.924072265625,599.3712768554688,599.8264770507812
M4_YLUR_SHUR,4,LUR,HUR,2025-01-29,2025-01-29,1,TSE,693.460693359375,601.753662109375,602.0918579101562,615.0462036132812,597.8475952148438
M4_YLUR_SHUR,4,LUR,HUR,2025-01-29,2025-01-29,1,TSEC,43.738372802734375,40.05154037475586,40.10301208496094,39.641746520996094,40.20548629760742
M4_YLUR_SHUR,4,LUR,HUR,2025-01-29,2025-01-30,2,Yd,599.4680786132812,600.0234985351562,597.8225708007812,599.0858764648438,599.7356567382812
M4_YLUR_SHUR,4,LUR,HUR,2025-01-29,2025-01-30,2,TSE,626.3099365234375,601.753662109375,601.7671508789062,621.9608764648438,597.400634765625
M4_YLUR_SHUR,4,LUR,HUR,2025-01-29,2025-01-30,2,TSEC,41.49940872192383,40.05154037475586,40.022132873535156,40.04016876220703,40.25117492675781
M4_YLUR_SHUR,4,LUR,HUR,2025-01-29,2025-01-31,3,Yd,606.0934448242188,600.0234985351562,597.8978271484375,600.2584838867188,599.670166015625
M4_YLUR_SHUR,4,LUR,HUR,2025-01-29,2025-01-31,3,TSE,573.3619995117188,601.753662109375,601.7782592773438,616.0756225585938,600.5005493164062
M4_YLUR_SHUR,4,LUR,HUR,2025-01-29,2025-01-31,3,TSEC,35.45939254760742,40.05154037475586,40.097835540771484,40.10354232788086,40.26914596557617
M4_YLUR_SHUR,4,LUR,HUR,2025-01-30,2025-01-30,1,Yd,599.4680786132812,600.0286865234375,599.6527099609375,598.6558227539062,599.8335571289062
M4_YLUR_SHUR,4,LUR,HUR,2025-01-30,2025-01-30,1,TSE,626.3099365234375,601.8743286132812,610.2413940429688,608.522705078125,600.3710327148438
M4_YLUR_SHUR,4,LUR,HUR,2025-01-30,2025-01-30,1,TSEC,41.49940872192383,40.056392669677734,40.23486328125,39.294700622558594,40.18576431274414
M4_YLUR_SHUR,4,LUR,HUR,2025-01-30,2025-01-31,2,Yd,606.0934448242188,600.0286865234375,600.072509765625,598.6224975585938,599.7130737304688
M4_YLUR_SHUR,4,LUR,HUR,2025-01-30,2025-01-31,2,TSE,573.3619995117188,601.8743286132812,588.0105590820312,621.2180786132812,602.4795532226562
M4_YLUR_SHUR,4,LUR,HUR,2025-01-30,2025-01-31,2,TSEC,35.45939254760742,40.056392669677734,40.46668243408203,39.60140609741211,40.217689514160156
M4_YLUR_SHUR,4,LUR,HUR,2025-01-30,2025-02-01,3,Yd,599.5877685546875,600.0286865234375,599.7247924804688,599.3792724609375,599.5835571289062
M4_YLUR_SHUR,4,LUR,HUR,2025-01-30,2025-02-01,3,TSE,494.00439453125,601.8743286132812,604.9127197265625,616.8577880859375,604.4466552734375
M4_YLUR_SHUR,4,LUR,HUR,2025-01-30,2025-02-01,3,TSEC,47.747779846191406,40.056392669677734,40.374298095703125,40.32985305786133,40.283050537109375
M4_YLUR_SHUR,4,LUR,HUR,2025-01-31,2025-01-31,1,Yd,606.0934448242188,600.0279541015625,599.84326171875,600.4630126953125,599.7843017578125
M4_YLUR_SHUR,4,LUR,HUR,2025-01-31,2025-01-31,1,TSE,573.3619995117188,601.9064331054688,602.8955078125,620.0570068359375,602.138916015625
M4_YLUR_SHUR,4,LUR,HUR,2025-01-31,2025-01-31,1,TSEC,35.45939254760742,40.05828857421875,40.22184753417969,39.13560104370117,40.15685272216797
M4_YLUR_SHUR,4,LUR,HUR,2025-01-31,2025-02-01,2,Yd,599.5877685546875,600.0279541015625,599.8682250976562,600.3258056640625,599.640869140625
M4_YLUR_SHUR,4,LUR,HUR,2025-01-31,2025-02-01,2,TSE,494.00439453125,601.9064331054688,602.2449951171875,631.7404174804688,604.0975952148438
M4_YLUR_SHUR,4,LUR,HUR,2025-01-31,2025-02-01,2,TSEC,47.747779846191406,40.05828857421875,39.96540832519531,39.96149444580078,40.22679901123047
M4_YLUR_SHUR,4,LUR,HUR,2025-01-31,2025-02-02,3,Yd,611.4887084960938,600.0279541015625,599.9854736328125,600.38671875,599.6336669921875
M4_YLUR_SHUR,4,LUR,HUR,2025-01-31,2025-02-02,3,TSE,548.550048828125,601.9064331054688,601.6611938476562,620.7235107421875,606.0284423828125
M4_YLUR_SHUR,4,LUR,HUR,2025-01-31,2025-02-02,3,TSEC,38.420955657958984,40.05828857421875,40.39984893798828,40.001014709472656,40.26225662231445
M4_YLUR_SHUR,4,LUR,HUR,2025-02-01,2025-02-01,1,Yd,599.5877685546875,600.0359497070312,600.1730346679688,599.8267211914062,599.8140258789062
M4_YLUR_SHUR,4,LUR,HUR,2025-02-01,2025-02-01,1,TSE,494.00439453125,601.8690185546875,595.6705322265625,615.3716430664062,604.4038696289062
M4_YLUR_SHUR,4,LUR,HUR,2025-02-01,2025-02-01,1,TSEC,47.747779846191406,40.05225372314453,40.117191314697266,39.70460891723633,40.10711669921875
M4_YLUR_SHUR,4,LUR,HUR,2025-02-01,2025-02-02,2,Yd,611.4887084960938,600.0359497070312,599.9933471679688,600.4920654296875,599.7682495117188
M4_YLUR_SHUR,4,LUR,HUR,2025-02-01,2025-02-02,2,TSE,548.550048828125,601.8690185546875,604.9417114257812,616.3073120117188,607.203857421875
M4_YLUR_SHUR,4,LUR,HUR,2025-02-01,2025-02-02,2,TSEC,38.420955657958984,40.05225372314453,40.26737976074219,39.60174560546875,40.1363639831543
M4_YLUR_SHUR,4,LUR,HUR,2025-02-01,2025-02-03,3,Yd,594.2708740234375,600.0359497070312,600.1743774414062,600.1935424804688,599.7699584960938
M4_YLUR_SHUR,4,LUR,HUR,2025-02-01,2025-02-03,3,TSE,574.375244140625,601.8690185546875,600.623779296875,618.191650390625,608.256103515625
M4_YLUR_SHUR,4,LUR,HUR,2025-02-01,2025-02-03,3,TSEC,42.4696044921875,40.05225372314453,40.32732391357422,39.9323844909668,40.19527053833008
M4_YLUR_SHUR,4,LUR,HUR,2025-02-02,2025-02-02,1,Yd,611.4887084960938,600.0352783203125,599.9606323242188,600.7045288085938,599.81494140625
M4_YLUR_SHUR,4,LUR,HUR,2025-02-02,2025-02-02,1,TSE,548.550048828125,601.7276611328125,604.67529296875,637.0294799804688,604.4268798828125
M4_YLUR_SHUR,4,LUR,HUR,2025-02-02,2025-02-02,1,TSEC,38.420955657958984,40.062339782714844,40.34436798095703,39.52027130126953,40.139564514160156
M4_YLUR_SHUR,4,LUR,HUR,2025-02-02,2025-02-03,2,Yd,594.2708740234375,600.0352783203125,600.1934814453125,600.611083984375,599.736572265625
M4_YLUR_SHUR,4,LUR,HUR,2025-02-02,2025-02-03,2,TSE,574.375244140625,601.7276611328125,609.220947265625,637.3093872070312,605.2202758789062
M4_YLUR_SHUR,4,LUR,HUR,2025-02-02,2025-02-03,2,TSEC,42.4696044921875,40.062339782714844,40.37803268432617,40.95396041870117,40.23051452636719
M4_YLUR_SHUR,4,LUR,HUR,2025-02-02,2025-02-04,3,Yd,590.3123779296875,600.0352783203125,600.671630859375,601.1515502929688,599.6762084960938
M4_YLUR_SHUR,4,LUR,HUR,2025-02-02,2025-02-04,3,TSE,625.7874755859375,601.7276611328125,604.1989135742188,626.6351318359375,602.1231079101562
M4_YLUR_SHUR,4,LUR,HUR,2025-02-02,2025-02-04,3,TSEC,34.19014358520508,40.062339782714844,40.53197479248047,40.083656311035156,40.392364501953125
M4_YLUR_SHUR,4,LUR,HUR,2025-02-03,2025-02-03,1,Yd,594.2708740234375,600.05029296875,600.8089599609375,597.5,599.7753295898438
M4_YLUR_SHUR,4,LUR,HUR,2025-02-03,2025-02-03,1,TSE,574.375244140625,601.6580200195312,598.9522094726562,611.3319702148438,602.2063598632812
M4_YLUR_SHUR,4,LUR,HUR,2025-02-03,2025-02-03,1,TSEC,42.4696044921875,40.0601921081543,41.09029006958008,39.59280776977539,40.12476348876953
M4_YLUR_SHUR,4,LUR,HUR,2025-02-03,2025-02-04,2,Yd,590.3123779296875,600.05029296875,600.302490234375,599.8786010742188,599.6192016601562
M4_YLUR_SHUR,4,LUR,HUR,2025-02-03,2025-02-04,2,TSE,625.7874755859375,601.6580200195312,605.3818969726562,625.6345825195312,599.9739379882812
M4_YLUR_SHUR,4,LUR,HUR,2025-02-03,2025-02-04,2,TSEC,34.19014358520508,40.0601921081543,41.266815185546875,39.934974670410156,40.241912841796875
M4_YLUR_SHUR,4,LUR,HUR,2025-02-03,2025-02-05,3,Yd,604.9061889648438,600.05029296875,599.8857421875,600.8739624023438,599.5081176757812
M4_YLUR_SHUR,4,LUR,HUR,2025-02-03,2025-02-05,3,TSE,592.1731567382812,601.6580200195312,601.236572265625,618.802734375,598.66259765625
M4_YLUR_SHUR,4,LUR,HUR,2025-02-03,2025-02-05,3,TSEC,33.22769546508789,40.0601921081543,40.39064025878906,39.99156188964844,40.33375930786133
M4_YLUR_SHUR,4,LUR,HUR,2025-02-04,2025-02-04,1,Yd,590.3123779296875,600.0427856445312,599.1432495117188,599.9491577148438,599.8225708007812
M4_YLUR_SHUR,4,LUR,HUR,2025-02-04,2025-02-04,1,TSE,625.7874755859375,601.622314453125,603.3944702148438,609.2532958984375,598.7555541992188
M4_YLUR_SHUR,4,LUR,HUR,2025-02-04,2025-02-04,1,TSEC,34.19014358520508,40.06333923339844,40.51407241821289,40.40248489379883,40.19351577758789
M4_YLUR_SHUR,4,LUR,HUR,2025-02-04,2025-02-05,2,Yd,604.9061889648438,600.0427856445312,600.6460571289062,599.8964233398438,599.7031860351562
M4_YLUR_SHUR,4,LUR,HUR,2025-02-04,2025-02-05,2,TSE,592.1731567382812,601.622314453125,599.6301879882812,613.7730712890625,596.6207275390625
M4_YLUR_SHUR,4,LUR,HUR,2025-02-04,2025-02-05,2,TSEC,33.22769546508789,40.06333923339844,40.26510238647461,40.305335998535156,40.2743034362793
M4_YLUR_SHUR,4,LUR,HUR,2025-02-04,2025-02-06,3,Yd,601.7534790039062,600.0427856445312,599.5233764648438,599.4967041015625,599.5729370117188
M4_YLUR_SHUR,4,LUR,HUR,2025-02-04,2025-02-06,3,TSE,570.26171875,601.622314453125,606.0786743164062,607.6546630859375,597.9352416992188
M4_YLUR_SHUR,4,LUR,HUR,2025-02-04,2025-02-06,3,TSEC,43.25957489013672,40.06333923339844,40.17939758300781,40.41792297363281,40.31358337402344
M4_YLUR_SHUR,4,LUR,HUR,2025-02-05,2025-02-05,1,Yd,604.9061889648438,600.0300903320312,599.7042236328125,599.9324340820312,599.816162109375
M4_YLUR_SHUR,4,LUR,HUR,2025-02-05,2025-02-05,1,TSE,592.1731567382812,601.6538696289062,593.0315551757812,608.89599609375,598.7318725585938
M4_YLUR_SHUR,4,LUR,HUR,2025-02-05,2025-02-05,1,TSEC,33.22769546508789,40.05567169189453,40.353084564208984,39.99279022216797,40.1356315612793
M4_YLUR_SHUR,4,LUR,HUR,2025-02-05,2025-02-06,2,Yd,601.7534790039062,600.0300903320312,600.0896606445312,598.2753295898438,599.7227172851562
M4_YLUR_SHUR,4,LUR,HUR,2025-02-05,2025-02-06,2,TSE,570.26171875,601.6538696289062,606.6657104492188,605.2116088867188,598.7807006835938
M4_YLUR_SHUR,4,LUR,HUR,2025-02-05,2025-02-06,2,TSEC,43.25957489013672,40.05567169189453,40.20213317871094,39.54594039916992,40.121036529541016
M4_YLUR_SHUR,4,LUR,HUR,2025-02-05,2025-02-07,3,Yd,614.6121826171875,600.0300903320312,600.8831787109375,599.02490234375,599.686279296875
M4_YLUR_SHUR,4,LUR,HUR,2025-02-05,2025-02-07,3,TSE,745.3129272460938,601.6538696289062,593.8941650390625,603.8795776367188,601.968017578125
M4_YLUR_SHUR,4,LUR,HUR,2025-02-05,2025-02-07,3,TSEC,44.23716354370117,40.05567169189453,40.137081146240234,39.8782844543457,40.12116241455078
M4_YLUR_SHUR,4,LUR,HUR,2025-02-06,2025-02-06,1,Yd,601.7534790039062,600.0364379882812,599.4810791015625,599.8211059570312,599.8025512695312
M4_YLUR_SHUR,4,LUR,HUR,2025-02-06,2025-02-06,1,TSE,570.26171875,601.6415405273438,601.516357421875,614.8445434570312,601.5628051757812
M4_YLUR_SHUR,4,LUR,HUR,2025-02-06,2025-02-06,1,TSEC,43.25957489013672,40.04677200317383,40.230892181396484,38.7538948059082,40.05754089355469
M4_YLUR_SHUR,4,LUR,HUR,2025-02-06,2025-02-07,2,Yd,614.6121826171875,600.0364379882812,599.6341552734375,598.5747680664062,599.7118530273438
M4_YLUR_SHUR,4,LUR,HUR,2025-02-06,2025-02-07,2,TSE,745.3129272460938,601.6415405273438,600.6016235351562,606.295166015625,603.6502075195312
M4_YLUR_SHUR,4,LUR,HUR,2025-02-06,2025-02-07,2,TSEC,44.23716354370117,40.04677200317383,39.95048904418945,37.93678665161133,40.0770378112793
M4_YLUR_SHUR,4,LUR,HUR,2025-02-06,2025-02-08,3,Yd,599.8588256835938,600.0364379882812,599.5137939453125,599.4786376953125,599.6840209960938
M4_YLUR_SHUR,4,LUR,HUR,2025-02-06,2025-02-08,3,TSE,601.0081787109375,601.6415405273438,600.5599365234375,611.23828125,605.8220825195312
M4_YLUR_SHUR,4,LUR,HUR,2025-02-06,2025-02-08,3,TSEC,40.506446838378906,40.04677200317383,40.26940155029297,38.952415466308594,40.12731170654297
M4_YLUR_SHUR,4,LUR,HUR,2025-02-07,2025-02-07,1,Yd,614.6121826171875,600.0386352539062,599.6495361328125,600.9375610351562,599.743896484375
M4_YLUR_SHUR,4,LUR,HUR,2025-02-07,2025-02-07,1,TSE,745.3129272460938,601.6006469726562,600.6008911132812,613.7019653320312,603.339599609375
M4_YLUR_SHUR,4,LUR,HUR,2025-02-07,2025-02-07,1,TSEC,44.23716354370117,40.05095291137695,40.08818435668945,39.557159423828125,40.12223815917969
M4_YLUR_SHUR,4,LUR,HUR,2025-02-07,2025-02-08,2,Yd,599.8588256835938,600.0386352539062,599.9459228515625,599.6344604492188,599.597900390625
M4_YLUR_SHUR,4,LUR,HUR,2025-02-07,2025-02-08,2,TSE,601.0081787109375,601.6006469726562,599.4813232421875,616.778076171875,605.696533203125
M4_YLUR_SHUR,4,LUR,HUR,2025-02-07,2025-02-08,2,TSEC,40.506446838378906,40.05095291137695,40.33207321166992,39.66816329956055,40.170654296875
M4_YLUR_SHUR,4,LUR,HUR,2025-02-07,2025-02-09,3,Yd,590.62109375,600.0386352539062,599.3815307617188,600.1727294921875,599.5678100585938
M4_YLUR_SHUR,4,LUR,HUR,2025-02-07,2025-02-09,3,TSE,641.5119018554688,601.6006469726562,600.3062133789062,619.1416015625,608.0134887695312
M4_YLUR_SHUR,4,LUR,HUR,2025-02-07,2025-02-09,3,TSEC,37.821842193603516,40.05095291137695,40.19047927856445,39.74703598022461,40.187801361083984
M4_YLUR_SHUR,4,LUR,HUR,2025-02-08,2025-02-08,1,Yd,599.8588256835938,600.0576171875,600.3169555664062,599.5215454101562,599.7190551757812
M4_YLUR_SHUR,4,LUR,HUR,2025-02-08,2025-02-08,1,TSE,601.0081787109375,601.7875366210938,600.5076293945312,600.91259765625,604.0740356445312
M4_YLUR_SHUR,4,LUR,HUR,2025-02-08,2025-02-08,1,TSEC,40.506446838378906,40.056396484375,40.14173126220703,39.437965393066406,40.10729217529297
M4_YLUR_SHUR,4,LUR,HUR,2025-02-08,2025-02-09,2,Yd,590.62109375,600.0576171875,599.2864990234375,599.6264038085938,599.6434936523438
M4_YLUR_SHUR,4,LUR,HUR,2025-02-08,2025-02-09,2,TSE,641.5119018554688,601.7875366210938,605.4429931640625,616.1298828125,606.2943115234375
M4_YLUR_SHUR,4,LUR,HUR,2025-02-08,2025-02-09,2,TSEC,37.821842193603516,40.056396484375,40.3126220703125,39.7916374206543,40.152034759521484
M4_YLUR_SHUR,4,LUR,HUR,2025-02-08,2025-02-10,3,Yd,598.9781494140625,600.0576171875,600.4591064453125,599.8594360351562,599.6732788085938
M4_YLUR_SHUR,4,LUR,HUR,2025-02-08,2025-02-10,3,TSE,557.3628540039062,601.7875366210938,600.8483276367188,619.1048583984375,606.990234375
M4_YLUR_SHUR,4,LUR,HUR,2025-02-08,2025-02-10,3,TSEC,47.70277786254883,40.056396484375,40.28059768676758,39.775352478027344,40.235408782958984
M4_YLUR_SHUR,4,LUR,HUR,2025-02-09,2025-02-09,1,Yd,590.62109375,600.057373046875,599.6036987304688,599.8955078125,599.8027954101562
M4_YLUR_SHUR,4,LUR,HUR,2025-02-09,2025-02-09,1,TSE,641.5119018554688,601.7864990234375,605.0718383789062,623.3268432617188,603.599365234375
M4_YLUR_SHUR,4,LUR,HUR,2025-02-09,2025-02-09,1,TSEC,37.821842193603516,40.05698013305664,40.03183364868164,38.879878997802734,40.08414840698242
M4_YLUR_SHUR,4,LUR,HUR,2025-02-09,2025-02-10,2,Yd,598.9781494140625,600.057373046875,600.9473876953125,600.8306274414062,599.7281494140625
M4_YLUR_SHUR,4,LUR,HUR,2025-02-09,2025-02-10,2,TSE,557.3628540039062,601.7864990234375,607.1943359375,618.9774780273438,603.5813598632812
M4_YLUR_SHUR,4,LUR,HUR,2025-02-09,2025-02-10,2,TSEC,47.70277786254883,40.05698013305664,40.98933029174805,40.073299407958984,40.16435241699219
M4_YLUR_SHUR,4,LUR,HUR,2025-02-09,2025-02-11,3,Yd,591.4852294921875,600.057373046875,599.499267578125,602.221923828125,599.6761474609375
M4_YLUR_SHUR,4,LUR,HUR,2025-02-09,2025-02-11,3,TSE,516.0558471679688,601.7864990234375,601.5859985351562,616.97998046875,600.55517578125
M4_YLUR_SHUR,4,LUR,HUR,2025-02-09,2025-02-11,3,TSEC,37.8940315246582,40.05698013305664,41.10493850708008,40.86914825439453,40.26092529296875
M4_YLUR_SHUR,4,LUR,HUR,2025-02-10,2025-02-10,1,Yd,598.9781494140625,600.0451049804688,599.7327880859375,598.7152099609375,599.8422241210938
M4_YLUR_SHUR,4,LUR,HUR,2025-02-10,2025-02-10,1,TSE,557.3628540039062,601.8380737304688,607.8468017578125,614.6232299804688,600.8228149414062
M4_YLUR_SHUR,4,LUR,HUR,2025-02-10,2025-02-10,1,TSEC,47.70277786254883,40.054080963134766,40.97237014770508,40.04677200317383,40.10415267944336
M4_YLUR_SHUR,4,LUR,HUR,2025-02-10,2025-02-11,2,Yd,591.4852294921875,600.0451049804688,599.7548217773438,599.2489624023438,599.779052734375
M4_YLUR_SHUR,4,LUR,HUR,2025-02-10,2025-02-11,2,TSE,516.0558471679688,601.8380737304688,601.4900512695312,605.58935546875,597.387451171875
M4_YLUR_SHUR,4,LUR,HUR,2025-02-10,2025-02-11,2,TSEC,37.8940315246582,40.054080963134766,41.05244445800781,40.21712875366211,40.16715621948242
M4_YLUR_SHUR,4,LUR,HUR,2025-02-10,2025-02-12,3,Yd,593.1651611328125,600.0451049804688,599.7310180664062,598.70751953125,599.7490234375
M4_YLUR_SHUR,4,LUR,HUR,2025-02-10,2025-02-12,3,TSE,479.3095397949219,601.8380737304688,599.05322265625,598.1719970703125,595.0287475585938
M4_YLUR_SHUR,4,LUR,HUR,2025-02-10,2025-02-12,3,TSEC,40.697052001953125,40.054080963134766,40.205482482910156,40.624488830566406,40.14579391479492
M4_YLUR_SHUR,4,LUR,HUR,2025-02-11,2025-02-11,1,Yd,591.4852294921875,600.043701171875,600.8553466796875,599.5284423828125,599.847412109375
M4_YLUR_SHUR,4,LUR,HUR,2025-02-11,2025-02-11,1,TSE,516.0558471679688,601.7804565429688,601.54345703125,616.954833984375,597.4971313476562
M4_YLUR_SHUR,4,LUR,HUR,2025-02-11,2025-02-11,1,TSEC,37.8940315246582,40.06399154663086,40.399269104003906,40.17113494873047,40.20750427246094
M4_YLUR_SHUR,4,LUR,HUR,2025-02-11,2025-02-12,2,Yd,593.1651611328125,600.043701171875,599.4161987304688,600.9910278320312,599.7567749023438
M4_YLUR_SHUR,4,LUR,HUR,2025-02-11,2025-02-12,2,TSE,479.3095397949219,601.7804565429688,597.1484375,620.1826171875,594.4505615234375
M4_YLUR_SHUR,4,LUR,HUR,2025-02-11,2025-02-12,2,TSEC,40.697052001953125,40.06399154663086,40.150333404541016,40.954063415527344,40.2667350769043
M4_YLUR_SHUR,4,LUR,HUR,2025-02-11,2025-02-13,3,Yd,605.2063598632812,600.043701171875,600.2960205078125,601.4192504882812,599.6412963867188
M4_YLUR_SHUR,4,LUR,HUR,2025-02-11,2025-02-13,3,TSE,644.3414306640625,601.7804565429688,603.3406372070312,619.11474609375,594.4638061523438
M4_YLUR_SHUR,4,LUR,HUR,2025-02-11,2025-02-13,3,TSEC,38.83003234863281,40.06399154663086,40.23028564453125,39.925472259521484,40.282623291015625
M4_YLUR_SHUR,4,LUR,HUR,2025-02-12,2025-02-12,1,Yd,593.1651611328125,600.0326538085938,599.079833984375,600.0990600585938,599.841796875
M4_YLUR_SHUR,4,LUR,HUR,2025-02-12,2025-02-12,1,TSE,479.3095397949219,601.6695556640625,594.5056762695312,599.7949829101562,597.5340576171875
M4_YLUR_SHUR,4,LUR,HUR,2025-02-12,2025-02-12,1,TSEC,40.697052001953125,40.06118392944336,40.19337844848633,39.929664611816406,40.184268951416016
M4_YLUR_SHUR,4,LUR,HUR,2025-02-12,2025-02-13,2,Yd,605.2063598632812,600.0326538085938,600.3104858398438,598.8565673828125,599.7642822265625
M4_YLUR_SHUR,4,LUR,HUR,2025-02-12,2025-02-13,2,TSE,644.3414306640625,601.6695556640625,604.1494140625,612.306884765625,596.8214721679688
M4_YLUR_SHUR,4,LUR,HUR,2025-02-12,2025-02-13,2,TSEC,38.83003234863281,40.06118392944336,40.30156326293945,39.952938079833984,40.20907974243164
M4_YLUR_SHUR,4,LUR,HUR,2025-02-12,2025-02-14,3,Yd,601.6400146484375,600.0326538085938,599.10888671875,599.8724975585938,599.6797485351562
M4_YLUR_SHUR,4,LUR,HUR,2025-02-12,2025-02-14,3,TSE,629.0736083984375,601.6695556640625,587.4025268554688,608.635498046875,599.3370971679688
M4_YLUR_SHUR,4,LUR,HUR,2025-02-12,2025-02-14,3,TSEC,28.651451110839844,40.06118392944336,40.29962158203125,39.34435272216797,40.224178314208984
M4_YLUR_SHUR,4,LUR,HUR,2025-02-13,2025-02-13,1,Yd,605.2063598632812,600.0238037109375,599.6890869140625,600.1166381835938,599.7924194335938
M4_YLUR_SHUR,4,LUR,HUR,2025-02-13,2025-02-13,1,TSE,644.3414306640625,601.511474609375,605.0813598632812,600.401123046875,600.061279296875
M4_YLUR_SHUR,4,LUR,HUR,2025-02-13,2025-02-13,1,TSEC,38.83003234863281,40.06200408935547,40.193763732910156,40.391517639160156,40.18975830078125
M4_YLUR_SHUR,4,LUR,HUR,2025-02-13,2025-02-14,2,Yd,601.6400146484375,600.0238037109375,599.6281127929688,600.1299438476562,599.6331176757812
M4_YLUR_SHUR,4,LUR,HUR,2025-02-13,2025-02-14,2,TSE,629.0736083984375,601.511474609375,590.4178466796875,605.0670776367188,602.0565185546875
M4_YLUR_SHUR,4,LUR,HUR,2025-02-13,2025-02-14,2,TSEC,28.651451110839844,40.06200408935547,40.22032165527344,40.56521224975586,40.23681640625
M4_YLUR_SHUR,4,LUR,HUR,2025-02-13,2025-02-15,3,Yd,600.3410034179688,600.0238037109375,599.7364501953125,600.1453247070312,599.5277709960938
M4_YLUR_SHUR,4,LUR,HUR,2025-02-13,2025-02-15,3,TSE,608.5191040039062,601.511474609375,595.2948608398438,602.9164428710938,604.2056884765625
M4_YLUR_SHUR,4,LUR,HUR,2025-02-13,2025-02-15,3,TSEC,35.50513458251953,40.06200408935547,40.154441833496094,40.481021881103516,40.31295394897461
M4_YLUR_SHUR,4,LUR,HUR,2025-02-14,2025-02-14,1,Yd,601.6400146484375,600.0304565429688,599.9248657226562,598.5441284179688,599.72607421875
M4_YLUR_SHUR,4,LUR,HUR,2025-02-14,2025-02-14,1,TSE,629.0736083984375,601.5667114257812,588.9783935546875,600.5565185546875,603.01123046875
M4_YLUR_SHUR,4,LUR,HUR,2025-02-14,2025-02-14,1,TSEC,28.651451110839844,40.0604133605957,40.23373794555664,38.77267837524414,40.14403533935547
M4_YLUR_SHUR,4,LUR,HUR,2025-02-14,2025-02-15,2,Yd,600.3410034179688,600.0304565429688,599.7371826171875,598.6380615234375,599.5787963867188
M4_YLUR_SHUR,4,LUR,HUR,2025-02-14,2025-02-15,2,TSE,608.5191040039062,601.5667114257812,599.8314208984375,609.6705322265625,605.4598388671875
M4_YLUR_SHUR,4,LUR,HUR,2025-02-14,2025-02-15,2,TSEC,35.50513458251953,40.0604133605957,40.16640853881836,39.723323822021484,40.19580078125
M4_YLUR_SHUR,4,LUR,HUR,2025-02-14,2025-02-16,3,Yd,597.300048828125,600.0304565429688,600.1597290039062,599.3262329101562,599.5391235351562
M4_YLUR_SHUR,4,LUR,HUR,2025-02-14,2025-02-16,3,TSE,673.198486328125,601.5667114257812,608.1111450195312,612.9714965820312,607.8202514648438
M4_YLUR_SHUR,4,LUR,HUR,2025-02-14,2025-02-16,3,TSEC,40.01306915283203,40.0604133605957,40.319435119628906,40.13618469238281,40.22651672363281
M4_YLUR_SHUR,4,LUR,HUR,2025-02-15,2025-02-15,1,Yd,600.3410034179688,600.0325317382812,599.5632934570312,599.3095092773438,599.8257446289062
M4_YLUR_SHUR,4,LUR,HUR,2025-02-15,2025-02-15,1,TSE,608.5191040039062,601.6022338867188,595.641845703125,613.1216430664062,604.349365234375
M4_YLUR_SHUR,4,LUR,HUR,2025-02-15,2025-02-15,1,TSEC,35.50513458251953,40.045711517333984,40.147029876708984,39.17656707763672,40.04408264160156
M4_YLUR_SHUR,4,LUR,HUR,2025-02-15,2025-02-16,2,Yd,597.300048828125,600.0325317382812,600.464599609375,600.1243286132812,599.8156127929688
M4_YLUR_SHUR,4,LUR,HUR,2025-02-15,2025-02-16,2,TSE,673.198486328125,601.6022338867188,604.4424438476562,614.1604614257812,606.855712890625
M4_YLUR_SHUR,4,LUR,HUR,2025-02-15,2025-02-16,2,TSEC,40.01306915283203,40.045711517333984,40.20445251464844,40.011592864990234,40.05437088012695
M4_YLUR_SHUR,4,LUR,HUR,2025-02-15,2025-02-17,3,Yd,601.7288208007812,600.0325317382812,599.7568969726562,598.3161010742188,599.814208984375
M4_YLUR_SHUR,4,LUR,HUR,2025-02-15,2025-02-17,3,TSE,618.2273559570312,601.6022338867188,599.6257934570312,626.882568359375,607.0398559570312
M4_YLUR_SHUR,4,LUR,HUR,2025-02-15,2025-02-17,3,TSEC,41.262168884277344,40.045711517333984,40.357059478759766,39.19560623168945,40.120975494384766
M4_YLUR_SHUR,4,LUR,HUR,2025-02-16,2025-02-16,1,Yd,597.300048828125,600.032958984375,600.3045043945312,598.1122436523438,599.8893432617188
M4_YLUR_SHUR,4,LUR,HUR,2025-02-16,2025-02-16,1,TSE,673.198486328125,601.611083984375,605.1934814453125,621.9550170898438,604.2598266601562
M4_YLUR_SHUR,4,LUR,HUR,2025-02-16,2025-02-16,1,TSEC,40.01306915283203,40.03987121582031,40.188926696777344,38.76264572143555,40.040870666503906
M4_YLUR_SHUR,4,LUR,HUR,2025-02-16,2025-02-17,2,Yd,601.7288208007812,600.032958984375,600.368408203125,599.4168090820312,599.8363037109375
M4_YLUR_SHUR,4,LUR,HUR,2025-02-16,2025-02-17,2,TSE,618.2273559570312,601.611083984375,598.0529174804688,621.7327880859375,604.3912353515625
M4_YLUR_SHUR,4,LUR,HUR,2025-02-16,2025-02-17,2,TSEC,41.262168884277344,40.03987121582031,40.319549560546875,40.330718994140625,40.081241607666016
M4_YLUR_SHUR,4,LUR,HUR,2025-02-16,2025-02-18,3,Yd,592.2701416015625,600.032958984375,600.4476928710938,598.81689453125,599.73486328125
M4_YLUR_SHUR,4,LUR,HUR,2025-02-16,2025-02-18,3,TSE,648.5684204101562,601.611083984375,608.1764526367188,616.86962890625,601.8328247070312
M4_YLUR_SHUR,4,LUR,HUR,2025-02-16,2025-02-18,3,TSEC,40.92851257324219,40.03987121582031,40.292808532714844,40.39277648925781,40.123558044433594
M4_YLUR_SHUR,4,LUR,HUR,2025-02-17,2025-02-17,1,Yd,601.7288208007812,600.0294189453125,599.648193359375,598.7379150390625,599.8506469726562
M4_YLUR_SHUR,4,LUR,HUR,2025-02-17,2025-02-17,1,TSE,618.2273559570312,601.7030639648438,602.577880859375,608.0578002929688,601.2802124023438
M4_YLUR_SHUR,4,LUR,HUR,2025-02-17,2025-02-17,1,TSEC,41.262168884277344,40.03983688354492,40.294288635253906,39.36138153076172,40.0711784362793
M4_YLUR_SHUR,4,LUR,HUR,2025-02-17,2025-02-18,2,Yd,592.2701416015625,600.0294189453125,600.80712890625,598.90966796875,599.7594604492188
M4_YLUR_SHUR,4,LUR,HUR,2025-02-17,2025-02-18,2,TSE,648.5684204101562,601.7030639648438,605.740234375,601.7225341796875,598.2544555664062
M4_YLUR_SHUR,4,LUR,HUR,2025-02-17,2025-02-18,2,TSEC,40.92851257324219,40.03983688354492,40.212013244628906,40.19258117675781,40.11669158935547
M4_YLUR_SHUR,4,LUR,HUR,2025-02-17,2025-02-19,3,Yd,594.9322509765625,600.0294189453125,599.2269897460938,598.8868408203125,599.6884155273438
M4_YLUR_SHUR,4,LUR,HUR,2025-02-17,2025-02-19,3,TSE,639.4838256835938,601.7030639648438,604.835693359375,598.8282470703125,596.427001953125
M4_YLUR_SHUR,4,LUR,HUR,2025-02-17,2025-02-19,3,TSEC,39.66739273071289,40.03983688354492,40.05762481689453,40.363372802734375,40.065643310546875
M4_YLUR_SHUR,4,LUR,HUR,2025-02-18,2025-02-18,1,Yd,592.2701416015625,600.0316162109375,600.0037231445312,599.1966552734375,599.8063354492188
M4_YLUR_SHUR,4,LUR,HUR,2025-02-18,2025-02-18,1,TSE,648.5684204101562,601.7243041992188,600.9385375976562,612.364990234375,598.1884765625
M4_YLUR_SHUR,4,LUR,HUR,2025-02-18,2025-02-18,1,TSEC,40.92851257324219,40.041404724121094,40.25661087036133,39.70254898071289,40.11697769165039
M4_YLUR_SHUR,4,LUR,HUR,2025-02-18,2025-02-19,2,Yd,594.9322509765625,600.0316162109375,599.923583984375,599.5928344726562,599.708251953125
M4_YLUR_SHUR,4,LUR,HUR,2025-02-18,2025-02-19,2,TSE,639.4838256835938,601.7243041992188,600.8120727539062,606.6472778320312,595.7056884765625
M4_YLUR_SHUR,4,LUR,HUR,2025-02-18,2025-02-19,2,TSEC,39.66739273071289,40.041404724121094,40.04852294921875,39.561485290527344,40.08081817626953
M4_YLUR_SHUR,4,LUR,HUR,2025-02-18,2025-02-20,3,Yd,600.2974243164062,600.0316162109375,599.71240234375,599.4027709960938,599.6582641601562
M4_YLUR_SHUR,4,LUR,HUR,2025-02-18,2025-02-20,3,TSE,572.5865478515625,601.7243041992188,601.5894165039062,603.8050537109375,595.850830078125
M4_YLUR_SHUR,4,LUR,HUR,2025-02-18,2025-02-20,3,TSEC,46.96538162231445,40.041404724121094,40.116477966308594,39.99281692504883,40.01313781738281
M4_YLUR_SHUR,4,LUR,HUR,2025-02-19,2025-02-19,1,Yd,594.9322509765625,600.0216064453125,598.6707153320312,598.6868896484375,599.8286743164062
M4_YLUR_SHUR,4,LUR,HUR,2025-02-19,2025-02-19,1,TSE,639.4838256835938,601.7843627929688,601.8729248046875,599.4688720703125,597.6346435546875
M4_YLUR_SHUR,4,LUR,HUR,2025-02-19,2025-02-19,1,TSEC,39.66739273071289,40.04254150390625,40.05869674682617,40.03373336791992,40.08710479736328
M4_YLUR_SHUR,4,LUR,HUR,2025-02-19,2025-02-20,2,Yd,600.2974243164062,600.0216064453125,600.4068603515625,599.3673706054688,599.7608032226562
M4_YLUR_SHUR,4,LUR,HUR,2025-02-19,2025-02-20,2,TSE,572.5865478515625,601.7843627929688,601.2499389648438,600.2899169921875,596.5421142578125
M4_YLUR_SHUR,4,LUR,HUR,2025-02-19,2025-02-20,2,TSEC,46.96538162231445,40.04254150390625,40.14055633544922,40.00808334350586,40.016929626464844
M4_YLUR_SHUR,4,LUR,HUR,2025-02-19,2025-02-21,3,Yd,601.9392700195312,600.0216064453125,598.7933959960938,599.403076171875,599.7328491210938
M4_YLUR_SHUR,4,LUR,HUR,2025-02-19,2025-02-21,3,TSE,708.587158203125,601.7843627929688,596.952880859375,601.789306640625,598.8432006835938
M4_YLUR_SHUR,4,LUR,HUR,2025-02-19,2025-02-21,3,TSEC,45.99508285522461,40.04254150390625,39.94880294799805,40.12007141113281,39.96794509887695
M4_YLUR_SHUR,4,LUR,HUR,2025-02-20,2025-02-20,1,Yd,600.2974243164062,600.01513671875,600.6218872070312,597.528564453125,599.8657836914062
M4_YLUR_SHUR,4,LUR,HUR,2025-02-20,2025-02-20,1,TSE,572.5865478515625,601.8326416015625,605.847412109375,604.0214233398438,599.2564086914062
M4_YLUR_SHUR,4,LUR,HUR,2025-02-20,2025-02-20,1,TSEC,46.96538162231445,40.04206085205078,40.196434020996094,38.94614791870117,40.059242248535156
M4_YLUR_SHUR,4,LUR,HUR,2025-02-20,2025-02-21,2,Yd,601.9392700195312,600.01513671875,600.6634521484375,598.456298828125,599.8037109375
M4_YLUR_SHUR,4,LUR,HUR,2025-02-20,2025-02-21,2,TSE,708.587158203125,601.8326416015625,592.67529296875,609.5061645507812,600.2106323242188
M4_YLUR_SHUR,4,LUR,HUR,2025-02-20,2025-02-21,2,TSEC,45.99508285522461,40.04206085205078,39.982242584228516,39.127010345458984,40.023590087890625
M4_YLUR_SHUR,4,LUR,HUR,2025-02-20,2025-02-22,3,Yd,589.1914672851562,600.01513671875,599.8995971679688,599.94287109375,599.79736328125
M4_YLUR_SHUR,4,LUR,HUR,2025-02-20,2025-02-22,3,TSE,711.7429809570312,601.8326416015625,600.220458984375,619.2450561523438,601.5765380859375
M4_YLUR_SHUR,4,LUR,HUR,2025-02-20,2025-02-22,3,TSEC,36.40876388549805,40.04206085205078,40.136260986328125,39.53059005737305,40.06272506713867
M4_YLUR_SHUR,4,LUR,HUR,2025-02-21,2025-02-21,1,Yd,601.9392700195312,600.0155029296875,599.5948486328125,600.8499145507812,599.7523803710938
M4_YLUR_SHUR,4,LUR,HUR,2025-02-21,2025-02-21,1,TSE,708.587158203125,601.7952270507812,601.6858520507812,598.3464965820312,601.3866577148438
M4_YLUR_SHUR,4,LUR,HUR,2025-02-21,2025-02-21,1,TSEC,45.99508285522461,40.0509147644043,39.98081970214844,40.02518081665039,40.12522888183594
M4_YLUR_SHUR,4,LUR,HUR,2025-02-21,2025-02-22,2,Yd,589.1914672851562,600.0155029296875,599.755859375,601.25390625,599.5899047851562
M4_YLUR_SHUR,4,LUR,HUR,2025-02-21,2025-02-22,2,TSE,711.7429809570312,601.7952270507812,601.6376953125,630.1011962890625,602.56298828125
M4_YLUR_SHUR,4,LUR,HUR,2025-02-21,2025-02-22,2,TSEC,36.40876388549805,40.0509147644043,40.180355072021484,40.50796127319336,40.17965316772461
M4_YLUR_SHUR,4,LUR,HUR,2025-02-21,2025-02-23,3,Yd,607.7174682617188,600.0155029296875,599.8364868164062,602.302001953125,599.5179443359375
M4_YLUR_SHUR,4,LUR,HUR,2025-02-21,2025-02-23,3,TSE,618.4043579101562,601.7952270507812,601.65771484375,621.4474487304688,603.7225341796875
M4_YLUR_SHUR,4,LUR,HUR,2025-02-21,2025-02-23,3,TSEC,43.74721145629883,40.0509147644043,40.17531204223633,40.50175094604492,40.23832702636719
M4_YLUR_SHUR,4,LUR,HUR,2025-02-22,2025-02-22,1,Yd,589.1914672851562,600.0179443359375,599.89453125,599.8807373046875,599.7365112304688
M4_YLUR_SHUR,4,LUR,HUR,2025-02-22,2025-02-22,1,TSE,711.7429809570312,601.931640625,598.697998046875,606.760009765625,602.2861328125
M4_YLUR_SHUR,4,LUR,HUR,2025-02-22,2025-02-22,1,TSEC,36.40876388549805,40.05850601196289,40.21052551269531,39.95741653442383,40.11375427246094
M4_YLUR_SHUR,4,LUR,HUR,2025-02-22,2025-02-23,2,Yd,607.7174682617188,600.0179443359375,600.1005249023438,600.1328735351562,599.5894775390625
M4_YLUR_SHUR,4,LUR,HUR,2025-02-22,2025-02-23,2,TSE,618.4043579101562,601.931640625,605.3889770507812,625.7367553710938,603.4207763671875
M4_YLUR_SHUR,4,LUR,HUR,2025-02-22,2025-02-23,2,TSEC,43.74721145629883,40.05850601196289,40.22099685668945,40.266807556152344,40.18476104736328
M4_YLUR_SHUR,4,LUR,HUR,2025-02-22,2025-02-24,3,Yd,601.5918579101562,600.0179443359375,599.9666748046875,600.69677734375,599.5391845703125
M4_YLUR_SHUR,4,LUR,HUR,2025-02-22,2025-02-24,3,TSE,589.934814453125,601.931640625,599.3395385742188,624.5040893554688,603.1195068359375
M4_YLUR_SHUR,4,LUR,HUR,2025-02-22,2025-02-24,3,TSEC,35.92857360839844,40.05850601196289,40.350284576416016,40.47551345825195,40.30332946777344
M4_YLUR_SHUR,4,LUR,HUR,2025-02-23,2025-02-23,1,Yd,607.7174682617188,600.004150390625,599.6004638671875,601.1243286132812,599.8519287109375
M4_YLUR_SHUR,4,LUR,HUR,2025-02-23,2025-02-23,1,TSE,618.4043579101562,602.0717163085938,602.8515014648438,614.5631103515625,601.9717407226562
M4_YLUR_SHUR,4,LUR,HUR,2025-02-23,2025-02-23,1,TSEC,43.74721145629883,40.05385208129883,40.24934005737305,39.800289154052734,40.08369064331055
M4_YLUR_SHUR,4,LUR,HUR,2025-02-23,2025-02-24,2,Yd,601.5918579101562,600.004150390625,600.2500610351562,601.980224609375,599.8388671875
M4_YLUR_SHUR,4,LUR,HUR,2025-02-23,2025-02-24,2,TSE,589.934814453125,602.0717163085938,602.815185546875,629.1481323242188,601.2216186523438
M4_YLUR_SHUR,4,LUR,HUR,2025-02-23,2025-02-24,2,TSEC,35.92857360839844,40.05385208129883,40.38776397705078,39.992210388183594,40.19366455078125
M4_YLUR_SHUR,4,LUR,HUR,2025-02-23,2025-02-25,3,Yd,599.8687744140625,600.004150390625,599.400634765625,602.0429077148438,599.8710327148438
M4_YLUR_SHUR,4,LUR,HUR,2025-02-23,2025-02-25,3,TSE,579.3314208984375,602.0717163085938,602.8369750976562,618.8131713867188,597.0887451171875
M4_YLUR_SHUR,4,LUR,HUR,2025-02-23,2025-02-25,3,TSEC,39.16733932495117,40.05385208129883,40.41838073730469,40.48524475097656,40.31975555419922
M4_YLUR_SHUR,4,LUR,HUR,2025-02-24,2025-02-24,1,Yd,601.5918579101562,600.0140380859375,601.640625,599.225830078125,599.8421020507812
M4_YLUR_SHUR,4,LUR,HUR,2025-02-24,2025-02-24,1,TSE,589.934814453125,602.092529296875,605.4345703125,608.5968017578125,599.9533081054688
M4_YLUR_SHUR,4,LUR,HUR,2025-02-24,2025-02-24,1,TSEC,35.92857360839844,40.058555603027344,40.365875244140625,39.570613861083984,40.191932678222656
M4_YLUR_SHUR,4,LUR,HUR,2025-02-24,2025-02-25,2,Yd,599.8687744140625,600.0140380859375,598.0567016601562,599.8510131835938,599.8165283203125
M4_YLUR_SHUR,4,LUR,HUR,2025-02-24,2025-02-25,2,TSE,579.3314208984375,602.092529296875,608.1182250976562,628.1820678710938,596.142578125
M4_YLUR_SHUR,4,LUR,HUR,2025-02-24,2025-02-25,2,TSEC,39.16733932495117,40.058555603027344,40.332420349121094,39.79682540893555,40.30854797363281
M4_YLUR_SHUR,4,LUR,HUR,2025-02-24,2025-02-26,3,Yd,598.7479858398438,600.0140380859375,600.9793090820312,600.1614990234375,599.8438720703125
M4_YLUR_SHUR,4,LUR,HUR,2025-02-24,2025-02-26,3,TSE,580.0010375976562,602.092529296875,609.3490600585938,613.6221923828125,592.2944946289062
M4_YLUR_SHUR,4,LUR,HUR,2025-02-24,2025-02-26,3,TSEC,42.814815521240234,40.058555603027344,40.12693786621094,40.52796936035156,40.365882873535156
M4_YLUR_SHUR,4,LUR,HUR,2025-02-25,2025-02-25,1,Yd,599.8687744140625,600.0159912109375,598.27880859375,598.6396484375,599.8446655273438
M4_YLUR_SHUR,4,LUR,HUR,2025-02-25,2025-02-25,1,TSE,579.3314208984375,602.0770263671875,603.0427856445312,608.7310180664062,597.39892578125
M4_YLUR_SHUR,4,LUR,HUR,2025-02-25,2025-02-25,1,TSEC,39.16733932495117,40.05330276489258,40.2199592590332,39.95978546142578,40.16474151611328
M4_YLUR_SHUR,4,LUR,HUR,2025-02-25,2025-02-26,2,Yd,598.7479858398438,600.0159912109375,601.2033081054688,600.2801513671875,599.7723388671875
M4_YLUR_SHUR,4,LUR,HUR,2025-02-25,2025-02-26,2,TSE,580.0010375976562,602.0770263671875,603.1231079101562,610.7333374023438,594.1495971679688
M4_YLUR_SHUR,4,LUR,HUR,2025-02-25,2025-02-26,2,TSEC,42.814815521240234,40.05330276489258,40.19414520263672,40.01588821411133,40.172149658203125
M4_YLUR_SHUR,4,LUR,HUR,2025-02-25,2025-02-27,3,Yd,605.7413330078125,600.0159912109375,598.5758056640625,598.8441772460938,599.7767333984375
M4_YLUR_SHUR,4,LUR,HUR,2025-02-25,2025-02-27,3,TSE,640.6986083984375,602.0770263671875,602.8312377929688,609.712158203125,593.8494873046875
M4_YLUR_SHUR,4,LUR,HUR,2025-02-25,2025-02-27,3,TSEC,38.631683349609375,40.05330276489258,40.34003829956055,39.941551208496094,40.134193420410156
M4_YLUR_SHUR,4,LUR,HUR,2025-02-26,2025-02-26,1,Yd,598.7479858398438,600.0158081054688,601.195556640625,600.0764770507812,599.8301391601562
M4_YLUR_SHUR,4,LUR,HUR,2025-02-26,2025-02-26,1,TSE,580.0010375976562,602.048095703125,602.4391479492188,618.457275390625,597.4993286132812
M4_YLUR_SHUR,4,LUR,HUR,2025-02-26,2025-02-26,1,TSEC,42.814815521240234,40.05217742919922,40.19811248779297,39.98086929321289,40.137569427490234
M4_YLUR_SHUR,4,LUR,HUR,2025-02-26,2025-02-27,2,Yd,605.7413330078125,600.0158081054688,598.4218139648438,598.2476806640625,599.7843017578125
M4_YLUR_SHUR,4,LUR,HUR,2025-02-26,2025-02-27,2,TSE,640.6986083984375,602.048095703125,603.0779418945312,619.589599609375,596.5018310546875
M4_YLUR_SHUR,4,LUR,HUR,2025-02-26,2025-02-27,2,TSEC,38.631683349609375,40.05217742919922,40.344993591308594,39.14506912231445,40.113746643066406
M4_YLUR_SHUR,4,LUR,HUR,2025-02-26,2025-02-28,3,Yd,595.8716430664062,600.0158081054688,600.661865234375,599.5403442382812,599.69287109375
M4_YLUR_SHUR,4,LUR,HUR,2025-02-26,2025-02-28,3,TSE,550.6541748046875,602.048095703125,602.1876831054688,616.3431396484375,598.8319702148438
M4_YLUR_SHUR,4,LUR,HUR,2025-02-26,2025-02-28,3,TSEC,34.53175354003906,40.05217742919922,40.254825592041016,39.53009033203125,40.09013366699219
M4_YLUR_SHUR,4,LUR,HUR,2025-02-27,2025-02-27,1,Yd,605.7413330078125,600.0142211914062,599.7796630859375,599.0948486328125,599.8054809570312
M4_YLUR_SHUR,4,LUR,HUR,2025-02-27,2025-02-27,1,TSE,640.6986083984375,602.0201416015625,608.6109619140625,621.5838623046875,599.4156494140625
M4_YLUR_SHUR,4,LUR,HUR,2025-02-27,2025-02-27,1,TSEC,38.631683349609375,40.05568313598633,39.5710334777832,38.663963317871094,40.12611770629883
M4_YLUR_SHUR,4,LUR,HUR,2025-02-27,2025-02-28,2,Yd,595.8716430664062,600.0142211914062,601.1322021484375,599.86083984375,599.6676635742188
M4_YLUR_SHUR,4,LUR,HUR,2025-02-27,2025-02-28,2,TSE,550.6541748046875,602.0201416015625,592.7828369140625,635.6051635742188,600.8880004882812
M4_YLUR_SHUR,4,LUR,HUR,2025-02-27,2025-02-28,2,TSEC,34.53175354003906,40.05568313598633,39.78540802001953,39.3840446472168,40.13908386230469
M4_YLUR_SHUR,4,LUR,HUR,2025-02-27,2025-03-01,3,Yd,589.8551025390625,600.0142211914062,599.2109985351562,600.1586303710938,599.5918579101562
M4_YLUR_SHUR,4,LUR,HUR,2025-02-27,2025-03-01,3,TSE,642.4964599609375,602.0201416015625,598.8622436523438,623.3674926757812,602.7135620117188
M4_YLUR_SHUR,4,LUR,HUR,2025-02-27,2025-03-01,3,TSEC,39.33058547973633,40.05568313598633,40.037662506103516,40.49296569824219,40.1899299621582
M4_YLUR_SHUR,4,LUR,HUR,2025-02-28,2025-02-28,1,Yd,595.8716430664062,600.021484375,601.1590576171875,599.9470825195312,599.7439575195312
M4_YLUR_SHUR,4,LUR,HUR,2025-02-28,2025-02-28,1,TSE,550.6541748046875,602.0692138671875,602.8045043945312,609.8759765625,602.1624755859375
M4_YLUR_SHUR,4,LUR,HUR,2025-02-28,2025-02-28,1,TSEC,34.53175354003906,40.05387496948242,40.123477935791016,38.95720291137695,40.10237121582031
M4_YLUR_SHUR,4,LUR,HUR,2025-02-28,2025-03-01,2,Yd,589.8551025390625,600.021484375,599.0732421875,598.8944702148438,599.5651245117188
M4_YLUR_SHUR,4,LUR,HUR,2025-02-28,2025-03-01,2,TSE,642.4964599609375,602.0692138671875,602.829345703125,613.3233642578125,603.9288330078125
M4_YLUR_SHUR,4,LUR,HUR,2025-02-28,2025-03-01,2,TSEC,39.33058547973633,40.05387496948242,40.102691650390625,39.47179412841797,40.1490478515625
M4_YLUR_SHUR,4,LUR,HUR,2025-02-28,2025-03-02,3,Yd,595.9696044921875,600.021484375,600.5709228515625,598.5301513671875,599.4384155273438
M4_YLUR_SHUR,4,LUR,HUR,2025-02-28,2025-03-02,3,TSE,598.6248168945312,602.0692138671875,602.773193359375,618.4419555664062,605.414306640625
M4_YLUR_SHUR,4,LUR,HUR,2025-02-28,2025-03-02,3,TSEC,45.988731384277344,40.05387496948242,40.24325180053711,39.154354095458984,40.229522705078125
M4_YLUR_SHUR,4,LUR,HUR,2025-03-01,2025-03-01,1,Yd,589.8551025390625,600.0162353515625,598.78759765625,599.853759765625,599.72509765625
M4_YLUR_SHUR,4,LUR,HUR,2025-03-01,2025-03-01,1,TSE,642.4964599609375,602.0040893554688,602.7183227539062,613.0844116210938,603.5989379882812
M4_YLUR_SHUR,4,LUR,HUR,2025-03-01,2025-03-01,1,TSEC,39.33058547973633,40.0468864440918,40.150447845458984,39.18688201904297,40.08732604980469
M4_YLUR_SHUR,4,LUR,HUR,2025-03-01,2025-03-02,2,Yd,595.9696044921875,600.0162353515625,600.940185546875,598.3828125,599.5929565429688
M4_YLUR_SHUR,4,LUR,HUR,2025-03-01,2025-03-02,2,TSE,598.6248168945312,602.0040893554688,602.4092407226562,615.6986694335938,605.4055786132812
M4_YLUR_SHUR,4,LUR,HUR,2025-03-01,2025-03-02,2,TSEC,45.988731384277344,40.0468864440918,40.205806732177734,40.008941650390625,40.14986801147461
M4_YLUR_SHUR,4,LUR,HUR,2025-03-01,2025-03-03,3,Yd,608.4820556640625,600.0162353515625,599.346435546875,598.390625,599.5175170898438
M4_YLUR_SHUR,4,LUR,HUR,2025-03-01,2025-03-03,3,TSE,615.2156982421875,602.0040893554688,602.90576171875,609.576171875,604.8132934570312
M4_YLUR_SHUR,4,LUR,HUR,2025-03-01,2025-03-03,3,TSEC,39.71732711791992,40.0468864440918,40.21742630004883,40.434383392333984,40.251991271972656
M4_YLUR_SHUR,4,LUR,HUR,2025-03-02,2025-03-02,1,Yd,595.9696044921875,600.0033569335938,599.5447998046875,599.3938598632812,599.8123779296875
M4_YLUR_SHUR,4,LUR,HUR,2025-03-02,2025-03-02,1,TSE,598.6248168945312,602.0552978515625,601.6038208007812,605.2929077148438,603.4025268554688
M4_YLUR_SHUR,4,LUR,HUR,2025-03-02,2025-03-02,1,TSEC,45.988731384277344,40.045982360839844,40.20073699951172,39.167442321777344,40.077369689941406
M4_YLUR_SHUR,4,LUR,HUR,2025-03-02,2025-03-03,2,Yd,608.4820556640625,600.0033569335938,599.5943603515625,599.6591186523438,599.7434692382812
M4_YLUR_SHUR,4,LUR,HUR,2025-03-02,2025-03-03,2,TSE,615.2156982421875,602.0552978515625,603.7455444335938,593.9179077148438,602.8912353515625
M4_YLUR_SHUR,4,LUR,HUR,2025-03-02,2025-03-03,2,TSEC,39.71732711791992,40.045982360839844,40.264095306396484,39.947017669677734,40.152244567871094
M4_YLUR_SHUR,4,LUR,HUR,2025-03-02,2025-03-04,3,Yd,599.1119384765625,600.0033569335938,599.9495239257812,598.7039184570312,599.6959838867188
M4_YLUR_SHUR,4,LUR,HUR,2025-03-02,2025-03-04,3,TSE,649.5468139648438,602.0552978515625,604.6807861328125,596.8732299804688,598.719970703125
M4_YLUR_SHUR,4,LUR,HUR,2025-03-02,2025-03-04,3,TSEC,50.026161193847656,40.045982360839844,40.21513748168945,39.836368560791016,40.29866027832031
M4_YLUR_SHUR,4,LUR,HUR,2025-03-03,2025-03-03,1,Yd,608.4820556640625,599.998291015625,599.770263671875,600.5658569335938,599.8240356445312
M4_YLUR_SHUR,4,LUR,HUR,2025-03-03,2025-03-03,1,TSE,615.2156982421875,602.0509643554688,603.3184204101562,616.9227294921875,600.3143920898438
M4_YLUR_SHUR,4,LUR,HUR,2025-03-03,2025-03-03,1,TSEC,39.71732711791992,40.05348587036133,40.30804443359375,40.0738525390625,40.18659210205078
M4_YLUR_SHUR,4,LUR,HUR,2025-03-03,2025-03-04,2,Yd,599.1119384765625,599.998291015625,600.2151489257812,599.8651123046875,599.7813720703125
M4_YLUR_SHUR,4,LUR,HUR,2025-03-03,2025-03-04,2,TSE,649.5468139648438,602.0509643554688,602.3778076171875,620.4599609375,596.5972290039062
M4_YLUR_SHUR,4,LUR,HUR,2025-03-03,2025-03-04,2,TSEC,50.026161193847656,40.05348587036133,40.28765869140625,40.3303337097168,40.322845458984375
M4_YLUR_SHUR,4,LUR,HUR,2025-03-03,2025-03-05,3,Yd,597.889892578125,599.998291015625,599.9115600585938,599.88916015625,599.794189453125
M4_YLUR_SHUR,4,LUR,HUR,2025-03-03,2025-03-05,3,TSE,553.0911865234375,602.0509643554688,603.25,620.2322998046875,592.953369140625
M4_YLUR_SHUR,4,LUR,HUR,2025-03-03,2025-03-05,3,TSEC,40.26277160644531,40.05348587036133,40.17219161987305,39.60552978515625,40.37709045410156
M4_YLUR_SHUR,4,LUR,HUR,2025-03-04,2025-03-04,1,Yd,599.1119384765625,600.0089721679688,600.9376831054688,598.4480590820312,599.8372802734375
M4_YLUR_SHUR,4,LUR,HUR,2025-03-04,2025-03-04,1,TSE,649.5468139648438,602.0675659179688,602.7123413085938,603.0502319335938,597.7889404296875
M4_YLUR_SHUR,4,LUR,HUR,2025-03-04,2025-03-04,1,TSEC,50.026161193847656,40.05305862426758,40.26607894897461,40.243465423583984,40.199886322021484
M4_YLUR_SHUR,4,LUR,HUR,2025-03-04,2025-03-05,2,Yd,597.889892578125,600.0089721679688,598.9822998046875,599.067138671875,599.7664794921875
M4_YLUR_SHUR,4,LUR,HUR,2025-03-04,2025-03-05,2,TSE,553.0911865234375,602.0675659179688,602.7045288085938,603.8339233398438,594.6822509765625
M4_YLUR_SHUR,4,LUR,HUR,2025-03-04,2025-03-05,2,TSEC,40.26277160644531,40.05305862426758,40.19144821166992,39.37229919433594,40.240745544433594
M4_YLUR_SHUR,4,LUR,HUR,2025-03-04,2025-03-06,3,Yd,602.5516357421875,600.0089721679688,600.7103881835938,599.686279296875,599.7550659179688
M4_YLUR_SHUR,4,LUR,HUR,2025-03-04,2025-03-06,3,TSE,604.2753295898438,602.0675659179688,602.8312377929688,593.5554809570312,594.652587890625
M4_YLUR_SHUR,4,LUR,HUR,2025-03-04,2025-03-06,3,TSEC,35.93329620361328,40.05305862426758,40.24789047241211,40.00667190551758,40.23014831542969
M4_YLUR_SHUR,4,LUR,HUR,2025-03-05,2025-03-05,1,Yd,597.889892578125,600.0078125,598.9320678710938,600.2050170898438,599.8776245117188
M4_YLUR_SHUR,4,LUR,HUR,2025-03-05,2025-03-05,1,TSE,553.0911865234375,602.1273803710938,603.6722412109375,591.1422119140625,596.6946411132812
M4_YLUR_SHUR,4,LUR,HUR,2025-03-05,2025-03-05,1,TSEC,40.26277160644531,40.06562042236328,40.19988250732422,40.54655838012695,40.2168083190918
M4_YLUR_SHUR,4,LUR,HUR,2025-03-05,2025-03-06,2,Yd,602.5516357421875,600.0078125,600.2766723632812,601.1190795898438,599.78125
M4_YLUR_SHUR,4,LUR,HUR,2025-03-05,2025-03-06,2,TSE,604.2753295898438,602.1273803710938,606.1544189453125,615.740478515625,595.34814453125
M4_YLUR_SHUR,4,LUR,HUR,2025-03-05,2025-03-06,2,TSEC,35.93329620361328,40.06562042236328,40.30448532104492,40.17616653442383,40.270809173583984
M4_YLUR_SHUR,4,LUR,HUR,2025-03-05,2025-03-07,3,Yd,598.3300170898438,600.0078125,598.817138671875,601.722900390625,599.6570434570312
M4_YLUR_SHUR,4,LUR,HUR,2025-03-05,2025-03-07,3,TSE,546.7398681640625,602.1273803710938,594.7367553710938,611.7073974609375,597.0256958007812
M4_YLUR_SHUR,4,LUR,HUR,2025-03-05,2025-03-07,3,TSEC,42.79468536376953,40.06562042236328,40.09946823120117,39.96139907836914,40.299163818359375
M4_YLUR_SHUR,4,LUR,HUR,2025-03-06,2025-03-06,1,Yd,602.5516357421875,600.0051879882812,600.7186889648438,598.3486328125,599.8488159179688
M4_YLUR_SHUR,4,LUR,HUR,2025-03-06,2025-03-06,1,TSE,604.2753295898438,602.065673828125,602.7020874023438,603.2597045898438,599.12841796875
M4_YLUR_SHUR,4,LUR,HUR,2025-03-06,2025-03-06,1,TSEC,35.93329620361328,40.06586837768555,40.38886642456055,39.385292053222656,40.188812255859375
M4_YLUR_SHUR,4,LUR,HUR,2025-03-06,2025-03-07,2,Yd,598.3300170898438,600.0051879882812,600.3543090820312,598.3790893554688,599.734375
M4_YLUR_SHUR,4,LUR,HUR,2025-03-06,2025-03-07,2,TSE,546.7398681640625,602.065673828125,602.7256469726562,634.4967041015625,600.1513061523438
M4_YLUR_SHUR,4,LUR,HUR,2025-03-06,2025-03-07,2,TSEC,42.79468536376953,40.06586837768555,40.130577087402344,39.663753509521484,40.247657775878906
M4_YLUR_SHUR,4,LUR,HUR,2025-03-06,2025-03-08,3,Yd,604.0186767578125,600.0051879882812,599.6596069335938,601.1826782226562,599.6092529296875
M4_YLUR_SHUR,4,LUR,HUR,2025-03-06,2025-03-08,3,TSE,551.0269165039062,602.065673828125,602.7054443359375,630.9581298828125,602.224853515625
M4_YLUR_SHUR,4,LUR,HUR,2025-03-06,2025-03-08,3,TSEC,40.3536491394043,40.06586837768555,40.2882194519043,39.894371032714844,40.28281021118164
M4_YLUR_SHUR,4,LUR,HUR,2025-03-07,2025-03-07,1,Yd,598.3300170898438,600.0083618164062,599.49951171875,599.2918090820312,599.7625732421875
M4_YLUR_SHUR,4,LUR,HUR,2025-03-07,2025-03-07,1,TSE,546.7398681640625,602.0684814453125,582.5454711914062,621.9517822265625,602.2184448242188
M4_YLUR_SHUR,4,LUR,HUR,2025-03-07,2025-03-07,1,TSEC,42.79468536376953,40.06067657470703,40.061256408691406,38.54214859008789,40.13438034057617
M4_YLUR_SHUR,4,LUR,HUR,2025-03-07,2025-03-08,2,Yd,604.0186767578125,600.0083618164062,600.3339233398438,598.892578125,599.5778198242188
M4_YLUR_SHUR,4,LUR,HUR,2025-03-07,2025-03-08,2,TSE,551.0269165039062,602.0684814453125,594.8839721679688,619.9775390625,604.100830078125
M4_YLUR_SHUR,4,LUR,HUR,2025-03-07,2025-03-08,2,TSEC,40.3536491394043,40.06067657470703,40.092002868652344,40.60487747192383,40.202423095703125
M4_YLUR_SHUR,4,LUR,HUR,2025-03-07,2025-03-09,3,Yd,601.5806274414062,600.0083618164062,599.6675415039062,598.1721801757812,599.4320678710938
M4_YLUR_SHUR,4,LUR,HUR,2025-03-07,2025-03-09,3,TSE,635.2188720703125,602.0684814453125,601.3878784179688,623.4049072265625,605.6524658203125
M4_YLUR_SHUR,4,LUR,HUR,2025-03-07,2025-03-09,3,TSEC,36.28598403930664,40.06067657470703,40.352203369140625,40.303287506103516,40.30077362060547
M4_YLUR_SHUR,4,LUR,HUR,2025-03-08,2025-03-08,1,Yd,604.0186767578125,600.0062866210938,600.1014404296875,599.0211791992188,599.7058715820312
M4_YLUR_SHUR,4,LUR,HUR,2025-03-08,2025-03-08,1,TSE,551.0269165039062,601.9990234375,602.393798828125,626.7653198242188,603.5681762695312
M4_YLUR_SHUR,4,LUR,HUR,2025-03-08,2025-03-08,1,TSEC,40.3536491394043,40.06410598754883,40.21226501464844,39.67902374267578,40.15586471557617
M4_YLUR_SHUR,4,LUR,HUR,2025-03-08,2025-03-09,2,Yd,601.5806274414062,600.0062866210938,599.5449829101562,599.4672241210938,599.5174560546875
M4_YLUR_SHUR,4,LUR,HUR,2025-03-08,2025-03-09,2,TSE,635.2188720703125,601.9990234375,602.3968505859375,627.5257568359375,605.7505493164062
M4_YLUR_SHUR,4,LUR,HUR,2025-03-08,2025-03-09,2,TSEC,36.28598403930664,40.06410598754883,40.35270690917969,40.759395599365234,40.25236511230469
M4_YLUR_SHUR,4,LUR,HUR,2025-03-08,2025-03-10,3,Yd,597.4097290039062,600.0062866210938,599.3850708007812,600.0154418945312,599.45458984375
M4_YLUR_SHUR,4,LUR,HUR,2025-03-08,2025-03-10,3,TSE,575.360595703125,601.9990234375,602.3897705078125,619.3524780273438,605.5828247070312
M4_YLUR_SHUR,4,LUR,HUR,2025-03-08,2025-03-10,3,TSEC,42.38389587402344,40.06410598754883,40.259952545166016,40.835628509521484,40.391841888427734
M4_YLUR_SHUR,4,LUR,HUR,2025-03-09,2025-03-09,1,Yd,601.5806274414062,600.0112915039062,600.4440307617188,599.0524291992188,599.7240600585938
M4_YLUR_SHUR,4,LUR,HUR,2025-03-09,2025-03-09,1,TSE,635.2188720703125,601.9351806640625,599.9608764648438,604.7548217773438,604.0913696289062
M4_YLUR_SHUR,4,LUR,HUR,2025-03-09,2025-03-09,1,TSEC,36.28598403930664,40.06446838378906,40.346229553222656,39.966064453125,40.15673065185547
M4_YLUR_SHUR,4,LUR,HUR,2025-03-09,2025-03-10,2,Yd,597.4097290039062,600.0112915039062,599.7382202148438,599.37548828125,599.5645141601562
M4_YLUR_SHUR,4,LUR,HUR,2025-03-09,2025-03-10,2,TSE,575.360595703125,601.9351806640625,609.32080078125,625.9944458007812,603.6755981445312
M4_YLUR_SHUR,4,LUR,HUR,2025-03-09,2025-03-10,2,TSEC,42.38389587402344,40.06446838378906,40.30895233154297,39.90231704711914,40.3011360168457
M4_YLUR_SHUR,4,LUR,HUR,2025-03-09,2025-03-11,3,Yd,592.3516845703125,600.0112915039062,600.6331176757812,599.57373046875,599.512451171875
M4_YLUR_SHUR,4,LUR,HUR,2025-03-09,2025-03-11,3,TSE,570.1616821289062,601.9351806640625,606.9166870117188,624.67724609375,600.1722412109375
M4_YLUR_SHUR,4,LUR,HUR,2025-03-09,2025-03-11,3,TSEC,41.11521530151367,40.06446838378906,40.39377212524414,39.465248107910156,40.49291229248047
M4_YLUR_SHUR,4,LUR,HUR,2025-03-10,2025-03-10,1,Yd,597.4097290039062,600.0132446289062,600.3160400390625,598.5084838867188,599.7808227539062
M4_YLUR_SHUR,4,LUR,HUR,2025-03-10,2025-03-10,1,TSE,575.360595703125,601.976806640625,602.380126953125,617.2105102539062,601.0120849609375
M4_YLUR_SHUR,4,LUR,HUR,2025-03-10,2025-03-10,1,TSEC,42.38389587402344,40.05974197387695,41.01650619506836,39.81996154785156,40.182411193847656
M4_YLUR_SHUR,4,LUR,HUR,2025-03-10,2025-03-11,2,Yd,592.3516845703125,600.0132446289062,600.1769409179688,597.8068237304688,599.7266845703125
M4_YLUR_SHUR,4,LUR,HUR,2025-03-10,2025-03-11,2,TSE,570.1616821289062,601.976806640625,602.3330078125,617.116455078125,598.2671508789062
M4_YLUR_SHUR,4,LUR,HUR,2025-03-10,2025-03-11,2,TSEC,41.11521530151367,40.05974197387695,41.189430236816406,40.89595031738281,40.300174713134766
M4_YLUR_SHUR,4,LUR,HUR,2025-03-10,2025-03-12,3,Yd,595.0853881835938,600.0132446289062,600.832763671875,598.0850219726562,599.7108764648438
M4_YLUR_SHUR,4,LUR,HUR,2025-03-10,2025-03-12,3,TSE,620.7993774414062,601.976806640625,602.3814086914062,610.0377197265625,595.8568725585938
M4_YLUR_SHUR,4,LUR,HUR,2025-03-10,2025-03-12,3,TSEC,36.40098571777344,40.05974197387695,40.197513580322266,40.72568130493164,40.34911346435547
M4_YLUR_SHUR,4,LUR,HUR,2025-03-11,2025-03-11,1,Yd,592.3516845703125,600.010009765625,600.4795532226562,599.9277954101562,599.8218994140625
M4_YLUR_SHUR,4,LUR,HUR,2025-03-11,2025-03-11,1,TSE,570.1616821289062,601.9435424804688,603.5011596679688,628.0443115234375,598.0541381835938
M4_YLUR_SHUR,4,LUR,HUR,2025-03-11,2025-03-11,1,TSEC,41.11521530151367,40.062644958496094,40.31061935424805,40.09789276123047,40.212425231933594
M4_YLUR_SHUR,4,LUR,HUR,2025-03-11,2025-03-12,2,Yd,595.0853881835938,600.010009765625,599.26220703125,599.4612426757812,599.7484741210938
M4_YLUR_SHUR,4,LUR,HUR,2025-03-11,2025-03-12,2,TSE,620.7993774414062,601.9435424804688,608.727294921875,629.4678344726562,595.1790771484375
M4_YLUR_SHUR,4,LUR,HUR,2025-03-11,2025-03-12,2,TSEC,36.40098571777344,40.062644958496094,40.268409729003906,39.88343811035156,40.28367233276367
M4_YLUR_SHUR,4,LUR,HUR,2025-03-11,2025-03-13,3,Yd,601.5039672851562,600.010009765625,600.2472534179688,599.3448486328125,599.6672973632812
M4_YLUR_SHUR,4,LUR,HUR,2025-03-11,2025-03-13,3,TSE,509.6089172363281,601.9435424804688,606.2886352539062,620.4517211914062,595.1487426757812
M4_YLUR_SHUR,4,LUR,HUR,2025-03-11,2025-03-13,3,TSEC,41.053794860839844,40.062644958496094,40.23136520385742,40.291324615478516,40.26829147338867
M4_YLUR_SHUR,4,LUR,HUR,2025-03-12,2025-03-12,1,Yd,595.0853881835938,600.00048828125,599.8275146484375,600.375732421875,599.8196411132812
M4_YLUR_SHUR,4,LUR,HUR,2025-03-12,2025-03-12,1,TSE,620.7993774414062,601.9038696289062,610.1261596679688,608.7584838867188,597.526123046875
M4_YLUR_SHUR,4,LUR,HUR,2025-03-12,2025-03-12,1,TSEC,36.40098571777344,40.06395721435547,40.28359603881836,40.13484573364258,40.19122314453125
M4_YLUR_SHUR,4,LUR,HUR,2025-03-12,2025-03-13,2,Yd,601.5039672851562,600.00048828125,599.0531616210938,599.3643798828125,599.7239379882812
M4_YLUR_SHUR,4,LUR,HUR,2025-03-12,2025-03-13,2,TSE,509.6089172363281,601.9038696289062,608.1138305664062,617.38330078125,596.831787109375
M4_YLUR_SHUR,4,LUR,HUR,2025-03-12,2025-03-13,2,TSEC,41.053794860839844,40.06395721435547,40.227027893066406,39.96181106567383,40.21027374267578
M4_YLUR_SHUR,4,LUR,HUR,2025-03-12,2025-03-14,3,Yd,607.6853637695312,600.00048828125,599.0216064453125,598.8424682617188,599.6556396484375
M4_YLUR_SHUR,4,LUR,HUR,2025-03-12,2025-03-14,3,TSE,676.8554077148438,601.9038696289062,591.8624877929688,619.8812255859375,598.9141235351562
M4_YLUR_SHUR,4,LUR,HUR,2025-03-12,2025-03-14,3,TSEC,37.749080657958984,40.06395721435547,40.273406982421875,39.783592224121094,40.201148986816406
M4_YLUR_SHUR,4,LUR,HUR,2025-03-13,2025-03-13,1,Yd,601.5039672851562,599.9943237304688,600.352783203125,598.3464965820312,599.8184814453125
M4_YLUR_SHUR,4,LUR,HUR,2025-03-13,2025-03-13,1,TSE,509.6089172363281,601.9274291992188,602.1158447265625,605.1923828125,600.076171875
M4_YLUR_SHUR,4,LUR,HUR,2025-03-13,2025-03-13,1,TSEC,41.053794860839844,40.059391021728516,39.45690155029297,39.15354537963867,40.113956451416016
M4_YLUR_SHUR,4,LUR,HUR,2025-03-13,2025-03-14,2,Yd,607.6853637695312,599.9943237304688,600.6098022460938,597.7716064453125,599.7164916992188
M4_YLUR_SHUR,4,LUR,HUR,2025-03-13,2025-03-14,2,TSE,676.8554077148438,601.9274291992188,602.2125244140625,604.3616943359375,601.7008666992188
M4_YLUR_SHUR,4,LUR,HUR,2025-03-13,2025-03-14,2,TSEC,37.749080657958984,40.059391021728516,39.69691467285156,39.81217575073242,40.11732864379883
M4_YLUR_SHUR,4,LUR,HUR,2025-03-13,2025-03-15,3,Yd,594.205810546875,599.9943237304688,599.456787109375,599.2735595703125,599.6737060546875
M4_YLUR_SHUR,4,LUR,HUR,2025-03-13,2025-03-15,3,TSE,490.80584716796875,601.9274291992188,602.202880859375,612.996826171875,603.6604614257812
M4_YLUR_SHUR,4,LUR,HUR,2025-03-13,2025-03-15,3,TSEC,35.55166244506836,40.059391021728516,39.926944732666016,40.20709228515625,40.1837272644043
M4_YLUR_SHUR,4,LUR,HUR,2025-03-14,2025-03-14,1,Yd,607.6853637695312,599.9962158203125,599.2696533203125,599.141845703125,599.7463989257812
M4_YLUR_SHUR,4,LUR,HUR,2025-03-14,2025-03-14,1,TSE,676.8554077148438,601.8124389648438,601.6185302734375,610.24853515625,602.7684326171875
M4_YLUR_SHUR,4,LUR,HUR,2025-03-14,2025-03-14,1,TSEC,37.749080657958984,40.060630798339844,40.27294158935547,39.78617858886719,40.159912109375
M4_YLUR_SHUR,4,LUR,HUR,2025-03-14,2025-03-15,2,Yd,594.205810546875,599.9962158203125,599.6802368164062,600.57080078125,599.5508422851562
M4_YLUR_SHUR,4,LUR,HUR,2025-03-14,2025-03-15,2,TSE,490.80584716796875,601.8124389648438,601.7175903320312,617.0797119140625,604.858642578125
M4_YLUR_SHUR,4,LUR,HUR,2025-03-14,2025-03-15,2,TSEC,35.55166244506836,40.060630798339844,40.28642654418945,39.25078201293945,40.2484245300293
M4_YLUR_SHUR,4,LUR,HUR,2025-03-14,2025-03-16,3,Yd,602.6402587890625,599.9962158203125,599.6328735351562,600.3740234375,599.4152221679688
M4_YLUR_SHUR,4,LUR,HUR,2025-03-14,2025-03-16,3,TSE,604.7592163085938,601.8124389648438,601.5909423828125,619.0563354492188,607.0247802734375
M4_YLUR_SHUR,4,LUR,HUR,2025-03-14,2025-03-16,3,TSEC,38.80791473388672,40.060630798339844,40.241756439208984,39.66433334350586,40.330867767333984
M4_YLUR_SHUR,4,LUR,HUR,2025-03-15,2025-03-15,1,Yd,594.205810546875,600.0057373046875,600.2701416015625,599.6166381835938,599.7201538085938
M4_YLUR_SHUR,4,LUR,HUR,2025-03-15,2025-03-15,1,TSE,490.80584716796875,601.90576171875,597.63525390625,605.7929077148438,604.0030517578125
M4_YLUR_SHUR,4,LUR,HUR,2025-03-15,2025-03-15,1,TSEC,35.55166244506836,40.05775451660156,39.93217086791992,39.56390380859375,40.116790771484375
M4_YLUR_SHUR,4,LUR,HUR,2025-03-15,2025-03-16,2,Yd,602.6402587890625,600.0057373046875,599.76611328125,598.92529296875,599.5859375
M4_YLUR_SHUR,4,LUR,HUR,2025-03-15,2025-03-16,2,TSE,604.7592163085938,601.90576171875,602.1849365234375,610.6751098632812,606.08740234375
M4_YLUR_SHUR,4,LUR,HUR,2025-03-15,2025-03-16,2,TSEC,38.80791473388672,40.05775451660156,40.115840911865234,40.387962341308594,40.19953155517578
M4_YLUR_SHUR,4,LUR,HUR,2025-03-15,2025-03-17,3,Yd,594.5111694335938,600.0057373046875,599.498291015625,599.0740356445312,599.5262451171875
M4_YLUR_SHUR,4,LUR,HUR,2025-03-15,2025-03-17,3,TSE,574.8667602539062,601.90576171875,602.8984985351562,613.7156372070312,606.0078735351562
M4_YLUR_SHUR,4,LUR,HUR,2025-03-15,2025-03-17,3,TSEC,42.45931625366211,40.05775451660156,41.00978469848633,40.20253372192383,40.31856918334961
M4_YLUR_SHUR,4,LUR,HUR,2025-03-16,2025-03-16,1,Yd,602.6402587890625,599.99853515625,598.6895141601562,599.4954223632812,599.7603149414062
M4_YLUR_SHUR,4,LUR,HUR,2025-03-16,2025-03-16,1,TSE,604.7592163085938,601.7677612304688,601.9146728515625,630.5023193359375,604.0169677734375
M4_YLUR_SHUR,4,LUR,HUR,2025-03-16,2025-03-16,1,TSEC,38.80791473388672,40.05215835571289,40.29587936401367,38.93641662597656,40.127925872802734
M4_YLUR_SHUR,4,LUR,HUR,2025-03-16,2025-03-17,2,Yd,594.5111694335938,599.99853515625,599.9345703125,599.2471923828125,599.61376953125
M4_YLUR_SHUR,4,LUR,HUR,2025-03-16,2025-03-17,2,TSE,574.8667602539062,601.7677612304688,601.3464965820312,626.3631591796875,603.716064453125
M4_YLUR_SHUR,4,LUR,HUR,2025-03-16,2025-03-17,2,TSEC,42.45931625366211,40.05215835571289,40.296295166015625,39.42913055419922,40.226905822753906
M4_YLUR_SHUR,4,LUR,HUR,2025-03-16,2025-03-18,3,Yd,600.641357421875,599.99853515625,598.9635009765625,598.6040649414062,599.5250854492188
M4_YLUR_SHUR,4,LUR,HUR,2025-03-16,2025-03-18,3,TSE,547.2657470703125,601.7677612304688,605.7312622070312,623.2583618164062,599.8248901367188
M4_YLUR_SHUR,4,LUR,HUR,2025-03-16,2025-03-18,3,TSEC,42.42496109008789,40.05215835571289,40.41812515258789,39.42103576660156,40.398685455322266
M4_YLUR_SHUR,4,LUR,HUR,2025-03-17,2025-03-17,1,Yd,594.5111694335938,600.0018310546875,599.9200439453125,598.07861328125,599.7679443359375
M4_YLUR_SHUR,4,LUR,HUR,2025-03-17,2025-03-17,1,TSE,574.8667602539062,601.771484375,601.4149780273438,620.2576904296875,601.1272583007812
M4_YLUR_SHUR,4,LUR,HUR,2025-03-17,2025-03-17,1,TSEC,42.45931625366211,40.05061721801758,40.28603744506836,39.28440856933594,40.17067337036133
M4_YLUR_SHUR,4,LUR,HUR,2025-03-17,2025-03-18,2,Yd,600.641357421875,600.0018310546875,599.783203125,598.3004150390625,599.681396484375
M4_YLUR_SHUR,4,LUR,HUR,2025-03-17,2025-03-18,2,TSE,547.2657470703125,601.771484375,606.0580444335938,620.2388305664062,598.1839599609375
M4_YLUR_SHUR,4,LUR,HUR,2025-03-17,2025-03-18,2,TSEC,42.42496109008789,40.05061721801758,40.391448974609375,40.02542495727539,40.29087448120117
M4_YLUR_SHUR,4,LUR,HUR,2025-03-17,2025-03-19,3,Yd,602.515869140625,600.0018310546875,599.90087890625,598.42529296875,599.6347045898438
M4_YLUR_SHUR,4,LUR,HUR,2025-03-17,2025-03-19,3,TSE,640.452880859375,601.771484375,603.4014892578125,606.9721069335938,596.3003540039062
M4_YLUR_SHUR,4,LUR,HUR,2025-03-17,2025-03-19,3,TSEC,40.50090026855469,40.05061721801758,40.08406066894531,40.49628829956055,40.32859802246094
M4_YLUR_SHUR,4,LUR,HUR,2025-03-18,2025-03-18,1,Yd,600.641357421875,599.9950561523438,600.0236206054688,599.5828247070312,599.8058471679688
M4_YLUR_SHUR,4,LUR,HUR,2025-03-18,2025-03-18,1,TSE,547.2657470703125,601.7381591796875,606.9469604492188,615.1608276367188,598.0285034179688
M4_YLUR_SHUR,4,LUR,HUR,2025-03-18,2025-03-18,1,TSEC,42.42496109008789,40.05359649658203,41.11857986450195,40.64035415649414,40.20731735229492
M4_YLUR_SHUR,4,LUR,HUR,2025-03-18,2025-03-19,2,Yd,602.515869140625,599.9950561523438,600.0140991210938,598.72607421875,599.7044067382812
M4_YLUR_SHUR,4,LUR,HUR,2025-03-18,2025-03-19,2,TSE,640.452880859375,601.7381591796875,605.3661499023438,614.0579223632812,595.323974609375
M4_YLUR_SHUR,4,LUR,HUR,2025-03-18,2025-03-19,2,TSEC,40.50090026855469,40.05359649658203,40.11494064331055,40.89169692993164,40.27255630493164
M4_YLUR_SHUR,4,LUR,HUR,2025-03-18,2025-03-20,3,Yd,604.4844360351562,599.9950561523438,600.1287841796875,598.5548706054688,599.65771484375
M4_YLUR_SHUR,4,LUR,HUR,2025-03-18,2025-03-20,3,TSE,546.6843872070312,601.7381591796875,615.176025390625,614.8462524414062,595.2802124023438
M4_YLUR_SHUR,4,LUR,HUR,2025-03-18,2025-03-20,3,TSEC,46.689395904541016,40.05359649658203,39.46578598022461,39.57476043701172,40.24481201171875
M4_YLUR_SHUR,4,LUR,HUR,2025-03-19,2025-03-19,1,Yd,602.515869140625,599.995849609375,599.6920166015625,598.2413940429688,599.7907104492188
M4_YLUR_SHUR,4,LUR,HUR,2025-03-19,2025-03-19,1,TSE,640.452880859375,601.6707153320312,607.0068359375,603.6646118164062,597.77734375
M4_YLUR_SHUR,4,LUR,HUR,2025-03-19,2025-03-19,1,TSEC,40.50090026855469,40.05653381347656,40.14707565307617,40.1552734375,40.212223052978516
M4_YLUR_SHUR,4,LUR,HUR,2025-03-19,2025-03-20,2,Yd,604.4844360351562,599.995849609375,599.8441162109375,599.3541870117188,599.6634521484375
M4_YLUR_SHUR,4,LUR,HUR,2025-03-19,2025-03-20,2,TSE,546.6843872070312,601.6707153320312,605.9678344726562,626.3375244140625,597.4303588867188
M4_YLUR_SHUR,4,LUR,HUR,2025-03-19,2025-03-20,2,TSEC,46.689395904541016,40.05653381347656,40.2125358581543,39.719722747802734,40.2415885925293
M4_YLUR_SHUR,4,LUR,HUR,2025-03-19,2025-03-21,3,Yd,594.324951171875,599.995849609375,601.0460815429688,601.0050048828125,599.5611572265625
M4_YLUR_SHUR,4,LUR,HUR,2025-03-19,2025-03-21,3,TSE,593.9442749023438,601.6707153320312,591.7705078125,618.5661010742188,599.8829956054688
M4_YLUR_SHUR,4,LUR,HUR,2025-03-19,2025-03-21,3,TSEC,38.693870544433594,40.05653381347656,40.11705017089844,39.784976959228516,40.2226676940918
M4_YLUR_SHUR,4,LUR,HUR,2025-03-20,2025-03-20,1,Yd,604.4844360351562,599.9989624023438,597.887939453125,599.666748046875,599.7763061523438
M4_YLUR_SHUR,4,LUR,HUR,2025-03-20,2025-03-20,1,TSE,546.6843872070312,601.7186889648438,605.8279418945312,601.5259399414062,600.4227294921875
M4_YLUR_SHUR,4,LUR,HUR,2025-03-20,2025-03-20,1,TSEC,46.689395904541016,40.05708312988281,40.15912628173828,39.61076736450195,40.137481689453125
M4_YLUR_SHUR,4,LUR,HUR,2025-03-20,2025-03-21,2,Yd,594.324951171875,599.9989624023438,599.2388916015625,598.4292602539062,599.6296997070312
M4_YLUR_SHUR,4,LUR,HUR,2025-03-20,2025-03-21,2,TSE,593.9442749023438,601.7186889648438,591.8131713867188,613.7426147460938,602.2731323242188
M4_YLUR_SHUR,4,LUR,HUR,2025-03-20,2025-03-21,2,TSEC,38.693870544433594,40.05708312988281,40.134063720703125,39.60340118408203,40.14862060546875
M4_YLUR_SHUR,4,LUR,HUR,2025-03-20,2025-03-22,3,Yd,596.3331298828125,599.9989624023438,599.4798583984375,598.399658203125,599.5296020507812
M4_YLUR_SHUR,4,LUR,HUR,2025-03-20,2025-03-22,3,TSE,686.859130859375,601.7186889648438,598.2196044921875,611.822265625,604.2191162109375
M4_YLUR_SHUR,4,LUR,HUR,2025-03-20,2025-03-22,3,TSEC,43.13093566894531,40.05708312988281,40.11907196044922,40.21714401245117,40.23723602294922
M4_YLUR_SHUR,4,LUR,HUR,2025-03-21,2025-03-21,1,Yd,594.324951171875,600.0044555664062,599.7843627929688,600.5012817382812,599.7063598632812
M4_YLUR_SHUR,4,LUR,HUR,2025-03-21,2025-03-21,1,TSE,593.9442749023438,601.6507568359375,609.7274780273438,600.284912109375,602.3583984375
M4_YLUR_SHUR,4,LUR,HUR,2025-03-21,2025-03-21,1,TSEC,38.693870544433594,40.06527328491211,39.4311637878418,40.42854690551758,40.19016647338867
M4_YLUR_SHUR,4,LUR,HUR,2025-03-21,2025-03-22,2,Yd,596.3331298828125,600.0044555664062,599.6587524414062,600.2245483398438,599.4595336914062
M4_YLUR_SHUR,4,LUR,HUR,2025-03-21,2025-03-22,2,TSE,686.859130859375,601.6507568359375,600.563232421875,628.4148559570312,604.0538330078125
M4_YLUR_SHUR,4,LUR,HUR,2025-03-21,2025-03-22,2,TSEC,43.13093566894531,40.06527328491211,39.757606506347656,40.46963882446289,40.30727767944336
M4_YLUR_SHUR,4,LUR,HUR,2025-03-21,2025-03-23,3,Yd,607.3914794921875,600.0044555664062,600.1744995117188,601.3084106445312,599.2218017578125
M4_YLUR_SHUR,4,LUR,HUR,2025-03-21,2025-03-23,3,TSE,592.3182373046875,601.6507568359375,603.1900634765625,630.4443359375,605.453857421875
M4_YLUR_SHUR,4,LUR,HUR,2025-03-21,2025-03-23,3,TSEC,36.506710052490234,40.06527328491211,40.218753814697266,40.48421859741211,40.41289520263672
M4_YLUR_SHUR,4,LUR,HUR,2025-03-22,2025-03-22,1,Yd,596.3331298828125,599.9974365234375,600.509521484375,600.000244140625,599.6917724609375
M4_YLUR_SHUR,4,LUR,HUR,2025-03-22,2025-03-22,1,TSE,686.859130859375,601.6412353515625,602.4606323242188,616.3762817382812,603.41015625
M4_YLUR_SHUR,4,LUR,HUR,2025-03-22,2025-03-22,1,TSEC,43.13093566894531,40.06357955932617,40.57102584838867,39.26588821411133,40.1747932434082
M4_YLUR_SHUR,4,LUR,HUR,2025-03-22,2025-03-23,2,Yd,607.3914794921875,599.9974365234375,599.523681640625,599.2191162109375,599.4951782226562
M4_YLUR_SHUR,4,LUR,HUR,2025-03-22,2025-03-23,2,TSE,592.3182373046875,601.6412353515625,598.4281005859375,627.1771240234375,605.421875
M4_YLUR_SHUR,4,LUR,HUR,2025-03-22,2025-03-23,2,TSEC,36.506710052490234,40.06357955932617,39.96904754638672,39.76948547363281,40.28017044067383
M4_YLUR_SHUR,4,LUR,HUR,2025-03-22,2025-03-24,3,Yd,592.3684692382812,599.9974365234375,600.1064453125,599.8411254882812,599.4273071289062
M4_YLUR_SHUR,4,LUR,HUR,2025-03-22,2025-03-24,3,TSE,609.4972534179688,601.6412353515625,604.5316772460938,626.6361694335938,605.0662231445312
M4_YLUR_SHUR,4,LUR,HUR,2025-03-22,2025-03-24,3,TSEC,39.441307067871094,40.06357955932617,40.39221954345703,39.75564193725586,40.41364669799805
M4_YLUR_SHUR,4,LUR,HUR,2025-03-23,2025-03-23,1,Yd,607.3914794921875,599.9929809570312,600.5764770507812,598.6632080078125,599.75
M4_YLUR_SHUR,4,LUR,HUR,2025-03-23,2025-03-23,1,TSE,592.3182373046875,601.7462158203125,597.7440795898438,615.1693115234375,602.9723510742188
M4_YLUR_SHUR,4,LUR,HUR,2025-03-23,2025-03-23,1,TSEC,36.506710052490234,40.067359924316406,40.13349533081055,39.49501037597656,40.159942626953125
M4_YLUR_SHUR,4,LUR,HUR,2025-03-23,2025-03-24,2,Yd,592.3684692382812,599.9929809570312,599.6217651367188,599.4436645507812,599.68603515625
M4_YLUR_SHUR,4,LUR,HUR,2025-03-23,2025-03-24,2,TSE,609.4972534179688,601.7462158203125,605.39599609375,618.5325317382812,601.9485473632812
M4_YLUR_SHUR,4,LUR,HUR,2025-03-23,2025-03-24,2,TSEC,39.441307067871094,40.067359924316406,41.07274627685547,40.805667877197266,40.33668518066406
M4_YLUR_SHUR,4,LUR,HUR,2025-03-23,2025-03-25,3,Yd,598.3175048828125,599.9929809570312,600.5849609375,598.9577026367188,599.68994140625
M4_YLUR_SHUR,4,LUR,HUR,2025-03-23,2025-03-25,3,TSE,541.869140625,601.7462158203125,602.9330444335938,614.0430297851562,597.8394165039062
M4_YLUR_SHUR,4,LUR,HUR,2025-03-23,2025-03-25,3,TSEC,41.456974029541016,40.067359924316406,41.23728561401367,40.94435119628906,40.522857666015625
M4_YLUR_SHUR,4,LUR,HUR,2025-03-24,2025-03-24,1,Yd,592.3684692382812,600.0020751953125,599.945068359375,599.459716796875,599.7850952148438
M4_YLUR_SHUR,4,LUR,HUR,2025-03-24,2025-03-24,1,TSE,609.4972534179688,601.7345581054688,605.8654174804688,609.3115234375,600.4158935546875
M4_YLUR_SHUR,4,LUR,HUR,2025-03-24,2025-03-24,1,TSEC,39.441307067871094,40.06298065185547,40.39389419555664,39.76253128051758,40.2186279296875
M4_YLUR_SHUR,4,LUR,HUR,2025-03-24,2025-03-25,2,Yd,598.3175048828125,600.0020751953125,600.0689697265625,599.8395385742188,599.7398071289062
M4_YLUR_SHUR,4,LUR,HUR,2025-03-24,2025-03-25,2,TSE,541.869140625,601.7345581054688,602.7369384765625,622.9776611328125,597.2003173828125
M4_YLUR_SHUR,4,LUR,HUR,2025-03-24,2025-03-25,2,TSEC,41.456974029541016,40.06298065185547,40.424617767333984,39.41048812866211,40.35944366455078
M4_YLUR_SHUR,4,LUR,HUR,2025-03-24,2025-03-26,3,Yd,596.5330810546875,600.0020751953125,600.0128784179688,599.6591796875,599.7164306640625
M4_YLUR_SHUR,4,LUR,HUR,2025-03-24,2025-03-26,3,TSE,586.5151977539062,601.7345581054688,602.2733154296875,616.526611328125,594.3782958984375
M4_YLUR_SHUR,4,LUR,HUR,2025-03-24,2025-03-26,3,TSEC,33.501861572265625,40.06298065185547,40.178016662597656,40.905452728271484,40.41892623901367
M4_YLUR_SHUR,4,LUR,HUR,2025-03-25,2025-03-25,1,Yd,598.3175048828125,599.99267578125,599.37841796875,598.5131225585938,599.8294067382812
M4_YLUR_SHUR,4,LUR,HUR,2025-03-25,2025-03-25,1,TSE,541.869140625,601.744140625,610.8799438476562,605.55419921875,597.5279541015625
M4_YLUR_SHUR,4,LUR,HUR,2025-03-25,2025-03-25,1,TSEC,41.456974029541016,40.062217712402344,40.27676773071289,40.238075256347656,40.20474624633789
M4_YLUR_SHUR,4,LUR,HUR,2025-03-25,2025-03-26,2,Yd,596.5330810546875,599.99267578125,600.2232666015625,599.3532104492188,599.7378540039062
M4_YLUR_SHUR,4,LUR,HUR,2025-03-25,2025-03-26,2,TSE,586.5151977539062,601.744140625,601.6039428710938,599.518798828125,594.4489135742188
M4_YLUR_SHUR,4,LUR,HUR,2025-03-25,2025-03-26,2,TSEC,33.501861572265625,40.062217712402344,40.2514762878418,40.867408752441406,40.26407241821289
M4_YLUR_SHUR,4,LUR,HUR,2025-03-25,2025-03-27,3,Yd,595.9754638671875,599.99267578125,599.359130859375,598.7236938476562,599.709228515625
M4_YLUR_SHUR,4,LUR,HUR,2025-03-25,2025-03-27,3,TSE,635.3749389648438,601.744140625,618.7360229492188,612.0955200195312,593.9609375
M4_YLUR_SHUR,4,LUR,HUR,2025-03-25,2025-03-27,3,TSEC,38.66936492919922,40.062217712402344,40.2905158996582,39.81926345825195,40.23332977294922
M4_YLUR_SHUR,4,LUR,HUR,2025-03-26,2025-03-26,1,Yd,596.5330810546875,599.9906616210938,599.35009765625,598.3544311523438,599.7919311523438
M4_YLUR_SHUR,4,LUR,HUR,2025-03-26,2025-03-26,1,TSE,586.5151977539062,601.670654296875,595.9034423828125,617.8193359375,597.3342895507812
M4_YLUR_SHUR,4,LUR,HUR,2025-03-26,2025-03-26,1,TSEC,33.501861572265625,40.063926696777344,40.25096893310547,39.508358001708984,40.211029052734375
M4_YLUR_SHUR,4,LUR,HUR,2025-03-26,2025-03-27,2,Yd,595.9754638671875,599.9906616210938,600.1685180664062,599.4008178710938,599.7039184570312
M4_YLUR_SHUR,4,LUR,HUR,2025-03-26,2025-03-27,2,TSE,635.3749389648438,601.670654296875,607.7213134765625,624.3800659179688,596.2339477539062
M4_YLUR_SHUR,4,LUR,HUR,2025-03-26,2025-03-27,2,TSEC,38.66936492919922,40.063926696777344,40.30328369140625,39.67887878417969,40.24092483520508
M4_YLUR_SHUR,4,LUR,HUR,2025-03-26,2025-03-28,3,Yd,605.8630981445312,599.9906616210938,600.7560424804688,600.0963745117188,599.6380004882812
M4_YLUR_SHUR,4,LUR,HUR,2025-03-26,2025-03-28,3,TSE,639.5241088867188,601.670654296875,597.4741821289062,616.1993408203125,598.1428833007812
M4_YLUR_SHUR,4,LUR,HUR,2025-03-26,2025-03-28,3,TSEC,32.590362548828125,40.063926696777344,40.238399505615234,39.99030303955078,40.22453689575195
M4_YLUR_SHUR,4,LUR,HUR,2025-03-27,2025-03-27,1,Yd,595.9754638671875,599.9863891601562,599.61962890625,599.2783203125,599.7927856445312
M4_YLUR_SHUR,4,LUR,HUR,2025-03-27,2025-03-27,1,TSE,635.3749389648438,601.652099609375,600.7919921875,609.34033203125,600.1407470703125
M4_YLUR_SHUR,4,LUR,HUR,2025-03-27,2025-03-27,1,TSEC,38.66936492919922,40.055885314941406,40.257652282714844,38.45625686645508,40.113792419433594
M4_YLUR_SHUR,4,LUR,HUR,2025-03-27,2025-03-28,2,Yd,605.8630981445312,599.9863891601562,599.7549438476562,600.0676879882812,599.6689453125
M4_YLUR_SHUR,4,LUR,HUR,2025-03-27,2025-03-28,2,TSE,639.5241088867188,601.652099609375,600.9210205078125,605.4788818359375,601.733154296875
M4_YLUR_SHUR,4,LUR,HUR,2025-03-27,2025-03-28,2,TSEC,32.590362548828125,40.055885314941406,40.05327224731445,39.129032135009766,40.11225128173828
M4_YLUR_SHUR,4,LUR,HUR,2025-03-27,2025-03-29,3,Yd,605.309814453125,599.9863891601562,599.5348510742188,598.8899536132812,599.5887451171875
M4_YLUR_SHUR,4,LUR,HUR,2025-03-27,2025-03-29,3,TSE,529.18017578125,601.652099609375,601.4187622070312,605.0081787109375,603.5320434570312
M4_YLUR_SHUR,4,LUR,HUR,2025-03-27,2025-03-29,3,TSEC,33.22981643676758,40.055885314941406,40.062705993652344,40.160526275634766,40.18728256225586
M4_YLUR_SHUR,4,LUR,HUR,2025-03-28,2025-03-28,1,Yd,605.8630981445312,599.9815063476562,599.6940307617188,598.18212890625,599.7676391601562
M4_YLUR_SHUR,4,LUR,HUR,2025-03-28,2025-03-28,1,TSE,639.5241088867188,601.693359375,601.1074829101562,618.3694458007812,602.0070190429688
M4_YLUR_SHUR,4,LUR,HUR,2025-03-28,2025-03-28,1,TSEC,32.590362548828125,40.05418395996094,40.09836959838867,38.47816848754883,40.11931610107422
M4_YLUR_SHUR,4,LUR,HUR,2025-03-28,2025-03-29,2,Yd,605.309814453125,599.9815063476562,599.4451904296875,596.8951416015625,599.612060546875
M4_YLUR_SHUR,4,LUR,HUR,2025-03-28,2025-03-29,2,TSE,529.18017578125,601.693359375,601.3523559570312,613.622802734375,603.3605346679688
M4_YLUR_SHUR,4,LUR,HUR,2025-03-28,2025-03-29,2,TSEC,33.22981643676758,40.05418395996094,40.10783004760742,39.22217559814453,40.187767028808594
M4_YLUR_SHUR,4,LUR,HUR,2025-03-28,2025-03-30,3,Yd,598.1712036132812,599.9815063476562,599.728515625,598.49658203125,599.536865234375
M4_YLUR_SHUR,4,LUR,HUR,2025-03-28,2025-03-30,3,TSE,573.7590942382812,601.693359375,601.1251831054688,618.1777954101562,604.729248046875
M4_YLUR_SHUR,4,LUR,HUR,2025-03-28,2025-03-30,3,TSEC,43.983951568603516,40.05418395996094,40.17353820800781,39.52671432495117,40.267578125
M4_YLUR_SHUR,4,LUR,HUR,2025-03-29,2025-03-29,1,Yd,605.309814453125,599.9887084960938,599.8203735351562,600.9512329101562,599.75244140625
M4_YLUR_SHUR,4,LUR,HUR,2025-03-29,2025-03-29,1,TSE,529.18017578125,601.7396240234375,598.015380859375,606.38525390625,603.0484619140625
M4_YLUR_SHUR,4,LUR,HUR,2025-03-29,2025-03-29,1,TSEC,33.22981643676758,40.04505920410156,40.02864074707031,39.79092788696289,40.108943939208984
M4_YLUR_SHUR,4,LUR,HUR,2025-03-29,2025-03-30,2,Yd,598.1712036132812,599.9887084960938,599.575439453125,599.2254028320312,599.658935546875
M4_YLUR_SHUR,4,LUR,HUR,2025-03-29,2025-03-30,2,TSE,573.7590942382812,601.7396240234375,601.9586181640625,610.0704345703125,604.4901123046875
M4_YLUR_SHUR,4,LUR,HUR,2025-03-29,2025-03-30,2,TSEC,43.983951568603516,40.04505920410156,40.14735794067383,39.336181640625,40.16983413696289
M4_YLUR_SHUR,4,LUR,HUR,2025-03-29,2025-03-31,3,Yd,609.218505859375,599.9887084960938,599.7806396484375,599.996826171875,599.6055297851562
M4_YLUR_SHUR,4,LUR,HUR,2025-03-29,2025-03-31,3,TSE,571.0179443359375,601.7396240234375,602.3195190429688,614.326416015625,603.6319580078125
M4_YLUR_SHUR,4,LUR,HUR,2025-03-29,2025-03-31,3,TSEC,39.92036819458008,40.04505920410156,40.265567779541016,40.45029830932617,40.25279235839844
M4_YLUR_SHUR,4,LUR,HUR,2025-03-30,2025-03-30,1,Yd,598.1712036132812,599.9951782226562,599.7136840820312,597.343994140625,599.763427734375
M4_YLUR_SHUR,4,LUR,HUR,2025-03-30,2025-03-30,1,TSE,573.7590942382812,601.6510009765625,602.34912109375,622.0343627929688,602.6911010742188
M4_YLUR_SHUR,4,LUR,HUR,2025-03-30,2025-03-30,1,TSEC,43.983951568603516,40.036739349365234,40.092891693115234,38.22689437866211,40.1274528503418
M4_YLUR_SHUR,4,LUR,HUR,2025-03-30,2025-03-31,2,Yd,609.218505859375,599.9951782226562,599.7266235351562,599.326904296875,599.6218872070312
M4_YLUR_SHUR,4,LUR,HUR,2025-03-30,2025-03-31,2,TSE,571.0179443359375,601.6510009765625,604.5848388671875,604.8301391601562,601.5420532226562
M4_YLUR_SHUR,4,LUR,HUR,2025-03-30,2025-03-31,2,TSEC,39.92036819458008,40.036739349365234,40.20344924926758,39.536739349365234,40.222442626953125
M4_YLUR_SHUR,4,LUR,HUR,2025-03-30,2025-04-01,3,Yd,589.9249267578125,599.9951782226562,599.79638671875,598.4800415039062,599.555908203125
M4_YLUR_SHUR,4,LUR,HUR,2025-03-30,2025-04-01,3,TSE,589.031005859375,601.6510009765625,603.810791015625,606.0792846679688,599.3899536132812
M4_YLUR_SHUR,4,LUR,HUR,2025-03-30,2025-04-01,3,TSEC,38.985782623291016,40.036739349365234,40.31196975708008,39.63561248779297,40.28321838378906
