case_id,M,yd_level,solar_level,origin_date,target_date,step,variable,true,MEAN,ARIMA,RNN,LSTM
M9_YLUR_SLUR,9,LUR,LUR,2024-12-31,2024-12-31,1,Yd,1366.4906005859375,1350.2421875,1351.6055908203125,1345.0311279296875,1350.009765625
M9_YLUR_SLUR,9,LUR,LUR,2024-12-31,2024-12-31,1,TSE,1370.956787109375,1349.8797607421875,1350.1292724609375,1349.86376953125,1349.92431640625
M9_YLUR_SLUR,9,LUR,LUR,2024-12-31,2024-12-31,1,TSEC,89.95043182373047,90.06209564208984,90.13389587402344,90.25627136230469,90.04158782958984
M9_YLUR_SLUR,9,LUR,LUR,2024-12-31,2025-01-01,2,Yd,1339.013916015625,1350.2421875,1348.61083984375,1346.8299560546875,1349.8721923828125
M9_YLUR_SLUR,9,LUR,LUR,2024-12-31,2025-01-01,2,TSE,1352.4404296875,1349.8797607421875,1349.749267578125,1350.8931884765625,1350.028564453125
M9_YLUR_SLUR,9,LUR,LUR,2024-12-31,2025-01-01,2,TSEC,89.93083953857422,90.06209564208984,90.1895523071289,90.26953887939453,90.02355194091797
M9_YLUR_SLUR,9,LUR,LUR,2024-12-31,2025-01-02,3,Yd,1336.9710693359375,1350.2421875,1349.819091796875,1346.7471923828125,1349.83837890625
M9_YLUR_SLUR,9,LUR,LUR,2024-12-31,2025-01-02,3,TSE,1350.6495361328125,1349.8797607421875,1349.4974365234375,1350.5146484375,1350.129638671875
M9_YLUR_SLUR,9,LUR,LUR,2024-12-31,2025-01-02,3,TSEC,90.43852996826172,90.06209564208984,90.2132568359375,90.45698547363281,90.03472900390625
M9_YLUR_SLUR,9,LUR,LUR,2025-01-01,2025-01-01,1,Yd,1339.013916015625,1350.264404296875,1348.595703125,1351.6064453125,1349.9034423828125
M9_YLUR_SLUR,9,LUR,LUR,2025-01-01,2025-01-01,1,TSE,1352.4404296875,1349.9085693359375,1351.484130859375,1357.0009765625,1350.120849609375
M9_YLUR_SLUR,9,LUR,LUR,2025-01-01,2025-01-01,1,TSEC,89.93083953857422,90.06194305419922,90.00980377197266,90.21629333496094,90.0400161743164
M9_YLUR_SLUR,9,LUR,LUR,2025-01-01,2025-01-02,2,Yd,1336.9710693359375,1350.264404296875,1349.9727783203125,1349.8270263671875,1349.845947265625
M9_YLUR_SLUR,9,LUR,LUR,2025-01-01,2025-01-02,2,TSE,1350.6495361328125,1349.9085693359375,1347.5791015625,1360.4652099609375,1350.296142578125
M9_YLUR_SLUR,9,LUR,LUR,2025-01-01,2025-01-02,2,TSEC,90.43852996826172,90.06194305419922,90.07525634765625,90.19515228271484,90.04818725585938
M9_YLUR_SLUR,9,LUR,LUR,2025-01-01,2025-01-03,3,Yd,1358.533935546875,1350.264404296875,1352.3568115234375,1344.5084228515625,1349.82861328125
M9_YLUR_SLUR,9,LUR,LUR,2025-01-01,2025-01-03,3,TSE,1356.0509033203125,1349.9085693359375,1350.1307373046875,1357.55615234375,1350.2127685546875
M9_YLUR_SLUR,9,LUR,LUR,2025-01-01,2025-01-03,3,TSEC,90.78553771972656,90.06194305419922,90.07559204101562,90.10488891601562,90.07106018066406
M9_YLUR_SLUR,9,LUR,LUR,2025-01-02,2025-01-02,1,Yd,1336.9710693359375,1350.2490234375,1349.816650390625,1345.0751953125,1350.0855712890625
M9_YLUR_SLUR,9,LUR,LUR,2025-01-02,2025-01-02,1,TSE,1350.6495361328125,1349.912109375,1348.9188232421875,1348.611572265625,1350.1578369140625
M9_YLUR_SLUR,9,LUR,LUR,2025-01-02,2025-01-02,1,TSEC,90.43852996826172,90.06175994873047,90.0334243774414,89.96862030029297,90.05550384521484
M9_YLUR_SLUR,9,LUR,LUR,2025-01-02,2025-01-03,2,Yd,1358.533935546875,1350.2490234375,1345.6373291015625,1349.621337890625,1350.0565185546875
M9_YLUR_SLUR,9,LUR,LUR,2025-01-02,2025-01-03,2,TSE,1356.0509033203125,1349.912109375,1347.4371337890625,1351.5103759765625,1350.1409912109375
M9_YLUR_SLUR,9,LUR,LUR,2025-01-02,2025-01-03,2,TSEC,90.78553771972656,90.06175994873047,90.14511108398438,89.49295043945312,90.06230163574219
M9_YLUR_SLUR,9,LUR,LUR,2025-01-02,2025-01-04,3,Yd,1342.9114990234375,1350.2490234375,1353.174072265625,1345.730712890625,1349.9962158203125
M9_YLUR_SLUR,9,LUR,LUR,2025-01-02,2025-01-04,3,TSE,1336.4815673828125,1349.912109375,1351.435546875,1349.435791015625,1350.207275390625
M9_YLUR_SLUR,9,LUR,LUR,2025-01-02,2025-01-04,3,TSEC,89.39904022216797,90.06175994873047,90.108154296875,89.80744934082031,90.06108856201172
M9_YLUR_SLUR,9,LUR,LUR,2025-01-03,2025-01-03,1,Yd,1358.533935546875,1350.23095703125,1345.226806640625,1343.884765625,1350.112548828125
M9_YLUR_SLUR,9,LUR,LUR,2025-01-03,2025-01-03,1,TSE,1356.0509033203125,1349.9130859375,1350.7283935546875,1349.32373046875,1350.1595458984375
M9_YLUR_SLUR,9,LUR,LUR,2025-01-03,2025-01-03,1,TSEC,90.78553771972656,90.06228637695312,90.09163665771484,90.07135772705078,90.0704345703125
M9_YLUR_SLUR,9,LUR,LUR,2025-01-03,2025-01-04,2,Yd,1342.9114990234375,1350.23095703125,1352.118896484375,1348.2137451171875,1350.0889892578125
M9_YLUR_SLUR,9,LUR,LUR,2025-01-03,2025-01-04,2,TSE,1336.4815673828125,1349.9130859375,1349.2392578125,1347.1162109375,1350.3839111328125
M9_YLUR_SLUR,9,LUR,LUR,2025-01-03,2025-01-04,2,TSEC,89.39904022216797,90.06228637695312,90.08307647705078,89.9217758178711,90.0827865600586
M9_YLUR_SLUR,9,LUR,LUR,2025-01-03,2025-01-05,3,Yd,1326.869384765625,1350.23095703125,1354.2156982421875,1353.5596923828125,1350.128173828125
M9_YLUR_SLUR,9,LUR,LUR,2025-01-03,2025-01-05,3,TSE,1375.91162109375,1349.9130859375,1349.8482666015625,1349.709716796875,1350.4769287109375
M9_YLUR_SLUR,9,LUR,LUR,2025-01-03,2025-01-05,3,TSEC,90.04491424560547,90.06228637695312,90.07418823242188,90.17927551269531,90.06714630126953
M9_YLUR_SLUR,9,LUR,LUR,2025-01-04,2025-01-04,1,Yd,1342.9114990234375,1350.2423095703125,1352.5059814453125,1347.4251708984375,1349.9739990234375
M9_YLUR_SLUR,9,LUR,LUR,2025-01-04,2025-01-04,1,TSE,1336.4815673828125,1349.9215087890625,1349.7625732421875,1351.39453125,1350.47509765625
M9_YLUR_SLUR,9,LUR,LUR,2025-01-04,2025-01-04,1,TSEC,89.39904022216797,90.06326293945312,90.03304290771484,90.47199249267578,90.08965301513672
M9_YLUR_SLUR,9,LUR,LUR,2025-01-04,2025-01-05,2,Yd,1326.869384765625,1350.2423095703125,1354.7642822265625,1347.5416259765625,1349.96923828125
M9_YLUR_SLUR,9,LUR,LUR,2025-01-04,2025-01-05,2,TSE,1375.91162109375,1349.9215087890625,1349.4359130859375,1355.467529296875,1350.6622314453125
M9_YLUR_SLUR,9,LUR,LUR,2025-01-04,2025-01-05,2,TSEC,90.04491424560547,90.06326293945312,90.21176147460938,90.18281555175781,90.09126281738281
M9_YLUR_SLUR,9,LUR,LUR,2025-01-04,2025-01-06,3,Yd,1341.6036376953125,1350.2423095703125,1351.2359619140625,1346.6265869140625,1349.836181640625
M9_YLUR_SLUR,9,LUR,LUR,2025-01-04,2025-01-06,3,TSE,1352.8465576171875,1349.9215087890625,1349.41162109375,1354.10400390625,1350.322021484375
M9_YLUR_SLUR,9,LUR,LUR,2025-01-04,2025-01-06,3,TSEC,90.9146728515625,90.06326293945312,90.04365539550781,90.37162017822266,90.07604217529297
M9_YLUR_SLUR,9,LUR,LUR,2025-01-05,2025-01-05,1,Yd,1326.869384765625,1350.232177734375,1355.0103759765625,1347.190673828125,1349.8790283203125
M9_YLUR_SLUR,9,LUR,LUR,2025-01-05,2025-01-05,1,TSE,1375.91162109375,1349.9031982421875,1344.1422119140625,1344.1348876953125,1350.3466796875
M9_YLUR_SLUR,9,LUR,LUR,2025-01-05,2025-01-05,1,TSEC,90.04491424560547,90.06234741210938,90.09121704101562,89.96527862548828,90.083984375
M9_YLUR_SLUR,9,LUR,LUR,2025-01-05,2025-01-06,2,Yd,1341.6036376953125,1350.232177734375,1350.9442138671875,1352.857421875,1349.7347412109375
M9_YLUR_SLUR,9,LUR,LUR,2025-01-05,2025-01-06,2,TSE,1352.8465576171875,1349.9031982421875,1349.105712890625,1343.94970703125,1350.2200927734375
M9_YLUR_SLUR,9,LUR,LUR,2025-01-05,2025-01-06,2,TSEC,90.9146728515625,90.06234741210938,90.08683776855469,90.04329681396484,90.08209228515625
M9_YLUR_SLUR,9,LUR,LUR,2025-01-05,2025-01-07,3,Yd,1339.3973388671875,1350.232177734375,1348.083984375,1351.25634765625,1349.75634765625
M9_YLUR_SLUR,9,LUR,LUR,2025-01-05,2025-01-07,3,TSE,1371.77880859375,1349.9031982421875,1349.0565185546875,1343.1129150390625,1349.9552001953125
M9_YLUR_SLUR,9,LUR,LUR,2025-01-05,2025-01-07,3,TSEC,87.87935638427734,90.06234741210938,90.11785125732422,89.98539733886719,90.07063293457031
M9_YLUR_SLUR,9,LUR,LUR,2025-01-06,2025-01-06,1,Yd,1341.6036376953125,1350.2005615234375,1349.9935302734375,1356.5733642578125,1349.861328125
M9_YLUR_SLUR,9,LUR,LUR,2025-01-06,2025-01-06,1,TSE,1352.8465576171875,1349.9384765625,1349.3555908203125,1353.0078125,1350.064697265625
M9_YLUR_SLUR,9,LUR,LUR,2025-01-06,2025-01-06,1,TSEC,90.9146728515625,90.06233978271484,90.11497497558594,89.89105987548828,90.07048797607422
M9_YLUR_SLUR,9,LUR,LUR,2025-01-06,2025-01-07,2,Yd,1339.3973388671875,1350.2005615234375,1347.2540283203125,1353.8995361328125,1349.7330322265625
M9_YLUR_SLUR,9,LUR,LUR,2025-01-06,2025-01-07,2,TSE,1371.77880859375,1349.9384765625,1348.2589111328125,1354.794677734375,1349.8544921875
M9_YLUR_SLUR,9,LUR,LUR,2025-01-06,2025-01-07,2,TSEC,87.87935638427734,90.06233978271484,90.12469482421875,89.82020568847656,90.05400848388672
M9_YLUR_SLUR,9,LUR,LUR,2025-01-06,2025-01-08,3,Yd,1338.06640625,1350.2005615234375,1349.5430908203125,1350.727294921875,1349.6214599609375
M9_YLUR_SLUR,9,LUR,LUR,2025-01-06,2025-01-08,3,TSE,1330.8165283203125,1349.9384765625,1348.999267578125,1356.803955078125,1349.878173828125
M9_YLUR_SLUR,9,LUR,LUR,2025-01-06,2025-01-08,3,TSEC,90.00886535644531,90.06233978271484,90.11519622802734,89.70812225341797,90.02008056640625
M9_YLUR_SLUR,9,LUR,LUR,2025-01-07,2025-01-07,1,Yd,1339.3973388671875,1350.1888427734375,1347.308837890625,1344.789794921875,1349.9058837890625
M9_YLUR_SLUR,9,LUR,LUR,2025-01-07,2025-01-07,1,TSE,1371.77880859375,1349.9425048828125,1349.4071044921875,1351.2745361328125,1349.92431640625
M9_YLUR_SLUR,9,LUR,LUR,2025-01-07,2025-01-07,1,TSEC,87.87935638427734,90.0634994506836,90.2855224609375,90.48066711425781,90.04368591308594
M9_YLUR_SLUR,9,LUR,LUR,2025-01-07,2025-01-08,2,Yd,1338.06640625,1350.1888427734375,1349.043701171875,1342.1807861328125,1349.7176513671875
M9_YLUR_SLUR,9,LUR,LUR,2025-01-07,2025-01-08,2,TSE,1330.8165283203125,1349.9425048828125,1353.253173828125,1355.51416015625,1350.0394287109375
M9_YLUR_SLUR,9,LUR,LUR,2025-01-07,2025-01-08,2,TSEC,90.00886535644531,90.0634994506836,89.9794692993164,90.59101104736328,90.01778411865234
M9_YLUR_SLUR,9,LUR,LUR,2025-01-07,2025-01-09,3,Yd,1349.442626953125,1350.1888427734375,1348.205078125,1345.412353515625,1349.740966796875
M9_YLUR_SLUR,9,LUR,LUR,2025-01-07,2025-01-09,3,TSE,1330.0809326171875,1349.9425048828125,1349.7943115234375,1352.2249755859375,1350.158447265625
M9_YLUR_SLUR,9,LUR,LUR,2025-01-07,2025-01-09,3,TSEC,89.59563446044922,90.0634994506836,90.10621643066406,90.51630401611328,90.02371215820312
M9_YLUR_SLUR,9,LUR,LUR,2025-01-08,2025-01-08,1,Yd,1338.06640625,1350.1741943359375,1348.319091796875,1353.4091796875,1349.8367919921875
M9_YLUR_SLUR,9,LUR,LUR,2025-01-08,2025-01-08,1,TSE,1330.8165283203125,1349.9720458984375,1348.1263427734375,1352.6182861328125,1350.1629638671875
M9_YLUR_SLUR,9,LUR,LUR,2025-01-08,2025-01-08,1,TSEC,90.00886535644531,90.06053161621094,90.10105895996094,90.38563537597656,90.01983642578125
M9_YLUR_SLUR,9,LUR,LUR,2025-01-08,2025-01-09,2,Yd,1349.442626953125,1350.1741943359375,1349.3323974609375,1354.1221923828125,1349.8282470703125
M9_YLUR_SLUR,9,LUR,LUR,2025-01-08,2025-01-09,2,TSE,1330.0809326171875,1349.9720458984375,1348.821533203125,1355.742431640625,1350.3095703125
M9_YLUR_SLUR,9,LUR,LUR,2025-01-08,2025-01-09,2,TSEC,89.59563446044922,90.06053161621094,90.12914276123047,90.1751480102539,90.00992584228516
M9_YLUR_SLUR,9,LUR,LUR,2025-01-08,2025-01-10,3,Yd,1346.900390625,1350.1741943359375,1352.15087890625,1349.96337890625,1350.012451171875
M9_YLUR_SLUR,9,LUR,LUR,2025-01-08,2025-01-10,3,TSE,1344.46826171875,1349.9720458984375,1347.6015625,1355.63037109375,1350.2235107421875
M9_YLUR_SLUR,9,LUR,LUR,2025-01-08,2025-01-10,3,TSEC,89.80766296386719,90.06053161621094,90.09113311767578,90.02719116210938,90.03436279296875
M9_YLUR_SLUR,9,LUR,LUR,2025-01-09,2025-01-09,1,Yd,1349.442626953125,1350.1578369140625,1347.8228759765625,1348.703125,1350.17138671875
M9_YLUR_SLUR,9,LUR,LUR,2025-01-09,2025-01-09,1,TSE,1330.0809326171875,1349.9461669921875,1350.399658203125,1349.14453125,1350.1297607421875
M9_YLUR_SLUR,9,LUR,LUR,2025-01-09,2025-01-09,1,TSEC,89.59563446044922,90.06047058105469,90.11032104492188,90.2620620727539,90.04557037353516
M9_YLUR_SLUR,9,LUR,LUR,2025-01-09,2025-01-10,2,Yd,1346.900390625,1350.1578369140625,1344.329345703125,1346.4366455078125,1350.259033203125
M9_YLUR_SLUR,9,LUR,LUR,2025-01-09,2025-01-10,2,TSE,1344.46826171875,1349.9461669921875,1346.961181640625,1349.7730712890625,1350.0233154296875
M9_YLUR_SLUR,9,LUR,LUR,2025-01-09,2025-01-10,2,TSEC,89.80766296386719,90.06047058105469,90.08065032958984,89.97801208496094,90.05266571044922
M9_YLUR_SLUR,9,LUR,LUR,2025-01-09,2025-01-11,3,Yd,1344.9212646484375,1350.1578369140625,1350.010986328125,1344.2828369140625,1350.243408203125
M9_YLUR_SLUR,9,LUR,LUR,2025-01-09,2025-01-11,3,TSE,1358.798095703125,1349.9461669921875,1350.379150390625,1346.273193359375,1349.9705810546875
M9_YLUR_SLUR,9,LUR,LUR,2025-01-09,2025-01-11,3,TSEC,90.23839569091797,90.06047058105469,90.07498168945312,90.11528015136719,90.05780792236328
M9_YLUR_SLUR,9,LUR,LUR,2025-01-10,2025-01-10,1,Yd,1346.900390625,1350.1568603515625,1352.0291748046875,1350.856689453125,1350.1915283203125
M9_YLUR_SLUR,9,LUR,LUR,2025-01-10,2025-01-10,1,TSE,1344.46826171875,1349.9193115234375,1348.68115234375,1352.541015625,1350.00390625
M9_YLUR_SLUR,9,LUR,LUR,2025-01-10,2025-01-10,1,TSEC,89.80766296386719,90.0598373413086,90.10932159423828,90.53317260742188,90.0680160522461
M9_YLUR_SLUR,9,LUR,LUR,2025-01-10,2025-01-11,2,Yd,1344.9212646484375,1350.1568603515625,1349.1937255859375,1351.875732421875,1350.2171630859375
M9_YLUR_SLUR,9,LUR,LUR,2025-01-10,2025-01-11,2,TSE,1358.798095703125,1349.9193115234375,1348.9014892578125,1347.5450439453125,1350.025390625
M9_YLUR_SLUR,9,LUR,LUR,2025-01-10,2025-01-11,2,TSEC,90.23839569091797,90.0598373413086,90.08045196533203,90.44159698486328,90.08399200439453
M9_YLUR_SLUR,9,LUR,LUR,2025-01-10,2025-01-12,3,Yd,1343.88818359375,1350.1568603515625,1347.1068115234375,1352.4776611328125,1350.1900634765625
M9_YLUR_SLUR,9,LUR,LUR,2025-01-10,2025-01-12,3,TSE,1359.68798828125,1349.9193115234375,1348.59423828125,1352.5048828125,1349.9188232421875
M9_YLUR_SLUR,9,LUR,LUR,2025-01-10,2025-01-12,3,TSEC,90.66204071044922,90.0598373413086,90.0833969116211,90.25183868408203,90.07571411132812
M9_YLUR_SLUR,9,LUR,LUR,2025-01-11,2025-01-11,1,Yd,1344.9212646484375,1350.1524658203125,1349.16552734375,1345.9215087890625,1350.0400390625
M9_YLUR_SLUR,9,LUR,LUR,2025-01-11,2025-01-11,1,TSE,1358.798095703125,1349.9119873046875,1348.1324462890625,1349.3729248046875,1350.24169921875
M9_YLUR_SLUR,9,LUR,LUR,2025-01-11,2025-01-11,1,TSEC,90.23839569091797,90.05949401855469,90.1009521484375,90.20475769042969,90.0882797241211
M9_YLUR_SLUR,9,LUR,LUR,2025-01-11,2025-01-12,2,Yd,1343.88818359375,1350.1524658203125,1347.0445556640625,1349.270263671875,1350.0279541015625
M9_YLUR_SLUR,9,LUR,LUR,2025-01-11,2025-01-12,2,TSE,1359.68798828125,1349.9119873046875,1348.5670166015625,1350.61865234375,1350.262451171875
M9_YLUR_SLUR,9,LUR,LUR,2025-01-11,2025-01-12,2,TSEC,90.66204071044922,90.05949401855469,90.09281921386719,90.23700714111328,90.09130859375
M9_YLUR_SLUR,9,LUR,LUR,2025-01-11,2025-01-13,3,Yd,1367.99169921875,1350.1524658203125,1348.5740966796875,1348.852294921875,1350.048583984375
M9_YLUR_SLUR,9,LUR,LUR,2025-01-11,2025-01-13,3,TSE,1358.0860595703125,1349.9119873046875,1348.5789794921875,1352.004150390625,1350.0806884765625
M9_YLUR_SLUR,9,LUR,LUR,2025-01-11,2025-01-13,3,TSEC,90.8340072631836,90.05949401855469,90.11607360839844,90.2037582397461,90.0602798461914
M9_YLUR_SLUR,9,LUR,LUR,2025-01-12,2025-01-12,1,Yd,1343.88818359375,1350.1453857421875,1350.8963623046875,1348.407958984375,1349.91796875
M9_YLUR_SLUR,9,LUR,LUR,2025-01-12,2025-01-12,1,TSE,1359.68798828125,1349.923828125,1353.957763671875,1352.4375,1350.34912109375
M9_YLUR_SLUR,9,LUR,LUR,2025-01-12,2025-01-12,1,TSEC,90.66204071044922,90.05973815917969,90.08413696289062,90.11567687988281,90.08182525634766
M9_YLUR_SLUR,9,LUR,LUR,2025-01-12,2025-01-13,2,Yd,1367.99169921875,1350.1453857421875,1347.2801513671875,1356.329833984375,1349.8511962890625
M9_YLUR_SLUR,9,LUR,LUR,2025-01-12,2025-01-13,2,TSE,1358.0860595703125,1349.923828125,1348.55419921875,1355.374267578125,1350.3140869140625
M9_YLUR_SLUR,9,LUR,LUR,2025-01-12,2025-01-13,2,TSEC,90.8340072631836,90.05973815917969,90.0479507446289,90.31149291992188,90.07555389404297
M9_YLUR_SLUR,9,LUR,LUR,2025-01-12,2025-01-14,3,Yd,1363.937255859375,1350.1453857421875,1345.5654296875,1354.606201171875,1349.787353515625
M9_YLUR_SLUR,9,LUR,LUR,2025-01-12,2025-01-14,3,TSE,1359.02490234375,1349.923828125,1353.74609375,1355.890380859375,1350.171142578125
M9_YLUR_SLUR,9,LUR,LUR,2025-01-12,2025-01-14,3,TSEC,90.69001770019531,90.05973815917969,90.09384155273438,90.3386459350586,90.04850769042969
M9_YLUR_SLUR,9,LUR,LUR,2025-01-13,2025-01-13,1,Yd,1367.99169921875,1350.136962890625,1348.55615234375,1346.04296875,1349.889892578125
M9_YLUR_SLUR,9,LUR,LUR,2025-01-13,2025-01-13,1,TSE,1358.0860595703125,1349.9371337890625,1348.5589599609375,1352.623291015625,1350.1007080078125
M9_YLUR_SLUR,9,LUR,LUR,2025-01-13,2025-01-13,1,TSEC,90.8340072631836,90.060546875,90.14722442626953,90.01785278320312,90.07367706298828
M9_YLUR_SLUR,9,LUR,LUR,2025-01-13,2025-01-14,2,Yd,1363.937255859375,1350.136962890625,1347.658203125,1341.797119140625,1349.7403564453125
M9_YLUR_SLUR,9,LUR,LUR,2025-01-13,2025-01-14,2,TSE,1359.02490234375,1349.9371337890625,1349.2447509765625,1354.9459228515625,1350.0291748046875
M9_YLUR_SLUR,9,LUR,LUR,2025-01-13,2025-01-14,2,TSEC,90.69001770019531,90.060546875,90.12212371826172,89.95741271972656,90.05054473876953
M9_YLUR_SLUR,9,LUR,LUR,2025-01-13,2025-01-15,3,Yd,1325.17236328125,1350.136962890625,1348.2281494140625,1343.9820556640625,1349.5968017578125
M9_YLUR_SLUR,9,LUR,LUR,2025-01-13,2025-01-15,3,TSE,1325.2265625,1349.9371337890625,1348.289794921875,1354.3187255859375,1350.1566162109375
M9_YLUR_SLUR,9,LUR,LUR,2025-01-13,2025-01-15,3,TSEC,88.41555786132812,90.060546875,90.13555908203125,89.85613250732422,90.012451171875
M9_YLUR_SLUR,9,LUR,LUR,2025-01-14,2025-01-14,1,Yd,1363.937255859375,1350.1610107421875,1346.520751953125,1351.29931640625,1349.8563232421875
M9_YLUR_SLUR,9,LUR,LUR,2025-01-14,2025-01-14,1,TSE,1359.02490234375,1349.947998046875,1349.49267578125,1355.763427734375,1350.02587890625
M9_YLUR_SLUR,9,LUR,LUR,2025-01-14,2025-01-14,1,TSEC,90.69001770019531,90.06158447265625,90.07254791259766,90.2575912475586,90.04930877685547
M9_YLUR_SLUR,9,LUR,LUR,2025-01-14,2025-01-15,2,Yd,1325.17236328125,1350.1610107421875,1349.3223876953125,1346.784423828125,1349.6512451171875
M9_YLUR_SLUR,9,LUR,LUR,2025-01-14,2025-01-15,2,TSE,1325.2265625,1349.947998046875,1349.1790771484375,1359.318359375,1350.2227783203125
M9_YLUR_SLUR,9,LUR,LUR,2025-01-14,2025-01-15,2,TSEC,88.41555786132812,90.06158447265625,90.10185241699219,89.9996109008789,90.0260238647461
M9_YLUR_SLUR,9,LUR,LUR,2025-01-14,2025-01-16,3,Yd,1334.4205322265625,1350.1610107421875,1347.4693603515625,1345.3780517578125,1349.5816650390625
M9_YLUR_SLUR,9,LUR,LUR,2025-01-14,2025-01-16,3,TSE,1366.6260986328125,1349.947998046875,1349.0257568359375,1354.005615234375,1350.42822265625
M9_YLUR_SLUR,9,LUR,LUR,2025-01-14,2025-01-16,3,TSEC,90.14688110351562,90.06158447265625,90.11649322509766,89.80541229248047,90.01998138427734
M9_YLUR_SLUR,9,LUR,LUR,2025-01-15,2025-01-15,1,Yd,1325.17236328125,1350.1795654296875,1349.87158203125,1351.572265625,1349.9139404296875
M9_YLUR_SLUR,9,LUR,LUR,2025-01-15,2025-01-15,1,TSE,1325.2265625,1349.960205078125,1348.1702880859375,1353.6690673828125,1350.191650390625
M9_YLUR_SLUR,9,LUR,LUR,2025-01-15,2025-01-15,1,TSEC,88.41555786132812,90.06243896484375,90.09735107421875,90.06745910644531,90.03655242919922
M9_YLUR_SLUR,9,LUR,LUR,2025-01-15,2025-01-16,2,Yd,1334.4205322265625,1350.1795654296875,1348.22802734375,1350.08154296875,1349.8692626953125
M9_YLUR_SLUR,9,LUR,LUR,2025-01-15,2025-01-16,2,TSE,1366.6260986328125,1349.960205078125,1348.610107421875,1356.10791015625,1350.4017333984375
M9_YLUR_SLUR,9,LUR,LUR,2025-01-15,2025-01-16,2,TSEC,90.14688110351562,90.06243896484375,90.10224151611328,89.9671630859375,90.03961181640625
M9_YLUR_SLUR,9,LUR,LUR,2025-01-15,2025-01-17,3,Yd,1345.818359375,1350.1795654296875,1344.07666015625,1344.0465087890625,1349.83935546875
M9_YLUR_SLUR,9,LUR,LUR,2025-01-15,2025-01-17,3,TSE,1341.2340087890625,1349.960205078125,1348.2674560546875,1355.2174072265625,1350.445556640625
M9_YLUR_SLUR,9,LUR,LUR,2025-01-15,2025-01-17,3,TSEC,90.334716796875,90.06243896484375,90.09500885009766,89.84317016601562,90.06494140625
M9_YLUR_SLUR,9,LUR,LUR,2025-01-16,2025-01-16,1,Yd,1334.4205322265625,1350.14599609375,1347.4632568359375,1344.6771240234375,1350.07275390625
M9_YLUR_SLUR,9,LUR,LUR,2025-01-16,2025-01-16,1,TSE,1366.6260986328125,1349.927001953125,1347.5235595703125,1349.4755859375,1350.1689453125
M9_YLUR_SLUR,9,LUR,LUR,2025-01-16,2025-01-16,1,TSEC,90.14688110351562,90.06022644042969,90.10767364501953,90.1293716430664,90.05143737792969
M9_YLUR_SLUR,9,LUR,LUR,2025-01-16,2025-01-17,2,Yd,1345.818359375,1350.14599609375,1343.152587890625,1346.94140625,1350.1168212890625
M9_YLUR_SLUR,9,LUR,LUR,2025-01-16,2025-01-17,2,TSE,1341.2340087890625,1349.927001953125,1348.2589111328125,1346.4656982421875,1350.1168212890625
M9_YLUR_SLUR,9,LUR,LUR,2025-01-16,2025-01-17,2,TSEC,90.334716796875,90.06022644042969,90.06559753417969,89.80274200439453,90.06089782714844
M9_YLUR_SLUR,9,LUR,LUR,2025-01-16,2025-01-18,3,Yd,1361.57568359375,1350.14599609375,1350.5372314453125,1346.313720703125,1350.187744140625
M9_YLUR_SLUR,9,LUR,LUR,2025-01-16,2025-01-18,3,TSE,1345.32177734375,1349.927001953125,1348.5003662109375,1346.1600341796875,1349.9747314453125
M9_YLUR_SLUR,9,LUR,LUR,2025-01-16,2025-01-18,3,TSEC,91.7059097290039,90.06022644042969,90.08908081054688,89.6581802368164,90.06678009033203
M9_YLUR_SLUR,9,LUR,LUR,2025-01-17,2025-01-17,1,Yd,1345.818359375,1350.125,1342.9075927734375,1349.08203125,1350.154541015625
M9_YLUR_SLUR,9,LUR,LUR,2025-01-17,2025-01-17,1,TSE,1341.2340087890625,1349.9493408203125,1348.7425537109375,1352.339111328125,1350.183837890625
M9_YLUR_SLUR,9,LUR,LUR,2025-01-17,2025-01-17,1,TSEC,90.334716796875,90.06034851074219,90.0693130493164,90.11702728271484,90.06739044189453
M9_YLUR_SLUR,9,LUR,LUR,2025-01-17,2025-01-18,2,Yd,1361.57568359375,1350.125,1349.9156494140625,1351.1173095703125,1350.099365234375
M9_YLUR_SLUR,9,LUR,LUR,2025-01-17,2025-01-18,2,TSE,1345.32177734375,1349.9493408203125,1348.33447265625,1353.970947265625,1350.321044921875
M9_YLUR_SLUR,9,LUR,LUR,2025-01-17,2025-01-18,2,TSEC,91.7059097290039,90.06034851074219,90.08361053466797,90.06977844238281,90.0806884765625
M9_YLUR_SLUR,9,LUR,LUR,2025-01-17,2025-01-19,3,Yd,1342.1524658203125,1350.125,1352.51220703125,1353.077880859375,1350.0791015625
M9_YLUR_SLUR,9,LUR,LUR,2025-01-17,2025-01-19,3,TSE,1321.63232421875,1349.9493408203125,1348.79833984375,1356.45751953125,1350.3070068359375
M9_YLUR_SLUR,9,LUR,LUR,2025-01-17,2025-01-19,3,TSEC,88.64985656738281,90.06034851074219,90.06517791748047,90.25318145751953,90.06880950927734
M9_YLUR_SLUR,9,LUR,LUR,2025-01-18,2025-01-18,1,Yd,1361.57568359375,1350.119140625,1349.6837158203125,1345.7772216796875,1350.0140380859375
M9_YLUR_SLUR,9,LUR,LUR,2025-01-18,2025-01-18,1,TSE,1345.32177734375,1349.9376220703125,1351.3348388671875,1343.36181640625,1350.37109375
M9_YLUR_SLUR,9,LUR,LUR,2025-01-18,2025-01-18,1,TSEC,91.7059097290039,90.06070709228516,90.09315490722656,90.50361633300781,90.08797454833984
M9_YLUR_SLUR,9,LUR,LUR,2025-01-18,2025-01-19,2,Yd,1342.1524658203125,1350.119140625,1351.5736083984375,1347.411865234375,1349.9541015625
M9_YLUR_SLUR,9,LUR,LUR,2025-01-18,2025-01-19,2,TSE,1321.63232421875,1349.9376220703125,1348.604736328125,1346.419921875,1350.4315185546875
M9_YLUR_SLUR,9,LUR,LUR,2025-01-18,2025-01-19,2,TSEC,88.64985656738281,90.06070709228516,90.0745849609375,90.05325317382812,90.09484100341797
M9_YLUR_SLUR,9,LUR,LUR,2025-01-18,2025-01-20,3,Yd,1338.0107421875,1350.119140625,1347.7525634765625,1346.8275146484375,1349.899658203125
M9_YLUR_SLUR,9,LUR,LUR,2025-01-18,2025-01-20,3,TSE,1340.1947021484375,1349.9376220703125,1350.7601318359375,1346.074951171875,1350.2421875
M9_YLUR_SLUR,9,LUR,LUR,2025-01-18,2025-01-20,3,TSEC,88.7713851928711,90.06070709228516,90.13346862792969,90.14661407470703,90.07475280761719
M9_YLUR_SLUR,9,LUR,LUR,2025-01-19,2025-01-19,1,Yd,1342.1524658203125,1350.134521484375,1353.1751708984375,1348.0521240234375,1349.8807373046875
M9_YLUR_SLUR,9,LUR,LUR,2025-01-19,2025-01-19,1,TSE,1321.63232421875,1349.9315185546875,1348.88525390625,1353.1727294921875,1350.3724365234375
M9_YLUR_SLUR,9,LUR,LUR,2025-01-19,2025-01-19,1,TSEC,88.64985656738281,90.06290435791016,90.10860443115234,90.31878662109375,90.0887222290039
M9_YLUR_SLUR,9,LUR,LUR,2025-01-19,2025-01-20,2,Yd,1338.0107421875,1350.134521484375,1348.2432861328125,1346.1846923828125,1349.7269287109375
M9_YLUR_SLUR,9,LUR,LUR,2025-01-19,2025-01-20,2,TSE,1340.1947021484375,1349.9315185546875,1349.6495361328125,1354.805419921875,1350.3087158203125
M9_YLUR_SLUR,9,LUR,LUR,2025-01-19,2025-01-20,2,TSEC,88.7713851928711,90.06290435791016,90.1576156616211,90.24327087402344,90.10269165039062
M9_YLUR_SLUR,9,LUR,LUR,2025-01-19,2025-01-21,3,Yd,1381.3045654296875,1350.134521484375,1345.8271484375,1347.53466796875,1349.736328125
M9_YLUR_SLUR,9,LUR,LUR,2025-01-19,2025-01-21,3,TSE,1362.6864013671875,1349.9315185546875,1349.5181884765625,1355.30517578125,1350.1746826171875
M9_YLUR_SLUR,9,LUR,LUR,2025-01-19,2025-01-21,3,TSEC,90.47338104248047,90.06290435791016,90.09545135498047,90.21810150146484,90.0950698852539
M9_YLUR_SLUR,9,LUR,LUR,2025-01-20,2025-01-20,1,Yd,1338.0107421875,1350.123779296875,1347.83935546875,1346.6541748046875,1349.90380859375
M9_YLUR_SLUR,9,LUR,LUR,2025-01-20,2025-01-20,1,TSE,1340.1947021484375,1349.893798828125,1350.2960205078125,1351.21142578125,1350.227783203125
M9_YLUR_SLUR,9,LUR,LUR,2025-01-20,2025-01-20,1,TSEC,88.7713851928711,90.06101989746094,90.32659149169922,89.87800598144531,90.07352447509766
M9_YLUR_SLUR,9,LUR,LUR,2025-01-20,2025-01-21,2,Yd,1381.3045654296875,1350.123779296875,1345.4173583984375,1348.728515625,1349.8291015625
M9_YLUR_SLUR,9,LUR,LUR,2025-01-20,2025-01-21,2,TSE,1362.6864013671875,1349.893798828125,1349.2081298828125,1350.1580810546875,1350.3748779296875
M9_YLUR_SLUR,9,LUR,LUR,2025-01-20,2025-01-21,2,TSEC,90.47338104248047,90.06101989746094,89.89429473876953,89.89447784423828,90.0498275756836
M9_YLUR_SLUR,9,LUR,LUR,2025-01-20,2025-01-22,3,Yd,1364.3770751953125,1350.123779296875,1349.3917236328125,1348.2413330078125,1349.6505126953125
M9_YLUR_SLUR,9,LUR,LUR,2025-01-20,2025-01-22,3,TSE,1348.1685791015625,1349.893798828125,1348.698974609375,1347.580078125,1350.6080322265625
M9_YLUR_SLUR,9,LUR,LUR,2025-01-20,2025-01-22,3,TSEC,89.4886474609375,90.06101989746094,90.1605453491211,89.91887664794922,90.02102661132812
M9_YLUR_SLUR,9,LUR,LUR,2025-01-21,2025-01-21,1,Yd,1381.3045654296875,1350.107666015625,1351.2481689453125,1348.6629638671875,1349.9444580078125
M9_YLUR_SLUR,9,LUR,LUR,2025-01-21,2025-01-21,1,TSE,1362.6864013671875,1349.880859375,1348.22314453125,1354.7060546875,1350.2752685546875
M9_YLUR_SLUR,9,LUR,LUR,2025-01-21,2025-01-21,1,TSEC,90.47338104248047,90.05929565429688,90.00312805175781,90.25664520263672,90.03282928466797
M9_YLUR_SLUR,9,LUR,LUR,2025-01-21,2025-01-22,2,Yd,1364.3770751953125,1350.107666015625,1347.79931640625,1348.6717529296875,1349.81005859375
M9_YLUR_SLUR,9,LUR,LUR,2025-01-21,2025-01-22,2,TSE,1348.1685791015625,1349.880859375,1348.9918212890625,1357.5362548828125,1350.5888671875
M9_YLUR_SLUR,9,LUR,LUR,2025-01-21,2025-01-22,2,TSEC,89.4886474609375,90.05929565429688,90.09815216064453,90.32503509521484,90.00874328613281
M9_YLUR_SLUR,9,LUR,LUR,2025-01-21,2025-01-23,3,Yd,1358.8453369140625,1350.107666015625,1349.1025390625,1347.4818115234375,1349.864013671875
M9_YLUR_SLUR,9,LUR,LUR,2025-01-21,2025-01-23,3,TSE,1353.197509765625,1349.880859375,1347.538330078125,1355.60009765625,1350.5762939453125
M9_YLUR_SLUR,9,LUR,LUR,2025-01-21,2025-01-23,3,TSEC,88.6240234375,90.05929565429688,90.07714080810547,90.07748413085938,90.00611877441406
M9_YLUR_SLUR,9,LUR,LUR,2025-01-22,2025-01-22,1,Yd,1364.3770751953125,1350.1490478515625,1347.8612060546875,1345.24609375,1349.960205078125
M9_YLUR_SLUR,9,LUR,LUR,2025-01-22,2025-01-22,1,TSE,1348.1685791015625,1349.89794921875,1348.77978515625,1357.924072265625,1350.337890625
M9_YLUR_SLUR,9,LUR,LUR,2025-01-22,2025-01-22,1,TSEC,89.4886474609375,90.05986022949219,90.35599517822266,90.1473388671875,90.02781677246094
M9_YLUR_SLUR,9,LUR,LUR,2025-01-22,2025-01-23,2,Yd,1358.8453369140625,1350.1490478515625,1349.3741455078125,1346.6962890625,1349.8560791015625
M9_YLUR_SLUR,9,LUR,LUR,2025-01-22,2025-01-23,2,TSE,1353.197509765625,1349.89794921875,1348.2047119140625,1355.3067626953125,1350.50341796875
M9_YLUR_SLUR,9,LUR,LUR,2025-01-22,2025-01-23,2,TSEC,88.6240234375,90.05986022949219,89.88734436035156,90.25586700439453,90.02225494384766
M9_YLUR_SLUR,9,LUR,LUR,2025-01-22,2025-01-24,3,Yd,1347.71728515625,1350.1490478515625,1351.9842529296875,1346.68359375,1349.9290771484375
M9_YLUR_SLUR,9,LUR,LUR,2025-01-22,2025-01-24,3,TSE,1349.647216796875,1349.89794921875,1348.5777587890625,1353.3511962890625,1350.4739990234375
M9_YLUR_SLUR,9,LUR,LUR,2025-01-22,2025-01-24,3,TSEC,88.75330352783203,90.05986022949219,90.31133270263672,90.20805358886719,90.05648803710938
M9_YLUR_SLUR,9,LUR,LUR,2025-01-23,2025-01-23,1,Yd,1358.8453369140625,1350.16796875,1349.043212890625,1346.175048828125,1349.9788818359375
M9_YLUR_SLUR,9,LUR,LUR,2025-01-23,2025-01-23,1,TSE,1353.197509765625,1349.8956298828125,1349.6866455078125,1350.8609619140625,1350.2864990234375
M9_YLUR_SLUR,9,LUR,LUR,2025-01-23,2025-01-23,1,TSEC,88.6240234375,90.05909729003906,90.08070373535156,90.1390151977539,90.0511703491211
M9_YLUR_SLUR,9,LUR,LUR,2025-01-23,2025-01-24,2,Yd,1347.71728515625,1350.16796875,1346.428466796875,1343.2811279296875,1349.903564453125
M9_YLUR_SLUR,9,LUR,LUR,2025-01-23,2025-01-24,2,TSE,1349.647216796875,1349.8956298828125,1347.6654052734375,1352.06396484375,1350.396484375
M9_YLUR_SLUR,9,LUR,LUR,2025-01-23,2025-01-24,2,TSEC,88.75330352783203,90.05909729003906,90.09061431884766,89.78617858886719,90.06280517578125
M9_YLUR_SLUR,9,LUR,LUR,2025-01-23,2025-01-25,3,Yd,1334.754638671875,1350.16796875,1350.3267822265625,1343.4158935546875,1349.951416015625
M9_YLUR_SLUR,9,LUR,LUR,2025-01-23,2025-01-25,3,TSE,1337.52587890625,1349.8956298828125,1351.740234375,1351.934326171875,1350.399658203125
M9_YLUR_SLUR,9,LUR,LUR,2025-01-23,2025-01-25,3,TSEC,91.1065444946289,90.05909729003906,90.23786926269531,89.94615173339844,90.06037902832031
M9_YLUR_SLUR,9,LUR,LUR,2025-01-24,2025-01-24,1,Yd,1347.71728515625,1350.1795654296875,1346.755615234375,1341.604248046875,1349.93701171875
M9_YLUR_SLUR,9,LUR,LUR,2025-01-24,2025-01-24,1,TSE,1349.647216796875,1349.9000244140625,1348.0477294921875,1353.856201171875,1350.2269287109375
M9_YLUR_SLUR,9,LUR,LUR,2025-01-24,2025-01-24,1,TSEC,88.75330352783203,90.05719757080078,90.26371002197266,90.16014099121094,90.06806945800781
M9_YLUR_SLUR,9,LUR,LUR,2025-01-24,2025-01-25,2,Yd,1334.754638671875,1350.1795654296875,1350.8153076171875,1344.201416015625,1349.9727783203125
M9_YLUR_SLUR,9,LUR,LUR,2025-01-24,2025-01-25,2,TSE,1337.52587890625,1349.9000244140625,1348.23681640625,1349.3919677734375,1350.3892822265625
M9_YLUR_SLUR,9,LUR,LUR,2025-01-24,2025-01-25,2,TSEC,91.1065444946289,90.05719757080078,89.86514282226562,90.00041961669922,90.06771850585938
M9_YLUR_SLUR,9,LUR,LUR,2025-01-24,2025-01-26,3,Yd,1319.6961669921875,1350.1795654296875,1352.86376953125,1342.300537109375,1350.0225830078125
M9_YLUR_SLUR,9,LUR,LUR,2025-01-24,2025-01-26,3,TSE,1344.7469482421875,1349.9000244140625,1348.00830078125,1353.20849609375,1350.419921875
M9_YLUR_SLUR,9,LUR,LUR,2025-01-24,2025-01-26,3,TSEC,90.25727081298828,90.05719757080078,90.29705047607422,89.80933380126953,90.0521469116211
M9_YLUR_SLUR,9,LUR,LUR,2025-01-25,2025-01-25,1,Yd,1334.754638671875,1350.17626953125,1350.168701171875,1349.241455078125,1350.0159912109375
M9_YLUR_SLUR,9,LUR,LUR,2025-01-25,2025-01-25,1,TSE,1337.52587890625,1349.899658203125,1349.197021484375,1351.805419921875,1350.337890625
M9_YLUR_SLUR,9,LUR,LUR,2025-01-25,2025-01-25,1,TSEC,91.1065444946289,90.05546569824219,90.22637176513672,89.94400024414062,90.07820892333984
M9_YLUR_SLUR,9,LUR,LUR,2025-01-25,2025-01-26,2,Yd,1319.6961669921875,1350.17626953125,1350.285888671875,1354.2972412109375,1350.0003662109375
M9_YLUR_SLUR,9,LUR,LUR,2025-01-25,2025-01-26,2,TSE,1344.7469482421875,1349.899658203125,1348.7318115234375,1354.3988037109375,1350.470947265625
M9_YLUR_SLUR,9,LUR,LUR,2025-01-25,2025-01-26,2,TSEC,90.25727081298828,90.05546569824219,89.99347686767578,89.97196960449219,90.07062530517578
M9_YLUR_SLUR,9,LUR,LUR,2025-01-25,2025-01-27,3,Yd,1364.833251953125,1350.17626953125,1349.4307861328125,1349.9793701171875,1350.08251953125
M9_YLUR_SLUR,9,LUR,LUR,2025-01-25,2025-01-27,3,TSE,1353.5521240234375,1349.899658203125,1348.96826171875,1355.7952880859375,1350.365478515625
M9_YLUR_SLUR,9,LUR,LUR,2025-01-25,2025-01-27,3,TSEC,91.14537048339844,90.05546569824219,90.1717529296875,90.0360336303711,90.0429916381836
M9_YLUR_SLUR,9,LUR,LUR,2025-01-26,2025-01-26,1,Yd,1319.6961669921875,1350.1558837890625,1353.7720947265625,1346.54931640625,1349.909423828125
M9_YLUR_SLUR,9,LUR,LUR,2025-01-26,2025-01-26,1,TSE,1344.7469482421875,1349.88330078125,1347.686767578125,1342.0400390625,1350.2928466796875
M9_YLUR_SLUR,9,LUR,LUR,2025-01-26,2025-01-26,1,TSEC,90.25727081298828,90.05685424804688,90.0751724243164,89.9448471069336,90.07881927490234
M9_YLUR_SLUR,9,LUR,LUR,2025-01-26,2025-01-27,2,Yd,1364.833251953125,1350.1558837890625,1349.3441162109375,1353.9361572265625,1349.8878173828125
M9_YLUR_SLUR,9,LUR,LUR,2025-01-26,2025-01-27,2,TSE,1353.5521240234375,1349.88330078125,1348.586181640625,1345.1646728515625,1350.3233642578125
M9_YLUR_SLUR,9,LUR,LUR,2025-01-26,2025-01-27,2,TSEC,91.14537048339844,90.05685424804688,90.18665313720703,89.94452667236328,90.07402038574219
M9_YLUR_SLUR,9,LUR,LUR,2025-01-26,2025-01-28,3,Yd,1342.9945068359375,1350.1558837890625,1345.7371826171875,1351.0162353515625,1349.7686767578125
M9_YLUR_SLUR,9,LUR,LUR,2025-01-26,2025-01-28,3,TSE,1359.58203125,1349.88330078125,1348.7855224609375,1348.852294921875,1350.2474365234375
M9_YLUR_SLUR,9,LUR,LUR,2025-01-26,2025-01-28,3,TSEC,90.72061920166016,90.05685424804688,90.24895477294922,90.11215209960938,90.03235626220703
M9_YLUR_SLUR,9,LUR,LUR,2025-01-27,2025-01-27,1,Yd,1364.833251953125,1350.11572265625,1348.5211181640625,1346.48974609375,1349.8934326171875
M9_YLUR_SLUR,9,LUR,LUR,2025-01-27,2025-01-27,1,TSE,1353.5521240234375,1349.8765869140625,1351.359375,1351.8193359375,1350.16845703125
M9_YLUR_SLUR,9,LUR,LUR,2025-01-27,2025-01-27,1,TSEC,91.14537048339844,90.05711364746094,90.11690521240234,90.22530364990234,90.07183074951172
M9_YLUR_SLUR,9,LUR,LUR,2025-01-27,2025-01-28,2,Yd,1342.9945068359375,1350.11572265625,1345.6331787109375,1352.238525390625,1349.75048828125
M9_YLUR_SLUR,9,LUR,LUR,2025-01-27,2025-01-28,2,TSE,1359.58203125,1349.8765869140625,1351.6846923828125,1353.209716796875,1350.2418212890625
M9_YLUR_SLUR,9,LUR,LUR,2025-01-27,2025-01-28,2,TSEC,90.72061920166016,90.05711364746094,90.13739776611328,89.95278930664062,90.04195404052734
M9_YLUR_SLUR,9,LUR,LUR,2025-01-27,2025-01-29,3,Yd,1360.1409912109375,1350.11572265625,1348.871337890625,1349.770263671875,1349.6890869140625
M9_YLUR_SLUR,9,LUR,LUR,2025-01-27,2025-01-29,3,TSE,1339.979736328125,1349.8765869140625,1347.7064208984375,1354.7620849609375,1350.5457763671875
M9_YLUR_SLUR,9,LUR,LUR,2025-01-27,2025-01-29,3,TSEC,90.48770904541016,90.05711364746094,90.09282684326172,90.01671600341797,89.99771881103516
M9_YLUR_SLUR,9,LUR,LUR,2025-01-28,2025-01-28,1,Yd,1342.9945068359375,1350.135009765625,1346.689208984375,1348.5780029296875,1349.864501953125
M9_YLUR_SLUR,9,LUR,LUR,2025-01-28,2025-01-28,1,TSE,1359.58203125,1349.8814697265625,1348.853515625,1356.6552734375,1350.1402587890625
M9_YLUR_SLUR,9,LUR,LUR,2025-01-28,2025-01-28,1,TSEC,90.72061920166016,90.05855560302734,90.12535858154297,90.21961212158203,90.04603576660156
M9_YLUR_SLUR,9,LUR,LUR,2025-01-28,2025-01-29,2,Yd,1360.1409912109375,1350.135009765625,1349.08544921875,1346.2271728515625,1349.7681884765625
M9_YLUR_SLUR,9,LUR,LUR,2025-01-28,2025-01-29,2,TSE,1339.979736328125,1349.8814697265625,1348.28662109375,1356.785400390625,1350.4779052734375
M9_YLUR_SLUR,9,LUR,LUR,2025-01-28,2025-01-29,2,TSEC,90.48770904541016,90.05855560302734,90.02312469482422,89.91353607177734,90.0134048461914
M9_YLUR_SLUR,9,LUR,LUR,2025-01-28,2025-01-30,3,Yd,1347.156005859375,1350.135009765625,1348.173828125,1347.643310546875,1349.81103515625
M9_YLUR_SLUR,9,LUR,LUR,2025-01-28,2025-01-30,3,TSE,1340.8599853515625,1349.8814697265625,1348.5640869140625,1355.3177490234375,1350.6427001953125
M9_YLUR_SLUR,9,LUR,LUR,2025-01-28,2025-01-30,3,TSEC,89.54581451416016,90.05855560302734,90.11576080322266,89.8138198852539,90.0005874633789
M9_YLUR_SLUR,9,LUR,LUR,2025-01-29,2025-01-29,1,Yd,1360.1409912109375,1350.1256103515625,1349.4298095703125,1348.9281005859375,1349.9818115234375
M9_YLUR_SLUR,9,LUR,LUR,2025-01-29,2025-01-29,1,TSE,1339.979736328125,1349.8941650390625,1347.9739990234375,1352.5623779296875,1350.2901611328125
M9_YLUR_SLUR,9,LUR,LUR,2025-01-29,2025-01-29,1,TSEC,90.48770904541016,90.05943298339844,89.96046447753906,89.76814270019531,90.02729797363281
M9_YLUR_SLUR,9,LUR,LUR,2025-01-29,2025-01-30,2,Yd,1347.156005859375,1350.1256103515625,1348.1627197265625,1349.9862060546875,1350.04296875
M9_YLUR_SLUR,9,LUR,LUR,2025-01-29,2025-01-30,2,TSE,1340.8599853515625,1349.8941650390625,1348.4359130859375,1357.5709228515625,1350.5057373046875
M9_YLUR_SLUR,9,LUR,LUR,2025-01-29,2025-01-30,2,TSEC,89.54581451416016,90.05943298339844,90.05957794189453,89.80609130859375,90.01280212402344
M9_YLUR_SLUR,9,LUR,LUR,2025-01-29,2025-01-31,3,Yd,1358.9840087890625,1350.1256103515625,1345.6947021484375,1348.3304443359375,1350.1429443359375
M9_YLUR_SLUR,9,LUR,LUR,2025-01-29,2025-01-31,3,TSE,1344.8052978515625,1349.8941650390625,1347.9005126953125,1354.098876953125,1350.458251953125
M9_YLUR_SLUR,9,LUR,LUR,2025-01-29,2025-01-31,3,TSEC,90.24451446533203,90.05943298339844,90.05626678466797,89.94445037841797,90.0459976196289
M9_YLUR_SLUR,9,LUR,LUR,2025-01-30,2025-01-30,1,Yd,1347.156005859375,1350.1387939453125,1348.3575439453125,1346.2122802734375,1350.1446533203125
M9_YLUR_SLUR,9,LUR,LUR,2025-01-30,2025-01-30,1,TSE,1340.8599853515625,1349.881103515625,1348.3814697265625,1356.1241455078125,1350.30419921875
M9_YLUR_SLUR,9,LUR,LUR,2025-01-30,2025-01-30,1,TSEC,89.54581451416016,90.05998992919922,90.1175308227539,90.1605453491211,90.04888153076172
M9_YLUR_SLUR,9,LUR,LUR,2025-01-30,2025-01-31,2,Yd,1358.9840087890625,1350.1387939453125,1345.8736572265625,1342.4586181640625,1350.1202392578125
M9_YLUR_SLUR,9,LUR,LUR,2025-01-30,2025-01-31,2,TSE,1344.8052978515625,1349.881103515625,1347.31640625,1357.0850830078125,1350.3623046875
M9_YLUR_SLUR,9,LUR,LUR,2025-01-30,2025-01-31,2,TSEC,90.24451446533203,90.05998992919922,90.08341217041016,89.77598571777344,90.06050872802734
M9_YLUR_SLUR,9,LUR,LUR,2025-01-30,2025-02-01,3,Yd,1353.4754638671875,1350.1387939453125,1350.1529541015625,1344.2393798828125,1350.1541748046875
M9_YLUR_SLUR,9,LUR,LUR,2025-01-30,2025-02-01,3,TSE,1338.6014404296875,1349.881103515625,1350.0081787109375,1352.1326904296875,1350.2862548828125
M9_YLUR_SLUR,9,LUR,LUR,2025-01-30,2025-02-01,3,TSEC,90.02418518066406,90.05998992919922,90.17092895507812,89.73823547363281,90.06739807128906
M9_YLUR_SLUR,9,LUR,LUR,2025-01-31,2025-01-31,1,Yd,1358.9840087890625,1350.1348876953125,1351.996826171875,1350.4515380859375,1350.0643310546875
M9_YLUR_SLUR,9,LUR,LUR,2025-01-31,2025-01-31,1,TSE,1344.8052978515625,1349.8692626953125,1348.10986328125,1350.7850341796875,1350.200439453125
M9_YLUR_SLUR,9,LUR,LUR,2025-01-31,2025-01-31,1,TSEC,90.24451446533203,90.05931854248047,90.07389831542969,90.19525146484375,90.06970977783203
M9_YLUR_SLUR,9,LUR,LUR,2025-01-31,2025-02-01,2,Yd,1353.4754638671875,1350.1348876953125,1349.1561279296875,1350.40380859375,1350.0345458984375
M9_YLUR_SLUR,9,LUR,LUR,2025-01-31,2025-02-01,2,TSE,1338.6014404296875,1349.8692626953125,1347.95556640625,1347.426513671875,1350.267578125
M9_YLUR_SLUR,9,LUR,LUR,2025-01-31,2025-02-01,2,TSEC,90.02418518066406,90.05931854248047,90.24343872070312,89.93383026123047,90.08313751220703
M9_YLUR_SLUR,9,LUR,LUR,2025-01-31,2025-02-02,3,Yd,1352.126708984375,1350.1348876953125,1346.829345703125,1352.275390625,1349.9766845703125
M9_YLUR_SLUR,9,LUR,LUR,2025-01-31,2025-02-02,3,TSE,1365.90576171875,1349.8692626953125,1347.8814697265625,1350.6024169921875,1350.2442626953125
M9_YLUR_SLUR,9,LUR,LUR,2025-01-31,2025-02-02,3,TSEC,89.79484558105469,90.05931854248047,90.08625793457031,89.8935775756836,90.07637023925781
M9_YLUR_SLUR,9,LUR,LUR,2025-02-01,2025-02-01,1,Yd,1353.4754638671875,1350.146484375,1349.1494140625,1347.865234375,1349.93701171875
M9_YLUR_SLUR,9,LUR,LUR,2025-02-01,2025-02-01,1,TSE,1338.6014404296875,1349.8626708984375,1348.8974609375,1351.27783203125,1350.3875732421875
M9_YLUR_SLUR,9,LUR,LUR,2025-02-01,2025-02-01,1,TSEC,90.02418518066406,90.0595703125,90.06157684326172,90.26831817626953,90.0888900756836
M9_YLUR_SLUR,9,LUR,LUR,2025-02-01,2025-02-02,2,Yd,1352.126708984375,1350.146484375,1346.8778076171875,1351.6859130859375,1349.83984375
M9_YLUR_SLUR,9,LUR,LUR,2025-02-01,2025-02-02,2,TSE,1365.90576171875,1349.8626708984375,1347.7723388671875,1352.1029052734375,1350.513427734375
M9_YLUR_SLUR,9,LUR,LUR,2025-02-01,2025-02-02,2,TSEC,89.79484558105469,90.0595703125,90.21791076660156,90.27095031738281,90.09416198730469
M9_YLUR_SLUR,9,LUR,LUR,2025-02-01,2025-02-03,3,Yd,1374.1605224609375,1350.146484375,1348.85546875,1353.5771484375,1349.8519287109375
M9_YLUR_SLUR,9,LUR,LUR,2025-02-01,2025-02-03,3,TSE,1339.6407470703125,1349.8626708984375,1349.0460205078125,1354.8428955078125,1350.4700927734375
M9_YLUR_SLUR,9,LUR,LUR,2025-02-01,2025-02-03,3,TSEC,90.46369934082031,90.0595703125,90.11697387695312,90.23896789550781,90.08454895019531
M9_YLUR_SLUR,9,LUR,LUR,2025-02-02,2025-02-02,1,Yd,1352.126708984375,1350.15087890625,1354.041748046875,1348.60546875,1349.822998046875
M9_YLUR_SLUR,9,LUR,LUR,2025-02-02,2025-02-02,1,TSE,1365.90576171875,1349.8477783203125,1348.3974609375,1349.98388671875,1350.356201171875
M9_YLUR_SLUR,9,LUR,LUR,2025-02-02,2025-02-02,1,TSEC,89.79484558105469,90.05950927734375,90.11181640625,89.83839416503906,90.08817291259766
M9_YLUR_SLUR,9,LUR,LUR,2025-02-02,2025-02-03,2,Yd,1374.1605224609375,1350.15087890625,1348.778564453125,1354.5892333984375,1349.7557373046875
M9_YLUR_SLUR,9,LUR,LUR,2025-02-02,2025-02-03,2,TSE,1339.6407470703125,1349.8477783203125,1348.9437255859375,1350.979248046875,1350.4697265625
M9_YLUR_SLUR,9,LUR,LUR,2025-02-02,2025-02-03,2,TSEC,90.46369934082031,90.05950927734375,90.09290313720703,90.364990234375,90.0967025756836
M9_YLUR_SLUR,9,LUR,LUR,2025-02-02,2025-02-04,3,Yd,1364.737548828125,1350.15087890625,1346.9168701171875,1351.857421875,1349.6759033203125
M9_YLUR_SLUR,9,LUR,LUR,2025-02-02,2025-02-04,3,TSE,1382.2073974609375,1349.8477783203125,1349.371826171875,1351.1204833984375,1350.4351806640625
M9_YLUR_SLUR,9,LUR,LUR,2025-02-02,2025-02-04,3,TSEC,89.67389678955078,90.05950927734375,90.11139678955078,90.41358184814453,90.0750732421875
M9_YLUR_SLUR,9,LUR,LUR,2025-02-03,2025-02-03,1,Yd,1374.1605224609375,1350.1534423828125,1349.2060546875,1353.1141357421875,1349.7679443359375
M9_YLUR_SLUR,9,LUR,LUR,2025-02-03,2025-02-03,1,TSE,1339.6407470703125,1349.868896484375,1348.9329833984375,1354.95166015625,1350.223388671875
M9_YLUR_SLUR,9,LUR,LUR,2025-02-03,2025-02-03,1,TSEC,90.46369934082031,90.05916595458984,90.1064682006836,90.0852279663086,90.08712005615234
M9_YLUR_SLUR,9,LUR,LUR,2025-02-03,2025-02-04,2,Yd,1364.737548828125,1350.1534423828125,1346.4173583984375,1348.749267578125,1349.5142822265625
M9_YLUR_SLUR,9,LUR,LUR,2025-02-03,2025-02-04,2,TSE,1382.2073974609375,1349.868896484375,1348.9454345703125,1359.6585693359375,1350.28466796875
M9_YLUR_SLUR,9,LUR,LUR,2025-02-03,2025-02-04,2,TSEC,89.67389678955078,90.05916595458984,90.09341430664062,89.94759368896484,90.072021484375
M9_YLUR_SLUR,9,LUR,LUR,2025-02-03,2025-02-05,3,Yd,1338.8505859375,1350.1534423828125,1349.9326171875,1348.263427734375,1349.3187255859375
M9_YLUR_SLUR,9,LUR,LUR,2025-02-03,2025-02-05,3,TSE,1340.7208251953125,1349.868896484375,1348.2860107421875,1357.0418701171875,1350.6064453125
M9_YLUR_SLUR,9,LUR,LUR,2025-02-03,2025-02-05,3,TSEC,89.29904174804688,90.05916595458984,90.06327819824219,89.92144775390625,90.04081726074219
M9_YLUR_SLUR,9,LUR,LUR,2025-02-04,2025-02-04,1,Yd,1364.737548828125,1350.184814453125,1347.6890869140625,1349.21435546875,1349.7767333984375
M9_YLUR_SLUR,9,LUR,LUR,2025-02-04,2025-02-04,1,TSE,1382.2073974609375,1349.8555908203125,1349.2545166015625,1354.045654296875,1350.262451171875
M9_YLUR_SLUR,9,LUR,LUR,2025-02-04,2025-02-04,1,TSEC,89.67389678955078,90.05970001220703,90.08651733398438,89.97502899169922,90.05716705322266
M9_YLUR_SLUR,9,LUR,LUR,2025-02-04,2025-02-05,2,Yd,1338.8505859375,1350.184814453125,1350.41455078125,1344.5048828125,1349.6083984375
M9_YLUR_SLUR,9,LUR,LUR,2025-02-04,2025-02-05,2,TSE,1340.7208251953125,1349.8555908203125,1348.7633056640625,1352.925048828125,1350.6510009765625
M9_YLUR_SLUR,9,LUR,LUR,2025-02-04,2025-02-05,2,TSEC,89.29904174804688,90.05970001220703,90.0728530883789,89.81524658203125,90.033447265625
M9_YLUR_SLUR,9,LUR,LUR,2025-02-04,2025-02-06,3,Yd,1357.1412353515625,1350.184814453125,1349.7552490234375,1344.078857421875,1349.5858154296875
M9_YLUR_SLUR,9,LUR,LUR,2025-02-04,2025-02-06,3,TSE,1357.563232421875,1349.8555908203125,1348.1932373046875,1351.7940673828125,1350.9154052734375
M9_YLUR_SLUR,9,LUR,LUR,2025-02-04,2025-02-06,3,TSEC,90.1624755859375,90.05970001220703,90.08143615722656,89.74017333984375,90.02680969238281
M9_YLUR_SLUR,9,LUR,LUR,2025-02-05,2025-02-05,1,Yd,1338.8505859375,1350.203857421875,1350.9078369140625,1352.58349609375,1349.74365234375
M9_YLUR_SLUR,9,LUR,LUR,2025-02-05,2025-02-05,1,TSE,1340.7208251953125,1349.897705078125,1346.974365234375,1354.2393798828125,1350.34326171875
M9_YLUR_SLUR,9,LUR,LUR,2025-02-05,2025-02-05,1,TSEC,89.29904174804688,90.05919647216797,90.06961822509766,90.23861694335938,90.04779815673828
M9_YLUR_SLUR,9,LUR,LUR,2025-02-05,2025-02-06,2,Yd,1357.1412353515625,1350.203857421875,1350.5093994140625,1347.5250244140625,1349.6376953125
M9_YLUR_SLUR,9,LUR,LUR,2025-02-05,2025-02-06,2,TSE,1357.563232421875,1349.897705078125,1349.174560546875,1359.5029296875,1350.630615234375
M9_YLUR_SLUR,9,LUR,LUR,2025-02-05,2025-02-06,2,TSEC,90.1624755859375,90.05919647216797,90.06481170654297,90.20758056640625,90.04357147216797
M9_YLUR_SLUR,9,LUR,LUR,2025-02-05,2025-02-07,3,Yd,1331.2998046875,1350.203857421875,1347.5965576171875,1344.1478271484375,1349.6392822265625
M9_YLUR_SLUR,9,LUR,LUR,2025-02-05,2025-02-07,3,TSE,1360.9005126953125,1349.897705078125,1347.2332763671875,1355.3353271484375,1350.7955322265625
M9_YLUR_SLUR,9,LUR,LUR,2025-02-05,2025-02-07,3,TSEC,88.87389373779297,90.05919647216797,90.06932067871094,90.1019515991211,90.073486328125
M9_YLUR_SLUR,9,LUR,LUR,2025-02-06,2025-02-06,1,Yd,1357.1412353515625,1350.1890869140625,1348.218017578125,1345.209716796875,1349.95458984375
M9_YLUR_SLUR,9,LUR,LUR,2025-02-06,2025-02-06,1,TSE,1357.563232421875,1349.8857421875,1344.229248046875,1351.618896484375,1350.384521484375
M9_YLUR_SLUR,9,LUR,LUR,2025-02-06,2025-02-06,1,TSEC,90.1624755859375,90.0582046508789,90.06832885742188,89.96571350097656,90.04946899414062
M9_YLUR_SLUR,9,LUR,LUR,2025-02-06,2025-02-07,2,Yd,1331.2998046875,1350.1890869140625,1349.7906494140625,1345.8380126953125,1349.8004150390625
M9_YLUR_SLUR,9,LUR,LUR,2025-02-06,2025-02-07,2,TSE,1360.9005126953125,1349.8857421875,1351.6507568359375,1353.4534912109375,1350.51513671875
M9_YLUR_SLUR,9,LUR,LUR,2025-02-06,2025-02-07,2,TSEC,88.87389373779297,90.0582046508789,90.05968475341797,89.4022445678711,90.06694793701172
M9_YLUR_SLUR,9,LUR,LUR,2025-02-06,2025-02-08,3,Yd,1343.9642333984375,1350.1890869140625,1348.6634521484375,1343.458984375,1349.73095703125
M9_YLUR_SLUR,9,LUR,LUR,2025-02-06,2025-02-08,3,TSE,1348.8001708984375,1349.8857421875,1345.8062744140625,1351.2978515625,1350.4656982421875
M9_YLUR_SLUR,9,LUR,LUR,2025-02-06,2025-02-08,3,TSEC,90.35808563232422,90.0582046508789,90.2627182006836,89.77179718017578,90.07168579101562
M9_YLUR_SLUR,9,LUR,LUR,2025-02-07,2025-02-07,1,Yd,1331.2998046875,1350.1981201171875,1350.675048828125,1348.2958984375,1349.9228515625
M9_YLUR_SLUR,9,LUR,LUR,2025-02-07,2025-02-07,1,TSE,1360.9005126953125,1349.8958740234375,1346.510498046875,1355.220703125,1350.322509765625
M9_YLUR_SLUR,9,LUR,LUR,2025-02-07,2025-02-07,1,TSEC,88.87389373779297,90.0583267211914,90.05821228027344,90.3239974975586,90.07630920410156
M9_YLUR_SLUR,9,LUR,LUR,2025-02-07,2025-02-08,2,Yd,1343.9642333984375,1350.1981201171875,1349.122802734375,1350.1920166015625,1349.8836669921875
M9_YLUR_SLUR,9,LUR,LUR,2025-02-07,2025-02-08,2,TSE,1348.8001708984375,1349.8958740234375,1350.661376953125,1355.9097900390625,1350.5533447265625
M9_YLUR_SLUR,9,LUR,LUR,2025-02-07,2025-02-08,2,TSEC,90.35808563232422,90.0583267211914,90.26338958740234,90.17608642578125,90.08699798583984
M9_YLUR_SLUR,9,LUR,LUR,2025-02-07,2025-02-09,3,Yd,1343.010498046875,1350.1981201171875,1347.4942626953125,1351.6727294921875,1349.7791748046875
M9_YLUR_SLUR,9,LUR,LUR,2025-02-07,2025-02-09,3,TSE,1385.652099609375,1349.8958740234375,1347.0767822265625,1356.8876953125,1350.61572265625
M9_YLUR_SLUR,9,LUR,LUR,2025-02-07,2025-02-09,3,TSEC,89.65288543701172,90.0583267211914,90.06703186035156,89.92487335205078,90.08708190917969
M9_YLUR_SLUR,9,LUR,LUR,2025-02-08,2025-02-08,1,Yd,1343.9642333984375,1350.173583984375,1351.3509521484375,1349.375732421875,1349.9212646484375
M9_YLUR_SLUR,9,LUR,LUR,2025-02-08,2025-02-08,1,TSE,1348.8001708984375,1349.91015625,1348.53466796875,1349.988525390625,1350.39599609375
M9_YLUR_SLUR,9,LUR,LUR,2025-02-08,2025-02-08,1,TSEC,90.35808563232422,90.05679321289062,90.27664184570312,89.91239929199219,90.08689880371094
M9_YLUR_SLUR,9,LUR,LUR,2025-02-08,2025-02-09,2,Yd,1343.010498046875,1350.173583984375,1354.3792724609375,1351.1624755859375,1349.74560546875
M9_YLUR_SLUR,9,LUR,LUR,2025-02-08,2025-02-09,2,TSE,1385.652099609375,1349.91015625,1348.047119140625,1352.8814697265625,1350.553466796875
M9_YLUR_SLUR,9,LUR,LUR,2025-02-08,2025-02-09,2,TSEC,89.65288543701172,90.05679321289062,90.06109619140625,89.85726165771484,90.09703063964844
M9_YLUR_SLUR,9,LUR,LUR,2025-02-08,2025-02-10,3,Yd,1335.4803466796875,1350.173583984375,1348.5924072265625,1347.638427734375,1349.6253662109375
M9_YLUR_SLUR,9,LUR,LUR,2025-02-08,2025-02-10,3,TSE,1350.1685791015625,1349.91015625,1349.1396484375,1353.12158203125,1350.389892578125
M9_YLUR_SLUR,9,LUR,LUR,2025-02-08,2025-02-10,3,TSEC,88.4179458618164,90.05679321289062,90.20952606201172,89.97579193115234,90.08948516845703
M9_YLUR_SLUR,9,LUR,LUR,2025-02-09,2025-02-09,1,Yd,1343.010498046875,1350.16552734375,1346.945556640625,1350.68359375,1349.7393798828125
M9_YLUR_SLUR,9,LUR,LUR,2025-02-09,2025-02-09,1,TSE,1385.652099609375,1349.90869140625,1351.5394287109375,1348.925048828125,1350.375244140625
M9_YLUR_SLUR,9,LUR,LUR,2025-02-09,2025-02-09,1,TSEC,89.65288543701172,90.05718231201172,90.0299301147461,90.15884399414062,90.09249877929688
M9_YLUR_SLUR,9,LUR,LUR,2025-02-09,2025-02-10,2,Yd,1335.4803466796875,1350.16552734375,1349.1883544921875,1354.107177734375,1349.50732421875
M9_YLUR_SLUR,9,LUR,LUR,2025-02-09,2025-02-10,2,TSE,1350.1685791015625,1349.90869140625,1347.3203125,1353.85498046875,1350.4058837890625
M9_YLUR_SLUR,9,LUR,LUR,2025-02-09,2025-02-10,2,TSEC,88.4179458618164,90.05718231201172,90.10816955566406,89.96283721923828,90.11072540283203
M9_YLUR_SLUR,9,LUR,LUR,2025-02-09,2025-02-11,3,Yd,1372.601806640625,1350.16552734375,1351.7982177734375,1352.3326416015625,1349.1240234375
M9_YLUR_SLUR,9,LUR,LUR,2025-02-09,2025-02-11,3,TSE,1337.341064453125,1349.90869140625,1352.709228515625,1356.9068603515625,1350.278076171875
M9_YLUR_SLUR,9,LUR,LUR,2025-02-09,2025-02-11,3,TSEC,90.26863861083984,90.05718231201172,90.04798889160156,90.0521469116211,90.08201599121094
M9_YLUR_SLUR,9,LUR,LUR,2025-02-10,2025-02-10,1,Yd,1335.4803466796875,1350.15625,1348.3310546875,1354.671875,1349.6041259765625
M9_YLUR_SLUR,9,LUR,LUR,2025-02-10,2025-02-10,1,TSE,1350.1685791015625,1349.9549560546875,1351.4862060546875,1353.2491455078125,1350.120849609375
M9_YLUR_SLUR,9,LUR,LUR,2025-02-10,2025-02-10,1,TSEC,88.4179458618164,90.0566635131836,90.11226654052734,89.78677368164062,90.09273529052734
M9_YLUR_SLUR,9,LUR,LUR,2025-02-10,2025-02-11,2,Yd,1372.601806640625,1350.15625,1346.929443359375,1351.4068603515625,1349.30224609375
M9_YLUR_SLUR,9,LUR,LUR,2025-02-10,2025-02-11,2,TSE,1337.341064453125,1349.9549560546875,1351.2935791015625,1354.4068603515625,1350.0460205078125
M9_YLUR_SLUR,9,LUR,LUR,2025-02-10,2025-02-11,2,TSEC,90.26863861083984,90.0566635131836,90.045654296875,89.66957092285156,90.07701873779297
M9_YLUR_SLUR,9,LUR,LUR,2025-02-10,2025-02-12,3,Yd,1348.78857421875,1350.15625,1349.689208984375,1349.4761962890625,1349.0394287109375
M9_YLUR_SLUR,9,LUR,LUR,2025-02-10,2025-02-12,3,TSE,1368.522216796875,1349.9549560546875,1350.4864501953125,1356.6888427734375,1350.2548828125
M9_YLUR_SLUR,9,LUR,LUR,2025-02-10,2025-02-12,3,TSEC,87.86454772949219,90.0566635131836,90.12019348144531,89.63459777832031,90.04779815673828
M9_YLUR_SLUR,9,LUR,LUR,2025-02-11,2025-02-11,1,Yd,1372.601806640625,1350.13720703125,1346.0045166015625,1348.9754638671875,1349.6038818359375
M9_YLUR_SLUR,9,LUR,LUR,2025-02-11,2025-02-11,1,TSE,1337.341064453125,1349.955322265625,1349.6624755859375,1354.236328125,1350.147705078125
M9_YLUR_SLUR,9,LUR,LUR,2025-02-11,2025-02-11,1,TSEC,90.26863861083984,90.0545425415039,90.04682159423828,90.29846954345703,90.0517807006836
M9_YLUR_SLUR,9,LUR,LUR,2025-02-11,2025-02-12,2,Yd,1348.78857421875,1350.13720703125,1350.0084228515625,1350.487060546875,1349.40771484375
M9_YLUR_SLUR,9,LUR,LUR,2025-02-11,2025-02-12,2,TSE,1368.522216796875,1349.955322265625,1349.2408447265625,1360.2867431640625,1350.5574951171875
M9_YLUR_SLUR,9,LUR,LUR,2025-02-11,2025-02-12,2,TSEC,87.86454772949219,90.0545425415039,90.0320053100586,90.01934051513672,90.01732635498047
M9_YLUR_SLUR,9,LUR,LUR,2025-02-11,2025-02-13,3,Yd,1349.6795654296875,1350.13720703125,1348.8404541015625,1344.673828125,1349.400634765625
M9_YLUR_SLUR,9,LUR,LUR,2025-02-11,2025-02-13,3,TSE,1335.5975341796875,1349.955322265625,1348.660888671875,1355.2847900390625,1350.8563232421875
M9_YLUR_SLUR,9,LUR,LUR,2025-02-11,2025-02-13,3,TSEC,90.22370910644531,90.0545425415039,90.04132080078125,90.08778381347656,89.99398040771484
M9_YLUR_SLUR,9,LUR,LUR,2025-02-12,2025-02-12,1,Yd,1348.78857421875,1350.166259765625,1350.2586669921875,1346.84912109375,1349.8497314453125
M9_YLUR_SLUR,9,LUR,LUR,2025-02-12,2025-02-12,1,TSE,1368.522216796875,1349.9390869140625,1345.5325927734375,1359.299560546875,1350.396240234375
M9_YLUR_SLUR,9,LUR,LUR,2025-02-12,2025-02-12,1,TSEC,87.86454772949219,90.05481719970703,89.96206665039062,89.99256896972656,90.02465057373047
M9_YLUR_SLUR,9,LUR,LUR,2025-02-12,2025-02-13,2,Yd,1349.6795654296875,1350.166259765625,1349.66552734375,1345.69775390625,1349.816650390625
M9_YLUR_SLUR,9,LUR,LUR,2025-02-12,2025-02-13,2,TSE,1335.5975341796875,1349.9390869140625,1347.4443359375,1357.4970703125,1350.70263671875
M9_YLUR_SLUR,9,LUR,LUR,2025-02-12,2025-02-13,2,TSEC,90.22370910644531,90.05481719970703,90.06102752685547,90.0265884399414,90.00216674804688
M9_YLUR_SLUR,9,LUR,LUR,2025-02-12,2025-02-14,3,Yd,1350.57666015625,1350.166259765625,1347.20849609375,1347.273193359375,1349.74267578125
M9_YLUR_SLUR,9,LUR,LUR,2025-02-12,2025-02-14,3,TSE,1367.76025390625,1349.9390869140625,1345.866455078125,1354.070068359375,1350.7054443359375
M9_YLUR_SLUR,9,LUR,LUR,2025-02-12,2025-02-14,3,TSEC,90.53335571289062,90.05481719970703,90.04227447509766,89.8147201538086,90.0301513671875
M9_YLUR_SLUR,9,LUR,LUR,2025-02-13,2025-02-13,1,Yd,1349.6795654296875,1350.1644287109375,1349.6419677734375,1349.6015625,1349.9039306640625
M9_YLUR_SLUR,9,LUR,LUR,2025-02-13,2025-02-13,1,TSE,1335.5975341796875,1349.9630126953125,1349.481689453125,1352.7939453125,1350.344482421875
M9_YLUR_SLUR,9,LUR,LUR,2025-02-13,2025-02-13,1,TSEC,90.22370910644531,90.0519790649414,90.18444061279297,90.28872680664062,90.03291320800781
M9_YLUR_SLUR,9,LUR,LUR,2025-02-13,2025-02-14,2,Yd,1350.57666015625,1350.1644287109375,1346.87451171875,1347.937744140625,1349.6905517578125
M9_YLUR_SLUR,9,LUR,LUR,2025-02-13,2025-02-14,2,TSE,1367.76025390625,1349.9630126953125,1348.7501220703125,1350.1881103515625,1350.4520263671875
M9_YLUR_SLUR,9,LUR,LUR,2025-02-13,2025-02-14,2,TSEC,90.53335571289062,90.0519790649414,90.01372528076172,90.27324676513672,90.04364013671875
M9_YLUR_SLUR,9,LUR,LUR,2025-02-13,2025-02-15,3,Yd,1365.4898681640625,1350.1644287109375,1351.291259765625,1343.09521484375,1349.636962890625
M9_YLUR_SLUR,9,LUR,LUR,2025-02-13,2025-02-15,3,TSE,1345.7333984375,1349.9630126953125,1349.2880859375,1354.797119140625,1350.3770751953125
M9_YLUR_SLUR,9,LUR,LUR,2025-02-13,2025-02-15,3,TSEC,90.28380584716797,90.0519790649414,90.40092468261719,90.01022338867188,90.05059051513672
M9_YLUR_SLUR,9,LUR,LUR,2025-02-14,2025-02-14,1,Yd,1350.57666015625,1350.163818359375,1346.777099609375,1351.35205078125,1349.9556884765625
M9_YLUR_SLUR,9,LUR,LUR,2025-02-14,2025-02-14,1,TSE,1367.76025390625,1349.9444580078125,1348.394775390625,1345.555419921875,1350.2113037109375
M9_YLUR_SLUR,9,LUR,LUR,2025-02-14,2025-02-14,1,TSEC,90.53335571289062,90.05221557617188,90.04031372070312,89.94930267333984,90.06599426269531
M9_YLUR_SLUR,9,LUR,LUR,2025-02-14,2025-02-15,2,Yd,1365.4898681640625,1350.163818359375,1351.0206298828125,1351.8275146484375,1349.9119873046875
M9_YLUR_SLUR,9,LUR,LUR,2025-02-14,2025-02-15,2,TSE,1345.7333984375,1349.9444580078125,1350.414306640625,1351.59912109375,1350.2840576171875
M9_YLUR_SLUR,9,LUR,LUR,2025-02-14,2025-02-15,2,TSEC,90.28380584716797,90.05221557617188,90.09564208984375,89.75675964355469,90.06892395019531
M9_YLUR_SLUR,9,LUR,LUR,2025-02-14,2025-02-16,3,Yd,1372.9461669921875,1350.163818359375,1354.039794921875,1347.646728515625,1349.8316650390625
M9_YLUR_SLUR,9,LUR,LUR,2025-02-14,2025-02-16,3,TSE,1337.0675048828125,1349.9444580078125,1349.4656982421875,1352.7205810546875,1350.31298828125
M9_YLUR_SLUR,9,LUR,LUR,2025-02-14,2025-02-16,3,TSEC,90.03269958496094,90.05221557617188,90.06139373779297,89.7409896850586,90.06834411621094
M9_YLUR_SLUR,9,LUR,LUR,2025-02-15,2025-02-15,1,Yd,1365.4898681640625,1350.1644287109375,1351.0040283203125,1349.984619140625,1349.926025390625
M9_YLUR_SLUR,9,LUR,LUR,2025-02-15,2025-02-15,1,TSE,1345.7333984375,1349.9674072265625,1353.7977294921875,1356.5557861328125,1350.414306640625
M9_YLUR_SLUR,9,LUR,LUR,2025-02-15,2025-02-15,1,TSEC,90.28380584716797,90.0528335571289,90.06437683105469,90.27657318115234,90.09161376953125
M9_YLUR_SLUR,9,LUR,LUR,2025-02-15,2025-02-16,2,Yd,1372.9461669921875,1350.1644287109375,1354.0499267578125,1354.7303466796875,1349.775146484375
M9_YLUR_SLUR,9,LUR,LUR,2025-02-15,2025-02-16,2,TSE,1337.0675048828125,1349.9674072265625,1346.9974365234375,1355.8662109375,1350.568603515625
M9_YLUR_SLUR,9,LUR,LUR,2025-02-15,2025-02-16,2,TSEC,90.03269958496094,90.0528335571289,89.99934387207031,90.38481140136719,90.10257720947266
M9_YLUR_SLUR,9,LUR,LUR,2025-02-15,2025-02-17,3,Yd,1334.625732421875,1350.1644287109375,1348.949951171875,1352.74560546875,1349.6417236328125
M9_YLUR_SLUR,9,LUR,LUR,2025-02-15,2025-02-17,3,TSE,1346.07958984375,1349.9674072265625,1352.7706298828125,1356.678466796875,1350.361083984375
M9_YLUR_SLUR,9,LUR,LUR,2025-02-15,2025-02-17,3,TSEC,89.5770034790039,90.0528335571289,90.05101776123047,90.33036041259766,90.10137176513672
M9_YLUR_SLUR,9,LUR,LUR,2025-02-16,2025-02-16,1,Yd,1372.9461669921875,1350.18408203125,1346.92724609375,1352.3675537109375,1349.7601318359375
M9_YLUR_SLUR,9,LUR,LUR,2025-02-16,2025-02-16,1,TSE,1337.0675048828125,1349.9620361328125,1349.7608642578125,1350.2020263671875,1350.3980712890625
M9_YLUR_SLUR,9,LUR,LUR,2025-02-16,2025-02-16,1,TSEC,90.03269958496094,90.05313110351562,90.01133728027344,90.1429214477539,90.09661102294922
M9_YLUR_SLUR,9,LUR,LUR,2025-02-16,2025-02-17,2,Yd,1334.625732421875,1350.18408203125,1349.1312255859375,1346.0020751953125,1349.5037841796875
M9_YLUR_SLUR,9,LUR,LUR,2025-02-16,2025-02-17,2,TSE,1346.07958984375,1349.9620361328125,1348.110107421875,1355.759765625,1350.4288330078125
M9_YLUR_SLUR,9,LUR,LUR,2025-02-16,2025-02-17,2,TSEC,89.5770034790039,90.05313110351562,90.1025161743164,89.72291564941406,90.11573791503906
M9_YLUR_SLUR,9,LUR,LUR,2025-02-16,2025-02-18,3,Yd,1357.7232666015625,1350.18408203125,1352.0279541015625,1346.575439453125,1349.12548828125
M9_YLUR_SLUR,9,LUR,LUR,2025-02-16,2025-02-18,3,TSE,1345.6221923828125,1349.9620361328125,1349.956787109375,1352.7052001953125,1350.2835693359375
M9_YLUR_SLUR,9,LUR,LUR,2025-02-16,2025-02-18,3,TSEC,91.48202514648438,90.05313110351562,90.02542114257812,89.7347183227539,90.0894546508789
M9_YLUR_SLUR,9,LUR,LUR,2025-02-17,2025-02-17,1,Yd,1334.625732421875,1350.21337890625,1349.943359375,1353.203125,1349.6392822265625
M9_YLUR_SLUR,9,LUR,LUR,2025-02-17,2025-02-17,1,TSE,1346.07958984375,1349.9453125,1353.58544921875,1351.517822265625,1350.232421875
M9_YLUR_SLUR,9,LUR,LUR,2025-02-17,2025-02-17,1,TSEC,89.5770034790039,90.0531005859375,90.04959106445312,89.90727996826172,90.09012603759766
M9_YLUR_SLUR,9,LUR,LUR,2025-02-17,2025-02-18,2,Yd,1357.7232666015625,1350.21337890625,1346.59033203125,1353.9368896484375,1349.31103515625
M9_YLUR_SLUR,9,LUR,LUR,2025-02-17,2025-02-18,2,TSE,1345.6221923828125,1349.9453125,1349.779541015625,1347.783203125,1350.3453369140625
M9_YLUR_SLUR,9,LUR,LUR,2025-02-17,2025-02-18,2,TSEC,91.48202514648438,90.0531005859375,90.01963806152344,90.02621459960938,90.07841491699219
M9_YLUR_SLUR,9,LUR,LUR,2025-02-17,2025-02-19,3,Yd,1360.7607421875,1350.21337890625,1351.9019775390625,1351.865234375,1349.1573486328125
M9_YLUR_SLUR,9,LUR,LUR,2025-02-17,2025-02-19,3,TSE,1363.2161865234375,1349.9453125,1352.2255859375,1348.5677490234375,1350.62158203125
M9_YLUR_SLUR,9,LUR,LUR,2025-02-17,2025-02-19,3,TSEC,89.90769958496094,90.0531005859375,90.01322174072266,89.93498229980469,90.04834747314453
M9_YLUR_SLUR,9,LUR,LUR,2025-02-18,2025-02-18,1,Yd,1357.7232666015625,1350.193359375,1347.331787109375,1350.02880859375,1349.7440185546875
M9_YLUR_SLUR,9,LUR,LUR,2025-02-18,2025-02-18,1,TSE,1345.6221923828125,1349.9404296875,1351.6759033203125,1353.559326171875,1350.2269287109375
M9_YLUR_SLUR,9,LUR,LUR,2025-02-18,2025-02-18,1,TSEC,91.48202514648438,90.052490234375,90.05589294433594,89.61768341064453,90.05278778076172
M9_YLUR_SLUR,9,LUR,LUR,2025-02-18,2025-02-19,2,Yd,1360.7607421875,1350.193359375,1352.1834716796875,1348.6234130859375,1349.5972900390625
M9_YLUR_SLUR,9,LUR,LUR,2025-02-18,2025-02-19,2,TSE,1363.2161865234375,1349.9404296875,1348.1351318359375,1355.1627197265625,1350.670166015625
M9_YLUR_SLUR,9,LUR,LUR,2025-02-18,2025-02-19,2,TSEC,89.90769958496094,90.052490234375,90.0071029663086,89.9852523803711,90.02191162109375
M9_YLUR_SLUR,9,LUR,LUR,2025-02-18,2025-02-20,3,Yd,1342.348876953125,1350.193359375,1350.8519287109375,1347.7626953125,1349.645263671875
M9_YLUR_SLUR,9,LUR,LUR,2025-02-18,2025-02-20,3,TSE,1337.0389404296875,1349.9404296875,1349.2960205078125,1355.6500244140625,1350.9366455078125
M9_YLUR_SLUR,9,LUR,LUR,2025-02-18,2025-02-20,3,TSEC,89.31114196777344,90.052490234375,90.04850769042969,90.19102478027344,90.00346374511719
M9_YLUR_SLUR,9,LUR,LUR,2025-02-19,2025-02-19,1,Yd,1360.7607421875,1350.2030029296875,1349.7979736328125,1349.6529541015625,1349.9830322265625
M9_YLUR_SLUR,9,LUR,LUR,2025-02-19,2025-02-19,1,TSE,1363.2161865234375,1349.9349365234375,1348.657470703125,1356.7147216796875,1350.3897705078125
M9_YLUR_SLUR,9,LUR,LUR,2025-02-19,2025-02-19,1,TSEC,89.90769958496094,90.05432891845703,89.99372100830078,90.15211486816406,90.04100036621094
M9_YLUR_SLUR,9,LUR,LUR,2025-02-19,2025-02-20,2,Yd,1342.348876953125,1350.2030029296875,1349.472900390625,1349.456298828125,1350.078369140625
M9_YLUR_SLUR,9,LUR,LUR,2025-02-19,2025-02-20,2,TSE,1337.0389404296875,1349.9349365234375,1348.802001953125,1359.058837890625,1350.725830078125
M9_YLUR_SLUR,9,LUR,LUR,2025-02-19,2025-02-20,2,TSEC,89.31114196777344,90.05432891845703,90.05787658691406,89.93135833740234,90.02506256103516
M9_YLUR_SLUR,9,LUR,LUR,2025-02-19,2025-02-21,3,Yd,1337.34619140625,1350.2030029296875,1348.6112060546875,1351.884521484375,1350.13134765625
M9_YLUR_SLUR,9,LUR,LUR,2025-02-19,2025-02-21,3,TSE,1328.9991455078125,1349.9349365234375,1348.847900390625,1352.1439208984375,1350.744140625
M9_YLUR_SLUR,9,LUR,LUR,2025-02-19,2025-02-21,3,TSEC,89.24601745605469,90.05432891845703,90.02083587646484,89.64754486083984,90.0406265258789
M9_YLUR_SLUR,9,LUR,LUR,2025-02-20,2025-02-20,1,Yd,1342.348876953125,1350.216552734375,1348.908935546875,1348.174072265625,1350.0479736328125
M9_YLUR_SLUR,9,LUR,LUR,2025-02-20,2025-02-20,1,TSE,1337.0389404296875,1349.9520263671875,1348.6494140625,1353.0648193359375,1350.4083251953125
M9_YLUR_SLUR,9,LUR,LUR,2025-02-20,2025-02-20,1,TSEC,89.31114196777344,90.05413818359375,90.06016540527344,90.12731170654297,90.05119323730469
M9_YLUR_SLUR,9,LUR,LUR,2025-02-20,2025-02-21,2,Yd,1337.34619140625,1350.216552734375,1349.453369140625,1345.3326416015625,1349.983642578125
M9_YLUR_SLUR,9,LUR,LUR,2025-02-20,2025-02-21,2,TSE,1328.9991455078125,1349.9520263671875,1349.560546875,1351.9459228515625,1350.552001953125
M9_YLUR_SLUR,9,LUR,LUR,2025-02-20,2025-02-21,2,TSEC,89.24601745605469,90.05413818359375,90.01758575439453,90.00068664550781,90.07072448730469
M9_YLUR_SLUR,9,LUR,LUR,2025-02-20,2025-02-22,3,Yd,1354.5010986328125,1350.216552734375,1348.909912109375,1343.5894775390625,1349.7220458984375
M9_YLUR_SLUR,9,LUR,LUR,2025-02-20,2025-02-22,3,TSE,1365.5113525390625,1349.9520263671875,1348.66650390625,1352.069091796875,1350.5247802734375
M9_YLUR_SLUR,9,LUR,LUR,2025-02-20,2025-02-22,3,TSEC,90.69014739990234,90.05413818359375,90.25404357910156,89.88853454589844,90.08805084228516
M9_YLUR_SLUR,9,LUR,LUR,2025-02-21,2025-02-21,1,Yd,1337.34619140625,1350.20654296875,1349.428955078125,1344.1324462890625,1349.8897705078125
M9_YLUR_SLUR,9,LUR,LUR,2025-02-21,2025-02-21,1,TSE,1328.9991455078125,1349.9354248046875,1349.062744140625,1348.2178955078125,1350.2733154296875
M9_YLUR_SLUR,9,LUR,LUR,2025-02-21,2025-02-21,1,TSEC,89.24601745605469,90.05319213867188,90.00084686279297,89.92040252685547,90.07515716552734
M9_YLUR_SLUR,9,LUR,LUR,2025-02-21,2025-02-22,2,Yd,1354.5010986328125,1350.20654296875,1353.026123046875,1344.5150146484375,1349.759521484375
M9_YLUR_SLUR,9,LUR,LUR,2025-02-21,2025-02-22,2,TSE,1365.5113525390625,1349.9354248046875,1348.5758056640625,1349.677490234375,1350.372314453125
M9_YLUR_SLUR,9,LUR,LUR,2025-02-21,2025-02-22,2,TSEC,90.69014739990234,90.05319213867188,90.16361999511719,89.44564056396484,90.08838653564453
M9_YLUR_SLUR,9,LUR,LUR,2025-02-21,2025-02-23,3,Yd,1340.1390380859375,1350.20654296875,1356.028564453125,1347.166259765625,1349.650634765625
M9_YLUR_SLUR,9,LUR,LUR,2025-02-21,2025-02-23,3,TSE,1351.9232177734375,1349.9354248046875,1348.9183349609375,1350.277587890625,1350.4296875
M9_YLUR_SLUR,9,LUR,LUR,2025-02-21,2025-02-23,3,TSEC,90.14129638671875,90.05319213867188,90.0062484741211,89.57917022705078,90.09549713134766
M9_YLUR_SLUR,9,LUR,LUR,2025-02-22,2025-02-22,1,Yd,1354.5010986328125,1350.18994140625,1350.496826171875,1346.7811279296875,1349.83642578125
M9_YLUR_SLUR,9,LUR,LUR,2025-02-22,2025-02-22,1,TSE,1365.5113525390625,1349.90869140625,1349.260986328125,1348.6951904296875,1350.2554931640625
M9_YLUR_SLUR,9,LUR,LUR,2025-02-22,2025-02-22,1,TSEC,90.69014739990234,90.05216217041016,90.10861206054688,89.7825698852539,90.08674621582031
M9_YLUR_SLUR,9,LUR,LUR,2025-02-22,2025-02-23,2,Yd,1340.1390380859375,1350.18994140625,1352.84228515625,1350.228515625,1349.6414794921875
M9_YLUR_SLUR,9,LUR,LUR,2025-02-22,2025-02-23,2,TSE,1351.9232177734375,1349.90869140625,1348.4024658203125,1347.051513671875,1350.3524169921875
M9_YLUR_SLUR,9,LUR,LUR,2025-02-22,2025-02-23,2,TSEC,90.14129638671875,90.05216217041016,90.02913665771484,89.89421844482422,90.10087585449219
M9_YLUR_SLUR,9,LUR,LUR,2025-02-22,2025-02-24,3,Yd,1361.8265380859375,1350.18994140625,1349.1434326171875,1352.8026123046875,1349.6031494140625
M9_YLUR_SLUR,9,LUR,LUR,2025-02-22,2025-02-24,3,TSE,1337.0028076171875,1349.90869140625,1349.308349609375,1350.0408935546875,1350.3426513671875
M9_YLUR_SLUR,9,LUR,LUR,2025-02-22,2025-02-24,3,TSEC,90.3294677734375,90.05216217041016,90.06829071044922,90.1234130859375,90.102783203125
M9_YLUR_SLUR,9,LUR,LUR,2025-02-23,2025-02-23,1,Yd,1340.1390380859375,1350.1954345703125,1356.0689697265625,1348.71875,1349.75537109375
M9_YLUR_SLUR,9,LUR,LUR,2025-02-23,2025-02-23,1,TSE,1351.9232177734375,1349.9285888671875,1348.482666015625,1355.6575927734375,1350.3863525390625
M9_YLUR_SLUR,9,LUR,LUR,2025-02-23,2025-02-23,1,TSEC,90.14129638671875,90.05297088623047,90.02621459960938,89.9737777709961,90.1019287109375
M9_YLUR_SLUR,9,LUR,LUR,2025-02-23,2025-02-24,2,Yd,1361.8265380859375,1350.1954345703125,1351.3458251953125,1350.853515625,1349.5015869140625
M9_YLUR_SLUR,9,LUR,LUR,2025-02-23,2025-02-24,2,TSE,1337.0028076171875,1349.9285888671875,1349.4486083984375,1357.8956298828125,1350.43408203125
M9_YLUR_SLUR,9,LUR,LUR,2025-02-23,2025-02-24,2,TSEC,90.3294677734375,90.05297088623047,90.0538330078125,90.18721771240234,90.1251220703125
M9_YLUR_SLUR,9,LUR,LUR,2025-02-23,2025-02-25,3,Yd,1351.35009765625,1350.1954345703125,1346.66796875,1350.5711669921875,1349.1492919921875
M9_YLUR_SLUR,9,LUR,LUR,2025-02-23,2025-02-25,3,TSE,1353.627685546875,1349.9285888671875,1349.1431884765625,1359.2369384765625,1350.365234375
M9_YLUR_SLUR,9,LUR,LUR,2025-02-23,2025-02-25,3,TSEC,90.10030364990234,90.05297088623047,90.06419372558594,90.12506103515625,90.09937286376953
M9_YLUR_SLUR,9,LUR,LUR,2025-02-24,2025-02-24,1,Yd,1361.8265380859375,1350.182861328125,1349.974853515625,1347.3441162109375,1349.5589599609375
M9_YLUR_SLUR,9,LUR,LUR,2025-02-24,2025-02-24,1,TSE,1337.0028076171875,1349.9310302734375,1347.6754150390625,1350.884521484375,1350.1685791015625
M9_YLUR_SLUR,9,LUR,LUR,2025-02-24,2025-02-24,1,TSEC,90.3294677734375,90.05308532714844,90.0052490234375,89.88245391845703,90.09722900390625
M9_YLUR_SLUR,9,LUR,LUR,2025-02-24,2025-02-25,2,Yd,1351.35009765625,1350.182861328125,1345.668212890625,1351.0340576171875,1349.3482666015625
M9_YLUR_SLUR,9,LUR,LUR,2025-02-24,2025-02-25,2,TSE,1353.627685546875,1349.9310302734375,1351.7413330078125,1353.6910400390625,1350.3011474609375
M9_YLUR_SLUR,9,LUR,LUR,2025-02-24,2025-02-25,2,TSEC,90.10030364990234,90.05308532714844,90.14109802246094,89.61093139648438,90.08001708984375
M9_YLUR_SLUR,9,LUR,LUR,2025-02-24,2025-02-26,3,Yd,1352.51416015625,1350.182861328125,1350.4925537109375,1349.242431640625,1349.2850341796875
M9_YLUR_SLUR,9,LUR,LUR,2025-02-24,2025-02-26,3,TSE,1356.1962890625,1349.9310302734375,1348.1875,1351.74169921875,1350.7109375
M9_YLUR_SLUR,9,LUR,LUR,2025-02-24,2025-02-26,3,TSEC,88.81537628173828,90.05308532714844,89.94435119628906,89.66629791259766,90.04230499267578
M9_YLUR_SLUR,9,LUR,LUR,2025-02-25,2025-02-25,1,Yd,1351.35009765625,1350.197509765625,1347.2686767578125,1348.4354248046875,1349.7503662109375
M9_YLUR_SLUR,9,LUR,LUR,2025-02-25,2025-02-25,1,TSE,1353.627685546875,1349.91455078125,1350.6246337890625,1357.8245849609375,1350.238037109375
M9_YLUR_SLUR,9,LUR,LUR,2025-02-25,2025-02-25,1,TSEC,90.10030364990234,90.05343627929688,90.23809051513672,89.74275207519531,90.05644989013672
M9_YLUR_SLUR,9,LUR,LUR,2025-02-25,2025-02-26,2,Yd,1352.51416015625,1350.197509765625,1349.2008056640625,1344.1552734375,1349.6229248046875
M9_YLUR_SLUR,9,LUR,LUR,2025-02-25,2025-02-26,2,TSE,1356.1962890625,1349.91455078125,1348.812744140625,1359.9239501953125,1350.70556640625
M9_YLUR_SLUR,9,LUR,LUR,2025-02-25,2025-02-26,2,TSEC,88.81537628173828,90.05343627929688,89.90970611572266,89.50968170166016,90.02889251708984
M9_YLUR_SLUR,9,LUR,LUR,2025-02-25,2025-02-27,3,Yd,1364.32861328125,1350.197509765625,1348.966796875,1346.8673095703125,1349.724609375
M9_YLUR_SLUR,9,LUR,LUR,2025-02-25,2025-02-27,3,TSE,1351.471923828125,1349.91455078125,1349.2227783203125,1355.7464599609375,1351.02392578125
M9_YLUR_SLUR,9,LUR,LUR,2025-02-25,2025-02-27,3,TSEC,90.14274597167969,90.05343627929688,90.02413940429688,89.68158721923828,90.00946044921875
M9_YLUR_SLUR,9,LUR,LUR,2025-02-26,2025-02-26,1,Yd,1352.51416015625,1350.198974609375,1351.8465576171875,1350.54736328125,1349.9156494140625
M9_YLUR_SLUR,9,LUR,LUR,2025-02-26,2025-02-26,1,TSE,1356.1962890625,1349.9193115234375,1348.9713134765625,1356.600830078125,1350.381103515625
M9_YLUR_SLUR,9,LUR,LUR,2025-02-26,2025-02-26,1,TSEC,88.81537628173828,90.0534896850586,89.9125747680664,89.88154602050781,90.0353775024414
M9_YLUR_SLUR,9,LUR,LUR,2025-02-26,2025-02-27,2,Yd,1364.32861328125,1350.198974609375,1350.9776611328125,1347.7825927734375,1349.969482421875
M9_YLUR_SLUR,9,LUR,LUR,2025-02-26,2025-02-27,2,TSE,1351.471923828125,1349.9193115234375,1348.40576171875,1356.9576416015625,1350.7188720703125
M9_YLUR_SLUR,9,LUR,LUR,2025-02-26,2025-02-27,2,TSEC,90.14274597167969,90.0534896850586,90.02230834960938,90.01272583007812,90.0163803100586
M9_YLUR_SLUR,9,LUR,LUR,2025-02-26,2025-02-28,3,Yd,1325.7586669921875,1350.198974609375,1348.7528076171875,1347.5184326171875,1349.988525390625
M9_YLUR_SLUR,9,LUR,LUR,2025-02-26,2025-02-28,3,TSE,1359.7734375,1349.9193115234375,1348.7586669921875,1356.5087890625,1350.7313232421875
M9_YLUR_SLUR,9,LUR,LUR,2025-02-26,2025-02-28,3,TSEC,90.24895477294922,90.0534896850586,90.02129364013672,90.00737762451172,90.02978515625
M9_YLUR_SLUR,9,LUR,LUR,2025-02-27,2025-02-27,1,Yd,1364.32861328125,1350.201904296875,1349.509033203125,1346.348876953125,1349.9962158203125
M9_YLUR_SLUR,9,LUR,LUR,2025-02-27,2025-02-27,1,TSE,1351.471923828125,1349.9273681640625,1348.8466796875,1356.4267578125,1350.347900390625
M9_YLUR_SLUR,9,LUR,LUR,2025-02-27,2025-02-27,1,TSEC,90.14274597167969,90.05191040039062,90.01383209228516,90.28665161132812,90.03536224365234
M9_YLUR_SLUR,9,LUR,LUR,2025-02-27,2025-02-28,2,Yd,1325.7586669921875,1350.201904296875,1351.916748046875,1343.8939208984375,1349.9205322265625
M9_YLUR_SLUR,9,LUR,LUR,2025-02-27,2025-02-28,2,TSE,1359.7734375,1349.9273681640625,1348.5833740234375,1356.781982421875,1350.4501953125
M9_YLUR_SLUR,9,LUR,LUR,2025-02-27,2025-02-28,2,TSEC,90.24895477294922,90.05191040039062,89.9652099609375,89.76139068603516,90.04988098144531
M9_YLUR_SLUR,9,LUR,LUR,2025-02-27,2025-03-01,3,Yd,1359.489013671875,1350.201904296875,1349.57373046875,1343.9793701171875,1349.695556640625
M9_YLUR_SLUR,9,LUR,LUR,2025-02-27,2025-03-01,3,TSE,1370.979248046875,1349.9273681640625,1349.3448486328125,1355.5760498046875,1350.3560791015625
M9_YLUR_SLUR,9,LUR,LUR,2025-02-27,2025-03-01,3,TSEC,90.55642700195312,90.05191040039062,90.15039825439453,89.73098754882812,90.07457733154297
M9_YLUR_SLUR,9,LUR,LUR,2025-02-28,2025-02-28,1,Yd,1325.7586669921875,1350.2198486328125,1349.6297607421875,1346.9840087890625,1349.950439453125
M9_YLUR_SLUR,9,LUR,LUR,2025-02-28,2025-02-28,1,TSE,1359.7734375,1349.9293212890625,1348.5806884765625,1350.8739013671875,1350.289306640625
M9_YLUR_SLUR,9,LUR,LUR,2025-02-28,2025-02-28,1,TSEC,90.24895477294922,90.05203247070312,90.03866577148438,90.28069305419922,90.0748291015625
M9_YLUR_SLUR,9,LUR,LUR,2025-02-28,2025-03-01,2,Yd,1359.489013671875,1350.2198486328125,1353.5797119140625,1349.6461181640625,1349.8291015625
M9_YLUR_SLUR,9,LUR,LUR,2025-02-28,2025-03-01,2,TSE,1370.979248046875,1349.9293212890625,1349.354248046875,1351.3651123046875,1350.439208984375
M9_YLUR_SLUR,9,LUR,LUR,2025-02-28,2025-03-01,2,TSEC,90.55642700195312,90.05203247070312,90.14258575439453,90.07974243164062,90.09120178222656
M9_YLUR_SLUR,9,LUR,LUR,2025-02-28,2025-03-02,3,Yd,1376.793701171875,1350.2198486328125,1357.289306640625,1347.59912109375,1349.7452392578125
M9_YLUR_SLUR,9,LUR,LUR,2025-02-28,2025-03-02,3,TSE,1351.4234619140625,1349.9293212890625,1348.94287109375,1353.75390625,1350.5150146484375
M9_YLUR_SLUR,9,LUR,LUR,2025-02-28,2025-03-02,3,TSEC,89.84159088134766,90.05203247070312,90.06620788574219,89.93865203857422,90.10002136230469
M9_YLUR_SLUR,9,LUR,LUR,2025-03-01,2025-03-01,1,Yd,1359.489013671875,1350.18896484375,1350.8404541015625,1347.0540771484375,1349.8416748046875
M9_YLUR_SLUR,9,LUR,LUR,2025-03-01,2025-03-01,1,TSE,1370.979248046875,1349.9417724609375,1350.4866943359375,1349.4254150390625,1350.3416748046875
M9_YLUR_SLUR,9,LUR,LUR,2025-03-01,2025-03-01,1,TSEC,90.55642700195312,90.05228424072266,90.11754608154297,89.8229751586914,90.09265899658203
M9_YLUR_SLUR,9,LUR,LUR,2025-03-01,2025-03-02,2,Yd,1376.793701171875,1350.18896484375,1352.5634765625,1351.9091796875,1349.6002197265625
M9_YLUR_SLUR,9,LUR,LUR,2025-03-01,2025-03-02,2,TSE,1351.4234619140625,1349.9417724609375,1348.3868408203125,1355.1815185546875,1350.4932861328125
M9_YLUR_SLUR,9,LUR,LUR,2025-03-01,2025-03-02,2,TSEC,89.84159088134766,90.05228424072266,90.00638580322266,90.00399017333984,90.11209106445312
M9_YLUR_SLUR,9,LUR,LUR,2025-03-01,2025-03-03,3,Yd,1356.0482177734375,1350.18896484375,1349.7969970703125,1352.639892578125,1349.3978271484375
M9_YLUR_SLUR,9,LUR,LUR,2025-03-01,2025-03-03,3,TSE,1344.326171875,1349.9417724609375,1350.006103515625,1355.1043701171875,1350.320556640625
M9_YLUR_SLUR,9,LUR,LUR,2025-03-01,2025-03-03,3,TSEC,89.67109680175781,90.05228424072266,90.04066467285156,90.29295349121094,90.12622833251953
M9_YLUR_SLUR,9,LUR,LUR,2025-03-02,2025-03-02,1,Yd,1376.793701171875,1350.20068359375,1358.067138671875,1349.798095703125,1349.6175537109375
M9_YLUR_SLUR,9,LUR,LUR,2025-03-02,2025-03-02,1,TSE,1351.4234619140625,1349.9683837890625,1350.268310546875,1357.58642578125,1350.3636474609375
M9_YLUR_SLUR,9,LUR,LUR,2025-03-02,2025-03-02,1,TSEC,89.84159088134766,90.05291748046875,90.02252960205078,90.05638885498047,90.11295318603516
M9_YLUR_SLUR,9,LUR,LUR,2025-03-02,2025-03-03,2,Yd,1356.0482177734375,1350.20068359375,1350.5799560546875,1344.6898193359375,1349.1978759765625
M9_YLUR_SLUR,9,LUR,LUR,2025-03-02,2025-03-03,2,TSE,1344.326171875,1349.9683837890625,1349.2987060546875,1358.81591796875,1350.3798828125
M9_YLUR_SLUR,9,LUR,LUR,2025-03-02,2025-03-03,2,TSEC,89.67109680175781,90.05291748046875,90.05331420898438,89.83847045898438,90.14120483398438
M9_YLUR_SLUR,9,LUR,LUR,2025-03-02,2025-03-04,3,Yd,1342.071044921875,1350.20068359375,1344.2230224609375,1347.16748046875,1348.950927734375
M9_YLUR_SLUR,9,LUR,LUR,2025-03-02,2025-03-04,3,TSE,1344.684814453125,1349.9683837890625,1350.89013671875,1359.64697265625,1350.1683349609375
M9_YLUR_SLUR,9,LUR,LUR,2025-03-02,2025-03-04,3,TSEC,90.75132751464844,90.05291748046875,90.0882797241211,89.85003662109375,90.11468505859375
M9_YLUR_SLUR,9,LUR,LUR,2025-03-03,2025-03-03,1,Yd,1356.0482177734375,1350.2342529296875,1349.20166015625,1354.7257080078125,1349.458740234375
M9_YLUR_SLUR,9,LUR,LUR,2025-03-03,2025-03-03,1,TSE,1344.326171875,1349.969970703125,1349.16748046875,1350.2347412109375,1350.1661376953125
M9_YLUR_SLUR,9,LUR,LUR,2025-03-03,2025-03-03,1,TSEC,89.67109680175781,90.05265808105469,90.02433013916016,90.02790832519531,90.10342407226562
M9_YLUR_SLUR,9,LUR,LUR,2025-03-03,2025-03-04,2,Yd,1342.071044921875,1350.2342529296875,1352.1883544921875,1347.8758544921875,1349.151611328125
M9_YLUR_SLUR,9,LUR,LUR,2025-03-03,2025-03-04,2,TSE,1344.684814453125,1349.969970703125,1349.027587890625,1351.7637939453125,1350.1741943359375
M9_YLUR_SLUR,9,LUR,LUR,2025-03-03,2025-03-04,2,TSEC,90.75132751464844,90.05265808105469,90.05561065673828,89.96533203125,90.09346771240234
M9_YLUR_SLUR,9,LUR,LUR,2025-03-03,2025-03-05,3,Yd,1340.32958984375,1350.2342529296875,1348.5511474609375,1348.6605224609375,1348.9102783203125
M9_YLUR_SLUR,9,LUR,LUR,2025-03-03,2025-03-05,3,TSE,1343.7979736328125,1349.969970703125,1349.5655517578125,1353.2779541015625,1350.4290771484375
M9_YLUR_SLUR,9,LUR,LUR,2025-03-03,2025-03-05,3,TSEC,90.6878890991211,90.05265808105469,89.95449829101562,89.82271575927734,90.06822204589844
M9_YLUR_SLUR,9,LUR,LUR,2025-03-04,2025-03-04,1,Yd,1342.071044921875,1350.241455078125,1348.7982177734375,1351.9920654296875,1349.61669921875
M9_YLUR_SLUR,9,LUR,LUR,2025-03-04,2025-03-04,1,TSE,1344.684814453125,1349.963134765625,1349.359130859375,1356.67431640625,1350.1585693359375
M9_YLUR_SLUR,9,LUR,LUR,2025-03-04,2025-03-04,1,TSEC,90.75132751464844,90.05217742919922,90.11419677734375,89.98466491699219,90.06385040283203
M9_YLUR_SLUR,9,LUR,LUR,2025-03-04,2025-03-05,2,Yd,1340.32958984375,1350.241455078125,1351.651123046875,1351.1026611328125,1349.376953125
M9_YLUR_SLUR,9,LUR,LUR,2025-03-04,2025-03-05,2,TSE,1343.7979736328125,1349.963134765625,1346.1220703125,1355.6220703125,1350.5467529296875
M9_YLUR_SLUR,9,LUR,LUR,2025-03-04,2025-03-05,2,TSEC,90.6878890991211,90.05217742919922,89.97005462646484,89.90107727050781,90.04276275634766
M9_YLUR_SLUR,9,LUR,LUR,2025-03-04,2025-03-06,3,Yd,1352.4454345703125,1350.241455078125,1350.9989013671875,1348.181396484375,1349.334716796875
M9_YLUR_SLUR,9,LUR,LUR,2025-03-04,2025-03-06,3,TSE,1340.343505859375,1349.963134765625,1347.140869140625,1354.836669921875,1350.8297119140625
M9_YLUR_SLUR,9,LUR,LUR,2025-03-04,2025-03-06,3,TSEC,89.82337188720703,90.05217742919922,90.05667877197266,89.93766021728516,90.03020477294922
M9_YLUR_SLUR,9,LUR,LUR,2025-03-05,2025-03-05,1,Yd,1340.32958984375,1350.2313232421875,1350.3502197265625,1351.662353515625,1349.8642578125
M9_YLUR_SLUR,9,LUR,LUR,2025-03-05,2025-03-05,1,TSE,1343.7979736328125,1349.9564208984375,1348.9765625,1353.902587890625,1350.328857421875
M9_YLUR_SLUR,9,LUR,LUR,2025-03-05,2025-03-05,1,TSEC,90.6878890991211,90.05305480957031,89.92280578613281,89.83102416992188,90.04458618164062
M9_YLUR_SLUR,9,LUR,LUR,2025-03-05,2025-03-06,2,Yd,1352.4454345703125,1350.2313232421875,1349.7451171875,1348.5650634765625,1349.881591796875
M9_YLUR_SLUR,9,LUR,LUR,2025-03-05,2025-03-06,2,TSE,1340.343505859375,1349.9564208984375,1350.61865234375,1356.339111328125,1350.6214599609375
M9_YLUR_SLUR,9,LUR,LUR,2025-03-05,2025-03-06,2,TSEC,89.82337188720703,90.05305480957031,90.09241485595703,89.92591094970703,90.03179931640625
M9_YLUR_SLUR,9,LUR,LUR,2025-03-05,2025-03-07,3,Yd,1328.526123046875,1350.2313232421875,1349.4918212890625,1349.719482421875,1349.91162109375
M9_YLUR_SLUR,9,LUR,LUR,2025-03-05,2025-03-07,3,TSE,1325.7034912109375,1349.9564208984375,1349.5479736328125,1353.2672119140625,1350.6505126953125
M9_YLUR_SLUR,9,LUR,LUR,2025-03-05,2025-03-07,3,TSEC,90.76295471191406,90.05305480957031,90.05345153808594,89.87505340576172,90.04444122314453
M9_YLUR_SLUR,9,LUR,LUR,2025-03-06,2025-03-06,1,Yd,1352.4454345703125,1350.2188720703125,1350.940185546875,1352.7333984375,1350.1409912109375
M9_YLUR_SLUR,9,LUR,LUR,2025-03-06,2025-03-06,1,TSE,1340.343505859375,1349.94873046875,1348.50927734375,1352.1312255859375,1350.3492431640625
M9_YLUR_SLUR,9,LUR,LUR,2025-03-06,2025-03-06,1,TSEC,89.82337188720703,90.0538558959961,90.03462219238281,90.4385757446289,90.05000305175781
M9_YLUR_SLUR,9,LUR,LUR,2025-03-06,2025-03-07,2,Yd,1328.526123046875,1350.2188720703125,1349.97509765625,1352.594482421875,1350.175048828125
M9_YLUR_SLUR,9,LUR,LUR,2025-03-06,2025-03-07,2,TSE,1325.7034912109375,1349.94873046875,1348.962646484375,1354.4981689453125,1350.376708984375
M9_YLUR_SLUR,9,LUR,LUR,2025-03-06,2025-03-07,2,TSEC,90.76295471191406,90.0538558959961,90.0119400024414,89.91349792480469,90.06443786621094
M9_YLUR_SLUR,9,LUR,LUR,2025-03-06,2025-03-08,3,Yd,1353.6328125,1350.2188720703125,1352.15234375,1352.22021484375,1349.9388427734375
M9_YLUR_SLUR,9,LUR,LUR,2025-03-06,2025-03-08,3,TSE,1355.45458984375,1349.94873046875,1348.6953125,1352.9593505859375,1350.287109375
M9_YLUR_SLUR,9,LUR,LUR,2025-03-06,2025-03-08,3,TSEC,91.81123352050781,90.0538558959961,90.09706115722656,89.98786926269531,90.08672332763672
M9_YLUR_SLUR,9,LUR,LUR,2025-03-07,2025-03-07,1,Yd,1328.526123046875,1350.2215576171875,1350.19140625,1348.1739501953125,1349.9923095703125
M9_YLUR_SLUR,9,LUR,LUR,2025-03-07,2025-03-07,1,TSE,1325.7034912109375,1349.9365234375,1348.889404296875,1353.6160888671875,1350.2027587890625
M9_YLUR_SLUR,9,LUR,LUR,2025-03-07,2025-03-07,1,TSEC,90.76295471191406,90.0535659790039,89.9905776977539,90.32927703857422,90.07626342773438
M9_YLUR_SLUR,9,LUR,LUR,2025-03-07,2025-03-08,2,Yd,1353.6328125,1350.2215576171875,1352.273681640625,1348.4595947265625,1349.791748046875
M9_YLUR_SLUR,9,LUR,LUR,2025-03-07,2025-03-08,2,TSE,1355.45458984375,1349.9365234375,1350.26513671875,1355.447509765625,1350.2696533203125
M9_YLUR_SLUR,9,LUR,LUR,2025-03-07,2025-03-08,2,TSEC,91.81123352050781,90.0535659790039,90.15536499023438,90.11624908447266,90.09901428222656
M9_YLUR_SLUR,9,LUR,LUR,2025-03-07,2025-03-09,3,Yd,1339.6263427734375,1350.2215576171875,1355.2130126953125,1347.545654296875,1349.602294921875
M9_YLUR_SLUR,9,LUR,LUR,2025-03-07,2025-03-09,3,TSE,1340.713134765625,1349.9365234375,1349.191650390625,1353.92041015625,1350.3509521484375
M9_YLUR_SLUR,9,LUR,LUR,2025-03-07,2025-03-09,3,TSEC,89.08012390136719,90.0535659790039,90.01815795898438,89.97775268554688,90.11317443847656
M9_YLUR_SLUR,9,LUR,LUR,2025-03-08,2025-03-08,1,Yd,1353.6328125,1350.1944580078125,1350.9432373046875,1347.298828125,1349.8310546875
M9_YLUR_SLUR,9,LUR,LUR,2025-03-08,2025-03-08,1,TSE,1355.45458984375,1349.90625,1352.2386474609375,1344.529541015625,1350.2254638671875
M9_YLUR_SLUR,9,LUR,LUR,2025-03-08,2025-03-08,1,TSEC,91.81123352050781,90.054443359375,90.3230209350586,89.77424621582031,90.0993423461914
M9_YLUR_SLUR,9,LUR,LUR,2025-03-08,2025-03-09,2,Yd,1339.6263427734375,1350.1944580078125,1353.9674072265625,1351.969482421875,1349.6732177734375
M9_YLUR_SLUR,9,LUR,LUR,2025-03-08,2025-03-09,2,TSE,1340.713134765625,1349.90625,1349.137451171875,1347.529052734375,1350.2874755859375
M9_YLUR_SLUR,9,LUR,LUR,2025-03-08,2025-03-09,2,TSEC,89.08012390136719,90.054443359375,90.0982894897461,89.61651611328125,90.13299560546875
M9_YLUR_SLUR,9,LUR,LUR,2025-03-08,2025-03-10,3,Yd,1367.4920654296875,1350.1944580078125,1349.4462890625,1351.886474609375,1349.5999755859375
M9_YLUR_SLUR,9,LUR,LUR,2025-03-08,2025-03-10,3,TSE,1359.9229736328125,1349.90625,1350.9107666015625,1348.7705078125,1350.2413330078125
M9_YLUR_SLUR,9,LUR,LUR,2025-03-08,2025-03-10,3,TSEC,90.05562591552734,90.054443359375,90.1806869506836,90.0524673461914,90.14806365966797
M9_YLUR_SLUR,9,LUR,LUR,2025-03-09,2025-03-09,1,Yd,1339.6263427734375,1350.1986083984375,1350.4244384765625,1351.1080322265625,1349.673583984375
M9_YLUR_SLUR,9,LUR,LUR,2025-03-09,2025-03-09,1,TSE,1340.713134765625,1349.9132080078125,1349.0982666015625,1356.5318603515625,1350.3758544921875
M9_YLUR_SLUR,9,LUR,LUR,2025-03-09,2025-03-09,1,TSEC,89.08012390136719,90.05664825439453,90.05475616455078,90.05552673339844,90.1168441772461
M9_YLUR_SLUR,9,LUR,LUR,2025-03-09,2025-03-10,2,Yd,1367.4920654296875,1350.1986083984375,1348.659423828125,1351.4178466796875,1349.482421875
M9_YLUR_SLUR,9,LUR,LUR,2025-03-09,2025-03-10,2,TSE,1359.9229736328125,1349.9132080078125,1350.8492431640625,1353.30078125,1350.3270263671875
M9_YLUR_SLUR,9,LUR,LUR,2025-03-09,2025-03-10,2,TSEC,90.05562591552734,90.05664825439453,90.03553771972656,90.06655883789062,90.1548843383789
M9_YLUR_SLUR,9,LUR,LUR,2025-03-09,2025-03-11,3,Yd,1356.809814453125,1350.1986083984375,1347.576416015625,1349.7509765625,1349.500244140625
M9_YLUR_SLUR,9,LUR,LUR,2025-03-09,2025-03-11,3,TSE,1344.39013671875,1349.9132080078125,1351.6064453125,1352.489990234375,1350.3526611328125
M9_YLUR_SLUR,9,LUR,LUR,2025-03-09,2025-03-11,3,TSEC,90.5754623413086,90.05664825439453,90.16395568847656,90.12844848632812,90.12974548339844
M9_YLUR_SLUR,9,LUR,LUR,2025-03-10,2025-03-10,1,Yd,1367.4920654296875,1350.185546875,1348.7564697265625,1349.1380615234375,1349.6187744140625
M9_YLUR_SLUR,9,LUR,LUR,2025-03-10,2025-03-10,1,TSE,1359.9229736328125,1349.901611328125,1350.9473876953125,1351.21630859375,1350.1707763671875
M9_YLUR_SLUR,9,LUR,LUR,2025-03-10,2025-03-10,1,TSEC,90.05562591552734,90.055419921875,90.15279388427734,89.73287963867188,90.0993881225586
M9_YLUR_SLUR,9,LUR,LUR,2025-03-10,2025-03-11,2,Yd,1356.809814453125,1350.185546875,1347.167724609375,1348.817626953125,1349.566162109375
M9_YLUR_SLUR,9,LUR,LUR,2025-03-10,2025-03-11,2,TSE,1344.39013671875,1349.901611328125,1351.7677001953125,1354.7669677734375,1350.299560546875
M9_YLUR_SLUR,9,LUR,LUR,2025-03-10,2025-03-11,2,TSEC,90.5754623413086,90.055419921875,90.23883819580078,89.41339874267578,90.07952117919922
M9_YLUR_SLUR,9,LUR,LUR,2025-03-10,2025-03-12,3,Yd,1345.630859375,1350.185546875,1349.5445556640625,1352.4874267578125,1349.50439453125
M9_YLUR_SLUR,9,LUR,LUR,2025-03-10,2025-03-12,3,TSE,1335.94140625,1349.901611328125,1348.2779541015625,1348.5570068359375,1350.7401123046875
M9_YLUR_SLUR,9,LUR,LUR,2025-03-10,2025-03-12,3,TSEC,89.02066802978516,90.055419921875,89.90576171875,89.60071563720703,90.05179595947266
M9_YLUR_SLUR,9,LUR,LUR,2025-03-11,2025-03-11,1,Yd,1356.809814453125,1350.20703125,1346.188720703125,1350.0531005859375,1349.7452392578125
M9_YLUR_SLUR,9,LUR,LUR,2025-03-11,2025-03-11,1,TSE,1344.39013671875,1349.9141845703125,1350.5687255859375,1357.8890380859375,1350.132080078125
M9_YLUR_SLUR,9,LUR,LUR,2025-03-11,2025-03-11,1,TSEC,90.5754623413086,90.05542755126953,90.36196899414062,90.01544189453125,90.05933380126953
M9_YLUR_SLUR,9,LUR,LUR,2025-03-11,2025-03-12,2,Yd,1345.630859375,1350.20703125,1351.40771484375,1345.6181640625,1349.582763671875
M9_YLUR_SLUR,9,LUR,LUR,2025-03-11,2025-03-12,2,TSE,1335.94140625,1349.9141845703125,1345.7728271484375,1360.06982421875,1350.542724609375
M9_YLUR_SLUR,9,LUR,LUR,2025-03-11,2025-03-12,2,TSEC,89.02066802978516,90.05542755126953,89.8752670288086,89.84135437011719,90.03880310058594
M9_YLUR_SLUR,9,LUR,LUR,2025-03-11,2025-03-13,3,Yd,1372.905029296875,1350.20703125,1349.55078125,1348.029296875,1349.6282958984375
M9_YLUR_SLUR,9,LUR,LUR,2025-03-11,2025-03-13,3,TSE,1356.0570068359375,1349.9141845703125,1346.9786376953125,1354.5716552734375,1350.845947265625
M9_YLUR_SLUR,9,LUR,LUR,2025-03-11,2025-03-13,3,TSEC,90.29830932617188,90.05542755126953,90.11394500732422,89.70103454589844,90.02320098876953
M9_YLUR_SLUR,9,LUR,LUR,2025-03-12,2025-03-12,1,Yd,1345.630859375,1350.21533203125,1352.2711181640625,1349.8106689453125,1349.9283447265625
M9_YLUR_SLUR,9,LUR,LUR,2025-03-12,2025-03-12,1,TSE,1335.94140625,1349.9073486328125,1346.1290283203125,1355.4603271484375,1350.3306884765625
M9_YLUR_SLUR,9,LUR,LUR,2025-03-12,2025-03-12,1,TSEC,89.02066802978516,90.05608367919922,90.04975891113281,89.66094970703125,90.0406494140625
M9_YLUR_SLUR,9,LUR,LUR,2025-03-12,2025-03-13,2,Yd,1372.905029296875,1350.21533203125,1350.4549560546875,1345.225341796875,1349.9818115234375
M9_YLUR_SLUR,9,LUR,LUR,2025-03-12,2025-03-13,2,TSE,1356.0570068359375,1349.9073486328125,1347.142333984375,1356.1475830078125,1350.642333984375
M9_YLUR_SLUR,9,LUR,LUR,2025-03-12,2025-03-13,2,TSEC,90.29830932617188,90.05608367919922,90.0507583618164,89.68599700927734,90.02708435058594
M9_YLUR_SLUR,9,LUR,LUR,2025-03-12,2025-03-14,3,Yd,1327.181396484375,1350.21533203125,1350.6396484375,1344.409912109375,1350.04443359375
M9_YLUR_SLUR,9,LUR,LUR,2025-03-12,2025-03-14,3,TSE,1337.6689453125,1349.9073486328125,1345.55322265625,1352.6553955078125,1350.6617431640625
M9_YLUR_SLUR,9,LUR,LUR,2025-03-12,2025-03-14,3,TSEC,88.72721099853516,90.05608367919922,90.07576751708984,90.07833099365234,90.03923797607422
M9_YLUR_SLUR,9,LUR,LUR,2025-03-13,2025-03-13,1,Yd,1372.905029296875,1350.2095947265625,1350.22998046875,1349.4937744140625,1350.13037109375
M9_YLUR_SLUR,9,LUR,LUR,2025-03-13,2025-03-13,1,TSE,1356.0570068359375,1349.8900146484375,1347.031494140625,1355.037841796875,1350.323974609375
M9_YLUR_SLUR,9,LUR,LUR,2025-03-13,2025-03-13,1,TSEC,90.29830932617188,90.05479431152344,90.07288360595703,90.28652954101562,90.0370101928711
M9_YLUR_SLUR,9,LUR,LUR,2025-03-13,2025-03-14,2,Yd,1327.181396484375,1350.2095947265625,1351.0294189453125,1343.55322265625,1350.15283203125
M9_YLUR_SLUR,9,LUR,LUR,2025-03-13,2025-03-14,2,TSE,1337.6689453125,1349.8900146484375,1345.6202392578125,1354.369140625,1350.3170166015625
M9_YLUR_SLUR,9,LUR,LUR,2025-03-13,2025-03-14,2,TSEC,88.72721099853516,90.05479431152344,90.0342025756836,89.88575744628906,90.04731750488281
M9_YLUR_SLUR,9,LUR,LUR,2025-03-13,2025-03-15,3,Yd,1367.4775390625,1350.2095947265625,1350.7249755859375,1344.7081298828125,1349.9952392578125
M9_YLUR_SLUR,9,LUR,LUR,2025-03-13,2025-03-15,3,TSE,1348.3089599609375,1349.8900146484375,1349.75634765625,1354.6422119140625,1350.1744384765625
M9_YLUR_SLUR,9,LUR,LUR,2025-03-13,2025-03-15,3,TSEC,90.84483337402344,90.05479431152344,90.23039245605469,89.74647521972656,90.06952667236328
M9_YLUR_SLUR,9,LUR,LUR,2025-03-14,2025-03-14,1,Yd,1327.181396484375,1350.2379150390625,1351.49169921875,1348.5943603515625,1350.001953125
M9_YLUR_SLUR,9,LUR,LUR,2025-03-14,2025-03-14,1,TSE,1337.6689453125,1349.8975830078125,1346.7713623046875,1354.69775390625,1350.2486572265625
M9_YLUR_SLUR,9,LUR,LUR,2025-03-14,2025-03-14,1,TSEC,88.72721099853516,90.05509948730469,90.02653503417969,90.2169189453125,90.07633209228516
M9_YLUR_SLUR,9,LUR,LUR,2025-03-14,2025-03-15,2,Yd,1367.4775390625,1350.2379150390625,1349.753662109375,1350.7952880859375,1349.8863525390625
M9_YLUR_SLUR,9,LUR,LUR,2025-03-14,2025-03-15,2,TSE,1348.3089599609375,1349.8975830078125,1350.6263427734375,1351.7930908203125,1350.368896484375
M9_YLUR_SLUR,9,LUR,LUR,2025-03-14,2025-03-15,2,TSEC,90.84483337402344,90.05509948730469,90.28839111328125,90.35971069335938,90.0940933227539
M9_YLUR_SLUR,9,LUR,LUR,2025-03-14,2025-03-16,3,Yd,1368.3143310546875,1350.2379150390625,1347.463623046875,1348.0509033203125,1349.6806640625
M9_YLUR_SLUR,9,LUR,LUR,2025-03-14,2025-03-16,3,TSE,1339.58154296875,1349.8975830078125,1347.1787109375,1355.744140625,1350.4163818359375
M9_YLUR_SLUR,9,LUR,LUR,2025-03-14,2025-03-16,3,TSEC,91.58136749267578,90.05509948730469,90.02928161621094,90.06437683105469,90.11277770996094
M9_YLUR_SLUR,9,LUR,LUR,2025-03-15,2025-03-15,1,Yd,1367.4775390625,1350.2091064453125,1351.7769775390625,1345.4356689453125,1349.8157958984375
M9_YLUR_SLUR,9,LUR,LUR,2025-03-15,2025-03-15,1,TSE,1348.3089599609375,1349.8824462890625,1348.9735107421875,1348.428955078125,1350.2158203125
M9_YLUR_SLUR,9,LUR,LUR,2025-03-15,2025-03-15,1,TSEC,90.84483337402344,90.0534439086914,90.08393096923828,89.77857208251953,90.08544921875
M9_YLUR_SLUR,9,LUR,LUR,2025-03-15,2025-03-16,2,Yd,1368.3143310546875,1350.2091064453125,1355.73681640625,1350.927490234375,1349.56103515625
M9_YLUR_SLUR,9,LUR,LUR,2025-03-15,2025-03-16,2,TSE,1339.58154296875,1349.8824462890625,1348.126220703125,1352.5848388671875,1350.359375
M9_YLUR_SLUR,9,LUR,LUR,2025-03-15,2025-03-16,2,TSEC,91.58136749267578,90.0534439086914,89.98423767089844,89.55291748046875,90.10938262939453
M9_YLUR_SLUR,9,LUR,LUR,2025-03-15,2025-03-17,3,Yd,1370.2860107421875,1350.2091064453125,1349.1654052734375,1351.0621337890625,1349.353759765625
M9_YLUR_SLUR,9,LUR,LUR,2025-03-15,2025-03-17,3,TSE,1345.3525390625,1349.8824462890625,1348.733154296875,1352.23291015625,1350.300537109375
M9_YLUR_SLUR,9,LUR,LUR,2025-03-15,2025-03-17,3,TSEC,90.052001953125,90.0534439086914,90.14427947998047,89.82020568847656,90.1064453125
M9_YLUR_SLUR,9,LUR,LUR,2025-03-16,2025-03-16,1,Yd,1368.3143310546875,1350.2305908203125,1355.597900390625,1346.8616943359375,1349.7166748046875
M9_YLUR_SLUR,9,LUR,LUR,2025-03-16,2025-03-16,1,TSE,1339.58154296875,1349.8804931640625,1348.7950439453125,1359.01904296875,1350.3563232421875
M9_YLUR_SLUR,9,LUR,LUR,2025-03-16,2025-03-16,1,TSEC,91.58136749267578,90.05442810058594,90.01972961425781,89.8639144897461,90.1087875366211
M9_YLUR_SLUR,9,LUR,LUR,2025-03-16,2025-03-17,2,Yd,1370.2860107421875,1350.2305908203125,1350.413330078125,1348.3994140625,1349.3404541015625
M9_YLUR_SLUR,9,LUR,LUR,2025-03-16,2025-03-17,2,TSE,1345.3525390625,1349.8804931640625,1350.87451171875,1356.20947265625,1350.3807373046875
M9_YLUR_SLUR,9,LUR,LUR,2025-03-16,2025-03-17,2,TSEC,90.052001953125,90.05442810058594,90.03851318359375,90.16693878173828,90.12474822998047
M9_YLUR_SLUR,9,LUR,LUR,2025-03-16,2025-03-18,3,Yd,1334.11767578125,1350.2305908203125,1347.1268310546875,1349.412353515625,1349.1761474609375
M9_YLUR_SLUR,9,LUR,LUR,2025-03-16,2025-03-18,3,TSE,1352.2764892578125,1349.8804931640625,1351.3634033203125,1358.162109375,1350.33837890625
M9_YLUR_SLUR,9,LUR,LUR,2025-03-16,2025-03-18,3,TSEC,90.21276092529297,90.05442810058594,90.17135620117188,90.12609100341797,90.08892059326172
M9_YLUR_SLUR,9,LUR,LUR,2025-03-17,2025-03-17,1,Yd,1370.2860107421875,1350.2530517578125,1349.90625,1350.1376953125,1349.62158203125
M9_YLUR_SLUR,9,LUR,LUR,2025-03-17,2025-03-17,1,TSE,1345.3525390625,1349.86767578125,1348.9007568359375,1351.199951171875,1350.1805419921875
M9_YLUR_SLUR,9,LUR,LUR,2025-03-17,2025-03-17,1,TSEC,90.052001953125,90.05631256103516,90.0735855102539,89.89418029785156,90.10203552246094
M9_YLUR_SLUR,9,LUR,LUR,2025-03-17,2025-03-18,2,Yd,1334.11767578125,1350.2530517578125,1347.788818359375,1350.183349609375,1349.526611328125
M9_YLUR_SLUR,9,LUR,LUR,2025-03-17,2025-03-18,2,TSE,1352.2764892578125,1349.86767578125,1351.136474609375,1352.83203125,1350.3045654296875
M9_YLUR_SLUR,9,LUR,LUR,2025-03-17,2025-03-18,2,TSEC,90.21276092529297,90.05631256103516,90.13639068603516,90.0929946899414,90.08817291259766
M9_YLUR_SLUR,9,LUR,LUR,2025-03-17,2025-03-19,3,Yd,1366.7091064453125,1350.2530517578125,1351.6168212890625,1350.4940185546875,1349.4583740234375
M9_YLUR_SLUR,9,LUR,LUR,2025-03-17,2025-03-19,3,TSE,1351.5106201171875,1349.86767578125,1346.715087890625,1351.818115234375,1350.7049560546875
M9_YLUR_SLUR,9,LUR,LUR,2025-03-17,2025-03-19,3,TSEC,90.32554626464844,90.05631256103516,89.97618103027344,90.18157958984375,90.05924987792969
M9_YLUR_SLUR,9,LUR,LUR,2025-03-18,2025-03-18,1,Yd,1334.11767578125,1350.27783203125,1347.840087890625,1349.2032470703125,1349.76904296875
M9_YLUR_SLUR,9,LUR,LUR,2025-03-18,2025-03-18,1,TSE,1352.2764892578125,1349.8621826171875,1350.8580322265625,1358.0899658203125,1350.18359375
M9_YLUR_SLUR,9,LUR,LUR,2025-03-18,2025-03-18,1,TSEC,90.21276092529297,90.05631256103516,90.30455780029297,89.9120101928711,90.06236267089844
M9_YLUR_SLUR,9,LUR,LUR,2025-03-18,2025-03-19,2,Yd,1366.7091064453125,1350.27783203125,1353.83642578125,1346.222412109375,1349.6068115234375
M9_YLUR_SLUR,9,LUR,LUR,2025-03-18,2025-03-19,2,TSE,1351.5106201171875,1349.8621826171875,1347.2421875,1356.0213623046875,1350.6087646484375
M9_YLUR_SLUR,9,LUR,LUR,2025-03-18,2025-03-19,2,TSEC,90.32554626464844,90.05631256103516,89.88831329345703,89.83373260498047,90.04425811767578
M9_YLUR_SLUR,9,LUR,LUR,2025-03-18,2025-03-20,3,Yd,1358.2406005859375,1350.27783203125,1350.5906982421875,1345.3170166015625,1349.5941162109375
M9_YLUR_SLUR,9,LUR,LUR,2025-03-18,2025-03-20,3,TSE,1342.7449951171875,1349.8621826171875,1348.0968017578125,1351.727294921875,1350.937744140625
M9_YLUR_SLUR,9,LUR,LUR,2025-03-18,2025-03-20,3,TSEC,89.92461395263672,90.05631256103516,90.07586669921875,89.80326843261719,90.03337860107422
M9_YLUR_SLUR,9,LUR,LUR,2025-03-19,2025-03-19,1,Yd,1366.7091064453125,1350.2579345703125,1354.3272705078125,1349.025634765625,1349.9111328125
M9_YLUR_SLUR,9,LUR,LUR,2025-03-19,2025-03-19,1,TSE,1351.5106201171875,1349.8651123046875,1348.5140380859375,1352.0838623046875,1350.3082275390625
M9_YLUR_SLUR,9,LUR,LUR,2025-03-19,2025-03-19,1,TSEC,90.32554626464844,90.05650329589844,89.86370086669922,89.47920227050781,90.04132843017578
M9_YLUR_SLUR,9,LUR,LUR,2025-03-19,2025-03-20,2,Yd,1358.2406005859375,1350.2579345703125,1351.5404052734375,1346.1834716796875,1349.9453125
M9_YLUR_SLUR,9,LUR,LUR,2025-03-19,2025-03-20,2,TSE,1342.7449951171875,1349.8651123046875,1348.45556640625,1357.438720703125,1350.59814453125
M9_YLUR_SLUR,9,LUR,LUR,2025-03-19,2025-03-20,2,TSEC,89.92461395263672,90.05650329589844,90.0409164428711,89.52771759033203,90.0294189453125
M9_YLUR_SLUR,9,LUR,LUR,2025-03-19,2025-03-21,3,Yd,1356.42529296875,1350.2579345703125,1353.73583984375,1349.84765625,1349.98779296875
M9_YLUR_SLUR,9,LUR,LUR,2025-03-19,2025-03-21,3,TSE,1331.3702392578125,1349.8651123046875,1348.243408203125,1353.674560546875,1350.5977783203125
M9_YLUR_SLUR,9,LUR,LUR,2025-03-19,2025-03-21,3,TSEC,90.02688598632812,90.05650329589844,89.9951171875,89.87428283691406,90.04204559326172
M9_YLUR_SLUR,9,LUR,LUR,2025-03-20,2025-03-20,1,Yd,1358.2406005859375,1350.278076171875,1350.543212890625,1347.04736328125,1350.0579833984375
M9_YLUR_SLUR,9,LUR,LUR,2025-03-20,2025-03-20,1,TSE,1342.7449951171875,1349.8670654296875,1348.6827392578125,1360.626708984375,1350.32080078125
M9_YLUR_SLUR,9,LUR,LUR,2025-03-20,2025-03-20,1,TSEC,89.92461395263672,90.05683898925781,90.10002136230469,90.35816192626953,90.05061340332031
M9_YLUR_SLUR,9,LUR,LUR,2025-03-20,2025-03-21,2,Yd,1356.42529296875,1350.278076171875,1352.55224609375,1343.493408203125,1350.0230712890625
M9_YLUR_SLUR,9,LUR,LUR,2025-03-20,2025-03-21,2,TSE,1331.3702392578125,1349.8670654296875,1347.896484375,1361.858642578125,1350.4554443359375
M9_YLUR_SLUR,9,LUR,LUR,2025-03-20,2025-03-21,2,TSEC,90.02688598632812,90.05683898925781,89.98124694824219,89.93895721435547,90.06497192382812
M9_YLUR_SLUR,9,LUR,LUR,2025-03-20,2025-03-22,3,Yd,1362.3515625,1350.278076171875,1351.4542236328125,1344.8824462890625,1349.8116455078125
M9_YLUR_SLUR,9,LUR,LUR,2025-03-20,2025-03-22,3,TSE,1349.9720458984375,1349.8670654296875,1349.1868896484375,1353.1663818359375,1350.30224609375
M9_YLUR_SLUR,9,LUR,LUR,2025-03-20,2025-03-22,3,TSEC,89.175537109375,90.05683898925781,90.25044250488281,89.85714721679688,90.09520721435547
M9_YLUR_SLUR,9,LUR,LUR,2025-03-21,2025-03-21,1,Yd,1356.42529296875,1350.2879638671875,1351.935546875,1349.179931640625,1349.9954833984375
M9_YLUR_SLUR,9,LUR,LUR,2025-03-21,2025-03-21,1,TSE,1331.3702392578125,1349.8582763671875,1347.623291015625,1349.0025634765625,1350.2374267578125
M9_YLUR_SLUR,9,LUR,LUR,2025-03-21,2025-03-21,1,TSEC,90.02688598632812,90.05667114257812,89.95083618164062,90.03695678710938,90.07776641845703
M9_YLUR_SLUR,9,LUR,LUR,2025-03-21,2025-03-22,2,Yd,1362.3515625,1350.2879638671875,1351.4456787109375,1347.545166015625,1349.8668212890625
M9_YLUR_SLUR,9,LUR,LUR,2025-03-21,2025-03-22,2,TSE,1349.9720458984375,1349.8582763671875,1351.8323974609375,1352.26513671875,1350.335205078125
M9_YLUR_SLUR,9,LUR,LUR,2025-03-21,2025-03-22,2,TSEC,89.175537109375,90.05667114257812,90.29737854003906,89.75386047363281,90.09500885009766
M9_YLUR_SLUR,9,LUR,LUR,2025-03-21,2025-03-23,3,Yd,1355.794921875,1350.2879638671875,1353.997802734375,1349.1549072265625,1349.5670166015625
M9_YLUR_SLUR,9,LUR,LUR,2025-03-21,2025-03-23,3,TSE,1365.6324462890625,1349.8582763671875,1348.3466796875,1351.3289794921875,1350.3729248046875
M9_YLUR_SLUR,9,LUR,LUR,2025-03-21,2025-03-23,3,TSEC,90.802734375,90.05667114257812,90.0271224975586,89.69329833984375,90.12297821044922
M9_YLUR_SLUR,9,LUR,LUR,2025-03-22,2025-03-22,1,Yd,1362.3515625,1350.295654296875,1353.43310546875,1345.955322265625,1349.8385009765625
M9_YLUR_SLUR,9,LUR,LUR,2025-03-22,2025-03-22,1,TSE,1349.9720458984375,1349.8355712890625,1348.1231689453125,1353.666015625,1350.3304443359375
M9_YLUR_SLUR,9,LUR,LUR,2025-03-22,2025-03-22,1,TSEC,89.175537109375,90.056640625,90.27791595458984,89.84210205078125,90.09124755859375
M9_YLUR_SLUR,9,LUR,LUR,2025-03-22,2025-03-23,2,Yd,1355.794921875,1350.295654296875,1357.322265625,1349.5020751953125,1349.6199951171875
M9_YLUR_SLUR,9,LUR,LUR,2025-03-22,2025-03-23,2,TSE,1365.6324462890625,1349.8355712890625,1348.6483154296875,1355.564208984375,1350.50537109375
M9_YLUR_SLUR,9,LUR,LUR,2025-03-22,2025-03-23,2,TSEC,90.802734375,90.056640625,90.08255004882812,90.02165222167969,90.12210083007812
M9_YLUR_SLUR,9,LUR,LUR,2025-03-22,2025-03-24,3,Yd,1319.7591552734375,1350.295654296875,1351.3416748046875,1351.798583984375,1349.4005126953125
M9_YLUR_SLUR,9,LUR,LUR,2025-03-22,2025-03-24,3,TSE,1355.5908203125,1349.8355712890625,1348.0673828125,1353.3516845703125,1350.3970947265625
M9_YLUR_SLUR,9,LUR,LUR,2025-03-22,2025-03-24,3,TSEC,90.98648834228516,90.056640625,90.1339340209961,89.94197082519531,90.13782501220703
M9_YLUR_SLUR,9,LUR,LUR,2025-03-23,2025-03-23,1,Yd,1355.794921875,1350.310546875,1357.76953125,1349.12060546875,1349.7020263671875
M9_YLUR_SLUR,9,LUR,LUR,2025-03-23,2025-03-23,1,TSE,1365.6324462890625,1349.8355712890625,1348.66357421875,1356.56640625,1350.369384765625
M9_YLUR_SLUR,9,LUR,LUR,2025-03-23,2025-03-23,1,TSEC,90.802734375,90.05554962158203,90.08511352539062,89.7630844116211,90.10807800292969
M9_YLUR_SLUR,9,LUR,LUR,2025-03-23,2025-03-24,2,Yd,1319.7591552734375,1350.310546875,1351.85888671875,1352.76123046875,1349.277587890625
M9_YLUR_SLUR,9,LUR,LUR,2025-03-23,2025-03-24,2,TSE,1355.5908203125,1349.8355712890625,1350.75341796875,1355.7718505859375,1350.4620361328125
M9_YLUR_SLUR,9,LUR,LUR,2025-03-23,2025-03-24,2,TSEC,90.98648834228516,90.05554962158203,90.12322998046875,90.5525131225586,90.1207504272461
M9_YLUR_SLUR,9,LUR,LUR,2025-03-23,2025-03-25,3,Yd,1360.67578125,1350.310546875,1350.3868408203125,1353.0845947265625,1349.093017578125
M9_YLUR_SLUR,9,LUR,LUR,2025-03-23,2025-03-25,3,TSE,1322.826904296875,1349.8355712890625,1351.2882080078125,1354.3416748046875,1350.3994140625
M9_YLUR_SLUR,9,LUR,LUR,2025-03-23,2025-03-25,3,TSEC,89.53671264648438,90.05554962158203,90.28443908691406,90.26329803466797,90.08826446533203
M9_YLUR_SLUR,9,LUR,LUR,2025-03-24,2025-03-24,1,Yd,1319.7591552734375,1350.317138671875,1352.0257568359375,1349.3883056640625,1349.554931640625
M9_YLUR_SLUR,9,LUR,LUR,2025-03-24,2025-03-24,1,TSE,1355.5908203125,1349.855224609375,1350.6131591796875,1352.55322265625,1350.1165771484375
M9_YLUR_SLUR,9,LUR,LUR,2025-03-24,2025-03-24,1,TSEC,90.98648834228516,90.05647277832031,90.1086196899414,89.80631256103516,90.10360717773438
M9_YLUR_SLUR,9,LUR,LUR,2025-03-24,2025-03-25,2,Yd,1360.67578125,1350.317138671875,1350.594482421875,1352.4439697265625,1349.3463134765625
M9_YLUR_SLUR,9,LUR,LUR,2025-03-24,2025-03-25,2,TSE,1322.826904296875,1349.855224609375,1350.9517822265625,1358.8763427734375,1350.118408203125
M9_YLUR_SLUR,9,LUR,LUR,2025-03-24,2025-03-25,2,TSEC,89.53671264648438,90.05647277832031,90.29168701171875,89.95954132080078,90.09165954589844
M9_YLUR_SLUR,9,LUR,LUR,2025-03-24,2025-03-26,3,Yd,1356.43603515625,1350.317138671875,1354.67236328125,1352.03955078125,1349.2218017578125
M9_YLUR_SLUR,9,LUR,LUR,2025-03-24,2025-03-26,3,TSE,1364.0992431640625,1349.855224609375,1347.9287109375,1356.900390625,1350.4508056640625
M9_YLUR_SLUR,9,LUR,LUR,2025-03-24,2025-03-26,3,TSEC,88.92400360107422,90.05647277832031,89.86396026611328,89.75971984863281,90.0673599243164
M9_YLUR_SLUR,9,LUR,LUR,2025-03-25,2025-03-25,1,Yd,1360.67578125,1350.2796630859375,1347.197509765625,1351.0517578125,1349.7940673828125
M9_YLUR_SLUR,9,LUR,LUR,2025-03-25,2025-03-25,1,TSE,1322.826904296875,1349.862060546875,1349.0052490234375,1351.32470703125,1349.9951171875
M9_YLUR_SLUR,9,LUR,LUR,2025-03-25,2025-03-25,1,TSEC,89.53671264648438,90.05762481689453,90.11146545410156,89.47933197021484,90.06761932373047
M9_YLUR_SLUR,9,LUR,LUR,2025-03-25,2025-03-26,2,Yd,1356.43603515625,1350.2796630859375,1351.9041748046875,1351.4124755859375,1349.6806640625
M9_YLUR_SLUR,9,LUR,LUR,2025-03-25,2025-03-26,2,TSE,1364.0992431640625,1349.862060546875,1348.2999267578125,1355.45166015625,1350.3150634765625
M9_YLUR_SLUR,9,LUR,LUR,2025-03-25,2025-03-26,2,TSEC,88.92400360107422,90.05762481689453,90.08406066894531,89.42134094238281,90.05332946777344
M9_YLUR_SLUR,9,LUR,LUR,2025-03-25,2025-03-27,3,Yd,1354.02978515625,1350.2796630859375,1349.002197265625,1348.63232421875,1349.62255859375
M9_YLUR_SLUR,9,LUR,LUR,2025-03-25,2025-03-27,3,TSE,1342.4742431640625,1349.862060546875,1347.9456787109375,1355.896484375,1350.656982421875
M9_YLUR_SLUR,9,LUR,LUR,2025-03-25,2025-03-27,3,TSEC,91.16950225830078,90.05762481689453,90.08126831054688,89.45980072021484,90.04973602294922
M9_YLUR_SLUR,9,LUR,LUR,2025-03-26,2025-03-26,1,Yd,1356.43603515625,1350.2923583984375,1350.8358154296875,1348.1728515625,1349.95556640625
M9_YLUR_SLUR,9,LUR,LUR,2025-03-26,2025-03-26,1,TSE,1364.0992431640625,1349.8289794921875,1346.053466796875,1359.052734375,1350.308837890625
M9_YLUR_SLUR,9,LUR,LUR,2025-03-26,2025-03-26,1,TSEC,88.92400360107422,90.05697631835938,89.8871841430664,90.2457046508789,90.03529357910156
M9_YLUR_SLUR,9,LUR,LUR,2025-03-26,2025-03-27,2,Yd,1354.02978515625,1350.2923583984375,1349.5823974609375,1343.804931640625,1350.0386962890625
M9_YLUR_SLUR,9,LUR,LUR,2025-03-26,2025-03-27,2,TSE,1342.4742431640625,1349.8289794921875,1349.031982421875,1356.78173828125,1350.5989990234375
M9_YLUR_SLUR,9,LUR,LUR,2025-03-26,2025-03-27,2,TSEC,91.16950225830078,90.05697631835938,90.04127502441406,89.75080108642578,90.01859283447266
M9_YLUR_SLUR,9,LUR,LUR,2025-03-26,2025-03-28,3,Yd,1334.5640869140625,1350.2923583984375,1351.32470703125,1346.782958984375,1350.1317138671875
M9_YLUR_SLUR,9,LUR,LUR,2025-03-26,2025-03-28,3,TSE,1361.6768798828125,1349.8289794921875,1346.4549560546875,1351.26220703125,1350.5755615234375
M9_YLUR_SLUR,9,LUR,LUR,2025-03-26,2025-03-28,3,TSEC,88.38314819335938,90.05697631835938,90.00814056396484,89.96589660644531,90.0305404663086
M9_YLUR_SLUR,9,LUR,LUR,2025-03-27,2025-03-27,1,Yd,1354.02978515625,1350.2999267578125,1351.892578125,1351.9727783203125,1349.9981689453125
M9_YLUR_SLUR,9,LUR,LUR,2025-03-27,2025-03-27,1,TSE,1342.4742431640625,1349.8463134765625,1350.52783203125,1354.6466064453125,1350.2861328125
M9_YLUR_SLUR,9,LUR,LUR,2025-03-27,2025-03-27,1,TSEC,91.16950225830078,90.05558776855469,90.07485961914062,90.30514526367188,90.03466796875
M9_YLUR_SLUR,9,LUR,LUR,2025-03-27,2025-03-28,2,Yd,1334.5640869140625,1350.2999267578125,1353.6063232421875,1349.699462890625,1349.909423828125
M9_YLUR_SLUR,9,LUR,LUR,2025-03-27,2025-03-28,2,TSE,1361.6768798828125,1349.8463134765625,1346.8074951171875,1352.4527587890625,1350.3978271484375
M9_YLUR_SLUR,9,LUR,LUR,2025-03-27,2025-03-28,2,TSEC,88.38314819335938,90.05558776855469,90.1858139038086,90.42337036132812,90.04423522949219
M9_YLUR_SLUR,9,LUR,LUR,2025-03-27,2025-03-29,3,Yd,1330.776611328125,1350.2999267578125,1352.8350830078125,1349.786376953125,1349.69189453125
M9_YLUR_SLUR,9,LUR,LUR,2025-03-27,2025-03-29,3,TSE,1346.57373046875,1349.8463134765625,1350.1683349609375,1357.8101806640625,1350.249755859375
M9_YLUR_SLUR,9,LUR,LUR,2025-03-27,2025-03-29,3,TSEC,87.61621856689453,90.05558776855469,90.17814636230469,90.09200286865234,90.07259368896484
M9_YLUR_SLUR,9,LUR,LUR,2025-03-28,2025-03-28,1,Yd,1334.5640869140625,1350.3045654296875,1353.800537109375,1348.7606201171875,1350.0780029296875
M9_YLUR_SLUR,9,LUR,LUR,2025-03-28,2025-03-28,1,TSE,1361.6768798828125,1349.83740234375,1345.7410888671875,1348.909423828125,1350.1678466796875
M9_YLUR_SLUR,9,LUR,LUR,2025-03-28,2025-03-28,1,TSEC,88.38314819335938,90.05694580078125,90.00591278076172,89.89456176757812,90.07540130615234
M9_YLUR_SLUR,9,LUR,LUR,2025-03-28,2025-03-29,2,Yd,1330.776611328125,1350.3045654296875,1353.100341796875,1349.080322265625,1349.961669921875
M9_YLUR_SLUR,9,LUR,LUR,2025-03-28,2025-03-29,2,TSE,1346.57373046875,1349.83740234375,1350.8780517578125,1354.30029296875,1350.2301025390625
M9_YLUR_SLUR,9,LUR,LUR,2025-03-28,2025-03-29,2,TSEC,87.61621856689453,90.05694580078125,90.18761444091797,89.77169036865234,90.09351348876953
M9_YLUR_SLUR,9,LUR,LUR,2025-03-28,2025-03-30,3,Yd,1335.5777587890625,1350.3045654296875,1356.8004150390625,1349.0928955078125,1349.6351318359375
M9_YLUR_SLUR,9,LUR,LUR,2025-03-28,2025-03-30,3,TSE,1343.5914306640625,1349.83740234375,1347.12646484375,1355.1832275390625,1350.2381591796875
M9_YLUR_SLUR,9,LUR,LUR,2025-03-28,2025-03-30,3,TSEC,90.71400451660156,90.05694580078125,90.0743408203125,89.81612396240234,90.12039947509766
M9_YLUR_SLUR,9,LUR,LUR,2025-03-29,2025-03-29,1,Yd,1330.776611328125,1350.285400390625,1351.670166015625,1349.1815185546875,1349.873046875
M9_YLUR_SLUR,9,LUR,LUR,2025-03-29,2025-03-29,1,TSE,1346.57373046875,1349.851806640625,1350.7774658203125,1352.3046875,1350.19775390625
M9_YLUR_SLUR,9,LUR,LUR,2025-03-29,2025-03-29,1,TSEC,87.61621856689453,90.05490112304688,90.23796081542969,90.28927612304688,90.08781433105469
M9_YLUR_SLUR,9,LUR,LUR,2025-03-29,2025-03-30,2,Yd,1335.5777587890625,1350.285400390625,1352.40625,1349.2445068359375,1349.6148681640625
M9_YLUR_SLUR,9,LUR,LUR,2025-03-29,2025-03-30,2,TSE,1343.5914306640625,1349.851806640625,1346.7978515625,1352.897216796875,1350.2869873046875
M9_YLUR_SLUR,9,LUR,LUR,2025-03-29,2025-03-30,2,TSEC,90.71400451660156,90.05490112304688,90.03431701660156,90.05940246582031,90.10958099365234
M9_YLUR_SLUR,9,LUR,LUR,2025-03-29,2025-03-31,3,Yd,1352.8857421875,1350.285400390625,1351.1112060546875,1349.3973388671875,1349.1890869140625
M9_YLUR_SLUR,9,LUR,LUR,2025-03-29,2025-03-31,3,TSE,1348.68798828125,1349.851806640625,1349.771484375,1351.2242431640625,1350.0933837890625
M9_YLUR_SLUR,9,LUR,LUR,2025-03-29,2025-03-31,3,TSEC,89.88516235351562,90.05490112304688,90.1482925415039,89.97085571289062,90.10778045654297
M9_YLUR_SLUR,9,LUR,LUR,2025-03-30,2025-03-30,1,Yd,1335.5777587890625,1350.2615966796875,1354.3577880859375,1347.718017578125,1349.6763916015625
M9_YLUR_SLUR,9,LUR,LUR,2025-03-30,2025-03-30,1,TSE,1343.5914306640625,1349.8477783203125,1349.336181640625,1353.028564453125,1350.15087890625
M9_YLUR_SLUR,9,LUR,LUR,2025-03-30,2025-03-30,1,TSEC,90.71400451660156,90.05191802978516,90.03670501708984,90.13278198242188,90.0892105102539
M9_YLUR_SLUR,9,LUR,LUR,2025-03-30,2025-03-31,2,Yd,1352.8857421875,1350.2615966796875,1350.1259765625,1352.9993896484375,1349.212646484375
M9_YLUR_SLUR,9,LUR,LUR,2025-03-30,2025-03-31,2,TSE,1348.68798828125,1349.8477783203125,1348.5784912109375,1356.7913818359375,1350.18701171875
M9_YLUR_SLUR,9,LUR,LUR,2025-03-30,2025-03-31,2,TSEC,89.88516235351562,90.05191802978516,90.1031723022461,89.95294189453125,90.09073638916016
M9_YLUR_SLUR,9,LUR,LUR,2025-03-30,2025-04-01,3,Yd,1340.0982666015625,1350.2615966796875,1347.0733642578125,1350.01904296875,1349.214599609375
M9_YLUR_SLUR,9,LUR,LUR,2025-03-30,2025-04-01,3,TSE,1361.1944580078125,1349.8477783203125,1349.02099609375,1355.4075927734375,1350.1536865234375
M9_YLUR_SLUR,9,LUR,LUR,2025-03-30,2025-04-01,3,TSEC,90.32817077636719,90.05191802978516,90.10972595214844,89.68989562988281,90.04065704345703
