case_id,M,yd_level,solar_level,origin_date,target_date,step,variable,true,MEAN,ARIMA,RNN,LSTM
M5_YHUR_SHUR,5,HUR,HUR,2024-12-31,2024-12-31,1,Yd,733.4154663085938,750.871826171875,762.5441284179688,772.8711547851562,747.4544677734375
M5_YHUR_SHUR,5,HUR,HUR,2024-12-31,2024-12-31,1,TSE,735.0323486328125,748.377197265625,746.9703369140625,788.6846923828125,746.394287109375
M5_YHUR_SHUR,5,HUR,HUR,2024-12-31,2024-12-31,1,TSEC,53.60343933105469,50.0456657409668,49.38158416748047,49.76026153564453,50.160606384277344
M5_YHUR_SHUR,5,HUR,HUR,2024-12-31,2025-01-01,2,Yd,710.4495849609375,750.871826171875,757.3146362304688,745.1868286132812,744.1036376953125
M5_YHUR_SHUR,5,HUR,HUR,2024-12-31,2025-01-01,2,TSE,739.282470703125,748.377197265625,744.0907592773438,770.1664428710938,745.9020385742188
M5_YHUR_SHUR,5,HUR,HUR,2024-12-31,2025-01-01,2,TSEC,51.399295806884766,50.0456657409668,49.260101318359375,49.25349807739258,50.24310302734375
M5_YHUR_SHUR,5,HUR,HUR,2024-12-31,2025-01-02,3,Yd,760.4618530273438,750.871826171875,757.0810546875,755.9825439453125,739.7434692382812
M5_YHUR_SHUR,5,HUR,HUR,2024-12-31,2025-01-02,3,TSE,751.6414794921875,748.377197265625,739.3046264648438,776.3626098632812,749.005126953125
M5_YHUR_SHUR,5,HUR,HUR,2024-12-31,2025-01-02,3,TSEC,48.43946838378906,50.0456657409668,49.72319793701172,49.73902893066406,50.368038177490234
M5_YHUR_SHUR,5,HUR,HUR,2025-01-01,2025-01-01,1,Yd,710.4495849609375,750.8479614257812,754.5390625,745.6500244140625,744.8319091796875
M5_YHUR_SHUR,5,HUR,HUR,2025-01-01,2025-01-01,1,TSE,739.282470703125,748.3590087890625,734.2664794921875,754.0986328125,750.0635375976562
M5_YHUR_SHUR,5,HUR,HUR,2025-01-01,2025-01-01,1,TSEC,51.399295806884766,50.05052947998047,50.3422737121582,49.69384002685547,50.21060562133789
M5_YHUR_SHUR,5,HUR,HUR,2025-01-01,2025-01-02,2,Yd,760.4618530273438,750.8479614257812,753.4620971679688,744.0444946289062,742.128662109375
M5_YHUR_SHUR,5,HUR,HUR,2025-01-01,2025-01-02,2,TSE,751.6414794921875,748.3590087890625,732.521240234375,744.0106201171875,751.5250854492188
M5_YHUR_SHUR,5,HUR,HUR,2025-01-01,2025-01-02,2,TSEC,48.43946838378906,50.05052947998047,49.231319427490234,49.502872467041016,50.294273376464844
M5_YHUR_SHUR,5,HUR,HUR,2025-01-01,2025-01-03,3,Yd,829.7008666992188,750.8479614257812,748.0511474609375,759.1799926757812,740.690185546875
M5_YHUR_SHUR,5,HUR,HUR,2025-01-01,2025-01-03,3,TSE,750.8876953125,748.3590087890625,739.7836303710938,754.522216796875,752.5958251953125
M5_YHUR_SHUR,5,HUR,HUR,2025-01-01,2025-01-03,3,TSEC,46.50133514404297,50.05052947998047,49.36017608642578,49.89105224609375,50.39707565307617
M5_YHUR_SHUR,5,HUR,HUR,2025-01-02,2025-01-02,1,Yd,760.4618530273438,750.7927856445312,754.0604248046875,736.9633178710938,744.0323486328125
M5_YHUR_SHUR,5,HUR,HUR,2025-01-02,2025-01-02,1,TSE,751.6414794921875,748.3466796875,728.6087646484375,754.8797607421875,752.2330322265625
M5_YHUR_SHUR,5,HUR,HUR,2025-01-02,2025-01-02,1,TSEC,48.43946838378906,50.052371978759766,49.769554138183594,50.43174362182617,50.3133430480957
M5_YHUR_SHUR,5,HUR,HUR,2025-01-02,2025-01-03,2,Yd,829.7008666992188,750.7927856445312,760.8718872070312,739.4862670898438,741.9694213867188
M5_YHUR_SHUR,5,HUR,HUR,2025-01-02,2025-01-03,2,TSE,750.8876953125,748.3466796875,738.7924194335938,752.9973754882812,753.536376953125
M5_YHUR_SHUR,5,HUR,HUR,2025-01-02,2025-01-03,2,TSEC,46.50133514404297,50.052371978759766,49.564823150634766,50.303340911865234,50.45415115356445
M5_YHUR_SHUR,5,HUR,HUR,2025-01-02,2025-01-04,3,Yd,528.687255859375,750.7927856445312,750.8035278320312,729.224609375,742.251953125
M5_YHUR_SHUR,5,HUR,HUR,2025-01-02,2025-01-04,3,TSE,776.484130859375,748.3466796875,749.9747314453125,767.2033081054688,755.22607421875
M5_YHUR_SHUR,5,HUR,HUR,2025-01-02,2025-01-04,3,TSEC,46.92449188232422,50.052371978759766,49.63810348510742,50.40877914428711,50.36423873901367
M5_YHUR_SHUR,5,HUR,HUR,2025-01-03,2025-01-03,1,Yd,829.7008666992188,750.805908203125,747.244873046875,739.9791259765625,743.7339477539062
M5_YHUR_SHUR,5,HUR,HUR,2025-01-03,2025-01-03,1,TSE,750.8876953125,748.3511352539062,739.8960571289062,770.9301147460938,753.2384643554688
M5_YHUR_SHUR,5,HUR,HUR,2025-01-03,2025-01-03,1,TSEC,46.50133514404297,50.050174713134766,49.87130355834961,49.953163146972656,50.405574798583984
M5_YHUR_SHUR,5,HUR,HUR,2025-01-03,2025-01-04,2,Yd,528.687255859375,750.805908203125,752.2407836914062,730.00634765625,742.5152587890625
M5_YHUR_SHUR,5,HUR,HUR,2025-01-03,2025-01-04,2,TSE,776.484130859375,748.3511352539062,746.9239501953125,754.7797241210938,755.6703491210938
M5_YHUR_SHUR,5,HUR,HUR,2025-01-03,2025-01-04,2,TSEC,46.92449188232422,50.050174713134766,50.07327651977539,50.355506896972656,50.38878631591797
M5_YHUR_SHUR,5,HUR,HUR,2025-01-03,2025-01-05,3,Yd,766.1490478515625,750.805908203125,748.7284545898438,738.1420288085938,745.8226928710938
M5_YHUR_SHUR,5,HUR,HUR,2025-01-03,2025-01-05,3,TSE,816.9507446289062,748.3511352539062,742.1453857421875,772.5245361328125,757.2161254882812
M5_YHUR_SHUR,5,HUR,HUR,2025-01-03,2025-01-05,3,TSEC,52.688072204589844,50.050174713134766,49.66498565673828,50.499366760253906,50.19738006591797
M5_YHUR_SHUR,5,HUR,HUR,2025-01-04,2025-01-04,1,Yd,528.687255859375,750.9135131835938,750.626708984375,739.4002075195312,745.33837890625
M5_YHUR_SHUR,5,HUR,HUR,2025-01-04,2025-01-04,1,TSE,776.484130859375,748.3545532226562,746.94873046875,758.0198974609375,753.9228515625
M5_YHUR_SHUR,5,HUR,HUR,2025-01-04,2025-01-04,1,TSEC,46.92449188232422,50.04534149169922,49.65068435668945,49.519412994384766,50.297508239746094
M5_YHUR_SHUR,5,HUR,HUR,2025-01-04,2025-01-05,2,Yd,766.1490478515625,750.9135131835938,763.3067626953125,735.5001831054688,748.9444580078125
M5_YHUR_SHUR,5,HUR,HUR,2025-01-04,2025-01-05,2,TSE,816.9507446289062,748.3545532226562,739.8099365234375,759.9146728515625,754.375732421875
M5_YHUR_SHUR,5,HUR,HUR,2025-01-04,2025-01-05,2,TSEC,52.688072204589844,50.04534149169922,49.706504821777344,48.78549575805664,50.19385528564453
M5_YHUR_SHUR,5,HUR,HUR,2025-01-04,2025-01-06,3,Yd,833.17822265625,750.9135131835938,752.2276000976562,755.8181762695312,754.1301879882812
M5_YHUR_SHUR,5,HUR,HUR,2025-01-04,2025-01-06,3,TSE,857.5420532226562,748.3545532226562,741.0379028320312,766.6929321289062,751.1463623046875
M5_YHUR_SHUR,5,HUR,HUR,2025-01-04,2025-01-06,3,TSEC,54.74262619018555,50.04534149169922,49.60039138793945,49.19820785522461,50.103126525878906
M5_YHUR_SHUR,5,HUR,HUR,2025-01-05,2025-01-05,1,Yd,766.1490478515625,750.611083984375,762.9509887695312,754.841552734375,747.532958984375
M5_YHUR_SHUR,5,HUR,HUR,2025-01-05,2025-01-05,1,TSE,816.9507446289062,748.3928833007812,738.9378662109375,751.472900390625,749.048583984375
M5_YHUR_SHUR,5,HUR,HUR,2025-01-05,2025-01-05,1,TSEC,52.688072204589844,50.04109191894531,49.73809051513672,49.8987922668457,50.20946502685547
M5_YHUR_SHUR,5,HUR,HUR,2025-01-05,2025-01-06,2,Yd,833.17822265625,750.611083984375,750.075927734375,763.521484375,750.263671875
M5_YHUR_SHUR,5,HUR,HUR,2025-01-05,2025-01-06,2,TSE,857.5420532226562,748.3928833007812,740.6396484375,763.2612915039062,744.8171997070312
M5_YHUR_SHUR,5,HUR,HUR,2025-01-05,2025-01-06,2,TSEC,54.74262619018555,50.04109191894531,49.59064483642578,50.25030517578125,50.212196350097656
M5_YHUR_SHUR,5,HUR,HUR,2025-01-05,2025-01-07,3,Yd,694.0134887695312,750.611083984375,755.8156127929688,769.9403686523438,750.4859008789062
M5_YHUR_SHUR,5,HUR,HUR,2025-01-05,2025-01-07,3,TSE,710.33642578125,748.3928833007812,758.0325927734375,751.9895629882812,740.3114013671875
M5_YHUR_SHUR,5,HUR,HUR,2025-01-05,2025-01-07,3,TSEC,50.78086853027344,50.04109191894531,49.6016960144043,50.304134368896484,50.31781768798828
M5_YHUR_SHUR,5,HUR,HUR,2025-01-06,2025-01-06,1,Yd,833.17822265625,750.6322021484375,751.3731079101562,754.0012817382812,748.6696166992188
M5_YHUR_SHUR,5,HUR,HUR,2025-01-06,2025-01-06,1,TSE,857.5420532226562,748.4859619140625,742.572265625,763.6358032226562,745.842529296875
M5_YHUR_SHUR,5,HUR,HUR,2025-01-06,2025-01-06,1,TSEC,54.74262619018555,50.0446891784668,49.50450134277344,50.29350280761719,50.15373229980469
M5_YHUR_SHUR,5,HUR,HUR,2025-01-06,2025-01-07,2,Yd,694.0134887695312,750.6322021484375,758.8084106445312,762.8665771484375,748.212646484375
M5_YHUR_SHUR,5,HUR,HUR,2025-01-06,2025-01-07,2,TSE,710.33642578125,748.4859619140625,724.3202514648438,760.7118530273438,740.7903442382812
M5_YHUR_SHUR,5,HUR,HUR,2025-01-06,2025-01-07,2,TSEC,50.78086853027344,50.0446891784668,49.591705322265625,49.63151168823242,50.204315185546875
M5_YHUR_SHUR,5,HUR,HUR,2025-01-06,2025-01-08,3,Yd,793.7183227539062,750.6322021484375,752.8316650390625,769.32275390625,743.3469848632812
M5_YHUR_SHUR,5,HUR,HUR,2025-01-06,2025-01-08,3,TSE,816.4065551757812,748.4859619140625,747.3640747070312,766.0948486328125,739.728759765625
M5_YHUR_SHUR,5,HUR,HUR,2025-01-06,2025-01-08,3,TSEC,55.273468017578125,50.0446891784668,49.650047302246094,49.72576904296875,50.34889221191406
M5_YHUR_SHUR,5,HUR,HUR,2025-01-07,2025-01-07,1,Yd,694.0134887695312,750.7442626953125,760.338134765625,743.0374145507812,745.8685302734375
M5_YHUR_SHUR,5,HUR,HUR,2025-01-07,2025-01-07,1,TSE,710.33642578125,748.6339721679688,752.511474609375,751.1624145507812,745.8192138671875
M5_YHUR_SHUR,5,HUR,HUR,2025-01-07,2025-01-07,1,TSEC,50.78086853027344,50.051063537597656,49.53385925292969,48.26728439331055,50.23855209350586
M5_YHUR_SHUR,5,HUR,HUR,2025-01-07,2025-01-08,2,Yd,793.7183227539062,750.7442626953125,750.1632690429688,746.4940795898438,740.860595703125
M5_YHUR_SHUR,5,HUR,HUR,2025-01-07,2025-01-08,2,TSE,816.4065551757812,748.6339721679688,749.6286010742188,758.9024658203125,745.6805419921875
M5_YHUR_SHUR,5,HUR,HUR,2025-01-07,2025-01-08,2,TSEC,55.273468017578125,50.051063537597656,49.743167877197266,48.729278564453125,50.41910934448242
M5_YHUR_SHUR,5,HUR,HUR,2025-01-07,2025-01-09,3,Yd,761.6121826171875,750.7442626953125,759.4835205078125,750.4200439453125,734.2582397460938
M5_YHUR_SHUR,5,HUR,HUR,2025-01-07,2025-01-09,3,TSE,705.8431396484375,748.6339721679688,747.4668579101562,755.5613403320312,749.637939453125
M5_YHUR_SHUR,5,HUR,HUR,2025-01-07,2025-01-09,3,TSEC,53.14715576171875,50.051063537597656,49.681678771972656,49.27321243286133,50.61463165283203
M5_YHUR_SHUR,5,HUR,HUR,2025-01-08,2025-01-08,1,Yd,793.7183227539062,750.6673583984375,755.0952758789062,735.0055541992188,742.9476928710938
M5_YHUR_SHUR,5,HUR,HUR,2025-01-08,2025-01-08,1,TSE,816.4065551757812,748.5820922851562,735.0726928710938,744.065185546875,750.0761108398438
M5_YHUR_SHUR,5,HUR,HUR,2025-01-08,2025-01-08,1,TSEC,55.273468017578125,50.05205154418945,49.58029556274414,50.035072326660156,50.298126220703125
M5_YHUR_SHUR,5,HUR,HUR,2025-01-08,2025-01-09,2,Yd,761.6121826171875,750.6673583984375,754.6461181640625,738.6324462890625,737.846923828125
M5_YHUR_SHUR,5,HUR,HUR,2025-01-08,2025-01-09,2,TSE,705.8431396484375,748.5820922851562,733.95458984375,759.6950073242188,752.6677856445312
M5_YHUR_SHUR,5,HUR,HUR,2025-01-08,2025-01-09,2,TSEC,53.14715576171875,50.05205154418945,49.63896179199219,51.08713912963867,50.48749923706055
M5_YHUR_SHUR,5,HUR,HUR,2025-01-08,2025-01-10,3,Yd,739.5518798828125,750.6673583984375,755.6242065429688,731.3347778320312,735.2130737304688
M5_YHUR_SHUR,5,HUR,HUR,2025-01-08,2025-01-10,3,TSE,790.543212890625,748.5820922851562,740.8368530273438,771.9487915039062,753.9896240234375
M5_YHUR_SHUR,5,HUR,HUR,2025-01-08,2025-01-10,3,TSEC,43.9991340637207,50.05205154418945,49.553871154785156,50.85742950439453,50.68320083618164
M5_YHUR_SHUR,5,HUR,HUR,2025-01-09,2025-01-09,1,Yd,761.6121826171875,750.7256469726562,755.5162353515625,744.9779663085938,742.6290893554688
M5_YHUR_SHUR,5,HUR,HUR,2025-01-09,2025-01-09,1,TSE,705.8431396484375,748.6738891601562,736.5975952148438,778.02001953125,752.4013061523438
M5_YHUR_SHUR,5,HUR,HUR,2025-01-09,2025-01-09,1,TSEC,53.14715576171875,50.05911636352539,49.698020935058594,50.092105865478516,50.4412956237793
M5_YHUR_SHUR,5,HUR,HUR,2025-01-09,2025-01-10,2,Yd,739.5518798828125,750.7256469726562,756.9254150390625,723.7824096679688,738.8942260742188
M5_YHUR_SHUR,5,HUR,HUR,2025-01-09,2025-01-10,2,TSE,790.543212890625,748.6738891601562,740.9182739257812,764.9218139648438,754.447998046875
M5_YHUR_SHUR,5,HUR,HUR,2025-01-09,2025-01-10,2,TSEC,43.9991340637207,50.05911636352539,49.849456787109375,50.084808349609375,50.674560546875
M5_YHUR_SHUR,5,HUR,HUR,2025-01-09,2025-01-11,3,Yd,773.590576171875,750.7256469726562,759.801025390625,725.8739013671875,737.845703125
M5_YHUR_SHUR,5,HUR,HUR,2025-01-09,2025-01-11,3,TSE,743.8538208007812,748.6738891601562,750.0888061523438,778.569091796875,755.9119262695312
M5_YHUR_SHUR,5,HUR,HUR,2025-01-09,2025-01-11,3,TSEC,46.69701385498047,50.05911636352539,49.76964569091797,50.37858963012695,50.61953353881836
M5_YHUR_SHUR,5,HUR,HUR,2025-01-10,2025-01-10,1,Yd,739.5518798828125,750.7403564453125,749.0467529296875,735.41552734375,744.0213623046875
M5_YHUR_SHUR,5,HUR,HUR,2025-01-10,2025-01-10,1,TSE,790.543212890625,748.615966796875,740.3157348632812,779.8331909179688,753.5968017578125
M5_YHUR_SHUR,5,HUR,HUR,2025-01-10,2025-01-10,1,TSEC,43.9991340637207,50.06329345703125,49.61735534667969,50.39197540283203,50.423458099365234
M5_YHUR_SHUR,5,HUR,HUR,2025-01-10,2025-01-11,2,Yd,773.590576171875,750.7403564453125,752.103271484375,727.1259155273438,742.8565673828125
M5_YHUR_SHUR,5,HUR,HUR,2025-01-10,2025-01-11,2,TSE,743.8538208007812,748.615966796875,750.33447265625,765.1016845703125,756.3348999023438
M5_YHUR_SHUR,5,HUR,HUR,2025-01-10,2025-01-11,2,TSEC,46.69701385498047,50.06329345703125,49.347530364990234,50.263633728027344,50.376983642578125
M5_YHUR_SHUR,5,HUR,HUR,2025-01-10,2025-01-12,3,Yd,740.708251953125,750.7403564453125,748.7041625976562,724.4127807617188,745.7574462890625
M5_YHUR_SHUR,5,HUR,HUR,2025-01-10,2025-01-12,3,TSE,669.8509521484375,748.615966796875,738.1272583007812,777.9244384765625,757.9899291992188
M5_YHUR_SHUR,5,HUR,HUR,2025-01-10,2025-01-12,3,TSEC,53.241676330566406,50.06329345703125,49.49802780151367,50.1711540222168,50.17442321777344
M5_YHUR_SHUR,5,HUR,HUR,2025-01-11,2025-01-11,1,Yd,773.590576171875,750.7252197265625,760.096435546875,754.5017700195312,743.6640625
M5_YHUR_SHUR,5,HUR,HUR,2025-01-11,2025-01-11,1,TSE,743.8538208007812,748.6725463867188,751.7504272460938,762.1836547851562,752.798828125
M5_YHUR_SHUR,5,HUR,HUR,2025-01-11,2025-01-11,1,TSEC,46.69701385498047,50.05510330200195,49.639251708984375,50.10914993286133,50.37373352050781
M5_YHUR_SHUR,5,HUR,HUR,2025-01-11,2025-01-12,2,Yd,740.708251953125,750.7252197265625,758.1404418945312,746.1687622070312,745.19921875
M5_YHUR_SHUR,5,HUR,HUR,2025-01-11,2025-01-12,2,TSE,669.8509521484375,748.6725463867188,738.0208740234375,760.1446533203125,752.8619995117188
M5_YHUR_SHUR,5,HUR,HUR,2025-01-11,2025-01-12,2,TSEC,53.241676330566406,50.05510330200195,49.30642318725586,49.97011184692383,50.32503128051758
M5_YHUR_SHUR,5,HUR,HUR,2025-01-11,2025-01-13,3,Yd,816.3023071289062,750.7252197265625,753.4746704101562,759.216064453125,749.2186889648438
M5_YHUR_SHUR,5,HUR,HUR,2025-01-11,2025-01-13,3,TSE,688.2823486328125,748.6725463867188,740.6985473632812,759.5572509765625,749.2080078125
M5_YHUR_SHUR,5,HUR,HUR,2025-01-11,2025-01-13,3,TSEC,46.827266693115234,50.05510330200195,49.89082717895508,49.99895477294922,50.29591751098633
M5_YHUR_SHUR,5,HUR,HUR,2025-01-12,2025-01-12,1,Yd,740.708251953125,750.7560424804688,747.4812622070312,749.2864990234375,747.9320068359375
M5_YHUR_SHUR,5,HUR,HUR,2025-01-12,2025-01-12,1,TSE,669.8509521484375,748.666015625,737.01416015625,755.4080200195312,750.0381469726562
M5_YHUR_SHUR,5,HUR,HUR,2025-01-12,2025-01-12,1,TSEC,53.241676330566406,50.05058288574219,49.521202087402344,49.78862762451172,50.25243377685547
M5_YHUR_SHUR,5,HUR,HUR,2025-01-12,2025-01-13,2,Yd,816.3023071289062,750.7560424804688,763.8529663085938,754.9666748046875,751.1165161132812
M5_YHUR_SHUR,5,HUR,HUR,2025-01-12,2025-01-13,2,TSE,688.2823486328125,748.666015625,740.478515625,760.4610595703125,746.59130859375
M5_YHUR_SHUR,5,HUR,HUR,2025-01-12,2025-01-13,2,TSEC,46.827266693115234,50.05058288574219,49.43083190917969,49.13149642944336,50.26810836791992
M5_YHUR_SHUR,5,HUR,HUR,2025-01-12,2025-01-14,3,Yd,890.1163330078125,750.7560424804688,760.4659423828125,766.1944580078125,751.8334350585938
M5_YHUR_SHUR,5,HUR,HUR,2025-01-12,2025-01-14,3,TSE,664.803955078125,748.666015625,760.5687255859375,763.7423095703125,742.5388793945312
M5_YHUR_SHUR,5,HUR,HUR,2025-01-12,2025-01-14,3,TSEC,51.10878372192383,50.05058288574219,49.47625732421875,49.66228103637695,50.342891693115234
M5_YHUR_SHUR,5,HUR,HUR,2025-01-13,2025-01-13,1,Yd,816.3023071289062,750.7426147460938,752.1737670898438,765.2891845703125,752.4867553710938
M5_YHUR_SHUR,5,HUR,HUR,2025-01-13,2025-01-13,1,TSE,688.2823486328125,748.5599975585938,748.2564697265625,762.2456665039062,747.5151977539062
M5_YHUR_SHUR,5,HUR,HUR,2025-01-13,2025-01-13,1,TSEC,46.827266693115234,50.05487823486328,50.21107482910156,49.520137786865234,50.14397430419922
M5_YHUR_SHUR,5,HUR,HUR,2025-01-13,2025-01-14,2,Yd,890.1163330078125,750.7426147460938,757.2982177734375,771.9248657226562,754.496826171875
M5_YHUR_SHUR,5,HUR,HUR,2025-01-13,2025-01-14,2,TSE,664.803955078125,748.5599975585938,726.53076171875,769.81689453125,744.6058959960938
M5_YHUR_SHUR,5,HUR,HUR,2025-01-13,2025-01-14,2,TSEC,51.10878372192383,50.05487823486328,49.63238525390625,49.60137939453125,50.119449615478516
M5_YHUR_SHUR,5,HUR,HUR,2025-01-13,2025-01-15,3,Yd,739.7701416015625,750.7426147460938,755.2302856445312,777.7151489257812,751.2647705078125
M5_YHUR_SHUR,5,HUR,HUR,2025-01-13,2025-01-15,3,TSE,735.8445434570312,748.5599975585938,750.8995361328125,777.0360107421875,745.2185668945312
M5_YHUR_SHUR,5,HUR,HUR,2025-01-13,2025-01-15,3,TSEC,44.64115524291992,50.05487823486328,49.381385803222656,49.83760070800781,50.19649124145508
M5_YHUR_SHUR,5,HUR,HUR,2025-01-14,2025-01-14,1,Yd,890.1163330078125,750.8306274414062,756.71826171875,754.0879516601562,751.1905517578125
M5_YHUR_SHUR,5,HUR,HUR,2025-01-14,2025-01-14,1,TSE,664.803955078125,748.47900390625,748.4281005859375,760.609130859375,748.4871826171875
M5_YHUR_SHUR,5,HUR,HUR,2025-01-14,2025-01-14,1,TSEC,51.10878372192383,50.050540924072266,49.401485443115234,49.51005554199219,50.192466735839844
M5_YHUR_SHUR,5,HUR,HUR,2025-01-14,2025-01-15,2,Yd,739.7701416015625,750.8306274414062,756.6066284179688,758.7030639648438,749.5505981445312
M5_YHUR_SHUR,5,HUR,HUR,2025-01-14,2025-01-15,2,TSE,735.8445434570312,748.47900390625,738.172607421875,762.0852661132812,749.7098388671875
M5_YHUR_SHUR,5,HUR,HUR,2025-01-14,2025-01-15,2,TSEC,44.64115524291992,50.050540924072266,49.57958221435547,49.41929626464844,50.2506103515625
M5_YHUR_SHUR,5,HUR,HUR,2025-01-14,2025-01-16,3,Yd,817.0051879882812,750.8306274414062,754.4495239257812,761.9204711914062,745.73486328125
M5_YHUR_SHUR,5,HUR,HUR,2025-01-14,2025-01-16,3,TSE,718.7471313476562,748.47900390625,746.1386108398438,767.7901611328125,753.9886474609375
M5_YHUR_SHUR,5,HUR,HUR,2025-01-14,2025-01-16,3,TSEC,51.4228630065918,50.050540924072266,49.543758392333984,49.15211868286133,50.297584533691406
M5_YHUR_SHUR,5,HUR,HUR,2025-01-15,2025-01-15,1,Yd,739.7701416015625,751.0176391601562,759.3618774414062,756.312744140625,749.6150512695312
M5_YHUR_SHUR,5,HUR,HUR,2025-01-15,2025-01-15,1,TSE,735.8445434570312,748.3666381835938,739.4082641601562,764.817626953125,752.6327514648438
M5_YHUR_SHUR,5,HUR,HUR,2025-01-15,2025-01-15,1,TSEC,44.64115524291992,50.05195999145508,49.16571044921875,49.43546676635742,50.195186614990234
M5_YHUR_SHUR,5,HUR,HUR,2025-01-15,2025-01-16,2,Yd,817.0051879882812,751.0176391601562,756.833251953125,750.5320434570312,750.0038452148438
M5_YHUR_SHUR,5,HUR,HUR,2025-01-15,2025-01-16,2,TSE,718.7471313476562,748.3666381835938,744.4898681640625,749.0931396484375,756.15869140625
M5_YHUR_SHUR,5,HUR,HUR,2025-01-15,2025-01-16,2,TSEC,51.4228630065918,50.05195999145508,49.8366584777832,49.551151275634766,50.16195297241211
M5_YHUR_SHUR,5,HUR,HUR,2025-01-15,2025-01-17,3,Yd,695.0545654296875,751.0176391601562,755.9285888671875,753.4998779296875,751.707275390625
M5_YHUR_SHUR,5,HUR,HUR,2025-01-15,2025-01-17,3,TSE,831.861328125,748.3666381835938,742.26318359375,750.7763061523438,759.7180786132812
M5_YHUR_SHUR,5,HUR,HUR,2025-01-15,2025-01-17,3,TSEC,50.19282531738281,50.05195999145508,49.33311080932617,49.87057876586914,50.230323791503906
M5_YHUR_SHUR,5,HUR,HUR,2025-01-16,2025-01-16,1,Yd,817.0051879882812,751.0025024414062,757.587890625,740.8814086914062,745.663330078125
M5_YHUR_SHUR,5,HUR,HUR,2025-01-16,2025-01-16,1,TSE,718.7471313476562,748.349853515625,743.0882568359375,764.585693359375,754.9871826171875
M5_YHUR_SHUR,5,HUR,HUR,2025-01-16,2025-01-16,1,TSEC,51.4228630065918,50.044708251953125,49.41520309448242,49.72904586791992,50.35128402709961
M5_YHUR_SHUR,5,HUR,HUR,2025-01-16,2025-01-17,2,Yd,695.0545654296875,751.0025024414062,757.0988159179688,741.1105346679688,745.5997314453125
M5_YHUR_SHUR,5,HUR,HUR,2025-01-16,2025-01-17,2,TSE,831.861328125,748.349853515625,742.2638549804688,760.164794921875,759.28857421875
M5_YHUR_SHUR,5,HUR,HUR,2025-01-16,2025-01-17,2,TSEC,50.19282531738281,50.044708251953125,49.62931823730469,49.92839431762695,50.510353088378906
M5_YHUR_SHUR,5,HUR,HUR,2025-01-16,2025-01-18,3,Yd,697.101806640625,751.0025024414062,760.7503051757812,742.6509399414062,750.8834838867188
M5_YHUR_SHUR,5,HUR,HUR,2025-01-16,2025-01-18,3,TSE,725.0222778320312,748.349853515625,742.1431274414062,766.2839965820312,762.6911010742188
M5_YHUR_SHUR,5,HUR,HUR,2025-01-16,2025-01-18,3,TSEC,50.33292007446289,50.044708251953125,49.469276428222656,50.26205062866211,50.45992660522461
M5_YHUR_SHUR,5,HUR,HUR,2025-01-17,2025-01-17,1,Yd,695.0545654296875,751.0908813476562,746.7518920898438,737.4542846679688,748.1881713867188
M5_YHUR_SHUR,5,HUR,HUR,2025-01-17,2025-01-17,1,TSE,831.861328125,748.3102416992188,740.7367553710938,781.3060302734375,756.0152587890625
M5_YHUR_SHUR,5,HUR,HUR,2025-01-17,2025-01-17,1,TSEC,50.19282531738281,50.04655075073242,49.15095901489258,50.12422180175781,50.377017974853516
M5_YHUR_SHUR,5,HUR,HUR,2025-01-17,2025-01-18,2,Yd,697.101806640625,751.0908813476562,752.3095703125,736.0682373046875,754.69287109375
M5_YHUR_SHUR,5,HUR,HUR,2025-01-17,2025-01-18,2,TSE,725.0222778320312,748.3102416992188,743.5319213867188,759.7830200195312,759.4711303710938
M5_YHUR_SHUR,5,HUR,HUR,2025-01-17,2025-01-18,2,TSEC,50.33292007446289,50.04655075073242,49.3271598815918,50.48211669921875,50.38402557373047
M5_YHUR_SHUR,5,HUR,HUR,2025-01-17,2025-01-19,3,Yd,771.0845336914062,751.0908813476562,746.630615234375,741.8746948242188,765.2647705078125
M5_YHUR_SHUR,5,HUR,HUR,2025-01-17,2025-01-19,3,TSE,869.8504638671875,748.3102416992188,746.27001953125,779.5243530273438,759.3794555664062
M5_YHUR_SHUR,5,HUR,HUR,2025-01-17,2025-01-19,3,TSEC,53.06276321411133,50.04655075073242,48.92646789550781,50.585777282714844,50.243858337402344
M5_YHUR_SHUR,5,HUR,HUR,2025-01-18,2025-01-18,1,Yd,697.101806640625,751.0159301757812,761.7730102539062,748.0021362304688,749.542236328125
M5_YHUR_SHUR,5,HUR,HUR,2025-01-18,2025-01-18,1,TSE,725.0222778320312,748.4219360351562,747.5978393554688,761.4434204101562,753.9841918945312
M5_YHUR_SHUR,5,HUR,HUR,2025-01-18,2025-01-18,1,TSEC,50.33292007446289,50.04674530029297,49.82661819458008,50.174461364746094,50.33688735961914
M5_YHUR_SHUR,5,HUR,HUR,2025-01-18,2025-01-19,2,Yd,771.0845336914062,751.0159301757812,761.1386108398438,757.8682250976562,757.275146484375
M5_YHUR_SHUR,5,HUR,HUR,2025-01-18,2025-01-19,2,TSE,869.8504638671875,748.4219360351562,739.99609375,762.0811767578125,753.6914672851562
M5_YHUR_SHUR,5,HUR,HUR,2025-01-18,2025-01-19,2,TSEC,53.06276321411133,50.04674530029297,49.55308151245117,50.24877166748047,50.297821044921875
M5_YHUR_SHUR,5,HUR,HUR,2025-01-18,2025-01-20,3,Yd,745.7948608398438,751.0159301757812,752.0531616210938,767.5302124023438,766.4268188476562
M5_YHUR_SHUR,5,HUR,HUR,2025-01-18,2025-01-20,3,TSE,675.3383178710938,748.4219360351562,731.7000732421875,764.8060913085938,749.1646118164062
M5_YHUR_SHUR,5,HUR,HUR,2025-01-18,2025-01-20,3,TSEC,48.13605880737305,50.04674530029297,49.84727478027344,50.32771301269531,50.187286376953125
M5_YHUR_SHUR,5,HUR,HUR,2025-01-19,2025-01-19,1,Yd,771.0845336914062,750.9439086914062,751.14501953125,753.7527465820312,754.4146728515625
M5_YHUR_SHUR,5,HUR,HUR,2025-01-19,2025-01-19,1,TSE,869.8504638671875,748.3906860351562,736.5457763671875,760.176025390625,750.50439453125
M5_YHUR_SHUR,5,HUR,HUR,2025-01-19,2025-01-19,1,TSEC,53.06276321411133,50.04712677001953,49.106990814208984,50.280609130859375,50.214717864990234
M5_YHUR_SHUR,5,HUR,HUR,2025-01-19,2025-01-20,2,Yd,745.7948608398438,750.9439086914062,768.466796875,759.0845336914062,763.7813110351562
M5_YHUR_SHUR,5,HUR,HUR,2025-01-19,2025-01-20,2,TSE,675.3383178710938,748.3906860351562,740.5438232421875,752.4592895507812,745.9302368164062
M5_YHUR_SHUR,5,HUR,HUR,2025-01-19,2025-01-20,2,TSEC,48.13605880737305,50.04712677001953,49.4337272644043,49.824764251708984,50.14219284057617
M5_YHUR_SHUR,5,HUR,HUR,2025-01-19,2025-01-21,3,Yd,868.3001708984375,750.9439086914062,765.3110961914062,770.3889770507812,769.6021728515625
M5_YHUR_SHUR,5,HUR,HUR,2025-01-19,2025-01-21,3,TSE,737.2869262695312,748.3906860351562,759.555419921875,763.6825561523438,741.5767211914062
M5_YHUR_SHUR,5,HUR,HUR,2025-01-19,2025-01-21,3,TSEC,50.20920944213867,50.04712677001953,49.43423080444336,50.050716400146484,50.11725616455078
M5_YHUR_SHUR,5,HUR,HUR,2025-01-20,2025-01-20,1,Yd,745.7948608398438,750.9708251953125,736.16796875,747.25341796875,753.595703125
M5_YHUR_SHUR,5,HUR,HUR,2025-01-20,2025-01-20,1,TSE,675.3383178710938,748.5526733398438,745.5232543945312,748.160400390625,746.4337158203125
M5_YHUR_SHUR,5,HUR,HUR,2025-01-20,2025-01-20,1,TSEC,48.13605880737305,50.0511474609375,49.449440002441406,49.53564453125,50.17726516723633
M5_YHUR_SHUR,5,HUR,HUR,2025-01-20,2025-01-21,2,Yd,868.3001708984375,750.9708251953125,751.2763671875,758.0817260742188,757.0850219726562
M5_YHUR_SHUR,5,HUR,HUR,2025-01-20,2025-01-21,2,TSE,737.2869262695312,748.5526733398438,760.7000122070312,765.8734741210938,742.2403564453125
M5_YHUR_SHUR,5,HUR,HUR,2025-01-20,2025-01-21,2,TSEC,50.20920944213867,50.0511474609375,49.4312744140625,49.56219482421875,50.17942428588867
M5_YHUR_SHUR,5,HUR,HUR,2025-01-20,2025-01-22,3,Yd,668.0282592773438,750.9708251953125,749.6216430664062,753.05517578125,755.3881225585938
M5_YHUR_SHUR,5,HUR,HUR,2025-01-20,2025-01-22,3,TSE,692.253662109375,748.5526733398438,738.2017211914062,753.921142578125,741.68798828125
M5_YHUR_SHUR,5,HUR,HUR,2025-01-20,2025-01-22,3,TSEC,49.37289047241211,50.0511474609375,49.5786018371582,50.17145538330078,50.251346588134766
M5_YHUR_SHUR,5,HUR,HUR,2025-01-21,2025-01-21,1,Yd,868.3001708984375,750.9638671875,754.9072265625,747.4502563476562,751.9089965820312
M5_YHUR_SHUR,5,HUR,HUR,2025-01-21,2025-01-21,1,TSE,737.2869262695312,748.4551391601562,726.3795776367188,749.4512329101562,747.581787109375
M5_YHUR_SHUR,5,HUR,HUR,2025-01-21,2025-01-21,1,TSEC,50.20920944213867,50.04860305786133,49.50388717651367,49.91165542602539,50.18880844116211
M5_YHUR_SHUR,5,HUR,HUR,2025-01-21,2025-01-22,2,Yd,668.0282592773438,750.9638671875,756.7670288085938,751.2471313476562,751.1506958007812
M5_YHUR_SHUR,5,HUR,HUR,2025-01-21,2025-01-22,2,TSE,692.253662109375,748.4551391601562,749.3756713867188,759.4284057617188,747.8904418945312
M5_YHUR_SHUR,5,HUR,HUR,2025-01-21,2025-01-22,2,TSEC,49.37289047241211,50.04860305786133,49.80392837524414,50.60432815551758,50.236385345458984
M5_YHUR_SHUR,5,HUR,HUR,2025-01-21,2025-01-23,3,Yd,835.230224609375,750.9638671875,754.9939575195312,747.899658203125,748.8538208007812
M5_YHUR_SHUR,5,HUR,HUR,2025-01-21,2025-01-23,3,TSE,831.7120361328125,748.4551391601562,752.50634765625,764.092041015625,750.5609741210938
M5_YHUR_SHUR,5,HUR,HUR,2025-01-21,2025-01-23,3,TSEC,51.46540069580078,50.04860305786133,49.5431022644043,50.583003997802734,50.29289245605469
M5_YHUR_SHUR,5,HUR,HUR,2025-01-22,2025-01-22,1,Yd,668.0282592773438,751.1199951171875,759.0680541992188,751.9622802734375,748.2708740234375
M5_YHUR_SHUR,5,HUR,HUR,2025-01-22,2025-01-22,1,TSE,692.253662109375,748.4403076171875,737.2184448242188,753.7611083984375,751.5205078125
M5_YHUR_SHUR,5,HUR,HUR,2025-01-22,2025-01-22,1,TSEC,49.37289047241211,50.04881286621094,49.92681121826172,49.49336242675781,50.2038459777832
M5_YHUR_SHUR,5,HUR,HUR,2025-01-22,2025-01-23,2,Yd,835.230224609375,751.1199951171875,756.87451171875,751.1820678710938,747.2009887695312
M5_YHUR_SHUR,5,HUR,HUR,2025-01-22,2025-01-23,2,TSE,831.7120361328125,748.4403076171875,732.6404418945312,757.2586059570312,754.8983764648438
M5_YHUR_SHUR,5,HUR,HUR,2025-01-22,2025-01-23,2,TSEC,51.46540069580078,50.04881286621094,49.73476791381836,49.95084762573242,50.20167922973633
M5_YHUR_SHUR,5,HUR,HUR,2025-01-22,2025-01-24,3,Yd,813.6328735351562,751.1199951171875,757.522705078125,749.4906616210938,747.9913330078125
M5_YHUR_SHUR,5,HUR,HUR,2025-01-22,2025-01-24,3,TSE,758.5996704101562,748.4403076171875,736.562744140625,760.5661010742188,757.6881713867188
M5_YHUR_SHUR,5,HUR,HUR,2025-01-22,2025-01-24,3,TSEC,54.64369201660156,50.04881286621094,49.629798889160156,49.956703186035156,50.33698654174805
M5_YHUR_SHUR,5,HUR,HUR,2025-01-23,2025-01-23,1,Yd,835.230224609375,751.0096435546875,757.7377319335938,754.5070190429688,745.8302001953125
M5_YHUR_SHUR,5,HUR,HUR,2025-01-23,2025-01-23,1,TSE,831.7120361328125,748.36572265625,753.6035766601562,765.4022827148438,754.4456176757812
M5_YHUR_SHUR,5,HUR,HUR,2025-01-23,2025-01-23,1,TSEC,51.46540069580078,50.047916412353516,49.70551300048828,49.5863151550293,50.31036376953125
M5_YHUR_SHUR,5,HUR,HUR,2025-01-23,2025-01-24,2,Yd,813.6328735351562,751.0096435546875,756.8820190429688,748.13818359375,746.3624267578125
M5_YHUR_SHUR,5,HUR,HUR,2025-01-23,2025-01-24,2,TSE,758.5996704101562,748.36572265625,742.4891357421875,744.9856567382812,757.8938598632812
M5_YHUR_SHUR,5,HUR,HUR,2025-01-23,2025-01-24,2,TSEC,54.64369201660156,50.047916412353516,49.653778076171875,50.04807662963867,50.473148345947266
M5_YHUR_SHUR,5,HUR,HUR,2025-01-23,2025-01-25,3,Yd,716.2244262695312,751.0096435546875,763.4432983398438,739.0025024414062,751.5276489257812
M5_YHUR_SHUR,5,HUR,HUR,2025-01-23,2025-01-25,3,TSE,767.8328857421875,748.36572265625,749.606201171875,755.9830932617188,760.765625
M5_YHUR_SHUR,5,HUR,HUR,2025-01-23,2025-01-25,3,TSEC,49.107025146484375,50.047916412353516,49.691585540771484,50.535423278808594,50.4270133972168
M5_YHUR_SHUR,5,HUR,HUR,2025-01-24,2025-01-24,1,Yd,813.6328735351562,751.121337890625,762.4482421875,738.9156494140625,745.8920288085938
M5_YHUR_SHUR,5,HUR,HUR,2025-01-24,2025-01-24,1,TSE,758.5996704101562,748.4761962890625,740.7154541015625,776.73486328125,754.4130249023438
M5_YHUR_SHUR,5,HUR,HUR,2025-01-24,2025-01-24,1,TSEC,54.64369201660156,50.04979705810547,49.578453063964844,49.89166259765625,50.41825866699219
M5_YHUR_SHUR,5,HUR,HUR,2025-01-24,2025-01-25,2,Yd,716.2244262695312,751.121337890625,763.2085571289062,730.9514770507812,749.4439697265625
M5_YHUR_SHUR,5,HUR,HUR,2025-01-24,2025-01-25,2,TSE,767.8328857421875,748.4761962890625,749.0814208984375,768.7083129882812,757.9830932617188
M5_YHUR_SHUR,5,HUR,HUR,2025-01-24,2025-01-25,2,TSEC,49.107025146484375,50.04979705810547,49.712646484375,49.95625305175781,50.434566497802734
M5_YHUR_SHUR,5,HUR,HUR,2025-01-24,2025-01-26,3,Yd,760.6644287109375,751.121337890625,762.5152587890625,737.480224609375,757.5348510742188
M5_YHUR_SHUR,5,HUR,HUR,2025-01-24,2025-01-26,3,TSE,750.6558837890625,748.4761962890625,745.4600219726562,781.8093872070312,758.03759765625
M5_YHUR_SHUR,5,HUR,HUR,2025-01-24,2025-01-26,3,TSEC,50.97526168823242,50.04979705810547,49.58776092529297,50.11488723754883,50.309242248535156
M5_YHUR_SHUR,5,HUR,HUR,2025-01-25,2025-01-25,1,Yd,716.2244262695312,751.2041625976562,763.9376220703125,727.5811767578125,750.48291015625
M5_YHUR_SHUR,5,HUR,HUR,2025-01-25,2025-01-25,1,TSE,767.8328857421875,748.4896240234375,747.6954345703125,772.4192504882812,754.710205078125
M5_YHUR_SHUR,5,HUR,HUR,2025-01-25,2025-01-25,1,TSEC,49.107025146484375,50.05588150024414,49.63579177856445,50.10102081298828,50.30619430541992
M5_YHUR_SHUR,5,HUR,HUR,2025-01-25,2025-01-26,2,Yd,760.6644287109375,751.2041625976562,762.3490600585938,739.3775024414062,759.2574462890625
M5_YHUR_SHUR,5,HUR,HUR,2025-01-25,2025-01-26,2,TSE,750.6558837890625,748.4896240234375,738.3749389648438,763.0040283203125,755.2848510742188
M5_YHUR_SHUR,5,HUR,HUR,2025-01-25,2025-01-26,2,TSEC,50.97526168823242,50.05588150024414,49.68983840942383,49.70980453491211,50.215354919433594
M5_YHUR_SHUR,5,HUR,HUR,2025-01-25,2025-01-27,3,Yd,678.1953125,751.2041625976562,752.859619140625,752.763427734375,768.5449829101562
M5_YHUR_SHUR,5,HUR,HUR,2025-01-25,2025-01-27,3,TSE,623.7842407226562,748.4896240234375,743.2645263671875,775.4459838867188,752.1847534179688
M5_YHUR_SHUR,5,HUR,HUR,2025-01-25,2025-01-27,3,TSEC,54.744667053222656,50.05588150024414,49.69430160522461,50.24583435058594,50.077816009521484
M5_YHUR_SHUR,5,HUR,HUR,2025-01-26,2025-01-26,1,Yd,760.6644287109375,751.1578979492188,757.9219360351562,748.8914184570312,753.3359375
M5_YHUR_SHUR,5,HUR,HUR,2025-01-26,2025-01-26,1,TSE,750.6558837890625,748.5151977539062,738.5886840820312,755.280517578125,751.5999145507812
M5_YHUR_SHUR,5,HUR,HUR,2025-01-26,2025-01-26,1,TSEC,50.97526168823242,50.05462646484375,49.43292236328125,49.73902893066406,50.25909423828125
M5_YHUR_SHUR,5,HUR,HUR,2025-01-26,2025-01-27,2,Yd,678.1953125,751.1578979492188,756.1353149414062,773.2818603515625,761.93603515625
M5_YHUR_SHUR,5,HUR,HUR,2025-01-26,2025-01-27,2,TSE,623.7842407226562,748.5151977539062,747.9453735351562,765.9229125976562,748.1495971679688
M5_YHUR_SHUR,5,HUR,HUR,2025-01-26,2025-01-27,2,TSEC,54.744667053222656,50.05462646484375,49.68061447143555,49.72657012939453,50.18722915649414
M5_YHUR_SHUR,5,HUR,HUR,2025-01-26,2025-01-28,3,Yd,757.7047119140625,751.1578979492188,750.59130859375,773.4370727539062,766.4404907226562
M5_YHUR_SHUR,5,HUR,HUR,2025-01-26,2025-01-28,3,TSE,716.0733642578125,748.5151977539062,747.1605224609375,773.5669555664062,745.5458374023438
M5_YHUR_SHUR,5,HUR,HUR,2025-01-26,2025-01-28,3,TSEC,53.319732666015625,50.05462646484375,49.52052688598633,50.08256912231445,50.119781494140625
M5_YHUR_SHUR,5,HUR,HUR,2025-01-27,2025-01-27,1,Yd,678.1953125,751.17041015625,754.0899658203125,750.58251953125,754.80859375
M5_YHUR_SHUR,5,HUR,HUR,2025-01-27,2025-01-27,1,TSE,623.7842407226562,748.51806640625,744.5702514648438,759.1436767578125,748.6976928710938
M5_YHUR_SHUR,5,HUR,HUR,2025-01-27,2025-01-27,1,TSEC,54.744667053222656,50.055843353271484,49.598846435546875,49.6954345703125,50.1816291809082
M5_YHUR_SHUR,5,HUR,HUR,2025-01-27,2025-01-28,2,Yd,757.7047119140625,751.17041015625,752.8316040039062,760.291259765625,759.59716796875
M5_YHUR_SHUR,5,HUR,HUR,2025-01-27,2025-01-28,2,TSE,716.0733642578125,748.51806640625,725.4163818359375,766.330322265625,746.5346069335938
M5_YHUR_SHUR,5,HUR,HUR,2025-01-27,2025-01-28,2,TSEC,53.319732666015625,50.055843353271484,49.398765563964844,49.52132034301758,50.12797927856445
M5_YHUR_SHUR,5,HUR,HUR,2025-01-27,2025-01-29,3,Yd,790.8729248046875,751.17041015625,760.3273315429688,764.3759765625,758.9661865234375
M5_YHUR_SHUR,5,HUR,HUR,2025-01-27,2025-01-29,3,TSE,853.1591186523438,748.51806640625,748.85107421875,768.95947265625,747.5527954101562
M5_YHUR_SHUR,5,HUR,HUR,2025-01-27,2025-01-29,3,TSEC,60.017704010009766,50.055843353271484,49.67298126220703,49.46696472167969,50.162269592285156
M5_YHUR_SHUR,5,HUR,HUR,2025-01-28,2025-01-28,1,Yd,757.7047119140625,751.0740966796875,751.6779174804688,760.900390625,754.4326171875
M5_YHUR_SHUR,5,HUR,HUR,2025-01-28,2025-01-28,1,TSE,716.0733642578125,748.3534545898438,755.5310668945312,764.0103759765625,750.2094116210938
M5_YHUR_SHUR,5,HUR,HUR,2025-01-28,2025-01-28,1,TSEC,53.319732666015625,50.06202697753906,49.610897064208984,49.65351867675781,50.099613189697266
M5_YHUR_SHUR,5,HUR,HUR,2025-01-28,2025-01-29,2,Yd,790.8729248046875,751.0740966796875,759.4071655273438,762.9302978515625,757.0736694335938
M5_YHUR_SHUR,5,HUR,HUR,2025-01-28,2025-01-29,2,TSE,853.1591186523438,748.3534545898438,737.9692993164062,767.0614624023438,751.6500244140625
M5_YHUR_SHUR,5,HUR,HUR,2025-01-28,2025-01-29,2,TSEC,60.017704010009766,50.06202697753906,50.26948165893555,50.131526947021484,50.00226974487305
M5_YHUR_SHUR,5,HUR,HUR,2025-01-28,2025-01-30,3,Yd,695.65087890625,751.0740966796875,753.1295166015625,759.8192138671875,757.8204956054688
M5_YHUR_SHUR,5,HUR,HUR,2025-01-28,2025-01-30,3,TSE,725.6435546875,748.3534545898438,733.454833984375,773.4609985351562,755.2054443359375
M5_YHUR_SHUR,5,HUR,HUR,2025-01-28,2025-01-30,3,TSEC,44.24306869506836,50.06202697753906,49.3148307800293,50.4573974609375,49.91366195678711
M5_YHUR_SHUR,5,HUR,HUR,2025-01-29,2025-01-29,1,Yd,790.8729248046875,751.0829467773438,762.0576782226562,757.0965576171875,751.1607666015625
M5_YHUR_SHUR,5,HUR,HUR,2025-01-29,2025-01-29,1,TSE,853.1591186523438,748.3109130859375,737.9794311523438,763.9070434570312,753.2006225585938
M5_YHUR_SHUR,5,HUR,HUR,2025-01-29,2025-01-29,1,TSEC,60.017704010009766,50.06631851196289,49.64219665527344,49.50255584716797,50.04232406616211
M5_YHUR_SHUR,5,HUR,HUR,2025-01-29,2025-01-30,2,Yd,695.65087890625,751.0829467773438,750.9312133789062,755.0131225585938,753.5864868164062
M5_YHUR_SHUR,5,HUR,HUR,2025-01-29,2025-01-30,2,TSE,725.6435546875,748.3109130859375,736.517578125,755.3092651367188,757.247802734375
M5_YHUR_SHUR,5,HUR,HUR,2025-01-29,2025-01-30,2,TSEC,44.24306869506836,50.06631851196289,49.55908966064453,49.634429931640625,49.922264099121094
M5_YHUR_SHUR,5,HUR,HUR,2025-01-29,2025-01-31,3,Yd,637.4951171875,751.0829467773438,760.0060424804688,757.345703125,756.4571533203125
M5_YHUR_SHUR,5,HUR,HUR,2025-01-29,2025-01-31,3,TSE,764.580322265625,748.3109130859375,737.799072265625,762.6205444335938,760.9382934570312
M5_YHUR_SHUR,5,HUR,HUR,2025-01-29,2025-01-31,3,TSEC,59.507568359375,50.06631851196289,49.57516098022461,49.58036804199219,49.96384811401367
M5_YHUR_SHUR,5,HUR,HUR,2025-01-30,2025-01-30,1,Yd,695.65087890625,751.1351928710938,753.4034423828125,755.9172973632812,748.8890991210938
M5_YHUR_SHUR,5,HUR,HUR,2025-01-30,2025-01-30,1,TSE,725.6435546875,748.4489135742188,733.6576538085938,781.3809814453125,754.0816040039062
M5_YHUR_SHUR,5,HUR,HUR,2025-01-30,2025-01-30,1,TSEC,44.24306869506836,50.079410552978516,49.77516555786133,50.57058334350586,50.03934860229492
M5_YHUR_SHUR,5,HUR,HUR,2025-01-30,2025-01-31,2,Yd,637.4951171875,751.1351928710938,757.7360229492188,733.1241455078125,750.9483642578125
M5_YHUR_SHUR,5,HUR,HUR,2025-01-30,2025-01-31,2,TSE,764.580322265625,748.4489135742188,743.5925903320312,780.51513671875,758.0556640625
M5_YHUR_SHUR,5,HUR,HUR,2025-01-30,2025-01-31,2,TSEC,59.507568359375,50.079410552978516,50.19062042236328,50.02426528930664,50.049530029296875
M5_YHUR_SHUR,5,HUR,HUR,2025-01-30,2025-02-01,3,Yd,841.7430419921875,751.1351928710938,762.7489624023438,716.0450439453125,755.2539672851562
M5_YHUR_SHUR,5,HUR,HUR,2025-01-30,2025-02-01,3,TSE,861.6326904296875,748.4489135742188,742.5679321289062,774.5818481445312,761.47216796875
M5_YHUR_SHUR,5,HUR,HUR,2025-01-30,2025-02-01,3,TSEC,50.65886688232422,50.079410552978516,50.00130081176758,50.50821304321289,50.02250671386719
M5_YHUR_SHUR,5,HUR,HUR,2025-01-31,2025-01-31,1,Yd,637.4951171875,751.0623168945312,759.6138305664062,732.4100341796875,745.7324829101562
M5_YHUR_SHUR,5,HUR,HUR,2025-01-31,2025-01-31,1,TSE,764.580322265625,748.4189453125,742.7047729492188,757.74609375,756.0574951171875
M5_YHUR_SHUR,5,HUR,HUR,2025-01-31,2025-01-31,1,TSEC,59.507568359375,50.07174301147461,49.939720153808594,50.03615188598633,50.42626953125
M5_YHUR_SHUR,5,HUR,HUR,2025-01-31,2025-02-01,2,Yd,841.7430419921875,751.0623168945312,763.134033203125,741.0491333007812,748.0335083007812
M5_YHUR_SHUR,5,HUR,HUR,2025-01-31,2025-02-01,2,TSE,861.6326904296875,748.4189453125,749.1082763671875,746.0684204101562,760.8032836914062
M5_YHUR_SHUR,5,HUR,HUR,2025-01-31,2025-02-01,2,TSEC,50.65886688232422,50.07174301147461,49.62563705444336,50.25994873046875,50.484615325927734
M5_YHUR_SHUR,5,HUR,HUR,2025-01-31,2025-02-02,3,Yd,758.20947265625,751.0623168945312,761.6185302734375,742.8380126953125,755.7777709960938
M5_YHUR_SHUR,5,HUR,HUR,2025-01-31,2025-02-02,3,TSE,680.189453125,748.4189453125,746.0003662109375,759.2499389648438,762.3985595703125
M5_YHUR_SHUR,5,HUR,HUR,2025-01-31,2025-02-02,3,TSEC,55.936439514160156,50.07174301147461,49.85881423950195,50.52587890625,50.33102798461914
M5_YHUR_SHUR,5,HUR,HUR,2025-02-01,2025-02-01,1,Yd,841.7430419921875,750.913330078125,759.5540161132812,732.6947631835938,748.6115112304688
M5_YHUR_SHUR,5,HUR,HUR,2025-02-01,2025-02-01,1,TSE,861.6326904296875,748.4401245117188,749.4800415039062,766.1612548828125,753.8884887695312
M5_YHUR_SHUR,5,HUR,HUR,2025-02-01,2025-02-01,1,TSEC,50.65886688232422,50.084129333496094,50.04435729980469,50.78135681152344,50.36011505126953
M5_YHUR_SHUR,5,HUR,HUR,2025-02-01,2025-02-02,2,Yd,758.20947265625,750.913330078125,760.9212036132812,749.7462768554688,756.22900390625
M5_YHUR_SHUR,5,HUR,HUR,2025-02-01,2025-02-02,2,TSE,680.189453125,748.4401245117188,735.9430541992188,769.046142578125,754.57958984375
M5_YHUR_SHUR,5,HUR,HUR,2025-02-01,2025-02-02,2,TSEC,55.936439514160156,50.084129333496094,49.57569122314453,49.99106979370117,50.27745819091797
M5_YHUR_SHUR,5,HUR,HUR,2025-02-01,2025-02-03,3,Yd,709.5802612304688,750.913330078125,753.729248046875,749.283935546875,765.7435913085938
M5_YHUR_SHUR,5,HUR,HUR,2025-02-01,2025-02-03,3,TSE,869.176513671875,748.4401245117188,745.7249145507812,772.2479858398438,753.0491333007812
M5_YHUR_SHUR,5,HUR,HUR,2025-02-01,2025-02-03,3,TSEC,56.539268493652344,50.084129333496094,49.87023162841797,50.62246322631836,50.08597183227539
M5_YHUR_SHUR,5,HUR,HUR,2025-02-02,2025-02-02,1,Yd,758.20947265625,751.0323486328125,762.4278564453125,745.4140625,751.2791748046875
M5_YHUR_SHUR,5,HUR,HUR,2025-02-02,2025-02-02,1,TSE,680.189453125,748.5884399414062,740.1282348632812,756.2632446289062,752.755126953125
M5_YHUR_SHUR,5,HUR,HUR,2025-02-02,2025-02-02,1,TSEC,55.936439514160156,50.084877014160156,49.563941955566406,49.80649948120117,50.29720687866211
M5_YHUR_SHUR,5,HUR,HUR,2025-02-02,2025-02-03,2,Yd,709.5802612304688,751.0323486328125,752.8641967773438,739.8743896484375,757.8700561523438
M5_YHUR_SHUR,5,HUR,HUR,2025-02-02,2025-02-03,2,TSE,869.176513671875,748.5884399414062,746.0208740234375,763.7481079101562,750.80322265625
M5_YHUR_SHUR,5,HUR,HUR,2025-02-02,2025-02-03,2,TSEC,56.539268493652344,50.084877014160156,49.80836868286133,48.18190383911133,50.250511169433594
M5_YHUR_SHUR,5,HUR,HUR,2025-02-02,2025-02-04,3,Yd,745.1216430664062,751.0323486328125,749.3408203125,748.3883666992188,761.174072265625
M5_YHUR_SHUR,5,HUR,HUR,2025-02-02,2025-02-04,3,TSE,854.0371704101562,748.5884399414062,759.937255859375,767.2797241210938,748.87158203125
M5_YHUR_SHUR,5,HUR,HUR,2025-02-02,2025-02-04,3,TSEC,49.84496307373047,50.084877014160156,49.56218338012695,49.4096794128418,50.19639587402344
M5_YHUR_SHUR,5,HUR,HUR,2025-02-03,2025-02-03,1,Yd,709.5802612304688,751.041748046875,756.4681396484375,763.65380859375,754.7136840820312
M5_YHUR_SHUR,5,HUR,HUR,2025-02-03,2025-02-03,1,TSE,869.176513671875,748.4990234375,747.5413818359375,753.6810913085938,751.6981201171875
M5_YHUR_SHUR,5,HUR,HUR,2025-02-03,2025-02-03,1,TSEC,56.539268493652344,50.09253692626953,48.830108642578125,49.924224853515625,50.126407623291016
M5_YHUR_SHUR,5,HUR,HUR,2025-02-03,2025-02-04,2,Yd,745.1216430664062,751.041748046875,751.689697265625,765.3377685546875,759.8140869140625
M5_YHUR_SHUR,5,HUR,HUR,2025-02-03,2025-02-04,2,TSE,854.0371704101562,748.4990234375,746.110107421875,758.1144409179688,751.5585327148438
M5_YHUR_SHUR,5,HUR,HUR,2025-02-03,2025-02-04,2,TSEC,49.84496307373047,50.09253692626953,50.799644470214844,49.47941207885742,49.998992919921875
M5_YHUR_SHUR,5,HUR,HUR,2025-02-03,2025-02-05,3,Yd,813.9385375976562,751.041748046875,758.2039794921875,766.4951782226562,759.9549560546875
M5_YHUR_SHUR,5,HUR,HUR,2025-02-03,2025-02-05,3,TSE,794.0670166015625,748.4990234375,739.1884155273438,767.0746459960938,753.6911010742188
M5_YHUR_SHUR,5,HUR,HUR,2025-02-03,2025-02-05,3,TSEC,44.60088348388672,50.09253692626953,49.7559700012207,49.724735260009766,49.876121520996094
M5_YHUR_SHUR,5,HUR,HUR,2025-02-04,2025-02-04,1,Yd,745.1216430664062,750.9876098632812,751.9387817382812,745.4865112304688,748.5272216796875
M5_YHUR_SHUR,5,HUR,HUR,2025-02-04,2025-02-04,1,TSE,854.0371704101562,748.6566772460938,763.462158203125,771.6793823242188,751.05126953125
M5_YHUR_SHUR,5,HUR,HUR,2025-02-04,2025-02-04,1,TSEC,49.84496307373047,50.1009635925293,50.13772964477539,50.127418518066406,50.21479797363281
M5_YHUR_SHUR,5,HUR,HUR,2025-02-04,2025-02-05,2,Yd,813.9385375976562,750.9876098632812,753.7489624023438,754.8936767578125,746.837158203125
M5_YHUR_SHUR,5,HUR,HUR,2025-02-04,2025-02-05,2,TSE,794.0670166015625,748.6566772460938,735.6612548828125,764.0813598632812,753.6873779296875
M5_YHUR_SHUR,5,HUR,HUR,2025-02-04,2025-02-05,2,TSEC,44.60088348388672,50.1009635925293,49.93767166137695,49.16011428833008,50.21247863769531
M5_YHUR_SHUR,5,HUR,HUR,2025-02-04,2025-02-06,3,Yd,660.8236083984375,750.9876098632812,757.0819702148438,751.4470825195312,743.5601806640625
M5_YHUR_SHUR,5,HUR,HUR,2025-02-04,2025-02-06,3,TSE,816.0112915039062,748.6566772460938,736.1724853515625,765.4751586914062,759.1195068359375
M5_YHUR_SHUR,5,HUR,HUR,2025-02-04,2025-02-06,3,TSEC,47.65409851074219,50.1009635925293,49.706756591796875,49.2666130065918,50.27082443237305
M5_YHUR_SHUR,5,HUR,HUR,2025-02-05,2025-02-05,1,Yd,813.9385375976562,750.9799194335938,756.0950317382812,762.5130004882812,742.5794067382812
M5_YHUR_SHUR,5,HUR,HUR,2025-02-05,2025-02-05,1,TSE,794.0670166015625,748.7943115234375,736.41015625,759.7734985351562,753.6747436523438
M5_YHUR_SHUR,5,HUR,HUR,2025-02-05,2025-02-05,1,TSEC,44.60088348388672,50.10062789916992,49.7467155456543,49.635719299316406,50.43913650512695
M5_YHUR_SHUR,5,HUR,HUR,2025-02-05,2025-02-06,2,Yd,660.8236083984375,750.9799194335938,757.1597290039062,744.3477783203125,737.2286987304688
M5_YHUR_SHUR,5,HUR,HUR,2025-02-05,2025-02-06,2,TSE,816.0112915039062,748.7943115234375,735.7962036132812,760.0101928710938,758.5004272460938
M5_YHUR_SHUR,5,HUR,HUR,2025-02-05,2025-02-06,2,TSEC,47.65409851074219,50.10062789916992,49.784481048583984,49.17374038696289,50.71577453613281
M5_YHUR_SHUR,5,HUR,HUR,2025-02-05,2025-02-07,3,Yd,796.2470703125,750.9799194335938,759.2702026367188,745.935546875,734.0017700195312
M5_YHUR_SHUR,5,HUR,HUR,2025-02-05,2025-02-07,3,TSE,765.3399658203125,748.7943115234375,738.8310546875,766.5361328125,762.5755615234375
M5_YHUR_SHUR,5,HUR,HUR,2025-02-05,2025-02-07,3,TSEC,49.192718505859375,50.10062789916992,49.68144226074219,49.411441802978516,51.05250549316406
M5_YHUR_SHUR,5,HUR,HUR,2025-02-06,2025-02-06,1,Yd,660.8236083984375,751.0619506835938,754.9676513671875,715.0614013671875,739.271728515625
M5_YHUR_SHUR,5,HUR,HUR,2025-02-06,2025-02-06,1,TSE,816.0112915039062,748.8533325195312,746.7446899414062,768.302978515625,756.1466064453125
M5_YHUR_SHUR,5,HUR,HUR,2025-02-06,2025-02-06,1,TSEC,47.65409851074219,50.09346008300781,49.747867584228516,50.25907516479492,50.70247268676758
M5_YHUR_SHUR,5,HUR,HUR,2025-02-06,2025-02-07,2,Yd,796.2470703125,751.0619506835938,762.2589721679688,722.4671020507812,733.2661743164062
M5_YHUR_SHUR,5,HUR,HUR,2025-02-06,2025-02-07,2,TSE,765.3399658203125,748.8533325195312,742.0006713867188,777.0160522460938,761.039794921875
M5_YHUR_SHUR,5,HUR,HUR,2025-02-06,2025-02-07,2,TSEC,49.192718505859375,50.09346008300781,49.715972900390625,50.15823745727539,51.19122314453125
M5_YHUR_SHUR,5,HUR,HUR,2025-02-06,2025-02-08,3,Yd,753.413818359375,751.0619506835938,758.2579956054688,710.3516845703125,731.620849609375
M5_YHUR_SHUR,5,HUR,HUR,2025-02-06,2025-02-08,3,TSE,787.9061889648438,748.8533325195312,737.2070922851562,778.03466796875,764.3135375976562
M5_YHUR_SHUR,5,HUR,HUR,2025-02-06,2025-02-08,3,TSEC,49.908905029296875,50.09346008300781,49.74833679199219,50.689144134521484,51.3381233215332
M5_YHUR_SHUR,5,HUR,HUR,2025-02-07,2025-02-07,1,Yd,796.2470703125,750.9445190429688,762.0694580078125,740.7568969726562,738.2471923828125
M5_YHUR_SHUR,5,HUR,HUR,2025-02-07,2025-02-07,1,TSE,765.3399658203125,748.9408569335938,739.4603271484375,775.9525756835938,754.6980590820312
M5_YHUR_SHUR,5,HUR,HUR,2025-02-07,2025-02-07,1,TSEC,49.192718505859375,50.09028625488281,49.601444244384766,50.148277282714844,50.900089263916016
M5_YHUR_SHUR,5,HUR,HUR,2025-02-07,2025-02-08,2,Yd,753.413818359375,750.9445190429688,757.991943359375,728.847412109375,733.3961181640625
M5_YHUR_SHUR,5,HUR,HUR,2025-02-07,2025-02-08,2,TSE,787.9061889648438,748.9408569335938,748.7052001953125,776.5244140625,757.772216796875
M5_YHUR_SHUR,5,HUR,HUR,2025-02-07,2025-02-08,2,TSEC,49.908905029296875,50.09028625488281,49.64185333251953,51.03654098510742,51.25312042236328
M5_YHUR_SHUR,5,HUR,HUR,2025-02-07,2025-02-09,3,Yd,663.1881713867188,750.9445190429688,759.9490966796875,725.92919921875,733.3408203125
M5_YHUR_SHUR,5,HUR,HUR,2025-02-07,2025-02-09,3,TSE,777.8038330078125,748.9408569335938,743.9815063476562,784.1882934570312,759.444091796875
M5_YHUR_SHUR,5,HUR,HUR,2025-02-07,2025-02-09,3,TSEC,57.346961975097656,50.09028625488281,49.47277069091797,50.56908416748047,51.345252990722656
M5_YHUR_SHUR,5,HUR,HUR,2025-02-08,2025-02-08,1,Yd,753.413818359375,751.00341796875,757.6973876953125,756.4035034179688,741.1778564453125
M5_YHUR_SHUR,5,HUR,HUR,2025-02-08,2025-02-08,1,TSE,787.9061889648438,748.9620971679688,737.8060302734375,770.5294189453125,753.9617309570312
M5_YHUR_SHUR,5,HUR,HUR,2025-02-08,2025-02-08,1,TSEC,49.908905029296875,50.08911895751953,49.676124572753906,51.37978744506836,50.748966217041016
M5_YHUR_SHUR,5,HUR,HUR,2025-02-08,2025-02-09,2,Yd,663.1881713867188,751.00341796875,763.2040405273438,755.5184936523438,739.6627807617188
M5_YHUR_SHUR,5,HUR,HUR,2025-02-08,2025-02-09,2,TSE,777.8038330078125,748.9620971679688,749.0174560546875,768.706787109375,756.2141723632812
M5_YHUR_SHUR,5,HUR,HUR,2025-02-08,2025-02-09,2,TSEC,57.346961975097656,50.08911895751953,49.48723602294922,50.37821960449219,50.985652923583984
M5_YHUR_SHUR,5,HUR,HUR,2025-02-08,2025-02-10,3,Yd,661.9291381835938,751.00341796875,754.0400390625,766.3679809570312,742.1116333007812
M5_YHUR_SHUR,5,HUR,HUR,2025-02-08,2025-02-10,3,TSE,724.6077880859375,748.9620971679688,742.0520629882812,781.7589721679688,754.00244140625
M5_YHUR_SHUR,5,HUR,HUR,2025-02-08,2025-02-10,3,TSEC,41.11927795410156,50.08911895751953,49.51382827758789,50.26078796386719,51.05239486694336
M5_YHUR_SHUR,5,HUR,HUR,2025-02-09,2025-02-09,1,Yd,663.1881713867188,751.0064697265625,755.9488525390625,755.4243774414062,744.1680908203125
M5_YHUR_SHUR,5,HUR,HUR,2025-02-09,2025-02-09,1,TSE,777.8038330078125,749.0127563476562,745.2713623046875,753.33935546875,752.0300903320312
M5_YHUR_SHUR,5,HUR,HUR,2025-02-09,2025-02-09,1,TSEC,57.346961975097656,50.08888626098633,49.7879524230957,50.01442337036133,50.612884521484375
M5_YHUR_SHUR,5,HUR,HUR,2025-02-09,2025-02-10,2,Yd,661.9291381835938,751.0064697265625,761.3029174804688,767.4576416015625,744.8599853515625
M5_YHUR_SHUR,5,HUR,HUR,2025-02-09,2025-02-10,2,TSE,724.6077880859375,749.0127563476562,746.2399291992188,766.0535888671875,749.9598999023438
M5_YHUR_SHUR,5,HUR,HUR,2025-02-09,2025-02-10,2,TSEC,41.11927795410156,50.08888626098633,49.82920455932617,49.718597412109375,50.83824920654297
M5_YHUR_SHUR,5,HUR,HUR,2025-02-09,2025-02-11,3,Yd,818.3208618164062,751.0064697265625,749.35888671875,769.38623046875,744.0205688476562
M5_YHUR_SHUR,5,HUR,HUR,2025-02-09,2025-02-11,3,TSE,810.0333862304688,749.0127563476562,750.8538818359375,764.2434692382812,748.0733032226562
M5_YHUR_SHUR,5,HUR,HUR,2025-02-09,2025-02-11,3,TSEC,56.19609832763672,50.08888626098633,49.8621826171875,49.9587516784668,51.00062942504883
M5_YHUR_SHUR,5,HUR,HUR,2025-02-10,2025-02-10,1,Yd,661.9291381835938,750.8927001953125,757.477783203125,752.2996826171875,745.7323608398438
M5_YHUR_SHUR,5,HUR,HUR,2025-02-10,2025-02-10,1,TSE,724.6077880859375,749.0501098632812,743.519775390625,757.3677978515625,749.7498779296875
M5_YHUR_SHUR,5,HUR,HUR,2025-02-10,2025-02-10,1,TSEC,41.11927795410156,50.09830093383789,49.262840270996094,49.98031234741211,50.50761795043945
M5_YHUR_SHUR,5,HUR,HUR,2025-02-10,2025-02-11,2,Yd,818.3208618164062,750.8927001953125,750.596435546875,765.1930541992188,743.60498046875
M5_YHUR_SHUR,5,HUR,HUR,2025-02-10,2025-02-11,2,TSE,810.0333862304688,749.0501098632812,744.0604858398438,762.5643310546875,748.6632080078125
M5_YHUR_SHUR,5,HUR,HUR,2025-02-10,2025-02-11,2,TSEC,56.19609832763672,50.09830093383789,48.8182373046875,49.90099334716797,50.73126983642578
M5_YHUR_SHUR,5,HUR,HUR,2025-02-10,2025-02-12,3,Yd,694.2660522460938,750.8927001953125,757.0643310546875,758.239013671875,737.8004760742188
M5_YHUR_SHUR,5,HUR,HUR,2025-02-10,2025-02-12,3,TSE,770.2727661132812,749.0501098632812,739.1637573242188,757.18408203125,750.9078979492188
M5_YHUR_SHUR,5,HUR,HUR,2025-02-10,2025-02-12,3,TSEC,55.28880310058594,50.09830093383789,48.2119140625,49.965946197509766,50.98412322998047
M5_YHUR_SHUR,5,HUR,HUR,2025-02-11,2025-02-11,1,Yd,818.3208618164062,750.77734375,747.857421875,744.6376342773438,742.45947265625
M5_YHUR_SHUR,5,HUR,HUR,2025-02-11,2025-02-11,1,TSE,810.0333862304688,749.0183715820312,739.7250366210938,753.4493408203125,750.738037109375
M5_YHUR_SHUR,5,HUR,HUR,2025-02-11,2025-02-11,1,TSEC,56.19609832763672,50.086666107177734,50.18861389160156,50.502079010009766,50.609405517578125
M5_YHUR_SHUR,5,HUR,HUR,2025-02-11,2025-02-12,2,Yd,694.2660522460938,750.77734375,758.185546875,747.0940551757812,735.1054077148438
M5_YHUR_SHUR,5,HUR,HUR,2025-02-11,2025-02-12,2,TSE,770.2727661132812,749.0183715820312,742.7457885742188,762.1127319335938,753.7021484375
M5_YHUR_SHUR,5,HUR,HUR,2025-02-11,2025-02-12,2,TSEC,55.28880310058594,50.086666107177734,49.848228454589844,50.35271072387695,50.96458053588867
M5_YHUR_SHUR,5,HUR,HUR,2025-02-11,2025-02-13,3,Yd,757.9939575195312,750.77734375,754.304931640625,749.2857666015625,727.026611328125
M5_YHUR_SHUR,5,HUR,HUR,2025-02-11,2025-02-13,3,TSE,704.2220458984375,749.0183715820312,741.8550415039062,761.8035278320312,758.3347778320312
M5_YHUR_SHUR,5,HUR,HUR,2025-02-11,2025-02-13,3,TSEC,46.35061264038086,50.086666107177734,50.01081466674805,50.33364486694336,51.278968811035156
M5_YHUR_SHUR,5,HUR,HUR,2025-02-12,2025-02-12,1,Yd,694.2660522460938,750.8648071289062,756.1534423828125,746.9102783203125,739.5398559570312
M5_YHUR_SHUR,5,HUR,HUR,2025-02-12,2025-02-12,1,TSE,770.2727661132812,749.0973510742188,746.0274658203125,765.93408203125,753.6568603515625
M5_YHUR_SHUR,5,HUR,HUR,2025-02-12,2025-02-12,1,TSEC,55.28880310058594,50.094573974609375,50.687129974365234,49.92680740356445,50.6312255859375
M5_YHUR_SHUR,5,HUR,HUR,2025-02-12,2025-02-13,2,Yd,757.9939575195312,750.8648071289062,757.3828125,736.8583374023438,731.62451171875
M5_YHUR_SHUR,5,HUR,HUR,2025-02-12,2025-02-13,2,TSE,704.2220458984375,749.0973510742188,742.8684692382812,763.916015625,758.09814453125
M5_YHUR_SHUR,5,HUR,HUR,2025-02-12,2025-02-13,2,TSEC,46.35061264038086,50.094573974609375,49.65761947631836,50.294071197509766,51.02987289428711
M5_YHUR_SHUR,5,HUR,HUR,2025-02-12,2025-02-14,3,Yd,819.4194946289062,750.8648071289062,761.9948120117188,734.2974853515625,726.4153442382812
M5_YHUR_SHUR,5,HUR,HUR,2025-02-12,2025-02-14,3,TSE,783.0241088867188,749.0973510742188,744.5692749023438,757.0299072265625,760.8225708007812
M5_YHUR_SHUR,5,HUR,HUR,2025-02-12,2025-02-14,3,TSEC,53.118900299072266,50.094573974609375,50.21988296508789,50.6407356262207,51.368797302246094
M5_YHUR_SHUR,5,HUR,HUR,2025-02-13,2025-02-13,1,Yd,757.9939575195312,750.7916870117188,760.2366943359375,745.9671630859375,738.8538818359375
M5_YHUR_SHUR,5,HUR,HUR,2025-02-13,2025-02-13,1,TSE,704.2220458984375,749.1246948242188,743.35546875,778.53369140625,755.3760375976562
M5_YHUR_SHUR,5,HUR,HUR,2025-02-13,2025-02-13,1,TSEC,46.35061264038086,50.101280212402344,49.766902923583984,49.82749938964844,50.68075942993164
M5_YHUR_SHUR,5,HUR,HUR,2025-02-13,2025-02-14,2,Yd,819.4194946289062,750.7916870117188,758.630126953125,734.27734375,732.238037109375
M5_YHUR_SHUR,5,HUR,HUR,2025-02-13,2025-02-14,2,TSE,783.0241088867188,749.1246948242188,744.1031494140625,761.7298583984375,759.2252807617188
M5_YHUR_SHUR,5,HUR,HUR,2025-02-13,2025-02-14,2,TSEC,53.118900299072266,50.101280212402344,49.74565124511719,50.45051956176758,51.111507415771484
M5_YHUR_SHUR,5,HUR,HUR,2025-02-13,2025-02-15,3,Yd,643.846923828125,750.7916870117188,760.853759765625,723.186279296875,730.619873046875
M5_YHUR_SHUR,5,HUR,HUR,2025-02-13,2025-02-15,3,TSE,837.7935791015625,749.1246948242188,750.0510864257812,777.7291870117188,760.8511352539062
M5_YHUR_SHUR,5,HUR,HUR,2025-02-13,2025-02-15,3,TSEC,49.61246109008789,50.101280212402344,49.7453727722168,51.03711700439453,51.26957702636719
M5_YHUR_SHUR,5,HUR,HUR,2025-02-14,2025-02-14,1,Yd,819.4194946289062,750.8009643554688,761.2600708007812,743.24462890625,740.3575439453125
M5_YHUR_SHUR,5,HUR,HUR,2025-02-14,2025-02-14,1,TSE,783.0241088867188,749.0667724609375,746.19580078125,752.5541381835938,755.4063110351562
M5_YHUR_SHUR,5,HUR,HUR,2025-02-14,2025-02-14,1,TSEC,53.118900299072266,50.09644317626953,49.83731460571289,50.035316467285156,50.728702545166016
M5_YHUR_SHUR,5,HUR,HUR,2025-02-14,2025-02-15,2,Yd,643.846923828125,750.8009643554688,759.6846313476562,751.8245239257812,737.7322998046875
M5_YHUR_SHUR,5,HUR,HUR,2025-02-14,2025-02-15,2,TSE,837.7935791015625,749.0667724609375,743.3535766601562,748.6298217773438,758.9475708007812
M5_YHUR_SHUR,5,HUR,HUR,2025-02-14,2025-02-15,2,TSEC,49.61246109008789,50.09644317626953,49.85863494873047,50.60014724731445,50.99449920654297
M5_YHUR_SHUR,5,HUR,HUR,2025-02-14,2025-02-16,3,Yd,734.800048828125,750.8009643554688,763.4755249023438,754.186767578125,740.033203125
M5_YHUR_SHUR,5,HUR,HUR,2025-02-14,2025-02-16,3,TSE,759.029296875,749.0667724609375,745.1925048828125,754.1781005859375,760.5626220703125
M5_YHUR_SHUR,5,HUR,HUR,2025-02-14,2025-02-16,3,TSEC,60.927024841308594,50.09644317626953,49.75176239013672,50.583717346191406,50.96589660644531
M5_YHUR_SHUR,5,HUR,HUR,2025-02-15,2025-02-15,1,Yd,643.846923828125,750.8893432617188,761.5884399414062,744.8636474609375,744.30224609375
M5_YHUR_SHUR,5,HUR,HUR,2025-02-15,2025-02-15,1,TSE,837.7935791015625,749.1104736328125,748.568359375,758.6819458007812,754.5170288085938
M5_YHUR_SHUR,5,HUR,HUR,2025-02-15,2025-02-15,1,TSEC,49.61246109008789,50.100337982177734,49.853660583496094,50.51675033569336,50.599971771240234
M5_YHUR_SHUR,5,HUR,HUR,2025-02-15,2025-02-16,2,Yd,734.800048828125,750.8893432617188,761.9869384765625,738.7437744140625,746.6953735351562
M5_YHUR_SHUR,5,HUR,HUR,2025-02-15,2025-02-16,2,TSE,759.029296875,749.1104736328125,742.6387329101562,762.3929443359375,756.3541870117188
M5_YHUR_SHUR,5,HUR,HUR,2025-02-15,2025-02-16,2,TSEC,60.927024841308594,50.100337982177734,49.82084274291992,49.680389404296875,50.7171745300293
M5_YHUR_SHUR,5,HUR,HUR,2025-02-15,2025-02-17,3,Yd,752.1156616210938,750.8893432617188,760.8562622070312,744.4215698242188,752.3328857421875
M5_YHUR_SHUR,5,HUR,HUR,2025-02-15,2025-02-17,3,TSE,739.4652709960938,749.1104736328125,748.266845703125,768.7809448242188,753.33935546875
M5_YHUR_SHUR,5,HUR,HUR,2025-02-15,2025-02-17,3,TSEC,54.58481216430664,50.100337982177734,50.15489959716797,49.68644714355469,50.706050872802734
M5_YHUR_SHUR,5,HUR,HUR,2025-02-16,2025-02-16,1,Yd,734.800048828125,750.7515869140625,760.380615234375,746.5941772460938,745.9240112304688
M5_YHUR_SHUR,5,HUR,HUR,2025-02-16,2025-02-16,1,TSE,759.029296875,749.2246704101562,747.3451538085938,755.4962768554688,750.7029418945312
M5_YHUR_SHUR,5,HUR,HUR,2025-02-16,2025-02-16,1,TSEC,60.927024841308594,50.09971237182617,49.64399719238281,49.46187973022461,50.54424285888672
M5_YHUR_SHUR,5,HUR,HUR,2025-02-16,2025-02-17,2,Yd,752.1156616210938,750.7515869140625,759.9697265625,760.8766479492188,748.4389038085938
M5_YHUR_SHUR,5,HUR,HUR,2025-02-16,2025-02-17,2,TSE,739.4652709960938,749.2246704101562,748.0480346679688,772.14990234375,747.379150390625
M5_YHUR_SHUR,5,HUR,HUR,2025-02-16,2025-02-17,2,TSEC,54.58481216430664,50.09971237182617,49.85800552368164,49.92216873168945,50.7081298828125
M5_YHUR_SHUR,5,HUR,HUR,2025-02-16,2025-02-18,3,Yd,770.58740234375,750.7515869140625,750.8283081054688,774.6083984375,748.724853515625
M5_YHUR_SHUR,5,HUR,HUR,2025-02-16,2025-02-18,3,TSE,592.1832275390625,749.2246704101562,752.4676513671875,765.999267578125,744.52587890625
M5_YHUR_SHUR,5,HUR,HUR,2025-02-16,2025-02-18,3,TSEC,51.47366714477539,50.09971237182617,49.712520599365234,49.99557876586914,50.83186340332031
M5_YHUR_SHUR,5,HUR,HUR,2025-02-17,2025-02-17,1,Yd,752.1156616210938,750.7310180664062,758.6390991210938,764.636474609375,749.1500244140625
M5_YHUR_SHUR,5,HUR,HUR,2025-02-17,2025-02-17,1,TSE,739.4652709960938,749.2372436523438,747.7929077148438,773.2185668945312,749.0841064453125
M5_YHUR_SHUR,5,HUR,HUR,2025-02-17,2025-02-17,1,TSEC,54.58481216430664,50.11362838745117,49.84343719482422,50.029701232910156,50.360660552978516
M5_YHUR_SHUR,5,HUR,HUR,2025-02-17,2025-02-18,2,Yd,770.58740234375,750.7310180664062,750.51904296875,767.0711669921875,749.6409301757812
M5_YHUR_SHUR,5,HUR,HUR,2025-02-17,2025-02-18,2,TSE,592.1832275390625,749.2372436523438,740.3670043945312,757.4192504882812,747.2449951171875
M5_YHUR_SHUR,5,HUR,HUR,2025-02-17,2025-02-18,2,TSEC,51.47366714477539,50.11362838745117,50.08607864379883,49.98297882080078,50.46744918823242
M5_YHUR_SHUR,5,HUR,HUR,2025-02-17,2025-02-19,3,Yd,833.0136108398438,750.7310180664062,756.9508666992188,769.7177734375,746.0879516601562
M5_YHUR_SHUR,5,HUR,HUR,2025-02-17,2025-02-19,3,TSE,840.6224365234375,749.2372436523438,743.734619140625,773.5975952148438,749.3350830078125
M5_YHUR_SHUR,5,HUR,HUR,2025-02-17,2025-02-19,3,TSEC,38.840782165527344,50.11362838745117,49.68143844604492,50.438697814941406,50.602027893066406
M5_YHUR_SHUR,5,HUR,HUR,2025-02-18,2025-02-18,1,Yd,770.58740234375,750.7328491210938,761.6513671875,751.4794921875,747.6187133789062
M5_YHUR_SHUR,5,HUR,HUR,2025-02-18,2025-02-18,1,TSE,592.1832275390625,749.2247314453125,741.78466796875,756.769287109375,750.6571655273438
M5_YHUR_SHUR,5,HUR,HUR,2025-02-18,2025-02-18,1,TSEC,51.47366714477539,50.11936950683594,49.75636672973633,49.678688049316406,50.33973693847656
M5_YHUR_SHUR,5,HUR,HUR,2025-02-18,2025-02-19,2,Yd,833.0136108398438,750.7328491210938,752.6588134765625,760.653564453125,745.0379028320312
M5_YHUR_SHUR,5,HUR,HUR,2025-02-18,2025-02-19,2,TSE,840.6224365234375,749.2247314453125,744.675048828125,764.9139404296875,753.7831420898438
M5_YHUR_SHUR,5,HUR,HUR,2025-02-18,2025-02-19,2,TSEC,38.840782165527344,50.11936950683594,49.90998077392578,49.51662063598633,50.38645935058594
M5_YHUR_SHUR,5,HUR,HUR,2025-02-18,2025-02-20,3,Yd,714.4428100585938,750.7328491210938,755.4203491210938,754.9197387695312,740.98291015625
M5_YHUR_SHUR,5,HUR,HUR,2025-02-18,2025-02-20,3,TSE,797.4933471679688,749.2247314453125,749.0213623046875,764.4482421875,758.7110595703125
M5_YHUR_SHUR,5,HUR,HUR,2025-02-18,2025-02-20,3,TSEC,43.49814224243164,50.11936950683594,49.882015228271484,49.78932571411133,50.46057891845703
M5_YHUR_SHUR,5,HUR,HUR,2025-02-19,2025-02-19,1,Yd,833.0136108398438,750.7583618164062,753.6757202148438,741.6121826171875,747.2200317382812
M5_YHUR_SHUR,5,HUR,HUR,2025-02-19,2025-02-19,1,TSE,840.6224365234375,749.0233764648438,739.6807250976562,758.7162475585938,756.5345458984375
M5_YHUR_SHUR,5,HUR,HUR,2025-02-19,2025-02-19,1,TSEC,38.840782165527344,50.1211051940918,50.997257232666016,49.619415283203125,50.16751480102539
M5_YHUR_SHUR,5,HUR,HUR,2025-02-19,2025-02-20,2,Yd,714.4428100585938,750.7583618164062,760.8949584960938,743.8875122070312,745.9492797851562
M5_YHUR_SHUR,5,HUR,HUR,2025-02-19,2025-02-20,2,TSE,797.4933471679688,749.0233764648438,749.808837890625,753.3516235351562,763.7249755859375
M5_YHUR_SHUR,5,HUR,HUR,2025-02-19,2025-02-20,2,TSEC,43.49814224243164,50.1211051940918,50.358306884765625,50.4836540222168,50.157814025878906
M5_YHUR_SHUR,5,HUR,HUR,2025-02-19,2025-02-21,3,Yd,667.7249145507812,750.7583618164062,752.8319091796875,743.3759765625,745.7838745117188
M5_YHUR_SHUR,5,HUR,HUR,2025-02-19,2025-02-21,3,TSE,662.7073364257812,749.0233764648438,743.177978515625,767.8574829101562,769.1543579101562
M5_YHUR_SHUR,5,HUR,HUR,2025-02-19,2025-02-21,3,TSEC,42.30973815917969,50.1211051940918,50.14264678955078,50.459259033203125,50.28721237182617
M5_YHUR_SHUR,5,HUR,HUR,2025-02-20,2025-02-20,1,Yd,714.4428100585938,750.8636474609375,758.0932006835938,752.8955078125,742.3712158203125
M5_YHUR_SHUR,5,HUR,HUR,2025-02-20,2025-02-20,1,TSE,797.4933471679688,749.1406860351562,742.66064453125,752.81591796875,757.3486328125
M5_YHUR_SHUR,5,HUR,HUR,2025-02-20,2025-02-20,1,TSEC,43.49814224243164,50.106658935546875,50.33995056152344,49.85464859008789,50.53628158569336
M5_YHUR_SHUR,5,HUR,HUR,2025-02-20,2025-02-21,2,Yd,667.7249145507812,750.8636474609375,757.9976196289062,734.910888671875,738.4037475585938
M5_YHUR_SHUR,5,HUR,HUR,2025-02-20,2025-02-21,2,TSE,662.7073364257812,749.1406860351562,741.1260375976562,765.67041015625,763.2215576171875
M5_YHUR_SHUR,5,HUR,HUR,2025-02-20,2025-02-21,2,TSEC,42.30973815917969,50.106658935546875,49.60103988647461,49.28110122680664,50.93397521972656
M5_YHUR_SHUR,5,HUR,HUR,2025-02-20,2025-02-22,3,Yd,723.7463989257812,750.8636474609375,762.59912109375,737.8140869140625,739.4542236328125
M5_YHUR_SHUR,5,HUR,HUR,2025-02-20,2025-02-22,3,TSE,653.8860473632812,749.1406860351562,747.8599853515625,766.7810668945312,767.1875610351562
M5_YHUR_SHUR,5,HUR,HUR,2025-02-20,2025-02-22,3,TSEC,45.50123596191406,50.106658935546875,50.085411071777344,49.334964752197266,51.057762145996094
M5_YHUR_SHUR,5,HUR,HUR,2025-02-21,2025-02-21,1,Yd,667.7249145507812,750.817138671875,758.4486083984375,740.2447509765625,741.24365234375
M5_YHUR_SHUR,5,HUR,HUR,2025-02-21,2025-02-21,1,TSE,662.7073364257812,749.2025146484375,745.0869750976562,764.6519775390625,755.837646484375
M5_YHUR_SHUR,5,HUR,HUR,2025-02-21,2025-02-21,1,TSEC,42.30973815917969,50.098209381103516,49.849395751953125,49.76409912109375,50.79084777832031
M5_YHUR_SHUR,5,HUR,HUR,2025-02-21,2025-02-22,2,Yd,723.7463989257812,750.817138671875,760.8648681640625,729.570068359375,739.4528198242188
M5_YHUR_SHUR,5,HUR,HUR,2025-02-21,2025-02-22,2,TSE,653.8860473632812,749.2025146484375,741.6917114257812,754.1510009765625,760.232666015625
M5_YHUR_SHUR,5,HUR,HUR,2025-02-21,2025-02-22,2,TSEC,45.50123596191406,50.098209381103516,50.055809020996094,50.746795654296875,51.11852264404297
M5_YHUR_SHUR,5,HUR,HUR,2025-02-21,2025-02-23,3,Yd,662.7496948242188,750.817138671875,762.2642211914062,712.852783203125,743.2327270507812
M5_YHUR_SHUR,5,HUR,HUR,2025-02-21,2025-02-23,3,TSE,695.47998046875,749.2025146484375,746.3228759765625,763.320068359375,762.1089477539062
M5_YHUR_SHUR,5,HUR,HUR,2025-02-21,2025-02-23,3,TSEC,48.70790100097656,50.098209381103516,50.17094802856445,51.27047348022461,51.155277252197266
M5_YHUR_SHUR,5,HUR,HUR,2025-02-22,2025-02-22,1,Yd,723.7463989257812,750.7108764648438,762.3331909179688,748.9121704101562,745.1884765625
M5_YHUR_SHUR,5,HUR,HUR,2025-02-22,2025-02-22,1,TSE,653.8860473632812,749.092041015625,754.0228881835938,755.2705078125,755.3480834960938
M5_YHUR_SHUR,5,HUR,HUR,2025-02-22,2025-02-22,1,TSEC,45.50123596191406,50.088260650634766,49.57744598388672,51.13076400756836,50.67985534667969
M5_YHUR_SHUR,5,HUR,HUR,2025-02-22,2025-02-23,2,Yd,662.7496948242188,750.7108764648438,764.7532348632812,755.7662963867188,749.7848510742188
M5_YHUR_SHUR,5,HUR,HUR,2025-02-22,2025-02-23,2,TSE,695.47998046875,749.092041015625,747.4489135742188,759.4719848632812,756.6895141601562
M5_YHUR_SHUR,5,HUR,HUR,2025-02-22,2025-02-23,2,TSEC,48.70790100097656,50.088260650634766,49.691139221191406,51.299278259277344,50.94832229614258
M5_YHUR_SHUR,5,HUR,HUR,2025-02-22,2025-02-24,3,Yd,654.9100952148438,750.7108764648438,756.45751953125,768.6627197265625,756.8180541992188
M5_YHUR_SHUR,5,HUR,HUR,2025-02-22,2025-02-24,3,TSE,734.5765991210938,749.092041015625,747.007568359375,768.2981567382812,753.9317016601562
M5_YHUR_SHUR,5,HUR,HUR,2025-02-22,2025-02-24,3,TSEC,47.86630630493164,50.088260650634766,49.61122131347656,50.851810455322266,51.115760803222656
M5_YHUR_SHUR,5,HUR,HUR,2025-02-23,2025-02-23,1,Yd,662.7496948242188,750.6765747070312,753.7161865234375,752.6296997070312,753.4030151367188
M5_YHUR_SHUR,5,HUR,HUR,2025-02-23,2025-02-23,1,TSE,695.47998046875,748.9705200195312,746.4115600585938,751.3228149414062,752.23388671875
M5_YHUR_SHUR,5,HUR,HUR,2025-02-23,2025-02-23,1,TSEC,48.70790100097656,50.0824089050293,49.932525634765625,51.026390075683594,50.57844161987305
M5_YHUR_SHUR,5,HUR,HUR,2025-02-23,2025-02-24,2,Yd,654.9100952148438,750.6765747070312,754.5603637695312,766.7700805664062,762.2627563476562
M5_YHUR_SHUR,5,HUR,HUR,2025-02-23,2025-02-24,2,TSE,734.5765991210938,748.9705200195312,746.140625,759.0891723632812,749.5782470703125
M5_YHUR_SHUR,5,HUR,HUR,2025-02-23,2025-02-24,2,TSEC,47.86630630493164,50.0824089050293,50.2340087890625,50.52762222290039,50.80758285522461
M5_YHUR_SHUR,5,HUR,HUR,2025-02-23,2025-02-25,3,Yd,699.4653930664062,750.6765747070312,752.1533813476562,775.0230102539062,768.1307983398438
M5_YHUR_SHUR,5,HUR,HUR,2025-02-23,2025-02-25,3,TSE,770.7642822265625,748.9705200195312,755.043701171875,763.5911254882812,746.6641235351562
M5_YHUR_SHUR,5,HUR,HUR,2025-02-23,2025-02-25,3,TSEC,54.03011703491211,50.0824089050293,49.686485290527344,50.30923843383789,50.97397232055664
M5_YHUR_SHUR,5,HUR,HUR,2025-02-24,2025-02-24,1,Yd,654.9100952148438,750.5645751953125,759.3770141601562,757.3155517578125,757.1488647460938
M5_YHUR_SHUR,5,HUR,HUR,2025-02-24,2025-02-24,1,TSE,734.5765991210938,748.9024047851562,748.9319458007812,757.5602416992188,748.3131103515625
M5_YHUR_SHUR,5,HUR,HUR,2025-02-24,2025-02-24,1,TSEC,47.86630630493164,50.08066177368164,49.74664306640625,50.65958786010742,50.483577728271484
M5_YHUR_SHUR,5,HUR,HUR,2025-02-24,2025-02-25,2,Yd,699.4653930664062,750.5645751953125,749.3796997070312,763.4537353515625,764.1102905273438
M5_YHUR_SHUR,5,HUR,HUR,2025-02-24,2025-02-25,2,TSE,770.7642822265625,748.9024047851562,729.83544921875,764.3978881835938,745.6004638671875
M5_YHUR_SHUR,5,HUR,HUR,2025-02-24,2025-02-25,2,TSEC,54.03011703491211,50.08066177368164,49.645896911621094,49.52875900268555,50.71552276611328
M5_YHUR_SHUR,5,HUR,HUR,2025-02-24,2025-02-26,3,Yd,686.3750610351562,750.5645751953125,754.5428466796875,764.1467895507812,766.664794921875
M5_YHUR_SHUR,5,HUR,HUR,2025-02-24,2025-02-26,3,TSE,690.3213500976562,748.9024047851562,754.7018432617188,763.0762939453125,744.890625
M5_YHUR_SHUR,5,HUR,HUR,2025-02-24,2025-02-26,3,TSEC,47.1274528503418,50.08066177368164,49.758216857910156,49.725189208984375,50.88089370727539
M5_YHUR_SHUR,5,HUR,HUR,2025-02-25,2025-02-25,1,Yd,699.4653930664062,750.4428100585938,758.5094604492188,753.455322265625,754.8360595703125
M5_YHUR_SHUR,5,HUR,HUR,2025-02-25,2025-02-25,1,TSE,770.7642822265625,748.8842163085938,729.9207763671875,756.6456909179688,747.4231567382812
M5_YHUR_SHUR,5,HUR,HUR,2025-02-25,2025-02-25,1,TSEC,54.03011703491211,50.07784652709961,49.60139465332031,49.86734390258789,50.47294616699219
M5_YHUR_SHUR,5,HUR,HUR,2025-02-25,2025-02-26,2,Yd,686.3750610351562,750.4428100585938,747.9663696289062,754.0236206054688,758.0202026367188
M5_YHUR_SHUR,5,HUR,HUR,2025-02-25,2025-02-26,2,TSE,690.3213500976562,748.8842163085938,754.8643798828125,758.265380859375,746.607666015625
M5_YHUR_SHUR,5,HUR,HUR,2025-02-25,2025-02-26,2,TSEC,47.1274528503418,50.07784652709961,49.72740173339844,49.55263900756836,50.66068649291992
M5_YHUR_SHUR,5,HUR,HUR,2025-02-25,2025-02-27,3,Yd,795.8159790039062,750.4428100585938,752.4422607421875,751.8582763671875,758.7539672851562
M5_YHUR_SHUR,5,HUR,HUR,2025-02-25,2025-02-27,3,TSE,807.61865234375,748.8842163085938,755.8004760742188,754.641357421875,747.828369140625
M5_YHUR_SHUR,5,HUR,HUR,2025-02-25,2025-02-27,3,TSEC,50.25372314453125,50.07784652709961,49.79623031616211,49.592491149902344,50.80352020263672
M5_YHUR_SHUR,5,HUR,HUR,2025-02-26,2025-02-26,1,Yd,686.3750610351562,750.3781127929688,747.3540649414062,759.2048950195312,751.100341796875
M5_YHUR_SHUR,5,HUR,HUR,2025-02-26,2025-02-26,1,TSE,690.3213500976562,748.9119873046875,743.4590454101562,764.727783203125,749.4888305664062
M5_YHUR_SHUR,5,HUR,HUR,2025-02-26,2025-02-26,1,TSEC,47.1274528503418,50.08286666870117,49.82923889160156,49.68503189086914,50.36428451538086
M5_YHUR_SHUR,5,HUR,HUR,2025-02-26,2025-02-27,2,Yd,795.8159790039062,750.3781127929688,749.3463745117188,746.8709106445312,752.1908569335938
M5_YHUR_SHUR,5,HUR,HUR,2025-02-26,2025-02-27,2,TSE,807.61865234375,748.9119873046875,743.9274291992188,749.2858276367188,750.68896484375
M5_YHUR_SHUR,5,HUR,HUR,2025-02-26,2025-02-27,2,TSEC,50.25372314453125,50.08286666870117,49.75835418701172,49.929527282714844,50.488040924072266
M5_YHUR_SHUR,5,HUR,HUR,2025-02-26,2025-02-28,3,Yd,762.1561279296875,750.3781127929688,743.1400146484375,749.0657958984375,754.0758056640625
M5_YHUR_SHUR,5,HUR,HUR,2025-02-26,2025-02-28,3,TSE,704.4406127929688,748.9119873046875,744.67724609375,747.9541625976562,751.2591552734375
M5_YHUR_SHUR,5,HUR,HUR,2025-02-26,2025-02-28,3,TSEC,48.968994140625,50.08286666870117,49.70471954345703,49.75979995727539,50.659366607666016
M5_YHUR_SHUR,5,HUR,HUR,2025-02-27,2025-02-27,1,Yd,795.8159790039062,750.296875,752.9932250976562,746.9094848632812,749.1741943359375
M5_YHUR_SHUR,5,HUR,HUR,2025-02-27,2025-02-27,1,TSE,807.61865234375,748.837646484375,745.3159790039062,757.2757568359375,752.0255737304688
M5_YHUR_SHUR,5,HUR,HUR,2025-02-27,2025-02-27,1,TSEC,50.25372314453125,50.07911682128906,49.61473083496094,50.04972839355469,50.43502426147461
M5_YHUR_SHUR,5,HUR,HUR,2025-02-27,2025-02-28,2,Yd,762.1561279296875,750.296875,761.921630859375,743.5143432617188,751.7413940429688
M5_YHUR_SHUR,5,HUR,HUR,2025-02-27,2025-02-28,2,TSE,704.4406127929688,748.837646484375,745.9993896484375,747.343017578125,752.2100219726562
M5_YHUR_SHUR,5,HUR,HUR,2025-02-27,2025-02-28,2,TSEC,48.968994140625,50.07911682128906,49.6922492980957,50.45618438720703,50.6944465637207
M5_YHUR_SHUR,5,HUR,HUR,2025-02-27,2025-03-01,3,Yd,724.659423828125,750.296875,756.3860473632812,737.408447265625,757.3077392578125
M5_YHUR_SHUR,5,HUR,HUR,2025-02-27,2025-03-01,3,TSE,795.947021484375,748.837646484375,745.0557250976562,736.2266845703125,750.2020263671875
M5_YHUR_SHUR,5,HUR,HUR,2025-02-27,2025-03-01,3,TSEC,50.29252243041992,50.07911682128906,49.96206283569336,50.135528564453125,50.88849639892578
M5_YHUR_SHUR,5,HUR,HUR,2025-02-28,2025-02-28,1,Yd,762.1561279296875,750.3545532226562,759.8817749023438,748.9449462890625,749.2138061523438
M5_YHUR_SHUR,5,HUR,HUR,2025-02-28,2025-02-28,1,TSE,704.4406127929688,748.9120483398438,744.041015625,747.2335815429688,751.2655639648438
M5_YHUR_SHUR,5,HUR,HUR,2025-02-28,2025-02-28,1,TSEC,48.968994140625,50.0793342590332,49.828941345214844,50.1492805480957,50.487388610839844
M5_YHUR_SHUR,5,HUR,HUR,2025-02-28,2025-03-01,2,Yd,724.659423828125,750.3545532226562,763.0667114257812,749.9981079101562,754.8151245117188
M5_YHUR_SHUR,5,HUR,HUR,2025-02-28,2025-03-01,2,TSE,795.947021484375,748.9120483398438,752.8798828125,733.4031372070312,750.013427734375
M5_YHUR_SHUR,5,HUR,HUR,2025-02-28,2025-03-01,2,TSEC,50.29252243041992,50.0793342590332,49.732269287109375,50.586883544921875,50.68183898925781
M5_YHUR_SHUR,5,HUR,HUR,2025-02-28,2025-03-02,3,Yd,723.2740478515625,750.3545532226562,764.0830688476562,750.0994873046875,765.263916015625
M5_YHUR_SHUR,5,HUR,HUR,2025-02-28,2025-03-02,3,TSE,791.7023315429688,748.9120483398438,747.26416015625,742.4251098632812,747.0599975585938
M5_YHUR_SHUR,5,HUR,HUR,2025-02-28,2025-03-02,3,TSEC,50.688785552978516,50.0793342590332,49.6345329284668,50.746856689453125,50.70832061767578
M5_YHUR_SHUR,5,HUR,HUR,2025-03-01,2025-03-01,1,Yd,724.659423828125,750.3694458007812,760.2151489257812,746.0142822265625,754.6065673828125
M5_YHUR_SHUR,5,HUR,HUR,2025-03-01,2025-03-01,1,TSE,795.947021484375,748.8558349609375,753.5550537109375,747.571533203125,749.7823486328125
M5_YHUR_SHUR,5,HUR,HUR,2025-03-01,2025-03-01,1,TSEC,50.29252243041992,50.07793045043945,49.99449157714844,50.95376205444336,50.48387145996094
M5_YHUR_SHUR,5,HUR,HUR,2025-03-01,2025-03-02,2,Yd,723.2740478515625,750.3694458007812,759.33349609375,749.5198974609375,767.63671875
M5_YHUR_SHUR,5,HUR,HUR,2025-03-01,2025-03-02,2,TSE,791.7023315429688,748.8558349609375,747.3863525390625,748.4506225585938,746.5369873046875
M5_YHUR_SHUR,5,HUR,HUR,2025-03-01,2025-03-02,2,TSEC,50.688785552978516,50.07793045043945,50.06174087524414,49.919498443603516,50.58213806152344
M5_YHUR_SHUR,5,HUR,HUR,2025-03-01,2025-03-03,3,Yd,749.0052490234375,750.3694458007812,760.8170166015625,760.6929931640625,780.959716796875
M5_YHUR_SHUR,5,HUR,HUR,2025-03-01,2025-03-03,3,TSE,821.7550048828125,748.8558349609375,747.068603515625,761.064697265625,742.0880126953125
M5_YHUR_SHUR,5,HUR,HUR,2025-03-01,2025-03-03,3,TSEC,54.270206451416016,50.07793045043945,50.3370475769043,50.120506286621094,50.72323226928711
M5_YHUR_SHUR,5,HUR,HUR,2025-03-02,2025-03-02,1,Yd,723.2740478515625,750.3369750976562,761.193115234375,751.9885864257812,758.6773681640625
M5_YHUR_SHUR,5,HUR,HUR,2025-03-02,2025-03-02,1,TSE,791.7023315429688,748.9154052734375,745.0626831054688,745.8762817382812,747.3179931640625
M5_YHUR_SHUR,5,HUR,HUR,2025-03-02,2025-03-02,1,TSEC,50.688785552978516,50.07820510864258,49.89712905883789,50.42158126831055,50.3941535949707
M5_YHUR_SHUR,5,HUR,HUR,2025-03-02,2025-03-03,2,Yd,749.0052490234375,750.3369750976562,760.0423583984375,771.13134765625,772.8958740234375
M5_YHUR_SHUR,5,HUR,HUR,2025-03-02,2025-03-03,2,TSE,821.7550048828125,748.9154052734375,747.0087890625,768.186279296875,742.4734497070312
M5_YHUR_SHUR,5,HUR,HUR,2025-03-02,2025-03-03,2,TSEC,54.270206451416016,50.07820510864258,50.00567626953125,49.612144470214844,50.54288864135742
M5_YHUR_SHUR,5,HUR,HUR,2025-03-02,2025-03-04,3,Yd,841.6337890625,750.3369750976562,751.2694702148438,772.81494140625,782.5648193359375
M5_YHUR_SHUR,5,HUR,HUR,2025-03-02,2025-03-04,3,TSE,818.377197265625,748.9154052734375,760.6918334960938,768.034423828125,737.6434936523438
M5_YHUR_SHUR,5,HUR,HUR,2025-03-02,2025-03-04,3,TSEC,53.113616943359375,50.07820510864258,49.67559814453125,49.55044174194336,50.650455474853516
M5_YHUR_SHUR,5,HUR,HUR,2025-03-03,2025-03-03,1,Yd,749.0052490234375,750.3027954101562,760.3027954101562,748.0494995117188,759.9169311523438
M5_YHUR_SHUR,5,HUR,HUR,2025-03-03,2025-03-03,1,TSE,821.7550048828125,748.9693603515625,746.1633911132812,753.0239868164062,745.9557495117188
M5_YHUR_SHUR,5,HUR,HUR,2025-03-03,2025-03-03,1,TSEC,54.270206451416016,50.07897186279297,49.65827941894531,50.86314392089844,50.358497619628906
M5_YHUR_SHUR,5,HUR,HUR,2025-03-03,2025-03-04,2,Yd,841.6337890625,750.3027954101562,751.0819702148438,758.3787231445312,769.837646484375
M5_YHUR_SHUR,5,HUR,HUR,2025-03-03,2025-03-04,2,TSE,818.377197265625,748.9693603515625,728.3905029296875,763.8281860351562,740.7807006835938
M5_YHUR_SHUR,5,HUR,HUR,2025-03-03,2025-03-04,2,TSEC,53.113616943359375,50.07897186279297,49.62332534790039,49.64847946166992,50.47038269042969
M5_YHUR_SHUR,5,HUR,HUR,2025-03-03,2025-03-05,3,Yd,700.2838134765625,750.3027954101562,755.8873901367188,759.8117065429688,775.0768432617188
M5_YHUR_SHUR,5,HUR,HUR,2025-03-03,2025-03-05,3,TSE,743.8433227539062,748.9693603515625,752.4752197265625,761.720947265625,738.8416137695312
M5_YHUR_SHUR,5,HUR,HUR,2025-03-03,2025-03-05,3,TSEC,45.86581039428711,50.07897186279297,49.734710693359375,49.5511589050293,50.406646728515625
M5_YHUR_SHUR,5,HUR,HUR,2025-03-04,2025-03-04,1,Yd,841.6337890625,750.3012084960938,750.689697265625,756.7381591796875,756.4334106445312
M5_YHUR_SHUR,5,HUR,HUR,2025-03-04,2025-03-04,1,TSE,818.377197265625,749.0611572265625,744.734375,756.783447265625,746.2510986328125
M5_YHUR_SHUR,5,HUR,HUR,2025-03-04,2025-03-04,1,TSEC,53.113616943359375,50.084259033203125,49.672584533691406,49.62308120727539,50.24031448364258
M5_YHUR_SHUR,5,HUR,HUR,2025-03-04,2025-03-05,2,Yd,700.2838134765625,750.3012084960938,755.626220703125,764.8697509765625,761.2799682617188
M5_YHUR_SHUR,5,HUR,HUR,2025-03-04,2025-03-05,2,TSE,743.8433227539062,749.0611572265625,749.8225708007812,770.0927734375,744.9172973632812
M5_YHUR_SHUR,5,HUR,HUR,2025-03-04,2025-03-05,2,TSEC,45.86581039428711,50.084259033203125,49.722679138183594,49.112876892089844,50.14581298828125
M5_YHUR_SHUR,5,HUR,HUR,2025-03-04,2025-03-06,3,Yd,744.1395874023438,750.3012084960938,754.5032958984375,761.7349853515625,762.7330322265625
M5_YHUR_SHUR,5,HUR,HUR,2025-03-04,2025-03-06,3,TSE,803.11083984375,749.0611572265625,741.9637451171875,761.6702270507812,746.4325561523438
M5_YHUR_SHUR,5,HUR,HUR,2025-03-04,2025-03-06,3,TSEC,51.35932922363281,50.084259033203125,49.853878021240234,49.47942352294922,50.082035064697266
M5_YHUR_SHUR,5,HUR,HUR,2025-03-05,2025-03-05,1,Yd,700.2838134765625,750.416259765625,755.6712036132812,747.161376953125,751.7890625
M5_YHUR_SHUR,5,HUR,HUR,2025-03-05,2025-03-05,1,TSE,743.8433227539062,749.1484375,738.7935180664062,758.0076293945312,750.3382568359375
M5_YHUR_SHUR,5,HUR,HUR,2025-03-05,2025-03-05,1,TSEC,45.86581039428711,50.08807373046875,50.470970153808594,49.447898864746094,50.10332489013672
M5_YHUR_SHUR,5,HUR,HUR,2025-03-05,2025-03-06,2,Yd,744.1395874023438,750.416259765625,755.1104736328125,750.5510864257812,752.60986328125
M5_YHUR_SHUR,5,HUR,HUR,2025-03-05,2025-03-06,2,TSE,803.11083984375,749.1484375,737.764892578125,758.6134033203125,753.4698486328125
M5_YHUR_SHUR,5,HUR,HUR,2025-03-05,2025-03-06,2,TSEC,51.35932922363281,50.08807373046875,49.74025344848633,49.379638671875,50.00528335571289
M5_YHUR_SHUR,5,HUR,HUR,2025-03-05,2025-03-07,3,Yd,623.3936157226562,750.416259765625,757.1884765625,743.4143676757812,754.169677734375
M5_YHUR_SHUR,5,HUR,HUR,2025-03-05,2025-03-07,3,TSE,723.5831298828125,749.1484375,745.5123291015625,762.8744506835938,755.8428344726562
M5_YHUR_SHUR,5,HUR,HUR,2025-03-05,2025-03-07,3,TSEC,51.29684066772461,50.08807373046875,49.917964935302734,49.82456588745117,50.112579345703125
M5_YHUR_SHUR,5,HUR,HUR,2025-03-06,2025-03-06,1,Yd,744.1395874023438,750.3531494140625,755.1822509765625,745.4586181640625,746.9682006835938
M5_YHUR_SHUR,5,HUR,HUR,2025-03-06,2025-03-06,1,TSE,803.11083984375,749.141845703125,740.291015625,757.6692504882812,754.171875
M5_YHUR_SHUR,5,HUR,HUR,2025-03-06,2025-03-06,1,TSEC,51.35932922363281,50.082763671875,49.70907974243164,49.839874267578125,50.320343017578125
M5_YHUR_SHUR,5,HUR,HUR,2025-03-06,2025-03-07,2,Yd,623.3936157226562,750.3531494140625,756.284423828125,740.9635620117188,746.52587890625
M5_YHUR_SHUR,5,HUR,HUR,2025-03-06,2025-03-07,2,TSE,723.5831298828125,749.141845703125,752.0537109375,766.8699340820312,757.566162109375
M5_YHUR_SHUR,5,HUR,HUR,2025-03-06,2025-03-07,2,TSEC,51.29684066772461,50.082763671875,49.73387145996094,50.54608154296875,50.545108795166016
M5_YHUR_SHUR,5,HUR,HUR,2025-03-06,2025-03-08,3,Yd,702.102783203125,750.3531494140625,759.2679443359375,739.9078369140625,749.6041870117188
M5_YHUR_SHUR,5,HUR,HUR,2025-03-06,2025-03-08,3,TSE,826.9176635742188,749.141845703125,744.4471435546875,762.7550659179688,758.7022094726562
M5_YHUR_SHUR,5,HUR,HUR,2025-03-06,2025-03-08,3,TSEC,50.72510528564453,50.082763671875,49.69297409057617,50.3626823425293,50.75397491455078
M5_YHUR_SHUR,5,HUR,HUR,2025-03-07,2025-03-07,1,Yd,623.3936157226562,750.3453369140625,755.4572143554688,744.3934936523438,745.9808349609375
M5_YHUR_SHUR,5,HUR,HUR,2025-03-07,2025-03-07,1,TSE,723.5831298828125,749.2096557617188,747.2533569335938,769.7186889648438,753.3115234375
M5_YHUR_SHUR,5,HUR,HUR,2025-03-07,2025-03-07,1,TSEC,51.29684066772461,50.08436584472656,49.79301834106445,49.581748962402344,50.534523010253906
M5_YHUR_SHUR,5,HUR,HUR,2025-03-07,2025-03-08,2,Yd,702.102783203125,750.3453369140625,758.669677734375,738.1605224609375,747.8740234375
M5_YHUR_SHUR,5,HUR,HUR,2025-03-07,2025-03-08,2,TSE,826.9176635742188,749.2096557617188,747.3984985351562,761.2218627929688,754.7999877929688
M5_YHUR_SHUR,5,HUR,HUR,2025-03-07,2025-03-08,2,TSEC,50.72510528564453,50.08436584472656,49.696075439453125,50.42971420288086,50.79301071166992
M5_YHUR_SHUR,5,HUR,HUR,2025-03-07,2025-03-09,3,Yd,848.8190307617188,750.3453369140625,759.478515625,735.0717163085938,756.0577392578125
M5_YHUR_SHUR,5,HUR,HUR,2025-03-07,2025-03-09,3,TSE,860.2440795898438,749.2096557617188,744.7019653320312,777.13134765625,753.8939208984375
M5_YHUR_SHUR,5,HUR,HUR,2025-03-07,2025-03-09,3,TSEC,52.60765838623047,50.08436584472656,49.679100036621094,50.59983444213867,50.77830123901367
M5_YHUR_SHUR,5,HUR,HUR,2025-03-08,2025-03-08,1,Yd,702.102783203125,750.18603515625,762.62109375,751.3931884765625,747.9126586914062
M5_YHUR_SHUR,5,HUR,HUR,2025-03-08,2025-03-08,1,TSE,826.9176635742188,749.1773681640625,742.758544921875,764.7816772460938,751.679443359375
M5_YHUR_SHUR,5,HUR,HUR,2025-03-08,2025-03-08,1,TSEC,50.72510528564453,50.08588790893555,49.87065124511719,49.32145309448242,50.57829666137695
M5_YHUR_SHUR,5,HUR,HUR,2025-03-08,2025-03-09,2,Yd,848.8190307617188,750.18603515625,761.2900390625,757.93310546875,755.3394165039062
M5_YHUR_SHUR,5,HUR,HUR,2025-03-08,2025-03-09,2,TSE,860.2440795898438,749.1773681640625,745.8630981445312,761.6895751953125,750.655517578125
M5_YHUR_SHUR,5,HUR,HUR,2025-03-08,2025-03-09,2,TSEC,52.60765838623047,50.08588790893555,49.82617950439453,49.93891525268555,50.69301223754883
M5_YHUR_SHUR,5,HUR,HUR,2025-03-08,2025-03-10,3,Yd,748.1220092773438,750.18603515625,759.5900268554688,769.8034057617188,766.5278930664062
M5_YHUR_SHUR,5,HUR,HUR,2025-03-08,2025-03-10,3,TSE,734.994140625,749.1773681640625,741.9591674804688,764.0635986328125,747.994140625
M5_YHUR_SHUR,5,HUR,HUR,2025-03-08,2025-03-10,3,TSEC,43.1614875793457,50.08588790893555,49.789859771728516,50.35594940185547,50.65740203857422
M5_YHUR_SHUR,5,HUR,HUR,2025-03-09,2025-03-09,1,Yd,848.8190307617188,750.1257934570312,760.3588256835938,751.4058227539062,751.2224731445312
M5_YHUR_SHUR,5,HUR,HUR,2025-03-09,2025-03-09,1,TSE,860.2440795898438,749.27490234375,751.6722412109375,750.1690673828125,748.9635009765625
M5_YHUR_SHUR,5,HUR,HUR,2025-03-09,2025-03-09,1,TSEC,52.60765838623047,50.086692810058594,49.645965576171875,50.690670013427734,50.50017547607422
M5_YHUR_SHUR,5,HUR,HUR,2025-03-09,2025-03-10,2,Yd,748.1220092773438,750.1257934570312,758.2754516601562,767.9686889648438,760.2468872070312
M5_YHUR_SHUR,5,HUR,HUR,2025-03-09,2025-03-10,2,TSE,734.994140625,749.27490234375,750.738037109375,767.516357421875,745.9942016601562
M5_YHUR_SHUR,5,HUR,HUR,2025-03-09,2025-03-10,2,TSEC,43.1614875793457,50.086692810058594,49.65119934082031,49.73539352416992,50.57325744628906
M5_YHUR_SHUR,5,HUR,HUR,2025-03-09,2025-03-11,3,Yd,711.8019409179688,750.1257934570312,748.3405151367188,773.4365234375,765.8015747070312
M5_YHUR_SHUR,5,HUR,HUR,2025-03-09,2025-03-11,3,TSE,694.4673461914062,749.27490234375,759.958251953125,767.0060424804688,742.3262329101562
M5_YHUR_SHUR,5,HUR,HUR,2025-03-09,2025-03-11,3,TSEC,54.70674133300781,50.086692810058594,49.64809036254883,49.784698486328125,50.62577438354492
M5_YHUR_SHUR,5,HUR,HUR,2025-03-10,2025-03-10,1,Yd,748.1220092773438,750.249267578125,759.1028442382812,749.4072265625,752.867919921875
M5_YHUR_SHUR,5,HUR,HUR,2025-03-10,2025-03-10,1,TSE,734.994140625,749.413818359375,754.5711669921875,748.5692749023438,748.135498046875
M5_YHUR_SHUR,5,HUR,HUR,2025-03-10,2025-03-10,1,TSEC,43.1614875793457,50.08984375,49.6815071105957,50.279476165771484,50.39286804199219
M5_YHUR_SHUR,5,HUR,HUR,2025-03-10,2025-03-11,2,Yd,711.8019409179688,750.249267578125,748.226806640625,755.581298828125,756.962890625
M5_YHUR_SHUR,5,HUR,HUR,2025-03-10,2025-03-11,2,TSE,694.4673461914062,749.413818359375,760.9326171875,771.8063354492188,745.2867431640625
M5_YHUR_SHUR,5,HUR,HUR,2025-03-10,2025-03-11,2,TSEC,54.70674133300781,50.08984375,49.844356536865234,48.81971740722656,50.46794891357422
M5_YHUR_SHUR,5,HUR,HUR,2025-03-10,2025-03-12,3,Yd,702.6396484375,750.249267578125,756.4695434570312,759.1226196289062,756.7128295898438
M5_YHUR_SHUR,5,HUR,HUR,2025-03-10,2025-03-12,3,TSE,674.8042602539062,749.413818359375,747.0508422851562,762.811279296875,745.7338256835938
M5_YHUR_SHUR,5,HUR,HUR,2025-03-10,2025-03-12,3,TSEC,45.4090690612793,50.08984375,49.99352264404297,49.52920150756836,50.46026611328125
M5_YHUR_SHUR,5,HUR,HUR,2025-03-11,2025-03-11,1,Yd,711.8019409179688,750.2466430664062,748.0849609375,745.201171875,749.9847412109375
M5_YHUR_SHUR,5,HUR,HUR,2025-03-11,2025-03-11,1,TSE,694.4673461914062,749.395751953125,741.7281494140625,741.8837890625,749.2545166015625
M5_YHUR_SHUR,5,HUR,HUR,2025-03-11,2025-03-11,1,TSEC,54.70674133300781,50.081180572509766,50.36130905151367,50.016868591308594,50.51511001586914
M5_YHUR_SHUR,5,HUR,HUR,2025-03-11,2025-03-12,2,Yd,702.6396484375,750.2466430664062,755.6765747070312,748.0751342773438,749.3892822265625
M5_YHUR_SHUR,5,HUR,HUR,2025-03-11,2025-03-12,2,TSE,674.8042602539062,749.395751953125,748.875732421875,770.6988525390625,751.3441162109375
M5_YHUR_SHUR,5,HUR,HUR,2025-03-11,2025-03-12,2,TSEC,45.4090690612793,50.081180572509766,50.36250305175781,50.55238723754883,50.62672424316406
M5_YHUR_SHUR,5,HUR,HUR,2025-03-11,2025-03-13,3,Yd,528.8168334960938,750.2466430664062,755.986572265625,746.4535522460938,745.7830810546875
M5_YHUR_SHUR,5,HUR,HUR,2025-03-11,2025-03-13,3,TSE,687.4385986328125,749.395751953125,741.3226318359375,754.1941528320312,755.9067993164062
M5_YHUR_SHUR,5,HUR,HUR,2025-03-11,2025-03-13,3,TSEC,48.687278747558594,50.081180572509766,49.76911163330078,50.87487030029297,50.721275329589844
M5_YHUR_SHUR,5,HUR,HUR,2025-03-12,2025-03-12,1,Yd,702.6396484375,750.1986694335938,754.0151977539062,754.8116455078125,747.9882202148438
M5_YHUR_SHUR,5,HUR,HUR,2025-03-12,2025-03-12,1,TSE,674.8042602539062,749.3271484375,752.30712890625,769.3711547851562,753.8834228515625
M5_YHUR_SHUR,5,HUR,HUR,2025-03-12,2025-03-12,1,TSEC,45.4090690612793,50.086952209472656,49.06247329711914,49.92827224731445,50.30891418457031
M5_YHUR_SHUR,5,HUR,HUR,2025-03-12,2025-03-13,2,Yd,528.8168334960938,750.1986694335938,753.62109375,749.8463134765625,745.9584350585938
M5_YHUR_SHUR,5,HUR,HUR,2025-03-12,2025-03-13,2,TSE,687.4385986328125,749.3271484375,755.8407592773438,769.9512939453125,759.3801879882812
M5_YHUR_SHUR,5,HUR,HUR,2025-03-12,2025-03-13,2,TSEC,48.687278747558594,50.086952209472656,49.87555694580078,51.445499420166016,50.39311981201172
M5_YHUR_SHUR,5,HUR,HUR,2025-03-12,2025-03-14,3,Yd,767.0237426757812,750.1986694335938,754.8324584960938,742.4392700195312,745.0057373046875
M5_YHUR_SHUR,5,HUR,HUR,2025-03-12,2025-03-14,3,TSE,715.6748046875,749.3271484375,743.6450805664062,772.9187622070312,763.021240234375
M5_YHUR_SHUR,5,HUR,HUR,2025-03-12,2025-03-14,3,TSEC,48.98847198486328,50.086952209472656,49.760093688964844,51.084285736083984,50.583290100097656
M5_YHUR_SHUR,5,HUR,HUR,2025-03-13,2025-03-13,1,Yd,528.8168334960938,750.1393432617188,750.2967529296875,746.8638305664062,745.814697265625
M5_YHUR_SHUR,5,HUR,HUR,2025-03-13,2025-03-13,1,TSE,687.4385986328125,749.2342529296875,739.2184448242188,758.2847290039062,757.0819702148438
M5_YHUR_SHUR,5,HUR,HUR,2025-03-13,2025-03-13,1,TSEC,48.687278747558594,50.08112716674805,49.826595306396484,49.77605056762695,50.43685531616211
M5_YHUR_SHUR,5,HUR,HUR,2025-03-13,2025-03-14,2,Yd,767.0237426757812,750.1393432617188,753.9191284179688,745.3160400390625,744.10595703125
M5_YHUR_SHUR,5,HUR,HUR,2025-03-13,2025-03-14,2,TSE,715.6748046875,749.2342529296875,748.300537109375,751.1172485351562,762.2286987304688
M5_YHUR_SHUR,5,HUR,HUR,2025-03-13,2025-03-14,2,TSEC,48.98847198486328,50.08112716674805,49.8085823059082,50.13390350341797,50.72890090942383
M5_YHUR_SHUR,5,HUR,HUR,2025-03-13,2025-03-15,3,Yd,672.9297485351562,750.1393432617188,750.176513671875,749.673095703125,745.8195190429688
M5_YHUR_SHUR,5,HUR,HUR,2025-03-13,2025-03-15,3,TSE,657.0913696289062,749.2342529296875,745.5855102539062,746.7821655273438,763.63134765625
M5_YHUR_SHUR,5,HUR,HUR,2025-03-13,2025-03-15,3,TSEC,49.61663055419922,50.08112716674805,49.838111877441406,49.97064208984375,50.94917678833008
M5_YHUR_SHUR,5,HUR,HUR,2025-03-14,2025-03-14,1,Yd,767.0237426757812,749.8637084960938,738.5408935546875,749.5673828125,744.20654296875
M5_YHUR_SHUR,5,HUR,HUR,2025-03-14,2025-03-14,1,TSE,715.6748046875,749.1572875976562,745.4766235351562,762.3281860351562,754.7286987304688
M5_YHUR_SHUR,5,HUR,HUR,2025-03-14,2025-03-14,1,TSEC,48.98847198486328,50.07939147949219,49.38868713378906,49.70726013183594,50.639854431152344
M5_YHUR_SHUR,5,HUR,HUR,2025-03-14,2025-03-15,2,Yd,672.9297485351562,749.8637084960938,731.109619140625,743.6799926757812,744.8565673828125
M5_YHUR_SHUR,5,HUR,HUR,2025-03-14,2025-03-15,2,TSE,657.0913696289062,749.1572875976562,742.5248413085938,751.7802124023438,755.8299560546875
M5_YHUR_SHUR,5,HUR,HUR,2025-03-14,2025-03-15,2,TSEC,49.61663055419922,50.07939147949219,49.73339080810547,50.234954833984375,50.921600341796875
M5_YHUR_SHUR,5,HUR,HUR,2025-03-14,2025-03-16,3,Yd,761.7911376953125,749.8637084960938,738.9039916992188,747.6361694335938,752.266357421875
M5_YHUR_SHUR,5,HUR,HUR,2025-03-14,2025-03-16,3,TSE,701.1065673828125,749.1572875976562,742.2203979492188,747.1071166992188,754.373779296875
M5_YHUR_SHUR,5,HUR,HUR,2025-03-14,2025-03-16,3,TSEC,56.50191116333008,50.07939147949219,48.384437561035156,50.32067108154297,51.002254486083984
M5_YHUR_SHUR,5,HUR,HUR,2025-03-15,2025-03-15,1,Yd,672.9297485351562,749.8851318359375,757.0541381835938,749.0826416015625,749.6870727539062
M5_YHUR_SHUR,5,HUR,HUR,2025-03-15,2025-03-15,1,TSE,657.0913696289062,749.1156616210938,755.031982421875,755.3897094726562,751.871337890625
M5_YHUR_SHUR,5,HUR,HUR,2025-03-15,2025-03-15,1,TSEC,49.61663055419922,50.07802963256836,49.63808822631836,50.87975311279297,50.596153259277344
M5_YHUR_SHUR,5,HUR,HUR,2025-03-15,2025-03-16,2,Yd,761.7911376953125,749.8851318359375,759.0023193359375,747.969970703125,759.108154296875
M5_YHUR_SHUR,5,HUR,HUR,2025-03-15,2025-03-16,2,TSE,701.1065673828125,749.1156616210938,750.4683227539062,745.379638671875,750.121826171875
M5_YHUR_SHUR,5,HUR,HUR,2025-03-15,2025-03-16,2,TSEC,56.50191116333008,50.07802963256836,49.76036834716797,49.82726287841797,50.76327896118164
M5_YHUR_SHUR,5,HUR,HUR,2025-03-15,2025-03-17,3,Yd,830.3577880859375,749.8851318359375,754.5211791992188,766.8643798828125,771.56640625
M5_YHUR_SHUR,5,HUR,HUR,2025-03-15,2025-03-17,3,TSE,708.7592163085938,749.1156616210938,748.1568603515625,758.0119018554688,747.1304931640625
M5_YHUR_SHUR,5,HUR,HUR,2025-03-15,2025-03-17,3,TSEC,50.31410598754883,50.07802963256836,49.68091583251953,50.01743698120117,50.791038513183594
M5_YHUR_SHUR,5,HUR,HUR,2025-03-16,2025-03-16,1,Yd,761.7911376953125,749.7894287109375,758.1347045898438,757.4832153320312,757.82958984375
M5_YHUR_SHUR,5,HUR,HUR,2025-03-16,2025-03-16,1,TSE,701.1065673828125,749.0013427734375,738.2012939453125,743.9612426757812,749.1829833984375
M5_YHUR_SHUR,5,HUR,HUR,2025-03-16,2025-03-16,1,TSEC,56.50191116333008,50.07745361328125,49.93436813354492,50.44417953491211,50.46274185180664
M5_YHUR_SHUR,5,HUR,HUR,2025-03-16,2025-03-17,2,Yd,830.3577880859375,749.7894287109375,753.7547607421875,765.8450927734375,771.2049560546875
M5_YHUR_SHUR,5,HUR,HUR,2025-03-16,2025-03-17,2,TSE,708.7592163085938,749.0013427734375,748.5595092773438,759.03466796875,746.4647827148438
M5_YHUR_SHUR,5,HUR,HUR,2025-03-16,2025-03-17,2,TSEC,50.31410598754883,50.07745361328125,49.85831832885742,50.17716598510742,50.63645553588867
M5_YHUR_SHUR,5,HUR,HUR,2025-03-16,2025-03-18,3,Yd,794.6925659179688,749.7894287109375,751.1029052734375,773.92822265625,781.3110961914062
M5_YHUR_SHUR,5,HUR,HUR,2025-03-16,2025-03-18,3,TSE,697.744384765625,749.0013427734375,750.6189575195312,761.2996215820312,744.0335693359375
M5_YHUR_SHUR,5,HUR,HUR,2025-03-16,2025-03-18,3,TSEC,46.74483871459961,50.07745361328125,49.808067321777344,49.93476104736328,50.756736755371094
M5_YHUR_SHUR,5,HUR,HUR,2025-03-17,2025-03-17,1,Yd,830.3577880859375,749.8043823242188,753.2078857421875,760.3179931640625,762.9228515625
M5_YHUR_SHUR,5,HUR,HUR,2025-03-17,2025-03-17,1,TSE,708.7592163085938,748.94189453125,742.2346801757812,767.4462280273438,748.4744262695312
M5_YHUR_SHUR,5,HUR,HUR,2025-03-17,2025-03-17,1,TSEC,50.31410598754883,50.08543014526367,49.20420455932617,50.55064010620117,50.31936264038086
M5_YHUR_SHUR,5,HUR,HUR,2025-03-17,2025-03-18,2,Yd,794.6925659179688,749.8043823242188,750.2750244140625,769.2125854492188,776.4823608398438
M5_YHUR_SHUR,5,HUR,HUR,2025-03-17,2025-03-18,2,TSE,697.744384765625,748.94189453125,746.3197021484375,760.9977416992188,745.7206420898438
M5_YHUR_SHUR,5,HUR,HUR,2025-03-17,2025-03-18,2,TSEC,46.74483871459961,50.08543014526367,49.870018005371094,49.818763732910156,50.32600021362305
M5_YHUR_SHUR,5,HUR,HUR,2025-03-17,2025-03-19,3,Yd,798.7589721679688,749.8043823242188,753.2294311523438,772.17724609375,785.1483154296875
M5_YHUR_SHUR,5,HUR,HUR,2025-03-17,2025-03-19,3,TSE,708.8699340820312,748.94189453125,740.4337158203125,773.3486328125,745.3497924804688
M5_YHUR_SHUR,5,HUR,HUR,2025-03-17,2025-03-19,3,TSEC,45.34502029418945,50.08543014526367,50.84709167480469,49.77161407470703,50.127960205078125
M5_YHUR_SHUR,5,HUR,HUR,2025-03-18,2025-03-18,1,Yd,794.6925659179688,749.9041137695312,753.5870361328125,754.5435180664062,763.17919921875
M5_YHUR_SHUR,5,HUR,HUR,2025-03-18,2025-03-18,1,TSE,697.744384765625,748.89208984375,749.1035766601562,752.9832153320312,750.3951416015625
M5_YHUR_SHUR,5,HUR,HUR,2025-03-18,2025-03-18,1,TSEC,46.74483871459961,50.085716247558594,49.70241928100586,49.743919372558594,50.16550064086914
M5_YHUR_SHUR,5,HUR,HUR,2025-03-18,2025-03-19,2,Yd,798.7589721679688,749.9041137695312,750.0716552734375,754.829345703125,774.5660400390625
M5_YHUR_SHUR,5,HUR,HUR,2025-03-18,2025-03-19,2,TSE,708.8699340820312,748.89208984375,750.5908203125,759.3154907226562,751.5252075195312
M5_YHUR_SHUR,5,HUR,HUR,2025-03-18,2025-03-19,2,TSEC,45.34502029418945,50.085716247558594,49.79166793823242,49.27777862548828,49.92789840698242
M5_YHUR_SHUR,5,HUR,HUR,2025-03-18,2025-03-20,3,Yd,919.152099609375,749.9041137695312,753.5875244140625,755.8602294921875,781.0219116210938
M5_YHUR_SHUR,5,HUR,HUR,2025-03-18,2025-03-20,3,TSE,698.4484252929688,748.89208984375,749.1058959960938,755.1719970703125,753.5845947265625
M5_YHUR_SHUR,5,HUR,HUR,2025-03-18,2025-03-20,3,TSEC,48.39554977416992,50.085716247558594,49.73965072631836,49.4957275390625,49.66801834106445
M5_YHUR_SHUR,5,HUR,HUR,2025-03-19,2025-03-19,1,Yd,798.7589721679688,749.9595947265625,752.6196899414062,747.9744873046875,759.6905517578125
M5_YHUR_SHUR,5,HUR,HUR,2025-03-19,2025-03-19,1,TSE,708.8699340820312,748.8287963867188,738.1010131835938,750.21630859375,754.068603515625
M5_YHUR_SHUR,5,HUR,HUR,2025-03-19,2025-03-19,1,TSEC,45.34502029418945,50.08157730102539,49.7567138671875,49.39044189453125,50.069454193115234
M5_YHUR_SHUR,5,HUR,HUR,2025-03-19,2025-03-20,2,Yd,919.152099609375,749.9595947265625,759.3714599609375,744.3921508789062,767.9371948242188
M5_YHUR_SHUR,5,HUR,HUR,2025-03-19,2025-03-20,2,TSE,698.4484252929688,748.8287963867188,738.1212158203125,749.8348999023438,757.7089233398438
M5_YHUR_SHUR,5,HUR,HUR,2025-03-19,2025-03-20,2,TSEC,48.39554977416992,50.08157730102539,49.78171157836914,49.88594055175781,49.850868225097656
M5_YHUR_SHUR,5,HUR,HUR,2025-03-19,2025-03-21,3,Yd,732.621826171875,749.9595947265625,753.2118530273438,746.747802734375,773.5724487304688
M5_YHUR_SHUR,5,HUR,HUR,2025-03-19,2025-03-21,3,TSE,725.7579345703125,748.8287963867188,744.8118286132812,739.2139892578125,760.2979736328125
M5_YHUR_SHUR,5,HUR,HUR,2025-03-19,2025-03-21,3,TSEC,47.943511962890625,50.08157730102539,49.864410400390625,50.0088005065918,49.829345703125
M5_YHUR_SHUR,5,HUR,HUR,2025-03-20,2025-03-20,1,Yd,919.152099609375,750.0199584960938,762.1898803710938,748.36474609375,755.4775390625
M5_YHUR_SHUR,5,HUR,HUR,2025-03-20,2025-03-20,1,TSE,698.4484252929688,748.7794189453125,748.4423828125,750.2822265625,756.7587890625
M5_YHUR_SHUR,5,HUR,HUR,2025-03-20,2025-03-20,1,TSEC,48.39554977416992,50.075721740722656,49.62176513671875,49.44134521484375,50.15180587768555
M5_YHUR_SHUR,5,HUR,HUR,2025-03-20,2025-03-21,2,Yd,732.621826171875,750.0199584960938,756.61083984375,745.6217651367188,762.5467529296875
M5_YHUR_SHUR,5,HUR,HUR,2025-03-20,2025-03-21,2,TSE,725.7579345703125,748.7794189453125,748.2333984375,738.150390625,760.8049926757812
M5_YHUR_SHUR,5,HUR,HUR,2025-03-20,2025-03-21,2,TSEC,47.943511962890625,50.075721740722656,49.73530960083008,50.120704650878906,50.181575775146484
M5_YHUR_SHUR,5,HUR,HUR,2025-03-20,2025-03-22,3,Yd,845.2136840820312,750.0199584960938,762.5642700195312,742.7698974609375,771.8590698242188
M5_YHUR_SHUR,5,HUR,HUR,2025-03-20,2025-03-22,3,TSE,824.0890502929688,748.7794189453125,749.3349609375,741.3787841796875,761.8282470703125
M5_YHUR_SHUR,5,HUR,HUR,2025-03-20,2025-03-22,3,TSEC,56.49818801879883,50.075721740722656,49.946083068847656,50.45249938964844,50.26738357543945
M5_YHUR_SHUR,5,HUR,HUR,2025-03-21,2025-03-21,1,Yd,732.621826171875,750.2286987304688,749.9317016601562,745.4583129882812,756.3279418945312
M5_YHUR_SHUR,5,HUR,HUR,2025-03-21,2025-03-21,1,TSE,725.7579345703125,748.71728515625,744.830810546875,747.738037109375,757.412353515625
M5_YHUR_SHUR,5,HUR,HUR,2025-03-21,2025-03-21,1,TSEC,47.943511962890625,50.07365036010742,49.82757568359375,50.03683853149414,50.223793029785156
M5_YHUR_SHUR,5,HUR,HUR,2025-03-21,2025-03-22,2,Yd,845.2136840820312,750.2286987304688,755.5083618164062,750.9027099609375,769.010009765625
M5_YHUR_SHUR,5,HUR,HUR,2025-03-21,2025-03-22,2,TSE,824.0890502929688,748.71728515625,744.3521728515625,731.0572509765625,760.9291381835938
M5_YHUR_SHUR,5,HUR,HUR,2025-03-21,2025-03-22,2,TSEC,56.49818801879883,50.07365036010742,49.843868255615234,50.533164978027344,50.207801818847656
M5_YHUR_SHUR,5,HUR,HUR,2025-03-21,2025-03-23,3,Yd,641.4573364257812,750.2286987304688,752.0046997070312,758.5764770507812,784.0335693359375
M5_YHUR_SHUR,5,HUR,HUR,2025-03-21,2025-03-23,3,TSE,833.2420043945312,748.71728515625,741.785400390625,751.1907348632812,761.6104125976562
M5_YHUR_SHUR,5,HUR,HUR,2025-03-21,2025-03-23,3,TSEC,58.06929016113281,50.07365036010742,49.63530349731445,50.52207946777344,50.21088790893555
M5_YHUR_SHUR,5,HUR,HUR,2025-03-22,2025-03-22,1,Yd,845.2136840820312,750.2069702148438,759.8973999023438,751.4263916015625,759.9830322265625
M5_YHUR_SHUR,5,HUR,HUR,2025-03-22,2025-03-22,1,TSE,824.0890502929688,748.68896484375,749.6943359375,748.9017944335938,755.3905639648438
M5_YHUR_SHUR,5,HUR,HUR,2025-03-22,2025-03-22,1,TSEC,56.49818801879883,50.071022033691406,49.62253952026367,50.363407135009766,50.31857681274414
M5_YHUR_SHUR,5,HUR,HUR,2025-03-22,2025-03-23,2,Yd,641.4573364257812,750.2069702148438,752.571044921875,762.2935791015625,777.064208984375
M5_YHUR_SHUR,5,HUR,HUR,2025-03-22,2025-03-23,2,TSE,833.2420043945312,748.68896484375,746.69189453125,762.3731689453125,756.159423828125
M5_YHUR_SHUR,5,HUR,HUR,2025-03-22,2025-03-23,2,TSEC,58.06929016113281,50.071022033691406,48.420135498046875,49.86991882324219,50.374568939208984
M5_YHUR_SHUR,5,HUR,HUR,2025-03-22,2025-03-24,3,Yd,722.3599243164062,750.2069702148438,754.8024291992188,775.3827514648438,793.896728515625
M5_YHUR_SHUR,5,HUR,HUR,2025-03-22,2025-03-24,3,TSE,760.4910278320312,748.68896484375,747.0868530273438,770.0477294921875,754.8247680664062
M5_YHUR_SHUR,5,HUR,HUR,2025-03-22,2025-03-24,3,TSEC,54.987064361572266,50.071022033691406,49.41259002685547,49.795841217041016,50.39669418334961
M5_YHUR_SHUR,5,HUR,HUR,2025-03-23,2025-03-23,1,Yd,641.4573364257812,750.3240356445312,761.4324340820312,756.8805541992188,764.5567626953125
M5_YHUR_SHUR,5,HUR,HUR,2025-03-23,2025-03-23,1,TSE,833.2420043945312,748.7818603515625,748.8175048828125,768.9456176757812,753.222412109375
M5_YHUR_SHUR,5,HUR,HUR,2025-03-23,2025-03-23,1,TSEC,58.06929016113281,50.07893371582031,49.48537063598633,50.53826904296875,50.15265655517578
M5_YHUR_SHUR,5,HUR,HUR,2025-03-23,2025-03-24,2,Yd,722.3599243164062,750.3240356445312,756.9495239257812,762.4774169921875,783.2498168945312
M5_YHUR_SHUR,5,HUR,HUR,2025-03-23,2025-03-24,2,TSE,760.4910278320312,748.7818603515625,745.8375854492188,770.2464599609375,752.4521484375
M5_YHUR_SHUR,5,HUR,HUR,2025-03-23,2025-03-24,2,TSEC,54.987064361572266,50.07893371582031,49.84869384765625,49.260101318359375,50.05562210083008
M5_YHUR_SHUR,5,HUR,HUR,2025-03-23,2025-03-25,3,Yd,757.6123657226562,750.3240356445312,743.448974609375,771.347900390625,798.2401733398438
M5_YHUR_SHUR,5,HUR,HUR,2025-03-23,2025-03-25,3,TSE,829.7901000976562,748.7818603515625,750.1717529296875,775.3983154296875,750.725830078125
M5_YHUR_SHUR,5,HUR,HUR,2025-03-23,2025-03-25,3,TSEC,50.886474609375,50.07893371582031,49.885589599609375,49.19868469238281,49.880191802978516
M5_YHUR_SHUR,5,HUR,HUR,2025-03-24,2025-03-24,1,Yd,722.3599243164062,750.1901245117188,761.6205444335938,762.6600952148438,763.5047607421875
M5_YHUR_SHUR,5,HUR,HUR,2025-03-24,2025-03-24,1,TSE,760.4910278320312,748.8857421875,748.6986694335938,761.6787719726562,750.7092895507812
M5_YHUR_SHUR,5,HUR,HUR,2025-03-24,2025-03-24,1,TSEC,54.987064361572266,50.08876419067383,50.107505798339844,49.6540412902832,50.09571075439453
M5_YHUR_SHUR,5,HUR,HUR,2025-03-24,2025-03-25,2,Yd,757.6123657226562,750.1901245117188,744.8101806640625,766.4212646484375,777.7199096679688
M5_YHUR_SHUR,5,HUR,HUR,2025-03-24,2025-03-25,2,TSE,829.7901000976562,748.8857421875,759.6449584960938,770.4534301757812,749.5540161132812
M5_YHUR_SHUR,5,HUR,HUR,2025-03-24,2025-03-25,2,TSEC,50.886474609375,50.08876419067383,49.981624603271484,49.58888626098633,49.8669319152832
M5_YHUR_SHUR,5,HUR,HUR,2025-03-24,2025-03-26,3,Yd,730.929931640625,750.1901245117188,760.6229248046875,765.0062255859375,786.931396484375
M5_YHUR_SHUR,5,HUR,HUR,2025-03-24,2025-03-26,3,TSE,856.826416015625,748.8857421875,741.0598754882812,762.1466064453125,749.763671875
M5_YHUR_SHUR,5,HUR,HUR,2025-03-24,2025-03-26,3,TSEC,52.654991149902344,50.08876419067383,48.88939666748047,49.77510452270508,49.55331039428711
M5_YHUR_SHUR,5,HUR,HUR,2025-03-25,2025-03-25,1,Yd,757.6123657226562,750.1558837890625,746.4313354492188,749.4165649414062,760.7362670898438
M5_YHUR_SHUR,5,HUR,HUR,2025-03-25,2025-03-25,1,TSE,829.7901000976562,748.9000244140625,728.5543823242188,756.5527954101562,751.5824584960938
M5_YHUR_SHUR,5,HUR,HUR,2025-03-25,2025-03-25,1,TSEC,50.886474609375,50.09477996826172,50.353118896484375,49.621482849121094,49.96824264526367
M5_YHUR_SHUR,5,HUR,HUR,2025-03-25,2025-03-26,2,Yd,730.929931640625,750.1558837890625,757.3428344726562,755.9348754882812,769.7325439453125
M5_YHUR_SHUR,5,HUR,HUR,2025-03-25,2025-03-26,2,TSE,856.826416015625,748.9000244140625,751.3482055664062,760.0698852539062,754.3038940429688
M5_YHUR_SHUR,5,HUR,HUR,2025-03-25,2025-03-26,2,TSEC,52.654991149902344,50.09477996826172,49.24374008178711,49.89942169189453,49.554473876953125
M5_YHUR_SHUR,5,HUR,HUR,2025-03-25,2025-03-27,3,Yd,673.013671875,750.1558837890625,749.327880859375,750.1552734375,773.4979858398438
M5_YHUR_SHUR,5,HUR,HUR,2025-03-25,2025-03-27,3,TSE,647.9656982421875,748.9000244140625,754.7733764648438,766.7850952148438,758.3218994140625
M5_YHUR_SHUR,5,HUR,HUR,2025-03-25,2025-03-27,3,TSEC,44.40810012817383,50.09477996826172,49.609214782714844,50.47832107543945,49.24824142456055
M5_YHUR_SHUR,5,HUR,HUR,2025-03-26,2025-03-26,1,Yd,730.929931640625,750.1650390625,757.0109252929688,753.8782348632812,753.5157470703125
M5_YHUR_SHUR,5,HUR,HUR,2025-03-26,2025-03-26,1,TSE,856.826416015625,748.9992065429688,742.5640869140625,755.68505859375,754.6673583984375
M5_YHUR_SHUR,5,HUR,HUR,2025-03-26,2025-03-26,1,TSEC,52.654991149902344,50.09575271606445,49.25125503540039,49.70233917236328,49.939727783203125
M5_YHUR_SHUR,5,HUR,HUR,2025-03-26,2025-03-27,2,Yd,673.013671875,750.1650390625,748.556884765625,743.2301025390625,756.2457275390625
M5_YHUR_SHUR,5,HUR,HUR,2025-03-26,2025-03-27,2,TSE,647.9656982421875,748.9992065429688,738.0316162109375,759.2992553710938,759.916259765625
M5_YHUR_SHUR,5,HUR,HUR,2025-03-26,2025-03-27,2,TSEC,44.40810012817383,50.09575271606445,49.7197151184082,48.89579772949219,49.778621673583984
M5_YHUR_SHUR,5,HUR,HUR,2025-03-26,2025-03-28,3,Yd,761.2764282226562,750.1650390625,749.64404296875,748.28857421875,757.7338256835938
M5_YHUR_SHUR,5,HUR,HUR,2025-03-26,2025-03-28,3,TSE,798.9092407226562,748.9992065429688,746.5325317382812,757.5387573242188,763.1473388671875
M5_YHUR_SHUR,5,HUR,HUR,2025-03-26,2025-03-28,3,TSEC,44.26106643676758,50.09575271606445,49.96531677246094,49.41416931152344,49.848392486572266
M5_YHUR_SHUR,5,HUR,HUR,2025-03-27,2025-03-27,1,Yd,673.013671875,750.1415405273438,744.0188598632812,733.4989624023438,748.0590209960938
M5_YHUR_SHUR,5,HUR,HUR,2025-03-27,2025-03-27,1,TSE,647.9656982421875,749.13134765625,744.3675537109375,781.3296508789062,755.5880126953125
M5_YHUR_SHUR,5,HUR,HUR,2025-03-27,2025-03-27,1,TSEC,44.40810012817383,50.09889221191406,49.52410888671875,49.671260833740234,50.217247009277344
M5_YHUR_SHUR,5,HUR,HUR,2025-03-27,2025-03-28,2,Yd,761.2764282226562,750.1415405273438,753.3704223632812,723.9796142578125,748.0717163085938
M5_YHUR_SHUR,5,HUR,HUR,2025-03-27,2025-03-28,2,TSE,798.9092407226562,749.13134765625,747.4356079101562,779.6924438476562,758.716796875
M5_YHUR_SHUR,5,HUR,HUR,2025-03-27,2025-03-28,2,TSEC,44.26106643676758,50.09889221191406,49.800514221191406,49.82279586791992,50.37873458862305
M5_YHUR_SHUR,5,HUR,HUR,2025-03-27,2025-03-29,3,Yd,522.6084594726562,750.1415405273438,747.7596435546875,708.3238525390625,750.475341796875
M5_YHUR_SHUR,5,HUR,HUR,2025-03-27,2025-03-29,3,TSE,695.537353515625,749.13134765625,744.23779296875,784.2853393554688,759.8355712890625
M5_YHUR_SHUR,5,HUR,HUR,2025-03-27,2025-03-29,3,TSEC,43.918148040771484,50.09889221191406,49.94154739379883,50.91626739501953,50.565277099609375
M5_YHUR_SHUR,5,HUR,HUR,2025-03-28,2025-03-28,1,Yd,761.2764282226562,750.047119140625,759.6962280273438,739.0374755859375,745.875244140625
M5_YHUR_SHUR,5,HUR,HUR,2025-03-28,2025-03-28,1,TSE,798.9092407226562,749.0075073242188,744.6410522460938,766.9930419921875,756.2452392578125
M5_YHUR_SHUR,5,HUR,HUR,2025-03-28,2025-03-28,1,TSEC,44.26106643676758,50.091922760009766,50.16221618652344,50.75487518310547,50.4659423828125
M5_YHUR_SHUR,5,HUR,HUR,2025-03-28,2025-03-29,2,Yd,522.6084594726562,750.047119140625,750.5455932617188,737.7344360351562,747.5589599609375
M5_YHUR_SHUR,5,HUR,HUR,2025-03-28,2025-03-29,2,TSE,695.537353515625,749.0075073242188,745.2817993164062,760.6609497070312,759.966552734375
M5_YHUR_SHUR,5,HUR,HUR,2025-03-28,2025-03-29,2,TSEC,43.918148040771484,50.091922760009766,49.969482421875,51.17139434814453,50.74281692504883
M5_YHUR_SHUR,5,HUR,HUR,2025-03-28,2025-03-30,3,Yd,891.5730590820312,750.047119140625,759.03515625,751.8374633789062,754.1194458007812
M5_YHUR_SHUR,5,HUR,HUR,2025-03-28,2025-03-30,3,TSE,806.224365234375,749.0075073242188,740.6573486328125,761.1453247070312,763.2802734375
M5_YHUR_SHUR,5,HUR,HUR,2025-03-28,2025-03-30,3,TSEC,49.32699203491211,50.091922760009766,51.00464630126953,51.247894287109375,50.76750183105469
M5_YHUR_SHUR,5,HUR,HUR,2025-03-29,2025-03-29,1,Yd,522.6084594726562,750.060791015625,752.693359375,746.8179321289062,747.0045166015625
M5_YHUR_SHUR,5,HUR,HUR,2025-03-29,2025-03-29,1,TSE,695.537353515625,749.0685424804688,747.2437133789062,744.1105346679688,753.7310180664062
M5_YHUR_SHUR,5,HUR,HUR,2025-03-29,2025-03-29,1,TSEC,43.918148040771484,50.084800720214844,49.867340087890625,50.13115692138672,50.65032958984375
M5_YHUR_SHUR,5,HUR,HUR,2025-03-29,2025-03-30,2,Yd,891.5730590820312,750.060791015625,762.9851684570312,757.7442016601562,751.9356079101562
M5_YHUR_SHUR,5,HUR,HUR,2025-03-29,2025-03-30,2,TSE,806.224365234375,749.0685424804688,737.7145385742188,755.2637329101562,756.5653076171875
M5_YHUR_SHUR,5,HUR,HUR,2025-03-29,2025-03-30,2,TSEC,49.32699203491211,50.084800720214844,49.875247955322266,49.878150939941406,50.85467529296875
M5_YHUR_SHUR,5,HUR,HUR,2025-03-29,2025-03-31,3,Yd,643.8098754882812,750.060791015625,751.5046997070312,758.6983032226562,762.175537109375
M5_YHUR_SHUR,5,HUR,HUR,2025-03-29,2025-03-31,3,TSE,864.1273803710938,749.0685424804688,747.13525390625,755.0400390625,756.3735961914062
M5_YHUR_SHUR,5,HUR,HUR,2025-03-29,2025-03-31,3,TSEC,45.0694694519043,50.084800720214844,49.877471923828125,50.086734771728516,50.787841796875
M5_YHUR_SHUR,5,HUR,HUR,2025-03-30,2025-03-30,1,Yd,891.5730590820312,749.7831420898438,761.8800048828125,756.8892822265625,749.5272827148438
M5_YHUR_SHUR,5,HUR,HUR,2025-03-30,2025-03-30,1,TSE,806.224365234375,749.0032348632812,741.8042602539062,756.7021484375,752.5081787109375
M5_YHUR_SHUR,5,HUR,HUR,2025-03-30,2025-03-30,1,TSEC,49.32699203491211,50.077266693115234,49.61611557006836,50.215179443359375,50.60316467285156
M5_YHUR_SHUR,5,HUR,HUR,2025-03-30,2025-03-31,2,Yd,643.8098754882812,749.7831420898438,743.1228637695312,760.7911376953125,757.8256225585938
M5_YHUR_SHUR,5,HUR,HUR,2025-03-30,2025-03-31,2,TSE,864.1273803710938,749.0032348632812,750.166015625,761.7481689453125,752.2254638671875
M5_YHUR_SHUR,5,HUR,HUR,2025-03-30,2025-03-31,2,TSEC,45.0694694519043,50.077266693115234,49.77201843261719,50.176795959472656,50.74711227416992
M5_YHUR_SHUR,5,HUR,HUR,2025-03-30,2025-04-01,3,Yd,845.3917846679688,749.7831420898438,757.2589111328125,768.818359375,764.5422973632812
M5_YHUR_SHUR,5,HUR,HUR,2025-03-30,2025-04-01,3,TSE,716.3018188476562,749.0032348632812,754.9548950195312,758.5296020507812,751.59912109375
M5_YHUR_SHUR,5,HUR,HUR,2025-03-30,2025-04-01,3,TSEC,53.4030647277832,50.077266693115234,49.649600982666016,50.36589813232422,50.800785064697266
