case_id,M,yd_level,solar_level,origin_date,target_date,step,variable,true,MEAN,ARIMA,RNN,LSTM
M6_YLUR_SLUR,6,LUR,LUR,2024-12-31,2024-12-31,1,Yd,894.7726440429688,899.2909545898438,899.720458984375,901.547607421875,899.0720825195312
M6_YLUR_SLUR,6,LUR,LUR,2024-12-31,2024-12-31,1,TSE,902.3374633789062,900.3395385742188,899.2489013671875,900.5260620117188,900.7466430664062
M6_YLUR_SLUR,6,LUR,LUR,2024-12-31,2024-12-31,1,TSEC,60.34870147705078,59.996917724609375,60.32767105102539,59.89569854736328,59.97631072998047
M6_YLUR_SLUR,6,LUR,LUR,2024-12-31,2025-01-01,2,Yd,890.6437377929688,899.2909545898438,899.194091796875,900.4664916992188,899.0843505859375
M6_YLUR_SLUR,6,LUR,LUR,2024-12-31,2025-01-01,2,TSE,915.91943359375,900.3395385742188,899.7215576171875,899.3023071289062,900.8873291015625
M6_YLUR_SLUR,6,LUR,LUR,2024-12-31,2025-01-01,2,TSEC,60.00271224975586,59.996917724609375,60.30135726928711,60.05000305175781,59.966896057128906
M6_YLUR_SLUR,6,LUR,LUR,2024-12-31,2025-01-02,3,Yd,904.7317504882812,899.2909545898438,900.2369995117188,900.016845703125,899.3212890625
M6_YLUR_SLUR,6,LUR,LUR,2024-12-31,2025-01-02,3,TSE,913.7427978515625,900.3395385742188,900.39794921875,900.66162109375,900.8075561523438
M6_YLUR_SLUR,6,LUR,LUR,2024-12-31,2025-01-02,3,TSEC,59.341617584228516,59.996917724609375,60.252132415771484,59.9371452331543,59.96993637084961
M6_YLUR_SLUR,6,LUR,LUR,2025-01-01,2025-01-01,1,Yd,890.6437377929688,899.2847290039062,898.151123046875,900.1444091796875,899.222412109375
M6_YLUR_SLUR,6,LUR,LUR,2025-01-01,2025-01-01,1,TSE,915.91943359375,900.3423461914062,900.5164184570312,900.4764404296875,900.6708374023438
M6_YLUR_SLUR,6,LUR,LUR,2025-01-01,2025-01-01,1,TSEC,60.00271224975586,59.997398376464844,60.11893081665039,59.9892463684082,59.985069274902344
M6_YLUR_SLUR,6,LUR,LUR,2025-01-01,2025-01-02,2,Yd,904.7317504882812,899.2847290039062,899.816162109375,899.2988891601562,899.5081176757812
M6_YLUR_SLUR,6,LUR,LUR,2025-01-01,2025-01-02,2,TSE,913.7427978515625,900.3423461914062,898.78076171875,899.7581787109375,900.7286987304688
M6_YLUR_SLUR,6,LUR,LUR,2025-01-01,2025-01-02,2,TSEC,59.341617584228516,59.997398376464844,60.05963134765625,60.10054016113281,59.98973846435547
M6_YLUR_SLUR,6,LUR,LUR,2025-01-01,2025-01-03,3,Yd,901.124755859375,899.2847290039062,898.3685302734375,899.6849975585938,899.8756103515625
M6_YLUR_SLUR,6,LUR,LUR,2025-01-01,2025-01-03,3,TSE,915.57177734375,900.3423461914062,900.6770629882812,900.2430419921875,900.6669311523438
M6_YLUR_SLUR,6,LUR,LUR,2025-01-01,2025-01-03,3,TSEC,59.46121597290039,59.997398376464844,60.09129333496094,60.05759048461914,59.979248046875
M6_YLUR_SLUR,6,LUR,LUR,2025-01-02,2025-01-02,1,Yd,904.7317504882812,899.2728881835938,899.5675659179688,899.7849731445312,899.5651245117188
M6_YLUR_SLUR,6,LUR,LUR,2025-01-02,2025-01-02,1,TSE,913.7427978515625,900.3635864257812,899.3556518554688,900.8995361328125,900.5413208007812
M6_YLUR_SLUR,6,LUR,LUR,2025-01-02,2025-01-02,1,TSEC,59.341617584228516,59.997406005859375,59.9749755859375,59.972206115722656,60.00165939331055
M6_YLUR_SLUR,6,LUR,LUR,2025-01-02,2025-01-03,2,Yd,901.124755859375,899.2728881835938,898.8322143554688,898.95263671875,899.957275390625
M6_YLUR_SLUR,6,LUR,LUR,2025-01-02,2025-01-03,2,TSE,915.57177734375,900.3635864257812,900.7988891601562,900.2158813476562,900.6369018554688
M6_YLUR_SLUR,6,LUR,LUR,2025-01-02,2025-01-03,2,TSEC,59.46121597290039,59.997406005859375,59.973045349121094,60.12955856323242,59.9917106628418
M6_YLUR_SLUR,6,LUR,LUR,2025-01-02,2025-01-04,3,Yd,900.8130493164062,899.2728881835938,900.2156372070312,898.7715454101562,900.2255859375
M6_YLUR_SLUR,6,LUR,LUR,2025-01-02,2025-01-04,3,TSE,898.941650390625,900.3635864257812,900.4915771484375,900.1778564453125,900.4883422851562
M6_YLUR_SLUR,6,LUR,LUR,2025-01-02,2025-01-04,3,TSEC,59.470550537109375,59.997406005859375,59.976749420166016,60.145145416259766,59.96181106567383
M6_YLUR_SLUR,6,LUR,LUR,2025-01-03,2025-01-03,1,Yd,901.124755859375,899.2803344726562,899.0654296875,900.8165283203125,899.5841674804688
M6_YLUR_SLUR,6,LUR,LUR,2025-01-03,2025-01-03,1,TSE,915.57177734375,900.3818359375,901.2973022460938,900.6051025390625,900.5104370117188
M6_YLUR_SLUR,6,LUR,LUR,2025-01-03,2025-01-03,1,TSEC,59.46121597290039,59.99651336669922,60.1153450012207,59.885101318359375,59.990028381347656
M6_YLUR_SLUR,6,LUR,LUR,2025-01-03,2025-01-04,2,Yd,900.8130493164062,899.2803344726562,899.5172119140625,901.4221801757812,899.8268432617188
M6_YLUR_SLUR,6,LUR,LUR,2025-01-03,2025-01-04,2,TSE,898.941650390625,900.3818359375,900.669189453125,900.6585693359375,900.4827880859375
M6_YLUR_SLUR,6,LUR,LUR,2025-01-03,2025-01-04,2,TSEC,59.470550537109375,59.99651336669922,60.09233856201172,59.991188049316406,59.97068405151367
M6_YLUR_SLUR,6,LUR,LUR,2025-01-03,2025-01-05,3,Yd,895.6578369140625,899.2803344726562,899.2644653320312,900.2969970703125,899.8046875
M6_YLUR_SLUR,6,LUR,LUR,2025-01-03,2025-01-05,3,TSE,904.984130859375,900.3818359375,901.1051025390625,900.9266967773438,900.4697265625
M6_YLUR_SLUR,6,LUR,LUR,2025-01-03,2025-01-05,3,TSEC,58.90324020385742,59.99651336669922,60.107276916503906,59.97618103027344,59.950069427490234
M6_YLUR_SLUR,6,LUR,LUR,2025-01-04,2025-01-04,1,Yd,900.8130493164062,899.2828979492188,898.8792114257812,903.1432495117188,899.4442749023438
M6_YLUR_SLUR,6,LUR,LUR,2025-01-04,2025-01-04,1,TSE,898.941650390625,900.4025268554688,899.6966552734375,900.7822875976562,900.3954467773438
M6_YLUR_SLUR,6,LUR,LUR,2025-01-04,2025-01-04,1,TSEC,59.470550537109375,59.995784759521484,59.929710388183594,59.879276275634766,59.9813117980957
M6_YLUR_SLUR,6,LUR,LUR,2025-01-04,2025-01-05,2,Yd,895.6578369140625,899.2828979492188,899.0457763671875,904.1760864257812,899.580078125
M6_YLUR_SLUR,6,LUR,LUR,2025-01-04,2025-01-05,2,TSE,904.984130859375,900.4025268554688,898.85107421875,901.3662719726562,900.3533325195312
M6_YLUR_SLUR,6,LUR,LUR,2025-01-04,2025-01-05,2,TSEC,58.90324020385742,59.995784759521484,59.9505729675293,59.89710235595703,59.971221923828125
M6_YLUR_SLUR,6,LUR,LUR,2025-01-04,2025-01-06,3,Yd,900.828125,899.2828979492188,899.5548706054688,900.947021484375,899.7550048828125
M6_YLUR_SLUR,6,LUR,LUR,2025-01-04,2025-01-06,3,TSE,914.766845703125,900.4025268554688,899.9699096679688,900.798583984375,900.3677368164062
M6_YLUR_SLUR,6,LUR,LUR,2025-01-04,2025-01-06,3,TSEC,59.70235061645508,59.995784759521484,59.89640808105469,59.96950149536133,59.97642517089844
M6_YLUR_SLUR,6,LUR,LUR,2025-01-05,2025-01-05,1,Yd,895.6578369140625,899.2850341796875,899.1427001953125,902.4357299804688,899.3624877929688
M6_YLUR_SLUR,6,LUR,LUR,2025-01-05,2025-01-05,1,TSE,904.984130859375,900.4005126953125,898.6093139648438,901.0174560546875,900.41943359375
M6_YLUR_SLUR,6,LUR,LUR,2025-01-05,2025-01-05,1,TSEC,58.90324020385742,59.99506759643555,60.04328536987305,59.90289306640625,59.99201965332031
M6_YLUR_SLUR,6,LUR,LUR,2025-01-05,2025-01-06,2,Yd,900.828125,899.2850341796875,899.5550537109375,900.8890991210938,899.5407104492188
M6_YLUR_SLUR,6,LUR,LUR,2025-01-05,2025-01-06,2,TSE,914.766845703125,900.4005126953125,900.7142944335938,900.3248291015625,900.412841796875
M6_YLUR_SLUR,6,LUR,LUR,2025-01-05,2025-01-06,2,TSEC,59.70235061645508,59.99506759643555,60.036094665527344,59.96531295776367,59.99705123901367
M6_YLUR_SLUR,6,LUR,LUR,2025-01-05,2025-01-07,3,Yd,907.1732788085938,899.2850341796875,898.542724609375,900.3328247070312,899.5272216796875
M6_YLUR_SLUR,6,LUR,LUR,2025-01-05,2025-01-07,3,TSE,884.1875,900.4005126953125,899.7645263671875,900.1309204101562,900.445556640625
M6_YLUR_SLUR,6,LUR,LUR,2025-01-05,2025-01-07,3,TSEC,59.3430290222168,59.99506759643555,60.045082092285156,60.07841491699219,60.00184631347656
M6_YLUR_SLUR,6,LUR,LUR,2025-01-06,2025-01-06,1,Yd,900.828125,899.2800903320312,899.4550170898438,899.5479736328125,899.4620971679688
M6_YLUR_SLUR,6,LUR,LUR,2025-01-06,2025-01-06,1,TSE,914.766845703125,900.40673828125,901.3189086914062,900.6766357421875,900.39697265625
M6_YLUR_SLUR,6,LUR,LUR,2025-01-06,2025-01-06,1,TSEC,59.70235061645508,59.99358367919922,59.95722198486328,59.930423736572266,60.011314392089844
M6_YLUR_SLUR,6,LUR,LUR,2025-01-06,2025-01-07,2,Yd,907.1732788085938,899.2800903320312,898.7142333984375,898.8104858398438,899.4998168945312
M6_YLUR_SLUR,6,LUR,LUR,2025-01-06,2025-01-07,2,TSE,884.1875,900.40673828125,900.1150512695312,900.0642700195312,900.4539184570312
M6_YLUR_SLUR,6,LUR,LUR,2025-01-06,2025-01-07,2,TSEC,59.3430290222168,59.99358367919922,59.94658660888672,59.99182891845703,60.02080154418945
M6_YLUR_SLUR,6,LUR,LUR,2025-01-06,2025-01-08,3,Yd,912.7919311523438,899.2800903320312,899.2935180664062,899.9508056640625,899.4537353515625
M6_YLUR_SLUR,6,LUR,LUR,2025-01-06,2025-01-08,3,TSE,902.1802368164062,900.40673828125,900.3468627929688,899.7664794921875,900.416748046875
M6_YLUR_SLUR,6,LUR,LUR,2025-01-06,2025-01-08,3,TSEC,60.26325225830078,59.99358367919922,59.95039367675781,60.01640701293945,60.01796340942383
M6_YLUR_SLUR,6,LUR,LUR,2025-01-07,2025-01-07,1,Yd,907.1732788085938,899.2821655273438,899.2110595703125,899.968505859375,899.3733520507812
M6_YLUR_SLUR,6,LUR,LUR,2025-01-07,2025-01-07,1,TSE,884.1875,900.4262084960938,900.4202270507812,899.4494018554688,900.4598388671875
M6_YLUR_SLUR,6,LUR,LUR,2025-01-07,2025-01-07,1,TSEC,59.3430290222168,59.99319076538086,59.877567291259766,59.993019104003906,60.00997543334961
M6_YLUR_SLUR,6,LUR,LUR,2025-01-07,2025-01-08,2,Yd,912.7919311523438,899.2821655273438,899.3611450195312,899.2733154296875,899.4660034179688
M6_YLUR_SLUR,6,LUR,LUR,2025-01-07,2025-01-08,2,TSE,902.1802368164062,900.4262084960938,900.265625,900.3660278320312,900.4447021484375
M6_YLUR_SLUR,6,LUR,LUR,2025-01-07,2025-01-08,2,TSEC,60.26325225830078,59.99319076538086,59.91017150878906,60.032108306884766,60.019989013671875
M6_YLUR_SLUR,6,LUR,LUR,2025-01-07,2025-01-09,3,Yd,890.0917358398438,899.2821655273438,898.8956909179688,899.4478759765625,899.78076171875
M6_YLUR_SLUR,6,LUR,LUR,2025-01-07,2025-01-09,3,TSE,906.3404541015625,900.4262084960938,900.6322631835938,900.5816040039062,900.30078125
M6_YLUR_SLUR,6,LUR,LUR,2025-01-07,2025-01-09,3,TSEC,60.13054656982422,59.99319076538086,59.94397735595703,59.99826431274414,60.030006408691406
M6_YLUR_SLUR,6,LUR,LUR,2025-01-08,2025-01-08,1,Yd,912.7919311523438,899.2928466796875,900.0685424804688,900.4652099609375,899.2269897460938
M6_YLUR_SLUR,6,LUR,LUR,2025-01-08,2025-01-08,1,TSE,902.1802368164062,900.4042358398438,901.1407470703125,898.5238037109375,900.4500732421875
M6_YLUR_SLUR,6,LUR,LUR,2025-01-08,2025-01-08,1,TSEC,60.26325225830078,59.992305755615234,59.779361724853516,59.87569046020508,60.0014533996582
M6_YLUR_SLUR,6,LUR,LUR,2025-01-08,2025-01-09,2,Yd,890.0917358398438,899.2928466796875,898.0200805664062,900.7430419921875,899.4728393554688
M6_YLUR_SLUR,6,LUR,LUR,2025-01-08,2025-01-09,2,TSE,906.3404541015625,900.4042358398438,899.6110229492188,899.47265625,900.3705444335938
M6_YLUR_SLUR,6,LUR,LUR,2025-01-08,2025-01-09,2,TSEC,60.13054656982422,59.992305755615234,59.769248962402344,59.87437057495117,60.00735092163086
M6_YLUR_SLUR,6,LUR,LUR,2025-01-08,2025-01-10,3,Yd,904.0133666992188,899.2928466796875,899.8330688476562,901.6455688476562,899.6135864257812
M6_YLUR_SLUR,6,LUR,LUR,2025-01-08,2025-01-10,3,TSE,891.6087646484375,900.4042358398438,901.0365600585938,900.984130859375,900.3438720703125
M6_YLUR_SLUR,6,LUR,LUR,2025-01-08,2025-01-10,3,TSEC,61.19858169555664,59.992305755615234,59.783329010009766,59.85944366455078,59.99567794799805
M6_YLUR_SLUR,6,LUR,LUR,2025-01-09,2025-01-09,1,Yd,890.0917358398438,899.3111572265625,899.3004150390625,900.1500854492188,899.396240234375
M6_YLUR_SLUR,6,LUR,LUR,2025-01-09,2025-01-09,1,TSE,906.3404541015625,900.4066162109375,899.6463623046875,898.6235961914062,900.4375
M6_YLUR_SLUR,6,LUR,LUR,2025-01-09,2025-01-09,1,TSEC,60.13054656982422,59.992671966552734,59.97287368774414,59.898990631103516,60.00429916381836
M6_YLUR_SLUR,6,LUR,LUR,2025-01-09,2025-01-10,2,Yd,904.0133666992188,899.3111572265625,899.46142578125,903.151123046875,899.54150390625
M6_YLUR_SLUR,6,LUR,LUR,2025-01-09,2025-01-10,2,TSE,891.6087646484375,900.4066162109375,901.05126953125,899.9815063476562,900.5071411132812
M6_YLUR_SLUR,6,LUR,LUR,2025-01-09,2025-01-10,2,TSEC,61.19858169555664,59.992671966552734,59.970951080322266,59.85528564453125,59.994483947753906
M6_YLUR_SLUR,6,LUR,LUR,2025-01-09,2025-01-11,3,Yd,885.0289306640625,899.3111572265625,899.5385131835938,902.5091552734375,899.6221923828125
M6_YLUR_SLUR,6,LUR,LUR,2025-01-09,2025-01-11,3,TSE,901.7223510742188,900.4066162109375,900.5982055664062,899.9981689453125,900.5805053710938
M6_YLUR_SLUR,6,LUR,LUR,2025-01-09,2025-01-11,3,TSEC,59.296409606933594,59.992671966552734,59.978233337402344,59.90867614746094,59.97133255004883
M6_YLUR_SLUR,6,LUR,LUR,2025-01-10,2025-01-10,1,Yd,904.0133666992188,899.2986450195312,899.7684936523438,899.4586181640625,899.4640502929688
M6_YLUR_SLUR,6,LUR,LUR,2025-01-10,2025-01-10,1,TSE,891.6087646484375,900.4146118164062,900.1666870117188,899.6558837890625,900.4561767578125
M6_YLUR_SLUR,6,LUR,LUR,2025-01-10,2025-01-10,1,TSEC,61.19858169555664,59.992862701416016,59.977108001708984,59.98839569091797,59.99137878417969
M6_YLUR_SLUR,6,LUR,LUR,2025-01-10,2025-01-11,2,Yd,885.0289306640625,899.2986450195312,899.9965209960938,900.3690795898438,899.542724609375
M6_YLUR_SLUR,6,LUR,LUR,2025-01-10,2025-01-11,2,TSE,901.7223510742188,900.4146118164062,900.4044189453125,899.46875,900.5363159179688
M6_YLUR_SLUR,6,LUR,LUR,2025-01-10,2025-01-11,2,TSEC,59.296409606933594,59.992862701416016,59.9097785949707,59.99037170410156,59.96765899658203
M6_YLUR_SLUR,6,LUR,LUR,2025-01-10,2025-01-12,3,Yd,901.3296508789062,899.2986450195312,899.6957397460938,899.0772705078125,899.4888305664062
M6_YLUR_SLUR,6,LUR,LUR,2025-01-10,2025-01-12,3,TSE,883.5186157226562,900.4146118164062,899.5350952148438,899.19189453125,900.580078125
M6_YLUR_SLUR,6,LUR,LUR,2025-01-10,2025-01-12,3,TSEC,60.326011657714844,59.992862701416016,59.914974212646484,60.013057708740234,59.95341491699219
M6_YLUR_SLUR,6,LUR,LUR,2025-01-11,2025-01-11,1,Yd,885.0289306640625,899.3049926757812,899.6693115234375,900.7898559570312,899.2530517578125
M6_YLUR_SLUR,6,LUR,LUR,2025-01-11,2025-01-11,1,TSE,901.7223510742188,900.4027709960938,899.9779052734375,899.435546875,900.4949340820312
M6_YLUR_SLUR,6,LUR,LUR,2025-01-11,2025-01-11,1,TSEC,59.296409606933594,59.99448776245117,60.05388641357422,59.90412521362305,59.97476577758789
M6_YLUR_SLUR,6,LUR,LUR,2025-01-11,2025-01-12,2,Yd,901.3296508789062,899.3049926757812,899.1749877929688,902.1996459960938,899.2294921875
M6_YLUR_SLUR,6,LUR,LUR,2025-01-11,2025-01-12,2,TSE,883.5186157226562,900.4027709960938,899.3367919921875,899.5450439453125,900.5542602539062
M6_YLUR_SLUR,6,LUR,LUR,2025-01-11,2025-01-12,2,TSEC,60.326011657714844,59.99448776245117,59.934326171875,59.84720230102539,59.95529556274414
M6_YLUR_SLUR,6,LUR,LUR,2025-01-11,2025-01-13,3,Yd,897.123291015625,899.3049926757812,899.4240112304688,900.8826904296875,899.3112182617188
M6_YLUR_SLUR,6,LUR,LUR,2025-01-11,2025-01-13,3,TSE,908.9404296875,900.4027709960938,900.5262451171875,900.7857666015625,900.5791015625
M6_YLUR_SLUR,6,LUR,LUR,2025-01-11,2025-01-13,3,TSEC,59.80490493774414,59.99448776245117,60.149627685546875,59.93092727661133,59.957149505615234
M6_YLUR_SLUR,6,LUR,LUR,2025-01-12,2025-01-12,1,Yd,901.3296508789062,899.2858276367188,898.6174926757812,899.2293701171875,899.331787109375
M6_YLUR_SLUR,6,LUR,LUR,2025-01-12,2025-01-12,1,TSE,883.5186157226562,900.4044799804688,900.9931640625,899.5508422851562,900.36572265625
M6_YLUR_SLUR,6,LUR,LUR,2025-01-12,2025-01-12,1,TSEC,60.326011657714844,59.99354553222656,59.94601058959961,59.93205261230469,59.990928649902344
M6_YLUR_SLUR,6,LUR,LUR,2025-01-12,2025-01-13,2,Yd,897.123291015625,899.2858276367188,899.6863403320312,898.1973266601562,899.4728393554688
M6_YLUR_SLUR,6,LUR,LUR,2025-01-12,2025-01-13,2,TSE,908.9404296875,900.4044799804688,899.89892578125,899.0638427734375,900.3067626953125
M6_YLUR_SLUR,6,LUR,LUR,2025-01-12,2025-01-13,2,TSEC,59.80490493774414,59.99354553222656,59.9118766784668,59.974090576171875,59.994327545166016
M6_YLUR_SLUR,6,LUR,LUR,2025-01-12,2025-01-14,3,Yd,893.7720336914062,899.2858276367188,898.2477416992188,897.7740478515625,899.2776489257812
M6_YLUR_SLUR,6,LUR,LUR,2025-01-12,2025-01-14,3,TSE,895.5670166015625,900.4044799804688,899.45068359375,898.869384765625,900.5057373046875
M6_YLUR_SLUR,6,LUR,LUR,2025-01-12,2025-01-14,3,TSEC,60.42779541015625,59.99354553222656,59.95991897583008,59.98244857788086,59.99009323120117
M6_YLUR_SLUR,6,LUR,LUR,2025-01-13,2025-01-13,1,Yd,897.123291015625,899.2885131835938,899.8088989257812,900.4008178710938,899.181884765625
M6_YLUR_SLUR,6,LUR,LUR,2025-01-13,2025-01-13,1,TSE,908.9404296875,900.3817138671875,899.2736206054688,899.8572998046875,900.4931030273438
M6_YLUR_SLUR,6,LUR,LUR,2025-01-13,2025-01-13,1,TSEC,59.80490493774414,59.993995666503906,60.15392303466797,59.9613151550293,59.99165725708008
M6_YLUR_SLUR,6,LUR,LUR,2025-01-13,2025-01-14,2,Yd,893.7720336914062,899.2885131835938,898.2454833984375,900.628662109375,899.061767578125
M6_YLUR_SLUR,6,LUR,LUR,2025-01-13,2025-01-14,2,TSE,895.5670166015625,900.3817138671875,899.2279663085938,900.4902954101562,900.7385864257812
M6_YLUR_SLUR,6,LUR,LUR,2025-01-13,2025-01-14,2,TSEC,60.42779541015625,59.993995666503906,59.88100814819336,60.00074005126953,59.98637771606445
M6_YLUR_SLUR,6,LUR,LUR,2025-01-13,2025-01-15,3,Yd,885.319580078125,899.2885131835938,900.2822875976562,900.1646118164062,898.9210815429688
M6_YLUR_SLUR,6,LUR,LUR,2025-01-13,2025-01-15,3,TSE,910.8650512695312,900.3817138671875,900.8453979492188,899.9133911132812,900.7950439453125
M6_YLUR_SLUR,6,LUR,LUR,2025-01-13,2025-01-15,3,TSEC,59.8822021484375,59.993995666503906,59.96700668334961,60.14249801635742,59.973594665527344
M6_YLUR_SLUR,6,LUR,LUR,2025-01-14,2025-01-14,1,Yd,893.7720336914062,899.28564453125,899.415771484375,898.7310180664062,899.0941772460938
M6_YLUR_SLUR,6,LUR,LUR,2025-01-14,2025-01-14,1,TSE,895.5670166015625,900.393310546875,899.53515625,898.8475952148438,900.6591186523438
M6_YLUR_SLUR,6,LUR,LUR,2025-01-14,2025-01-14,1,TSEC,60.42779541015625,59.99374008178711,59.935482025146484,60.04385757446289,59.99229049682617
M6_YLUR_SLUR,6,LUR,LUR,2025-01-14,2025-01-15,2,Yd,885.319580078125,899.28564453125,899.1135864257812,898.9089965820312,898.9521484375
M6_YLUR_SLUR,6,LUR,LUR,2025-01-14,2025-01-15,2,TSE,910.8650512695312,900.393310546875,900.9974975585938,899.7720947265625,900.7371826171875
M6_YLUR_SLUR,6,LUR,LUR,2025-01-14,2025-01-15,2,TSEC,59.8822021484375,59.99374008178711,59.919158935546875,59.997528076171875,59.98491287231445
M6_YLUR_SLUR,6,LUR,LUR,2025-01-14,2025-01-16,3,Yd,915.0955200195312,899.28564453125,898.7066040039062,899.0654296875,899.0614013671875
M6_YLUR_SLUR,6,LUR,LUR,2025-01-14,2025-01-16,3,TSE,910.4303588867188,900.393310546875,899.3277587890625,899.5462036132812,900.570556640625
M6_YLUR_SLUR,6,LUR,LUR,2025-01-14,2025-01-16,3,TSEC,59.99260330200195,59.99374008178711,59.923858642578125,59.97538375854492,59.98051834106445
M6_YLUR_SLUR,6,LUR,LUR,2025-01-15,2025-01-15,1,Yd,885.319580078125,899.2782592773438,897.8355102539062,900.6834106445312,899.1044311523438
M6_YLUR_SLUR,6,LUR,LUR,2025-01-15,2025-01-15,1,TSE,910.8650512695312,900.3868408203125,899.7138671875,899.684326171875,900.5480346679688
M6_YLUR_SLUR,6,LUR,LUR,2025-01-15,2025-01-15,1,TSEC,59.8822021484375,59.994319915771484,59.91328811645508,59.90370178222656,59.9892578125
M6_YLUR_SLUR,6,LUR,LUR,2025-01-15,2025-01-16,2,Yd,915.0955200195312,899.2782592773438,899.5552368164062,899.1097412109375,899.2399291992188
M6_YLUR_SLUR,6,LUR,LUR,2025-01-15,2025-01-16,2,TSE,910.4303588867188,900.3868408203125,900.42041015625,899.211181640625,900.490478515625
M6_YLUR_SLUR,6,LUR,LUR,2025-01-15,2025-01-16,2,TSEC,59.99260330200195,59.994319915771484,59.94927978515625,59.96403884887695,59.98637390136719
M6_YLUR_SLUR,6,LUR,LUR,2025-01-15,2025-01-17,3,Yd,908.35009765625,899.2782592773438,898.4014282226562,899.2510375976562,899.4917602539062
M6_YLUR_SLUR,6,LUR,LUR,2025-01-15,2025-01-17,3,TSE,898.7108154296875,900.3868408203125,899.8253784179688,900.1053466796875,900.3033447265625
M6_YLUR_SLUR,6,LUR,LUR,2025-01-15,2025-01-17,3,TSEC,59.09437561035156,59.994319915771484,59.91421127319336,59.90687561035156,59.9730110168457
M6_YLUR_SLUR,6,LUR,LUR,2025-01-16,2025-01-16,1,Yd,915.0955200195312,899.259521484375,900.8468627929688,899.3232421875,899.3831787109375
M6_YLUR_SLUR,6,LUR,LUR,2025-01-16,2025-01-16,1,TSE,910.4303588867188,900.40087890625,901.0582275390625,900.3798828125,900.3626098632812
M6_YLUR_SLUR,6,LUR,LUR,2025-01-16,2025-01-16,1,TSEC,59.99260330200195,59.994171142578125,59.985252380371094,60.02425003051758,59.99699401855469
M6_YLUR_SLUR,6,LUR,LUR,2025-01-16,2025-01-17,2,Yd,908.35009765625,899.259521484375,899.0965576171875,898.070068359375,899.6383056640625
M6_YLUR_SLUR,6,LUR,LUR,2025-01-16,2025-01-17,2,TSE,898.7108154296875,900.40087890625,900.083984375,899.575439453125,900.3168334960938
M6_YLUR_SLUR,6,LUR,LUR,2025-01-16,2025-01-17,2,TSEC,59.09437561035156,59.994171142578125,60.01748275756836,60.09571075439453,59.98260498046875
M6_YLUR_SLUR,6,LUR,LUR,2025-01-16,2025-01-18,3,Yd,911.0836181640625,899.259521484375,898.3607788085938,897.5755004882812,899.8588256835938
M6_YLUR_SLUR,6,LUR,LUR,2025-01-16,2025-01-18,3,TSE,908.6119995117188,900.40087890625,900.1880493164062,899.8851928710938,900.1405639648438
M6_YLUR_SLUR,6,LUR,LUR,2025-01-16,2025-01-18,3,TSEC,60.338008880615234,59.994171142578125,59.94239044189453,60.143680572509766,59.96067810058594
M6_YLUR_SLUR,6,LUR,LUR,2025-01-17,2025-01-17,1,Yd,908.35009765625,899.2807006835938,898.4900512695312,901.0396728515625,899.4432373046875
M6_YLUR_SLUR,6,LUR,LUR,2025-01-17,2025-01-17,1,TSE,898.7108154296875,900.414306640625,901.1842041015625,900.584228515625,900.4223022460938
M6_YLUR_SLUR,6,LUR,LUR,2025-01-17,2025-01-17,1,TSEC,59.09437561035156,59.994171142578125,59.91878128051758,59.89540100097656,59.98652648925781
M6_YLUR_SLUR,6,LUR,LUR,2025-01-17,2025-01-18,2,Yd,911.0836181640625,899.2807006835938,900.105224609375,901.9745483398438,899.5691528320312
M6_YLUR_SLUR,6,LUR,LUR,2025-01-17,2025-01-18,2,TSE,908.6119995117188,900.414306640625,900.665283203125,901.1522216796875,900.3240356445312
M6_YLUR_SLUR,6,LUR,LUR,2025-01-17,2025-01-18,2,TSEC,60.338008880615234,59.994171142578125,59.99679183959961,59.90180587768555,59.96451950073242
M6_YLUR_SLUR,6,LUR,LUR,2025-01-17,2025-01-19,3,Yd,884.949462890625,899.2807006835938,899.5104370117188,899.6311645507812,899.502685546875
M6_YLUR_SLUR,6,LUR,LUR,2025-01-17,2025-01-19,3,TSE,886.841064453125,900.414306640625,900.8794555664062,900.9589233398438,900.2731323242188
M6_YLUR_SLUR,6,LUR,LUR,2025-01-17,2025-01-19,3,TSEC,60.40174102783203,59.994171142578125,59.96592330932617,59.956459045410156,59.94448471069336
M6_YLUR_SLUR,6,LUR,LUR,2025-01-18,2025-01-18,1,Yd,911.0836181640625,899.2928466796875,899.831787109375,901.25146484375,899.2330932617188
M6_YLUR_SLUR,6,LUR,LUR,2025-01-18,2025-01-18,1,TSE,908.6119995117188,900.4119873046875,900.5795288085938,899.5154418945312,900.381591796875
M6_YLUR_SLUR,6,LUR,LUR,2025-01-18,2025-01-18,1,TSEC,60.338008880615234,59.99296569824219,59.8359260559082,59.97222900390625,59.9776611328125
M6_YLUR_SLUR,6,LUR,LUR,2025-01-18,2025-01-19,2,Yd,884.949462890625,899.2928466796875,899.89599609375,902.4754638671875,899.3021850585938
M6_YLUR_SLUR,6,LUR,LUR,2025-01-18,2025-01-19,2,TSE,886.841064453125,900.4119873046875,900.84423828125,900.4864501953125,900.3642578125
M6_YLUR_SLUR,6,LUR,LUR,2025-01-18,2025-01-19,2,TSEC,60.40174102783203,59.99296569824219,59.857200622558594,59.91676712036133,59.97281265258789
M6_YLUR_SLUR,6,LUR,LUR,2025-01-18,2025-01-20,3,Yd,891.968994140625,899.2928466796875,899.2332763671875,900.625244140625,899.3857421875
M6_YLUR_SLUR,6,LUR,LUR,2025-01-18,2025-01-20,3,TSE,883.826904296875,900.4119873046875,900.1199951171875,899.1991577148438,900.3384399414062
M6_YLUR_SLUR,6,LUR,LUR,2025-01-18,2025-01-20,3,TSEC,60.264068603515625,59.99296569824219,59.78296661376953,60.0129280090332,59.97890853881836
M6_YLUR_SLUR,6,LUR,LUR,2025-01-19,2025-01-19,1,Yd,884.949462890625,899.30859375,899.4724731445312,900.0603637695312,899.2525024414062
M6_YLUR_SLUR,6,LUR,LUR,2025-01-19,2025-01-19,1,TSE,886.841064453125,900.4229736328125,900.0977783203125,900.6524047851562,900.4063720703125
M6_YLUR_SLUR,6,LUR,LUR,2025-01-19,2025-01-19,1,TSEC,60.40174102783203,59.99342727661133,59.973388671875,59.98585891723633,59.98564910888672
M6_YLUR_SLUR,6,LUR,LUR,2025-01-19,2025-01-20,2,Yd,891.968994140625,899.30859375,899.0842895507812,902.3563232421875,899.3328247070312
M6_YLUR_SLUR,6,LUR,LUR,2025-01-19,2025-01-20,2,TSE,883.826904296875,900.4229736328125,900.8076782226562,900.9762573242188,900.3683471679688
M6_YLUR_SLUR,6,LUR,LUR,2025-01-19,2025-01-20,2,TSEC,60.264068603515625,59.99342727661133,59.8963623046875,59.902156829833984,59.988624572753906
M6_YLUR_SLUR,6,LUR,LUR,2025-01-19,2025-01-21,3,Yd,891.6719970703125,899.30859375,899.5630493164062,899.6819458007812,899.1796875
M6_YLUR_SLUR,6,LUR,LUR,2025-01-19,2025-01-21,3,TSE,893.1074829101562,900.4229736328125,901.4794921875,900.0961303710938,900.5557861328125
M6_YLUR_SLUR,6,LUR,LUR,2025-01-19,2025-01-21,3,TSEC,59.40219497680664,59.99342727661133,60.05387878417969,60.03190231323242,59.98951721191406
M6_YLUR_SLUR,6,LUR,LUR,2025-01-20,2025-01-20,1,Yd,891.968994140625,899.2894897460938,898.8276977539062,900.4573364257812,899.2150268554688
M6_YLUR_SLUR,6,LUR,LUR,2025-01-20,2025-01-20,1,TSE,883.826904296875,900.4048461914062,900.3549194335938,899.7627563476562,900.452880859375
M6_YLUR_SLUR,6,LUR,LUR,2025-01-20,2025-01-20,1,TSEC,60.264068603515625,59.99396896362305,59.90119934082031,59.93585205078125,59.9929313659668
M6_YLUR_SLUR,6,LUR,LUR,2025-01-20,2025-01-21,2,Yd,891.6719970703125,899.2894897460938,899.5156860351562,900.0875244140625,899.0490112304688
M6_YLUR_SLUR,6,LUR,LUR,2025-01-20,2025-01-21,2,TSE,893.1074829101562,900.4048461914062,901.2948608398438,899.9732055664062,900.7085571289062
M6_YLUR_SLUR,6,LUR,LUR,2025-01-20,2025-01-21,2,TSEC,59.40219497680664,59.99396896362305,59.9766731262207,59.962608337402344,59.98641586303711
M6_YLUR_SLUR,6,LUR,LUR,2025-01-20,2025-01-22,3,Yd,885.254150390625,899.2894897460938,898.9017333984375,900.806396484375,898.9012451171875
M6_YLUR_SLUR,6,LUR,LUR,2025-01-20,2025-01-22,3,TSE,887.8677978515625,900.4048461914062,900.0135498046875,900.056640625,900.8082885742188
M6_YLUR_SLUR,6,LUR,LUR,2025-01-20,2025-01-22,3,TSEC,59.868526458740234,59.99396896362305,59.959712982177734,59.95369338989258,59.972171783447266
M6_YLUR_SLUR,6,LUR,LUR,2025-01-21,2025-01-21,1,Yd,891.6719970703125,899.2797241210938,899.3473510742188,899.9633178710938,899.008056640625
M6_YLUR_SLUR,6,LUR,LUR,2025-01-21,2025-01-21,1,TSE,893.1074829101562,900.3828125,898.9093017578125,901.3756713867188,900.6368408203125
M6_YLUR_SLUR,6,LUR,LUR,2025-01-21,2025-01-21,1,TSEC,59.40219497680664,59.99433135986328,59.93579864501953,59.874935150146484,59.98612976074219
M6_YLUR_SLUR,6,LUR,LUR,2025-01-21,2025-01-22,2,Yd,885.254150390625,899.2797241210938,898.9170532226562,901.016357421875,898.7959594726562
M6_YLUR_SLUR,6,LUR,LUR,2025-01-21,2025-01-22,2,TSE,887.8677978515625,900.3828125,901.009765625,902.2061157226562,900.6800537109375
M6_YLUR_SLUR,6,LUR,LUR,2025-01-21,2025-01-22,2,TSEC,59.868526458740234,59.99433135986328,59.944793701171875,59.78638458251953,59.9671516418457
M6_YLUR_SLUR,6,LUR,LUR,2025-01-21,2025-01-23,3,Yd,923.7756958007812,899.2797241210938,900.0580444335938,901.14404296875,898.819580078125
M6_YLUR_SLUR,6,LUR,LUR,2025-01-21,2025-01-23,3,TSE,904.7736206054688,900.3828125,899.1273193359375,901.58642578125,900.5757446289062
M6_YLUR_SLUR,6,LUR,LUR,2025-01-21,2025-01-23,3,TSEC,59.81577682495117,59.99433135986328,59.919002532958984,59.85093307495117,59.960872650146484
M6_YLUR_SLUR,6,LUR,LUR,2025-01-22,2025-01-22,1,Yd,885.254150390625,899.2695922851562,899.3853149414062,899.5852661132812,898.9197387695312
M6_YLUR_SLUR,6,LUR,LUR,2025-01-22,2025-01-22,1,TSE,887.8677978515625,900.3731689453125,899.3767700195312,899.8125,900.5055541992188
M6_YLUR_SLUR,6,LUR,LUR,2025-01-22,2025-01-22,1,TSEC,59.868526458740234,59.99354934692383,60.00843811035156,59.87744903564453,59.98020553588867
M6_YLUR_SLUR,6,LUR,LUR,2025-01-22,2025-01-23,2,Yd,923.7756958007812,899.2695922851562,901.2406005859375,899.3172607421875,898.989013671875
M6_YLUR_SLUR,6,LUR,LUR,2025-01-22,2025-01-23,2,TSE,904.7736206054688,900.3731689453125,899.8150024414062,900.07470703125,900.4169311523438
M6_YLUR_SLUR,6,LUR,LUR,2025-01-22,2025-01-23,2,TSEC,59.81577682495117,59.99354934692383,59.94305419921875,59.99413299560547,59.97425842285156
M6_YLUR_SLUR,6,LUR,LUR,2025-01-22,2025-01-24,3,Yd,897.0333862304688,899.2695922851562,899.1989135742188,899.0780639648438,899.14501953125
M6_YLUR_SLUR,6,LUR,LUR,2025-01-22,2025-01-24,3,TSE,894.6876831054688,900.3731689453125,899.5912475585938,899.7669677734375,900.2129516601562
M6_YLUR_SLUR,6,LUR,LUR,2025-01-22,2025-01-24,3,TSEC,60.377403259277344,59.99354934692383,60.00191879272461,59.982696533203125,59.9570198059082
M6_YLUR_SLUR,6,LUR,LUR,2025-01-23,2025-01-23,1,Yd,923.7756958007812,899.2509765625,899.7145385742188,899.5094604492188,899.2022094726562
M6_YLUR_SLUR,6,LUR,LUR,2025-01-23,2025-01-23,1,TSE,904.7736206054688,900.3565673828125,899.201904296875,899.2815551757812,900.2994384765625
M6_YLUR_SLUR,6,LUR,LUR,2025-01-23,2025-01-23,1,TSEC,59.81577682495117,59.99338150024414,59.97370147705078,59.937171936035156,59.98691940307617
M6_YLUR_SLUR,6,LUR,LUR,2025-01-23,2025-01-24,2,Yd,897.0333862304688,899.2509765625,899.3114624023438,899.2825927734375,899.3236083984375
M6_YLUR_SLUR,6,LUR,LUR,2025-01-23,2025-01-24,2,TSE,894.6876831054688,900.3565673828125,899.248291015625,899.252685546875,900.132080078125
M6_YLUR_SLUR,6,LUR,LUR,2025-01-23,2025-01-24,2,TSEC,60.377403259277344,59.99338150024414,59.87456130981445,59.96653747558594,59.966552734375
M6_YLUR_SLUR,6,LUR,LUR,2025-01-23,2025-01-25,3,Yd,905.1510620117188,899.2509765625,898.1004028320312,899.3270263671875,899.43408203125
M6_YLUR_SLUR,6,LUR,LUR,2025-01-23,2025-01-25,3,TSE,911.0645141601562,900.3565673828125,898.7618408203125,899.235107421875,900.1068115234375
M6_YLUR_SLUR,6,LUR,LUR,2025-01-23,2025-01-25,3,TSEC,60.159019470214844,59.99338150024414,60.014007568359375,59.9810791015625,59.93776321411133
M6_YLUR_SLUR,6,LUR,LUR,2025-01-24,2025-01-24,1,Yd,897.0333862304688,899.2835083007812,900.0465087890625,901.1470336914062,899.2197265625
M6_YLUR_SLUR,6,LUR,LUR,2025-01-24,2025-01-24,1,TSE,894.6876831054688,900.3624267578125,899.53369140625,899.3473510742188,900.3271484375
M6_YLUR_SLUR,6,LUR,LUR,2025-01-24,2025-01-24,1,TSEC,60.377403259277344,59.9931526184082,59.979820251464844,59.879940032958984,59.97816848754883
M6_YLUR_SLUR,6,LUR,LUR,2025-01-24,2025-01-25,2,Yd,905.1510620117188,899.2835083007812,899.1006469726562,902.208740234375,899.1717529296875
M6_YLUR_SLUR,6,LUR,LUR,2025-01-24,2025-01-25,2,TSE,911.0645141601562,900.3624267578125,898.9136962890625,900.265869140625,900.3504028320312
M6_YLUR_SLUR,6,LUR,LUR,2025-01-24,2025-01-25,2,TSEC,60.159019470214844,59.9931526184082,59.88624572753906,59.86635208129883,59.952999114990234
M6_YLUR_SLUR,6,LUR,LUR,2025-01-24,2025-01-26,3,Yd,912.7626342773438,899.2835083007812,897.4617309570312,902.6709594726562,899.1065063476562
M6_YLUR_SLUR,6,LUR,LUR,2025-01-24,2025-01-26,3,TSE,905.6954956054688,900.3624267578125,899.3048706054688,900.24267578125,900.3182373046875
M6_YLUR_SLUR,6,LUR,LUR,2025-01-24,2025-01-26,3,TSEC,60.63542938232422,59.9931526184082,59.896507263183594,59.88970947265625,59.9379768371582
M6_YLUR_SLUR,6,LUR,LUR,2025-01-25,2025-01-25,1,Yd,905.1510620117188,899.2804565429688,899.282958984375,900.5420532226562,899.086181640625
M6_YLUR_SLUR,6,LUR,LUR,2025-01-25,2025-01-25,1,TSE,911.0645141601562,900.35498046875,898.6777954101562,900.0592651367188,900.3346557617188
M6_YLUR_SLUR,6,LUR,LUR,2025-01-25,2025-01-25,1,TSEC,60.159019470214844,59.993656158447266,59.85118865966797,59.88752746582031,59.969112396240234
M6_YLUR_SLUR,6,LUR,LUR,2025-01-25,2025-01-26,2,Yd,912.7626342773438,899.2804565429688,900.4633178710938,900.4719848632812,899.037841796875
M6_YLUR_SLUR,6,LUR,LUR,2025-01-25,2025-01-26,2,TSE,905.6954956054688,900.35498046875,899.1751708984375,898.9889526367188,900.2667846679688
M6_YLUR_SLUR,6,LUR,LUR,2025-01-25,2025-01-26,2,TSEC,60.63542938232422,59.993656158447266,59.894832611083984,59.87455368041992,59.949676513671875
M6_YLUR_SLUR,6,LUR,LUR,2025-01-25,2025-01-27,3,Yd,895.0503540039062,899.2804565429688,898.9398193359375,899.5068969726562,898.9710693359375
M6_YLUR_SLUR,6,LUR,LUR,2025-01-25,2025-01-27,3,TSE,907.9417724609375,900.35498046875,899.8558959960938,898.8268432617188,900.2980346679688
M6_YLUR_SLUR,6,LUR,LUR,2025-01-25,2025-01-27,3,TSEC,60.31459426879883,59.993656158447266,59.72614669799805,59.87492370605469,59.94560623168945
M6_YLUR_SLUR,6,LUR,LUR,2025-01-26,2025-01-26,1,Yd,912.7626342773438,899.2882690429688,899.48876953125,897.9854736328125,899.1693115234375
M6_YLUR_SLUR,6,LUR,LUR,2025-01-26,2025-01-26,1,TSE,905.6954956054688,900.3690185546875,899.9739379882812,899.7020263671875,900.306884765625
M6_YLUR_SLUR,6,LUR,LUR,2025-01-26,2025-01-26,1,TSEC,60.63542938232422,59.99387741088867,59.94679260253906,60.035823822021484,59.97843551635742
M6_YLUR_SLUR,6,LUR,LUR,2025-01-26,2025-01-27,2,Yd,895.0503540039062,899.2882690429688,898.2691650390625,900.2787475585938,899.08251953125
M6_YLUR_SLUR,6,LUR,LUR,2025-01-26,2025-01-27,2,TSE,907.9417724609375,900.3690185546875,900.2227783203125,899.9888916015625,900.32470703125
M6_YLUR_SLUR,6,LUR,LUR,2025-01-26,2025-01-27,2,TSEC,60.31459426879883,59.99387741088867,59.900272369384766,60.02146530151367,59.970603942871094
M6_YLUR_SLUR,6,LUR,LUR,2025-01-26,2025-01-28,3,Yd,893.0874633789062,899.2882690429688,899.5077514648438,900.0587768554688,898.8268432617188
M6_YLUR_SLUR,6,LUR,LUR,2025-01-26,2025-01-28,3,TSE,877.5269775390625,900.3690185546875,900.5949096679688,900.2108154296875,900.5247192382812
M6_YLUR_SLUR,6,LUR,LUR,2025-01-26,2025-01-28,3,TSEC,60.20384216308594,59.99387741088867,59.97200012207031,60.00272750854492,59.95752716064453
M6_YLUR_SLUR,6,LUR,LUR,2025-01-27,2025-01-27,1,Yd,895.0503540039062,899.3060302734375,899.494140625,901.2302856445312,899.04833984375
M6_YLUR_SLUR,6,LUR,LUR,2025-01-27,2025-01-27,1,TSE,907.9417724609375,900.3761596679688,900.3695678710938,900.72314453125,900.4400024414062
M6_YLUR_SLUR,6,LUR,LUR,2025-01-27,2025-01-27,1,TSEC,60.31459426879883,59.994728088378906,59.86284255981445,59.86542892456055,59.98450469970703
M6_YLUR_SLUR,6,LUR,LUR,2025-01-27,2025-01-28,2,Yd,893.0874633789062,899.3060302734375,899.4183959960938,899.8052978515625,898.7860717773438
M6_YLUR_SLUR,6,LUR,LUR,2025-01-27,2025-01-28,2,TSE,877.5269775390625,900.3761596679688,900.5907592773438,900.2709350585938,900.6548461914062
M6_YLUR_SLUR,6,LUR,LUR,2025-01-27,2025-01-28,2,TSEC,60.20384216308594,59.994728088378906,60.04513168334961,59.947025299072266,59.970909118652344
M6_YLUR_SLUR,6,LUR,LUR,2025-01-27,2025-01-29,3,Yd,899.11328125,899.3060302734375,899.5808715820312,899.411376953125,898.5045776367188
M6_YLUR_SLUR,6,LUR,LUR,2025-01-27,2025-01-29,3,TSE,899.8235473632812,900.3761596679688,900.0032958984375,900.1359252929688,900.7259521484375
M6_YLUR_SLUR,6,LUR,LUR,2025-01-27,2025-01-29,3,TSEC,59.0402717590332,59.994728088378906,59.97231674194336,59.979759216308594,59.95131301879883
M6_YLUR_SLUR,6,LUR,LUR,2025-01-28,2025-01-28,1,Yd,893.0874633789062,899.3004760742188,898.6043090820312,899.101318359375,898.9429931640625
M6_YLUR_SLUR,6,LUR,LUR,2025-01-28,2025-01-28,1,TSE,877.5269775390625,900.3860473632812,901.369140625,900.42626953125,900.623779296875
M6_YLUR_SLUR,6,LUR,LUR,2025-01-28,2025-01-28,1,TSEC,60.20384216308594,59.99514389038086,60.082984924316406,59.996055603027344,59.98321533203125
M6_YLUR_SLUR,6,LUR,LUR,2025-01-28,2025-01-29,2,Yd,899.11328125,899.3004760742188,899.2658081054688,899.122314453125,898.704345703125
M6_YLUR_SLUR,6,LUR,LUR,2025-01-28,2025-01-29,2,TSE,899.8235473632812,900.3860473632812,900.1522827148438,899.5838623046875,900.671875
M6_YLUR_SLUR,6,LUR,LUR,2025-01-28,2025-01-29,2,TSEC,59.0402717590332,59.99514389038086,60.05368423461914,60.1108512878418,59.96757125854492
M6_YLUR_SLUR,6,LUR,LUR,2025-01-28,2025-01-30,3,Yd,894.5252075195312,899.3004760742188,900.4177856445312,900.4065551757812,898.76123046875
M6_YLUR_SLUR,6,LUR,LUR,2025-01-28,2025-01-30,3,TSE,902.4894409179688,900.3860473632812,900.05224609375,900.3414916992188,900.5116577148438
M6_YLUR_SLUR,6,LUR,LUR,2025-01-28,2025-01-30,3,TSEC,60.76144027709961,59.99514389038086,60.02047348022461,59.994266510009766,59.96489334106445
M6_YLUR_SLUR,6,LUR,LUR,2025-01-29,2025-01-29,1,Yd,899.11328125,899.292236328125,899.5152587890625,899.4628295898438,898.875244140625
M6_YLUR_SLUR,6,LUR,LUR,2025-01-29,2025-01-29,1,TSE,899.8235473632812,900.3558959960938,899.3236083984375,897.7636108398438,900.4903564453125
M6_YLUR_SLUR,6,LUR,LUR,2025-01-29,2025-01-29,1,TSEC,59.0402717590332,59.995418548583984,60.00151062011719,59.97638702392578,59.978702545166016
M6_YLUR_SLUR,6,LUR,LUR,2025-01-29,2025-01-30,2,Yd,894.5252075195312,899.292236328125,900.1832275390625,899.517822265625,898.9176635742188
M6_YLUR_SLUR,6,LUR,LUR,2025-01-29,2025-01-30,2,TSE,902.4894409179688,900.3558959960938,899.719482421875,899.5846557617188,900.3873291015625
M6_YLUR_SLUR,6,LUR,LUR,2025-01-29,2025-01-30,2,TSEC,60.76144027709961,59.995418548583984,60.05021286010742,59.86111068725586,59.971710205078125
M6_YLUR_SLUR,6,LUR,LUR,2025-01-29,2025-01-31,3,Yd,900.9418334960938,899.292236328125,899.8040771484375,900.8504028320312,899.0849609375
M6_YLUR_SLUR,6,LUR,LUR,2025-01-29,2025-01-31,3,TSE,903.8722534179688,900.3558959960938,899.5164184570312,901.2852172851562,900.2164306640625
M6_YLUR_SLUR,6,LUR,LUR,2025-01-29,2025-01-31,3,TSEC,59.76674270629883,59.995418548583984,60.00764846801758,59.86412811279297,59.95443344116211
M6_YLUR_SLUR,6,LUR,LUR,2025-01-30,2025-01-30,1,Yd,894.5252075195312,899.2920532226562,900.1686401367188,900.1751098632812,899.1159057617188
M6_YLUR_SLUR,6,LUR,LUR,2025-01-30,2025-01-30,1,TSE,902.4894409179688,900.3552856445312,899.2237548828125,900.9821166992188,900.31103515625
M6_YLUR_SLUR,6,LUR,LUR,2025-01-30,2025-01-30,1,TSEC,60.76144027709961,59.99415969848633,59.990665435791016,59.87639236450195,59.986351013183594
M6_YLUR_SLUR,6,LUR,LUR,2025-01-30,2025-01-31,2,Yd,900.9418334960938,899.2920532226562,899.8024291992188,900.4124145507812,899.2164916992188
M6_YLUR_SLUR,6,LUR,LUR,2025-01-30,2025-01-31,2,TSE,903.8722534179688,900.3552856445312,900.37841796875,899.62939453125,900.1673583984375
M6_YLUR_SLUR,6,LUR,LUR,2025-01-30,2025-01-31,2,TSEC,59.76674270629883,59.99415969848633,59.887882232666016,59.96400833129883,59.967376708984375
M6_YLUR_SLUR,6,LUR,LUR,2025-01-30,2025-02-01,3,Yd,902.6653442382812,899.2920532226562,898.6265869140625,900.4290771484375,899.3388061523438
M6_YLUR_SLUR,6,LUR,LUR,2025-01-30,2025-02-01,3,TSE,893.5023193359375,900.3552856445312,900.3167724609375,900.0479125976562,900.0637817382812
M6_YLUR_SLUR,6,LUR,LUR,2025-01-30,2025-02-01,3,TSEC,61.706932067871094,59.99415969848633,59.96397018432617,59.96804428100586,59.939796447753906
M6_YLUR_SLUR,6,LUR,LUR,2025-01-31,2025-01-31,1,Yd,900.9418334960938,899.2858276367188,898.886474609375,901.7304077148438,899.3251953125
M6_YLUR_SLUR,6,LUR,LUR,2025-01-31,2025-01-31,1,TSE,903.8722534179688,900.3580932617188,899.6720581054688,900.365966796875,900.2357177734375
M6_YLUR_SLUR,6,LUR,LUR,2025-01-31,2025-01-31,1,TSEC,59.76674270629883,59.99517059326172,60.09551239013672,59.81669616699219,59.979129791259766
M6_YLUR_SLUR,6,LUR,LUR,2025-01-31,2025-02-01,2,Yd,902.6653442382812,899.2858276367188,899.5333251953125,901.1694946289062,899.4242553710938
M6_YLUR_SLUR,6,LUR,LUR,2025-01-31,2025-02-01,2,TSE,893.5023193359375,900.3580932617188,899.1617431640625,901.0328979492188,900.0787963867188
M6_YLUR_SLUR,6,LUR,LUR,2025-01-31,2025-02-01,2,TSEC,61.706932067871094,59.99517059326172,60.05270767211914,59.84912872314453,59.957515716552734
M6_YLUR_SLUR,6,LUR,LUR,2025-01-31,2025-02-02,3,Yd,903.7755126953125,899.2858276367188,899.7732543945312,900.3386840820312,899.3363647460938
M6_YLUR_SLUR,6,LUR,LUR,2025-01-31,2025-02-02,3,TSE,890.8854370117188,900.3580932617188,899.3980712890625,899.9463500976562,899.9415283203125
M6_YLUR_SLUR,6,LUR,LUR,2025-01-31,2025-02-02,3,TSEC,60.97367477416992,59.99517059326172,60.03819274902344,59.89103317260742,59.9375
M6_YLUR_SLUR,6,LUR,LUR,2025-02-01,2025-02-01,1,Yd,902.6653442382812,899.2879028320312,899.0376586914062,899.9671020507812,899.2061157226562
M6_YLUR_SLUR,6,LUR,LUR,2025-02-01,2025-02-01,1,TSE,893.5023193359375,900.3626708984375,900.4699096679688,899.8323364257812,900.2073974609375
M6_YLUR_SLUR,6,LUR,LUR,2025-02-01,2025-02-01,1,TSEC,61.706932067871094,59.994869232177734,59.975257873535156,59.89144515991211,59.97771453857422
M6_YLUR_SLUR,6,LUR,LUR,2025-02-01,2025-02-02,2,Yd,903.7755126953125,899.2879028320312,898.9996948242188,900.476806640625,899.2294311523438
M6_YLUR_SLUR,6,LUR,LUR,2025-02-01,2025-02-02,2,TSE,890.8854370117188,900.3626708984375,900.3812866210938,899.2982177734375,900.0496215820312
M6_YLUR_SLUR,6,LUR,LUR,2025-02-01,2025-02-02,2,TSEC,60.97367477416992,59.994869232177734,59.95968246459961,59.96607208251953,59.96323776245117
M6_YLUR_SLUR,6,LUR,LUR,2025-02-01,2025-02-03,3,Yd,917.194091796875,899.2879028320312,899.2700805664062,899.4104614257812,899.1468505859375
M6_YLUR_SLUR,6,LUR,LUR,2025-02-01,2025-02-03,3,TSE,903.2371215820312,900.3626708984375,899.776123046875,899.1246948242188,900.0946655273438
M6_YLUR_SLUR,6,LUR,LUR,2025-02-01,2025-02-03,3,TSEC,59.64249801635742,59.994869232177734,59.935211181640625,59.93770980834961,59.95465087890625
M6_YLUR_SLUR,6,LUR,LUR,2025-02-02,2025-02-02,1,Yd,903.7755126953125,899.2923583984375,899.71435546875,901.9485473632812,899.1494750976562
M6_YLUR_SLUR,6,LUR,LUR,2025-02-02,2025-02-02,1,TSE,890.8854370117188,900.3536987304688,899.162109375,901.8341064453125,900.195068359375
M6_YLUR_SLUR,6,LUR,LUR,2025-02-02,2025-02-02,1,TSEC,60.97367477416992,59.99711227416992,59.86881637573242,59.798099517822266,59.97006607055664
M6_YLUR_SLUR,6,LUR,LUR,2025-02-02,2025-02-03,2,Yd,917.194091796875,899.2923583984375,899.7467041015625,900.6720581054688,898.9622192382812
M6_YLUR_SLUR,6,LUR,LUR,2025-02-02,2025-02-03,2,TSE,903.2371215820312,900.3536987304688,899.7933959960938,900.1104125976562,900.2086791992188
M6_YLUR_SLUR,6,LUR,LUR,2025-02-02,2025-02-03,2,TSEC,59.64249801635742,59.99711227416992,59.970558166503906,59.87472915649414,59.95076370239258
M6_YLUR_SLUR,6,LUR,LUR,2025-02-02,2025-02-04,3,Yd,926.0979614257812,899.2923583984375,899.6167602539062,901.8616333007812,898.7653198242188
M6_YLUR_SLUR,6,LUR,LUR,2025-02-02,2025-02-04,3,TSE,889.2661743164062,900.3536987304688,900.5162353515625,900.7850952148438,900.3545532226562
M6_YLUR_SLUR,6,LUR,LUR,2025-02-02,2025-02-04,3,TSEC,61.1092529296875,59.99711227416992,59.928192138671875,59.82813262939453,59.93525695800781
M6_YLUR_SLUR,6,LUR,LUR,2025-02-03,2025-02-03,1,Yd,917.194091796875,899.2982788085938,899.0258178710938,898.56494140625,898.9931640625
M6_YLUR_SLUR,6,LUR,LUR,2025-02-03,2025-02-03,1,TSE,903.2371215820312,900.34130859375,899.4608764648438,899.5608520507812,900.34765625
M6_YLUR_SLUR,6,LUR,LUR,2025-02-03,2025-02-03,1,TSEC,59.64249801635742,59.99839401245117,59.96364974975586,60.02369689941406,59.973731994628906
M6_YLUR_SLUR,6,LUR,LUR,2025-02-03,2025-02-04,2,Yd,926.0979614257812,899.2982788085938,898.9509887695312,898.2755126953125,898.6490478515625
M6_YLUR_SLUR,6,LUR,LUR,2025-02-03,2025-02-04,2,TSE,889.2661743164062,900.34130859375,899.9916381835938,900.1585083007812,900.5050048828125
M6_YLUR_SLUR,6,LUR,LUR,2025-02-03,2025-02-04,2,TSEC,61.1092529296875,59.99839401245117,59.9240608215332,60.1122932434082,59.94688034057617
M6_YLUR_SLUR,6,LUR,LUR,2025-02-03,2025-02-05,3,Yd,895.111328125,899.2982788085938,899.0136108398438,899.4725952148438,898.3164672851562
M6_YLUR_SLUR,6,LUR,LUR,2025-02-03,2025-02-05,3,TSE,896.0372314453125,900.34130859375,899.36572265625,900.4495239257812,900.5858764648438
M6_YLUR_SLUR,6,LUR,LUR,2025-02-03,2025-02-05,3,TSEC,60.2618522644043,59.99839401245117,59.997230529785156,60.0038948059082,59.928321838378906
M6_YLUR_SLUR,6,LUR,LUR,2025-02-04,2025-02-04,1,Yd,926.0979614257812,899.3216552734375,899.3993530273438,899.5269165039062,898.7181396484375
M6_YLUR_SLUR,6,LUR,LUR,2025-02-04,2025-02-04,1,TSE,889.2661743164062,900.3450927734375,900.7451782226562,899.3851318359375,900.5735473632812
M6_YLUR_SLUR,6,LUR,LUR,2025-02-04,2025-02-04,1,TSEC,61.1092529296875,59.997928619384766,60.15785217285156,59.948062896728516,59.97293472290039
M6_YLUR_SLUR,6,LUR,LUR,2025-02-04,2025-02-05,2,Yd,895.111328125,899.3216552734375,899.6087646484375,899.3821411132812,898.3157958984375
M6_YLUR_SLUR,6,LUR,LUR,2025-02-04,2025-02-05,2,TSE,896.0372314453125,900.3450927734375,899.5222778320312,899.8927001953125,900.6363525390625
M6_YLUR_SLUR,6,LUR,LUR,2025-02-04,2025-02-05,2,TSEC,60.2618522644043,59.997928619384766,60.14540100097656,60.04125213623047,59.94855880737305
M6_YLUR_SLUR,6,LUR,LUR,2025-02-04,2025-02-06,3,Yd,894.2747192382812,899.3216552734375,900.5333251953125,899.8384399414062,898.3890380859375
M6_YLUR_SLUR,6,LUR,LUR,2025-02-04,2025-02-06,3,TSE,906.1316528320312,900.3450927734375,899.4051513671875,898.7023315429688,900.4721069335938
M6_YLUR_SLUR,6,LUR,LUR,2025-02-04,2025-02-06,3,TSEC,60.38241195678711,59.997928619384766,60.08843231201172,60.03205108642578,59.949771881103516
M6_YLUR_SLUR,6,LUR,LUR,2025-02-05,2025-02-05,1,Yd,895.111328125,899.3565673828125,899.1060180664062,900.9216918945312,898.6932983398438
M6_YLUR_SLUR,6,LUR,LUR,2025-02-05,2025-02-05,1,TSE,896.0372314453125,900.3306274414062,899.0360107421875,900.0465087890625,900.5030517578125
M6_YLUR_SLUR,6,LUR,LUR,2025-02-05,2025-02-05,1,TSEC,60.2618522644043,59.9993782043457,59.97465515136719,59.893924713134766,59.97294616699219
M6_YLUR_SLUR,6,LUR,LUR,2025-02-05,2025-02-06,2,Yd,894.2747192382812,899.3565673828125,899.1146850585938,899.6460571289062,898.6249389648438
M6_YLUR_SLUR,6,LUR,LUR,2025-02-05,2025-02-06,2,TSE,906.1316528320312,900.3306274414062,899.1611938476562,898.7882690429688,900.3992309570312
M6_YLUR_SLUR,6,LUR,LUR,2025-02-05,2025-02-06,2,TSEC,60.38241195678711,59.9993782043457,59.94270324707031,59.97356033325195,59.96574783325195
M6_YLUR_SLUR,6,LUR,LUR,2025-02-05,2025-02-07,3,Yd,917.4210205078125,899.3565673828125,898.95556640625,899.5535888671875,898.6648559570312
M6_YLUR_SLUR,6,LUR,LUR,2025-02-05,2025-02-07,3,TSE,900.4610595703125,900.3306274414062,899.0643310546875,898.4066772460938,900.2513427734375
M6_YLUR_SLUR,6,LUR,LUR,2025-02-05,2025-02-07,3,TSEC,59.683624267578125,59.9993782043457,59.961795806884766,59.93193054199219,59.95000457763672
M6_YLUR_SLUR,6,LUR,LUR,2025-02-06,2025-02-06,1,Yd,894.2747192382812,899.3510131835938,898.1483764648438,899.4199829101562,899.0186157226562
M6_YLUR_SLUR,6,LUR,LUR,2025-02-06,2025-02-06,1,TSE,906.1316528320312,900.324951171875,899.1534423828125,900.6897583007812,900.3403930664062
M6_YLUR_SLUR,6,LUR,LUR,2025-02-06,2025-02-06,1,TSEC,60.38241195678711,59.99972152709961,60.12319564819336,59.90483856201172,59.980892181396484
M6_YLUR_SLUR,6,LUR,LUR,2025-02-06,2025-02-07,2,Yd,917.4210205078125,899.3510131835938,899.5997314453125,902.8820190429688,899.07568359375
M6_YLUR_SLUR,6,LUR,LUR,2025-02-06,2025-02-07,2,TSE,900.4610595703125,900.324951171875,899.1194458007812,900.2924194335938,900.2279663085938
M6_YLUR_SLUR,6,LUR,LUR,2025-02-06,2025-02-07,2,TSEC,59.683624267578125,59.99972152709961,60.147769927978516,59.96902084350586,59.9594612121582
M6_YLUR_SLUR,6,LUR,LUR,2025-02-06,2025-02-08,3,Yd,891.6696166992188,899.3510131835938,899.373046875,902.5011596679688,899.1437377929688
M6_YLUR_SLUR,6,LUR,LUR,2025-02-06,2025-02-08,3,TSE,883.0618286132812,900.324951171875,898.8514404296875,900.06591796875,900.069580078125
M6_YLUR_SLUR,6,LUR,LUR,2025-02-06,2025-02-08,3,TSEC,60.51773452758789,59.99972152709961,60.065528869628906,59.848838806152344,59.928436279296875
M6_YLUR_SLUR,6,LUR,LUR,2025-02-07,2025-02-07,1,Yd,917.4210205078125,899.3444213867188,899.4984741210938,900.337646484375,899.270751953125
M6_YLUR_SLUR,6,LUR,LUR,2025-02-07,2025-02-07,1,TSE,900.4610595703125,900.33251953125,900.5230102539062,900.7005004882812,900.1689453125
M6_YLUR_SLUR,6,LUR,LUR,2025-02-07,2025-02-07,1,TSEC,59.683624267578125,60.000213623046875,60.401424407958984,59.83034896850586,59.97418975830078
M6_YLUR_SLUR,6,LUR,LUR,2025-02-07,2025-02-08,2,Yd,891.6696166992188,899.3444213867188,899.2404174804688,899.646484375,899.34375
M6_YLUR_SLUR,6,LUR,LUR,2025-02-07,2025-02-08,2,TSE,883.0618286132812,900.33251953125,900.1505126953125,900.55029296875,899.9500732421875
M6_YLUR_SLUR,6,LUR,LUR,2025-02-07,2025-02-08,2,TSEC,60.51773452758789,60.000213623046875,60.300209045410156,59.941673278808594,59.94656753540039
M6_YLUR_SLUR,6,LUR,LUR,2025-02-07,2025-02-09,3,Yd,887.4390869140625,899.3444213867188,899.6163330078125,899.3017578125,899.1339721679688
M6_YLUR_SLUR,6,LUR,LUR,2025-02-07,2025-02-09,3,TSE,902.919677734375,900.33251953125,900.198974609375,899.7368774414062,899.9168090820312
M6_YLUR_SLUR,6,LUR,LUR,2025-02-07,2025-02-09,3,TSEC,59.60063934326172,60.000213623046875,60.324676513671875,60.03262710571289,59.91443634033203
M6_YLUR_SLUR,6,LUR,LUR,2025-02-08,2025-02-08,1,Yd,891.6696166992188,899.367919921875,899.7391967773438,899.3894653320312,899.0685424804688
M6_YLUR_SLUR,6,LUR,LUR,2025-02-08,2025-02-08,1,TSE,883.0618286132812,900.332763671875,899.1194458007812,901.0420532226562,900.19189453125
M6_YLUR_SLUR,6,LUR,LUR,2025-02-08,2025-02-08,1,TSEC,60.51773452758789,59.99980545043945,60.084957122802734,59.78048324584961,59.967323303222656
M6_YLUR_SLUR,6,LUR,LUR,2025-02-08,2025-02-09,2,Yd,887.4390869140625,899.367919921875,899.9927978515625,900.9710083007812,898.8822631835938
M6_YLUR_SLUR,6,LUR,LUR,2025-02-08,2025-02-09,2,TSE,902.919677734375,900.332763671875,899.4343872070312,901.1029052734375,900.0623779296875
M6_YLUR_SLUR,6,LUR,LUR,2025-02-08,2025-02-09,2,TSEC,59.60063934326172,59.99980545043945,60.0225830078125,59.84954071044922,59.941715240478516
M6_YLUR_SLUR,6,LUR,LUR,2025-02-08,2025-02-10,3,Yd,898.3335571289062,899.367919921875,900.0861206054688,900.5931396484375,898.5912475585938
M6_YLUR_SLUR,6,LUR,LUR,2025-02-08,2025-02-10,3,TSE,913.2742919921875,900.332763671875,899.5673217773438,901.5040283203125,900.13525390625
M6_YLUR_SLUR,6,LUR,LUR,2025-02-08,2025-02-10,3,TSEC,59.68989562988281,59.99980545043945,60.1639289855957,59.996944427490234,59.92875289916992
M6_YLUR_SLUR,6,LUR,LUR,2025-02-09,2025-02-09,1,Yd,887.4390869140625,899.3579711914062,899.5989379882812,902.0308837890625,898.9961547851562
M6_YLUR_SLUR,6,LUR,LUR,2025-02-09,2025-02-09,1,TSE,902.919677734375,900.3102416992188,898.4326782226562,900.4445190429688,900.1810913085938
M6_YLUR_SLUR,6,LUR,LUR,2025-02-09,2025-02-09,1,TSEC,59.60063934326172,60.0004768371582,59.94761657714844,59.836002349853516,59.96731185913086
M6_YLUR_SLUR,6,LUR,LUR,2025-02-09,2025-02-10,2,Yd,898.3335571289062,899.3579711914062,900.0781860351562,901.1856079101562,898.6719970703125
M6_YLUR_SLUR,6,LUR,LUR,2025-02-09,2025-02-10,2,TSE,913.2742919921875,900.3102416992188,898.9984130859375,899.6432495117188,900.2149047851562
M6_YLUR_SLUR,6,LUR,LUR,2025-02-09,2025-02-10,2,TSEC,59.68989562988281,60.0004768371582,59.952552795410156,59.96125030517578,59.94478225708008
M6_YLUR_SLUR,6,LUR,LUR,2025-02-09,2025-02-11,3,Yd,887.9589233398438,899.3579711914062,899.05908203125,900.4215698242188,898.3528442382812
M6_YLUR_SLUR,6,LUR,LUR,2025-02-09,2025-02-11,3,TSE,890.4069213867188,900.3102416992188,899.9791259765625,900.1690063476562,900.381591796875
M6_YLUR_SLUR,6,LUR,LUR,2025-02-09,2025-02-11,3,TSEC,59.7269172668457,60.0004768371582,60.033573150634766,59.918922424316406,59.9234733581543
M6_YLUR_SLUR,6,LUR,LUR,2025-02-10,2025-02-10,1,Yd,898.3335571289062,899.3424072265625,898.784423828125,898.4926147460938,899.0606079101562
M6_YLUR_SLUR,6,LUR,LUR,2025-02-10,2025-02-10,1,TSE,913.2742919921875,900.313720703125,899.166748046875,899.4647216796875,900.3124389648438
M6_YLUR_SLUR,6,LUR,LUR,2025-02-10,2025-02-10,1,TSEC,59.68989562988281,59.99995803833008,60.03777313232422,60.04327392578125,59.985591888427734
M6_YLUR_SLUR,6,LUR,LUR,2025-02-10,2025-02-11,2,Yd,887.9589233398438,899.3424072265625,899.5003051757812,898.5827026367188,898.666748046875
M6_YLUR_SLUR,6,LUR,LUR,2025-02-10,2025-02-11,2,TSE,890.4069213867188,900.313720703125,899.8921508789062,899.755859375,900.4591064453125
M6_YLUR_SLUR,6,LUR,LUR,2025-02-10,2025-02-11,2,TSEC,59.7269172668457,59.99995803833008,59.987396240234375,60.063804626464844,59.95990753173828
M6_YLUR_SLUR,6,LUR,LUR,2025-02-10,2025-02-12,3,Yd,901.7388305664062,899.3424072265625,898.8616333007812,899.8861083984375,898.246337890625
M6_YLUR_SLUR,6,LUR,LUR,2025-02-10,2025-02-12,3,TSE,913.2423095703125,900.313720703125,899.0536499023438,899.2888793945312,900.462646484375
M6_YLUR_SLUR,6,LUR,LUR,2025-02-10,2025-02-12,3,TSEC,59.644744873046875,59.99995803833008,60.0132942199707,60.084266662597656,59.928916931152344
M6_YLUR_SLUR,6,LUR,LUR,2025-02-11,2025-02-11,1,Yd,887.9589233398438,899.3411865234375,899.4962768554688,899.5572509765625,898.89013671875
M6_YLUR_SLUR,6,LUR,LUR,2025-02-11,2025-02-11,1,TSE,890.4069213867188,900.3304443359375,898.871826171875,899.6124877929688,900.5213012695312
M6_YLUR_SLUR,6,LUR,LUR,2025-02-11,2025-02-11,1,TSEC,59.7269172668457,59.99955368041992,60.03852462768555,59.94802474975586,59.98723602294922
M6_YLUR_SLUR,6,LUR,LUR,2025-02-11,2025-02-12,2,Yd,901.7388305664062,899.3411865234375,899.5989990234375,898.3649291992188,898.5167236328125
M6_YLUR_SLUR,6,LUR,LUR,2025-02-11,2025-02-12,2,TSE,913.2423095703125,900.3304443359375,900.8598022460938,899.5984497070312,900.5193481445312
M6_YLUR_SLUR,6,LUR,LUR,2025-02-11,2025-02-12,2,TSEC,59.644744873046875,59.99955368041992,60.047760009765625,60.07524108886719,59.962886810302734
M6_YLUR_SLUR,6,LUR,LUR,2025-02-11,2025-02-13,3,Yd,900.7391967773438,899.3411865234375,899.2908935546875,898.3394775390625,898.4857177734375
M6_YLUR_SLUR,6,LUR,LUR,2025-02-11,2025-02-13,3,TSE,898.8776245117188,900.3304443359375,899.3744506835938,899.5186157226562,900.3046875
M6_YLUR_SLUR,6,LUR,LUR,2025-02-11,2025-02-13,3,TSEC,60.1999397277832,59.99955368041992,59.99291229248047,60.02926254272461,59.94983673095703
M6_YLUR_SLUR,6,LUR,LUR,2025-02-12,2025-02-12,1,Yd,901.7388305664062,899.3264770507812,899.2866821289062,899.06640625,898.813720703125
M6_YLUR_SLUR,6,LUR,LUR,2025-02-12,2025-02-12,1,TSE,913.2423095703125,900.3175659179688,899.0128784179688,898.5001220703125,900.4285888671875
M6_YLUR_SLUR,6,LUR,LUR,2025-02-12,2025-02-12,1,TSEC,59.644744873046875,59.999202728271484,60.13964080810547,59.96769332885742,59.97737121582031
M6_YLUR_SLUR,6,LUR,LUR,2025-02-12,2025-02-13,2,Yd,900.7391967773438,899.3264770507812,900.704833984375,899.4321899414062,898.8024291992188
M6_YLUR_SLUR,6,LUR,LUR,2025-02-12,2025-02-13,2,TSE,898.8776245117188,900.3175659179688,899.0385131835938,899.022216796875,900.2515869140625
M6_YLUR_SLUR,6,LUR,LUR,2025-02-12,2025-02-13,2,TSEC,60.1999397277832,59.999202728271484,60.05717468261719,59.9564323425293,59.967628479003906
M6_YLUR_SLUR,6,LUR,LUR,2025-02-12,2025-02-14,3,Yd,890.7435913085938,899.3264770507812,900.0264282226562,900.3724365234375,898.9790649414062
M6_YLUR_SLUR,6,LUR,LUR,2025-02-12,2025-02-14,3,TSE,888.3345947265625,900.3175659179688,898.9581298828125,900.0318603515625,900.0376586914062
M6_YLUR_SLUR,6,LUR,LUR,2025-02-12,2025-02-14,3,TSEC,60.51301574707031,59.999202728271484,60.10360336303711,59.94921875,59.9534912109375
M6_YLUR_SLUR,6,LUR,LUR,2025-02-13,2025-02-13,1,Yd,900.7391967773438,899.32958984375,899.0391235351562,899.8577270507812,899.1357421875
M6_YLUR_SLUR,6,LUR,LUR,2025-02-13,2025-02-13,1,TSE,898.8776245117188,900.3342895507812,899.416015625,899.8260498046875,900.2802734375
M6_YLUR_SLUR,6,LUR,LUR,2025-02-13,2025-02-13,1,TSEC,60.1999397277832,59.998748779296875,59.991844177246094,59.92578125,59.99149703979492
M6_YLUR_SLUR,6,LUR,LUR,2025-02-13,2025-02-14,2,Yd,890.7435913085938,899.32958984375,898.718505859375,900.4614868164062,899.333984375
M6_YLUR_SLUR,6,LUR,LUR,2025-02-13,2025-02-14,2,TSE,888.3345947265625,900.3342895507812,899.1700439453125,899.9743041992188,900.084716796875
M6_YLUR_SLUR,6,LUR,LUR,2025-02-13,2025-02-14,2,TSEC,60.51301574707031,59.998748779296875,59.90279006958008,59.86394119262695,59.98029708862305
M6_YLUR_SLUR,6,LUR,LUR,2025-02-13,2025-02-15,3,Yd,908.0254516601562,899.32958984375,899.004150390625,899.9329223632812,899.5576171875
M6_YLUR_SLUR,6,LUR,LUR,2025-02-13,2025-02-15,3,TSE,892.6217651367188,900.3342895507812,899.517578125,899.974365234375,899.809326171875
M6_YLUR_SLUR,6,LUR,LUR,2025-02-13,2025-02-15,3,TSEC,60.12526321411133,59.998748779296875,60.046417236328125,59.925540924072266,59.96696853637695
M6_YLUR_SLUR,6,LUR,LUR,2025-02-14,2025-02-14,1,Yd,890.7435913085938,899.3314819335938,899.41650390625,900.35498046875,899.3152465820312
M6_YLUR_SLUR,6,LUR,LUR,2025-02-14,2025-02-14,1,TSE,888.3345947265625,900.3323974609375,899.1755981445312,900.368896484375,900.1898803710938
M6_YLUR_SLUR,6,LUR,LUR,2025-02-14,2025-02-14,1,TSEC,60.51301574707031,59.999000549316406,60.00502395629883,59.87853240966797,59.98472213745117
M6_YLUR_SLUR,6,LUR,LUR,2025-02-14,2025-02-15,2,Yd,908.0254516601562,899.3314819335938,899.1848754882812,900.0724487304688,899.4474487304688
M6_YLUR_SLUR,6,LUR,LUR,2025-02-14,2025-02-15,2,TSE,892.6217651367188,900.3323974609375,899.4884643554688,900.0205688476562,899.9257202148438
M6_YLUR_SLUR,6,LUR,LUR,2025-02-14,2025-02-15,2,TSEC,60.12526321411133,59.999000549316406,59.9210205078125,59.87737274169922,59.972686767578125
M6_YLUR_SLUR,6,LUR,LUR,2025-02-14,2025-02-16,3,Yd,899.1973266601562,899.3314819335938,898.622314453125,899.6123657226562,899.4713134765625
M6_YLUR_SLUR,6,LUR,LUR,2025-02-14,2025-02-16,3,TSE,908.0400390625,900.3323974609375,899.2097778320312,899.3501586914062,899.7428588867188
M6_YLUR_SLUR,6,LUR,LUR,2025-02-14,2025-02-16,3,TSEC,60.63957595825195,59.999000549316406,59.93772506713867,59.92171096801758,59.965755462646484
M6_YLUR_SLUR,6,LUR,LUR,2025-02-15,2025-02-15,1,Yd,908.0254516601562,899.3203125,898.8900756835938,900.1032104492188,899.2067260742188
M6_YLUR_SLUR,6,LUR,LUR,2025-02-15,2025-02-15,1,TSE,892.6217651367188,900.3170166015625,899.2171630859375,899.8522338867188,900.08984375
M6_YLUR_SLUR,6,LUR,LUR,2025-02-15,2025-02-15,1,TSEC,60.12526321411133,59.99966812133789,59.89906692504883,59.96665954589844,59.98070526123047
M6_YLUR_SLUR,6,LUR,LUR,2025-02-15,2025-02-16,2,Yd,899.1973266601562,899.3203125,899.4342651367188,900.599365234375,899.2455444335938
M6_YLUR_SLUR,6,LUR,LUR,2025-02-15,2025-02-16,2,TSE,908.0400390625,900.3170166015625,899.1165161132812,899.6083984375,899.8638916015625
M6_YLUR_SLUR,6,LUR,LUR,2025-02-15,2025-02-16,2,TSEC,60.63957595825195,59.99966812133789,59.94025802612305,59.97650909423828,59.96971130371094
M6_YLUR_SLUR,6,LUR,LUR,2025-02-15,2025-02-17,3,Yd,908.4954223632812,899.3203125,899.9260864257812,900.07080078125,899.0973510742188
M6_YLUR_SLUR,6,LUR,LUR,2025-02-15,2025-02-17,3,TSE,892.17138671875,900.3170166015625,899.02880859375,899.6589965820312,899.9163818359375
M6_YLUR_SLUR,6,LUR,LUR,2025-02-15,2025-02-17,3,TSEC,59.07301712036133,59.99966812133789,59.91502380371094,60.027671813964844,59.958744049072266
M6_YLUR_SLUR,6,LUR,LUR,2025-02-16,2025-02-16,1,Yd,899.1973266601562,899.33154296875,899.4972534179688,899.8632202148438,899.1348876953125
M6_YLUR_SLUR,6,LUR,LUR,2025-02-16,2025-02-16,1,TSE,908.0400390625,900.30712890625,898.746337890625,899.6463012695312,900.15966796875
M6_YLUR_SLUR,6,LUR,LUR,2025-02-16,2025-02-16,1,TSEC,60.63957595825195,59.99982833862305,59.926055908203125,60.00460433959961,59.98054885864258
M6_YLUR_SLUR,6,LUR,LUR,2025-02-16,2025-02-17,2,Yd,908.4954223632812,899.33154296875,899.530029296875,900.3569946289062,898.95849609375
M6_YLUR_SLUR,6,LUR,LUR,2025-02-16,2025-02-17,2,TSE,892.17138671875,900.30712890625,898.8300170898438,900.3316650390625,900.125732421875
M6_YLUR_SLUR,6,LUR,LUR,2025-02-16,2025-02-17,2,TSEC,59.07301712036133,59.99982833862305,59.904052734375,59.94397735595703,59.97170639038086
M6_YLUR_SLUR,6,LUR,LUR,2025-02-16,2025-02-18,3,Yd,899.5065307617188,899.33154296875,899.3240966796875,900.5007934570312,898.6417236328125
M6_YLUR_SLUR,6,LUR,LUR,2025-02-16,2025-02-18,3,TSE,894.8209228515625,900.30712890625,900.4779663085938,899.5843505859375,900.2667236328125
M6_YLUR_SLUR,6,LUR,LUR,2025-02-16,2025-02-18,3,TSEC,61.292572021484375,59.99982833862305,60.030574798583984,60.02701950073242,59.95395278930664
M6_YLUR_SLUR,6,LUR,LUR,2025-02-17,2025-02-17,1,Yd,908.4954223632812,899.331298828125,899.166259765625,898.798583984375,899.0723876953125
M6_YLUR_SLUR,6,LUR,LUR,2025-02-17,2025-02-17,1,TSE,892.17138671875,900.3170166015625,899.874267578125,899.4523315429688,900.3272094726562
M6_YLUR_SLUR,6,LUR,LUR,2025-02-17,2025-02-17,1,TSEC,59.07301712036133,60.00065231323242,60.14081573486328,59.99433135986328,59.98875427246094
M6_YLUR_SLUR,6,LUR,LUR,2025-02-17,2025-02-18,2,Yd,899.5065307617188,899.331298828125,899.3565063476562,898.6441040039062,898.7640991210938
M6_YLUR_SLUR,6,LUR,LUR,2025-02-17,2025-02-18,2,TSE,894.8209228515625,900.3170166015625,898.5368041992188,899.4210205078125,900.4259643554688
M6_YLUR_SLUR,6,LUR,LUR,2025-02-17,2025-02-18,2,TSEC,61.292572021484375,60.00065231323242,60.24775314331055,60.041927337646484,59.96943283081055
M6_YLUR_SLUR,6,LUR,LUR,2025-02-17,2025-02-19,3,Yd,905.95263671875,899.331298828125,898.3265991210938,898.764892578125,898.3719482421875
M6_YLUR_SLUR,6,LUR,LUR,2025-02-17,2025-02-19,3,TSE,898.6516723632812,900.3170166015625,900.9688720703125,899.661376953125,900.4556884765625
M6_YLUR_SLUR,6,LUR,LUR,2025-02-17,2025-02-19,3,TSEC,59.803951263427734,60.00065231323242,60.255855560302734,60.03708267211914,59.94662857055664
M6_YLUR_SLUR,6,LUR,LUR,2025-02-18,2025-02-18,1,Yd,899.5065307617188,899.3430786132812,900.0763549804688,900.69970703125,898.7714233398438
M6_YLUR_SLUR,6,LUR,LUR,2025-02-18,2025-02-18,1,TSE,894.8209228515625,900.3065795898438,900.1255493164062,899.3263549804688,900.5308227539062
M6_YLUR_SLUR,6,LUR,LUR,2025-02-18,2025-02-18,1,TSEC,61.292572021484375,59.99946212768555,60.127418518066406,59.90171813964844,59.984188079833984
M6_YLUR_SLUR,6,LUR,LUR,2025-02-18,2025-02-19,2,Yd,905.95263671875,899.3430786132812,899.4451293945312,900.0739135742188,898.3733520507812
M6_YLUR_SLUR,6,LUR,LUR,2025-02-18,2025-02-19,2,TSE,898.6516723632812,900.3065795898438,898.9440307617188,900.0828247070312,900.5234375
M6_YLUR_SLUR,6,LUR,LUR,2025-02-18,2025-02-19,2,TSEC,59.803951263427734,59.99946212768555,60.119911193847656,59.945701599121094,59.962032318115234
M6_YLUR_SLUR,6,LUR,LUR,2025-02-18,2025-02-20,3,Yd,897.4354858398438,899.3430786132812,899.0921020507812,900.3506469726562,898.2718505859375
M6_YLUR_SLUR,6,LUR,LUR,2025-02-18,2025-02-20,3,TSE,906.1813354492188,900.3065795898438,898.7770385742188,899.5969848632812,900.3233642578125
M6_YLUR_SLUR,6,LUR,LUR,2025-02-18,2025-02-20,3,TSEC,58.838253021240234,59.99946212768555,60.05337905883789,59.97962188720703,59.94939422607422
M6_YLUR_SLUR,6,LUR,LUR,2025-02-19,2025-02-19,1,Yd,905.95263671875,899.34326171875,900.0099487304688,899.08349609375,898.7164306640625
M6_YLUR_SLUR,6,LUR,LUR,2025-02-19,2025-02-19,1,TSE,898.6516723632812,900.2994995117188,898.8321533203125,898.224853515625,900.4490966796875
M6_YLUR_SLUR,6,LUR,LUR,2025-02-19,2025-02-19,1,TSEC,59.803951263427734,60.001121520996094,60.08091735839844,59.9719123840332,59.9764518737793
M6_YLUR_SLUR,6,LUR,LUR,2025-02-19,2025-02-20,2,Yd,897.4354858398438,899.34326171875,899.573486328125,900.4447631835938,898.6455688476562
M6_YLUR_SLUR,6,LUR,LUR,2025-02-19,2025-02-20,2,TSE,906.1813354492188,900.2994995117188,898.7635498046875,899.920166015625,900.30029296875
M6_YLUR_SLUR,6,LUR,LUR,2025-02-19,2025-02-20,2,TSEC,58.838253021240234,60.001121520996094,60.170291900634766,59.86775588989258,59.967369079589844
M6_YLUR_SLUR,6,LUR,LUR,2025-02-19,2025-02-21,3,Yd,896.9662475585938,899.34326171875,900.0282592773438,900.4102172851562,898.6581420898438
M6_YLUR_SLUR,6,LUR,LUR,2025-02-19,2025-02-21,3,TSE,887.1482543945312,900.2994995117188,899.164306640625,899.7662353515625,900.0967407226562
M6_YLUR_SLUR,6,LUR,LUR,2025-02-19,2025-02-21,3,TSEC,59.733150482177734,60.001121520996094,60.089210510253906,59.859317779541016,59.95024108886719
M6_YLUR_SLUR,6,LUR,LUR,2025-02-20,2025-02-20,1,Yd,897.4354858398438,899.351806640625,899.773681640625,900.018310546875,898.9661865234375
M6_YLUR_SLUR,6,LUR,LUR,2025-02-20,2025-02-20,1,TSE,906.1813354492188,900.29736328125,898.8629760742188,899.6771240234375,900.2779541015625
M6_YLUR_SLUR,6,LUR,LUR,2025-02-20,2025-02-20,1,TSEC,58.838253021240234,60.00086975097656,60.06256103515625,59.890602111816406,59.98278045654297
M6_YLUR_SLUR,6,LUR,LUR,2025-02-20,2025-02-21,2,Yd,896.9662475585938,899.351806640625,898.9505615234375,901.556640625,898.9447021484375
M6_YLUR_SLUR,6,LUR,LUR,2025-02-20,2025-02-21,2,TSE,887.1482543945312,900.29736328125,899.283203125,899.5079345703125,900.1036376953125
M6_YLUR_SLUR,6,LUR,LUR,2025-02-20,2025-02-21,2,TSEC,59.733150482177734,60.00086975097656,60.11686325073242,59.95301055908203,59.962398529052734
M6_YLUR_SLUR,6,LUR,LUR,2025-02-20,2025-02-22,3,Yd,908.0211791992188,899.351806640625,899.671875,901.5595092773438,898.9913940429688
M6_YLUR_SLUR,6,LUR,LUR,2025-02-20,2025-02-22,3,TSE,914.9921264648438,900.29736328125,899.208251953125,899.977783203125,899.8797607421875
M6_YLUR_SLUR,6,LUR,LUR,2025-02-20,2025-02-22,3,TSEC,60.69736862182617,60.00086975097656,59.96644592285156,59.89862060546875,59.935359954833984
M6_YLUR_SLUR,6,LUR,LUR,2025-02-21,2025-02-21,1,Yd,896.9662475585938,899.3492431640625,898.9054565429688,899.602294921875,899.1543579101562
M6_YLUR_SLUR,6,LUR,LUR,2025-02-21,2025-02-21,1,TSE,887.1482543945312,900.304931640625,900.4899291992188,899.9320678710938,900.1874389648438
M6_YLUR_SLUR,6,LUR,LUR,2025-02-21,2025-02-21,1,TSEC,59.733150482177734,59.99938201904297,59.95882034301758,60.031517028808594,59.98194122314453
M6_YLUR_SLUR,6,LUR,LUR,2025-02-21,2025-02-22,2,Yd,908.0211791992188,899.3492431640625,899.537353515625,899.137939453125,899.1926879882812
M6_YLUR_SLUR,6,LUR,LUR,2025-02-21,2025-02-22,2,TSE,914.9921264648438,900.304931640625,899.8951416015625,899.9055786132812,899.9503173828125
M6_YLUR_SLUR,6,LUR,LUR,2025-02-21,2025-02-22,2,TSEC,60.69736862182617,59.99938201904297,59.912410736083984,60.071414947509766,59.97236251831055
M6_YLUR_SLUR,6,LUR,LUR,2025-02-21,2025-02-23,3,Yd,895.7246704101562,899.3492431640625,899.0509033203125,898.4755249023438,899.248046875
M6_YLUR_SLUR,6,LUR,LUR,2025-02-21,2025-02-23,3,TSE,898.9059448242188,900.304931640625,900.302490234375,898.6183471679688,899.8125610351562
M6_YLUR_SLUR,6,LUR,LUR,2025-02-21,2025-02-23,3,TSEC,60.46006393432617,59.99938201904297,59.92487716674805,60.14362716674805,59.972496032714844
M6_YLUR_SLUR,6,LUR,LUR,2025-02-22,2025-02-22,1,Yd,908.0211791992188,899.3462524414062,898.7955322265625,902.3233642578125,899.1121826171875
M6_YLUR_SLUR,6,LUR,LUR,2025-02-22,2025-02-22,1,TSE,914.9921264648438,900.2881469726562,898.9743041992188,900.701416015625,900.1430053710938
M6_YLUR_SLUR,6,LUR,LUR,2025-02-22,2025-02-22,1,TSEC,60.69736862182617,59.99904251098633,59.8542594909668,59.843910217285156,59.98301315307617
M6_YLUR_SLUR,6,LUR,LUR,2025-02-22,2025-02-23,2,Yd,895.7246704101562,899.3462524414062,899.2858276367188,900.7906494140625,899.06494140625
M6_YLUR_SLUR,6,LUR,LUR,2025-02-22,2025-02-23,2,TSE,898.9059448242188,900.2881469726562,898.7853393554688,899.8594970703125,899.9656372070312
M6_YLUR_SLUR,6,LUR,LUR,2025-02-22,2025-02-23,2,TSEC,60.46006393432617,59.99904251098633,59.87110137939453,59.887969970703125,59.974151611328125
M6_YLUR_SLUR,6,LUR,LUR,2025-02-22,2025-02-24,3,Yd,887.85888671875,899.3462524414062,899.7647094726562,901.052490234375,898.8294067382812
M6_YLUR_SLUR,6,LUR,LUR,2025-02-22,2025-02-24,3,TSE,901.276611328125,900.2881469726562,898.9527587890625,899.5680541992188,900.0381469726562
M6_YLUR_SLUR,6,LUR,LUR,2025-02-22,2025-02-24,3,TSEC,60.04554748535156,59.99904251098633,59.899009704589844,59.98630142211914,59.96803283691406
M6_YLUR_SLUR,6,LUR,LUR,2025-02-23,2025-02-23,1,Yd,895.7246704101562,899.3572998046875,899.6023559570312,898.4026489257812,899.1868286132812
M6_YLUR_SLUR,6,LUR,LUR,2025-02-23,2025-02-23,1,TSE,898.9059448242188,900.3069458007812,899.190673828125,898.4244384765625,900.1261596679688
M6_YLUR_SLUR,6,LUR,LUR,2025-02-23,2025-02-23,1,TSEC,60.46006393432617,59.99993133544922,59.97151184082031,60.053409576416016,59.9896354675293
M6_YLUR_SLUR,6,LUR,LUR,2025-02-23,2025-02-24,2,Yd,887.85888671875,899.3572998046875,899.2183837890625,902.4572143554688,899.017578125
M6_YLUR_SLUR,6,LUR,LUR,2025-02-23,2025-02-24,2,TSE,901.276611328125,900.3069458007812,899.1637573242188,899.9406127929688,900.130859375
M6_YLUR_SLUR,6,LUR,LUR,2025-02-23,2025-02-24,2,TSEC,60.04554748535156,59.99993133544922,59.997745513916016,59.87449645996094,59.985843658447266
M6_YLUR_SLUR,6,LUR,LUR,2025-02-23,2025-02-25,3,Yd,904.5384521484375,899.3572998046875,898.9786987304688,900.8499755859375,898.669921875
M6_YLUR_SLUR,6,LUR,LUR,2025-02-23,2025-02-25,3,TSE,888.8889770507812,900.3069458007812,900.3220825195312,900.6769409179688,900.3311157226562
M6_YLUR_SLUR,6,LUR,LUR,2025-02-23,2025-02-25,3,TSEC,60.364112854003906,59.99993133544922,59.96892166137695,59.948604583740234,59.97553253173828
M6_YLUR_SLUR,6,LUR,LUR,2025-02-24,2025-02-24,1,Yd,887.85888671875,899.3527221679688,899.3004760742188,898.34326171875,899.0506591796875
M6_YLUR_SLUR,6,LUR,LUR,2025-02-24,2025-02-24,1,TSE,901.276611328125,900.3051147460938,899.2354125976562,898.9649047851562,900.3277587890625
M6_YLUR_SLUR,6,LUR,LUR,2025-02-24,2025-02-24,1,TSEC,60.04554748535156,60.000518798828125,60.04106521606445,59.954105377197266,59.99431228637695
M6_YLUR_SLUR,6,LUR,LUR,2025-02-24,2025-02-25,2,Yd,904.5384521484375,899.3527221679688,899.0993041992188,898.5901489257812,898.70166015625
M6_YLUR_SLUR,6,LUR,LUR,2025-02-24,2025-02-25,2,TSE,888.8889770507812,900.3051147460938,900.6317138671875,898.9659423828125,900.4441528320312
M6_YLUR_SLUR,6,LUR,LUR,2025-02-24,2025-02-25,2,TSEC,60.364112854003906,60.000518798828125,60.08473587036133,60.02458953857422,59.97952651977539
M6_YLUR_SLUR,6,LUR,LUR,2025-02-24,2025-02-26,3,Yd,898.3238525390625,899.3527221679688,899.3419189453125,898.0805053710938,898.2752685546875
M6_YLUR_SLUR,6,LUR,LUR,2025-02-24,2025-02-26,3,TSE,912.4911499023438,900.3051147460938,899.1587524414062,898.5236206054688,900.47412109375
M6_YLUR_SLUR,6,LUR,LUR,2025-02-24,2025-02-26,3,TSEC,60.085289001464844,60.000518798828125,60.12230682373047,59.99674606323242,59.95589065551758
M6_YLUR_SLUR,6,LUR,LUR,2025-02-25,2025-02-25,1,Yd,904.5384521484375,899.338134765625,899.1525268554688,900.08349609375,898.9053955078125
M6_YLUR_SLUR,6,LUR,LUR,2025-02-25,2025-02-25,1,TSE,888.8889770507812,900.306396484375,900.57373046875,901.0857543945312,900.4773559570312
M6_YLUR_SLUR,6,LUR,LUR,2025-02-25,2025-02-25,1,TSEC,60.364112854003906,60.00057601928711,59.95722198486328,59.903568267822266,59.99287414550781
M6_YLUR_SLUR,6,LUR,LUR,2025-02-25,2025-02-26,2,Yd,898.3238525390625,899.338134765625,899.6046752929688,899.08154296875,898.4970092773438
M6_YLUR_SLUR,6,LUR,LUR,2025-02-25,2025-02-26,2,TSE,912.4911499023438,900.306396484375,899.21826171875,900.2237548828125,900.4927978515625
M6_YLUR_SLUR,6,LUR,LUR,2025-02-25,2025-02-26,2,TSEC,60.085289001464844,60.00057601928711,59.95914077758789,60.01803970336914,59.97169876098633
M6_YLUR_SLUR,6,LUR,LUR,2025-02-25,2025-02-27,3,Yd,904.8067626953125,899.338134765625,899.0499877929688,899.7198486328125,898.30712890625
M6_YLUR_SLUR,6,LUR,LUR,2025-02-25,2025-02-27,3,TSE,911.1837768554688,900.306396484375,899.12548828125,900.8231811523438,900.3084106445312
M6_YLUR_SLUR,6,LUR,LUR,2025-02-25,2025-02-27,3,TSEC,60.89952850341797,60.00057601928711,59.99747085571289,59.93893051147461,59.95454788208008
M6_YLUR_SLUR,6,LUR,LUR,2025-02-26,2025-02-26,1,Yd,898.3238525390625,899.3446655273438,899.87841796875,900.14697265625,898.7068481445312
M6_YLUR_SLUR,6,LUR,LUR,2025-02-26,2025-02-26,1,TSE,912.4911499023438,900.2918701171875,898.7821044921875,898.1533203125,900.4202270507812
M6_YLUR_SLUR,6,LUR,LUR,2025-02-26,2025-02-26,1,TSEC,60.085289001464844,60.001033782958984,60.14516830444336,59.94839859008789,59.977317810058594
M6_YLUR_SLUR,6,LUR,LUR,2025-02-26,2025-02-27,2,Yd,904.8067626953125,899.3446655273438,899.5924682617188,900.342529296875,898.57373046875
M6_YLUR_SLUR,6,LUR,LUR,2025-02-26,2025-02-27,2,TSE,911.1837768554688,900.2918701171875,898.7567138671875,899.7779541015625,900.2346801757812
M6_YLUR_SLUR,6,LUR,LUR,2025-02-26,2025-02-27,2,TSEC,60.89952850341797,60.001033782958984,60.088294982910156,59.8701057434082,59.96573257446289
M6_YLUR_SLUR,6,LUR,LUR,2025-02-26,2025-02-28,3,Yd,902.8330078125,899.3446655273438,898.8353271484375,901.3662719726562,898.5711669921875
M6_YLUR_SLUR,6,LUR,LUR,2025-02-26,2025-02-28,3,TSE,902.8284301757812,900.2918701171875,899.3335571289062,900.9315795898438,900.01025390625
M6_YLUR_SLUR,6,LUR,LUR,2025-02-26,2025-02-28,3,TSEC,60.462162017822266,60.001033782958984,60.09977340698242,59.822845458984375,59.94777297973633
M6_YLUR_SLUR,6,LUR,LUR,2025-02-27,2025-02-27,1,Yd,904.8067626953125,899.3434448242188,900.2335815429688,899.519287109375,898.9874267578125
M6_YLUR_SLUR,6,LUR,LUR,2025-02-27,2025-02-27,1,TSE,911.1837768554688,900.307373046875,899.4685668945312,900.0977783203125,900.2693481445312
M6_YLUR_SLUR,6,LUR,LUR,2025-02-27,2025-02-27,1,TSEC,60.89952850341797,60.00114059448242,59.98641586303711,59.960025787353516,59.98727798461914
M6_YLUR_SLUR,6,LUR,LUR,2025-02-27,2025-02-28,2,Yd,902.8330078125,899.3434448242188,900.5374755859375,900.8598022460938,899.0774536132812
M6_YLUR_SLUR,6,LUR,LUR,2025-02-27,2025-02-28,2,TSE,902.8284301757812,900.307373046875,900.3361206054688,899.9471435546875,900.0177001953125
M6_YLUR_SLUR,6,LUR,LUR,2025-02-27,2025-02-28,2,TSEC,60.462162017822266,60.00114059448242,59.99612808227539,59.99837112426758,59.9733772277832
M6_YLUR_SLUR,6,LUR,LUR,2025-02-27,2025-03-01,3,Yd,894.5655517578125,899.3434448242188,898.9188842773438,901.157470703125,899.2534790039062
M6_YLUR_SLUR,6,LUR,LUR,2025-02-27,2025-03-01,3,TSE,901.8157348632812,900.307373046875,900.2066650390625,900.45166015625,899.7481079101562
M6_YLUR_SLUR,6,LUR,LUR,2025-02-27,2025-03-01,3,TSEC,59.694183349609375,60.00114059448242,59.93117904663086,60.00923156738281,59.95449447631836
M6_YLUR_SLUR,6,LUR,LUR,2025-02-28,2025-02-28,1,Yd,902.8330078125,899.3502807617188,900.6873779296875,902.7699584960938,899.2801513671875
M6_YLUR_SLUR,6,LUR,LUR,2025-02-28,2025-02-28,1,TSE,902.8284301757812,900.3211059570312,899.1140747070312,900.5900268554688,900.10595703125
M6_YLUR_SLUR,6,LUR,LUR,2025-02-28,2025-02-28,1,TSEC,60.462162017822266,60.002281188964844,60.0390510559082,59.86549758911133,59.98480224609375
M6_YLUR_SLUR,6,LUR,LUR,2025-02-28,2025-03-01,2,Yd,894.5655517578125,899.3502807617188,898.66650390625,901.63671875,899.4287109375
M6_YLUR_SLUR,6,LUR,LUR,2025-02-28,2025-03-01,2,TSE,901.8157348632812,900.3211059570312,899.619140625,900.9585571289062,899.771484375
M6_YLUR_SLUR,6,LUR,LUR,2025-02-28,2025-03-01,2,TSEC,59.694183349609375,60.002281188964844,60.08342742919922,59.79337692260742,59.971763610839844
M6_YLUR_SLUR,6,LUR,LUR,2025-02-28,2025-03-02,3,Yd,904.0899658203125,899.3502807617188,899.85986328125,900.41259765625,899.3304443359375
M6_YLUR_SLUR,6,LUR,LUR,2025-02-28,2025-03-02,3,TSE,902.0848388671875,900.3211059570312,899.72265625,900.0064697265625,899.6049194335938
M6_YLUR_SLUR,6,LUR,LUR,2025-02-28,2025-03-02,3,TSEC,60.75847625732422,60.002281188964844,60.06184387207031,59.87367630004883,59.956302642822266
M6_YLUR_SLUR,6,LUR,LUR,2025-03-01,2025-03-01,1,Yd,894.5655517578125,899.354736328125,898.7084350585938,900.872802734375,899.2533569335938
M6_YLUR_SLUR,6,LUR,LUR,2025-03-01,2025-03-01,1,TSE,901.8157348632812,900.3243408203125,899.3121948242188,900.466552734375,899.9892578125
M6_YLUR_SLUR,6,LUR,LUR,2025-03-01,2025-03-01,1,TSEC,59.694183349609375,60.002864837646484,59.95553207397461,59.83314514160156,59.98325729370117
M6_YLUR_SLUR,6,LUR,LUR,2025-03-01,2025-03-02,2,Yd,904.0899658203125,899.354736328125,899.635986328125,901.2262573242188,899.218505859375
M6_YLUR_SLUR,6,LUR,LUR,2025-03-01,2025-03-02,2,TSE,902.0848388671875,900.3243408203125,899.19921875,900.4269409179688,899.7835083007812
M6_YLUR_SLUR,6,LUR,LUR,2025-03-01,2025-03-02,2,TSEC,60.75847625732422,60.002864837646484,59.97323226928711,59.90228271484375,59.971248626708984
M6_YLUR_SLUR,6,LUR,LUR,2025-03-01,2025-03-03,3,Yd,896.9707641601562,899.354736328125,899.1265258789062,899.6831665039062,899.0111694335938
M6_YLUR_SLUR,6,LUR,LUR,2025-03-01,2025-03-03,3,TSE,903.0520629882812,900.3243408203125,899.4076538085938,900.4280395507812,899.8441772460938
M6_YLUR_SLUR,6,LUR,LUR,2025-03-01,2025-03-03,3,TSEC,59.57243347167969,60.002864837646484,59.997581481933594,59.93790817260742,59.959877014160156
M6_YLUR_SLUR,6,LUR,LUR,2025-03-02,2025-03-02,1,Yd,904.0899658203125,899.3486328125,899.56396484375,900.6260986328125,899.2486572265625
M6_YLUR_SLUR,6,LUR,LUR,2025-03-02,2025-03-02,1,TSE,902.0848388671875,900.326171875,898.7894897460938,900.0036010742188,900.0470581054688
M6_YLUR_SLUR,6,LUR,LUR,2025-03-02,2025-03-02,1,TSEC,60.75847625732422,60.00247573852539,60.02264404296875,59.94047546386719,59.99542236328125
M6_YLUR_SLUR,6,LUR,LUR,2025-03-02,2025-03-03,2,Yd,896.9707641601562,899.3486328125,898.9265747070312,899.764404296875,899.0972900390625
M6_YLUR_SLUR,6,LUR,LUR,2025-03-02,2025-03-03,2,TSE,903.0520629882812,900.326171875,899.4796752929688,899.6451416015625,900.0722045898438
M6_YLUR_SLUR,6,LUR,LUR,2025-03-02,2025-03-03,2,TSEC,59.57243347167969,60.00247573852539,60.14976119995117,60.01941680908203,59.99262619018555
M6_YLUR_SLUR,6,LUR,LUR,2025-03-02,2025-03-04,3,Yd,915.8068237304688,899.3486328125,899.1560668945312,899.8807373046875,898.8108520507812
M6_YLUR_SLUR,6,LUR,LUR,2025-03-02,2025-03-04,3,TSE,889.3818969726562,900.326171875,901.0193481445312,899.5838012695312,900.2093505859375
M6_YLUR_SLUR,6,LUR,LUR,2025-03-02,2025-03-04,3,TSEC,60.14353561401367,60.00247573852539,59.970542907714844,60.03861999511719,59.98305130004883
M6_YLUR_SLUR,6,LUR,LUR,2025-03-03,2025-03-03,1,Yd,896.9707641601562,899.3546142578125,899.9712524414062,901.1679077148438,899.0582275390625
M6_YLUR_SLUR,6,LUR,LUR,2025-03-03,2025-03-03,1,TSE,903.0520629882812,900.3284301757812,899.6301879882812,899.6652221679688,900.3033447265625
M6_YLUR_SLUR,6,LUR,LUR,2025-03-03,2025-03-03,1,TSEC,59.57243347167969,60.0034294128418,60.084964752197266,60.07137680053711,59.99519348144531
M6_YLUR_SLUR,6,LUR,LUR,2025-03-03,2025-03-04,2,Yd,915.8068237304688,899.3546142578125,899.683349609375,900.1591186523438,898.7136840820312
M6_YLUR_SLUR,6,LUR,LUR,2025-03-03,2025-03-04,2,TSE,889.3818969726562,900.3284301757812,900.6759033203125,899.3720092773438,900.3838500976562
M6_YLUR_SLUR,6,LUR,LUR,2025-03-03,2025-03-04,2,TSEC,60.14353561401367,60.0034294128418,60.1359977722168,59.95359420776367,59.98021697998047
M6_YLUR_SLUR,6,LUR,LUR,2025-03-03,2025-03-05,3,Yd,902.527587890625,899.3546142578125,900.0531616210938,899.9139404296875,898.3123168945312
M6_YLUR_SLUR,6,LUR,LUR,2025-03-03,2025-03-05,3,TSE,891.1068725585938,900.3284301757812,899.3220825195312,898.9786987304688,900.4087524414062
M6_YLUR_SLUR,6,LUR,LUR,2025-03-03,2025-03-05,3,TSEC,60.36652755737305,60.0034294128418,60.211692810058594,60.06351852416992,59.96003341674805
M6_YLUR_SLUR,6,LUR,LUR,2025-03-04,2025-03-04,1,Yd,915.8068237304688,899.3516845703125,899.5792236328125,899.7709350585938,898.8773193359375
M6_YLUR_SLUR,6,LUR,LUR,2025-03-04,2025-03-04,1,TSE,889.3818969726562,900.331787109375,901.0888671875,899.9954223632812,900.4697265625
M6_YLUR_SLUR,6,LUR,LUR,2025-03-04,2025-03-04,1,TSEC,60.14353561401367,60.00288772583008,60.108497619628906,59.91180419921875,59.99550247192383
M6_YLUR_SLUR,6,LUR,LUR,2025-03-04,2025-03-05,2,Yd,902.527587890625,899.3516845703125,899.8338012695312,899.3929443359375,898.4547119140625
M6_YLUR_SLUR,6,LUR,LUR,2025-03-04,2025-03-05,2,TSE,891.1068725585938,900.331787109375,898.893798828125,899.6657104492188,900.5011596679688
M6_YLUR_SLUR,6,LUR,LUR,2025-03-04,2025-03-05,2,TSEC,60.36652755737305,60.00288772583008,60.18017578125,59.97936248779297,59.979698181152344
M6_YLUR_SLUR,6,LUR,LUR,2025-03-04,2025-03-06,3,Yd,929.0077514648438,899.3516845703125,897.8421630859375,899.6322631835938,898.277587890625
M6_YLUR_SLUR,6,LUR,LUR,2025-03-04,2025-03-06,3,TSE,896.0582275390625,900.331787109375,898.7654418945312,899.76708984375,900.3114013671875
M6_YLUR_SLUR,6,LUR,LUR,2025-03-04,2025-03-06,3,TSEC,59.41788101196289,60.00288772583008,60.09049987792969,59.929359436035156,59.96634292602539
M6_YLUR_SLUR,6,LUR,LUR,2025-03-05,2025-03-05,1,Yd,902.527587890625,899.372314453125,899.0879516601562,900.1698608398438,898.6751098632812
M6_YLUR_SLUR,6,LUR,LUR,2025-03-05,2025-03-05,1,TSE,891.1068725585938,900.3179931640625,899.1837158203125,898.6670532226562,900.43701171875
M6_YLUR_SLUR,6,LUR,LUR,2025-03-05,2025-03-05,1,TSEC,60.36652755737305,60.00305938720703,59.985076904296875,59.95905685424805,59.98127746582031
M6_YLUR_SLUR,6,LUR,LUR,2025-03-05,2025-03-06,2,Yd,929.0077514648438,899.372314453125,899.9236450195312,900.5223388671875,898.4971923828125
M6_YLUR_SLUR,6,LUR,LUR,2025-03-05,2025-03-06,2,TSE,896.0582275390625,900.3179931640625,899.2568359375,899.79296875,900.2709350585938
M6_YLUR_SLUR,6,LUR,LUR,2025-03-05,2025-03-06,2,TSEC,59.41788101196289,60.00305938720703,60.015769958496094,59.8772087097168,59.97121810913086
M6_YLUR_SLUR,6,LUR,LUR,2025-03-05,2025-03-07,3,Yd,900.5081787109375,899.372314453125,899.5796508789062,900.6409301757812,898.4653930664062
M6_YLUR_SLUR,6,LUR,LUR,2025-03-05,2025-03-07,3,TSE,895.0059204101562,900.3179931640625,899.318603515625,898.9462280273438,900.0469970703125
M6_YLUR_SLUR,6,LUR,LUR,2025-03-05,2025-03-07,3,TSEC,60.09683609008789,60.00305938720703,59.94228744506836,59.88047409057617,59.95664978027344
M6_YLUR_SLUR,6,LUR,LUR,2025-03-06,2025-03-06,1,Yd,929.0077514648438,899.3763427734375,898.935546875,900.1436767578125,898.8560791015625
M6_YLUR_SLUR,6,LUR,LUR,2025-03-06,2025-03-06,1,TSE,896.0582275390625,900.3064575195312,899.31884765625,899.295166015625,900.2625122070312
M6_YLUR_SLUR,6,LUR,LUR,2025-03-06,2025-03-06,1,TSEC,59.41788101196289,60.003517150878906,60.07383346557617,59.930816650390625,59.9831428527832
M6_YLUR_SLUR,6,LUR,LUR,2025-03-06,2025-03-07,2,Yd,900.5081787109375,899.3763427734375,899.8901977539062,901.3204345703125,898.7510375976562
M6_YLUR_SLUR,6,LUR,LUR,2025-03-06,2025-03-07,2,TSE,895.0059204101562,900.3064575195312,899.453369140625,900.6436157226562,900.0496215820312
M6_YLUR_SLUR,6,LUR,LUR,2025-03-06,2025-03-07,2,TSEC,60.09683609008789,60.003517150878906,60.09830856323242,59.92982482910156,59.96424865722656
M6_YLUR_SLUR,6,LUR,LUR,2025-03-06,2025-03-08,3,Yd,893.4201049804688,899.3763427734375,899.52490234375,901.2410888671875,898.7201538085938
M6_YLUR_SLUR,6,LUR,LUR,2025-03-06,2025-03-08,3,TSE,916.0645751953125,900.3064575195312,899.3614501953125,900.0421142578125,899.826416015625
M6_YLUR_SLUR,6,LUR,LUR,2025-03-06,2025-03-08,3,TSEC,59.548675537109375,60.003517150878906,60.01926040649414,59.859893798828125,59.94060134887695
M6_YLUR_SLUR,6,LUR,LUR,2025-03-07,2025-03-07,1,Yd,900.5081787109375,899.41357421875,901.8124389648438,900.1376342773438,898.9061279296875
M6_YLUR_SLUR,6,LUR,LUR,2025-03-07,2025-03-07,1,TSE,895.0059204101562,900.3010864257812,899.7072143554688,899.744140625,900.1737060546875
M6_YLUR_SLUR,6,LUR,LUR,2025-03-07,2025-03-07,1,TSEC,60.09683609008789,60.00278091430664,60.0163688659668,60.01396942138672,59.97701644897461
M6_YLUR_SLUR,6,LUR,LUR,2025-03-07,2025-03-08,2,Yd,893.4201049804688,899.41357421875,898.9065551757812,900.8302612304688,898.7095947265625
M6_YLUR_SLUR,6,LUR,LUR,2025-03-07,2025-03-08,2,TSE,916.0645751953125,900.3010864257812,899.6656494140625,900.837158203125,899.9895629882812
M6_YLUR_SLUR,6,LUR,LUR,2025-03-07,2025-03-08,2,TSEC,59.548675537109375,60.00278091430664,60.033687591552734,59.9743766784668,59.962799072265625
M6_YLUR_SLUR,6,LUR,LUR,2025-03-07,2025-03-09,3,Yd,895.438720703125,899.41357421875,900.7203979492188,901.9008178710938,898.5247192382812
M6_YLUR_SLUR,6,LUR,LUR,2025-03-07,2025-03-09,3,TSE,894.4487915039062,900.3010864257812,899.6339111328125,900.9208984375,899.977783203125
M6_YLUR_SLUR,6,LUR,LUR,2025-03-07,2025-03-09,3,TSEC,59.76655578613281,60.00278091430664,60.0325813293457,60.02763366699219,59.95494079589844
M6_YLUR_SLUR,6,LUR,LUR,2025-03-08,2025-03-08,1,Yd,893.4201049804688,899.4149169921875,902.2055053710938,900.6642456054688,898.95361328125
M6_YLUR_SLUR,6,LUR,LUR,2025-03-08,2025-03-08,1,TSE,916.0645751953125,900.29443359375,899.8807983398438,899.8988647460938,900.1297607421875
M6_YLUR_SLUR,6,LUR,LUR,2025-03-08,2025-03-08,1,TSEC,59.548675537109375,60.00290298461914,59.91975402832031,59.89482879638672,59.97847366333008
M6_YLUR_SLUR,6,LUR,LUR,2025-03-08,2025-03-09,2,Yd,895.438720703125,899.4149169921875,901.2489624023438,902.3209838867188,898.7012329101562
M6_YLUR_SLUR,6,LUR,LUR,2025-03-08,2025-03-09,2,TSE,894.4487915039062,900.29443359375,900.1156005859375,900.8877563476562,900.0305786132812
M6_YLUR_SLUR,6,LUR,LUR,2025-03-08,2025-03-09,2,TSEC,59.76655578613281,60.00290298461914,59.921085357666016,59.867794036865234,59.96588134765625
M6_YLUR_SLUR,6,LUR,LUR,2025-03-08,2025-03-10,3,Yd,894.67822265625,899.4149169921875,901.8390502929688,901.396484375,898.3909301757812
M6_YLUR_SLUR,6,LUR,LUR,2025-03-08,2025-03-10,3,TSE,882.6651000976562,900.29443359375,899.5701293945312,900.1461181640625,900.0703735351562
M6_YLUR_SLUR,6,LUR,LUR,2025-03-08,2025-03-10,3,TSEC,58.88017272949219,60.00290298461914,59.98566818237305,59.926902770996094,59.95796203613281
M6_YLUR_SLUR,6,LUR,LUR,2025-03-09,2025-03-09,1,Yd,895.438720703125,899.4074096679688,901.0797119140625,898.3170166015625,899.1690673828125
M6_YLUR_SLUR,6,LUR,LUR,2025-03-09,2025-03-09,1,TSE,894.4487915039062,900.314208984375,899.5389404296875,899.7155151367188,900.0997924804688
M6_YLUR_SLUR,6,LUR,LUR,2025-03-09,2025-03-09,1,TSEC,59.76655578613281,60.0023307800293,59.99479675292969,59.99351501464844,59.99858474731445
M6_YLUR_SLUR,6,LUR,LUR,2025-03-09,2025-03-10,2,Yd,894.67822265625,899.4074096679688,900.5552368164062,900.2694702148438,898.9588623046875
M6_YLUR_SLUR,6,LUR,LUR,2025-03-09,2025-03-10,2,TSE,882.6651000976562,900.314208984375,899.3895263671875,899.7734375,900.122314453125
M6_YLUR_SLUR,6,LUR,LUR,2025-03-09,2025-03-10,2,TSEC,58.88017272949219,60.0023307800293,60.05961608886719,60.05149841308594,60.00154113769531
M6_YLUR_SLUR,6,LUR,LUR,2025-03-09,2025-03-11,3,Yd,900.1016235351562,899.4074096679688,901.3098754882812,900.35205078125,898.5446166992188
M6_YLUR_SLUR,6,LUR,LUR,2025-03-09,2025-03-11,3,TSE,899.2608642578125,900.314208984375,899.6227416992188,900.2200927734375,900.323486328125
M6_YLUR_SLUR,6,LUR,LUR,2025-03-09,2025-03-11,3,TSEC,60.44035339355469,60.0023307800293,60.08495330810547,60.020835876464844,59.99470901489258
M6_YLUR_SLUR,6,LUR,LUR,2025-03-10,2025-03-10,1,Yd,894.67822265625,899.4024658203125,900.1262817382812,900.5801391601562,899.0298461914062
M6_YLUR_SLUR,6,LUR,LUR,2025-03-10,2025-03-10,1,TSE,882.6651000976562,900.306884765625,899.0858154296875,899.653564453125,900.2984619140625
M6_YLUR_SLUR,6,LUR,LUR,2025-03-10,2025-03-10,1,TSEC,58.88017272949219,60.00203323364258,60.11849594116211,59.912269592285156,60.00398254394531
M6_YLUR_SLUR,6,LUR,LUR,2025-03-10,2025-03-11,2,Yd,900.1016235351562,899.4024658203125,901.8839111328125,900.045654296875,898.6109008789062
M6_YLUR_SLUR,6,LUR,LUR,2025-03-10,2025-03-11,2,TSE,899.2608642578125,900.306884765625,899.5372314453125,900.0263061523438,900.428955078125
M6_YLUR_SLUR,6,LUR,LUR,2025-03-10,2025-03-11,2,TSEC,60.44035339355469,60.00203323364258,59.94978713989258,59.90403366088867,59.99583053588867
M6_YLUR_SLUR,6,LUR,LUR,2025-03-10,2025-03-12,3,Yd,896.3074340820312,899.4024658203125,901.6677856445312,899.9580078125,898.2106323242188
M6_YLUR_SLUR,6,LUR,LUR,2025-03-10,2025-03-12,3,TSE,899.8719482421875,900.306884765625,899.1016845703125,899.22021484375,900.4283447265625
M6_YLUR_SLUR,6,LUR,LUR,2025-03-10,2025-03-12,3,TSEC,58.79707717895508,60.00203323364258,59.95991897583008,60.0368766784668,59.97349166870117
M6_YLUR_SLUR,6,LUR,LUR,2025-03-11,2025-03-11,1,Yd,900.1016235351562,899.3965454101562,900.0748291015625,899.3357543945312,898.734130859375
M6_YLUR_SLUR,6,LUR,LUR,2025-03-11,2025-03-11,1,TSE,899.2608642578125,900.2848510742188,899.2798461914062,900.85791015625,900.5010986328125
M6_YLUR_SLUR,6,LUR,LUR,2025-03-11,2025-03-11,1,TSEC,60.44035339355469,60.000633239746094,60.03668975830078,59.834861755371094,59.9939079284668
M6_YLUR_SLUR,6,LUR,LUR,2025-03-11,2025-03-12,2,Yd,896.3074340820312,899.3965454101562,899.7798461914062,899.9364013671875,898.2861938476562
M6_YLUR_SLUR,6,LUR,LUR,2025-03-11,2025-03-12,2,TSE,899.8719482421875,900.2848510742188,899.103271484375,900.929443359375,900.503173828125
M6_YLUR_SLUR,6,LUR,LUR,2025-03-11,2025-03-12,2,TSEC,58.79707717895508,60.000633239746094,60.107513427734375,59.8581657409668,59.974334716796875
M6_YLUR_SLUR,6,LUR,LUR,2025-03-11,2025-03-13,3,Yd,887.238037109375,899.3965454101562,899.3682861328125,900.1798095703125,898.0772094726562
M6_YLUR_SLUR,6,LUR,LUR,2025-03-11,2025-03-13,3,TSE,898.9720458984375,900.2848510742188,899.0151977539062,900.447509765625,900.3320922851562
M6_YLUR_SLUR,6,LUR,LUR,2025-03-11,2025-03-13,3,TSEC,59.44074249267578,60.000633239746094,60.03664016723633,59.90291213989258,59.956787109375
M6_YLUR_SLUR,6,LUR,LUR,2025-03-12,2025-03-12,1,Yd,896.3074340820312,899.3974609375,898.5027465820312,900.6704711914062,898.6583251953125
M6_YLUR_SLUR,6,LUR,LUR,2025-03-12,2025-03-12,1,TSE,899.8719482421875,900.2835693359375,899.067138671875,899.913330078125,900.43115234375
M6_YLUR_SLUR,6,LUR,LUR,2025-03-12,2025-03-12,1,TSEC,58.79707717895508,60.00118637084961,60.12099075317383,59.87614822387695,59.98222732543945
M6_YLUR_SLUR,6,LUR,LUR,2025-03-12,2025-03-13,2,Yd,887.238037109375,899.3974609375,901.4950561523438,900.9647827148438,898.3807983398438
M6_YLUR_SLUR,6,LUR,LUR,2025-03-12,2025-03-13,2,TSE,898.9720458984375,900.2835693359375,898.9118041992188,901.2864379882812,900.2841186523438
M6_YLUR_SLUR,6,LUR,LUR,2025-03-12,2025-03-13,2,TSEC,59.44074249267578,60.00118637084961,60.0467414855957,59.768714904785156,59.96411895751953
M6_YLUR_SLUR,6,LUR,LUR,2025-03-12,2025-03-14,3,Yd,898.1974487304688,899.3974609375,898.9172973632812,901.10888671875,898.3446044921875
M6_YLUR_SLUR,6,LUR,LUR,2025-03-12,2025-03-14,3,TSE,894.0999145507812,900.2835693359375,899.3297729492188,900.1091918945312,900.0772705078125
M6_YLUR_SLUR,6,LUR,LUR,2025-03-12,2025-03-14,3,TSEC,59.77439498901367,60.00118637084961,60.07561492919922,59.88364791870117,59.949859619140625
M6_YLUR_SLUR,6,LUR,LUR,2025-03-13,2025-03-13,1,Yd,887.238037109375,899.3935546875,898.7966918945312,900.2676391601562,898.8729858398438
M6_YLUR_SLUR,6,LUR,LUR,2025-03-13,2025-03-13,1,TSE,898.9720458984375,900.2830200195312,899.1489868164062,900.0101318359375,900.3389282226562
M6_YLUR_SLUR,6,LUR,LUR,2025-03-13,2025-03-13,1,TSEC,59.44074249267578,59.99968338012695,60.008541107177734,59.882354736328125,59.98392868041992
M6_YLUR_SLUR,6,LUR,LUR,2025-03-13,2025-03-14,2,Yd,898.1974487304688,899.3935546875,898.8056640625,898.7615966796875,898.8224487304688
M6_YLUR_SLUR,6,LUR,LUR,2025-03-13,2025-03-14,2,TSE,894.0999145507812,900.2830200195312,900.1021728515625,898.3507080078125,900.2044677734375
M6_YLUR_SLUR,6,LUR,LUR,2025-03-13,2025-03-14,2,TSEC,59.77439498901367,59.99968338012695,60.04235076904297,59.94667053222656,59.97016143798828
M6_YLUR_SLUR,6,LUR,LUR,2025-03-13,2025-03-15,3,Yd,891.2972412109375,899.3935546875,899.466796875,898.3915405273438,898.9638061523438
M6_YLUR_SLUR,6,LUR,LUR,2025-03-13,2025-03-15,3,TSE,904.8781127929688,900.2830200195312,900.1008911132812,897.7637939453125,900.0231323242188
M6_YLUR_SLUR,6,LUR,LUR,2025-03-13,2025-03-15,3,TSEC,60.52952575683594,59.99968338012695,59.93095016479492,59.9076042175293,59.961612701416016
M6_YLUR_SLUR,6,LUR,LUR,2025-03-14,2025-03-14,1,Yd,898.1974487304688,899.37841796875,898.7817993164062,900.0464477539062,899.1687622070312
M6_YLUR_SLUR,6,LUR,LUR,2025-03-14,2025-03-14,1,TSE,894.0999145507812,900.2814331054688,899.4625854492188,899.458251953125,900.18212890625
M6_YLUR_SLUR,6,LUR,LUR,2025-03-14,2025-03-14,1,TSEC,59.77439498901367,59.99898910522461,60.02750778198242,59.98624801635742,59.98707580566406
M6_YLUR_SLUR,6,LUR,LUR,2025-03-14,2025-03-15,2,Yd,891.2972412109375,899.37841796875,900.2449340820312,900.1151123046875,899.25927734375
M6_YLUR_SLUR,6,LUR,LUR,2025-03-14,2025-03-15,2,TSE,904.8781127929688,900.2814331054688,898.994873046875,899.0269775390625,899.933349609375
M6_YLUR_SLUR,6,LUR,LUR,2025-03-14,2025-03-15,2,TSEC,60.52952575683594,59.99898910522461,59.918212890625,60.033653259277344,59.986515045166016
M6_YLUR_SLUR,6,LUR,LUR,2025-03-14,2025-03-16,3,Yd,908.8128662109375,899.37841796875,899.6602783203125,899.3046264648438,899.3233642578125
M6_YLUR_SLUR,6,LUR,LUR,2025-03-14,2025-03-16,3,TSE,914.6458129882812,900.2814331054688,899.1663818359375,898.1380615234375,899.7841186523438
M6_YLUR_SLUR,6,LUR,LUR,2025-03-14,2025-03-16,3,TSEC,59.71390914916992,59.99898910522461,59.929710388183594,60.128726959228516,59.989410400390625
M6_YLUR_SLUR,6,LUR,LUR,2025-03-15,2025-03-15,1,Yd,891.2972412109375,899.3770141601562,900.08203125,900.981689453125,899.2186889648438
M6_YLUR_SLUR,6,LUR,LUR,2025-03-15,2025-03-15,1,TSE,904.8781127929688,900.273681640625,898.630126953125,900.0277709960938,900.0967407226562
M6_YLUR_SLUR,6,LUR,LUR,2025-03-15,2025-03-15,1,TSEC,60.52952575683594,59.99870681762695,59.65955352783203,59.94959259033203,59.99359893798828
M6_YLUR_SLUR,6,LUR,LUR,2025-03-15,2025-03-16,2,Yd,908.8128662109375,899.3770141601562,899.1553344726562,900.4966430664062,899.24462890625
M6_YLUR_SLUR,6,LUR,LUR,2025-03-15,2025-03-16,2,TSE,914.6458129882812,900.273681640625,898.8427124023438,898.954833984375,899.8643798828125
M6_YLUR_SLUR,6,LUR,LUR,2025-03-15,2025-03-16,2,TSEC,59.71390914916992,59.99870681762695,59.65029525756836,59.98155975341797,59.992740631103516
M6_YLUR_SLUR,6,LUR,LUR,2025-03-15,2025-03-17,3,Yd,899.6099243164062,899.3770141601562,900.1085205078125,900.008056640625,899.0791625976562
M6_YLUR_SLUR,6,LUR,LUR,2025-03-15,2025-03-17,3,TSE,902.5198974609375,900.273681640625,899.03271484375,898.79296875,899.9457397460938
M6_YLUR_SLUR,6,LUR,LUR,2025-03-15,2025-03-17,3,TSEC,59.92970275878906,59.99870681762695,59.73562240600586,59.990474700927734,59.99018096923828
M6_YLUR_SLUR,6,LUR,LUR,2025-03-16,2025-03-16,1,Yd,908.8128662109375,899.366943359375,898.4786987304688,898.2306518554688,899.3035888671875
M6_YLUR_SLUR,6,LUR,LUR,2025-03-16,2025-03-16,1,TSE,914.6458129882812,900.2794189453125,900.1551513671875,899.0210571289062,900.0177612304688
M6_YLUR_SLUR,6,LUR,LUR,2025-03-16,2025-03-16,1,TSEC,59.71390914916992,59.99937057495117,59.926021575927734,60.002811431884766,60.00118637084961
M6_YLUR_SLUR,6,LUR,LUR,2025-03-16,2025-03-17,2,Yd,899.6099243164062,899.366943359375,899.744140625,898.3919067382812,899.22802734375
M6_YLUR_SLUR,6,LUR,LUR,2025-03-16,2025-03-17,2,TSE,902.5198974609375,900.2794189453125,899.4117431640625,898.9437255859375,899.974365234375
M6_YLUR_SLUR,6,LUR,LUR,2025-03-16,2025-03-17,2,TSEC,59.92970275878906,59.99937057495117,60.016807556152344,59.981842041015625,60.002227783203125
M6_YLUR_SLUR,6,LUR,LUR,2025-03-16,2025-03-18,3,Yd,892.81689453125,899.366943359375,898.7119750976562,898.2393188476562,898.9223022460938
M6_YLUR_SLUR,6,LUR,LUR,2025-03-16,2025-03-18,3,TSE,890.7003784179688,900.2794189453125,898.322509765625,898.7136840820312,900.1259765625
M6_YLUR_SLUR,6,LUR,LUR,2025-03-16,2025-03-18,3,TSEC,60.2179069519043,59.99937057495117,59.9719123840332,59.98883056640625,59.99693298339844
M6_YLUR_SLUR,6,LUR,LUR,2025-03-17,2025-03-17,1,Yd,899.6099243164062,899.378662109375,900.5576171875,899.0228271484375,899.2133178710938
M6_YLUR_SLUR,6,LUR,LUR,2025-03-17,2025-03-17,1,TSE,902.5198974609375,900.2973022460938,899.3609619140625,899.2247924804688,900.27783203125
M6_YLUR_SLUR,6,LUR,LUR,2025-03-17,2025-03-17,1,TSEC,59.92970275878906,59.9990119934082,60.07736587524414,59.983638763427734,60.0123291015625
M6_YLUR_SLUR,6,LUR,LUR,2025-03-17,2025-03-18,2,Yd,892.81689453125,899.378662109375,898.1104125976562,898.9664916992188,898.9217529296875
M6_YLUR_SLUR,6,LUR,LUR,2025-03-17,2025-03-18,2,TSE,890.7003784179688,900.2973022460938,898.8712768554688,899.6753540039062,900.3927001953125
M6_YLUR_SLUR,6,LUR,LUR,2025-03-17,2025-03-18,2,TSEC,60.2179069519043,59.9990119934082,59.93461990356445,60.022186279296875,60.0137939453125
M6_YLUR_SLUR,6,LUR,LUR,2025-03-17,2025-03-19,3,Yd,906.8126220703125,899.378662109375,900.3786010742188,898.775634765625,898.5697631835938
M6_YLUR_SLUR,6,LUR,LUR,2025-03-17,2025-03-19,3,TSE,889.9210205078125,900.2973022460938,899.4053344726562,899.1527709960938,900.4136352539062
M6_YLUR_SLUR,6,LUR,LUR,2025-03-17,2025-03-19,3,TSEC,61.23339080810547,59.9990119934082,59.92540740966797,59.998477935791016,60.00315856933594
M6_YLUR_SLUR,6,LUR,LUR,2025-03-18,2025-03-18,1,Yd,892.81689453125,899.3788452148438,898.684814453125,900.2362670898438,898.9351806640625
M6_YLUR_SLUR,6,LUR,LUR,2025-03-18,2025-03-18,1,TSE,890.7003784179688,900.300048828125,898.8007202148438,899.8711547851562,900.4586181640625
M6_YLUR_SLUR,6,LUR,LUR,2025-03-18,2025-03-18,1,TSEC,60.2179069519043,59.998924255371094,60.006919860839844,59.862335205078125,60.00650405883789
M6_YLUR_SLUR,6,LUR,LUR,2025-03-18,2025-03-19,2,Yd,906.8126220703125,899.3788452148438,899.9835205078125,899.6365966796875,898.6046142578125
M6_YLUR_SLUR,6,LUR,LUR,2025-03-18,2025-03-19,2,TSE,889.9210205078125,900.300048828125,899.5195922851562,899.9439697265625,900.535400390625
M6_YLUR_SLUR,6,LUR,LUR,2025-03-18,2025-03-19,2,TSEC,61.23339080810547,59.998924255371094,60.08595275878906,59.96845245361328,59.9978141784668
M6_YLUR_SLUR,6,LUR,LUR,2025-03-18,2025-03-20,3,Yd,897.1382446289062,899.3788452148438,898.9173583984375,899.4200439453125,898.4412841796875
M6_YLUR_SLUR,6,LUR,LUR,2025-03-18,2025-03-20,3,TSE,899.880615234375,900.300048828125,899.5460205078125,899.3980102539062,900.4743041992188
M6_YLUR_SLUR,6,LUR,LUR,2025-03-18,2025-03-20,3,TSEC,59.916725158691406,59.998924255371094,60.02640914916992,60.01289749145508,59.985389709472656
M6_YLUR_SLUR,6,LUR,LUR,2025-03-19,2025-03-19,1,Yd,906.8126220703125,899.370849609375,900.4265747070312,899.6179809570312,898.7378540039062
M6_YLUR_SLUR,6,LUR,LUR,2025-03-19,2025-03-19,1,TSE,889.9210205078125,900.2881469726562,900.819580078125,899.2548217773438,900.4803466796875
M6_YLUR_SLUR,6,LUR,LUR,2025-03-19,2025-03-19,1,TSEC,61.23339080810547,59.99919891357422,59.989864349365234,59.95928955078125,59.99082946777344
M6_YLUR_SLUR,6,LUR,LUR,2025-03-19,2025-03-20,2,Yd,897.1382446289062,899.370849609375,898.6360473632812,900.1437377929688,898.4573974609375
M6_YLUR_SLUR,6,LUR,LUR,2025-03-19,2025-03-20,2,TSE,899.880615234375,900.2881469726562,899.3997192382812,899.7736206054688,900.40478515625
M6_YLUR_SLUR,6,LUR,LUR,2025-03-19,2025-03-20,2,TSEC,59.916725158691406,59.99919891357422,59.918190002441406,59.90498352050781,59.97693634033203
M6_YLUR_SLUR,6,LUR,LUR,2025-03-19,2025-03-21,3,Yd,888.9857177734375,899.370849609375,900.2925415039062,900.4932861328125,898.445556640625
M6_YLUR_SLUR,6,LUR,LUR,2025-03-19,2025-03-21,3,TSE,905.7545776367188,900.2881469726562,900.1666259765625,899.2567138671875,900.220458984375
M6_YLUR_SLUR,6,LUR,LUR,2025-03-19,2025-03-21,3,TSEC,59.404476165771484,59.99919891357422,59.926673889160156,59.963050842285156,59.96472930908203
M6_YLUR_SLUR,6,LUR,LUR,2025-03-20,2025-03-20,1,Yd,897.1382446289062,899.3800048828125,900.2189331054688,900.1123657226562,898.7784423828125
M6_YLUR_SLUR,6,LUR,LUR,2025-03-20,2025-03-20,1,TSE,899.880615234375,900.2753295898438,899.0540161132812,897.9302978515625,900.2515258789062
M6_YLUR_SLUR,6,LUR,LUR,2025-03-20,2025-03-20,1,TSEC,59.916725158691406,60.00072479248047,60.08363342285156,59.962589263916016,59.98393630981445
M6_YLUR_SLUR,6,LUR,LUR,2025-03-20,2025-03-21,2,Yd,888.9857177734375,899.3800048828125,900.1809692382812,901.2603759765625,898.63623046875
M6_YLUR_SLUR,6,LUR,LUR,2025-03-20,2025-03-21,2,TSE,905.7545776367188,900.2753295898438,899.0446166992188,900.4574584960938,900.0032958984375
M6_YLUR_SLUR,6,LUR,LUR,2025-03-20,2025-03-21,2,TSEC,59.404476165771484,60.00072479248047,60.09697341918945,59.851253509521484,59.96631622314453
M6_YLUR_SLUR,6,LUR,LUR,2025-03-20,2025-03-22,3,Yd,899.1761474609375,899.3800048828125,898.190673828125,900.9000244140625,898.6472778320312
M6_YLUR_SLUR,6,LUR,LUR,2025-03-20,2025-03-22,3,TSE,899.44970703125,900.2753295898438,899.1389770507812,899.95947265625,899.7377319335938
M6_YLUR_SLUR,6,LUR,LUR,2025-03-20,2025-03-22,3,TSEC,59.620033264160156,60.00072479248047,59.96189498901367,59.82040023803711,59.948577880859375
M6_YLUR_SLUR,6,LUR,LUR,2025-03-21,2025-03-21,1,Yd,888.9857177734375,899.3773193359375,899.5435180664062,899.8067626953125,898.97509765625
M6_YLUR_SLUR,6,LUR,LUR,2025-03-21,2025-03-21,1,TSE,905.7545776367188,900.2748413085938,899.0465698242188,899.7896728515625,900.1199340820312
M6_YLUR_SLUR,6,LUR,LUR,2025-03-21,2025-03-21,1,TSEC,59.404476165771484,60.00061798095703,59.925628662109375,59.938995361328125,59.979347229003906
M6_YLUR_SLUR,6,LUR,LUR,2025-03-21,2025-03-22,2,Yd,899.1761474609375,899.3773193359375,899.5232543945312,899.7171020507812,898.94677734375
M6_YLUR_SLUR,6,LUR,LUR,2025-03-21,2025-03-22,2,TSE,899.44970703125,900.2748413085938,899.1576538085938,899.7171020507812,899.866455078125
M6_YLUR_SLUR,6,LUR,LUR,2025-03-21,2025-03-22,2,TSEC,59.620033264160156,60.00061798095703,60.06902313232422,60.00074768066406,59.97019577026367
M6_YLUR_SLUR,6,LUR,LUR,2025-03-21,2025-03-23,3,Yd,890.3118896484375,899.3773193359375,899.5237426757812,899.4607543945312,898.8535766601562
M6_YLUR_SLUR,6,LUR,LUR,2025-03-21,2025-03-23,3,TSE,896.6224365234375,900.2748413085938,899.1709594726562,899.4401245117188,899.7604370117188
M6_YLUR_SLUR,6,LUR,LUR,2025-03-21,2025-03-23,3,TSEC,60.530338287353516,60.00061798095703,60.003761291503906,59.9800910949707,59.96984100341797
M6_YLUR_SLUR,6,LUR,LUR,2025-03-22,2025-03-22,1,Yd,899.1761474609375,899.3644409179688,900.3465576171875,900.3960571289062,899.201904296875
M6_YLUR_SLUR,6,LUR,LUR,2025-03-22,2025-03-22,1,TSE,899.44970703125,900.2816162109375,899.6812133789062,899.7268676757812,900.0045166015625
M6_YLUR_SLUR,6,LUR,LUR,2025-03-22,2025-03-22,1,TSEC,59.620033264160156,59.99988555908203,59.95502853393555,59.96261215209961,59.99679183959961
M6_YLUR_SLUR,6,LUR,LUR,2025-03-22,2025-03-23,2,Yd,890.3118896484375,899.3644409179688,899.6505737304688,899.6072387695312,899.1904907226562
M6_YLUR_SLUR,6,LUR,LUR,2025-03-22,2025-03-23,2,TSE,896.6224365234375,900.2816162109375,899.5360717773438,899.02880859375,899.8113403320312
M6_YLUR_SLUR,6,LUR,LUR,2025-03-22,2025-03-23,2,TSEC,60.530338287353516,59.99988555908203,59.971275329589844,60.053436279296875,59.99760437011719
M6_YLUR_SLUR,6,LUR,LUR,2025-03-22,2025-03-24,3,Yd,888.6812744140625,899.3644409179688,900.1428833007812,899.1146850585938,899.01904296875
M6_YLUR_SLUR,6,LUR,LUR,2025-03-22,2025-03-24,3,TSE,894.19384765625,900.2816162109375,899.2660522460938,898.1820678710938,899.861083984375
M6_YLUR_SLUR,6,LUR,LUR,2025-03-22,2025-03-24,3,TSEC,60.43207550048828,59.99988555908203,60.01318359375,60.114383697509766,59.99345016479492
M6_YLUR_SLUR,6,LUR,LUR,2025-03-23,2025-03-23,1,Yd,890.3118896484375,899.3641967773438,899.782470703125,900.9637451171875,899.2294921875
M6_YLUR_SLUR,6,LUR,LUR,2025-03-23,2025-03-23,1,TSE,896.6224365234375,900.2805786132812,899.2932739257812,899.9715576171875,900.0606689453125
M6_YLUR_SLUR,6,LUR,LUR,2025-03-23,2025-03-23,1,TSEC,60.530338287353516,59.99941635131836,59.94511413574219,59.92513656616211,60.00199890136719
M6_YLUR_SLUR,6,LUR,LUR,2025-03-23,2025-03-24,2,Yd,888.6812744140625,899.3641967773438,898.949462890625,900.1593627929688,899.0994262695312
M6_YLUR_SLUR,6,LUR,LUR,2025-03-23,2025-03-24,2,TSE,894.19384765625,900.2805786132812,899.0961303710938,899.2965698242188,900.0580444335938
M6_YLUR_SLUR,6,LUR,LUR,2025-03-23,2025-03-24,2,TSEC,60.43207550048828,59.99941635131836,60.02265167236328,59.96250534057617,60.00282287597656
M6_YLUR_SLUR,6,LUR,LUR,2025-03-23,2025-03-25,3,Yd,893.3765258789062,899.3641967773438,899.4566040039062,899.630126953125,898.7048950195312
M6_YLUR_SLUR,6,LUR,LUR,2025-03-23,2025-03-25,3,TSE,891.7599487304688,900.2805786132812,898.62890625,898.8602294921875,900.2278442382812
M6_YLUR_SLUR,6,LUR,LUR,2025-03-23,2025-03-25,3,TSEC,59.55666732788086,59.99941635131836,59.937068939208984,60.0516242980957,59.99594497680664
M6_YLUR_SLUR,6,LUR,LUR,2025-03-24,2025-03-24,1,Yd,888.6812744140625,899.3530883789062,898.9387817382812,898.4588623046875,899.0905151367188
M6_YLUR_SLUR,6,LUR,LUR,2025-03-24,2025-03-24,1,TSE,894.19384765625,900.2760620117188,899.0322265625,898.6173706054688,900.2265625
M6_YLUR_SLUR,6,LUR,LUR,2025-03-24,2025-03-24,1,TSEC,60.43207550048828,60.00006866455078,60.11380386352539,59.967952728271484,60.00654983520508
M6_YLUR_SLUR,6,LUR,LUR,2025-03-24,2025-03-25,2,Yd,893.3765258789062,899.3530883789062,900.053955078125,899.2933959960938,898.7112426757812
M6_YLUR_SLUR,6,LUR,LUR,2025-03-24,2025-03-25,2,TSE,891.7599487304688,900.2760620117188,898.708251953125,899.39990234375,900.3121337890625
M6_YLUR_SLUR,6,LUR,LUR,2025-03-24,2025-03-25,2,TSEC,59.55666732788086,60.00006866455078,59.95475769042969,59.9667854309082,59.99853515625
M6_YLUR_SLUR,6,LUR,LUR,2025-03-24,2025-03-26,3,Yd,907.6170043945312,899.3530883789062,899.192138671875,899.3817138671875,898.2474365234375
M6_YLUR_SLUR,6,LUR,LUR,2025-03-24,2025-03-26,3,TSE,905.9485473632812,900.2760620117188,899.0853881835938,899.3212890625,900.4212036132812
M6_YLUR_SLUR,6,LUR,LUR,2025-03-24,2025-03-26,3,TSEC,59.52398681640625,60.00006866455078,59.964263916015625,59.969566345214844,59.98131561279297
M6_YLUR_SLUR,6,LUR,LUR,2025-03-25,2025-03-25,1,Yd,893.3765258789062,899.3399658203125,900.19482421875,898.920166015625,898.8132934570312
M6_YLUR_SLUR,6,LUR,LUR,2025-03-25,2025-03-25,1,TSE,891.7599487304688,900.2685546875,898.8782348632812,899.2040405273438,900.4140625
M6_YLUR_SLUR,6,LUR,LUR,2025-03-25,2025-03-25,1,TSEC,59.55666732788086,60.0005989074707,60.055809020996094,59.95785903930664,59.99591827392578
M6_YLUR_SLUR,6,LUR,LUR,2025-03-25,2025-03-26,2,Yd,907.6170043945312,899.3399658203125,898.032470703125,898.55712890625,898.3279418945312
M6_YLUR_SLUR,6,LUR,LUR,2025-03-25,2025-03-26,2,TSE,905.9485473632812,900.2685546875,899.3035278320312,899.9295654296875,900.4814453125
M6_YLUR_SLUR,6,LUR,LUR,2025-03-25,2025-03-26,2,TSEC,59.52398681640625,60.0005989074707,60.02320098876953,59.94502258300781,59.98041915893555
M6_YLUR_SLUR,6,LUR,LUR,2025-03-25,2025-03-27,3,Yd,886.1630859375,899.3399658203125,900.1314086914062,898.931640625,898.0855712890625
M6_YLUR_SLUR,6,LUR,LUR,2025-03-25,2025-03-27,3,TSE,897.8331909179688,900.2685546875,899.328857421875,899.4513549804688,900.3478393554688
M6_YLUR_SLUR,6,LUR,LUR,2025-03-25,2025-03-27,3,TSEC,60.05824661254883,60.0005989074707,60.019989013671875,59.93281173706055,59.96091079711914
M6_YLUR_SLUR,6,LUR,LUR,2025-03-26,2025-03-26,1,Yd,907.6170043945312,899.3326416015625,898.9208374023438,900.0433959960938,898.6537475585938
M6_YLUR_SLUR,6,LUR,LUR,2025-03-26,2025-03-26,1,TSE,905.9485473632812,900.2581176757812,900.4691162109375,900.047119140625,900.4835205078125
M6_YLUR_SLUR,6,LUR,LUR,2025-03-26,2025-03-26,1,TSEC,59.52398681640625,60.000057220458984,60.057003021240234,59.89101791381836,59.9846305847168
M6_YLUR_SLUR,6,LUR,LUR,2025-03-26,2025-03-27,2,Yd,886.1630859375,899.3326416015625,899.8071899414062,899.154541015625,898.3840942382812
M6_YLUR_SLUR,6,LUR,LUR,2025-03-26,2025-03-27,2,TSE,897.8331909179688,900.2581176757812,899.1875,899.3308715820312,900.3898315429688
M6_YLUR_SLUR,6,LUR,LUR,2025-03-26,2025-03-27,2,TSEC,60.05824661254883,60.000057220458984,60.03335189819336,59.969581604003906,59.9681282043457
M6_YLUR_SLUR,6,LUR,LUR,2025-03-26,2025-03-28,3,Yd,900.6388549804688,899.3326416015625,897.2499389648438,899.1098022460938,898.378173828125
M6_YLUR_SLUR,6,LUR,LUR,2025-03-26,2025-03-28,3,TSE,900.7817993164062,900.2581176757812,900.02001953125,898.6830444335938,900.162353515625
M6_YLUR_SLUR,6,LUR,LUR,2025-03-26,2025-03-28,3,TSEC,60.15121841430664,60.000057220458984,60.04585647583008,59.99188232421875,59.95623016357422
M6_YLUR_SLUR,6,LUR,LUR,2025-03-27,2025-03-27,1,Yd,886.1630859375,899.3428344726562,900.467529296875,900.454833984375,898.8396606445312
M6_YLUR_SLUR,6,LUR,LUR,2025-03-27,2025-03-27,1,TSE,897.8331909179688,900.26513671875,898.6735229492188,900.4026489257812,900.3711547851562
M6_YLUR_SLUR,6,LUR,LUR,2025-03-27,2025-03-27,1,TSEC,60.05824661254883,59.999473571777344,60.0034294128418,59.87905502319336,59.98459243774414
M6_YLUR_SLUR,6,LUR,LUR,2025-03-27,2025-03-28,2,Yd,900.6388549804688,899.3428344726562,899.3463745117188,899.9855346679688,898.778076171875
M6_YLUR_SLUR,6,LUR,LUR,2025-03-27,2025-03-28,2,TSE,900.7817993164062,900.26513671875,898.789306640625,899.7789306640625,900.22802734375
M6_YLUR_SLUR,6,LUR,LUR,2025-03-27,2025-03-28,2,TSEC,60.15121841430664,59.999473571777344,60.03196334838867,59.91438293457031,59.9711799621582
M6_YLUR_SLUR,6,LUR,LUR,2025-03-27,2025-03-29,3,Yd,901.5967407226562,899.3428344726562,899.0965576171875,899.8643188476562,898.8690795898438
M6_YLUR_SLUR,6,LUR,LUR,2025-03-27,2025-03-29,3,TSE,897.910400390625,900.26513671875,898.0772094726562,899.5807495117188,899.9716796875
M6_YLUR_SLUR,6,LUR,LUR,2025-03-27,2025-03-29,3,TSEC,58.34184646606445,59.999473571777344,59.88530349731445,59.982784271240234,59.967369079589844
M6_YLUR_SLUR,6,LUR,LUR,2025-03-28,2025-03-28,1,Yd,900.6388549804688,899.32666015625,898.8646850585938,900.2160034179688,899.0770874023438
M6_YLUR_SLUR,6,LUR,LUR,2025-03-28,2025-03-28,1,TSE,900.7817993164062,900.2621459960938,898.9578247070312,899.3091430664062,900.1726684570312
M6_YLUR_SLUR,6,LUR,LUR,2025-03-28,2025-03-28,1,TSEC,60.15121841430664,59.99954605102539,59.97377395629883,59.93729019165039,59.987911224365234
M6_YLUR_SLUR,6,LUR,LUR,2025-03-28,2025-03-29,2,Yd,901.5967407226562,899.32666015625,899.1336059570312,900.3502807617188,899.1392211914062
M6_YLUR_SLUR,6,LUR,LUR,2025-03-28,2025-03-29,2,TSE,897.910400390625,900.2621459960938,899.4589233398438,899.65185546875,899.8751831054688
M6_YLUR_SLUR,6,LUR,LUR,2025-03-28,2025-03-29,2,TSEC,58.34184646606445,59.99954605102539,59.99409866333008,59.89220428466797,59.988460540771484
M6_YLUR_SLUR,6,LUR,LUR,2025-03-28,2025-03-30,3,Yd,916.05517578125,899.32666015625,898.5686645507812,899.189208984375,899.1276245117188
M6_YLUR_SLUR,6,LUR,LUR,2025-03-28,2025-03-30,3,TSE,889.983154296875,900.2621459960938,899.3087768554688,898.62255859375,899.7654418945312
M6_YLUR_SLUR,6,LUR,LUR,2025-03-28,2025-03-30,3,TSEC,59.890323638916016,59.99954605102539,59.99669647216797,59.9716796875,59.99041748046875
M6_YLUR_SLUR,6,LUR,LUR,2025-03-29,2025-03-29,1,Yd,901.5967407226562,899.3282470703125,899.5668334960938,900.4819946289062,899.177001953125
M6_YLUR_SLUR,6,LUR,LUR,2025-03-29,2025-03-29,1,TSE,897.910400390625,900.2628173828125,899.5617065429688,900.1676025390625,900.0271606445312
M6_YLUR_SLUR,6,LUR,LUR,2025-03-29,2025-03-29,1,TSEC,58.34184646606445,59.999732971191406,60.048675537109375,59.91130065917969,59.996341705322266
M6_YLUR_SLUR,6,LUR,LUR,2025-03-29,2025-03-30,2,Yd,916.05517578125,899.3282470703125,899.5055541992188,900.2275390625,899.120361328125
M6_YLUR_SLUR,6,LUR,LUR,2025-03-29,2025-03-30,2,TSE,889.983154296875,900.2628173828125,899.3750610351562,899.345458984375,899.8436279296875
M6_YLUR_SLUR,6,LUR,LUR,2025-03-29,2025-03-30,2,TSEC,59.890323638916016,59.999732971191406,60.001888275146484,59.963722229003906,59.994632720947266
M6_YLUR_SLUR,6,LUR,LUR,2025-03-29,2025-03-31,3,Yd,917.1006469726562,899.3282470703125,899.8276977539062,899.67431640625,898.9326171875
M6_YLUR_SLUR,6,LUR,LUR,2025-03-29,2025-03-31,3,TSE,909.6093139648438,900.2628173828125,899.0979614257812,899.1928100585938,899.8992919921875
M6_YLUR_SLUR,6,LUR,LUR,2025-03-29,2025-03-31,3,TSEC,60.06026077270508,59.999732971191406,60.10706329345703,60.01608657836914,59.99004364013672
M6_YLUR_SLUR,6,LUR,LUR,2025-03-30,2025-03-30,1,Yd,916.05517578125,899.3310546875,900.064208984375,900.2290649414062,899.2332153320312
M6_YLUR_SLUR,6,LUR,LUR,2025-03-30,2025-03-30,1,TSE,889.983154296875,900.2599487304688,899.165283203125,899.6770629882812,900.1402587890625
M6_YLUR_SLUR,6,LUR,LUR,2025-03-30,2025-03-30,1,TSEC,59.890323638916016,59.99770736694336,59.965003967285156,59.934669494628906,60.002681732177734
M6_YLUR_SLUR,6,LUR,LUR,2025-03-30,2025-03-31,2,Yd,917.1006469726562,899.3310546875,900.6358032226562,898.2599487304688,899.0846557617188
M6_YLUR_SLUR,6,LUR,LUR,2025-03-30,2025-03-31,2,TSE,909.6093139648438,900.2599487304688,898.9948120117188,898.1456909179688,900.201416015625
M6_YLUR_SLUR,6,LUR,LUR,2025-03-30,2025-03-31,2,TSEC,60.06026077270508,59.99770736694336,59.9691047668457,60.047264099121094,60.005558013916016
M6_YLUR_SLUR,6,LUR,LUR,2025-03-30,2025-04-01,3,Yd,908.00146484375,899.3310546875,899.2556762695312,897.7036743164062,898.6637573242188
M6_YLUR_SLUR,6,LUR,LUR,2025-03-30,2025-04-01,3,TSE,904.9655151367188,900.2599487304688,898.4951171875,897.0635986328125,900.450439453125
M6_YLUR_SLUR,6,LUR,LUR,2025-03-30,2025-04-01,3,TSEC,59.651214599609375,59.99770736694336,59.96390914916992,60.081668853759766,59.996768951416016
