case_id,M,yd_level,solar_level,origin_date,target_date,step,variable,true,MEAN,ARIMA,RNN,LSTM
M5_YHUR_SLUR,5,HUR,LUR,2024-12-31,2024-12-31,1,Yd,751.3846435546875,753.119873046875,750.102294921875,742.8098754882812,755.3160400390625
M5_YHUR_SLUR,5,HUR,LUR,2024-12-31,2024-12-31,1,TSE,763.0172729492188,750.1798095703125,750.548828125,746.6854858398438,749.9159545898438
M5_YHUR_SLUR,5,HUR,LUR,2024-12-31,2024-12-31,1,TSEC,51.11264419555664,49.995906829833984,49.8979606628418,49.98931121826172,50.033592224121094
M5_YHUR_SLUR,5,HUR,LUR,2024-12-31,2025-01-01,2,Yd,766.6371459960938,753.119873046875,752.4814453125,722.5090942382812,753.8898315429688
M5_YHUR_SLUR,5,HUR,LUR,2024-12-31,2025-01-01,2,TSE,750.7990112304688,750.1798095703125,749.3058471679688,748.7681884765625,749.8717651367188
M5_YHUR_SLUR,5,HUR,LUR,2024-12-31,2025-01-01,2,TSEC,50.28218078613281,49.995906829833984,49.980857849121094,50.05790328979492,50.039005279541016
M5_YHUR_SLUR,5,HUR,LUR,2024-12-31,2025-01-02,3,Yd,571.043701171875,753.119873046875,750.5315551757812,730.178466796875,751.3222045898438
M5_YHUR_SLUR,5,HUR,LUR,2024-12-31,2025-01-02,3,TSE,758.1532592773438,750.1798095703125,749.7677612304688,748.6976928710938,749.8617553710938
M5_YHUR_SLUR,5,HUR,LUR,2024-12-31,2025-01-02,3,TSEC,50.53929901123047,49.995906829833984,49.91291427612305,50.047393798828125,50.02281188964844
M5_YHUR_SLUR,5,HUR,LUR,2025-01-01,2025-01-01,1,Yd,766.6371459960938,753.1174926757812,746.44140625,725.2696533203125,753.980224609375
M5_YHUR_SLUR,5,HUR,LUR,2025-01-01,2025-01-01,1,TSE,750.7990112304688,750.1973266601562,749.7224731445312,750.4899291992188,750.0301513671875
M5_YHUR_SLUR,5,HUR,LUR,2025-01-01,2025-01-01,1,TSEC,50.28218078613281,49.9974365234375,49.93716812133789,49.95815658569336,50.012454986572266
M5_YHUR_SLUR,5,HUR,LUR,2025-01-01,2025-01-02,2,Yd,571.043701171875,753.1174926757812,748.4703369140625,732.5687866210938,752.663818359375
M5_YHUR_SLUR,5,HUR,LUR,2025-01-01,2025-01-02,2,TSE,758.1532592773438,750.1973266601562,749.612548828125,750.8887329101562,749.9902954101562
M5_YHUR_SLUR,5,HUR,LUR,2025-01-01,2025-01-02,2,TSEC,50.53929901123047,49.9974365234375,49.9774055480957,49.84465026855469,49.99636459350586
M5_YHUR_SLUR,5,HUR,LUR,2025-01-01,2025-01-03,3,Yd,643.1339111328125,753.1174926757812,767.5095825195312,741.5399169921875,750.9666748046875
M5_YHUR_SLUR,5,HUR,LUR,2025-01-01,2025-01-03,3,TSE,760.9159545898438,750.1973266601562,751.5123291015625,751.2545166015625,749.976318359375
M5_YHUR_SLUR,5,HUR,LUR,2025-01-01,2025-01-03,3,TSEC,51.32729721069336,49.9974365234375,49.927066802978516,49.86165237426758,49.98231887817383
M5_YHUR_SLUR,5,HUR,LUR,2025-01-02,2025-01-02,1,Yd,571.043701171875,753.135986328125,747.9686279296875,739.1373901367188,753.1862182617188
M5_YHUR_SLUR,5,HUR,LUR,2025-01-02,2025-01-02,1,TSE,758.1532592773438,750.1981811523438,749.7383422851562,748.9365844726562,750.0579833984375
M5_YHUR_SLUR,5,HUR,LUR,2025-01-02,2025-01-02,1,TSEC,50.53929901123047,49.99782180786133,49.964210510253906,49.95469284057617,49.99739074707031
M5_YHUR_SLUR,5,HUR,LUR,2025-01-02,2025-01-03,2,Yd,643.1339111328125,753.135986328125,763.4442138671875,746.88232421875,751.3136596679688
M5_YHUR_SLUR,5,HUR,LUR,2025-01-02,2025-01-03,2,TSE,760.9159545898438,750.1981811523438,751.2877807617188,752.4937133789062,749.9844360351562
M5_YHUR_SLUR,5,HUR,LUR,2025-01-02,2025-01-03,2,TSEC,51.32729721069336,49.99782180786133,49.92530059814453,50.004981994628906,49.988704681396484
M5_YHUR_SLUR,5,HUR,LUR,2025-01-02,2025-01-04,3,Yd,718.0064697265625,753.135986328125,761.9093017578125,755.1829223632812,750.7794799804688
M5_YHUR_SLUR,5,HUR,LUR,2025-01-02,2025-01-04,3,TSE,752.332763671875,750.1981811523438,748.9493408203125,750.1444702148438,749.7946166992188
M5_YHUR_SLUR,5,HUR,LUR,2025-01-02,2025-01-04,3,TSEC,49.99221420288086,49.99782180786133,49.92283248901367,49.98244094848633,49.99181365966797
M5_YHUR_SLUR,5,HUR,LUR,2025-01-03,2025-01-03,1,Yd,643.1339111328125,752.8876342773438,752.7468872070312,731.0685424804688,752.8267211914062
M5_YHUR_SLUR,5,HUR,LUR,2025-01-03,2025-01-03,1,TSE,760.9159545898438,750.208984375,751.8267822265625,749.4660034179688,749.9277954101562
M5_YHUR_SLUR,5,HUR,LUR,2025-01-03,2025-01-03,1,TSEC,51.32729721069336,49.99856185913086,50.20914077758789,49.84203338623047,49.99510192871094
M5_YHUR_SLUR,5,HUR,LUR,2025-01-03,2025-01-04,2,Yd,718.0064697265625,752.8876342773438,746.654541015625,749.3389282226562,752.5121459960938
M5_YHUR_SLUR,5,HUR,LUR,2025-01-03,2025-01-04,2,TSE,752.332763671875,750.208984375,749.4393310546875,749.1583862304688,749.6679077148438
M5_YHUR_SLUR,5,HUR,LUR,2025-01-03,2025-01-04,2,TSEC,49.99221420288086,49.99856185913086,50.19118881225586,50.045982360839844,49.99653244018555
M5_YHUR_SLUR,5,HUR,LUR,2025-01-03,2025-01-05,3,Yd,852.64990234375,752.8876342773438,753.7852783203125,750.615478515625,754.2987060546875
M5_YHUR_SLUR,5,HUR,LUR,2025-01-03,2025-01-05,3,TSE,747.4785766601562,750.208984375,749.4180908203125,750.4959106445312,749.3494873046875
M5_YHUR_SLUR,5,HUR,LUR,2025-01-03,2025-01-05,3,TSEC,50.09101867675781,49.99856185913086,50.1742057800293,49.98092269897461,50.01066970825195
M5_YHUR_SLUR,5,HUR,LUR,2025-01-04,2025-01-04,1,Yd,718.0064697265625,752.7380981445312,748.6876220703125,756.0552978515625,754.8866577148438
M5_YHUR_SLUR,5,HUR,LUR,2025-01-04,2025-01-04,1,TSE,752.332763671875,750.2236328125,748.49755859375,749.6328125,749.83740234375
M5_YHUR_SLUR,5,HUR,LUR,2025-01-04,2025-01-04,1,TSEC,49.99221420288086,50.00037384033203,49.942466735839844,49.9740104675293,50.000152587890625
M5_YHUR_SLUR,5,HUR,LUR,2025-01-04,2025-01-05,2,Yd,852.64990234375,752.7380981445312,750.7998046875,761.6837158203125,756.79638671875
M5_YHUR_SLUR,5,HUR,LUR,2025-01-04,2025-01-05,2,TSE,747.4785766601562,750.2236328125,749.0119018554688,748.4651489257812,749.4879760742188
M5_YHUR_SLUR,5,HUR,LUR,2025-01-04,2025-01-05,2,TSEC,50.09101867675781,50.00037384033203,49.989479064941406,50.03697204589844,50.01078796386719
M5_YHUR_SLUR,5,HUR,LUR,2025-01-04,2025-01-06,3,Yd,778.9056396484375,752.7380981445312,749.6437377929688,763.587646484375,758.5130004882812
M5_YHUR_SLUR,5,HUR,LUR,2025-01-04,2025-01-06,3,TSE,749.8190307617188,750.2236328125,751.5267944335938,749.3251953125,749.2079467773438
M5_YHUR_SLUR,5,HUR,LUR,2025-01-04,2025-01-06,3,TSEC,50.08309555053711,50.00037384033203,49.8839111328125,49.99956130981445,50.029762268066406
M5_YHUR_SLUR,5,HUR,LUR,2025-01-05,2025-01-05,1,Yd,852.64990234375,752.6907958984375,748.8714599609375,747.3382568359375,756.0863037109375
M5_YHUR_SLUR,5,HUR,LUR,2025-01-05,2025-01-05,1,TSE,747.4785766601562,750.2264404296875,750.8729248046875,749.7356567382812,749.7763061523438
M5_YHUR_SLUR,5,HUR,LUR,2025-01-05,2025-01-05,1,TSEC,50.09101867675781,50.000362396240234,50.030670166015625,50.064231872558594,50.019901275634766
M5_YHUR_SLUR,5,HUR,LUR,2025-01-05,2025-01-06,2,Yd,778.9056396484375,752.6907958984375,748.447265625,735.463134765625,758.119873046875
M5_YHUR_SLUR,5,HUR,LUR,2025-01-05,2025-01-06,2,TSE,749.8190307617188,750.2264404296875,750.2905883789062,751.5673217773438,749.4759521484375
M5_YHUR_SLUR,5,HUR,LUR,2025-01-05,2025-01-06,2,TSEC,50.08309555053711,50.000362396240234,50.136680603027344,50.08629608154297,50.040435791015625
M5_YHUR_SLUR,5,HUR,LUR,2025-01-05,2025-01-07,3,Yd,635.4376220703125,752.6907958984375,748.157470703125,728.8234252929688,759.4874877929688
M5_YHUR_SLUR,5,HUR,LUR,2025-01-05,2025-01-07,3,TSE,741.5408935546875,750.2264404296875,749.6636352539062,749.9258422851562,749.3762817382812
M5_YHUR_SLUR,5,HUR,LUR,2025-01-05,2025-01-07,3,TSEC,49.266876220703125,50.000362396240234,50.07969665527344,50.11298370361328,50.046993255615234
M5_YHUR_SLUR,5,HUR,LUR,2025-01-06,2025-01-06,1,Yd,778.9056396484375,752.8265991210938,748.3925170898438,742.8798828125,756.8153076171875
M5_YHUR_SLUR,5,HUR,LUR,2025-01-06,2025-01-06,1,TSE,749.8190307617188,750.22265625,751.2088623046875,751.9304809570312,749.8396606445312
M5_YHUR_SLUR,5,HUR,LUR,2025-01-06,2025-01-06,1,TSEC,50.08309555053711,50.00048828125,49.905330657958984,49.934696197509766,50.03364562988281
M5_YHUR_SLUR,5,HUR,LUR,2025-01-06,2025-01-07,2,Yd,635.4376220703125,752.8265991210938,750.8486328125,766.4219970703125,758.416748046875
M5_YHUR_SLUR,5,HUR,LUR,2025-01-06,2025-01-07,2,TSE,741.5408935546875,750.22265625,750.3938598632812,747.5266723632812,749.6844482421875
M5_YHUR_SLUR,5,HUR,LUR,2025-01-06,2025-01-07,2,TSEC,49.266876220703125,50.00048828125,49.9958610534668,50.015892028808594,50.044776916503906
M5_YHUR_SLUR,5,HUR,LUR,2025-01-06,2025-01-08,3,Yd,813.1458129882812,752.8265991210938,749.466064453125,757.8097534179688,757.5493774414062
M5_YHUR_SLUR,5,HUR,LUR,2025-01-06,2025-01-08,3,TSE,746.5232543945312,750.22265625,750.0792846679688,749.570556640625,749.777587890625
M5_YHUR_SLUR,5,HUR,LUR,2025-01-06,2025-01-08,3,TSEC,50.213462829589844,50.00048828125,49.975765228271484,50.02066421508789,50.037498474121094
M5_YHUR_SLUR,5,HUR,LUR,2025-01-07,2025-01-07,1,Yd,635.4376220703125,752.8619384765625,750.4609985351562,748.6483154296875,756.1277465820312
M5_YHUR_SLUR,5,HUR,LUR,2025-01-07,2025-01-07,1,TSE,741.5408935546875,750.22216796875,750.4957275390625,747.9851684570312,749.9650268554688
M5_YHUR_SLUR,5,HUR,LUR,2025-01-07,2025-01-07,1,TSEC,49.266876220703125,50.0005989074707,49.9582405090332,49.904197692871094,50.029232025146484
M5_YHUR_SLUR,5,HUR,LUR,2025-01-07,2025-01-08,2,Yd,813.1458129882812,752.8619384765625,749.2385864257812,750.9747924804688,755.7025146484375
M5_YHUR_SLUR,5,HUR,LUR,2025-01-07,2025-01-08,2,TSE,746.5232543945312,750.22216796875,750.0856323242188,748.572021484375,749.9979248046875
M5_YHUR_SLUR,5,HUR,LUR,2025-01-07,2025-01-08,2,TSEC,50.213462829589844,50.0005989074707,49.983760833740234,49.91465377807617,50.029632568359375
M5_YHUR_SLUR,5,HUR,LUR,2025-01-07,2025-01-09,3,Yd,796.1881713867188,752.8619384765625,749.943115234375,760.4613647460938,753.8012084960938
M5_YHUR_SLUR,5,HUR,LUR,2025-01-07,2025-01-09,3,TSE,748.06201171875,750.22216796875,750.0501098632812,748.4280395507812,750.09423828125
M5_YHUR_SLUR,5,HUR,LUR,2025-01-07,2025-01-09,3,TSEC,50.60354995727539,50.0005989074707,49.95754623413086,49.95099639892578,50.0142707824707
M5_YHUR_SLUR,5,HUR,LUR,2025-01-08,2025-01-08,1,Yd,813.1458129882812,752.7029418945312,749.0465698242188,729.1373291015625,753.63623046875
M5_YHUR_SLUR,5,HUR,LUR,2025-01-08,2025-01-08,1,TSE,746.5232543945312,750.2103881835938,748.9755249023438,749.9049682617188,750.036865234375
M5_YHUR_SLUR,5,HUR,LUR,2025-01-08,2025-01-08,1,TSEC,50.213462829589844,49.999603271484375,49.92650604248047,49.97838592529297,50.02140426635742
M5_YHUR_SLUR,5,HUR,LUR,2025-01-08,2025-01-09,2,Yd,796.1881713867188,752.7029418945312,748.7861938476562,743.4097900390625,752.0938110351562
M5_YHUR_SLUR,5,HUR,LUR,2025-01-08,2025-01-09,2,TSE,748.06201171875,750.2103881835938,750.0918579101562,751.7272338867188,749.968994140625
M5_YHUR_SLUR,5,HUR,LUR,2025-01-08,2025-01-09,2,TSEC,50.60354995727539,49.999603271484375,49.9989013671875,50.031005859375,50.015830993652344
M5_YHUR_SLUR,5,HUR,LUR,2025-01-08,2025-01-10,3,Yd,639.3448486328125,752.7029418945312,746.0958862304688,743.137451171875,750.3568725585938
M5_YHUR_SLUR,5,HUR,LUR,2025-01-08,2025-01-10,3,TSE,760.1585083007812,750.2103881835938,751.6689453125,750.5830078125,749.9137573242188
M5_YHUR_SLUR,5,HUR,LUR,2025-01-08,2025-01-10,3,TSEC,50.32490921020508,49.999603271484375,49.99215316772461,50.02606964111328,50.0101318359375
M5_YHUR_SLUR,5,HUR,LUR,2025-01-09,2025-01-09,1,Yd,796.1881713867188,752.78466796875,748.2044067382812,738.1844482421875,752.89501953125
M5_YHUR_SLUR,5,HUR,LUR,2025-01-09,2025-01-09,1,TSE,748.06201171875,750.2054443359375,750.0371704101562,752.9033813476562,750.0635986328125
M5_YHUR_SLUR,5,HUR,LUR,2025-01-09,2025-01-09,1,TSEC,50.60354995727539,49.99989318847656,49.92677307128906,49.954017639160156,50.001922607421875
M5_YHUR_SLUR,5,HUR,LUR,2025-01-09,2025-01-10,2,Yd,639.3448486328125,752.78466796875,747.102783203125,731.1243896484375,750.8555908203125
M5_YHUR_SLUR,5,HUR,LUR,2025-01-09,2025-01-10,2,TSE,760.1585083007812,750.2054443359375,751.6146240234375,751.5796508789062,749.9732055664062
M5_YHUR_SLUR,5,HUR,LUR,2025-01-09,2025-01-10,2,TSEC,50.32490921020508,49.99989318847656,49.9990348815918,50.05601119995117,49.997955322265625
M5_YHUR_SLUR,5,HUR,LUR,2025-01-09,2025-01-11,3,Yd,714.704345703125,752.78466796875,747.8587646484375,721.0978393554688,750.2385864257812
M5_YHUR_SLUR,5,HUR,LUR,2025-01-09,2025-01-11,3,TSE,740.2688598632812,750.2054443359375,749.1017456054688,750.8618774414062,749.7982788085938
M5_YHUR_SLUR,5,HUR,LUR,2025-01-09,2025-01-11,3,TSEC,49.69922637939453,49.99989318847656,49.9335823059082,49.95729064941406,50.002899169921875
M5_YHUR_SLUR,5,HUR,LUR,2025-01-10,2025-01-10,1,Yd,639.3448486328125,752.8433227539062,748.52783203125,759.239990234375,752.73193359375
M5_YHUR_SLUR,5,HUR,LUR,2025-01-10,2025-01-10,1,TSE,760.1585083007812,750.2025146484375,751.5432739257812,750.1377563476562,750.0154418945312
M5_YHUR_SLUR,5,HUR,LUR,2025-01-10,2025-01-10,1,TSEC,50.32490921020508,50.00070571899414,50.01571273803711,49.9163818359375,50.000919342041016
M5_YHUR_SLUR,5,HUR,LUR,2025-01-10,2025-01-11,2,Yd,714.704345703125,752.8433227539062,748.6036376953125,752.9904174804688,752.2786254882812
M5_YHUR_SLUR,5,HUR,LUR,2025-01-10,2025-01-11,2,TSE,740.2688598632812,750.2025146484375,749.087158203125,751.6333618164062,749.7973022460938
M5_YHUR_SLUR,5,HUR,LUR,2025-01-10,2025-01-11,2,TSEC,49.69922637939453,50.00070571899414,50.01777267456055,49.94150161743164,50.00337219238281
M5_YHUR_SLUR,5,HUR,LUR,2025-01-10,2025-01-12,3,Yd,803.3917846679688,752.8433227539062,751.5403442382812,753.4205932617188,754.5252685546875
M5_YHUR_SLUR,5,HUR,LUR,2025-01-10,2025-01-12,3,TSE,751.47509765625,750.2025146484375,749.3253173828125,748.310546875,749.545166015625
M5_YHUR_SLUR,5,HUR,LUR,2025-01-10,2025-01-12,3,TSEC,49.901004791259766,50.00070571899414,49.99165725708008,49.98924255371094,50.01527786254883
M5_YHUR_SLUR,5,HUR,LUR,2025-01-11,2025-01-11,1,Yd,714.704345703125,752.6901245117188,750.5799560546875,744.7408447265625,754.25927734375
M5_YHUR_SLUR,5,HUR,LUR,2025-01-11,2025-01-11,1,TSE,740.2688598632812,750.2159423828125,749.5064697265625,748.9029541015625,749.847412109375
M5_YHUR_SLUR,5,HUR,LUR,2025-01-11,2025-01-11,1,TSEC,49.69922637939453,50.00114822387695,49.991695404052734,50.048587799072266,50.00470733642578
M5_YHUR_SLUR,5,HUR,LUR,2025-01-11,2025-01-12,2,Yd,803.3917846679688,752.6901245117188,748.6748046875,762.7425537109375,755.7645263671875
M5_YHUR_SLUR,5,HUR,LUR,2025-01-11,2025-01-12,2,TSE,751.47509765625,750.2159423828125,749.3383178710938,746.5459594726562,749.5020141601562
M5_YHUR_SLUR,5,HUR,LUR,2025-01-11,2025-01-12,2,TSEC,49.901004791259766,50.00114822387695,50.034610748291016,50.04469680786133,50.017478942871094
M5_YHUR_SLUR,5,HUR,LUR,2025-01-11,2025-01-13,3,Yd,608.8129272460938,752.6901245117188,751.6305541992188,761.5433959960938,757.3220825195312
M5_YHUR_SLUR,5,HUR,LUR,2025-01-11,2025-01-13,3,TSE,753.2195434570312,750.2159423828125,751.0980834960938,747.8831787109375,749.2789916992188
M5_YHUR_SLUR,5,HUR,LUR,2025-01-11,2025-01-13,3,TSEC,50.854305267333984,50.00114822387695,50.07310485839844,50.02284240722656,50.038394927978516
M5_YHUR_SLUR,5,HUR,LUR,2025-01-12,2025-01-12,1,Yd,803.3917846679688,752.6389770507812,750.1776123046875,743.81689453125,755.8999633789062
M5_YHUR_SLUR,5,HUR,LUR,2025-01-12,2025-01-12,1,TSE,751.47509765625,750.2025146484375,749.1202392578125,748.5770874023438,749.7467041015625
M5_YHUR_SLUR,5,HUR,LUR,2025-01-12,2025-01-12,1,TSEC,49.901004791259766,50.0007438659668,49.99457550048828,50.060569763183594,50.023468017578125
M5_YHUR_SLUR,5,HUR,LUR,2025-01-12,2025-01-13,2,Yd,608.8129272460938,752.6389770507812,750.654052734375,760.19873046875,757.5771484375
M5_YHUR_SLUR,5,HUR,LUR,2025-01-12,2025-01-13,2,TSE,753.2195434570312,750.2025146484375,750.946044921875,752.1354370117188,749.4481201171875
M5_YHUR_SLUR,5,HUR,LUR,2025-01-12,2025-01-13,2,TSEC,50.854305267333984,50.0007438659668,49.91864776611328,50.11652755737305,50.046207427978516
M5_YHUR_SLUR,5,HUR,LUR,2025-01-12,2025-01-14,3,Yd,771.98095703125,752.6389770507812,747.6177368164062,760.7137451171875,757.7205200195312
M5_YHUR_SLUR,5,HUR,LUR,2025-01-12,2025-01-14,3,TSE,748.8674926757812,750.2025146484375,750.0368041992188,750.2283935546875,749.3950805664062
M5_YHUR_SLUR,5,HUR,LUR,2025-01-12,2025-01-14,3,TSEC,49.91227722167969,50.0007438659668,49.98701095581055,50.063255310058594,50.06019592285156
M5_YHUR_SLUR,5,HUR,LUR,2025-01-13,2025-01-13,1,Yd,608.8129272460938,752.707275390625,750.3226928710938,737.9443359375,756.6430053710938
M5_YHUR_SLUR,5,HUR,LUR,2025-01-13,2025-01-13,1,TSE,753.2195434570312,750.2042236328125,750.9761352539062,751.4592895507812,749.7998046875
M5_YHUR_SLUR,5,HUR,LUR,2025-01-13,2025-01-13,1,TSEC,50.854305267333984,50.00060272216797,49.90055847167969,49.969295501708984,50.03288650512695
M5_YHUR_SLUR,5,HUR,LUR,2025-01-13,2025-01-14,2,Yd,771.98095703125,752.707275390625,747.8107299804688,748.7092895507812,757.2489624023438
M5_YHUR_SLUR,5,HUR,LUR,2025-01-13,2025-01-14,2,TSE,748.8674926757812,750.2042236328125,750.0097045898438,751.5750732421875,749.669921875
M5_YHUR_SLUR,5,HUR,LUR,2025-01-13,2025-01-14,2,TSEC,49.91227722167969,50.00060272216797,49.97568893432617,49.94440841674805,50.04781723022461
M5_YHUR_SLUR,5,HUR,LUR,2025-01-13,2025-01-15,3,Yd,710.5957641601562,752.707275390625,751.7171630859375,746.7216186523438,755.7372436523438
M5_YHUR_SLUR,5,HUR,LUR,2025-01-13,2025-01-15,3,TSE,751.2344360351562,750.2042236328125,749.9146118164062,751.9671630859375,749.7281494140625
M5_YHUR_SLUR,5,HUR,LUR,2025-01-13,2025-01-15,3,TSEC,49.667110443115234,50.00060272216797,49.9813117980957,49.980735778808594,50.044532775878906
M5_YHUR_SLUR,5,HUR,LUR,2025-01-14,2025-01-14,1,Yd,771.98095703125,752.5138549804688,746.2144165039062,746.8317260742188,756.4575805664062
M5_YHUR_SLUR,5,HUR,LUR,2025-01-14,2025-01-14,1,TSE,748.8674926757812,750.2083129882812,750.0143432617188,747.698486328125,749.9552001953125
M5_YHUR_SLUR,5,HUR,LUR,2025-01-14,2025-01-14,1,TSEC,49.91227722167969,50.00175476074219,50.04521560668945,49.919742584228516,50.03023910522461
M5_YHUR_SLUR,5,HUR,LUR,2025-01-14,2025-01-15,2,Yd,710.5957641601562,752.5138549804688,749.1130981445312,739.0426025390625,756.000732421875
M5_YHUR_SLUR,5,HUR,LUR,2025-01-14,2025-01-15,2,TSE,751.2344360351562,750.2083129882812,749.8289184570312,750.1348266601562,749.9403686523438
M5_YHUR_SLUR,5,HUR,LUR,2025-01-14,2025-01-15,2,TSEC,49.667110443115234,50.00175476074219,49.942115783691406,49.979427337646484,50.03493881225586
M5_YHUR_SLUR,5,HUR,LUR,2025-01-14,2025-01-16,3,Yd,776.6524047851562,752.5138549804688,746.5123901367188,730.7897338867188,754.23046875
M5_YHUR_SLUR,5,HUR,LUR,2025-01-14,2025-01-16,3,TSE,757.640625,750.2083129882812,749.6830444335938,749.082275390625,749.982177734375
M5_YHUR_SLUR,5,HUR,LUR,2025-01-14,2025-01-16,3,TSEC,49.23284912109375,50.00175476074219,50.033451080322266,50.02678680419922,50.019203186035156
M5_YHUR_SLUR,5,HUR,LUR,2025-01-15,2025-01-15,1,Yd,710.5957641601562,752.5399169921875,749.008056640625,734.5929565429688,754.5499877929688
M5_YHUR_SLUR,5,HUR,LUR,2025-01-15,2025-01-15,1,TSE,751.2344360351562,750.20654296875,749.8655395507812,753.2941284179688,750.0908203125
M5_YHUR_SLUR,5,HUR,LUR,2025-01-15,2025-01-15,1,TSEC,49.667110443115234,50.00162887573242,49.97590637207031,50.053466796875,50.01774215698242
M5_YHUR_SLUR,5,HUR,LUR,2025-01-15,2025-01-16,2,Yd,776.6524047851562,752.5399169921875,750.1937255859375,758.1141357421875,753.4405517578125
M5_YHUR_SLUR,5,HUR,LUR,2025-01-15,2025-01-16,2,TSE,757.640625,750.20654296875,749.7572631835938,749.9501342773438,750.0648193359375
M5_YHUR_SLUR,5,HUR,LUR,2025-01-15,2025-01-16,2,TSEC,49.23284912109375,50.00162887573242,49.96592712402344,49.87017822265625,50.009464263916016
M5_YHUR_SLUR,5,HUR,LUR,2025-01-15,2025-01-17,3,Yd,871.1471557617188,752.5399169921875,744.255126953125,755.093505859375,751.6868286132812
M5_YHUR_SLUR,5,HUR,LUR,2025-01-15,2025-01-17,3,TSE,753.6624145507812,750.20654296875,751.8262939453125,750.91552734375,750.0676879882812
M5_YHUR_SLUR,5,HUR,LUR,2025-01-15,2025-01-17,3,TSEC,51.22612380981445,50.00162887573242,50.01397705078125,49.972652435302734,50.001346588134766
M5_YHUR_SLUR,5,HUR,LUR,2025-01-16,2025-01-16,1,Yd,776.6524047851562,752.4837646484375,747.583740234375,735.9407348632812,753.02197265625
M5_YHUR_SLUR,5,HUR,LUR,2025-01-16,2025-01-16,1,TSE,757.640625,750.2079467773438,749.8363037109375,747.4991455078125,750.061767578125
M5_YHUR_SLUR,5,HUR,LUR,2025-01-16,2025-01-16,1,TSEC,49.23284912109375,50.001182556152344,49.9658203125,49.87688446044922,50.00078201293945
M5_YHUR_SLUR,5,HUR,LUR,2025-01-16,2025-01-17,2,Yd,871.1471557617188,752.4837646484375,745.359130859375,751.5237426757812,751.0460205078125
M5_YHUR_SLUR,5,HUR,LUR,2025-01-16,2025-01-17,2,TSE,753.6624145507812,750.2079467773438,751.9075317382812,751.1204223632812,749.963623046875
M5_YHUR_SLUR,5,HUR,LUR,2025-01-16,2025-01-17,2,TSEC,51.22612380981445,50.001182556152344,49.98003005981445,50.004268646240234,49.996131896972656
M5_YHUR_SLUR,5,HUR,LUR,2025-01-16,2025-01-18,3,Yd,818.7470092773438,752.4837646484375,746.5398559570312,749.7715454101562,750.5272827148438
M5_YHUR_SLUR,5,HUR,LUR,2025-01-16,2025-01-18,3,TSE,740.1710205078125,750.2079467773438,749.1487426757812,750.20361328125,749.7778930664062
M5_YHUR_SLUR,5,HUR,LUR,2025-01-16,2025-01-18,3,TSEC,50.31064224243164,50.001182556152344,49.946693420410156,50.03202819824219,50.000179290771484
M5_YHUR_SLUR,5,HUR,LUR,2025-01-17,2025-01-17,1,Yd,871.1471557617188,752.5160522460938,744.2936401367188,753.2867431640625,751.41943359375
M5_YHUR_SLUR,5,HUR,LUR,2025-01-17,2025-01-17,1,TSE,753.6624145507812,750.2178955078125,751.6365356445312,751.2222290039062,749.9616088867188
M5_YHUR_SLUR,5,HUR,LUR,2025-01-17,2025-01-17,1,TSEC,51.22612380981445,50.00015640258789,50.03794860839844,49.922115325927734,49.99528503417969
M5_YHUR_SLUR,5,HUR,LUR,2025-01-17,2025-01-18,2,Yd,818.7470092773438,752.5160522460938,747.8236694335938,773.4873046875,750.3012084960938
M5_YHUR_SLUR,5,HUR,LUR,2025-01-17,2025-01-18,2,TSE,740.1710205078125,750.2178955078125,749.2813110351562,749.2742919921875,749.6804809570312
M5_YHUR_SLUR,5,HUR,LUR,2025-01-17,2025-01-18,2,TSEC,50.31064224243164,50.00015640258789,49.92266845703125,49.93869400024414,49.99491500854492
M5_YHUR_SLUR,5,HUR,LUR,2025-01-17,2025-01-19,3,Yd,818.9960327148438,752.5160522460938,749.5668334960938,764.435791015625,751.8541259765625
M5_YHUR_SLUR,5,HUR,LUR,2025-01-17,2025-01-19,3,TSE,745.7938842773438,750.2178955078125,749.3714599609375,749.5613403320312,749.3575439453125
M5_YHUR_SLUR,5,HUR,LUR,2025-01-17,2025-01-19,3,TSEC,49.99108123779297,50.00015640258789,50.006778717041016,49.979373931884766,50.00756072998047
M5_YHUR_SLUR,5,HUR,LUR,2025-01-18,2025-01-18,1,Yd,818.7470092773438,752.6747436523438,753.8438720703125,743.9634399414062,753.973876953125
M5_YHUR_SLUR,5,HUR,LUR,2025-01-18,2025-01-18,1,TSE,740.1710205078125,750.222412109375,749.2099609375,752.3910522460938,749.8363037109375
M5_YHUR_SLUR,5,HUR,LUR,2025-01-18,2025-01-18,1,TSEC,50.31064224243164,50.00179672241211,49.858314514160156,49.97105026245117,50.00251388549805
M5_YHUR_SLUR,5,HUR,LUR,2025-01-18,2025-01-19,2,Yd,818.9960327148438,752.6747436523438,749.07470703125,747.55908203125,755.595458984375
M5_YHUR_SLUR,5,HUR,LUR,2025-01-18,2025-01-19,2,TSE,745.7938842773438,750.222412109375,749.40966796875,750.810546875,749.4981079101562
M5_YHUR_SLUR,5,HUR,LUR,2025-01-18,2025-01-19,2,TSEC,49.99108123779297,50.00179672241211,50.03677749633789,49.946868896484375,50.01224136352539
M5_YHUR_SLUR,5,HUR,LUR,2025-01-18,2025-01-20,3,Yd,687.9407348632812,752.6747436523438,761.1644897460938,744.660400390625,757.0684814453125
M5_YHUR_SLUR,5,HUR,LUR,2025-01-18,2025-01-20,3,TSE,749.2470703125,750.222412109375,751.205810546875,751.0667724609375,749.2638549804688
M5_YHUR_SLUR,5,HUR,LUR,2025-01-18,2025-01-20,3,TSEC,49.909976959228516,50.00179672241211,49.94522476196289,50.00053024291992,50.03253936767578
M5_YHUR_SLUR,5,HUR,LUR,2025-01-19,2025-01-19,1,Yd,818.9960327148438,752.762939453125,750.820556640625,749.5713500976562,756.5716552734375
M5_YHUR_SLUR,5,HUR,LUR,2025-01-19,2025-01-19,1,TSE,745.7938842773438,750.2090454101562,749.2523193359375,751.0067138671875,749.8167114257812
M5_YHUR_SLUR,5,HUR,LUR,2025-01-19,2025-01-19,1,TSEC,49.99108123779297,50.00220489501953,50.026939392089844,49.878116607666016,50.018211364746094
M5_YHUR_SLUR,5,HUR,LUR,2025-01-19,2025-01-20,2,Yd,687.9407348632812,752.762939453125,750.8316040039062,775.456787109375,758.4237670898438
M5_YHUR_SLUR,5,HUR,LUR,2025-01-19,2025-01-20,2,TSE,749.2470703125,750.2090454101562,751.0679321289062,747.32861328125,749.5728149414062
M5_YHUR_SLUR,5,HUR,LUR,2025-01-19,2025-01-20,2,TSEC,49.909976959228516,50.00220489501953,49.98972702026367,50.00910186767578,50.03835678100586
M5_YHUR_SLUR,5,HUR,LUR,2025-01-19,2025-01-21,3,Yd,782.435546875,752.762939453125,751.9579467773438,749.4745483398438,758.6293334960938
M5_YHUR_SLUR,5,HUR,LUR,2025-01-19,2025-01-21,3,TSE,755.0291748046875,750.2090454101562,750.1180419921875,747.8951416015625,749.5393676757812
M5_YHUR_SLUR,5,HUR,LUR,2025-01-19,2025-01-21,3,TSEC,50.0243034362793,50.00220489501953,50.00785827636719,50.07558059692383,50.04988098144531
M5_YHUR_SLUR,5,HUR,LUR,2025-01-20,2025-01-20,1,Yd,687.9407348632812,752.8512573242188,761.8175659179688,752.147705078125,757.5726928710938
M5_YHUR_SLUR,5,HUR,LUR,2025-01-20,2025-01-20,1,TSE,749.2470703125,750.2031860351562,750.9491577148438,750.9212646484375,749.8959350585938
M5_YHUR_SLUR,5,HUR,LUR,2025-01-20,2025-01-20,1,TSEC,49.909976959228516,50.002193450927734,49.82621765136719,49.91759490966797,50.02945327758789
M5_YHUR_SLUR,5,HUR,LUR,2025-01-20,2025-01-21,2,Yd,782.435546875,752.8512573242188,750.60009765625,739.0414428710938,758.5072021484375
M5_YHUR_SLUR,5,HUR,LUR,2025-01-20,2025-01-21,2,TSE,755.0291748046875,750.2031860351562,750.0223999023438,749.8511352539062,749.8417358398438
M5_YHUR_SLUR,5,HUR,LUR,2025-01-20,2025-01-21,2,TSEC,50.0243034362793,50.002193450927734,49.950340270996094,50.079681396484375,50.04408645629883
M5_YHUR_SLUR,5,HUR,LUR,2025-01-20,2025-01-22,3,Yd,726.4326171875,752.8512573242188,754.695556640625,740.4320068359375,757.1398315429688
M5_YHUR_SLUR,5,HUR,LUR,2025-01-20,2025-01-22,3,TSE,745.3533935546875,750.2031860351562,749.7692260742188,751.0416870117188,749.9445190429688
M5_YHUR_SLUR,5,HUR,LUR,2025-01-20,2025-01-22,3,TSEC,49.73734664916992,50.002193450927734,49.968997955322266,50.074153900146484,50.03949737548828
M5_YHUR_SLUR,5,HUR,LUR,2025-01-21,2025-01-21,1,Yd,782.435546875,752.7648315429688,749.2532958984375,745.3167114257812,756.5239868164062
M5_YHUR_SLUR,5,HUR,LUR,2025-01-21,2025-01-21,1,TSE,755.0291748046875,750.201904296875,750.0641479492188,748.0576782226562,750.0142822265625
M5_YHUR_SLUR,5,HUR,LUR,2025-01-21,2025-01-21,1,TSEC,50.0243034362793,50.002071380615234,50.031063079833984,49.965511322021484,50.03153991699219
M5_YHUR_SLUR,5,HUR,LUR,2025-01-21,2025-01-22,2,Yd,726.4326171875,752.7648315429688,750.2315673828125,751.8441162109375,755.7728881835938
M5_YHUR_SLUR,5,HUR,LUR,2025-01-21,2025-01-22,2,TSE,745.3533935546875,750.201904296875,749.79248046875,750.448974609375,750.0546264648438
M5_YHUR_SLUR,5,HUR,LUR,2025-01-21,2025-01-22,2,TSEC,49.73734664916992,50.002071380615234,49.92803192138672,50.0589599609375,50.035499572753906
M5_YHUR_SLUR,5,HUR,LUR,2025-01-21,2025-01-23,3,Yd,691.8223266601562,752.7648315429688,749.7255249023438,740.1377563476562,753.7215576171875
M5_YHUR_SLUR,5,HUR,LUR,2025-01-21,2025-01-23,3,TSE,751.5328369140625,750.201904296875,749.823486328125,749.5119018554688,750.114990234375
M5_YHUR_SLUR,5,HUR,LUR,2025-01-21,2025-01-23,3,TSEC,49.65675354003906,50.002071380615234,50.001220703125,49.9720344543457,50.020606994628906
M5_YHUR_SLUR,5,HUR,LUR,2025-01-22,2025-01-22,1,Yd,726.4326171875,752.8042602539062,755.6986694335938,739.9661865234375,754.3429565429688
M5_YHUR_SLUR,5,HUR,LUR,2025-01-22,2025-01-22,1,TSE,745.3533935546875,750.208251953125,749.8552856445312,751.4220581054688,750.1210327148438
M5_YHUR_SLUR,5,HUR,LUR,2025-01-22,2025-01-22,1,TSEC,49.73734664916992,50.002098083496094,49.92786407470703,49.8879280090332,50.014373779296875
M5_YHUR_SLUR,5,HUR,LUR,2025-01-22,2025-01-23,2,Yd,691.8223266601562,752.8042602539062,751.216552734375,757.0359497070312,753.1314086914062
M5_YHUR_SLUR,5,HUR,LUR,2025-01-22,2025-01-23,2,TSE,751.5328369140625,750.208251953125,749.7322998046875,751.0118408203125,750.10888671875
M5_YHUR_SLUR,5,HUR,LUR,2025-01-22,2025-01-23,2,TSEC,49.65675354003906,50.002098083496094,50.00109100341797,49.81464767456055,50.00471115112305
M5_YHUR_SLUR,5,HUR,LUR,2025-01-22,2025-01-24,3,Yd,780.6403198242188,752.8042602539062,742.302734375,753.183349609375,751.0145263671875
M5_YHUR_SLUR,5,HUR,LUR,2025-01-22,2025-01-24,3,TSE,742.19189453125,750.208251953125,751.7642211914062,751.5921630859375,750.1249389648438
M5_YHUR_SLUR,5,HUR,LUR,2025-01-22,2025-01-24,3,TSEC,49.18842315673828,50.002098083496094,50.02719497680664,49.78379821777344,49.99517059326172
M5_YHUR_SLUR,5,HUR,LUR,2025-01-23,2025-01-23,1,Yd,691.8223266601562,752.7692260742188,750.3943481445312,743.0908813476562,753.1132202148438
M5_YHUR_SLUR,5,HUR,LUR,2025-01-23,2025-01-23,1,TSE,751.5328369140625,750.2018432617188,749.7175903320312,749.3798828125,750.100341796875
M5_YHUR_SLUR,5,HUR,LUR,2025-01-23,2025-01-23,1,TSEC,49.65675354003906,50.001747131347656,49.99797058105469,49.82124710083008,49.99971008300781
M5_YHUR_SLUR,5,HUR,LUR,2025-01-23,2025-01-24,2,Yd,780.6403198242188,752.7692260742188,747.8472290039062,760.7855224609375,751.1193237304688
M5_YHUR_SLUR,5,HUR,LUR,2025-01-23,2025-01-24,2,TSE,742.19189453125,750.2018432617188,751.7731323242188,752.3828125,750.0281372070312
M5_YHUR_SLUR,5,HUR,LUR,2025-01-23,2025-01-24,2,TSEC,49.18842315673828,50.001747131347656,50.022865295410156,49.92801284790039,49.99555969238281
M5_YHUR_SLUR,5,HUR,LUR,2025-01-23,2025-01-25,3,Yd,830.4443359375,752.7692260742188,749.7843627929688,750.209716796875,750.7113647460938
M5_YHUR_SLUR,5,HUR,LUR,2025-01-23,2025-01-25,3,TSE,750.6389770507812,750.2018432617188,749.0494384765625,750.8128051757812,749.8653564453125
M5_YHUR_SLUR,5,HUR,LUR,2025-01-23,2025-01-25,3,TSEC,50.52332305908203,50.001747131347656,49.99746322631836,50.04635238647461,49.998538970947266
M5_YHUR_SLUR,5,HUR,LUR,2025-01-24,2025-01-24,1,Yd,780.6403198242188,752.6884155273438,753.8990478515625,736.0015258789062,752.2327270507812
M5_YHUR_SLUR,5,HUR,LUR,2025-01-24,2025-01-24,1,TSE,742.19189453125,750.2035522460938,751.9727172851562,751.6591796875,749.9822387695312
M5_YHUR_SLUR,5,HUR,LUR,2025-01-24,2025-01-24,1,TSEC,49.18842315673828,50.00128936767578,50.06793212890625,49.8531379699707,49.997291564941406
M5_YHUR_SLUR,5,HUR,LUR,2025-01-24,2025-01-25,2,Yd,830.4443359375,752.6884155273438,752.88720703125,749.3626708984375,751.50830078125
M5_YHUR_SLUR,5,HUR,LUR,2025-01-24,2025-01-25,2,TSE,750.6389770507812,750.2035522460938,748.560546875,751.7073364257812,749.743896484375
M5_YHUR_SLUR,5,HUR,LUR,2025-01-24,2025-01-25,2,TSEC,50.52332305908203,50.00128936767578,49.96563720703125,49.96036911010742,49.99909591674805
M5_YHUR_SLUR,5,HUR,LUR,2025-01-24,2025-01-26,3,Yd,736.2606811523438,752.6884155273438,743.2207641601562,734.8303833007812,753.384033203125
M5_YHUR_SLUR,5,HUR,LUR,2025-01-24,2025-01-26,3,TSE,758.8681640625,750.2035522460938,749.412353515625,753.27978515625,749.4428100585938
M5_YHUR_SLUR,5,HUR,LUR,2025-01-24,2025-01-26,3,TSEC,49.18824005126953,50.00128936767578,49.9789924621582,49.97379684448242,50.01231002807617
M5_YHUR_SLUR,5,HUR,LUR,2025-01-25,2025-01-25,1,Yd,830.4443359375,752.7255249023438,748.7581787109375,734.0324096679688,752.89306640625
M5_YHUR_SLUR,5,HUR,LUR,2025-01-25,2025-01-25,1,TSE,750.6389770507812,750.1929931640625,748.9608154296875,748.6355590820312,749.83740234375
M5_YHUR_SLUR,5,HUR,LUR,2025-01-25,2025-01-25,1,TSEC,50.52332305908203,50.000213623046875,50.00801467895508,49.987022399902344,50.00489807128906
M5_YHUR_SLUR,5,HUR,LUR,2025-01-25,2025-01-26,2,Yd,736.2606811523438,752.7255249023438,752.2130126953125,764.4971923828125,753.67236328125
M5_YHUR_SLUR,5,HUR,LUR,2025-01-25,2025-01-26,2,TSE,758.8681640625,750.1929931640625,749.0617065429688,749.2660522460938,749.4884643554688
M5_YHUR_SLUR,5,HUR,LUR,2025-01-25,2025-01-26,2,TSEC,49.18824005126953,50.000213623046875,49.933231353759766,50.010009765625,50.016624450683594
M5_YHUR_SLUR,5,HUR,LUR,2025-01-25,2025-01-27,3,Yd,730.1740112304688,752.7255249023438,748.2210693359375,773.4273681640625,755.1692504882812
M5_YHUR_SLUR,5,HUR,LUR,2025-01-25,2025-01-27,3,TSE,739.5911254882812,750.1929931640625,750.7974243164062,746.5049438476562,749.2748413085938
M5_YHUR_SLUR,5,HUR,LUR,2025-01-25,2025-01-27,3,TSEC,49.38467025756836,50.000213623046875,50.01742935180664,50.013153076171875,50.0369987487793
M5_YHUR_SLUR,5,HUR,LUR,2025-01-26,2025-01-26,1,Yd,736.2606811523438,752.8281860351562,751.0372314453125,735.3924560546875,755.8367919921875
M5_YHUR_SLUR,5,HUR,LUR,2025-01-26,2025-01-26,1,TSE,758.8681640625,750.193603515625,749.0375366210938,751.5616455078125,749.777099609375
M5_YHUR_SLUR,5,HUR,LUR,2025-01-26,2025-01-26,1,TSEC,49.18824005126953,50.00090408325195,49.91387939453125,49.93573760986328,50.01587677001953
M5_YHUR_SLUR,5,HUR,LUR,2025-01-26,2025-01-27,2,Yd,730.1740112304688,752.8281860351562,750.2470703125,742.41015625,757.2417602539062
M5_YHUR_SLUR,5,HUR,LUR,2025-01-26,2025-01-27,2,TSE,739.5911254882812,750.193603515625,750.7703857421875,750.9112548828125,749.5178833007812
M5_YHUR_SLUR,5,HUR,LUR,2025-01-26,2025-01-27,2,TSEC,49.38467025756836,50.00090408325195,49.94083786010742,49.98830795288086,50.0338249206543
M5_YHUR_SLUR,5,HUR,LUR,2025-01-26,2025-01-28,3,Yd,683.1366577148438,752.8281860351562,749.9130249023438,735.1257934570312,757.4577026367188
M5_YHUR_SLUR,5,HUR,LUR,2025-01-26,2025-01-28,3,TSE,746.8233032226562,750.193603515625,749.8800048828125,750.3311767578125,749.4763793945312
M5_YHUR_SLUR,5,HUR,LUR,2025-01-26,2025-01-28,3,TSEC,50.03001403808594,50.00090408325195,49.93334197998047,49.985408782958984,50.04643249511719
M5_YHUR_SLUR,5,HUR,LUR,2025-01-27,2025-01-27,1,Yd,730.1740112304688,752.8063354492188,750.1444702148438,751.6952514648438,755.929931640625
M5_YHUR_SLUR,5,HUR,LUR,2025-01-27,2025-01-27,1,TSE,739.5911254882812,750.205078125,750.9706420898438,746.326416015625,749.8076782226562
M5_YHUR_SLUR,5,HUR,LUR,2025-01-27,2025-01-27,1,TSEC,49.38467025756836,49.99983596801758,50.026180267333984,49.882347106933594,50.02448272705078
M5_YHUR_SLUR,5,HUR,LUR,2025-01-27,2025-01-28,2,Yd,683.1366577148438,752.8063354492188,749.24755859375,736.9490356445312,756.0006713867188
M5_YHUR_SLUR,5,HUR,LUR,2025-01-27,2025-01-28,2,TSE,746.8233032226562,750.205078125,750.0149536132812,748.75439453125,749.68115234375
M5_YHUR_SLUR,5,HUR,LUR,2025-01-27,2025-01-28,2,TSEC,50.03001403808594,49.99983596801758,49.91851806640625,50.00320053100586,50.036949157714844
M5_YHUR_SLUR,5,HUR,LUR,2025-01-27,2025-01-29,3,Yd,796.195068359375,752.8063354492188,751.07958984375,734.4450073242188,754.2496948242188
M5_YHUR_SLUR,5,HUR,LUR,2025-01-27,2025-01-29,3,TSE,754.9326782226562,750.205078125,749.7958374023438,748.0797729492188,749.7232055664062
M5_YHUR_SLUR,5,HUR,LUR,2025-01-27,2025-01-29,3,TSEC,49.59275817871094,49.99983596801758,50.08190155029297,49.98948669433594,50.033477783203125
M5_YHUR_SLUR,5,HUR,LUR,2025-01-28,2025-01-28,1,Yd,683.1366577148438,752.7765502929688,749.0328369140625,752.4235229492188,755.56005859375
M5_YHUR_SLUR,5,HUR,LUR,2025-01-28,2025-01-28,1,TSE,746.8233032226562,750.1910400390625,749.6887817382812,752.2593994140625,749.9885864257812
M5_YHUR_SLUR,5,HUR,LUR,2025-01-28,2025-01-28,1,TSEC,50.03001403808594,49.999019622802734,49.92988967895508,49.99037551879883,50.027652740478516
M5_YHUR_SLUR,5,HUR,LUR,2025-01-28,2025-01-29,2,Yd,796.195068359375,752.7765502929688,751.044677734375,776.8385009765625,754.3377685546875
M5_YHUR_SLUR,5,HUR,LUR,2025-01-28,2025-01-29,2,TSE,754.9326782226562,750.1910400390625,750.6637573242188,751.4841918945312,749.974853515625
M5_YHUR_SLUR,5,HUR,LUR,2025-01-28,2025-01-29,2,TSEC,49.59275817871094,49.999019622802734,49.89097213745117,50.12546920776367,50.031585693359375
M5_YHUR_SLUR,5,HUR,LUR,2025-01-28,2025-01-30,3,Yd,888.020263671875,752.7765502929688,748.75390625,764.2822875976562,751.59716796875
M5_YHUR_SLUR,5,HUR,LUR,2025-01-28,2025-01-30,3,TSE,756.1798095703125,750.1910400390625,749.8119506835938,751.4949340820312,749.9535522460938
M5_YHUR_SLUR,5,HUR,LUR,2025-01-28,2025-01-30,3,TSEC,49.7700309753418,49.999019622802734,49.93552780151367,50.08946228027344,50.01871871948242
M5_YHUR_SLUR,5,HUR,LUR,2025-01-29,2025-01-29,1,Yd,796.195068359375,752.6847534179688,751.0357055664062,739.0344848632812,753.799072265625
M5_YHUR_SLUR,5,HUR,LUR,2025-01-29,2025-01-29,1,TSE,754.9326782226562,750.1865844726562,750.7362670898438,748.7694091796875,750.0575561523438
M5_YHUR_SLUR,5,HUR,LUR,2025-01-29,2025-01-29,1,TSEC,49.59275817871094,49.999061584472656,49.95383834838867,49.97265625,50.01763153076172
M5_YHUR_SLUR,5,HUR,LUR,2025-01-29,2025-01-30,2,Yd,888.020263671875,752.6847534179688,747.78955078125,751.4051513671875,751.8043212890625
M5_YHUR_SLUR,5,HUR,LUR,2025-01-29,2025-01-30,2,TSE,756.1798095703125,750.1865844726562,749.4482421875,750.7479248046875,749.9686889648438
M5_YHUR_SLUR,5,HUR,LUR,2025-01-29,2025-01-30,2,TSEC,49.7700309753418,49.999061584472656,49.943695068359375,49.90455627441406,50.01020431518555
M5_YHUR_SLUR,5,HUR,LUR,2025-01-29,2025-01-31,3,Yd,769.3505859375,752.6847534179688,749.9176635742188,745.0391845703125,749.60595703125
M5_YHUR_SLUR,5,HUR,LUR,2025-01-29,2025-01-31,3,TSE,745.0956420898438,750.1865844726562,749.8936157226562,749.497314453125,749.8779296875
M5_YHUR_SLUR,5,HUR,LUR,2025-01-29,2025-01-31,3,TSEC,50.263084411621094,49.999061584472656,49.97496032714844,49.97675323486328,50.000877380371094
M5_YHUR_SLUR,5,HUR,LUR,2025-01-30,2025-01-30,1,Yd,888.020263671875,752.7420043945312,747.7207641601562,754.7959594726562,752.04736328125
M5_YHUR_SLUR,5,HUR,LUR,2025-01-30,2025-01-30,1,TSE,756.1798095703125,750.19287109375,749.5914306640625,749.6525268554688,750.0535888671875
M5_YHUR_SLUR,5,HUR,LUR,2025-01-30,2025-01-30,1,TSEC,49.7700309753418,49.9985237121582,49.95066833496094,49.989662170410156,49.99604797363281
M5_YHUR_SLUR,5,HUR,LUR,2025-01-30,2025-01-31,2,Yd,769.3505859375,752.7420043945312,750.857666015625,750.4985961914062,749.5464477539062
M5_YHUR_SLUR,5,HUR,LUR,2025-01-30,2025-01-31,2,TSE,745.0956420898438,750.19287109375,751.4993896484375,753.1640014648438,749.9176025390625
M5_YHUR_SLUR,5,HUR,LUR,2025-01-30,2025-01-31,2,TSEC,50.263084411621094,49.9985237121582,49.995262145996094,49.92965316772461,49.98908996582031
M5_YHUR_SLUR,5,HUR,LUR,2025-01-30,2025-02-01,3,Yd,723.7440185546875,752.7420043945312,748.6268310546875,763.3638916015625,748.7063598632812
M5_YHUR_SLUR,5,HUR,LUR,2025-01-30,2025-02-01,3,TSE,751.94921875,750.19287109375,748.9393310546875,749.3033447265625,749.7189331054688
M5_YHUR_SLUR,5,HUR,LUR,2025-01-30,2025-02-01,3,TSEC,48.90528869628906,49.9985237121582,49.95759201049805,50.01597213745117,49.991268157958984
M5_YHUR_SLUR,5,HUR,LUR,2025-01-31,2025-01-31,1,Yd,769.3505859375,752.9198608398438,754.2847900390625,745.1119995117188,751.2544555664062
M5_YHUR_SLUR,5,HUR,LUR,2025-01-31,2025-01-31,1,TSE,745.0956420898438,750.2007446289062,751.6454467773438,752.4512939453125,749.9972534179688
M5_YHUR_SLUR,5,HUR,LUR,2025-01-31,2025-01-31,1,TSEC,50.263084411621094,49.99822235107422,50.0493278503418,49.850067138671875,49.992225646972656
M5_YHUR_SLUR,5,HUR,LUR,2025-01-31,2025-02-01,2,Yd,723.7440185546875,752.9198608398438,747.8427124023438,747.8569946289062,749.8568725585938
M5_YHUR_SLUR,5,HUR,LUR,2025-01-31,2025-02-01,2,TSE,751.94921875,750.2007446289062,749.0250854492188,748.8209838867188,749.7242431640625
M5_YHUR_SLUR,5,HUR,LUR,2025-01-31,2025-02-01,2,TSEC,48.90528869628906,49.99822235107422,49.99327850341797,49.94588851928711,49.98817825317383
M5_YHUR_SLUR,5,HUR,LUR,2025-01-31,2025-02-02,3,Yd,707.7079467773438,752.9198608398438,754.0684814453125,731.8524169921875,751.4382934570312
M5_YHUR_SLUR,5,HUR,LUR,2025-01-31,2025-02-02,3,TSE,746.73876953125,750.2007446289062,749.1771850585938,750.6031494140625,749.431640625
M5_YHUR_SLUR,5,HUR,LUR,2025-01-31,2025-02-02,3,TSEC,50.11861801147461,49.99822235107422,49.95737838745117,49.92361831665039,49.99708557128906
M5_YHUR_SLUR,5,HUR,LUR,2025-02-01,2025-02-01,1,Yd,723.7440185546875,752.9413452148438,751.5887451171875,748.817626953125,753.3494262695312
M5_YHUR_SLUR,5,HUR,LUR,2025-02-01,2025-02-01,1,TSE,751.94921875,750.194091796875,748.9564208984375,749.485107421875,749.8635864257812
M5_YHUR_SLUR,5,HUR,LUR,2025-02-01,2025-02-01,1,TSEC,48.90528869628906,49.998573303222656,49.940303802490234,49.97245407104492,50.00084686279297
M5_YHUR_SLUR,5,HUR,LUR,2025-02-01,2025-02-02,2,Yd,707.7079467773438,752.9413452148438,751.95458984375,755.4898681640625,754.412109375
M5_YHUR_SLUR,5,HUR,LUR,2025-02-01,2025-02-02,2,TSE,746.73876953125,750.194091796875,749.156982421875,749.4481811523438,749.5308837890625
M5_YHUR_SLUR,5,HUR,LUR,2025-02-01,2025-02-02,2,TSEC,50.11861801147461,49.998573303222656,49.93268966674805,50.009681701660156,50.00990676879883
M5_YHUR_SLUR,5,HUR,LUR,2025-02-01,2025-02-03,3,Yd,801.4053344726562,752.9413452148438,750.2625122070312,755.1414184570312,755.7423706054688
M5_YHUR_SLUR,5,HUR,LUR,2025-02-01,2025-02-03,3,TSE,743.96240234375,750.194091796875,750.689208984375,749.3182373046875,749.3060302734375
M5_YHUR_SLUR,5,HUR,LUR,2025-02-01,2025-02-03,3,TSEC,50.230613708496094,49.998573303222656,50.00886154174805,49.988895416259766,50.029178619384766
M5_YHUR_SLUR,5,HUR,LUR,2025-02-02,2025-02-02,1,Yd,707.7079467773438,752.903076171875,752.2633056640625,756.0675048828125,754.690673828125
M5_YHUR_SLUR,5,HUR,LUR,2025-02-02,2025-02-02,1,TSE,746.73876953125,750.1963500976562,749.230712890625,748.8076171875,749.753662109375
M5_YHUR_SLUR,5,HUR,LUR,2025-02-02,2025-02-02,1,TSEC,50.11861801147461,49.99714279174805,49.902748107910156,49.95631790161133,50.012451171875
M5_YHUR_SLUR,5,HUR,LUR,2025-02-02,2025-02-03,2,Yd,801.4053344726562,752.903076171875,748.96240234375,768.8294067382812,755.7200927734375
M5_YHUR_SLUR,5,HUR,LUR,2025-02-02,2025-02-03,2,TSE,743.96240234375,750.1963500976562,750.9799194335938,749.2623291015625,749.5006103515625
M5_YHUR_SLUR,5,HUR,LUR,2025-02-02,2025-02-03,2,TSEC,50.230613708496094,49.99714279174805,50.028594970703125,50.01331329345703,50.02771759033203
M5_YHUR_SLUR,5,HUR,LUR,2025-02-02,2025-02-04,3,Yd,813.2940063476562,752.903076171875,749.900390625,771.6605834960938,755.6697998046875
M5_YHUR_SLUR,5,HUR,LUR,2025-02-02,2025-02-04,3,TSE,748.3673706054688,750.1963500976562,750.3359985351562,749.2230834960938,749.4503173828125
M5_YHUR_SLUR,5,HUR,LUR,2025-02-02,2025-02-04,3,TSEC,50.130550384521484,49.99714279174805,49.9856071472168,49.993629455566406,50.038944244384766
M5_YHUR_SLUR,5,HUR,LUR,2025-02-03,2025-02-03,1,Yd,801.4053344726562,752.8439331054688,748.132080078125,749.241455078125,756.675537109375
M5_YHUR_SLUR,5,HUR,LUR,2025-02-03,2025-02-03,1,TSE,743.96240234375,750.1917724609375,750.6415405273438,750.4718627929688,749.838134765625
M5_YHUR_SLUR,5,HUR,LUR,2025-02-03,2025-02-03,1,TSEC,50.230613708496094,49.99729919433594,49.81884765625,49.923091888427734,50.02722930908203
M5_YHUR_SLUR,5,HUR,LUR,2025-02-03,2025-02-04,2,Yd,813.2940063476562,752.8439331054688,749.0712280273438,771.8900756835938,757.2179565429688
M5_YHUR_SLUR,5,HUR,LUR,2025-02-03,2025-02-04,2,TSE,748.3673706054688,750.1917724609375,749.8533325195312,751.3055419921875,749.730224609375
M5_YHUR_SLUR,5,HUR,LUR,2025-02-03,2025-02-04,2,TSEC,50.130550384521484,49.99729919433594,49.98615264892578,49.99732971191406,50.04176712036133
M5_YHUR_SLUR,5,HUR,LUR,2025-02-03,2025-02-05,3,Yd,627.5213012695312,752.8439331054688,753.181884765625,777.3956909179688,755.5911865234375
M5_YHUR_SLUR,5,HUR,LUR,2025-02-03,2025-02-05,3,TSE,748.6124877929688,750.1917724609375,749.6841430664062,749.3538818359375,749.7817993164062
M5_YHUR_SLUR,5,HUR,LUR,2025-02-03,2025-02-05,3,TSEC,49.25339889526367,49.99729919433594,49.98774719238281,50.05681610107422,50.04115295410156
M5_YHUR_SLUR,5,HUR,LUR,2025-02-04,2025-02-04,1,Yd,813.2940063476562,752.9074096679688,751.3504028320312,751.2902221679688,756.503662109375
M5_YHUR_SLUR,5,HUR,LUR,2025-02-04,2025-02-04,1,TSE,748.3673706054688,750.1836547851562,750.5352172851562,747.4136352539062,750.0305786132812
M5_YHUR_SLUR,5,HUR,LUR,2025-02-04,2025-02-04,1,TSEC,50.130550384521484,49.99760437011719,49.94072723388672,49.93677520751953,50.0291862487793
M5_YHUR_SLUR,5,HUR,LUR,2025-02-04,2025-02-05,2,Yd,627.5213012695312,752.9074096679688,751.2276000976562,737.0425415039062,755.7010498046875
M5_YHUR_SLUR,5,HUR,LUR,2025-02-04,2025-02-05,2,TSE,748.6124877929688,750.1836547851562,749.4295043945312,749.65869140625,750.0655517578125
M5_YHUR_SLUR,5,HUR,LUR,2025-02-04,2025-02-05,2,TSEC,49.25339889526367,49.99760437011719,50.103790283203125,49.942874908447266,50.03404998779297
M5_YHUR_SLUR,5,HUR,LUR,2025-02-04,2025-02-06,3,Yd,765.3709106445312,752.9074096679688,749.7272338867188,736.9703369140625,753.1876220703125
M5_YHUR_SLUR,5,HUR,LUR,2025-02-04,2025-02-06,3,TSE,750.1514282226562,750.1836547851562,750.1463623046875,748.8439331054688,750.0906982421875
M5_YHUR_SLUR,5,HUR,LUR,2025-02-04,2025-02-06,3,TSEC,49.7490119934082,49.99760437011719,49.916847229003906,49.959869384765625,50.0198974609375
M5_YHUR_SLUR,5,HUR,LUR,2025-02-05,2025-02-05,1,Yd,627.5213012695312,752.9862670898438,751.4961547851562,751.0337524414062,754.806640625
M5_YHUR_SLUR,5,HUR,LUR,2025-02-05,2025-02-05,1,TSE,748.6124877929688,750.1812744140625,750.78076171875,747.6748046875,750.1492309570312
M5_YHUR_SLUR,5,HUR,LUR,2025-02-05,2025-02-05,1,TSEC,49.25339889526367,49.99777603149414,50.050514221191406,49.9525032043457,50.015525817871094
M5_YHUR_SLUR,5,HUR,LUR,2025-02-05,2025-02-06,2,Yd,765.3709106445312,752.9862670898438,751.5404052734375,750.1073608398438,753.1692504882812
M5_YHUR_SLUR,5,HUR,LUR,2025-02-05,2025-02-06,2,TSE,750.1514282226562,750.1812744140625,749.4232177734375,749.5542602539062,750.1319580078125
M5_YHUR_SLUR,5,HUR,LUR,2025-02-05,2025-02-06,2,TSEC,49.7490119934082,49.99777603149414,49.8994140625,49.90679168701172,50.006988525390625
M5_YHUR_SLUR,5,HUR,LUR,2025-02-05,2025-02-07,3,Yd,779.5162963867188,752.9862670898438,750.9830322265625,747.0476684570312,751.27685546875
M5_YHUR_SLUR,5,HUR,LUR,2025-02-05,2025-02-07,3,TSE,751.9349365234375,750.1812744140625,749.9808959960938,747.8677978515625,750.135986328125
M5_YHUR_SLUR,5,HUR,LUR,2025-02-05,2025-02-07,3,TSEC,49.01716232299805,49.99777603149414,49.87577819824219,49.89283752441406,49.99555587768555
M5_YHUR_SLUR,5,HUR,LUR,2025-02-06,2025-02-06,1,Yd,765.3709106445312,752.8226928710938,739.5244140625,720.022705078125,753.022705078125
M5_YHUR_SLUR,5,HUR,LUR,2025-02-06,2025-02-06,1,TSE,750.1514282226562,750.1792602539062,749.3796997070312,749.340087890625,750.068603515625
M5_YHUR_SLUR,5,HUR,LUR,2025-02-06,2025-02-06,1,TSEC,49.7490119934082,49.99680709838867,49.945701599121094,49.9876594543457,49.99930953979492
M5_YHUR_SLUR,5,HUR,LUR,2025-02-06,2025-02-07,2,Yd,779.5162963867188,752.8226928710938,751.1509399414062,732.44140625,750.9714965820312
M5_YHUR_SLUR,5,HUR,LUR,2025-02-06,2025-02-07,2,TSE,751.9349365234375,750.1792602539062,749.7745971679688,752.0506591796875,749.9373168945312
M5_YHUR_SLUR,5,HUR,LUR,2025-02-06,2025-02-07,2,TSEC,49.01716232299805,49.99680709838867,49.96863555908203,50.036006927490234,49.99540328979492
M5_YHUR_SLUR,5,HUR,LUR,2025-02-06,2025-02-08,3,Yd,751.5825805664062,752.8226928710938,753.659423828125,737.4638671875,750.4215087890625
M5_YHUR_SLUR,5,HUR,LUR,2025-02-06,2025-02-08,3,TSE,747.909423828125,750.1792602539062,750.20263671875,750.091064453125,749.7748413085938
M5_YHUR_SLUR,5,HUR,LUR,2025-02-06,2025-02-08,3,TSEC,50.636436462402344,49.99680709838867,49.95566940307617,50.07038497924805,50.00018310546875
M5_YHUR_SLUR,5,HUR,LUR,2025-02-07,2025-02-07,1,Yd,779.5162963867188,752.8390502929688,752.1769409179688,732.9541625976562,752.3585205078125
M5_YHUR_SLUR,5,HUR,LUR,2025-02-07,2025-02-07,1,TSE,751.9349365234375,750.17919921875,751.5353393554688,751.7494506835938,749.9856567382812
M5_YHUR_SLUR,5,HUR,LUR,2025-02-07,2025-02-07,1,TSEC,49.01716232299805,49.99648666381836,49.8951530456543,49.89957046508789,49.99701690673828
M5_YHUR_SLUR,5,HUR,LUR,2025-02-07,2025-02-08,2,Yd,751.5825805664062,752.8390502929688,749.87890625,747.9979248046875,751.61865234375
M5_YHUR_SLUR,5,HUR,LUR,2025-02-07,2025-02-08,2,TSE,747.909423828125,750.17919921875,749.047607421875,750.3876342773438,749.7493286132812
M5_YHUR_SLUR,5,HUR,LUR,2025-02-07,2025-02-08,2,TSEC,50.636436462402344,49.99648666381836,49.97599792480469,50.011234283447266,49.99872589111328
M5_YHUR_SLUR,5,HUR,LUR,2025-02-07,2025-02-09,3,Yd,681.2160034179688,752.8390502929688,752.2114868164062,756.315185546875,753.6340942382812
M5_YHUR_SLUR,5,HUR,LUR,2025-02-07,2025-02-09,3,TSE,743.5930786132812,750.17919921875,749.1292114257812,748.8479614257812,749.4559326171875
M5_YHUR_SLUR,5,HUR,LUR,2025-02-07,2025-02-09,3,TSEC,50.379791259765625,49.99648666381836,49.926509857177734,50.02131652832031,50.011009216308594
M5_YHUR_SLUR,5,HUR,LUR,2025-02-08,2025-02-08,1,Yd,751.5825805664062,752.8737182617188,749.676513671875,758.644775390625,752.9050903320312
M5_YHUR_SLUR,5,HUR,LUR,2025-02-08,2025-02-08,1,TSE,747.909423828125,750.1814575195312,750.1311645507812,749.6663818359375,749.846923828125
M5_YHUR_SLUR,5,HUR,LUR,2025-02-08,2025-02-08,1,TSEC,50.636436462402344,49.995216369628906,50.04222869873047,49.943321228027344,50.0006103515625
M5_YHUR_SLUR,5,HUR,LUR,2025-02-08,2025-02-09,2,Yd,681.2160034179688,752.8737182617188,751.960205078125,752.3445434570312,753.6142578125
M5_YHUR_SLUR,5,HUR,LUR,2025-02-08,2025-02-09,2,TSE,743.5930786132812,750.1814575195312,750.0340576171875,751.837890625,749.4954833984375
M5_YHUR_SLUR,5,HUR,LUR,2025-02-08,2025-02-09,2,TSEC,50.379791259765625,49.995216369628906,49.86777114868164,50.02279281616211,50.01017379760742
M5_YHUR_SLUR,5,HUR,LUR,2025-02-08,2025-02-10,3,Yd,711.8856201171875,752.8737182617188,749.93115234375,752.344482421875,755.3028564453125
M5_YHUR_SLUR,5,HUR,LUR,2025-02-08,2025-02-10,3,TSE,749.8273315429688,750.1814575195312,749.7659301757812,750.78662109375,749.304931640625
M5_YHUR_SLUR,5,HUR,LUR,2025-02-08,2025-02-10,3,TSEC,50.01005172729492,49.995216369628906,49.94335174560547,50.08198928833008,50.02851104736328
M5_YHUR_SLUR,5,HUR,LUR,2025-02-09,2025-02-09,1,Yd,681.2160034179688,752.8720092773438,755.0950927734375,753.43408203125,756.1350708007812
M5_YHUR_SLUR,5,HUR,LUR,2025-02-09,2025-02-09,1,TSE,743.5930786132812,750.1785888671875,749.0654296875,750.4818725585938,749.7951049804688
M5_YHUR_SLUR,5,HUR,LUR,2025-02-09,2025-02-09,1,TSEC,50.379791259765625,49.99604415893555,49.904605865478516,49.90700149536133,50.01618957519531
M5_YHUR_SLUR,5,HUR,LUR,2025-02-09,2025-02-10,2,Yd,711.8856201171875,752.8720092773438,748.9515991210938,760.412353515625,758.1596069335938
M5_YHUR_SLUR,5,HUR,LUR,2025-02-09,2025-02-10,2,TSE,749.8273315429688,750.1785888671875,750.5728759765625,749.9635009765625,749.5659790039062
M5_YHUR_SLUR,5,HUR,LUR,2025-02-09,2025-02-10,2,TSEC,50.01005172729492,49.99604415893555,50.06742477416992,50.004329681396484,50.034122467041016
M5_YHUR_SLUR,5,HUR,LUR,2025-02-09,2025-02-11,3,Yd,760.561279296875,752.8720092773438,747.9171142578125,752.3155517578125,758.7742309570312
M5_YHUR_SLUR,5,HUR,LUR,2025-02-09,2025-02-11,3,TSE,743.4793090820312,750.1785888671875,749.823974609375,750.468505859375,749.5263061523438
M5_YHUR_SLUR,5,HUR,LUR,2025-02-09,2025-02-11,3,TSEC,49.89602279663086,49.99604415893555,49.98396682739258,50.03728103637695,50.04733657836914
M5_YHUR_SLUR,5,HUR,LUR,2025-02-10,2025-02-10,1,Yd,711.8856201171875,752.7789916992188,751.1453247070312,754.07080078125,758.2801513671875
M5_YHUR_SLUR,5,HUR,LUR,2025-02-10,2025-02-10,1,TSE,749.8273315429688,750.1699829101562,749.5877075195312,747.9130249023438,749.9118041992188
M5_YHUR_SLUR,5,HUR,LUR,2025-02-10,2025-02-10,1,TSEC,50.01005172729492,49.996543884277344,50.07719039916992,49.91611862182617,50.03219223022461
M5_YHUR_SLUR,5,HUR,LUR,2025-02-10,2025-02-11,2,Yd,760.561279296875,752.7789916992188,748.8164672851562,744.8903198242188,760.158935546875
M5_YHUR_SLUR,5,HUR,LUR,2025-02-10,2025-02-11,2,TSE,743.4793090820312,750.1699829101562,748.9152221679688,749.1295776367188,749.8397216796875
M5_YHUR_SLUR,5,HUR,LUR,2025-02-10,2025-02-11,2,TSEC,49.89602279663086,49.996543884277344,49.999671936035156,50.0455322265625,50.04938507080078
M5_YHUR_SLUR,5,HUR,LUR,2025-02-10,2025-02-12,3,Yd,705.2088623046875,752.7789916992188,750.8661499023438,751.3380126953125,758.916748046875
M5_YHUR_SLUR,5,HUR,LUR,2025-02-10,2025-02-12,3,TSE,744.5025634765625,750.1699829101562,750.5838623046875,748.2422485351562,749.9437866210938
M5_YHUR_SLUR,5,HUR,LUR,2025-02-10,2025-02-12,3,TSEC,49.880306243896484,49.996543884277344,49.88859939575195,50.04279327392578,50.05014419555664
M5_YHUR_SLUR,5,HUR,LUR,2025-02-11,2025-02-11,1,Yd,760.561279296875,752.7260131835938,750.6951293945312,759.4022827148438,757.4463500976562
M5_YHUR_SLUR,5,HUR,LUR,2025-02-11,2025-02-11,1,TSE,743.4793090820312,750.1695556640625,750.2958374023438,748.146240234375,750.0562133789062
M5_YHUR_SLUR,5,HUR,LUR,2025-02-11,2025-02-11,1,TSEC,49.89602279663086,49.996559143066406,49.99868392944336,49.968929290771484,50.032318115234375
M5_YHUR_SLUR,5,HUR,LUR,2025-02-11,2025-02-12,2,Yd,705.2088623046875,752.7260131835938,748.1595458984375,739.51806640625,757.4168090820312
M5_YHUR_SLUR,5,HUR,LUR,2025-02-11,2025-02-12,2,TSE,744.5025634765625,750.1695556640625,748.73583984375,749.5142822265625,750.1016235351562
M5_YHUR_SLUR,5,HUR,LUR,2025-02-11,2025-02-12,2,TSEC,49.880306243896484,49.996559143066406,49.887638092041016,50.07061767578125,50.03944396972656
M5_YHUR_SLUR,5,HUR,LUR,2025-02-11,2025-02-13,3,Yd,745.6239013671875,752.7260131835938,750.7836303710938,728.3881225585938,755.5874633789062
M5_YHUR_SLUR,5,HUR,LUR,2025-02-11,2025-02-13,3,TSE,747.2431640625,750.1695556640625,750.1556396484375,749.976806640625,750.1527709960938
M5_YHUR_SLUR,5,HUR,LUR,2025-02-11,2025-02-13,3,TSEC,50.52092742919922,49.996559143066406,49.953224182128906,50.051395416259766,50.02861404418945
M5_YHUR_SLUR,5,HUR,LUR,2025-02-12,2025-02-12,1,Yd,705.2088623046875,752.7362670898438,750.8870239257812,752.5354614257812,755.8812255859375
M5_YHUR_SLUR,5,HUR,LUR,2025-02-12,2025-02-12,1,TSE,744.5025634765625,750.160888671875,749.7678833007812,748.6820678710938,750.1671142578125
M5_YHUR_SLUR,5,HUR,LUR,2025-02-12,2025-02-12,1,TSEC,49.880306243896484,49.99643325805664,50.04177474975586,49.9090576171875,50.021549224853516
M5_YHUR_SLUR,5,HUR,LUR,2025-02-12,2025-02-13,2,Yd,745.6239013671875,752.7362670898438,749.4130859375,738.5396118164062,755.0615234375
M5_YHUR_SLUR,5,HUR,LUR,2025-02-12,2025-02-13,2,TSE,747.2431640625,750.160888671875,749.8908081054688,752.389404296875,750.1657104492188
M5_YHUR_SLUR,5,HUR,LUR,2025-02-12,2025-02-13,2,TSEC,50.52092742919922,49.99643325805664,49.91423797607422,49.97785186767578,50.017616271972656
M5_YHUR_SLUR,5,HUR,LUR,2025-02-12,2025-02-14,3,Yd,776.9423217773438,752.7362670898438,751.0244750976562,733.2211303710938,753.546630859375
M5_YHUR_SLUR,5,HUR,LUR,2025-02-12,2025-02-14,3,TSE,756.0731201171875,750.160888671875,751.5573120117188,752.3507080078125,750.1744384765625
M5_YHUR_SLUR,5,HUR,LUR,2025-02-12,2025-02-14,3,TSEC,49.92229080200195,49.99643325805664,49.955379486083984,49.9892692565918,50.010501861572266
M5_YHUR_SLUR,5,HUR,LUR,2025-02-13,2025-02-13,1,Yd,745.6239013671875,752.6748046875,751.1284790039062,730.5439453125,754.4878540039062
M5_YHUR_SLUR,5,HUR,LUR,2025-02-13,2025-02-13,1,TSE,747.2431640625,750.153564453125,749.879150390625,750.3131103515625,750.1373901367188
M5_YHUR_SLUR,5,HUR,LUR,2025-02-13,2025-02-13,1,TSEC,50.52092742919922,49.99627685546875,49.922019958496094,49.959617614746094,50.00626754760742
M5_YHUR_SLUR,5,HUR,LUR,2025-02-13,2025-02-14,2,Yd,776.9423217773438,752.6748046875,749.0789794921875,731.1591796875,753.3368530273438
M5_YHUR_SLUR,5,HUR,LUR,2025-02-13,2025-02-14,2,TSE,756.0731201171875,750.153564453125,749.31298828125,753.9483032226562,750.0950927734375
M5_YHUR_SLUR,5,HUR,LUR,2025-02-13,2025-02-14,2,TSEC,49.92229080200195,49.99627685546875,49.957542419433594,50.077369689941406,50.00566482543945
M5_YHUR_SLUR,5,HUR,LUR,2025-02-13,2025-02-15,3,Yd,669.821533203125,752.6748046875,751.0665283203125,746.5853271484375,753.3681640625
M5_YHUR_SLUR,5,HUR,LUR,2025-02-13,2025-02-15,3,TSE,770.46240234375,750.153564453125,749.4209594726562,751.580810546875,749.9485473632812
M5_YHUR_SLUR,5,HUR,LUR,2025-02-13,2025-02-15,3,TSEC,50.634429931640625,49.99627685546875,49.92546081542969,50.07279968261719,50.011478424072266
M5_YHUR_SLUR,5,HUR,LUR,2025-02-14,2025-02-14,1,Yd,776.9423217773438,752.6657104492188,755.9819946289062,724.0181274414062,754.3179321289062
M5_YHUR_SLUR,5,HUR,LUR,2025-02-14,2025-02-14,1,TSE,756.0731201171875,750.1498413085938,751.5451049804688,753.6035766601562,750.09423828125
M5_YHUR_SLUR,5,HUR,LUR,2025-02-14,2025-02-14,1,TSEC,49.92229080200195,49.99695587158203,49.95536804199219,50.07001876831055,50.0047492980957
M5_YHUR_SLUR,5,HUR,LUR,2025-02-14,2025-02-15,2,Yd,669.821533203125,752.6657104492188,738.6932373046875,749.8397827148438,754.81689453125
M5_YHUR_SLUR,5,HUR,LUR,2025-02-14,2025-02-15,2,TSE,770.46240234375,750.1498413085938,748.8922119140625,751.6636352539062,749.9288330078125
M5_YHUR_SLUR,5,HUR,LUR,2025-02-14,2025-02-15,2,TSEC,50.634429931640625,49.99695587158203,49.99456787109375,50.14783477783203,50.00971984863281
M5_YHUR_SLUR,5,HUR,LUR,2025-02-14,2025-02-16,3,Yd,667.0082397460938,752.6657104492188,767.3760375976562,779.6107788085938,757.79541015625
M5_YHUR_SLUR,5,HUR,LUR,2025-02-14,2025-02-16,3,TSE,754.1558227539062,750.1498413085938,749.1433715820312,748.7344360351562,749.6738891601562
M5_YHUR_SLUR,5,HUR,LUR,2025-02-14,2025-02-16,3,TSEC,51.17140197753906,49.99695587158203,49.96505355834961,49.94351577758789,50.02051544189453
M5_YHUR_SLUR,5,HUR,LUR,2025-02-15,2025-02-15,1,Yd,669.821533203125,752.697021484375,742.388671875,759.8444213867188,755.7581787109375
M5_YHUR_SLUR,5,HUR,LUR,2025-02-15,2025-02-15,1,TSE,770.46240234375,750.157470703125,749.629150390625,749.951416015625,749.9566040039062
M5_YHUR_SLUR,5,HUR,LUR,2025-02-15,2025-02-15,1,TSEC,50.634429931640625,49.99686050415039,49.96847152709961,49.99494552612305,50.00576400756836
M5_YHUR_SLUR,5,HUR,LUR,2025-02-15,2025-02-16,2,Yd,667.0082397460938,752.697021484375,766.6796875,761.4279174804688,758.6475830078125
M5_YHUR_SLUR,5,HUR,LUR,2025-02-15,2025-02-16,2,TSE,754.1558227539062,750.157470703125,749.5917358398438,750.0739135742188,749.7025146484375
M5_YHUR_SLUR,5,HUR,LUR,2025-02-15,2025-02-16,2,TSEC,51.17140197753906,49.99686050415039,49.938636779785156,50.14474868774414,50.017173767089844
M5_YHUR_SLUR,5,HUR,LUR,2025-02-15,2025-02-17,3,Yd,654.1937866210938,752.697021484375,749.7462768554688,774.915283203125,761.0316772460938
M5_YHUR_SLUR,5,HUR,LUR,2025-02-15,2025-02-17,3,TSE,758.5728149414062,750.157470703125,749.165283203125,748.43994140625,749.502197265625
M5_YHUR_SLUR,5,HUR,LUR,2025-02-15,2025-02-17,3,TSEC,50.38340759277344,49.99686050415039,49.93178176879883,50.028076171875,50.0378303527832
M5_YHUR_SLUR,5,HUR,LUR,2025-02-16,2025-02-16,1,Yd,667.0082397460938,752.59033203125,763.9273071289062,757.1149291992188,757.9594116210938
M5_YHUR_SLUR,5,HUR,LUR,2025-02-16,2025-02-16,1,TSE,754.1558227539062,750.1835327148438,749.5843505859375,750.440185546875,749.8622436523438
M5_YHUR_SLUR,5,HUR,LUR,2025-02-16,2025-02-16,1,TSEC,51.17140197753906,49.997676849365234,50.036495208740234,49.931846618652344,50.01310729980469
M5_YHUR_SLUR,5,HUR,LUR,2025-02-16,2025-02-17,2,Yd,654.1937866210938,752.59033203125,747.9922485351562,740.444091796875,760.7595825195312
M5_YHUR_SLUR,5,HUR,LUR,2025-02-16,2025-02-17,2,TSE,758.5728149414062,750.1835327148438,750.4329833984375,750.6325073242188,749.6306762695312
M5_YHUR_SLUR,5,HUR,LUR,2025-02-16,2025-02-17,2,TSEC,50.38340759277344,49.997676849365234,49.909210205078125,49.98432159423828,50.02971649169922
M5_YHUR_SLUR,5,HUR,LUR,2025-02-16,2025-02-18,3,Yd,765.2662353515625,752.59033203125,745.7081909179688,743.0625610351562,761.9077758789062
M5_YHUR_SLUR,5,HUR,LUR,2025-02-16,2025-02-18,3,TSE,747.9124145507812,750.1835327148438,750.2216186523438,751.54345703125,749.5839233398438
M5_YHUR_SLUR,5,HUR,LUR,2025-02-16,2025-02-18,3,TSEC,49.196014404296875,49.997676849365234,50.07014083862305,49.96039581298828,50.038848876953125
M5_YHUR_SLUR,5,HUR,LUR,2025-02-17,2025-02-17,1,Yd,654.1937866210938,752.4804077148438,742.4015502929688,748.7304077148438,758.9209594726562
M5_YHUR_SLUR,5,HUR,LUR,2025-02-17,2025-02-17,1,TSE,758.5728149414062,750.1885986328125,750.5869140625,750.8036499023438,749.9591674804688
M5_YHUR_SLUR,5,HUR,LUR,2025-02-17,2025-02-17,1,TSEC,50.38340759277344,49.99918746948242,49.91329574584961,50.0068244934082,50.02869415283203
M5_YHUR_SLUR,5,HUR,LUR,2025-02-17,2025-02-18,2,Yd,765.2662353515625,752.4804077148438,746.2181396484375,740.6611938476562,762.2189331054688
M5_YHUR_SLUR,5,HUR,LUR,2025-02-17,2025-02-18,2,TSE,747.9124145507812,750.1885986328125,750.2721557617188,750.3532104492188,749.864501953125
M5_YHUR_SLUR,5,HUR,LUR,2025-02-17,2025-02-18,2,TSEC,49.196014404296875,49.99918746948242,49.99784851074219,49.93660354614258,50.03599166870117
M5_YHUR_SLUR,5,HUR,LUR,2025-02-17,2025-02-19,3,Yd,890.3177490234375,752.4804077148438,746.0435791015625,732.4907836914062,762.9436645507812
M5_YHUR_SLUR,5,HUR,LUR,2025-02-17,2025-02-19,3,TSE,742.6160888671875,750.1885986328125,748.9049072265625,750.0523681640625,749.9715576171875
M5_YHUR_SLUR,5,HUR,LUR,2025-02-17,2025-02-19,3,TSEC,49.94133758544922,49.99918746948242,50.02083206176758,49.97200012207031,50.03065872192383
M5_YHUR_SLUR,5,HUR,LUR,2025-02-18,2025-02-18,1,Yd,765.2662353515625,752.3541259765625,749.24267578125,731.0613403320312,758.3848876953125
M5_YHUR_SLUR,5,HUR,LUR,2025-02-18,2025-02-18,1,TSE,747.9124145507812,750.199462890625,749.6253662109375,748.2861938476562,750.07958984375
M5_YHUR_SLUR,5,HUR,LUR,2025-02-18,2025-02-18,1,TSEC,49.196014404296875,49.99967956542969,49.96886444091797,50.004302978515625,50.023406982421875
M5_YHUR_SLUR,5,HUR,LUR,2025-02-18,2025-02-19,2,Yd,890.3177490234375,752.3541259765625,746.7144775390625,738.0203857421875,759.642578125
M5_YHUR_SLUR,5,HUR,LUR,2025-02-18,2025-02-19,2,TSE,742.6160888671875,750.199462890625,750.9368286132812,748.0805053710938,750.1174926757812
M5_YHUR_SLUR,5,HUR,LUR,2025-02-18,2025-02-19,2,TSEC,49.94133758544922,49.99967956542969,49.93573760986328,49.994163513183594,50.0207633972168
M5_YHUR_SLUR,5,HUR,LUR,2025-02-18,2025-02-20,3,Yd,702.3060913085938,752.3541259765625,749.0757446289062,737.0924682617188,758.9186401367188
M5_YHUR_SLUR,5,HUR,LUR,2025-02-18,2025-02-20,3,TSE,744.8134155273438,750.199462890625,749.6954956054688,749.5680541992188,750.183349609375
M5_YHUR_SLUR,5,HUR,LUR,2025-02-18,2025-02-20,3,TSEC,49.99867248535156,49.99967956542969,49.96793746948242,49.98784637451172,50.010963439941406
M5_YHUR_SLUR,5,HUR,LUR,2025-02-19,2025-02-19,1,Yd,890.3177490234375,752.3706665039062,750.3895874023438,759.7471923828125,756.1846923828125
M5_YHUR_SLUR,5,HUR,LUR,2025-02-19,2025-02-19,1,TSE,742.6160888671875,750.1964721679688,749.7151489257812,748.5772705078125,750.1847534179688
M5_YHUR_SLUR,5,HUR,LUR,2025-02-19,2025-02-19,1,TSEC,49.94133758544922,49.99864959716797,50.0797233581543,49.937381744384766,50.015220642089844
M5_YHUR_SLUR,5,HUR,LUR,2025-02-19,2025-02-20,2,Yd,702.3060913085938,752.3706665039062,744.5491943359375,757.3155517578125,756.5812377929688
M5_YHUR_SLUR,5,HUR,LUR,2025-02-19,2025-02-20,2,TSE,744.8134155273438,750.1964721679688,749.9459228515625,749.1627197265625,750.2013549804688
M5_YHUR_SLUR,5,HUR,LUR,2025-02-19,2025-02-20,2,TSEC,49.99867248535156,49.99864959716797,49.96196365356445,49.99789047241211,50.010780334472656
M5_YHUR_SLUR,5,HUR,LUR,2025-02-19,2025-02-21,3,Yd,841.6293334960938,752.3706665039062,750.2241821289062,748.0568237304688,756.2047729492188
M5_YHUR_SLUR,5,HUR,LUR,2025-02-19,2025-02-21,3,TSE,748.9510498046875,750.1964721679688,751.7025146484375,749.96630859375,750.20361328125
M5_YHUR_SLUR,5,HUR,LUR,2025-02-19,2025-02-21,3,TSEC,49.8971061706543,49.99864959716797,50.03836441040039,50.03627014160156,50.00212860107422
M5_YHUR_SLUR,5,HUR,LUR,2025-02-20,2025-02-20,1,Yd,702.3060913085938,752.54736328125,750.2561645507812,751.8564453125,755.5523071289062
M5_YHUR_SLUR,5,HUR,LUR,2025-02-20,2025-02-20,1,TSE,744.8134155273438,750.186767578125,749.9614868164062,753.046875,750.2337036132812
M5_YHUR_SLUR,5,HUR,LUR,2025-02-20,2025-02-20,1,TSEC,49.99867248535156,49.99858093261719,49.94075012207031,49.83500289916992,50.00204849243164
M5_YHUR_SLUR,5,HUR,LUR,2025-02-20,2025-02-21,2,Yd,841.6293334960938,752.54736328125,748.7349853515625,751.0252685546875,754.9312133789062
M5_YHUR_SLUR,5,HUR,LUR,2025-02-20,2025-02-21,2,TSE,748.9510498046875,750.186767578125,751.6343994140625,750.497314453125,750.19970703125
M5_YHUR_SLUR,5,HUR,LUR,2025-02-20,2025-02-21,2,TSEC,49.8971061706543,49.99858093261719,50.00358200073242,49.92933654785156,49.999778747558594
M5_YHUR_SLUR,5,HUR,LUR,2025-02-20,2025-02-22,3,Yd,666.56396484375,752.54736328125,748.9814453125,746.9030151367188,755.6952514648438
M5_YHUR_SLUR,5,HUR,LUR,2025-02-20,2025-02-22,3,TSE,748.0175170898438,750.186767578125,749.3148803710938,750.704833984375,750.0294799804688
M5_YHUR_SLUR,5,HUR,LUR,2025-02-20,2025-02-22,3,TSEC,49.11207962036133,49.99858093261719,49.94844055175781,49.972007751464844,50.002933502197266
M5_YHUR_SLUR,5,HUR,LUR,2025-02-21,2025-02-21,1,Yd,841.6293334960938,752.4830322265625,748.1251220703125,748.4998168945312,754.8018188476562
M5_YHUR_SLUR,5,HUR,LUR,2025-02-21,2025-02-21,1,TSE,748.9510498046875,750.1799926757812,751.4630126953125,749.339111328125,750.1212768554688
M5_YHUR_SLUR,5,HUR,LUR,2025-02-21,2025-02-21,1,TSEC,49.8971061706543,49.99858093261719,49.98970413208008,50.01120376586914,50.003849029541016
M5_YHUR_SLUR,5,HUR,LUR,2025-02-21,2025-02-22,2,Yd,666.56396484375,752.4830322265625,748.5833740234375,750.7039184570312,755.936279296875
M5_YHUR_SLUR,5,HUR,LUR,2025-02-21,2025-02-22,2,TSE,748.0175170898438,750.1799926757812,749.3036499023438,749.1209716796875,749.9508056640625
M5_YHUR_SLUR,5,HUR,LUR,2025-02-21,2025-02-22,2,TSEC,49.11207962036133,49.99858093261719,49.942962646484375,50.01948165893555,50.007598876953125
M5_YHUR_SLUR,5,HUR,LUR,2025-02-21,2025-02-23,3,Yd,834.3814086914062,752.4830322265625,748.1087036132812,768.6127319335938,759.4990234375
M5_YHUR_SLUR,5,HUR,LUR,2025-02-21,2025-02-23,3,TSE,761.809814453125,750.1799926757812,749.3623657226562,748.2794799804688,749.7398681640625
M5_YHUR_SLUR,5,HUR,LUR,2025-02-21,2025-02-23,3,TSEC,49.85049819946289,49.99858093261719,49.9791259765625,50.111061096191406,50.01884460449219
M5_YHUR_SLUR,5,HUR,LUR,2025-02-22,2025-02-22,1,Yd,666.56396484375,752.596923828125,738.5693359375,746.9067993164062,756.2760620117188
M5_YHUR_SLUR,5,HUR,LUR,2025-02-22,2025-02-22,1,TSE,748.0175170898438,750.1783447265625,749.1873168945312,750.9102783203125,749.9977416992188
M5_YHUR_SLUR,5,HUR,LUR,2025-02-22,2025-02-22,1,TSEC,49.11207962036133,49.99844741821289,49.988155364990234,50.186214447021484,50.007286071777344
M5_YHUR_SLUR,5,HUR,LUR,2025-02-22,2025-02-23,2,Yd,834.3814086914062,752.596923828125,768.1406860351562,791.2589111328125,759.8320922851562
M5_YHUR_SLUR,5,HUR,LUR,2025-02-22,2025-02-23,2,TSE,761.809814453125,750.1783447265625,749.2992553710938,746.24609375,749.7984008789062
M5_YHUR_SLUR,5,HUR,LUR,2025-02-22,2025-02-23,2,TSEC,49.85049819946289,49.99844741821289,50.00544738769531,49.97355270385742,50.018341064453125
M5_YHUR_SLUR,5,HUR,LUR,2025-02-22,2025-02-24,3,Yd,847.3956909179688,752.596923828125,745.6914672851562,785.3333740234375,762.662353515625
M5_YHUR_SLUR,5,HUR,LUR,2025-02-22,2025-02-24,3,TSE,748.7347412109375,750.1783447265625,750.7200317382812,746.3158569335938,749.6272583007812
M5_YHUR_SLUR,5,HUR,LUR,2025-02-22,2025-02-24,3,TSEC,50.14990997314453,49.99844741821289,49.98596954345703,49.92449188232422,50.0399284362793
M5_YHUR_SLUR,5,HUR,LUR,2025-02-23,2025-02-23,1,Yd,834.3814086914062,752.4872436523438,748.6824340820312,751.7706909179688,757.8270874023438
M5_YHUR_SLUR,5,HUR,LUR,2025-02-23,2025-02-23,1,TSE,761.809814453125,750.1755981445312,749.87109375,749.97802734375,749.8811645507812
M5_YHUR_SLUR,5,HUR,LUR,2025-02-23,2025-02-23,1,TSEC,49.85049819946289,49.997318267822266,50.04978561401367,50.01835632324219,50.02082824707031
M5_YHUR_SLUR,5,HUR,LUR,2025-02-23,2025-02-24,2,Yd,847.3956909179688,752.4872436523438,747.972412109375,767.9479370117188,761.0550537109375
M5_YHUR_SLUR,5,HUR,LUR,2025-02-23,2025-02-24,2,TSE,748.7347412109375,750.1755981445312,749.6122436523438,750.1195068359375,749.7005004882812
M5_YHUR_SLUR,5,HUR,LUR,2025-02-23,2025-02-24,2,TSEC,50.14990997314453,49.997318267822266,49.94438171386719,50.10696029663086,50.04253005981445
M5_YHUR_SLUR,5,HUR,LUR,2025-02-23,2025-02-25,3,Yd,737.9253540039062,752.4872436523438,748.6610107421875,773.9806518554688,762.6754150390625
M5_YHUR_SLUR,5,HUR,LUR,2025-02-23,2025-02-25,3,TSE,750.9413452148438,750.1755981445312,749.30517578125,748.8658447265625,749.700439453125
M5_YHUR_SLUR,5,HUR,LUR,2025-02-23,2025-02-25,3,TSEC,49.769500732421875,49.997318267822266,50.039512634277344,50.074100494384766,50.059024810791016
M5_YHUR_SLUR,5,HUR,LUR,2025-02-24,2025-02-24,1,Yd,847.3956909179688,752.591552734375,752.1395263671875,745.637451171875,758.2813720703125
M5_YHUR_SLUR,5,HUR,LUR,2025-02-24,2025-02-24,1,TSE,748.7347412109375,750.1904296875,750.9443359375,749.2767944335938,749.9462280273438
M5_YHUR_SLUR,5,HUR,LUR,2025-02-24,2025-02-24,1,TSEC,50.14990997314453,49.997135162353516,49.909950256347656,49.9778938293457,50.024906158447266
M5_YHUR_SLUR,5,HUR,LUR,2025-02-24,2025-02-25,2,Yd,737.9253540039062,752.591552734375,747.740478515625,730.9942626953125,760.0789794921875
M5_YHUR_SLUR,5,HUR,LUR,2025-02-24,2025-02-25,2,TSE,750.9413452148438,750.1904296875,750.0661010742188,748.9507446289062,749.904052734375
M5_YHUR_SLUR,5,HUR,LUR,2025-02-24,2025-02-25,2,TSEC,49.769500732421875,49.997135162353516,50.013877868652344,50.02249526977539,50.038883209228516
M5_YHUR_SLUR,5,HUR,LUR,2025-02-24,2025-02-26,3,Yd,703.0296020507812,752.591552734375,750.2562255859375,725.53271484375,759.7192993164062
M5_YHUR_SLUR,5,HUR,LUR,2025-02-24,2025-02-26,3,TSE,739.9497680664062,750.1904296875,748.6807250976562,749.6976928710938,749.982177734375
M5_YHUR_SLUR,5,HUR,LUR,2025-02-24,2025-02-26,3,TSEC,48.64970397949219,49.997135162353516,49.99415588378906,50.03373718261719,50.036163330078125
M5_YHUR_SLUR,5,HUR,LUR,2025-02-25,2025-02-25,1,Yd,737.9253540039062,752.712158203125,747.7625732421875,751.6597290039062,757.802978515625
M5_YHUR_SLUR,5,HUR,LUR,2025-02-25,2025-02-25,1,TSE,750.9413452148438,750.1885986328125,750.2596435546875,748.2587280273438,750.1347045898438
M5_YHUR_SLUR,5,HUR,LUR,2025-02-25,2025-02-25,1,TSEC,49.769500732421875,49.9973258972168,49.94954299926758,49.89353942871094,50.02445983886719
M5_YHUR_SLUR,5,HUR,LUR,2025-02-25,2025-02-26,2,Yd,703.0296020507812,752.712158203125,749.71484375,743.5379638671875,758.2640380859375
M5_YHUR_SLUR,5,HUR,LUR,2025-02-25,2025-02-26,2,TSE,739.9497680664062,750.1885986328125,749.2774047851562,748.707275390625,750.2055053710938
M5_YHUR_SLUR,5,HUR,LUR,2025-02-25,2025-02-26,2,TSEC,48.64970397949219,49.9973258972168,49.96419143676758,49.951969146728516,50.026363372802734
M5_YHUR_SLUR,5,HUR,LUR,2025-02-25,2025-02-27,3,Yd,588.633056640625,752.712158203125,747.7532348632812,739.7923583984375,756.7998046875
M5_YHUR_SLUR,5,HUR,LUR,2025-02-25,2025-02-27,3,TSE,766.8253173828125,750.1885986328125,749.9721069335938,748.1443481445312,750.3135986328125
M5_YHUR_SLUR,5,HUR,LUR,2025-02-25,2025-02-27,3,TSEC,50.01961898803711,49.9973258972168,49.93490219116211,49.928714752197266,50.013160705566406
M5_YHUR_SLUR,5,HUR,LUR,2025-02-26,2025-02-26,1,Yd,703.0296020507812,752.693359375,742.8512573242188,738.2505493164062,755.9581909179688
M5_YHUR_SLUR,5,HUR,LUR,2025-02-26,2025-02-26,1,TSE,739.9497680664062,750.1895751953125,748.748779296875,748.8279418945312,750.210205078125
M5_YHUR_SLUR,5,HUR,LUR,2025-02-26,2025-02-26,1,TSEC,48.64970397949219,49.99704360961914,49.891571044921875,49.95223617553711,50.01408386230469
M5_YHUR_SLUR,5,HUR,LUR,2025-02-26,2025-02-27,2,Yd,588.633056640625,752.693359375,753.9367065429688,753.1707153320312,755.4703979492188
M5_YHUR_SLUR,5,HUR,LUR,2025-02-26,2025-02-27,2,TSE,766.8253173828125,750.1895751953125,750.0115356445312,749.4700927734375,750.2583618164062
M5_YHUR_SLUR,5,HUR,LUR,2025-02-26,2025-02-27,2,TSEC,50.01961898803711,49.99704360961914,49.95805358886719,49.959590911865234,50.00648880004883
M5_YHUR_SLUR,5,HUR,LUR,2025-02-26,2025-02-28,3,Yd,734.8245239257812,752.693359375,746.1079711914062,753.8963623046875,754.4427490234375
M5_YHUR_SLUR,5,HUR,LUR,2025-02-26,2025-02-28,3,TSE,740.8922729492188,750.1895751953125,751.4498291015625,748.3544921875,750.2489624023438
M5_YHUR_SLUR,5,HUR,LUR,2025-02-26,2025-02-28,3,TSEC,49.43703079223633,49.99704360961914,49.95121383666992,49.94740295410156,49.99535369873047
M5_YHUR_SLUR,5,HUR,LUR,2025-02-27,2025-02-27,1,Yd,588.633056640625,752.63037109375,748.636962890625,747.1327514648438,754.3798828125
M5_YHUR_SLUR,5,HUR,LUR,2025-02-27,2025-02-27,1,TSE,766.8253173828125,750.1765747070312,749.3641967773438,749.0849609375,750.153076171875
M5_YHUR_SLUR,5,HUR,LUR,2025-02-27,2025-02-27,1,TSEC,50.01961898803711,49.995330810546875,49.997589111328125,49.949493408203125,49.99899673461914
M5_YHUR_SLUR,5,HUR,LUR,2025-02-27,2025-02-28,2,Yd,734.8245239257812,752.63037109375,750.0945434570312,742.7301025390625,753.0772094726562
M5_YHUR_SLUR,5,HUR,LUR,2025-02-27,2025-02-28,2,TSE,740.8922729492188,750.1765747070312,749.699951171875,750.5899047851562,750.0698852539062
M5_YHUR_SLUR,5,HUR,LUR,2025-02-27,2025-02-28,2,TSEC,49.43703079223633,49.995330810546875,49.908145904541016,49.94902801513672,49.9957389831543
M5_YHUR_SLUR,5,HUR,LUR,2025-02-27,2025-03-01,3,Yd,807.5467529296875,752.63037109375,748.7968139648438,755.013916015625,753.2240600585938
M5_YHUR_SLUR,5,HUR,LUR,2025-02-27,2025-03-01,3,TSE,749.0360717773438,750.1765747070312,749.97314453125,748.94970703125,749.87451171875
M5_YHUR_SLUR,5,HUR,LUR,2025-02-27,2025-03-01,3,TSEC,50.03031921386719,49.995330810546875,49.97398376464844,49.954307556152344,50.00394058227539
M5_YHUR_SLUR,5,HUR,LUR,2025-02-28,2025-02-28,1,Yd,734.8245239257812,752.4225463867188,744.9696044921875,766.3385009765625,753.5757446289062
M5_YHUR_SLUR,5,HUR,LUR,2025-02-28,2025-02-28,1,TSE,740.8922729492188,750.1976928710938,751.69873046875,750.7075805664062,750.0036010742188
M5_YHUR_SLUR,5,HUR,LUR,2025-02-28,2025-02-28,1,TSEC,49.43703079223633,49.995357513427734,49.86811065673828,50.05270767211914,49.99530029296875
M5_YHUR_SLUR,5,HUR,LUR,2025-02-28,2025-03-01,2,Yd,807.5467529296875,752.4225463867188,756.251953125,757.7233276367188,753.7446899414062
M5_YHUR_SLUR,5,HUR,LUR,2025-02-28,2025-03-01,2,TSE,749.0360717773438,750.1976928710938,749.2557373046875,749.99951171875,749.7391357421875
M5_YHUR_SLUR,5,HUR,LUR,2025-02-28,2025-03-01,2,TSEC,50.03031921386719,49.995357513427734,49.936912536621094,50.032936096191406,49.99674987792969
M5_YHUR_SLUR,5,HUR,LUR,2025-02-28,2025-03-02,3,Yd,815.810546875,752.4225463867188,746.9276123046875,757.0958251953125,756.4976806640625
M5_YHUR_SLUR,5,HUR,LUR,2025-02-28,2025-03-02,3,TSE,753.7267456054688,750.1976928710938,749.392578125,749.15478515625,749.45361328125
M5_YHUR_SLUR,5,HUR,LUR,2025-02-28,2025-03-02,3,TSEC,49.792640686035156,49.995357513427734,49.878963470458984,50.00554275512695,50.00909423828125
M5_YHUR_SLUR,5,HUR,LUR,2025-03-01,2025-03-01,1,Yd,807.5467529296875,752.4002075195312,748.072998046875,757.9317016601562,755.014404296875
M5_YHUR_SLUR,5,HUR,LUR,2025-03-01,2025-03-01,1,TSE,749.0360717773438,750.1859130859375,749.20068359375,749.2785034179688,749.888916015625
M5_YHUR_SLUR,5,HUR,LUR,2025-03-01,2025-03-01,1,TSEC,50.03031921386719,49.994651794433594,50.0026741027832,50.01921844482422,50.006187438964844
M5_YHUR_SLUR,5,HUR,LUR,2025-03-01,2025-03-02,2,Yd,815.810546875,752.4002075195312,745.65869140625,755.74951171875,757.3458251953125
M5_YHUR_SLUR,5,HUR,LUR,2025-03-01,2025-03-02,2,TSE,753.7267456054688,750.1859130859375,749.3515014648438,748.5267944335938,749.5889892578125
M5_YHUR_SLUR,5,HUR,LUR,2025-03-01,2025-03-02,2,TSEC,49.792640686035156,49.994651794433594,49.940120697021484,50.050270080566406,50.0191764831543
M5_YHUR_SLUR,5,HUR,LUR,2025-03-01,2025-03-03,3,Yd,865.48876953125,752.4002075195312,747.4255981445312,765.1068115234375,760.3096923828125
M5_YHUR_SLUR,5,HUR,LUR,2025-03-01,2025-03-03,3,TSE,746.55322265625,750.1859130859375,750.6698608398438,747.8482666015625,749.4280395507812
M5_YHUR_SLUR,5,HUR,LUR,2025-03-01,2025-03-03,3,TSEC,49.18856430053711,49.994651794433594,50.06098556518555,50.0491943359375,50.040687561035156
M5_YHUR_SLUR,5,HUR,LUR,2025-03-02,2025-03-02,1,Yd,815.810546875,752.469970703125,748.1195678710938,745.350341796875,757.516845703125
M5_YHUR_SLUR,5,HUR,LUR,2025-03-02,2025-03-02,1,TSE,753.7267456054688,750.1844482421875,749.400390625,751.2450561523438,749.8744506835938
M5_YHUR_SLUR,5,HUR,LUR,2025-03-02,2025-03-02,1,TSEC,49.792640686035156,49.99469757080078,49.90476989746094,49.99869155883789,50.0161018371582
M5_YHUR_SLUR,5,HUR,LUR,2025-03-02,2025-03-03,2,Yd,865.48876953125,752.469970703125,749.3911743164062,774.220947265625,760.7152709960938
M5_YHUR_SLUR,5,HUR,LUR,2025-03-02,2025-03-03,2,TSE,746.55322265625,750.1844482421875,750.9112548828125,751.18017578125,749.6942138671875
M5_YHUR_SLUR,5,HUR,LUR,2025-03-02,2025-03-03,2,TSEC,49.18856430053711,49.99469757080078,50.023597717285156,50.003047943115234,50.03554153442383
M5_YHUR_SLUR,5,HUR,LUR,2025-03-02,2025-03-04,3,Yd,779.8579711914062,752.469970703125,748.2301635742188,764.5011596679688,762.1697387695312
M5_YHUR_SLUR,5,HUR,LUR,2025-03-02,2025-03-04,3,TSE,750.5568237304688,750.1844482421875,750.1627807617188,750.4713134765625,749.685546875
M5_YHUR_SLUR,5,HUR,LUR,2025-03-02,2025-03-04,3,TSEC,49.91986083984375,49.99469757080078,49.87285614013672,50.05043029785156,50.0501823425293
M5_YHUR_SLUR,5,HUR,LUR,2025-03-03,2025-03-03,1,Yd,865.48876953125,752.5498657226562,749.1043701171875,753.1937255859375,758.607421875
M5_YHUR_SLUR,5,HUR,LUR,2025-03-03,2025-03-03,1,TSE,746.55322265625,750.1889038085938,750.6173095703125,748.1148681640625,749.9719848632812
M5_YHUR_SLUR,5,HUR,LUR,2025-03-03,2025-03-03,1,TSEC,49.18856430053711,49.994441986083984,50.069488525390625,49.86371994018555,50.02415084838867
M5_YHUR_SLUR,5,HUR,LUR,2025-03-03,2025-03-04,2,Yd,779.8579711914062,752.5498657226562,749.3425903320312,738.8106689453125,760.731689453125
M5_YHUR_SLUR,5,HUR,LUR,2025-03-03,2025-03-04,2,TSE,750.5568237304688,750.1889038085938,749.8509521484375,749.7588500976562,749.93701171875
M5_YHUR_SLUR,5,HUR,LUR,2025-03-03,2025-03-04,2,TSEC,49.91986083984375,49.994441986083984,49.93727111816406,49.987953186035156,50.039066314697266
M5_YHUR_SLUR,5,HUR,LUR,2025-03-03,2025-03-05,3,Yd,776.8741455078125,752.5498657226562,749.0894165039062,733.587890625,760.3994750976562
M5_YHUR_SLUR,5,HUR,LUR,2025-03-03,2025-03-05,3,TSE,746.540283203125,750.1889038085938,749.1509399414062,748.7892456054688,750.0238647460938
M5_YHUR_SLUR,5,HUR,LUR,2025-03-03,2025-03-05,3,TSEC,49.70974349975586,49.994441986083984,49.80857467651367,49.9745979309082,50.0369758605957
M5_YHUR_SLUR,5,HUR,LUR,2025-03-04,2025-03-04,1,Yd,779.8579711914062,752.6923217773438,750.1575317382812,762.3832397460938,757.4234008789062
M5_YHUR_SLUR,5,HUR,LUR,2025-03-04,2025-03-04,1,TSE,750.5568237304688,750.184326171875,749.5504760742188,750.287109375,750.145263671875
M5_YHUR_SLUR,5,HUR,LUR,2025-03-04,2025-03-04,1,TSEC,49.91986083984375,49.99342727661133,49.916847229003906,49.979366302490234,50.02227783203125
M5_YHUR_SLUR,5,HUR,LUR,2025-03-04,2025-03-05,2,Yd,776.8741455078125,752.6923217773438,750.82373046875,766.0028076171875,757.7315673828125
M5_YHUR_SLUR,5,HUR,LUR,2025-03-04,2025-03-05,2,TSE,746.540283203125,750.184326171875,750.710693359375,749.2932739257812,750.2122192382812
M5_YHUR_SLUR,5,HUR,LUR,2025-03-04,2025-03-05,2,TSEC,49.70974349975586,49.99342727661133,49.956886291503906,50.00920867919922,50.024295806884766
M5_YHUR_SLUR,5,HUR,LUR,2025-03-04,2025-03-06,3,Yd,755.20068359375,752.6923217773438,750.42138671875,750.64306640625,755.8241577148438
M5_YHUR_SLUR,5,HUR,LUR,2025-03-04,2025-03-06,3,TSE,756.0167846679688,750.184326171875,749.5076904296875,750.0536499023438,750.2782592773438
M5_YHUR_SLUR,5,HUR,LUR,2025-03-04,2025-03-06,3,TSEC,49.68944549560547,49.99342727661133,49.898616790771484,49.9522819519043,50.01349639892578
M5_YHUR_SLUR,5,HUR,LUR,2025-03-05,2025-03-05,1,Yd,776.8741455078125,752.7265625,750.4375,747.9313354492188,755.7166137695312
M5_YHUR_SLUR,5,HUR,LUR,2025-03-05,2025-03-05,1,TSE,746.540283203125,750.184814453125,748.3861083984375,748.953369140625,750.227294921875
M5_YHUR_SLUR,5,HUR,LUR,2025-03-05,2025-03-05,1,TSEC,49.70974349975586,49.99332809448242,49.84718704223633,49.939640045166016,50.0119743347168
M5_YHUR_SLUR,5,HUR,LUR,2025-03-05,2025-03-06,2,Yd,755.20068359375,752.7265625,752.528076171875,763.490966796875,754.6910400390625
M5_YHUR_SLUR,5,HUR,LUR,2025-03-05,2025-03-06,2,TSE,756.0167846679688,750.184814453125,750.4929809570312,750.361083984375,750.2574462890625
M5_YHUR_SLUR,5,HUR,LUR,2025-03-05,2025-03-06,2,TSEC,49.68944549560547,49.99332809448242,49.929725646972656,49.935367584228516,50.003639221191406
M5_YHUR_SLUR,5,HUR,LUR,2025-03-05,2025-03-07,3,Yd,748.0596313476562,752.7265625,749.5337524414062,749.5608520507812,753.3048706054688
M5_YHUR_SLUR,5,HUR,LUR,2025-03-05,2025-03-07,3,TSE,763.2649536132812,750.184814453125,751.1400146484375,748.4268798828125,750.23486328125
M5_YHUR_SLUR,5,HUR,LUR,2025-03-05,2025-03-07,3,TSEC,49.81509780883789,49.99332809448242,49.9034423828125,50.06084060668945,49.99310302734375
M5_YHUR_SLUR,5,HUR,LUR,2025-03-06,2025-03-06,1,Yd,755.20068359375,752.7568969726562,751.5277709960938,753.4985961914062,754.6341552734375
M5_YHUR_SLUR,5,HUR,LUR,2025-03-06,2025-03-06,1,TSE,756.0167846679688,750.18017578125,749.368408203125,750.4798583984375,750.1874389648438
M5_YHUR_SLUR,5,HUR,LUR,2025-03-06,2025-03-06,1,TSEC,49.68944549560547,49.99297332763672,49.89854431152344,50.052677154541016,49.99789047241211
M5_YHUR_SLUR,5,HUR,LUR,2025-03-06,2025-03-07,2,Yd,748.0596313476562,752.7568969726562,749.6376342773438,751.339111328125,753.4356079101562
M5_YHUR_SLUR,5,HUR,LUR,2025-03-06,2025-03-07,2,TSE,763.2649536132812,750.18017578125,749.7758178710938,753.8330688476562,750.1207275390625
M5_YHUR_SLUR,5,HUR,LUR,2025-03-06,2025-03-07,2,TSEC,49.81509780883789,49.99297332763672,49.9018669128418,50.00885772705078,49.99502182006836
M5_YHUR_SLUR,5,HUR,LUR,2025-03-06,2025-03-08,3,Yd,706.9391479492188,752.7568969726562,751.6052856445312,759.9673461914062,753.8320922851562
M5_YHUR_SLUR,5,HUR,LUR,2025-03-06,2025-03-08,3,TSE,750.630126953125,750.18017578125,749.857421875,749.1438598632812,749.9387817382812
M5_YHUR_SLUR,5,HUR,LUR,2025-03-06,2025-03-08,3,TSEC,50.416053771972656,49.99297332763672,49.90272903442383,50.05704116821289,49.995582580566406
M5_YHUR_SLUR,5,HUR,LUR,2025-03-07,2025-03-07,1,Yd,748.0596313476562,752.7599487304688,758.1292724609375,762.1480102539062,753.8187255859375
M5_YHUR_SLUR,5,HUR,LUR,2025-03-07,2025-03-07,1,TSE,763.2649536132812,750.1875,751.13916015625,750.1732788085938,750.080078125
M5_YHUR_SLUR,5,HUR,LUR,2025-03-07,2025-03-07,1,TSEC,49.81509780883789,49.99259567260742,49.91060256958008,50.03038024902344,49.995872497558594
M5_YHUR_SLUR,5,HUR,LUR,2025-03-07,2025-03-08,2,Yd,706.9391479492188,752.7599487304688,738.49267578125,743.7945556640625,754.276611328125
M5_YHUR_SLUR,5,HUR,LUR,2025-03-07,2025-03-08,2,TSE,750.630126953125,750.1875,749.438720703125,749.2511596679688,749.8635864257812
M5_YHUR_SLUR,5,HUR,LUR,2025-03-07,2025-03-08,2,TSEC,50.416053771972656,49.99259567260742,49.9085578918457,49.98568344116211,49.994544982910156
M5_YHUR_SLUR,5,HUR,LUR,2025-03-07,2025-03-09,3,Yd,767.4974365234375,752.7599487304688,767.8753051757812,752.0596923828125,757.424072265625
M5_YHUR_SLUR,5,HUR,LUR,2025-03-07,2025-03-09,3,TSE,754.6448364257812,750.1875,749.6954956054688,748.790283203125,749.6507568359375
M5_YHUR_SLUR,5,HUR,LUR,2025-03-07,2025-03-09,3,TSEC,49.67872619628906,49.99259567260742,49.893760681152344,49.99756622314453,50.00333786010742
M5_YHUR_SLUR,5,HUR,LUR,2025-03-08,2025-03-08,1,Yd,706.9391479492188,752.7540893554688,750.1597900390625,762.0348510742188,755.364501953125
M5_YHUR_SLUR,5,HUR,LUR,2025-03-08,2025-03-08,1,TSE,750.630126953125,750.2039794921875,749.302490234375,750.2958374023438,749.9210815429688
M5_YHUR_SLUR,5,HUR,LUR,2025-03-08,2025-03-08,1,TSEC,50.416053771972656,49.992374420166016,49.93088150024414,49.964962005615234,49.997520446777344
M5_YHUR_SLUR,5,HUR,LUR,2025-03-08,2025-03-09,2,Yd,767.4974365234375,752.7540893554688,750.6685791015625,749.0991821289062,757.9652709960938
M5_YHUR_SLUR,5,HUR,LUR,2025-03-08,2025-03-09,2,TSE,754.6448364257812,750.2039794921875,749.3311767578125,750.5308837890625,749.6491088867188
M5_YHUR_SLUR,5,HUR,LUR,2025-03-08,2025-03-09,2,TSEC,49.67872619628906,49.992374420166016,49.940311431884766,50.00040054321289,50.004127502441406
M5_YHUR_SLUR,5,HUR,LUR,2025-03-08,2025-03-10,3,Yd,801.364013671875,752.7540893554688,750.1079711914062,747.8873291015625,759.7525634765625
M5_YHUR_SLUR,5,HUR,LUR,2025-03-08,2025-03-10,3,TSE,757.0828247070312,750.2039794921875,750.7001953125,750.8369750976562,749.5068969726562
M5_YHUR_SLUR,5,HUR,LUR,2025-03-08,2025-03-10,3,TSEC,49.7774772644043,49.992374420166016,50.03956604003906,49.99524688720703,50.01954650878906
M5_YHUR_SLUR,5,HUR,LUR,2025-03-09,2025-03-09,1,Yd,767.4974365234375,752.6966552734375,751.1691284179688,742.6763305664062,758.332763671875
M5_YHUR_SLUR,5,HUR,LUR,2025-03-09,2025-03-09,1,TSE,754.6448364257812,750.2044677734375,749.7861938476562,750.8272094726562,749.8932495117188
M5_YHUR_SLUR,5,HUR,LUR,2025-03-09,2025-03-09,1,TSEC,49.67872619628906,49.99290084838867,49.95431900024414,49.95263671875,50.01365661621094
M5_YHUR_SLUR,5,HUR,LUR,2025-03-09,2025-03-10,2,Yd,801.364013671875,752.6966552734375,750.4248657226562,739.2962646484375,761.3301391601562
M5_YHUR_SLUR,5,HUR,LUR,2025-03-09,2025-03-10,2,TSE,757.0828247070312,750.2044677734375,750.7456665039062,751.4119262695312,749.7342529296875
M5_YHUR_SLUR,5,HUR,LUR,2025-03-09,2025-03-10,2,TSEC,49.7774772644043,49.99290084838867,50.05406951904297,49.94382858276367,50.02947998046875
M5_YHUR_SLUR,5,HUR,LUR,2025-03-09,2025-03-11,3,Yd,590.7197265625,752.6966552734375,751.1744384765625,732.732177734375,762.9180908203125
M5_YHUR_SLUR,5,HUR,LUR,2025-03-09,2025-03-11,3,TSE,745.2346801757812,750.2044677734375,750.2521362304688,751.4368896484375,749.7429809570312
M5_YHUR_SLUR,5,HUR,LUR,2025-03-09,2025-03-11,3,TSEC,49.55092239379883,49.99290084838867,49.95502853393555,49.93224334716797,50.04058837890625
M5_YHUR_SLUR,5,HUR,LUR,2025-03-10,2025-03-10,1,Yd,801.364013671875,752.7152099609375,748.6407470703125,745.7725219726562,758.81005859375
M5_YHUR_SLUR,5,HUR,LUR,2025-03-10,2025-03-10,1,TSE,757.0828247070312,750.2100830078125,750.8512573242188,748.7150268554688,749.9951782226562
M5_YHUR_SLUR,5,HUR,LUR,2025-03-10,2025-03-10,1,TSEC,49.7774772644043,49.99251174926758,50.04559326171875,49.90850830078125,50.02168273925781
M5_YHUR_SLUR,5,HUR,LUR,2025-03-10,2025-03-11,2,Yd,590.7197265625,752.7152099609375,750.64990234375,747.4154663085938,761.1734008789062
M5_YHUR_SLUR,5,HUR,LUR,2025-03-10,2025-03-11,2,TSE,745.2346801757812,750.2100830078125,749.9780883789062,748.4623413085938,749.9724731445312
M5_YHUR_SLUR,5,HUR,LUR,2025-03-10,2025-03-11,2,TSEC,49.55092239379883,49.99251174926758,49.947540283203125,49.9455680847168,50.0335807800293
M5_YHUR_SLUR,5,HUR,LUR,2025-03-10,2025-03-12,3,Yd,619.6256103515625,752.7152099609375,748.8633422851562,735.8807983398438,761.470703125
M5_YHUR_SLUR,5,HUR,LUR,2025-03-10,2025-03-12,3,TSE,760.9066162109375,750.2100830078125,749.6878051757812,749.7529907226562,750.0164794921875
M5_YHUR_SLUR,5,HUR,LUR,2025-03-10,2025-03-12,3,TSEC,49.72468566894531,49.99251174926758,49.81821060180664,49.95936584472656,50.03368377685547
M5_YHUR_SLUR,5,HUR,LUR,2025-03-11,2025-03-11,1,Yd,590.7197265625,752.7760009765625,750.9926147460938,745.4625854492188,757.7988891601562
M5_YHUR_SLUR,5,HUR,LUR,2025-03-11,2025-03-11,1,TSE,745.2346801757812,750.2185668945312,750.0270385742188,749.1072998046875,750.1282348632812
M5_YHUR_SLUR,5,HUR,LUR,2025-03-11,2025-03-11,1,TSEC,49.55092239379883,49.99223709106445,49.83919906616211,49.881473541259766,50.019935607910156
M5_YHUR_SLUR,5,HUR,LUR,2025-03-11,2025-03-12,2,Yd,619.6256103515625,752.7760009765625,750.353515625,744.0482788085938,758.4562377929688
M5_YHUR_SLUR,5,HUR,LUR,2025-03-11,2025-03-12,2,TSE,760.9066162109375,750.2185668945312,749.5245971679688,748.5628662109375,750.1793823242188
M5_YHUR_SLUR,5,HUR,LUR,2025-03-11,2025-03-12,2,TSEC,49.72468566894531,49.99223709106445,49.93939971923828,49.9365119934082,50.02048110961914
M5_YHUR_SLUR,5,HUR,LUR,2025-03-11,2025-03-13,3,Yd,733.5537719726562,752.7760009765625,750.55126953125,748.6976928710938,757.09765625
M5_YHUR_SLUR,5,HUR,LUR,2025-03-11,2025-03-13,3,TSE,756.4178466796875,750.2185668945312,750.0997924804688,748.171630859375,750.2313232421875
M5_YHUR_SLUR,5,HUR,LUR,2025-03-11,2025-03-13,3,TSEC,49.732933044433594,49.99223709106445,49.79558563232422,49.96318435668945,50.00806427001953
M5_YHUR_SLUR,5,HUR,LUR,2025-03-12,2025-03-12,1,Yd,619.6256103515625,752.5736694335938,749.7149047851562,737.7283935546875,756.3311767578125
M5_YHUR_SLUR,5,HUR,LUR,2025-03-12,2025-03-12,1,TSE,760.9066162109375,750.21240234375,748.2232666015625,748.9124145507812,750.1807250976562
M5_YHUR_SLUR,5,HUR,LUR,2025-03-12,2025-03-12,1,TSEC,49.72468566894531,49.99169158935547,49.94728469848633,49.97422790527344,50.01542663574219
M5_YHUR_SLUR,5,HUR,LUR,2025-03-12,2025-03-13,2,Yd,733.5537719726562,752.5736694335938,750.971435546875,737.9861450195312,756.1871337890625
M5_YHUR_SLUR,5,HUR,LUR,2025-03-12,2025-03-13,2,TSE,756.4178466796875,750.21240234375,750.7413330078125,751.64697265625,750.1450805664062
M5_YHUR_SLUR,5,HUR,LUR,2025-03-12,2025-03-13,2,TSEC,49.732933044433594,49.99169158935547,49.89655685424805,49.988624572753906,50.01253890991211
M5_YHUR_SLUR,5,HUR,LUR,2025-03-12,2025-03-14,3,Yd,697.6387329101562,752.5736694335938,749.2280883789062,728.3251953125,755.8304443359375
M5_YHUR_SLUR,5,HUR,LUR,2025-03-12,2025-03-14,3,TSE,753.357666015625,750.21240234375,751.492919921875,750.8975219726562,750.0924072265625
M5_YHUR_SLUR,5,HUR,LUR,2025-03-12,2025-03-14,3,TSEC,49.654808044433594,49.99169158935547,49.91972351074219,50.069454193115234,50.007633209228516
M5_YHUR_SLUR,5,HUR,LUR,2025-03-13,2025-03-13,1,Yd,733.5537719726562,752.4078979492188,748.91455078125,748.6604614257812,754.7513427734375
M5_YHUR_SLUR,5,HUR,LUR,2025-03-13,2025-03-13,1,TSE,756.4178466796875,750.2257080078125,749.9227905273438,749.8314819335938,750.059814453125
M5_YHUR_SLUR,5,HUR,LUR,2025-03-13,2025-03-13,1,TSEC,49.732933044433594,49.99135971069336,49.88786315917969,50.00288009643555,49.99993133544922
M5_YHUR_SLUR,5,HUR,LUR,2025-03-13,2025-03-14,2,Yd,697.6387329101562,752.4078979492188,747.8402099609375,739.8370361328125,754.2453002929688
M5_YHUR_SLUR,5,HUR,LUR,2025-03-13,2025-03-14,2,TSE,753.357666015625,750.2257080078125,751.8929443359375,750.595458984375,749.9518432617188
M5_YHUR_SLUR,5,HUR,LUR,2025-03-13,2025-03-14,2,TSEC,49.654808044433594,49.99135971069336,49.924652099609375,49.97944259643555,49.99899673461914
M5_YHUR_SLUR,5,HUR,LUR,2025-03-13,2025-03-15,3,Yd,756.1611938476562,752.4078979492188,748.8116455078125,752.6852416992188,754.82470703125
M5_YHUR_SLUR,5,HUR,LUR,2025-03-13,2025-03-15,3,TSE,736.76953125,750.2257080078125,749.3610229492188,749.4067993164062,749.7343139648438
M5_YHUR_SLUR,5,HUR,LUR,2025-03-13,2025-03-15,3,TSEC,49.41471481323242,49.99135971069336,49.89124298095703,49.958099365234375,50.00067138671875
M5_YHUR_SLUR,5,HUR,LUR,2025-03-14,2025-03-14,1,Yd,697.6387329101562,752.384521484375,747.9751586914062,756.078125,754.3400268554688
M5_YHUR_SLUR,5,HUR,LUR,2025-03-14,2025-03-14,1,TSE,753.357666015625,750.2333984375,750.2890625,750.8477783203125,750.0087280273438
M5_YHUR_SLUR,5,HUR,LUR,2025-03-14,2025-03-14,1,TSEC,49.654808044433594,49.99102783203125,49.924285888671875,49.97194290161133,49.99977111816406
M5_YHUR_SLUR,5,HUR,LUR,2025-03-14,2025-03-15,2,Yd,756.1611938476562,752.384521484375,747.5892333984375,742.9620971679688,755.2218017578125
M5_YHUR_SLUR,5,HUR,LUR,2025-03-14,2025-03-15,2,TSE,736.76953125,750.2333984375,749.9863891601562,751.3843994140625,749.7665405273438
M5_YHUR_SLUR,5,HUR,LUR,2025-03-14,2025-03-15,2,TSEC,49.41471481323242,49.99102783203125,49.902286529541016,50.00391387939453,50.000213623046875
M5_YHUR_SLUR,5,HUR,LUR,2025-03-14,2025-03-16,3,Yd,841.0425415039062,752.384521484375,748.2526245117188,751.055908203125,758.1895141601562
M5_YHUR_SLUR,5,HUR,LUR,2025-03-14,2025-03-16,3,TSE,736.7078857421875,750.2333984375,750.357421875,749.59326171875,749.5164794921875
M5_YHUR_SLUR,5,HUR,LUR,2025-03-14,2025-03-16,3,TSEC,49.40334701538086,49.99102783203125,49.925559997558594,49.98292541503906,50.011741638183594
M5_YHUR_SLUR,5,HUR,LUR,2025-03-15,2025-03-15,1,Yd,756.1611938476562,752.31640625,748.525146484375,740.4369506835938,755.7412719726562
M5_YHUR_SLUR,5,HUR,LUR,2025-03-15,2025-03-15,1,TSE,736.76953125,750.2373046875,750.5575561523438,750.651611328125,749.9067993164062
M5_YHUR_SLUR,5,HUR,LUR,2025-03-15,2025-03-15,1,TSEC,49.41471481323242,49.9906120300293,49.94000244140625,49.96329879760742,50.00347137451172
M5_YHUR_SLUR,5,HUR,LUR,2025-03-15,2025-03-16,2,Yd,841.0425415039062,752.31640625,747.9258422851562,759.8140258789062,758.556396484375
M5_YHUR_SLUR,5,HUR,LUR,2025-03-15,2025-03-16,2,TSE,736.7078857421875,750.2373046875,750.5308837890625,750.8677978515625,749.6266479492188
M5_YHUR_SLUR,5,HUR,LUR,2025-03-15,2025-03-16,2,TSEC,49.40334701538086,49.9906120300293,49.93144607543945,49.9831428527832,50.01419448852539
M5_YHUR_SLUR,5,HUR,LUR,2025-03-15,2025-03-17,3,Yd,765.8499755859375,752.31640625,748.9063720703125,755.3582763671875,760.492919921875
M5_YHUR_SLUR,5,HUR,LUR,2025-03-15,2025-03-17,3,TSE,748.3358154296875,750.2373046875,750.5277099609375,750.0267333984375,749.48974609375
M5_YHUR_SLUR,5,HUR,LUR,2025-03-15,2025-03-17,3,TSEC,50.56837844848633,49.9906120300293,50.0300178527832,50.025146484375,50.031272888183594
M5_YHUR_SLUR,5,HUR,LUR,2025-03-16,2025-03-16,1,Yd,841.0425415039062,752.3211059570312,747.9519653320312,742.4761352539062,757.6168212890625
M5_YHUR_SLUR,5,HUR,LUR,2025-03-16,2025-03-16,1,TSE,736.7078857421875,750.2206420898438,749.5301513671875,750.79931640625,749.9393920898438
M5_YHUR_SLUR,5,HUR,LUR,2025-03-16,2025-03-16,1,TSEC,49.40334701538086,49.989898681640625,49.906986236572266,49.98160934448242,50.01942443847656
M5_YHUR_SLUR,5,HUR,LUR,2025-03-16,2025-03-17,2,Yd,765.8499755859375,752.3211059570312,748.8405151367188,768.1820068359375,761.2085571289062
M5_YHUR_SLUR,5,HUR,LUR,2025-03-16,2025-03-17,2,TSE,748.3358154296875,750.2206420898438,750.8704833984375,750.1160278320312,749.7944946289062
M5_YHUR_SLUR,5,HUR,LUR,2025-03-16,2025-03-17,2,TSEC,50.56837844848633,49.989898681640625,49.87046432495117,50.060821533203125,50.04092025756836
M5_YHUR_SLUR,5,HUR,LUR,2025-03-16,2025-03-18,3,Yd,752.2415161132812,752.3211059570312,747.9061279296875,768.5647583007812,763.2550659179688
M5_YHUR_SLUR,5,HUR,LUR,2025-03-16,2025-03-18,3,TSE,737.98974609375,750.2206420898438,749.980712890625,749.1013793945312,749.8153686523438
M5_YHUR_SLUR,5,HUR,LUR,2025-03-16,2025-03-18,3,TSEC,49.26675796508789,49.989898681640625,49.9218864440918,50.12471389770508,50.05183410644531
M5_YHUR_SLUR,5,HUR,LUR,2025-03-17,2025-03-17,1,Yd,765.8499755859375,752.4312133789062,748.4828491210938,764.2478637695312,758.98828125
M5_YHUR_SLUR,5,HUR,LUR,2025-03-17,2025-03-17,1,TSE,748.3358154296875,750.203857421875,749.9201049804688,750.889892578125,750.097412109375
M5_YHUR_SLUR,5,HUR,LUR,2025-03-17,2025-03-17,1,TSEC,50.56837844848633,49.989173889160156,49.900997161865234,50.05529022216797,50.03009796142578
M5_YHUR_SLUR,5,HUR,LUR,2025-03-17,2025-03-18,2,Yd,752.2415161132812,752.4312133789062,749.2689819335938,772.1842041015625,761.9913940429688
M5_YHUR_SLUR,5,HUR,LUR,2025-03-17,2025-03-18,2,TSE,737.98974609375,750.203857421875,749.5975341796875,749.7388916015625,750.121826171875
M5_YHUR_SLUR,5,HUR,LUR,2025-03-17,2025-03-18,2,TSEC,49.26675796508789,49.989173889160156,49.90755081176758,50.20098114013672,50.04491424560547
M5_YHUR_SLUR,5,HUR,LUR,2025-03-17,2025-03-19,3,Yd,690.0661010742188,752.4312133789062,748.9356079101562,759.9741821289062,762.3565673828125
M5_YHUR_SLUR,5,HUR,LUR,2025-03-17,2025-03-19,3,TSE,741.3489379882812,750.203857421875,750.7601318359375,749.5072021484375,750.2277221679688
M5_YHUR_SLUR,5,HUR,LUR,2025-03-17,2025-03-19,3,TSEC,49.83931350708008,49.989173889160156,49.91791915893555,50.18314743041992,50.045684814453125
M5_YHUR_SLUR,5,HUR,LUR,2025-03-18,2025-03-18,1,Yd,752.2415161132812,752.4478149414062,749.3992919921875,763.2824096679688,759.2200317382812
M5_YHUR_SLUR,5,HUR,LUR,2025-03-18,2025-03-18,1,TSE,737.98974609375,750.2015380859375,750.050537109375,748.627685546875,750.253662109375
M5_YHUR_SLUR,5,HUR,LUR,2025-03-18,2025-03-18,1,TSEC,49.26675796508789,49.98989486694336,49.87635040283203,49.992591857910156,50.02642059326172
M5_YHUR_SLUR,5,HUR,LUR,2025-03-18,2025-03-19,2,Yd,690.0661010742188,752.4478149414062,749.2484741210938,735.7784423828125,760.6926879882812
M5_YHUR_SLUR,5,HUR,LUR,2025-03-18,2025-03-19,2,TSE,741.3489379882812,750.2015380859375,749.1543579101562,751.431640625,750.4049072265625
M5_YHUR_SLUR,5,HUR,LUR,2025-03-18,2025-03-19,2,TSEC,49.83931350708008,49.98989486694336,49.915714263916016,50.127098083496094,50.031150817871094
M5_YHUR_SLUR,5,HUR,LUR,2025-03-18,2025-03-20,3,Yd,734.6798095703125,752.4478149414062,749.3353271484375,740.5581665039062,760.1588134765625
M5_YHUR_SLUR,5,HUR,LUR,2025-03-18,2025-03-20,3,TSE,752.112060546875,750.2015380859375,750.467041015625,750.1468505859375,750.4865112304688
M5_YHUR_SLUR,5,HUR,LUR,2025-03-18,2025-03-20,3,TSEC,49.00228500366211,49.98989486694336,49.902099609375,50.080589294433594,50.02524948120117
M5_YHUR_SLUR,5,HUR,LUR,2025-03-19,2025-03-19,1,Yd,690.0661010742188,752.4475708007812,749.0081176757812,751.5939331054688,757.4656982421875
M5_YHUR_SLUR,5,HUR,LUR,2025-03-19,2025-03-19,1,TSE,741.3489379882812,750.1864013671875,749.7813110351562,750.6788940429688,750.3148803710938
M5_YHUR_SLUR,5,HUR,LUR,2025-03-19,2025-03-19,1,TSEC,49.83931350708008,49.98899841308594,49.91989517211914,50.13221740722656,50.01839065551758
M5_YHUR_SLUR,5,HUR,LUR,2025-03-19,2025-03-20,2,Yd,734.6798095703125,752.4475708007812,749.2780151367188,762.84716796875,758.3778076171875
M5_YHUR_SLUR,5,HUR,LUR,2025-03-19,2025-03-20,2,TSE,752.112060546875,750.1864013671875,750.3544921875,752.7368774414062,750.36572265625
M5_YHUR_SLUR,5,HUR,LUR,2025-03-19,2025-03-20,2,TSEC,49.00228500366211,49.98899841308594,49.88267517089844,50.024261474609375,50.01819610595703
M5_YHUR_SLUR,5,HUR,LUR,2025-03-19,2025-03-21,3,Yd,830.5562744140625,752.4475708007812,748.6921997070312,769.5657958984375,757.9884643554688
M5_YHUR_SLUR,5,HUR,LUR,2025-03-19,2025-03-21,3,TSE,744.934814453125,750.1864013671875,751.7683715820312,749.448974609375,750.3602905273438
M5_YHUR_SLUR,5,HUR,LUR,2025-03-19,2025-03-21,3,TSEC,50.0247917175293,49.98899841308594,49.94106674194336,50.03358840942383,50.016117095947266
M5_YHUR_SLUR,5,HUR,LUR,2025-03-20,2025-03-20,1,Yd,734.6798095703125,752.3705444335938,749.2926635742188,742.807373046875,756.6793823242188
M5_YHUR_SLUR,5,HUR,LUR,2025-03-20,2025-03-20,1,TSE,752.112060546875,750.175537109375,750.7296142578125,749.9937744140625,750.2329711914062
M5_YHUR_SLUR,5,HUR,LUR,2025-03-20,2025-03-20,1,TSEC,49.00228500366211,49.988807678222656,49.87834930419922,50.14619445800781,50.00878143310547
M5_YHUR_SLUR,5,HUR,LUR,2025-03-20,2025-03-21,2,Yd,830.5562744140625,752.3705444335938,748.0839233398438,746.6489868164062,756.9365234375
M5_YHUR_SLUR,5,HUR,LUR,2025-03-20,2025-03-21,2,TSE,744.934814453125,750.175537109375,751.482421875,750.0127563476562,750.2017822265625
M5_YHUR_SLUR,5,HUR,LUR,2025-03-20,2025-03-21,2,TSEC,50.0247917175293,49.988807678222656,49.912837982177734,50.070640563964844,50.013118743896484
M5_YHUR_SLUR,5,HUR,LUR,2025-03-20,2025-03-22,3,Yd,835.0343017578125,752.3705444335938,749.1031494140625,754.5286865234375,757.775634765625
M5_YHUR_SLUR,5,HUR,LUR,2025-03-20,2025-03-22,3,TSE,735.7704467773438,750.175537109375,748.8745727539062,749.0479736328125,750.0679321289062
M5_YHUR_SLUR,5,HUR,LUR,2025-03-20,2025-03-22,3,TSEC,50.007102966308594,49.988807678222656,49.88785171508789,50.172428131103516,50.019901275634766
M5_YHUR_SLUR,5,HUR,LUR,2025-03-21,2025-03-21,1,Yd,830.5562744140625,752.3486328125,754.9319458007812,765.058837890625,755.147705078125
M5_YHUR_SLUR,5,HUR,LUR,2025-03-21,2025-03-21,1,TSE,744.934814453125,750.1778564453125,751.2764282226562,749.4146118164062,750.1163940429688
M5_YHUR_SLUR,5,HUR,LUR,2025-03-21,2025-03-21,1,TSEC,50.0247917175293,49.98759078979492,49.89277648925781,49.96211624145508,50.00175476074219
M5_YHUR_SLUR,5,HUR,LUR,2025-03-21,2025-03-22,2,Yd,835.0343017578125,752.3486328125,737.4124755859375,764.2694702148438,756.3796997070312
M5_YHUR_SLUR,5,HUR,LUR,2025-03-21,2025-03-22,2,TSE,735.7704467773438,750.1778564453125,748.943603515625,749.9869384765625,749.9397583007812
M5_YHUR_SLUR,5,HUR,LUR,2025-03-21,2025-03-22,2,TSEC,50.007102966308594,49.98759078979492,49.842037200927734,50.02465057373047,50.00864028930664
M5_YHUR_SLUR,5,HUR,LUR,2025-03-21,2025-03-23,3,Yd,642.3941650390625,752.3486328125,766.1240234375,795.293212890625,760.4891357421875
M5_YHUR_SLUR,5,HUR,LUR,2025-03-21,2025-03-23,3,TSE,752.918701171875,750.1778564453125,749.451904296875,746.7635498046875,749.7677001953125
M5_YHUR_SLUR,5,HUR,LUR,2025-03-21,2025-03-23,3,TSEC,49.8012580871582,49.98759078979492,49.874359130859375,49.94105911254883,50.02106857299805
M5_YHUR_SLUR,5,HUR,LUR,2025-03-22,2025-03-22,1,Yd,835.0343017578125,752.445068359375,748.6058349609375,755.281982421875,756.9874267578125
M5_YHUR_SLUR,5,HUR,LUR,2025-03-22,2025-03-22,1,TSE,735.7704467773438,750.17138671875,748.7910766601562,750.1549072265625,750.0089721679688
M5_YHUR_SLUR,5,HUR,LUR,2025-03-22,2025-03-22,1,TSEC,50.007102966308594,49.987640380859375,49.898529052734375,50.068477630615234,50.00846862792969
M5_YHUR_SLUR,5,HUR,LUR,2025-03-22,2025-03-23,2,Yd,642.3941650390625,752.445068359375,748.9285278320312,776.8211669921875,761.1611328125
M5_YHUR_SLUR,5,HUR,LUR,2025-03-22,2025-03-23,2,TSE,752.918701171875,750.17138671875,749.5012817382812,746.7965698242188,749.840087890625
M5_YHUR_SLUR,5,HUR,LUR,2025-03-22,2025-03-23,2,TSEC,49.8012580871582,49.987640380859375,49.90740966796875,49.97340393066406,50.01997756958008
M5_YHUR_SLUR,5,HUR,LUR,2025-03-22,2025-03-24,3,Yd,726.752197265625,752.445068359375,748.4736938476562,791.2686157226562,764.8909301757812
M5_YHUR_SLUR,5,HUR,LUR,2025-03-22,2025-03-24,3,TSE,756.1648559570312,750.17138671875,750.6091918945312,746.8680419921875,749.7496337890625
M5_YHUR_SLUR,5,HUR,LUR,2025-03-22,2025-03-24,3,TSEC,50.08900833129883,49.987640380859375,50.020782470703125,49.91666030883789,50.0406608581543
M5_YHUR_SLUR,5,HUR,LUR,2025-03-23,2025-03-23,1,Yd,642.3941650390625,752.5468139648438,748.873779296875,757.0632934570312,759.8925170898438
M5_YHUR_SLUR,5,HUR,LUR,2025-03-23,2025-03-23,1,TSE,752.918701171875,750.1536254882812,749.4231567382812,749.4125366210938,750.064453125
M5_YHUR_SLUR,5,HUR,LUR,2025-03-23,2025-03-23,1,TSEC,49.8012580871582,49.987667083740234,49.94792938232422,50.01322937011719,50.01915740966797
M5_YHUR_SLUR,5,HUR,LUR,2025-03-23,2025-03-24,2,Yd,726.752197265625,752.5468139648438,749.5927734375,770.9306030273438,764.7323608398438
M5_YHUR_SLUR,5,HUR,LUR,2025-03-23,2025-03-24,2,TSE,756.1648559570312,750.1536254882812,750.7366333007812,749.3140258789062,750.011962890625
M5_YHUR_SLUR,5,HUR,LUR,2025-03-23,2025-03-24,2,TSEC,50.08900833129883,49.987667083740234,49.906097412109375,50.07858657836914,50.039451599121094
M5_YHUR_SLUR,5,HUR,LUR,2025-03-23,2025-03-25,3,Yd,817.7233276367188,752.5468139648438,748.8571166992188,783.6940307617188,767.5822143554688
M5_YHUR_SLUR,5,HUR,LUR,2025-03-23,2025-03-25,3,TSE,752.593505859375,750.1536254882812,749.7222900390625,748.1630859375,750.0542602539062
M5_YHUR_SLUR,5,HUR,LUR,2025-03-23,2025-03-25,3,TSEC,50.20941925048828,49.987667083740234,49.917266845703125,50.085731506347656,50.054969787597656
M5_YHUR_SLUR,5,HUR,LUR,2025-03-24,2025-03-24,1,Yd,726.752197265625,752.4112548828125,749.7100830078125,771.5723266601562,760.1382446289062
M5_YHUR_SLUR,5,HUR,LUR,2025-03-24,2025-03-24,1,TSE,756.1648559570312,750.1571044921875,749.3931884765625,748.4143676757812,750.1160888671875
M5_YHUR_SLUR,5,HUR,LUR,2025-03-24,2025-03-24,1,TSEC,50.08900833129883,49.987430572509766,49.88996887207031,49.90544509887695,50.032615661621094
M5_YHUR_SLUR,5,HUR,LUR,2025-03-24,2025-03-25,2,Yd,817.7233276367188,752.4112548828125,747.9130859375,760.8733520507812,763.9663696289062
M5_YHUR_SLUR,5,HUR,LUR,2025-03-24,2025-03-25,2,TSE,752.593505859375,750.1571044921875,749.3134155273438,750.1929321289062,750.1450805664062
M5_YHUR_SLUR,5,HUR,LUR,2025-03-24,2025-03-25,2,TSEC,50.20941925048828,49.987430572509766,49.89641189575195,50.027645111083984,50.049583435058594
M5_YHUR_SLUR,5,HUR,LUR,2025-03-24,2025-03-26,3,Yd,811.0470581054688,752.4112548828125,749.8208618164062,753.2086181640625,765.1773681640625
M5_YHUR_SLUR,5,HUR,LUR,2025-03-24,2025-03-26,3,TSE,747.0680541992188,750.1571044921875,750.0819091796875,749.590576171875,750.2706909179688
M5_YHUR_SLUR,5,HUR,LUR,2025-03-24,2025-03-26,3,TSEC,49.57691192626953,49.987430572509766,49.862545013427734,50.079368591308594,50.05042266845703
M5_YHUR_SLUR,5,HUR,LUR,2025-03-25,2025-03-25,1,Yd,817.7233276367188,752.3797607421875,747.7488403320312,769.3233032226562,759.3302001953125
M5_YHUR_SLUR,5,HUR,LUR,2025-03-25,2025-03-25,1,TSE,752.593505859375,750.1644897460938,749.7510375976562,749.4396362304688,750.231201171875
M5_YHUR_SLUR,5,HUR,LUR,2025-03-25,2025-03-25,1,TSEC,50.20941925048828,49.9875602722168,49.922080993652344,49.92229080200195,50.02703857421875
M5_YHUR_SLUR,5,HUR,LUR,2025-03-25,2025-03-26,2,Yd,811.0470581054688,752.3797607421875,749.3923950195312,771.128173828125,761.4054565429688
M5_YHUR_SLUR,5,HUR,LUR,2025-03-25,2025-03-26,2,TSE,747.0680541992188,750.1644897460938,748.4379272460938,750.67919921875,750.3626708984375
M5_YHUR_SLUR,5,HUR,LUR,2025-03-25,2025-03-26,2,TSEC,49.57691192626953,49.9875602722168,49.9450798034668,49.95390701293945,50.02988052368164
M5_YHUR_SLUR,5,HUR,LUR,2025-03-25,2025-03-27,3,Yd,672.0502319335938,752.3797607421875,747.8334350585938,767.8353271484375,761.1162109375
M5_YHUR_SLUR,5,HUR,LUR,2025-03-25,2025-03-27,3,TSE,746.9328002929688,750.1644897460938,750.792236328125,751.1322631835938,750.4443359375
M5_YHUR_SLUR,5,HUR,LUR,2025-03-25,2025-03-27,3,TSEC,49.25602340698242,49.9875602722168,49.911502838134766,50.05001449584961,50.0249137878418
M5_YHUR_SLUR,5,HUR,LUR,2025-03-26,2025-03-26,1,Yd,811.0470581054688,752.4599609375,753.47119140625,742.106201171875,757.80224609375
M5_YHUR_SLUR,5,HUR,LUR,2025-03-26,2025-03-26,1,TSE,747.0680541992188,750.16748046875,748.3462524414062,750.1026611328125,750.293701171875
M5_YHUR_SLUR,5,HUR,LUR,2025-03-26,2025-03-26,1,TSEC,49.57691192626953,49.98782730102539,49.95214080810547,49.93415451049805,50.01409149169922
M5_YHUR_SLUR,5,HUR,LUR,2025-03-26,2025-03-27,2,Yd,672.0502319335938,752.4599609375,751.2369384765625,741.4241943359375,758.6962280273438
M5_YHUR_SLUR,5,HUR,LUR,2025-03-26,2025-03-27,2,TSE,746.9328002929688,750.16748046875,750.7523193359375,749.9092407226562,750.379638671875
M5_YHUR_SLUR,5,HUR,LUR,2025-03-26,2025-03-27,2,TSEC,49.25602340698242,49.98782730102539,49.84000015258789,49.926876068115234,50.01066207885742
M5_YHUR_SLUR,5,HUR,LUR,2025-03-26,2025-03-28,3,Yd,764.991943359375,752.4599609375,745.9309692382812,746.41455078125,758.533203125
M5_YHUR_SLUR,5,HUR,LUR,2025-03-26,2025-03-28,3,TSE,747.95751953125,750.16748046875,751.2337036132812,750.4078979492188,750.38916015625
M5_YHUR_SLUR,5,HUR,LUR,2025-03-26,2025-03-28,3,TSEC,50.237403869628906,49.98782730102539,49.85089111328125,49.944923400878906,50.00362014770508
M5_YHUR_SLUR,5,HUR,LUR,2025-03-27,2025-03-27,1,Yd,672.0502319335938,752.53173828125,750.74072265625,752.8966674804688,756.6817626953125
M5_YHUR_SLUR,5,HUR,LUR,2025-03-27,2025-03-27,1,TSE,746.9328002929688,750.16357421875,749.8392333984375,749.35791015625,750.2595825195312
M5_YHUR_SLUR,5,HUR,LUR,2025-03-27,2025-03-27,1,TSEC,49.25602340698242,49.98732376098633,49.89411926269531,49.907676696777344,50.003902435302734
M5_YHUR_SLUR,5,HUR,LUR,2025-03-27,2025-03-28,2,Yd,764.991943359375,752.53173828125,749.1287841796875,752.1470947265625,756.8844604492188
M5_YHUR_SLUR,5,HUR,LUR,2025-03-27,2025-03-28,2,TSE,747.95751953125,750.16357421875,751.253173828125,750.3967895507812,750.2586669921875
M5_YHUR_SLUR,5,HUR,LUR,2025-03-27,2025-03-28,2,TSEC,50.237403869628906,49.98732376098633,49.87186813354492,49.950260162353516,50.001930236816406
M5_YHUR_SLUR,5,HUR,LUR,2025-03-27,2025-03-29,3,Yd,796.0857543945312,752.53173828125,750.6016845703125,756.0073852539062,758.4957275390625
M5_YHUR_SLUR,5,HUR,LUR,2025-03-27,2025-03-29,3,TSE,746.9520263671875,750.16357421875,748.6914672851562,749.4344482421875,750.0924682617188
M5_YHUR_SLUR,5,HUR,LUR,2025-03-27,2025-03-29,3,TSEC,49.750118255615234,49.98732376098633,49.91879653930664,49.9968376159668,50.00334548950195
M5_YHUR_SLUR,5,HUR,LUR,2025-03-28,2025-03-28,1,Yd,764.991943359375,752.4332885742188,749.3720703125,745.186279296875,755.7020263671875
M5_YHUR_SLUR,5,HUR,LUR,2025-03-28,2025-03-28,1,TSE,747.95751953125,750.15966796875,751.1615600585938,750.382568359375,750.1282348632812
M5_YHUR_SLUR,5,HUR,LUR,2025-03-28,2025-03-28,1,TSEC,50.237403869628906,49.98643112182617,49.8653564453125,49.91714096069336,50.00276184082031
M5_YHUR_SLUR,5,HUR,LUR,2025-03-28,2025-03-29,2,Yd,796.0857543945312,752.4332885742188,747.5603637695312,757.3635864257812,757.5452270507812
M5_YHUR_SLUR,5,HUR,LUR,2025-03-28,2025-03-29,2,TSE,746.9520263671875,750.15966796875,748.5567016601562,750.5618286132812,749.9466552734375
M5_YHUR_SLUR,5,HUR,LUR,2025-03-28,2025-03-29,2,TSEC,49.750118255615234,49.98643112182617,49.858558654785156,50.020172119140625,50.0067138671875
M5_YHUR_SLUR,5,HUR,LUR,2025-03-28,2025-03-30,3,Yd,738.332275390625,752.4332885742188,749.3087768554688,777.77880859375,761.4786987304688
M5_YHUR_SLUR,5,HUR,LUR,2025-03-28,2025-03-30,3,TSE,733.5125122070312,750.15966796875,749.1920166015625,749.311279296875,749.7542724609375
M5_YHUR_SLUR,5,HUR,LUR,2025-03-28,2025-03-30,3,TSEC,49.95917510986328,49.98643112182617,49.862205505371094,50.04063415527344,50.017799377441406
M5_YHUR_SLUR,5,HUR,LUR,2025-03-29,2025-03-29,1,Yd,796.0857543945312,752.4486083984375,747.662109375,754.1454467773438,757.649169921875
M5_YHUR_SLUR,5,HUR,LUR,2025-03-29,2025-03-29,1,TSE,746.9520263671875,750.1570434570312,748.4835205078125,749.4542846679688,750.0241088867188
M5_YHUR_SLUR,5,HUR,LUR,2025-03-29,2025-03-29,1,TSEC,49.750118255615234,49.986732482910156,49.76915740966797,50.08561706542969,50.00787353515625
M5_YHUR_SLUR,5,HUR,LUR,2025-03-29,2025-03-30,2,Yd,738.332275390625,752.4486083984375,749.8663940429688,770.9758911132812,761.88525390625
M5_YHUR_SLUR,5,HUR,LUR,2025-03-29,2025-03-30,2,TSE,733.5125122070312,750.1570434570312,749.5894775390625,748.2532958984375,749.8416137695312
M5_YHUR_SLUR,5,HUR,LUR,2025-03-29,2025-03-30,2,TSEC,49.95917510986328,49.986732482910156,49.760841369628906,50.04890823364258,50.01817321777344
M5_YHUR_SLUR,5,HUR,LUR,2025-03-29,2025-03-31,3,Yd,833.966064453125,752.4486083984375,747.5852661132812,786.6637573242188,765.5228271484375
M5_YHUR_SLUR,5,HUR,LUR,2025-03-29,2025-03-31,3,TSE,760.4658813476562,750.1570434570312,750.7652587890625,747.3233032226562,749.7244873046875
M5_YHUR_SLUR,5,HUR,LUR,2025-03-29,2025-03-31,3,TSEC,50.142486572265625,49.986732482910156,49.690860748291016,50.0277214050293,50.0377197265625
M5_YHUR_SLUR,5,HUR,LUR,2025-03-30,2025-03-30,1,Yd,738.332275390625,752.5018310546875,766.93505859375,773.8533935546875,759.7372436523438
M5_YHUR_SLUR,5,HUR,LUR,2025-03-30,2025-03-30,1,TSE,733.5125122070312,750.153076171875,749.592041015625,749.8917236328125,750.0416259765625
M5_YHUR_SLUR,5,HUR,LUR,2025-03-30,2025-03-30,1,TSEC,49.95917510986328,49.986446380615234,49.90355682373047,49.976654052734375,50.018157958984375
M5_YHUR_SLUR,5,HUR,LUR,2025-03-30,2025-03-31,2,Yd,833.966064453125,752.5018310546875,751.4418334960938,758.254638671875,764.1871337890625
M5_YHUR_SLUR,5,HUR,LUR,2025-03-30,2025-03-31,2,TSE,760.4658813476562,750.153076171875,750.785888671875,749.8403930664062,749.9468994140625
M5_YHUR_SLUR,5,HUR,LUR,2025-03-30,2025-03-31,2,TSEC,50.142486572265625,49.986446380615234,49.881072998046875,50.08439636230469,50.03806686401367
M5_YHUR_SLUR,5,HUR,LUR,2025-03-30,2025-04-01,3,Yd,689.84912109375,752.5018310546875,747.9496459960938,768.3738403320312,766.9011840820312
M5_YHUR_SLUR,5,HUR,LUR,2025-03-30,2025-04-01,3,TSE,751.0955810546875,750.153076171875,749.7462158203125,748.8507080078125,749.9921264648438
M5_YHUR_SLUR,5,HUR,LUR,2025-03-30,2025-04-01,3,TSEC,49.858768463134766,49.986446380615234,49.884979248046875,50.052120208740234,50.04857635498047
