case_id,M,yd_level,solar_level,origin_date,target_date,step,variable,true,MEAN,ARIMA,RNN,LSTM
M9_YLUR_SHUR,9,LUR,HUR,2024-12-31,2024-12-31,1,Yd,1345.4423828125,1349.0594482421875,1344.228515625,1348.7003173828125,1349.69677734375
M9_YLUR_SHUR,9,LUR,HUR,2024-12-31,2024-12-31,1,TSE,1347.779541015625,1350.941650390625,1382.9798583984375,1351.316162109375,1349.1392822265625
M9_YLUR_SHUR,9,LUR,HUR,2024-12-31,2024-12-31,1,TSEC,83.326416015625,90.16337585449219,90.10913848876953,91.98592376708984,90.2859115600586
M9_YLUR_SHUR,9,LUR,HUR,2024-12-31,2025-01-01,2,Yd,1340.6221923828125,1349.0594482421875,1345.2801513671875,1351.4378662109375,1350.1368408203125
M9_YLUR_SHUR,9,LUR,HUR,2024-12-31,2025-01-01,2,TSE,1556.5399169921875,1350.941650390625,1353.7291259765625,1309.8399658203125,1350.7965087890625
M9_YLUR_SHUR,9,LUR,HUR,2024-12-31,2025-01-01,2,TSEC,87.59101104736328,90.16337585449219,88.7437973022461,93.24248504638672,89.95051574707031
M9_YLUR_SHUR,9,LUR,HUR,2024-12-31,2025-01-02,3,Yd,1345.354248046875,1349.0594482421875,1346.445556640625,1354.349365234375,1350.4498291015625
M9_YLUR_SHUR,9,LUR,HUR,2024-12-31,2025-01-02,3,TSE,1202.5045166015625,1350.941650390625,1347.4110107421875,1306.999755859375,1351.2772216796875
M9_YLUR_SHUR,9,LUR,HUR,2024-12-31,2025-01-02,3,TSEC,92.57785034179688,90.16337585449219,89.43700408935547,93.6380615234375,89.50538635253906
M9_YLUR_SHUR,9,LUR,HUR,2025-01-01,2025-01-01,1,Yd,1340.6221923828125,1349.0545654296875,1345.4195556640625,1348.662109375,1349.6485595703125
M9_YLUR_SHUR,9,LUR,HUR,2025-01-01,2025-01-01,1,TSE,1556.5399169921875,1350.9373779296875,1356.8143310546875,1354.621337890625,1350.93115234375
M9_YLUR_SHUR,9,LUR,HUR,2025-01-01,2025-01-01,1,TSEC,87.59101104736328,90.1540298461914,88.52423858642578,93.9415054321289,89.98480987548828
M9_YLUR_SHUR,9,LUR,HUR,2025-01-01,2025-01-02,2,Yd,1345.354248046875,1349.0545654296875,1346.5174560546875,1351.498046875,1349.968994140625
M9_YLUR_SHUR,9,LUR,HUR,2025-01-01,2025-01-02,2,TSE,1202.5045166015625,1350.9373779296875,1354.566650390625,1354.0400390625,1350.928466796875
M9_YLUR_SHUR,9,LUR,HUR,2025-01-01,2025-01-02,2,TSEC,92.57785034179688,90.1540298461914,88.88548278808594,94.42803192138672,89.60893249511719
M9_YLUR_SHUR,9,LUR,HUR,2025-01-01,2025-01-03,3,Yd,1355.2725830078125,1349.0545654296875,1345.750732421875,1353.546630859375,1350.029541015625
M9_YLUR_SHUR,9,LUR,HUR,2025-01-01,2025-01-03,3,TSE,1375.22705078125,1350.9373779296875,1354.7357177734375,1329.6104736328125,1349.677978515625
M9_YLUR_SHUR,9,LUR,HUR,2025-01-01,2025-01-03,3,TSEC,93.14823913574219,90.1540298461914,88.92264556884766,94.29429626464844,89.59577941894531
M9_YLUR_SHUR,9,LUR,HUR,2025-01-02,2025-01-02,1,Yd,1345.354248046875,1349.0430908203125,1347.6890869140625,1352.8138427734375,1349.435546875
M9_YLUR_SHUR,9,LUR,HUR,2025-01-02,2025-01-02,1,TSE,1202.5045166015625,1351.21826171875,1366.062744140625,1348.5081787109375,1351.118408203125
M9_YLUR_SHUR,9,LUR,HUR,2025-01-02,2025-01-02,1,TSEC,92.57785034179688,90.15052795410156,88.88812255859375,95.39790344238281,90.04557037353516
M9_YLUR_SHUR,9,LUR,HUR,2025-01-02,2025-01-03,2,Yd,1355.2725830078125,1349.0430908203125,1348.7381591796875,1355.015625,1349.4486083984375
M9_YLUR_SHUR,9,LUR,HUR,2025-01-02,2025-01-03,2,TSE,1375.22705078125,1351.21826171875,1357.3502197265625,1296.1754150390625,1349.8599853515625
M9_YLUR_SHUR,9,LUR,HUR,2025-01-02,2025-01-03,2,TSEC,93.14823913574219,90.15052795410156,88.88959503173828,94.34561920166016,89.95050811767578
M9_YLUR_SHUR,9,LUR,HUR,2025-01-02,2025-01-04,3,Yd,1346.1632080078125,1349.0430908203125,1346.5279541015625,1354.1580810546875,1349.5528564453125
M9_YLUR_SHUR,9,LUR,HUR,2025-01-02,2025-01-04,3,TSE,1365.9781494140625,1351.21826171875,1363.9384765625,1265.324951171875,1343.9163818359375
M9_YLUR_SHUR,9,LUR,HUR,2025-01-02,2025-01-04,3,TSEC,87.41131591796875,90.15052795410156,88.77694702148438,94.57061767578125,90.17377471923828
M9_YLUR_SHUR,9,LUR,HUR,2025-01-03,2025-01-03,1,Yd,1355.2725830078125,1349.0380859375,1345.2491455078125,1348.320068359375,1349.4185791015625
M9_YLUR_SHUR,9,LUR,HUR,2025-01-03,2025-01-03,1,TSE,1375.22705078125,1351.015380859375,1364.7548828125,1349.64892578125,1347.573974609375
M9_YLUR_SHUR,9,LUR,HUR,2025-01-03,2025-01-03,1,TSEC,93.14823913574219,90.15383911132812,91.57850646972656,89.46512603759766,90.2696533203125
M9_YLUR_SHUR,9,LUR,HUR,2025-01-03,2025-01-04,2,Yd,1346.1632080078125,1349.0380859375,1347.251220703125,1346.4840087890625,1349.8253173828125
M9_YLUR_SHUR,9,LUR,HUR,2025-01-03,2025-01-04,2,TSE,1365.9781494140625,1351.015380859375,1361.660888671875,1312.843017578125,1341.7021484375
M9_YLUR_SHUR,9,LUR,HUR,2025-01-03,2025-01-04,2,TSEC,87.41131591796875,90.15383911132812,88.46968841552734,93.15892028808594,90.42876434326172
M9_YLUR_SHUR,9,LUR,HUR,2025-01-03,2025-01-05,3,Yd,1355.6107177734375,1349.0380859375,1346.3662109375,1348.013671875,1350.467529296875
M9_YLUR_SHUR,9,LUR,HUR,2025-01-03,2025-01-05,3,TSE,1418.8912353515625,1351.015380859375,1358.1668701171875,1331.520751953125,1336.829345703125
M9_YLUR_SHUR,9,LUR,HUR,2025-01-03,2025-01-05,3,TSEC,100.4144058227539,90.15383911132812,90.72134399414062,90.3287124633789,90.4814682006836
M9_YLUR_SHUR,9,LUR,HUR,2025-01-04,2025-01-04,1,Yd,1346.1632080078125,1349.0465087890625,1348.3160400390625,1346.4395751953125,1349.4971923828125
M9_YLUR_SHUR,9,LUR,HUR,2025-01-04,2025-01-04,1,TSE,1365.9781494140625,1351.04833984375,1359.7369384765625,1346.4434814453125,1342.1551513671875
M9_YLUR_SHUR,9,LUR,HUR,2025-01-04,2025-01-04,1,TSEC,87.41131591796875,90.15792083740234,88.48229217529297,92.5858383178711,90.50167083740234
M9_YLUR_SHUR,9,LUR,HUR,2025-01-04,2025-01-05,2,Yd,1355.6107177734375,1349.0465087890625,1347.27197265625,1347.857177734375,1350.0928955078125
M9_YLUR_SHUR,9,LUR,HUR,2025-01-04,2025-01-05,2,TSE,1418.8912353515625,1351.04833984375,1363.5474853515625,1342.57470703125,1337.544189453125
M9_YLUR_SHUR,9,LUR,HUR,2025-01-04,2025-01-05,2,TSEC,100.4144058227539,90.15792083740234,90.82599639892578,91.37591552734375,90.60296630859375
M9_YLUR_SHUR,9,LUR,HUR,2025-01-04,2025-01-06,3,Yd,1327.2408447265625,1349.0465087890625,1347.4039306640625,1351.5347900390625,1350.567138671875
M9_YLUR_SHUR,9,LUR,HUR,2025-01-04,2025-01-06,3,TSE,1456.44970703125,1351.04833984375,1362.6920166015625,1344.57861328125,1336.0965576171875
M9_YLUR_SHUR,9,LUR,HUR,2025-01-04,2025-01-06,3,TSEC,96.00537109375,90.15792083740234,89.59217071533203,91.57794189453125,90.60807800292969
M9_YLUR_SHUR,9,LUR,HUR,2025-01-05,2025-01-05,1,Yd,1355.6107177734375,1349.04248046875,1350.5086669921875,1350.0015869140625,1349.7574462890625
M9_YLUR_SHUR,9,LUR,HUR,2025-01-05,2025-01-05,1,TSE,1418.8912353515625,1351.0687255859375,1364.056396484375,1342.23291015625,1342.2200927734375
M9_YLUR_SHUR,9,LUR,HUR,2025-01-05,2025-01-05,1,TSEC,100.4144058227539,90.1541748046875,90.830322265625,91.48553466796875,90.466552734375
M9_YLUR_SHUR,9,LUR,HUR,2025-01-05,2025-01-06,2,Yd,1327.2408447265625,1349.04248046875,1347.967041015625,1349.5054931640625,1350.166259765625
M9_YLUR_SHUR,9,LUR,HUR,2025-01-05,2025-01-06,2,TSE,1456.44970703125,1351.0687255859375,1350.56982421875,1349.7552490234375,1340.2568359375
M9_YLUR_SHUR,9,LUR,HUR,2025-01-05,2025-01-06,2,TSEC,96.00537109375,90.1541748046875,89.55140686035156,90.16788482666016,90.6351089477539
M9_YLUR_SHUR,9,LUR,HUR,2025-01-05,2025-01-07,3,Yd,1331.267578125,1349.04248046875,1348.3681640625,1351.5860595703125,1350.663818359375
M9_YLUR_SHUR,9,LUR,HUR,2025-01-05,2025-01-07,3,TSE,1455.212890625,1351.0687255859375,1383.1031494140625,1339.788818359375,1342.700927734375
M9_YLUR_SHUR,9,LUR,HUR,2025-01-05,2025-01-07,3,TSEC,82.76083374023438,90.1541748046875,90.4116439819336,91.22288513183594,90.41497802734375
M9_YLUR_SHUR,9,LUR,HUR,2025-01-06,2025-01-06,1,Yd,1327.2408447265625,1349.051513671875,1347.985595703125,1349.7537841796875,1349.5888671875
M9_YLUR_SHUR,9,LUR,HUR,2025-01-06,2025-01-06,1,TSE,1456.44970703125,1351.160888671875,1365.47802734375,1354.8748779296875,1344.7635498046875
M9_YLUR_SHUR,9,LUR,HUR,2025-01-06,2025-01-06,1,TSEC,96.00537109375,90.1681137084961,88.70063781738281,91.89324188232422,90.50342559814453
M9_YLUR_SHUR,9,LUR,HUR,2025-01-06,2025-01-07,2,Yd,1331.267578125,1349.051513671875,1348.243408203125,1348.485107421875,1350.163330078125
M9_YLUR_SHUR,9,LUR,HUR,2025-01-06,2025-01-07,2,TSE,1455.212890625,1351.160888671875,1366.534912109375,1371.0792236328125,1346.571044921875
M9_YLUR_SHUR,9,LUR,HUR,2025-01-06,2025-01-07,2,TSEC,82.76083374023438,90.1681137084961,89.07401275634766,92.49339294433594,90.42151641845703
M9_YLUR_SHUR,9,LUR,HUR,2025-01-06,2025-01-08,3,Yd,1335.5556640625,1349.051513671875,1348.5390625,1353.0953369140625,1350.6395263671875
M9_YLUR_SHUR,9,LUR,HUR,2025-01-06,2025-01-08,3,TSE,1507.612060546875,1351.160888671875,1362.291748046875,1372.4013671875,1346.513427734375
M9_YLUR_SHUR,9,LUR,HUR,2025-01-06,2025-01-08,3,TSEC,84.17047882080078,90.1681137084961,88.83468627929688,92.22985076904297,90.13549041748047
M9_YLUR_SHUR,9,LUR,HUR,2025-01-07,2025-01-07,1,Yd,1331.267578125,1349.0218505859375,1346.1285400390625,1352.58251953125,1349.5753173828125
M9_YLUR_SHUR,9,LUR,HUR,2025-01-07,2025-01-07,1,TSE,1455.212890625,1351.3037109375,1356.6141357421875,1401.547119140625,1348.745361328125
M9_YLUR_SHUR,9,LUR,HUR,2025-01-07,2025-01-07,1,TSEC,82.76083374023438,90.17604064941406,90.73226165771484,91.017333984375,90.33395385742188
M9_YLUR_SHUR,9,LUR,HUR,2025-01-07,2025-01-08,2,Yd,1335.5556640625,1349.0218505859375,1347.3804931640625,1352.033935546875,1349.961181640625
M9_YLUR_SHUR,9,LUR,HUR,2025-01-07,2025-01-08,2,TSE,1507.612060546875,1351.3037109375,1357.983154296875,1319.654052734375,1349.5521240234375
M9_YLUR_SHUR,9,LUR,HUR,2025-01-07,2025-01-08,2,TSEC,84.17047882080078,90.17604064941406,90.54573822021484,93.65110778808594,90.01223754882812
M9_YLUR_SHUR,9,LUR,HUR,2025-01-07,2025-01-09,3,Yd,1329.4901123046875,1349.0218505859375,1347.2099609375,1354.7926025390625,1350.341796875
M9_YLUR_SHUR,9,LUR,HUR,2025-01-07,2025-01-09,3,TSE,1257.1527099609375,1351.3037109375,1355.2896728515625,1325.1512451171875,1349.9854736328125
M9_YLUR_SHUR,9,LUR,HUR,2025-01-07,2025-01-09,3,TSEC,71.54349517822266,90.17604064941406,90.53106689453125,92.60189056396484,89.59675598144531
M9_YLUR_SHUR,9,LUR,HUR,2025-01-08,2025-01-08,1,Yd,1335.5556640625,1348.997802734375,1343.7115478515625,1349.174072265625,1349.439208984375
M9_YLUR_SHUR,9,LUR,HUR,2025-01-08,2025-01-08,1,TSE,1507.612060546875,1351.4444580078125,1362.0980224609375,1384.1231689453125,1351.649169921875
M9_YLUR_SHUR,9,LUR,HUR,2025-01-08,2025-01-08,1,TSEC,84.17047882080078,90.1659927368164,89.36971282958984,91.61863708496094,90.04328918457031
M9_YLUR_SHUR,9,LUR,HUR,2025-01-08,2025-01-09,2,Yd,1329.4901123046875,1348.997802734375,1344.51611328125,1352.1524658203125,1349.7135009765625
M9_YLUR_SHUR,9,LUR,HUR,2025-01-08,2025-01-09,2,TSE,1257.1527099609375,1351.4444580078125,1361.9666748046875,1352.931396484375,1352.905517578125
M9_YLUR_SHUR,9,LUR,HUR,2025-01-08,2025-01-09,2,TSEC,71.54349517822266,90.1659927368164,89.1764907836914,94.58720397949219,89.70352935791016
M9_YLUR_SHUR,9,LUR,HUR,2025-01-08,2025-01-10,3,Yd,1363.2381591796875,1348.997802734375,1343.4261474609375,1354.9306640625,1349.6712646484375
M9_YLUR_SHUR,9,LUR,HUR,2025-01-08,2025-01-10,3,TSE,1136.5181884765625,1351.4444580078125,1361.058349609375,1343.90625,1350.8681640625
M9_YLUR_SHUR,9,LUR,HUR,2025-01-08,2025-01-10,3,TSEC,108.03203582763672,90.1659927368164,89.3846664428711,93.21229553222656,89.60043334960938
M9_YLUR_SHUR,9,LUR,HUR,2025-01-09,2025-01-09,1,Yd,1329.4901123046875,1348.979736328125,1346.703125,1352.6771240234375,1349.344970703125
M9_YLUR_SHUR,9,LUR,HUR,2025-01-09,2025-01-09,1,TSE,1257.1527099609375,1351.65576171875,1339.34521484375,1341.245361328125,1351.4957275390625
M9_YLUR_SHUR,9,LUR,HUR,2025-01-09,2025-01-09,1,TSEC,71.54349517822266,90.15787506103516,89.24971008300781,94.52613067626953,89.99443054199219
M9_YLUR_SHUR,9,LUR,HUR,2025-01-09,2025-01-10,2,Yd,1363.2381591796875,1348.979736328125,1346.55224609375,1352.4041748046875,1349.315185546875
M9_YLUR_SHUR,9,LUR,HUR,2025-01-09,2025-01-10,2,TSE,1136.5181884765625,1351.65576171875,1368.49609375,1324.8035888671875,1350.0474853515625
M9_YLUR_SHUR,9,LUR,HUR,2025-01-09,2025-01-10,2,TSEC,108.03203582763672,90.15787506103516,89.27476501464844,92.88174438476562,89.85160827636719
M9_YLUR_SHUR,9,LUR,HUR,2025-01-09,2025-01-11,3,Yd,1360.6658935546875,1348.979736328125,1347.34033203125,1356.2816162109375,1349.3623046875
M9_YLUR_SHUR,9,LUR,HUR,2025-01-09,2025-01-11,3,TSE,1371.701171875,1351.65576171875,1337.69580078125,1270.091064453125,1343.3187255859375
M9_YLUR_SHUR,9,LUR,HUR,2025-01-09,2025-01-11,3,TSEC,85.002197265625,90.15787506103516,89.0823745727539,93.87191009521484,90.10968017578125
M9_YLUR_SHUR,9,LUR,HUR,2025-01-10,2025-01-10,1,Yd,1363.2381591796875,1348.9532470703125,1346.1998291015625,1349.34423828125,1349.450439453125
M9_YLUR_SHUR,9,LUR,HUR,2025-01-10,2025-01-10,1,TSE,1136.5181884765625,1351.528076171875,1357.9805908203125,1338.849609375,1348.364990234375
M9_YLUR_SHUR,9,LUR,HUR,2025-01-10,2025-01-10,1,TSEC,108.03203582763672,90.13272857666016,89.91565704345703,92.23721313476562,90.1366195678711
M9_YLUR_SHUR,9,LUR,HUR,2025-01-10,2025-01-11,2,Yd,1360.6658935546875,1348.9532470703125,1347.0638427734375,1347.9063720703125,1349.8472900390625
M9_YLUR_SHUR,9,LUR,HUR,2025-01-10,2025-01-11,2,TSE,1371.701171875,1351.528076171875,1358.7869873046875,1311.614013671875,1343.1751708984375
M9_YLUR_SHUR,9,LUR,HUR,2025-01-10,2025-01-11,2,TSEC,85.002197265625,90.13272857666016,88.22134399414062,93.4970474243164,90.18704986572266
M9_YLUR_SHUR,9,LUR,HUR,2025-01-10,2025-01-12,3,Yd,1360.3748779296875,1348.9532470703125,1346.7322998046875,1349.458251953125,1350.52197265625
M9_YLUR_SHUR,9,LUR,HUR,2025-01-10,2025-01-12,3,TSE,1346.479736328125,1351.528076171875,1356.9019775390625,1322.9503173828125,1337.989501953125
M9_YLUR_SHUR,9,LUR,HUR,2025-01-10,2025-01-12,3,TSEC,87.53154754638672,90.13272857666016,89.3471908569336,92.68292236328125,90.23170471191406
M9_YLUR_SHUR,9,LUR,HUR,2025-01-11,2025-01-11,1,Yd,1360.6658935546875,1348.9725341796875,1347.5526123046875,1347.1512451171875,1349.5643310546875
M9_YLUR_SHUR,9,LUR,HUR,2025-01-11,2025-01-11,1,TSE,1371.701171875,1351.238037109375,1358.9825439453125,1342.23974609375,1342.2791748046875
M9_YLUR_SHUR,9,LUR,HUR,2025-01-11,2025-01-11,1,TSEC,85.002197265625,90.1568832397461,88.09436798095703,89.68182373046875,90.39857482910156
M9_YLUR_SHUR,9,LUR,HUR,2025-01-11,2025-01-12,2,Yd,1360.3748779296875,1348.9725341796875,1346.729248046875,1348.1527099609375,1350.1278076171875
M9_YLUR_SHUR,9,LUR,HUR,2025-01-11,2025-01-12,2,TSE,1346.479736328125,1351.238037109375,1362.6978759765625,1349.8397216796875,1337.76806640625
M9_YLUR_SHUR,9,LUR,HUR,2025-01-11,2025-01-12,2,TSEC,87.53154754638672,90.1568832397461,90.26399993896484,90.76824951171875,90.49810791015625
M9_YLUR_SHUR,9,LUR,HUR,2025-01-11,2025-01-13,3,Yd,1361.720458984375,1348.9725341796875,1347.8077392578125,1351.97998046875,1350.463623046875
M9_YLUR_SHUR,9,LUR,HUR,2025-01-11,2025-01-13,3,TSE,1325.921142578125,1351.238037109375,1363.7525634765625,1359.148681640625,1337.1842041015625
M9_YLUR_SHUR,9,LUR,HUR,2025-01-11,2025-01-13,3,TSEC,85.19816589355469,90.1568832397461,88.78288269042969,89.16999053955078,90.49724578857422
M9_YLUR_SHUR,9,LUR,HUR,2025-01-12,2025-01-12,1,Yd,1360.3748779296875,1348.9884033203125,1347.0897216796875,1349.052490234375,1349.749755859375
M9_YLUR_SHUR,9,LUR,HUR,2025-01-12,2025-01-12,1,TSE,1346.479736328125,1351.2655029296875,1361.0472412109375,1334.5296630859375,1341.985595703125
M9_YLUR_SHUR,9,LUR,HUR,2025-01-12,2025-01-12,1,TSEC,87.53154754638672,90.14993286132812,90.27577209472656,90.23908233642578,90.4692153930664
M9_YLUR_SHUR,9,LUR,HUR,2025-01-12,2025-01-13,2,Yd,1361.720458984375,1348.9884033203125,1347.792236328125,1349.7532958984375,1350.1015625
M9_YLUR_SHUR,9,LUR,HUR,2025-01-12,2025-01-13,2,TSE,1325.921142578125,1351.2655029296875,1360.7833251953125,1362.049072265625,1339.900634765625
M9_YLUR_SHUR,9,LUR,HUR,2025-01-12,2025-01-13,2,TSEC,85.19816589355469,90.14993286132812,88.60865783691406,91.00289916992188,90.68312072753906
M9_YLUR_SHUR,9,LUR,HUR,2025-01-12,2025-01-14,3,Yd,1354.0833740234375,1348.9884033203125,1346.421142578125,1355.36669921875,1350.4921875
M9_YLUR_SHUR,9,LUR,HUR,2025-01-12,2025-01-14,3,TSE,1701.19189453125,1351.2655029296875,1360.681884765625,1338.7322998046875,1342.1571044921875
M9_YLUR_SHUR,9,LUR,HUR,2025-01-12,2025-01-14,3,TSEC,101.00875091552734,90.14993286132812,89.44449615478516,91.6398696899414,90.53056335449219
M9_YLUR_SHUR,9,LUR,HUR,2025-01-13,2025-01-13,1,Yd,1361.720458984375,1349.003662109375,1348.7545166015625,1351.1796875,1349.619873046875
M9_YLUR_SHUR,9,LUR,HUR,2025-01-13,2025-01-13,1,TSE,1325.921142578125,1351.259033203125,1364.6160888671875,1361.5550537109375,1345.21923828125
M9_YLUR_SHUR,9,LUR,HUR,2025-01-13,2025-01-13,1,TSEC,85.19816589355469,90.14640808105469,88.63548278808594,92.26080322265625,90.56757354736328
M9_YLUR_SHUR,9,LUR,HUR,2025-01-13,2025-01-14,2,Yd,1354.0833740234375,1349.003662109375,1345.8115234375,1352.8909912109375,1350.1357421875
M9_YLUR_SHUR,9,LUR,HUR,2025-01-13,2025-01-14,2,TSE,1701.19189453125,1351.259033203125,1365.5263671875,1359.4605712890625,1346.0511474609375
M9_YLUR_SHUR,9,LUR,HUR,2025-01-13,2025-01-14,2,TSEC,101.00875091552734,90.14640808105469,89.36443328857422,92.42119598388672,90.49188995361328
M9_YLUR_SHUR,9,LUR,HUR,2025-01-13,2025-01-15,3,Yd,1368.27685546875,1349.003662109375,1346.9510498046875,1354.2606201171875,1350.6400146484375
M9_YLUR_SHUR,9,LUR,HUR,2025-01-13,2025-01-15,3,TSE,1325.858154296875,1351.259033203125,1362.977783203125,1355.4305419921875,1346.3043212890625
M9_YLUR_SHUR,9,LUR,HUR,2025-01-13,2025-01-15,3,TSEC,102.53176879882812,90.14640808105469,88.64164733886719,92.44483947753906,90.15605163574219
M9_YLUR_SHUR,9,LUR,HUR,2025-01-14,2025-01-14,1,Yd,1354.0833740234375,1349.020751953125,1346.4564208984375,1349.1278076171875,1349.6353759765625
M9_YLUR_SHUR,9,LUR,HUR,2025-01-14,2025-01-14,1,TSE,1701.19189453125,1351.2249755859375,1360.868896484375,1370.1256103515625,1348.4224853515625
M9_YLUR_SHUR,9,LUR,HUR,2025-01-14,2025-01-14,1,TSEC,101.00875091552734,90.13976287841797,89.56149291992188,92.59566497802734,90.3663101196289
M9_YLUR_SHUR,9,LUR,HUR,2025-01-14,2025-01-15,2,Yd,1368.27685546875,1349.020751953125,1347.1002197265625,1349.4832763671875,1350.101806640625
M9_YLUR_SHUR,9,LUR,HUR,2025-01-14,2025-01-15,2,TSE,1325.858154296875,1351.2249755859375,1362.800048828125,1367.9525146484375,1348.5450439453125
M9_YLUR_SHUR,9,LUR,HUR,2025-01-14,2025-01-15,2,TSEC,102.53176879882812,90.13976287841797,88.3064956665039,93.4466781616211,90.09945678710938
M9_YLUR_SHUR,9,LUR,HUR,2025-01-14,2025-01-16,3,Yd,1345.0299072265625,1349.020751953125,1347.752197265625,1351.2415771484375,1350.372314453125
M9_YLUR_SHUR,9,LUR,HUR,2025-01-14,2025-01-16,3,TSE,1290.0364990234375,1351.2249755859375,1361.3216552734375,1381.1883544921875,1347.3929443359375
M9_YLUR_SHUR,9,LUR,HUR,2025-01-14,2025-01-16,3,TSEC,79.0126724243164,90.13976287841797,88.96881103515625,92.97276306152344,89.66813659667969
M9_YLUR_SHUR,9,LUR,HUR,2025-01-15,2025-01-15,1,Yd,1368.27685546875,1349.0274658203125,1347.166259765625,1351.1712646484375,1349.2791748046875
M9_YLUR_SHUR,9,LUR,HUR,2025-01-15,2025-01-15,1,TSE,1325.858154296875,1351.69482421875,1353.20166015625,1382.6929931640625,1352.1009521484375
M9_YLUR_SHUR,9,LUR,HUR,2025-01-15,2025-01-15,1,TSEC,102.53176879882812,90.15435028076172,87.80311584472656,93.12237548828125,90.320068359375
M9_YLUR_SHUR,9,LUR,HUR,2025-01-15,2025-01-16,2,Yd,1345.0299072265625,1349.0274658203125,1346.6002197265625,1350.673095703125,1349.2763671875
M9_YLUR_SHUR,9,LUR,HUR,2025-01-15,2025-01-16,2,TSE,1290.0364990234375,1351.69482421875,1338.4805908203125,1306.3885498046875,1352.896240234375
M9_YLUR_SHUR,9,LUR,HUR,2025-01-15,2025-01-16,2,TSEC,79.0126724243164,90.15435028076172,89.73690795898438,94.62860870361328,90.20195770263672
M9_YLUR_SHUR,9,LUR,HUR,2025-01-15,2025-01-17,3,Yd,1358.75634765625,1349.0274658203125,1347.6412353515625,1351.783447265625,1349.0020751953125
M9_YLUR_SHUR,9,LUR,HUR,2025-01-15,2025-01-17,3,TSE,1329.983154296875,1351.69482421875,1364.3431396484375,1346.5321044921875,1352.16796875
M9_YLUR_SHUR,9,LUR,HUR,2025-01-15,2025-01-17,3,TSEC,84.02767181396484,90.15435028076172,88.99054718017578,94.2398910522461,90.42034149169922
M9_YLUR_SHUR,9,LUR,HUR,2025-01-16,2025-01-16,1,Yd,1345.0299072265625,1349.0533447265625,1352.2822265625,1347.8748779296875,1348.971923828125
M9_YLUR_SHUR,9,LUR,HUR,2025-01-16,2025-01-16,1,TSE,1290.0364990234375,1351.66015625,1364.659423828125,1379.947265625,1351.3841552734375
M9_YLUR_SHUR,9,LUR,HUR,2025-01-16,2025-01-16,1,TSEC,79.0126724243164,90.17094421386719,89.15009307861328,91.09879302978516,90.43724060058594
M9_YLUR_SHUR,9,LUR,HUR,2025-01-16,2025-01-17,2,Yd,1358.75634765625,1349.0533447265625,1349.2147216796875,1346.7222900390625,1348.660400390625
M9_YLUR_SHUR,9,LUR,HUR,2025-01-16,2025-01-17,2,TSE,1329.983154296875,1351.66015625,1355.113525390625,1365.0084228515625,1350.8297119140625
M9_YLUR_SHUR,9,LUR,HUR,2025-01-16,2025-01-17,2,TSEC,84.02767181396484,90.17094421386719,89.80245208740234,93.44287872314453,90.87895202636719
M9_YLUR_SHUR,9,LUR,HUR,2025-01-16,2025-01-18,3,Yd,1335.2216796875,1349.0533447265625,1352.3004150390625,1351.4862060546875,1348.58056640625
M9_YLUR_SHUR,9,LUR,HUR,2025-01-16,2025-01-18,3,TSE,1306.62060546875,1351.66015625,1363.2540283203125,1323.692626953125,1343.767333984375
M9_YLUR_SHUR,9,LUR,HUR,2025-01-16,2025-01-18,3,TSEC,100.80955505371094,90.17094421386719,89.36831665039062,95.28206634521484,91.20367431640625
M9_YLUR_SHUR,9,LUR,HUR,2025-01-17,2025-01-17,1,Yd,1358.75634765625,1349.0479736328125,1347.6494140625,1349.9656982421875,1348.970703125
M9_YLUR_SHUR,9,LUR,HUR,2025-01-17,2025-01-17,1,TSE,1329.983154296875,1351.57763671875,1351.9249267578125,1326.29736328125,1347.1552734375
M9_YLUR_SHUR,9,LUR,HUR,2025-01-17,2025-01-17,1,TSEC,84.02767181396484,90.15599822998047,90.14334869384766,91.33219909667969,90.563720703125
M9_YLUR_SHUR,9,LUR,HUR,2025-01-17,2025-01-18,2,Yd,1335.2216796875,1349.0479736328125,1346.4451904296875,1351.4852294921875,1349.024658203125
M9_YLUR_SHUR,9,LUR,HUR,2025-01-17,2025-01-18,2,TSE,1306.62060546875,1351.57763671875,1363.991943359375,1278.237060546875,1340.924072265625
M9_YLUR_SHUR,9,LUR,HUR,2025-01-17,2025-01-18,2,TSEC,100.80955505371094,90.15599822998047,88.88677215576172,91.90261840820312,90.8970718383789
M9_YLUR_SHUR,9,LUR,HUR,2025-01-17,2025-01-19,3,Yd,1361.4769287109375,1349.0479736328125,1349.92822265625,1355.494384765625,1349.509521484375
M9_YLUR_SHUR,9,LUR,HUR,2025-01-17,2025-01-19,3,TSE,942.3233032226562,1351.57763671875,1352.7176513671875,1258.2723388671875,1334.77685546875
M9_YLUR_SHUR,9,LUR,HUR,2025-01-17,2025-01-19,3,TSEC,93.87429809570312,90.15599822998047,89.43081665039062,92.64605712890625,91.0059585571289
M9_YLUR_SHUR,9,LUR,HUR,2025-01-18,2025-01-18,1,Yd,1335.2216796875,1349.0609130859375,1347.9453125,1346.8790283203125,1349.2218017578125
M9_YLUR_SHUR,9,LUR,HUR,2025-01-18,2025-01-18,1,TSE,1306.62060546875,1351.548828125,1360.1280517578125,1342.44189453125,1342.492919921875
M9_YLUR_SHUR,9,LUR,HUR,2025-01-18,2025-01-18,1,TSEC,100.80955505371094,90.14781188964844,89.06157684326172,90.206298828125,90.66046905517578
M9_YLUR_SHUR,9,LUR,HUR,2025-01-18,2025-01-19,2,Yd,1361.4769287109375,1349.0609130859375,1346.591064453125,1350.4205322265625,1349.8460693359375
M9_YLUR_SHUR,9,LUR,HUR,2025-01-18,2025-01-19,2,TSE,942.3233032226562,1351.548828125,1361.228515625,1312.8577880859375,1337.649658203125
M9_YLUR_SHUR,9,LUR,HUR,2025-01-18,2025-01-19,2,TSEC,93.87429809570312,90.14781188964844,89.15339660644531,89.91763305664062,90.81997680664062
M9_YLUR_SHUR,9,LUR,HUR,2025-01-18,2025-01-20,3,Yd,1366.3753662109375,1349.0609130859375,1348.2596435546875,1353.1829833984375,1350.3536376953125
M9_YLUR_SHUR,9,LUR,HUR,2025-01-18,2025-01-20,3,TSE,1534.47265625,1351.548828125,1362.3631591796875,1314.5435791015625,1336.94091796875
M9_YLUR_SHUR,9,LUR,HUR,2025-01-18,2025-01-20,3,TSEC,94.4295425415039,90.14781188964844,89.07848358154297,89.333740234375,90.96392822265625
M9_YLUR_SHUR,9,LUR,HUR,2025-01-19,2025-01-19,1,Yd,1361.4769287109375,1349.0423583984375,1349.07470703125,1351.0721435546875,1349.5791015625
M9_YLUR_SHUR,9,LUR,HUR,2025-01-19,2025-01-19,1,TSE,942.3233032226562,1351.48876953125,1361.3831787109375,1359.5013427734375,1342.206787109375
M9_YLUR_SHUR,9,LUR,HUR,2025-01-19,2025-01-19,1,TSEC,93.87429809570312,90.16204833984375,88.87599182128906,91.80730438232422,90.54779815673828
M9_YLUR_SHUR,9,LUR,HUR,2025-01-19,2025-01-20,2,Yd,1366.3753662109375,1349.0423583984375,1350.7265625,1346.3067626953125,1349.9193115234375
M9_YLUR_SHUR,9,LUR,HUR,2025-01-19,2025-01-20,2,TSE,1534.47265625,1351.48876953125,1370.421142578125,1316.0858154296875,1340.378662109375
M9_YLUR_SHUR,9,LUR,HUR,2025-01-19,2025-01-20,2,TSEC,94.4295425415039,90.16204833984375,89.53411865234375,91.64107513427734,90.78868103027344
M9_YLUR_SHUR,9,LUR,HUR,2025-01-19,2025-01-21,3,Yd,1324.3326416015625,1349.0423583984375,1347.9595947265625,1348.79345703125,1350.2149658203125
M9_YLUR_SHUR,9,LUR,HUR,2025-01-19,2025-01-21,3,TSE,1417.735107421875,1351.48876953125,1368.296875,1343.7767333984375,1343.0767822265625
M9_YLUR_SHUR,9,LUR,HUR,2025-01-19,2025-01-21,3,TSEC,92.32569885253906,90.16204833984375,89.41080474853516,92.14185333251953,90.72647857666016
M9_YLUR_SHUR,9,LUR,HUR,2025-01-20,2025-01-20,1,Yd,1366.3753662109375,1349.0589599609375,1352.2169189453125,1348.412353515625,1349.4619140625
M9_YLUR_SHUR,9,LUR,HUR,2025-01-20,2025-01-20,1,TSE,1534.47265625,1350.943115234375,1358.389404296875,1342.7130126953125,1345.8516845703125
M9_YLUR_SHUR,9,LUR,HUR,2025-01-20,2025-01-20,1,TSEC,94.4295425415039,90.16699981689453,89.91162872314453,89.76739501953125,90.47206115722656
M9_YLUR_SHUR,9,LUR,HUR,2025-01-20,2025-01-21,2,Yd,1324.3326416015625,1349.0589599609375,1349.49951171875,1347.1876220703125,1349.8289794921875
M9_YLUR_SHUR,9,LUR,HUR,2025-01-20,2025-01-21,2,TSE,1417.735107421875,1350.943115234375,1388.306396484375,1358.2384033203125,1344.83203125
M9_YLUR_SHUR,9,LUR,HUR,2025-01-20,2025-01-21,2,TSEC,92.32569885253906,90.16699981689453,90.53367614746094,90.37947845458984,90.40552520751953
M9_YLUR_SHUR,9,LUR,HUR,2025-01-20,2025-01-22,3,Yd,1346.7655029296875,1349.0589599609375,1350.304931640625,1347.7974853515625,1350.3404541015625
M9_YLUR_SHUR,9,LUR,HUR,2025-01-20,2025-01-22,3,TSE,1233.5072021484375,1350.943115234375,1359.2066650390625,1358.2275390625,1343.1419677734375
M9_YLUR_SHUR,9,LUR,HUR,2025-01-20,2025-01-22,3,TSEC,101.18468475341797,90.16699981689453,90.6590576171875,91.08786010742188,90.10417938232422
M9_YLUR_SHUR,9,LUR,HUR,2025-01-21,2025-01-21,1,Yd,1324.3326416015625,1349.08203125,1349.406005859375,1352.3731689453125,1349.4024658203125
M9_YLUR_SHUR,9,LUR,HUR,2025-01-21,2025-01-21,1,TSE,1417.735107421875,1351.1876220703125,1350.993896484375,1385.04443359375,1348.41259765625
M9_YLUR_SHUR,9,LUR,HUR,2025-01-21,2025-01-21,1,TSEC,92.32569885253906,90.17266845703125,89.371337890625,91.86639404296875,90.45915222167969
M9_YLUR_SHUR,9,LUR,HUR,2025-01-21,2025-01-22,2,Yd,1346.7655029296875,1349.08203125,1350.0836181640625,1348.8509521484375,1349.844482421875
M9_YLUR_SHUR,9,LUR,HUR,2025-01-21,2025-01-22,2,TSE,1233.5072021484375,1351.1876220703125,1356.652099609375,1351.150634765625,1348.469970703125
M9_YLUR_SHUR,9,LUR,HUR,2025-01-21,2025-01-22,2,TSEC,101.18468475341797,90.17266845703125,90.03379821777344,93.0841293334961,90.37117767333984
M9_YLUR_SHUR,9,LUR,HUR,2025-01-21,2025-01-23,3,Yd,1356.8062744140625,1349.08203125,1351.4193115234375,1350.506103515625,1349.885498046875
M9_YLUR_SHUR,9,LUR,HUR,2025-01-21,2025-01-23,3,TSE,1245.8245849609375,1351.1876220703125,1354.7301025390625,1334.4752197265625,1348.140869140625
M9_YLUR_SHUR,9,LUR,HUR,2025-01-21,2025-01-23,3,TSEC,80.9443130493164,90.17266845703125,89.08367156982422,93.52059173583984,90.10648345947266
M9_YLUR_SHUR,9,LUR,HUR,2025-01-22,2025-01-22,1,Yd,1346.7655029296875,1349.0491943359375,1347.3721923828125,1350.5958251953125,1349.3690185546875
M9_YLUR_SHUR,9,LUR,HUR,2025-01-22,2025-01-22,1,TSE,1233.5072021484375,1351.276123046875,1359.53125,1389.3602294921875,1350.785400390625
M9_YLUR_SHUR,9,LUR,HUR,2025-01-22,2025-01-22,1,TSEC,101.18468475341797,90.17552947998047,89.9321060180664,93.88456726074219,90.26922607421875
M9_YLUR_SHUR,9,LUR,HUR,2025-01-22,2025-01-23,2,Yd,1356.8062744140625,1349.0491943359375,1348.751953125,1350.247314453125,1349.35791015625
M9_YLUR_SHUR,9,LUR,HUR,2025-01-22,2025-01-23,2,TSE,1245.8245849609375,1351.276123046875,1351.8736572265625,1363.992919921875,1351.246337890625
M9_YLUR_SHUR,9,LUR,HUR,2025-01-22,2025-01-23,2,TSEC,80.9443130493164,90.17552947998047,89.14895629882812,94.2882080078125,90.13584899902344
M9_YLUR_SHUR,9,LUR,HUR,2025-01-22,2025-01-24,3,Yd,1358.208984375,1349.0491943359375,1346.6998291015625,1353.94921875,1349.16796875
M9_YLUR_SHUR,9,LUR,HUR,2025-01-22,2025-01-24,3,TSE,1397.175537109375,1351.276123046875,1358.9202880859375,1359.4217529296875,1350.3741455078125
M9_YLUR_SHUR,9,LUR,HUR,2025-01-22,2025-01-24,3,TSEC,105.69912719726562,90.17552947998047,89.65874481201172,93.7882308959961,90.30162811279297
M9_YLUR_SHUR,9,LUR,HUR,2025-01-23,2025-01-23,1,Yd,1356.8062744140625,1349.046142578125,1350.5616455078125,1351.3887939453125,1349.1019287109375
M9_YLUR_SHUR,9,LUR,HUR,2025-01-23,2025-01-23,1,TSE,1245.8245849609375,1351.11962890625,1360.3614501953125,1367.5413818359375,1350.0714111328125
M9_YLUR_SHUR,9,LUR,HUR,2025-01-23,2025-01-23,1,TSEC,80.9443130493164,90.19015502929688,88.94078063964844,92.76946258544922,90.26680755615234
M9_YLUR_SHUR,9,LUR,HUR,2025-01-23,2025-01-24,2,Yd,1358.208984375,1349.046142578125,1347.4150390625,1350.509765625,1348.9588623046875
M9_YLUR_SHUR,9,LUR,HUR,2025-01-23,2025-01-24,2,TSE,1397.175537109375,1351.11962890625,1359.7188720703125,1344.38427734375,1349.204345703125
M9_YLUR_SHUR,9,LUR,HUR,2025-01-23,2025-01-24,2,TSEC,105.69912719726562,90.19015502929688,89.8924789428711,93.48419952392578,90.47885131835938
M9_YLUR_SHUR,9,LUR,HUR,2025-01-23,2025-01-25,3,Yd,1349.5198974609375,1349.046142578125,1350.8536376953125,1350.5980224609375,1348.96533203125
M9_YLUR_SHUR,9,LUR,HUR,2025-01-23,2025-01-25,3,TSE,1512.950927734375,1351.11962890625,1360.5909423828125,1317.1116943359375,1341.7293701171875
M9_YLUR_SHUR,9,LUR,HUR,2025-01-23,2025-01-25,3,TSEC,86.11726379394531,90.19015502929688,89.77425384521484,92.55616760253906,90.78050231933594
M9_YLUR_SHUR,9,LUR,HUR,2025-01-24,2025-01-24,1,Yd,1358.208984375,1349.056396484375,1346.264892578125,1348.3162841796875,1349.025634765625
M9_YLUR_SHUR,9,LUR,HUR,2025-01-24,2025-01-24,1,TSE,1397.175537109375,1350.9801025390625,1362.0638427734375,1328.2392578125,1346.560302734375
M9_YLUR_SHUR,9,LUR,HUR,2025-01-24,2025-01-24,1,TSEC,105.69912719726562,90.17789459228516,89.98393249511719,90.79779052734375,90.48171997070312
M9_YLUR_SHUR,9,LUR,HUR,2025-01-24,2025-01-25,2,Yd,1349.5198974609375,1349.056396484375,1348.1732177734375,1346.348876953125,1349.064208984375
M9_YLUR_SHUR,9,LUR,HUR,2025-01-24,2025-01-25,2,TSE,1512.950927734375,1350.9801025390625,1363.8995361328125,1315.364501953125,1339.24365234375
M9_YLUR_SHUR,9,LUR,HUR,2025-01-24,2025-01-25,2,TSEC,86.11726379394531,90.17789459228516,89.44332122802734,90.12787628173828,90.79503631591797
M9_YLUR_SHUR,9,LUR,HUR,2025-01-24,2025-01-26,3,Yd,1350.8291015625,1349.056396484375,1347.05615234375,1351.6639404296875,1349.375
M9_YLUR_SHUR,9,LUR,HUR,2025-01-24,2025-01-26,3,TSE,1243.0037841796875,1350.9801025390625,1361.882568359375,1327.035400390625,1333.711181640625
M9_YLUR_SHUR,9,LUR,HUR,2025-01-24,2025-01-26,3,TSEC,100.58135223388672,90.17789459228516,89.97826385498047,90.84782409667969,90.83981323242188
M9_YLUR_SHUR,9,LUR,HUR,2025-01-25,2025-01-25,1,Yd,1349.5198974609375,1349.068603515625,1348.1417236328125,1349.667236328125,1348.9378662109375
M9_YLUR_SHUR,9,LUR,HUR,2025-01-25,2025-01-25,1,TSE,1512.950927734375,1351.041259765625,1354.5008544921875,1346.1590576171875,1341.4228515625
M9_YLUR_SHUR,9,LUR,HUR,2025-01-25,2025-01-25,1,TSEC,86.11726379394531,90.19844818115234,88.85488891601562,92.27056121826172,90.77152252197266
M9_YLUR_SHUR,9,LUR,HUR,2025-01-25,2025-01-26,2,Yd,1350.8291015625,1349.068603515625,1346.8046875,1349.6326904296875,1349.15087890625
M9_YLUR_SHUR,9,LUR,HUR,2025-01-25,2025-01-26,2,TSE,1243.0037841796875,1351.041259765625,1356.9053955078125,1324.4061279296875,1336.225341796875
M9_YLUR_SHUR,9,LUR,HUR,2025-01-25,2025-01-26,2,TSEC,100.58135223388672,90.19844818115234,90.7876968383789,90.96975708007812,91.06089782714844
M9_YLUR_SHUR,9,LUR,HUR,2025-01-25,2025-01-27,3,Yd,1361.2318115234375,1349.068603515625,1347.56640625,1354.6536865234375,1349.5078125
M9_YLUR_SHUR,9,LUR,HUR,2025-01-25,2025-01-27,3,TSE,1260.793212890625,1351.041259765625,1366.78369140625,1350.39208984375,1335.2161865234375
M9_YLUR_SHUR,9,LUR,HUR,2025-01-25,2025-01-27,3,TSEC,108.12539672851562,90.19844818115234,89.4014892578125,91.48271179199219,91.1029281616211
M9_YLUR_SHUR,9,LUR,HUR,2025-01-26,2025-01-26,1,Yd,1350.8291015625,1349.069091796875,1349.7835693359375,1350.4320068359375,1349.339111328125
M9_YLUR_SHUR,9,LUR,HUR,2025-01-26,2025-01-26,1,TSE,1243.0037841796875,1351.2554931640625,1345.4359130859375,1315.9085693359375,1341.4637451171875
M9_YLUR_SHUR,9,LUR,HUR,2025-01-26,2025-01-26,1,TSEC,100.58135223388672,90.19306182861328,90.9223861694336,91.17848205566406,90.74714660644531
M9_YLUR_SHUR,9,LUR,HUR,2025-01-26,2025-01-27,2,Yd,1361.2318115234375,1349.069091796875,1350.938720703125,1348.7530517578125,1349.64599609375
M9_YLUR_SHUR,9,LUR,HUR,2025-01-26,2025-01-27,2,TSE,1260.793212890625,1351.2554931640625,1361.0677490234375,1331.71923828125,1338.881591796875
M9_YLUR_SHUR,9,LUR,HUR,2025-01-26,2025-01-27,2,TSEC,108.12539672851562,90.19306182861328,89.21957397460938,90.9559097290039,91.03182220458984
M9_YLUR_SHUR,9,LUR,HUR,2025-01-26,2025-01-28,3,Yd,1355.4542236328125,1349.069091796875,1350.309814453125,1351.63134765625,1349.7479248046875
M9_YLUR_SHUR,9,LUR,HUR,2025-01-26,2025-01-28,3,TSE,1223.70654296875,1351.2554931640625,1355.9964599609375,1330.9268798828125,1340.4443359375
M9_YLUR_SHUR,9,LUR,HUR,2025-01-26,2025-01-28,3,TSEC,94.09381103515625,90.19306182861328,90.49542236328125,91.9918212890625,91.0663070678711
M9_YLUR_SHUR,9,LUR,HUR,2025-01-27,2025-01-27,1,Yd,1361.2318115234375,1349.071533203125,1351.0341796875,1354.27392578125,1349.2821044921875
M9_YLUR_SHUR,9,LUR,HUR,2025-01-27,2025-01-27,1,TSE,1260.793212890625,1351.1124267578125,1359.1964111328125,1366.916748046875,1344.514892578125
M9_YLUR_SHUR,9,LUR,HUR,2025-01-27,2025-01-27,1,TSEC,108.12539672851562,90.20677947998047,88.07553100585938,92.88201904296875,90.6353988647461
M9_YLUR_SHUR,9,LUR,HUR,2025-01-27,2025-01-28,2,Yd,1355.4542236328125,1349.071533203125,1350.3863525390625,1351.4974365234375,1349.4486083984375
M9_YLUR_SHUR,9,LUR,HUR,2025-01-27,2025-01-28,2,TSE,1223.70654296875,1351.1124267578125,1392.4439697265625,1368.6812744140625,1345.6895751953125
M9_YLUR_SHUR,9,LUR,HUR,2025-01-27,2025-01-28,2,TSEC,94.09381103515625,90.20677947998047,91.54855346679688,92.57263946533203,90.8087158203125
M9_YLUR_SHUR,9,LUR,HUR,2025-01-27,2025-01-29,3,Yd,1343.351318359375,1349.071533203125,1349.8863525390625,1352.123291015625,1349.7032470703125
M9_YLUR_SHUR,9,LUR,HUR,2025-01-27,2025-01-29,3,TSE,1435.094482421875,1351.1124267578125,1356.5496826171875,1379.9349365234375,1346.5279541015625
M9_YLUR_SHUR,9,LUR,HUR,2025-01-27,2025-01-29,3,TSEC,93.48262786865234,90.20677947998047,89.22921752929688,92.39982604980469,90.61298370361328
M9_YLUR_SHUR,9,LUR,HUR,2025-01-28,2025-01-28,1,Yd,1355.4542236328125,1349.0875244140625,1351.5009765625,1350.9140625,1349.1302490234375
M9_YLUR_SHUR,9,LUR,HUR,2025-01-28,2025-01-28,1,TSE,1223.70654296875,1350.9932861328125,1354.92919921875,1379.6201171875,1347.6334228515625
M9_YLUR_SHUR,9,LUR,HUR,2025-01-28,2025-01-28,1,TSEC,94.09381103515625,90.23041534423828,90.24066925048828,89.40771484375,90.4607925415039
M9_YLUR_SHUR,9,LUR,HUR,2025-01-28,2025-01-29,2,Yd,1343.351318359375,1349.0875244140625,1350.8670654296875,1347.3499755859375,1349.255615234375
M9_YLUR_SHUR,9,LUR,HUR,2025-01-28,2025-01-29,2,TSE,1435.094482421875,1350.9932861328125,1357.3814697265625,1365.7431640625,1346.9140625
M9_YLUR_SHUR,9,LUR,HUR,2025-01-28,2025-01-29,2,TSEC,93.48262786865234,90.23041534423828,90.62665557861328,90.98846435546875,90.33292388916016
M9_YLUR_SHUR,9,LUR,HUR,2025-01-28,2025-01-30,3,Yd,1332.4571533203125,1349.0875244140625,1352.5416259765625,1349.078369140625,1349.153076171875
M9_YLUR_SHUR,9,LUR,HUR,2025-01-28,2025-01-30,3,TSE,1439.0650634765625,1350.9932861328125,1357.496826171875,1373.3834228515625,1347.0679931640625
M9_YLUR_SHUR,9,LUR,HUR,2025-01-28,2025-01-30,3,TSEC,81.78988647460938,90.23041534423828,89.83602905273438,91.42469024658203,90.16963195800781
M9_YLUR_SHUR,9,LUR,HUR,2025-01-29,2025-01-29,1,Yd,1343.351318359375,1349.095947265625,1348.0618896484375,1349.2650146484375,1349.03564453125
M9_YLUR_SHUR,9,LUR,HUR,2025-01-29,2025-01-29,1,TSE,1435.094482421875,1350.8255615234375,1359.8695068359375,1380.367431640625,1349.1358642578125
M9_YLUR_SHUR,9,LUR,HUR,2025-01-29,2025-01-29,1,TSEC,93.48262786865234,90.23550415039062,90.45121002197266,91.79206848144531,90.26837158203125
M9_YLUR_SHUR,9,LUR,HUR,2025-01-29,2025-01-30,2,Yd,1332.4571533203125,1349.095947265625,1347.133544921875,1344.283447265625,1348.836669921875
M9_YLUR_SHUR,9,LUR,HUR,2025-01-29,2025-01-30,2,TSE,1439.0650634765625,1350.8255615234375,1360.2119140625,1367.57421875,1348.8909912109375
M9_YLUR_SHUR,9,LUR,HUR,2025-01-29,2025-01-30,2,TSEC,81.78988647460938,90.23550415039062,90.00216674804688,92.89884948730469,90.25065612792969
M9_YLUR_SHUR,9,LUR,HUR,2025-01-29,2025-01-31,3,Yd,1351.790283203125,1349.095947265625,1348.3624267578125,1347.45068359375,1348.516845703125
M9_YLUR_SHUR,9,LUR,HUR,2025-01-29,2025-01-31,3,TSE,1318.8779296875,1350.8255615234375,1360.759521484375,1360.7489013671875,1347.9617919921875
M9_YLUR_SHUR,9,LUR,HUR,2025-01-29,2025-01-31,3,TSEC,104.6025161743164,90.23550415039062,90.62232971191406,92.52587890625,90.68964385986328
M9_YLUR_SHUR,9,LUR,HUR,2025-01-30,2025-01-30,1,Yd,1332.4571533203125,1349.08837890625,1348.5120849609375,1349.7666015625,1348.6812744140625
M9_YLUR_SHUR,9,LUR,HUR,2025-01-30,2025-01-30,1,TSE,1439.0650634765625,1350.9365234375,1350.5816650390625,1366.9208984375,1350.621826171875
M9_YLUR_SHUR,9,LUR,HUR,2025-01-30,2025-01-30,1,TSEC,81.78988647460938,90.23978424072266,89.94115447998047,92.86504364013672,90.49734497070312
M9_YLUR_SHUR,9,LUR,HUR,2025-01-30,2025-01-31,2,Yd,1351.790283203125,1349.08837890625,1347.6021728515625,1346.7177734375,1348.189697265625
M9_YLUR_SHUR,9,LUR,HUR,2025-01-30,2025-01-31,2,TSE,1318.8779296875,1350.9365234375,1356.0748291015625,1353.2054443359375,1348.7242431640625
M9_YLUR_SHUR,9,LUR,HUR,2025-01-30,2025-01-31,2,TSEC,104.6025161743164,90.23978424072266,90.71963500976562,91.61717224121094,90.93151092529297
M9_YLUR_SHUR,9,LUR,HUR,2025-01-30,2025-02-01,3,Yd,1356.927001953125,1349.08837890625,1348.6649169921875,1352.05224609375,1348.01318359375
M9_YLUR_SHUR,9,LUR,HUR,2025-01-30,2025-02-01,3,TSE,1362.3126220703125,1350.9365234375,1360.8232421875,1341.9537353515625,1341.052490234375
M9_YLUR_SHUR,9,LUR,HUR,2025-01-30,2025-02-01,3,TSEC,86.9486083984375,90.23978424072266,90.11466217041016,92.72933959960938,91.38829040527344
M9_YLUR_SHUR,9,LUR,HUR,2025-01-31,2025-01-31,1,Yd,1351.790283203125,1349.0665283203125,1347.1278076171875,1349.7877197265625,1348.6070556640625
M9_YLUR_SHUR,9,LUR,HUR,2025-01-31,2025-01-31,1,TSE,1318.8779296875,1351.05224609375,1358.4620361328125,1359.55712890625,1345.6641845703125
M9_YLUR_SHUR,9,LUR,HUR,2025-01-31,2025-01-31,1,TSEC,104.6025161743164,90.22866821289062,91.23161315917969,95.04000091552734,90.65322875976562
M9_YLUR_SHUR,9,LUR,HUR,2025-01-31,2025-02-01,2,Yd,1356.927001953125,1349.0665283203125,1351.043701171875,1348.74169921875,1348.419921875
M9_YLUR_SHUR,9,LUR,HUR,2025-01-31,2025-02-01,2,TSE,1362.3126220703125,1351.05224609375,1359.19287109375,1345.5556640625,1338.0899658203125
M9_YLUR_SHUR,9,LUR,HUR,2025-01-31,2025-02-01,2,TSEC,86.9486083984375,90.22866821289062,89.7374267578125,93.12321472167969,91.10417175292969
M9_YLUR_SHUR,9,LUR,HUR,2025-01-31,2025-02-02,3,Yd,1345.878662109375,1349.0665283203125,1348.5516357421875,1351.2838134765625,1348.7518310546875
M9_YLUR_SHUR,9,LUR,HUR,2025-01-31,2025-02-02,3,TSE,1436.604248046875,1351.05224609375,1356.5108642578125,1335.4683837890625,1331.2012939453125
M9_YLUR_SHUR,9,LUR,HUR,2025-01-31,2025-02-02,3,TSEC,94.02566528320312,90.22866821289062,90.86615753173828,92.56038665771484,91.39934539794922
M9_YLUR_SHUR,9,LUR,HUR,2025-02-01,2025-02-01,1,Yd,1356.927001953125,1349.070068359375,1351.5599365234375,1348.7183837890625,1348.7384033203125
M9_YLUR_SHUR,9,LUR,HUR,2025-02-01,2025-02-01,1,TSE,1362.3126220703125,1351.010009765625,1358.425537109375,1357.3599853515625,1340.492919921875
M9_YLUR_SHUR,9,LUR,HUR,2025-02-01,2025-02-01,1,TSEC,86.9486083984375,90.2475357055664,88.67037200927734,92.78656005859375,90.87164306640625
M9_YLUR_SHUR,9,LUR,HUR,2025-02-01,2025-02-02,2,Yd,1345.878662109375,1349.070068359375,1348.980712890625,1350.97119140625,1348.80859375
M9_YLUR_SHUR,9,LUR,HUR,2025-02-01,2025-02-02,2,TSE,1436.604248046875,1351.010009765625,1358.7977294921875,1336.9254150390625,1334.8192138671875
M9_YLUR_SHUR,9,LUR,HUR,2025-02-01,2025-02-02,2,TSEC,94.02566528320312,90.2475357055664,92.4700927734375,91.1925048828125,91.26461791992188
M9_YLUR_SHUR,9,LUR,HUR,2025-02-01,2025-02-03,3,Yd,1345.6722412109375,1349.070068359375,1349.7320556640625,1353.08837890625,1349.120849609375
M9_YLUR_SHUR,9,LUR,HUR,2025-02-01,2025-02-03,3,TSE,1242.6483154296875,1351.010009765625,1358.52099609375,1362.34814453125,1333.4427490234375
M9_YLUR_SHUR,9,LUR,HUR,2025-02-01,2025-02-03,3,TSEC,82.93897247314453,90.2475357055664,90.36763763427734,91.39247131347656,91.34053802490234
M9_YLUR_SHUR,9,LUR,HUR,2025-02-02,2025-02-02,1,Yd,1345.878662109375,1349.0804443359375,1350.4326171875,1349.43359375,1349.1885986328125
M9_YLUR_SHUR,9,LUR,HUR,2025-02-02,2025-02-02,1,TSE,1436.604248046875,1351.02490234375,1354.39599609375,1336.521484375,1340.7154541015625
M9_YLUR_SHUR,9,LUR,HUR,2025-02-02,2025-02-02,1,TSEC,94.02566528320312,90.24320983886719,91.46845245361328,91.90949249267578,90.7759017944336
M9_YLUR_SHUR,9,LUR,HUR,2025-02-02,2025-02-03,2,Yd,1345.6722412109375,1349.0804443359375,1347.9853515625,1352.32080078125,1349.4127197265625
M9_YLUR_SHUR,9,LUR,HUR,2025-02-02,2025-02-03,2,TSE,1242.6483154296875,1351.02490234375,1363.6109619140625,1354.9923095703125,1337.9022216796875
M9_YLUR_SHUR,9,LUR,HUR,2025-02-02,2025-02-03,2,TSEC,82.93897247314453,90.24320983886719,90.6417236328125,91.35382080078125,91.02983093261719
M9_YLUR_SHUR,9,LUR,HUR,2025-02-02,2025-02-04,3,Yd,1339.1749267578125,1349.0804443359375,1347.862548828125,1353.043701171875,1349.3853759765625
M9_YLUR_SHUR,9,LUR,HUR,2025-02-02,2025-02-04,3,TSE,1266.28173828125,1351.02490234375,1364.8602294921875,1346.9827880859375,1338.6905517578125
M9_YLUR_SHUR,9,LUR,HUR,2025-02-02,2025-02-04,3,TSEC,75.28411102294922,90.24320983886719,90.91539001464844,92.94857788085938,91.07107543945312
M9_YLUR_SHUR,9,LUR,HUR,2025-02-03,2025-02-03,1,Yd,1345.6722412109375,1349.0762939453125,1347.96435546875,1351.907958984375,1349.2152099609375
M9_YLUR_SHUR,9,LUR,HUR,2025-02-03,2025-02-03,1,TSE,1242.6483154296875,1351.136962890625,1353.17626953125,1365.9205322265625,1343.4208984375
M9_YLUR_SHUR,9,LUR,HUR,2025-02-03,2025-02-03,1,TSEC,82.93897247314453,90.24816131591797,91.0622787475586,92.3327407836914,90.7431640625
M9_YLUR_SHUR,9,LUR,HUR,2025-02-03,2025-02-04,2,Yd,1339.1749267578125,1349.0762939453125,1347.9874267578125,1350.0926513671875,1349.253173828125
M9_YLUR_SHUR,9,LUR,HUR,2025-02-03,2025-02-04,2,TSE,1266.28173828125,1351.136962890625,1354.6328125,1351.9627685546875,1343.177490234375
M9_YLUR_SHUR,9,LUR,HUR,2025-02-03,2025-02-04,2,TSEC,75.28411102294922,90.24816131591797,91.59068298339844,92.15280151367188,90.89083099365234
M9_YLUR_SHUR,9,LUR,HUR,2025-02-03,2025-02-05,3,Yd,1356.840087890625,1349.0762939453125,1348.39208984375,1350.637939453125,1349.2337646484375
M9_YLUR_SHUR,9,LUR,HUR,2025-02-03,2025-02-05,3,TSE,1469.1346435546875,1351.136962890625,1354.923583984375,1360.04248046875,1345.456298828125
M9_YLUR_SHUR,9,LUR,HUR,2025-02-03,2025-02-05,3,TSEC,95.53398895263672,90.24816131591797,90.70765686035156,92.09739685058594,90.8338623046875
M9_YLUR_SHUR,9,LUR,HUR,2025-02-04,2025-02-04,1,Yd,1339.1749267578125,1349.07177734375,1349.05078125,1348.8475341796875,1349.2237548828125
M9_YLUR_SHUR,9,LUR,HUR,2025-02-04,2025-02-04,1,TSE,1266.28173828125,1350.9951171875,1362.8740234375,1335.0970458984375,1347.8201904296875
M9_YLUR_SHUR,9,LUR,HUR,2025-02-04,2025-02-04,1,TSEC,75.28411102294922,90.23860168457031,91.07636260986328,94.45873260498047,90.5291748046875
M9_YLUR_SHUR,9,LUR,HUR,2025-02-04,2025-02-05,2,Yd,1356.840087890625,1349.07177734375,1349.023193359375,1350.2662353515625,1349.2913818359375
M9_YLUR_SHUR,9,LUR,HUR,2025-02-04,2025-02-05,2,TSE,1469.1346435546875,1350.9951171875,1360.46435546875,1371.47119140625,1349.5618896484375
M9_YLUR_SHUR,9,LUR,HUR,2025-02-04,2025-02-05,2,TSEC,95.53398895263672,90.23860168457031,89.83482360839844,93.36492919921875,90.38813781738281
M9_YLUR_SHUR,9,LUR,HUR,2025-02-04,2025-02-06,3,Yd,1324.07470703125,1349.07177734375,1351.2384033203125,1350.156005859375,1349.135009765625
M9_YLUR_SHUR,9,LUR,HUR,2025-02-04,2025-02-06,3,TSE,1432.6082763671875,1350.9951171875,1358.1624755859375,1380.247802734375,1349.597412109375
M9_YLUR_SHUR,9,LUR,HUR,2025-02-04,2025-02-06,3,TSEC,90.44293975830078,90.23860168457031,90.33641052246094,92.76860809326172,90.16804504394531
M9_YLUR_SHUR,9,LUR,HUR,2025-02-05,2025-02-05,1,Yd,1356.840087890625,1349.058837890625,1348.054443359375,1348.20849609375,1349.12646484375
M9_YLUR_SHUR,9,LUR,HUR,2025-02-05,2025-02-05,1,TSE,1469.1346435546875,1350.884521484375,1363.7138671875,1373.8570556640625,1351.1630859375
M9_YLUR_SHUR,9,LUR,HUR,2025-02-05,2025-02-05,1,TSEC,95.53398895263672,90.21908569335938,90.357177734375,94.2568588256836,90.25835418701172
M9_YLUR_SHUR,9,LUR,HUR,2025-02-05,2025-02-06,2,Yd,1324.07470703125,1349.058837890625,1350.3153076171875,1351.093994140625,1348.979736328125
M9_YLUR_SHUR,9,LUR,HUR,2025-02-05,2025-02-06,2,TSE,1432.6082763671875,1350.884521484375,1354.1385498046875,1350.5711669921875,1350.9312744140625
M9_YLUR_SHUR,9,LUR,HUR,2025-02-05,2025-02-06,2,TSEC,90.44293975830078,90.21908569335938,89.63060760498047,94.02374267578125,90.08190155029297
M9_YLUR_SHUR,9,LUR,HUR,2025-02-05,2025-02-07,3,Yd,1334.1466064453125,1349.058837890625,1346.4166259765625,1351.7025146484375,1348.9830322265625
M9_YLUR_SHUR,9,LUR,HUR,2025-02-05,2025-02-07,3,TSE,1317.7037353515625,1350.884521484375,1362.636962890625,1359.6617431640625,1348.1783447265625
M9_YLUR_SHUR,9,LUR,HUR,2025-02-05,2025-02-07,3,TSEC,83.02568817138672,90.21908569335938,90.7130355834961,93.0619125366211,89.99162292480469
M9_YLUR_SHUR,9,LUR,HUR,2025-02-06,2025-02-06,1,Yd,1324.07470703125,1349.0689697265625,1350.0223388671875,1350.4085693359375,1348.8643798828125
M9_YLUR_SHUR,9,LUR,HUR,2025-02-06,2025-02-06,1,TSE,1432.6082763671875,1351.03857421875,1358.6512451171875,1374.099853515625,1350.58740234375
M9_YLUR_SHUR,9,LUR,HUR,2025-02-06,2025-02-06,1,TSEC,90.44293975830078,90.22602081298828,89.51103210449219,93.27479553222656,90.27543640136719
M9_YLUR_SHUR,9,LUR,HUR,2025-02-06,2025-02-07,2,Yd,1334.1466064453125,1349.0689697265625,1345.73779296875,1346.2366943359375,1348.5843505859375
M9_YLUR_SHUR,9,LUR,HUR,2025-02-06,2025-02-07,2,TSE,1317.7037353515625,1351.03857421875,1358.9173583984375,1377.8861083984375,1347.0714111328125
M9_YLUR_SHUR,9,LUR,HUR,2025-02-06,2025-02-07,2,TSEC,83.02568817138672,90.22602081298828,90.86152648925781,92.85663604736328,90.46383666992188
M9_YLUR_SHUR,9,LUR,HUR,2025-02-06,2025-02-08,3,Yd,1331.92919921875,1349.0689697265625,1349.3604736328125,1348.220703125,1348.525146484375
M9_YLUR_SHUR,9,LUR,HUR,2025-02-06,2025-02-08,3,TSE,1216.549072265625,1351.03857421875,1359.338134765625,1340.5753173828125,1339.7158203125
M9_YLUR_SHUR,9,LUR,HUR,2025-02-06,2025-02-08,3,TSEC,97.95745849609375,90.22602081298828,89.85830688476562,94.72064971923828,90.83086395263672
M9_YLUR_SHUR,9,LUR,HUR,2025-02-07,2025-02-07,1,Yd,1334.1466064453125,1349.036376953125,1346.1048583984375,1348.8897705078125,1348.7982177734375
M9_YLUR_SHUR,9,LUR,HUR,2025-02-07,2025-02-07,1,TSE,1317.7037353515625,1351.1448974609375,1373.0694580078125,1347.06689453125,1345.4193115234375
M9_YLUR_SHUR,9,LUR,HUR,2025-02-07,2025-02-07,1,TSEC,83.02568817138672,90.2262954711914,92.85661315917969,92.11111450195312,90.52375030517578
M9_YLUR_SHUR,9,LUR,HUR,2025-02-07,2025-02-08,2,Yd,1331.92919921875,1349.036376953125,1348.70263671875,1351.1068115234375,1348.7691650390625
M9_YLUR_SHUR,9,LUR,HUR,2025-02-07,2025-02-08,2,TSE,1216.549072265625,1351.1448974609375,1343.3568115234375,1328.9671630859375,1337.7061767578125
M9_YLUR_SHUR,9,LUR,HUR,2025-02-07,2025-02-08,2,TSEC,97.95745849609375,90.2262954711914,88.60965728759766,92.4357681274414,90.84229278564453
M9_YLUR_SHUR,9,LUR,HUR,2025-02-07,2025-02-09,3,Yd,1344.6387939453125,1349.036376953125,1347.411865234375,1353.2611083984375,1349.3497314453125
M9_YLUR_SHUR,9,LUR,HUR,2025-02-07,2025-02-09,3,TSE,1313.2725830078125,1351.1448974609375,1356.6719970703125,1305.027587890625,1330.636962890625
M9_YLUR_SHUR,9,LUR,HUR,2025-02-07,2025-02-09,3,TSEC,96.66114044189453,90.2262954711914,91.649658203125,93.5836181640625,91.11395263671875
M9_YLUR_SHUR,9,LUR,HUR,2025-02-08,2025-02-08,1,Yd,1331.92919921875,1349.01708984375,1348.302001953125,1351.5059814453125,1349.2242431640625
M9_YLUR_SHUR,9,LUR,HUR,2025-02-08,2025-02-08,1,TSE,1216.549072265625,1351.101318359375,1360.1246337890625,1343.721435546875,1340.5179443359375
M9_YLUR_SHUR,9,LUR,HUR,2025-02-08,2025-02-08,1,TSEC,97.95745849609375,90.2169418334961,90.26937103271484,92.24730682373047,90.64585876464844
M9_YLUR_SHUR,9,LUR,HUR,2025-02-08,2025-02-09,2,Yd,1344.6387939453125,1349.01708984375,1345.7198486328125,1351.581298828125,1349.778076171875
M9_YLUR_SHUR,9,LUR,HUR,2025-02-08,2025-02-09,2,TSE,1313.2725830078125,1351.101318359375,1358.66943359375,1330.9217529296875,1334.76513671875
M9_YLUR_SHUR,9,LUR,HUR,2025-02-08,2025-02-09,2,TSEC,96.66114044189453,90.2169418334961,90.03715515136719,90.97737121582031,90.84339904785156
M9_YLUR_SHUR,9,LUR,HUR,2025-02-08,2025-02-10,3,Yd,1354.2218017578125,1349.01708984375,1346.177734375,1352.749755859375,1350.0806884765625
M9_YLUR_SHUR,9,LUR,HUR,2025-02-08,2025-02-10,3,TSE,1424.421142578125,1351.101318359375,1362.1031494140625,1320.021484375,1334.2303466796875
M9_YLUR_SHUR,9,LUR,HUR,2025-02-08,2025-02-10,3,TSEC,115.45801544189453,90.2169418334961,90.156494140625,91.87296295166016,91.03856658935547
M9_YLUR_SHUR,9,LUR,HUR,2025-02-09,2025-02-09,1,Yd,1344.6387939453125,1348.9947509765625,1350.6365966796875,1351.4339599609375,1349.508056640625
M9_YLUR_SHUR,9,LUR,HUR,2025-02-09,2025-02-09,1,TSE,1313.2725830078125,1350.926513671875,1358.0462646484375,1368.297607421875,1340.8270263671875
M9_YLUR_SHUR,9,LUR,HUR,2025-02-09,2025-02-09,1,TSEC,96.66114044189453,90.22698974609375,89.43325805664062,92.03702545166016,90.55213165283203
M9_YLUR_SHUR,9,LUR,HUR,2025-02-09,2025-02-10,2,Yd,1354.2218017578125,1348.9947509765625,1348.9769287109375,1350.7685546875,1349.797607421875
M9_YLUR_SHUR,9,LUR,HUR,2025-02-09,2025-02-10,2,TSE,1424.421142578125,1350.926513671875,1356.05078125,1335.248046875,1338.2413330078125
M9_YLUR_SHUR,9,LUR,HUR,2025-02-09,2025-02-10,2,TSEC,115.45801544189453,90.22698974609375,90.9719467163086,88.7155990600586,90.7803955078125
M9_YLUR_SHUR,9,LUR,HUR,2025-02-09,2025-02-11,3,Yd,1383.8348388671875,1348.9947509765625,1347.8895263671875,1352.4273681640625,1349.826904296875
M9_YLUR_SHUR,9,LUR,HUR,2025-02-09,2025-02-11,3,TSE,1457.8780517578125,1350.926513671875,1355.294677734375,1361.678955078125,1339.0352783203125
M9_YLUR_SHUR,9,LUR,HUR,2025-02-09,2025-02-11,3,TSEC,104.40998077392578,90.22698974609375,89.37409973144531,89.35562896728516,90.73239135742188
M9_YLUR_SHUR,9,LUR,HUR,2025-02-10,2025-02-10,1,Yd,1354.2218017578125,1348.9891357421875,1344.742431640625,1349.539306640625,1349.3856201171875
M9_YLUR_SHUR,9,LUR,HUR,2025-02-10,2025-02-10,1,TSE,1424.421142578125,1350.8778076171875,1358.700927734375,1366.7567138671875,1343.2877197265625
M9_YLUR_SHUR,9,LUR,HUR,2025-02-10,2025-02-10,1,TSEC,115.45801544189453,90.2353286743164,89.98300170898438,90.60999298095703,90.55083465576172
M9_YLUR_SHUR,9,LUR,HUR,2025-02-10,2025-02-11,2,Yd,1383.8348388671875,1348.9891357421875,1344.2967529296875,1349.5037841796875,1349.520263671875
M9_YLUR_SHUR,9,LUR,HUR,2025-02-10,2025-02-11,2,TSE,1457.8780517578125,1350.8778076171875,1358.9140625,1341.802734375,1342.582763671875
M9_YLUR_SHUR,9,LUR,HUR,2025-02-10,2025-02-11,2,TSEC,104.40998077392578,90.2353286743164,89.78308868408203,90.43555450439453,90.5406723022461
M9_YLUR_SHUR,9,LUR,HUR,2025-02-10,2025-02-12,3,Yd,1346.119384765625,1348.9891357421875,1343.778076171875,1351.130126953125,1349.71142578125
M9_YLUR_SHUR,9,LUR,HUR,2025-02-10,2025-02-12,3,TSE,1074.89599609375,1350.8778076171875,1358.7298583984375,1339.2113037109375,1344.1439208984375
M9_YLUR_SHUR,9,LUR,HUR,2025-02-10,2025-02-12,3,TSEC,101.83611297607422,90.2353286743164,90.3342056274414,92.47777557373047,90.31491088867188
M9_YLUR_SHUR,9,LUR,HUR,2025-02-11,2025-02-11,1,Yd,1383.8348388671875,1348.9959716796875,1346.926513671875,1351.9794921875,1349.07177734375
M9_YLUR_SHUR,9,LUR,HUR,2025-02-11,2025-02-11,1,TSE,1457.8780517578125,1350.972900390625,1360.9656982421875,1405.2137451171875,1346.9903564453125
M9_YLUR_SHUR,9,LUR,HUR,2025-02-11,2025-02-11,1,TSEC,104.40998077392578,90.26800537109375,89.06436157226562,92.0648422241211,90.46694946289062
M9_YLUR_SHUR,9,LUR,HUR,2025-02-11,2025-02-12,2,Yd,1346.119384765625,1348.9959716796875,1346.8568115234375,1348.494140625,1348.956787109375
M9_YLUR_SHUR,9,LUR,HUR,2025-02-11,2025-02-12,2,TSE,1074.89599609375,1350.972900390625,1360.5843505859375,1379.10205078125,1347.9952392578125
M9_YLUR_SHUR,9,LUR,HUR,2025-02-11,2025-02-12,2,TSEC,101.83611297607422,90.26800537109375,91.41775512695312,93.11445617675781,90.29280090332031
M9_YLUR_SHUR,9,LUR,HUR,2025-02-11,2025-02-13,3,Yd,1370.2232666015625,1348.9959716796875,1348.17822265625,1349.2464599609375,1348.7725830078125
M9_YLUR_SHUR,9,LUR,HUR,2025-02-11,2025-02-13,3,TSE,1257.5224609375,1350.972900390625,1358.9393310546875,1364.9144287109375,1348.1470947265625
M9_YLUR_SHUR,9,LUR,HUR,2025-02-11,2025-02-13,3,TSEC,90.81859588623047,90.26800537109375,90.02813720703125,93.49411010742188,90.11034393310547
M9_YLUR_SHUR,9,LUR,HUR,2025-02-12,2025-02-12,1,Yd,1346.119384765625,1349.041015625,1348.7066650390625,1348.6119384765625,1348.4906005859375
M9_YLUR_SHUR,9,LUR,HUR,2025-02-12,2025-02-12,1,TSE,1074.89599609375,1351.1112060546875,1347.9339599609375,1385.0291748046875,1350.43505859375
M9_YLUR_SHUR,9,LUR,HUR,2025-02-12,2025-02-12,1,TSEC,101.83611297607422,90.28630065917969,91.01549530029297,91.67052459716797,90.43193054199219
M9_YLUR_SHUR,9,LUR,HUR,2025-02-12,2025-02-13,2,Yd,1370.2232666015625,1349.041015625,1351.2786865234375,1346.325439453125,1347.82177734375
M9_YLUR_SHUR,9,LUR,HUR,2025-02-12,2025-02-13,2,TSE,1257.5224609375,1351.1112060546875,1352.83642578125,1373.2978515625,1351.5501708984375
M9_YLUR_SHUR,9,LUR,HUR,2025-02-12,2025-02-13,2,TSEC,90.81859588623047,90.28630065917969,90.82736206054688,92.83277130126953,90.63383483886719
M9_YLUR_SHUR,9,LUR,HUR,2025-02-12,2025-02-14,3,Yd,1332.8458251953125,1349.041015625,1347.91552734375,1349.1124267578125,1347.3072509765625
M9_YLUR_SHUR,9,LUR,HUR,2025-02-12,2025-02-14,3,TSE,1431.0240478515625,1351.1112060546875,1356.199462890625,1345.560546875,1349.36865234375
M9_YLUR_SHUR,9,LUR,HUR,2025-02-12,2025-02-14,3,TSEC,80.38113403320312,90.28630065917969,90.81534576416016,92.90750122070312,91.25334167480469
M9_YLUR_SHUR,9,LUR,HUR,2025-02-13,2025-02-13,1,Yd,1370.2232666015625,1349.0372314453125,1348.4241943359375,1348.980224609375,1348.331298828125
M9_YLUR_SHUR,9,LUR,HUR,2025-02-13,2025-02-13,1,TSE,1257.5224609375,1350.75439453125,1350.1180419921875,1350.9554443359375,1349.4185791015625
M9_YLUR_SHUR,9,LUR,HUR,2025-02-13,2025-02-13,1,TSEC,90.81859588623047,90.30121612548828,90.45965576171875,91.05122375488281,90.56330871582031
M9_YLUR_SHUR,9,LUR,HUR,2025-02-13,2025-02-14,2,Yd,1332.8458251953125,1349.0372314453125,1347.0137939453125,1344.6654052734375,1347.7003173828125
M9_YLUR_SHUR,9,LUR,HUR,2025-02-13,2025-02-14,2,TSE,1431.0240478515625,1350.75439453125,1373.9578857421875,1307.259765625,1347.9451904296875
M9_YLUR_SHUR,9,LUR,HUR,2025-02-13,2025-02-14,2,TSEC,80.38113403320312,90.30121612548828,91.13198852539062,92.16057586669922,91.13996124267578
M9_YLUR_SHUR,9,LUR,HUR,2025-02-13,2025-02-15,3,Yd,1352.287109375,1349.0372314453125,1348.1500244140625,1350.6427001953125,1347.42724609375
M9_YLUR_SHUR,9,LUR,HUR,2025-02-13,2025-02-15,3,TSE,1225.268798828125,1350.75439453125,1344.40673828125,1280.3826904296875,1341.008544921875
M9_YLUR_SHUR,9,LUR,HUR,2025-02-13,2025-02-15,3,TSEC,101.86399841308594,90.30121612548828,90.9122543334961,93.31147766113281,91.65978240966797
M9_YLUR_SHUR,9,LUR,HUR,2025-02-14,2025-02-14,1,Yd,1332.8458251953125,1349.0645751953125,1346.7821044921875,1346.13525390625,1348.3035888671875
M9_YLUR_SHUR,9,LUR,HUR,2025-02-14,2025-02-14,1,TSE,1431.0240478515625,1350.6341552734375,1357.5396728515625,1351.36376953125,1345.353515625
M9_YLUR_SHUR,9,LUR,HUR,2025-02-14,2025-02-14,1,TSEC,80.38113403320312,90.30189514160156,91.11202239990234,91.8570556640625,90.82240295410156
M9_YLUR_SHUR,9,LUR,HUR,2025-02-14,2025-02-15,2,Yd,1352.287109375,1349.0645751953125,1347.2686767578125,1346.144775390625,1347.9443359375
M9_YLUR_SHUR,9,LUR,HUR,2025-02-14,2025-02-15,2,TSE,1225.268798828125,1350.6341552734375,1356.367919921875,1365.869140625,1338.730712890625
M9_YLUR_SHUR,9,LUR,HUR,2025-02-14,2025-02-15,2,TSEC,101.86399841308594,90.30189514160156,90.91901397705078,92.93473052978516,91.41206359863281
M9_YLUR_SHUR,9,LUR,HUR,2025-02-14,2025-02-16,3,Yd,1350.479248046875,1349.0645751953125,1347.1995849609375,1346.8702392578125,1347.8936767578125
M9_YLUR_SHUR,9,LUR,HUR,2025-02-14,2025-02-16,3,TSE,1328.7828369140625,1350.6341552734375,1357.8826904296875,1353.919921875,1332.220458984375
M9_YLUR_SHUR,9,LUR,HUR,2025-02-14,2025-02-16,3,TSEC,82.38648223876953,90.30189514160156,91.27241516113281,93.3121337890625,91.7162857055664
M9_YLUR_SHUR,9,LUR,HUR,2025-02-15,2025-02-15,1,Yd,1352.287109375,1349.043701171875,1350.77587890625,1347.46875,1348.707275390625
M9_YLUR_SHUR,9,LUR,HUR,2025-02-15,2025-02-15,1,TSE,1225.268798828125,1350.73779296875,1361.8424072265625,1357.31884765625,1340.8558349609375
M9_YLUR_SHUR,9,LUR,HUR,2025-02-15,2025-02-15,1,TSEC,101.86399841308594,90.28910064697266,89.58387756347656,90.87090301513672,90.93472290039062
M9_YLUR_SHUR,9,LUR,HUR,2025-02-15,2025-02-16,2,Yd,1350.479248046875,1349.043701171875,1349.086669921875,1348.206298828125,1348.7794189453125
M9_YLUR_SHUR,9,LUR,HUR,2025-02-15,2025-02-16,2,TSE,1328.7828369140625,1350.73779296875,1348.6199951171875,1343.0391845703125,1334.8719482421875
M9_YLUR_SHUR,9,LUR,HUR,2025-02-15,2025-02-16,2,TSEC,82.38648223876953,90.28910064697266,91.9970932006836,91.11448669433594,91.36034393310547
M9_YLUR_SHUR,9,LUR,HUR,2025-02-15,2025-02-17,3,Yd,1358.8544921875,1349.043701171875,1348.7318115234375,1351.2073974609375,1348.8795166015625
M9_YLUR_SHUR,9,LUR,HUR,2025-02-15,2025-02-17,3,TSE,1348.76513671875,1350.73779296875,1366.1990966796875,1339.5582275390625,1333.128662109375
M9_YLUR_SHUR,9,LUR,HUR,2025-02-15,2025-02-17,3,TSEC,100.3742904663086,90.28910064697266,90.93550872802734,92.08088684082031,91.56635284423828
M9_YLUR_SHUR,9,LUR,HUR,2025-02-16,2025-02-16,1,Yd,1350.479248046875,1349.0478515625,1349.1693115234375,1349.62060546875,1349.01513671875
M9_YLUR_SHUR,9,LUR,HUR,2025-02-16,2025-02-16,1,TSE,1328.7828369140625,1350.5762939453125,1353.8848876953125,1332.5732421875,1340.9925537109375
M9_YLUR_SHUR,9,LUR,HUR,2025-02-16,2025-02-16,1,TSEC,82.38648223876953,90.30400085449219,90.69171905517578,93.92847442626953,90.8119888305664
M9_YLUR_SHUR,9,LUR,HUR,2025-02-16,2025-02-17,2,Yd,1358.8544921875,1349.0478515625,1348.833740234375,1346.40673828125,1348.9571533203125
M9_YLUR_SHUR,9,LUR,HUR,2025-02-16,2025-02-17,2,TSE,1348.76513671875,1350.5762939453125,1361.42919921875,1322.900146484375,1338.3936767578125
M9_YLUR_SHUR,9,LUR,HUR,2025-02-16,2025-02-17,2,TSEC,100.3742904663086,90.30400085449219,92.03439331054688,93.2280502319336,91.15120697021484
M9_YLUR_SHUR,9,LUR,HUR,2025-02-16,2025-02-18,3,Yd,1332.1495361328125,1349.0478515625,1348.0086669921875,1350.4957275390625,1348.72802734375
M9_YLUR_SHUR,9,LUR,HUR,2025-02-16,2025-02-18,3,TSE,1250.4892578125,1350.5762939453125,1357.7554931640625,1358.775390625,1339.5382080078125
M9_YLUR_SHUR,9,LUR,HUR,2025-02-16,2025-02-18,3,TSEC,82.32791900634766,90.30400085449219,91.07715606689453,92.96139526367188,91.20838165283203
M9_YLUR_SHUR,9,LUR,HUR,2025-02-17,2025-02-17,1,Yd,1358.8544921875,1349.0498046875,1345.964111328125,1346.7655029296875,1349.067626953125
M9_YLUR_SHUR,9,LUR,HUR,2025-02-17,2025-02-17,1,TSE,1348.76513671875,1350.5482177734375,1360.79443359375,1317.8182373046875,1343.6539306640625
M9_YLUR_SHUR,9,LUR,HUR,2025-02-17,2025-02-17,1,TSEC,100.3742904663086,90.2938232421875,92.36518096923828,93.96454620361328,90.78636932373047
M9_YLUR_SHUR,9,LUR,HUR,2025-02-17,2025-02-18,2,Yd,1332.1495361328125,1349.0498046875,1345.1158447265625,1353.220947265625,1348.9302978515625
M9_YLUR_SHUR,9,LUR,HUR,2025-02-17,2025-02-18,2,TSE,1250.4892578125,1350.5482177734375,1360.2193603515625,1331.201904296875,1343.04541015625
M9_YLUR_SHUR,9,LUR,HUR,2025-02-17,2025-02-18,2,TSEC,82.32791900634766,90.2938232421875,90.6520767211914,93.04240417480469,90.96199798583984
M9_YLUR_SHUR,9,LUR,HUR,2025-02-17,2025-02-19,3,Yd,1378.5439453125,1349.0498046875,1344.8853759765625,1351.71630859375,1348.7864990234375
M9_YLUR_SHUR,9,LUR,HUR,2025-02-17,2025-02-19,3,TSE,1664.7122802734375,1350.5482177734375,1357.8564453125,1341.2208251953125,1343.4462890625
M9_YLUR_SHUR,9,LUR,HUR,2025-02-17,2025-02-19,3,TSEC,80.63562774658203,90.2938232421875,91.56439208984375,93.50132751464844,90.879638671875
M9_YLUR_SHUR,9,LUR,HUR,2025-02-18,2025-02-18,1,Yd,1332.1495361328125,1349.062255859375,1347.9583740234375,1351.9686279296875,1348.859130859375
M9_YLUR_SHUR,9,LUR,HUR,2025-02-18,2025-02-18,1,TSE,1250.4892578125,1350.5458984375,1359.63427734375,1383.3167724609375,1347.0682373046875
M9_YLUR_SHUR,9,LUR,HUR,2025-02-18,2025-02-18,1,TSEC,82.32791900634766,90.3067626953125,89.15782928466797,91.284912109375,90.65127563476562
M9_YLUR_SHUR,9,LUR,HUR,2025-02-18,2025-02-19,2,Yd,1378.5439453125,1349.062255859375,1346.896240234375,1347.46728515625,1348.64453125
M9_YLUR_SHUR,9,LUR,HUR,2025-02-18,2025-02-19,2,TSE,1664.7122802734375,1350.5458984375,1356.781982421875,1359.824462890625,1348.38427734375
M9_YLUR_SHUR,9,LUR,HUR,2025-02-18,2025-02-19,2,TSEC,80.63562774658203,90.3067626953125,92.7590103149414,92.72746276855469,90.69873046875
M9_YLUR_SHUR,9,LUR,HUR,2025-02-18,2025-02-20,3,Yd,1316.6751708984375,1349.062255859375,1349.6217041015625,1345.7900390625,1348.36865234375
M9_YLUR_SHUR,9,LUR,HUR,2025-02-18,2025-02-20,3,TSE,1461.0460205078125,1350.5458984375,1356.31201171875,1365.470703125,1348.398681640625
M9_YLUR_SHUR,9,LUR,HUR,2025-02-18,2025-02-20,3,TSEC,83.2347640991211,90.3067626953125,89.76276397705078,92.19947052001953,90.6382827758789
M9_YLUR_SHUR,9,LUR,HUR,2025-02-19,2025-02-19,1,Yd,1378.5439453125,1349.0406494140625,1346.492919921875,1347.142822265625,1348.7630615234375
M9_YLUR_SHUR,9,LUR,HUR,2025-02-19,2025-02-19,1,TSE,1664.7122802734375,1350.4176025390625,1351.4466552734375,1350.3699951171875,1351.0389404296875
M9_YLUR_SHUR,9,LUR,HUR,2025-02-19,2025-02-19,1,TSEC,80.63562774658203,90.2965316772461,92.06521606445312,94.09721374511719,90.42982482910156
M9_YLUR_SHUR,9,LUR,HUR,2025-02-19,2025-02-20,2,Yd,1316.6751708984375,1349.0406494140625,1349.010009765625,1350.568115234375,1348.3778076171875
M9_YLUR_SHUR,9,LUR,HUR,2025-02-19,2025-02-20,2,TSE,1461.0460205078125,1350.4176025390625,1350.0316162109375,1335.2318115234375,1350.5977783203125
M9_YLUR_SHUR,9,LUR,HUR,2025-02-19,2025-02-20,2,TSEC,83.2347640991211,90.2965316772461,90.17880249023438,91.82866668701172,90.3835678100586
M9_YLUR_SHUR,9,LUR,HUR,2025-02-19,2025-02-21,3,Yd,1351.1600341796875,1349.0406494140625,1346.497314453125,1349.5333251953125,1348.03955078125
M9_YLUR_SHUR,9,LUR,HUR,2025-02-19,2025-02-21,3,TSE,1411.9266357421875,1350.4176025390625,1352.4857177734375,1342.1466064453125,1348.6759033203125
M9_YLUR_SHUR,9,LUR,HUR,2025-02-19,2025-02-21,3,TSEC,104.38648986816406,90.2965316772461,90.93492889404297,91.48605346679688,90.601806640625
M9_YLUR_SHUR,9,LUR,HUR,2025-02-20,2025-02-20,1,Yd,1316.6751708984375,1349.078369140625,1353.496826171875,1346.4921875,1348.2628173828125
M9_YLUR_SHUR,9,LUR,HUR,2025-02-20,2025-02-20,1,TSE,1461.0460205078125,1350.820068359375,1349.696533203125,1383.3975830078125,1350.1019287109375
M9_YLUR_SHUR,9,LUR,HUR,2025-02-20,2025-02-20,1,TSEC,83.2347640991211,90.28417205810547,90.4933853149414,92.84514617919922,90.5902328491211
M9_YLUR_SHUR,9,LUR,HUR,2025-02-20,2025-02-21,2,Yd,1351.1600341796875,1349.078369140625,1351.4237060546875,1346.887451171875,1347.5994873046875
M9_YLUR_SHUR,9,LUR,HUR,2025-02-20,2025-02-21,2,TSE,1411.9266357421875,1350.820068359375,1366.993408203125,1374.16845703125,1346.587646484375
M9_YLUR_SHUR,9,LUR,HUR,2025-02-20,2025-02-21,2,TSEC,104.38648986816406,90.28417205810547,90.4727783203125,90.77323913574219,90.9508285522461
M9_YLUR_SHUR,9,LUR,HUR,2025-02-20,2025-02-22,3,Yd,1367.9483642578125,1349.078369140625,1353.55126953125,1348.3441162109375,1347.572509765625
M9_YLUR_SHUR,9,LUR,HUR,2025-02-20,2025-02-22,3,TSE,1442.4432373046875,1350.820068359375,1349.4012451171875,1321.4959716796875,1340.015869140625
M9_YLUR_SHUR,9,LUR,HUR,2025-02-20,2025-02-22,3,TSEC,107.22537994384766,90.28417205810547,90.92021942138672,94.1761703491211,91.43201446533203
M9_YLUR_SHUR,9,LUR,HUR,2025-02-21,2025-02-21,1,Yd,1351.1600341796875,1349.037109375,1347.64990234375,1348.707763671875,1348.4765625
M9_YLUR_SHUR,9,LUR,HUR,2025-02-21,2025-02-21,1,TSE,1411.9266357421875,1350.9609375,1352.935791015625,1379.885986328125,1345.828857421875
M9_YLUR_SHUR,9,LUR,HUR,2025-02-21,2025-02-21,1,TSEC,104.38648986816406,90.27515411376953,90.71695709228516,92.07601928710938,90.65792083740234
M9_YLUR_SHUR,9,LUR,HUR,2025-02-21,2025-02-22,2,Yd,1367.9483642578125,1349.037109375,1349.373046875,1350.6109619140625,1348.475830078125
M9_YLUR_SHUR,9,LUR,HUR,2025-02-21,2025-02-22,2,TSE,1442.4432373046875,1350.9609375,1353.624267578125,1328.6356201171875,1339.59326171875
M9_YLUR_SHUR,9,LUR,HUR,2025-02-21,2025-02-22,2,TSEC,107.22537994384766,90.27515411376953,90.49945831298828,93.4617691040039,91.12701416015625
M9_YLUR_SHUR,9,LUR,HUR,2025-02-21,2025-02-23,3,Yd,1336.033935546875,1349.037109375,1348.162353515625,1352.050537109375,1349.0010986328125
M9_YLUR_SHUR,9,LUR,HUR,2025-02-21,2025-02-23,3,TSE,1092.938232421875,1350.9609375,1353.770751953125,1307.3580322265625,1332.7049560546875
M9_YLUR_SHUR,9,LUR,HUR,2025-02-21,2025-02-23,3,TSEC,80.65481567382812,90.27515411376953,90.52816772460938,93.16441345214844,91.47096252441406
M9_YLUR_SHUR,9,LUR,HUR,2025-02-22,2025-02-22,1,Yd,1367.9483642578125,1349.03955078125,1348.7791748046875,1351.315185546875,1348.8013916015625
M9_YLUR_SHUR,9,LUR,HUR,2025-02-22,2025-02-22,1,TSE,1442.4432373046875,1351.0389404296875,1338.117431640625,1343.5323486328125,1340.841064453125
M9_YLUR_SHUR,9,LUR,HUR,2025-02-22,2025-02-22,1,TSEC,107.22537994384766,90.29317474365234,90.40428924560547,92.94255828857422,90.9080810546875
M9_YLUR_SHUR,9,LUR,HUR,2025-02-22,2025-02-23,2,Yd,1336.033935546875,1349.03955078125,1348.77294921875,1350.462890625,1349.142822265625
M9_YLUR_SHUR,9,LUR,HUR,2025-02-22,2025-02-23,2,TSE,1092.938232421875,1351.0389404296875,1353.5340576171875,1345.536376953125,1333.963623046875
M9_YLUR_SHUR,9,LUR,HUR,2025-02-22,2025-02-23,2,TSEC,80.65481567382812,90.29317474365234,91.08194732666016,90.96440124511719,91.35025024414062
M9_YLUR_SHUR,9,LUR,HUR,2025-02-22,2025-02-24,3,Yd,1334.268310546875,1349.03955078125,1347.73681640625,1353.088623046875,1349.3946533203125
M9_YLUR_SHUR,9,LUR,HUR,2025-02-22,2025-02-24,3,TSE,1517.25390625,1351.0389404296875,1350.250244140625,1327.1285400390625,1332.296142578125
M9_YLUR_SHUR,9,LUR,HUR,2025-02-22,2025-02-24,3,TSEC,89.12257385253906,90.29317474365234,90.80057525634766,90.1994400024414,91.58995819091797
M9_YLUR_SHUR,9,LUR,HUR,2025-02-23,2025-02-23,1,Yd,1336.033935546875,1349.063720703125,1350.13818359375,1350.783203125,1349.0126953125
M9_YLUR_SHUR,9,LUR,HUR,2025-02-23,2025-02-23,1,TSE,1092.938232421875,1351.1556396484375,1361.0428466796875,1341.7327880859375,1340.430419921875
M9_YLUR_SHUR,9,LUR,HUR,2025-02-23,2025-02-23,1,TSEC,80.65481567382812,90.31477355957031,91.83951568603516,89.6249771118164,90.96932220458984
M9_YLUR_SHUR,9,LUR,HUR,2025-02-23,2025-02-24,2,Yd,1334.268310546875,1349.063720703125,1349.4658203125,1349.0274658203125,1349.034423828125
M9_YLUR_SHUR,9,LUR,HUR,2025-02-23,2025-02-24,2,TSE,1517.25390625,1351.1556396484375,1349.197265625,1345.847412109375,1337.091552734375
M9_YLUR_SHUR,9,LUR,HUR,2025-02-23,2025-02-24,2,TSEC,89.12257385253906,90.31477355957031,91.36653137207031,88.52030181884766,91.38179779052734
M9_YLUR_SHUR,9,LUR,HUR,2025-02-23,2025-02-25,3,Yd,1343.7452392578125,1349.063720703125,1349.68310546875,1349.421875,1348.73095703125
M9_YLUR_SHUR,9,LUR,HUR,2025-02-23,2025-02-25,3,TSE,1293.5169677734375,1351.1556396484375,1360.0579833984375,1319.1463623046875,1336.63671875
M9_YLUR_SHUR,9,LUR,HUR,2025-02-23,2025-02-25,3,TSEC,82.81713104248047,90.31477355957031,91.09197235107422,90.43427276611328,91.69458770751953
M9_YLUR_SHUR,9,LUR,HUR,2025-02-24,2025-02-24,1,Yd,1334.268310546875,1349.047119140625,1348.49609375,1346.440185546875,1349.0943603515625
M9_YLUR_SHUR,9,LUR,HUR,2025-02-24,2025-02-24,1,TSE,1517.25390625,1350.8265380859375,1359.596435546875,1324.1451416015625,1344.2593994140625
M9_YLUR_SHUR,9,LUR,HUR,2025-02-24,2025-02-24,1,TSEC,89.12257385253906,90.3024673461914,91.6401596069336,91.2118148803711,90.79766082763672
M9_YLUR_SHUR,9,LUR,HUR,2025-02-24,2025-02-25,2,Yd,1343.7452392578125,1349.047119140625,1347.7596435546875,1348.71875,1348.940185546875
M9_YLUR_SHUR,9,LUR,HUR,2025-02-24,2025-02-25,2,TSE,1293.5169677734375,1350.8265380859375,1356.4444580078125,1326.2261962890625,1343.8187255859375
M9_YLUR_SHUR,9,LUR,HUR,2025-02-24,2025-02-25,2,TSEC,82.81713104248047,90.3024673461914,90.30608367919922,92.1964340209961,90.95942687988281
M9_YLUR_SHUR,9,LUR,HUR,2025-02-24,2025-02-26,3,Yd,1346.567626953125,1349.047119140625,1348.9912109375,1349.0045166015625,1348.67724609375
M9_YLUR_SHUR,9,LUR,HUR,2025-02-24,2025-02-26,3,TSE,1365.1209716796875,1350.8265380859375,1362.147705078125,1322.1485595703125,1346.4425048828125
M9_YLUR_SHUR,9,LUR,HUR,2025-02-24,2025-02-26,3,TSEC,98.59525299072266,90.3024673461914,90.78358459472656,91.9681396484375,90.92110443115234
M9_YLUR_SHUR,9,LUR,HUR,2025-02-25,2025-02-25,1,Yd,1343.7452392578125,1349.0283203125,1347.851806640625,1351.395263671875,1348.8355712890625
M9_YLUR_SHUR,9,LUR,HUR,2025-02-25,2025-02-25,1,TSE,1293.5169677734375,1351.038330078125,1361.076171875,1351.6387939453125,1347.4510498046875
M9_YLUR_SHUR,9,LUR,HUR,2025-02-25,2025-02-25,1,TSEC,82.81713104248047,90.30097198486328,90.3493423461914,91.86433410644531,90.61552429199219
M9_YLUR_SHUR,9,LUR,HUR,2025-02-25,2025-02-26,2,Yd,1346.567626953125,1349.0283203125,1347.1856689453125,1346.0125732421875,1348.4674072265625
M9_YLUR_SHUR,9,LUR,HUR,2025-02-25,2025-02-26,2,TSE,1365.1209716796875,1351.038330078125,1361.0535888671875,1343.3404541015625,1350.8782958984375
M9_YLUR_SHUR,9,LUR,HUR,2025-02-25,2025-02-26,2,TSEC,98.59525299072266,90.30097198486328,90.8972396850586,91.51068115234375,90.66094970703125
M9_YLUR_SHUR,9,LUR,HUR,2025-02-25,2025-02-27,3,Yd,1372.516357421875,1349.0283203125,1349.177490234375,1347.1746826171875,1348.0606689453125
M9_YLUR_SHUR,9,LUR,HUR,2025-02-25,2025-02-27,3,TSE,1475.12548828125,1351.038330078125,1359.6883544921875,1367.75244140625,1351.591552734375
M9_YLUR_SHUR,9,LUR,HUR,2025-02-25,2025-02-27,3,TSEC,84.93070983886719,90.30097198486328,90.51216888427734,91.5688247680664,90.53197479248047
M9_YLUR_SHUR,9,LUR,HUR,2025-02-26,2025-02-26,1,Yd,1346.567626953125,1349.0216064453125,1344.7259521484375,1345.3135986328125,1348.6192626953125
M9_YLUR_SHUR,9,LUR,HUR,2025-02-26,2025-02-26,1,TSE,1365.1209716796875,1350.9652099609375,1333.372802734375,1358.3623046875,1352.1046142578125
M9_YLUR_SHUR,9,LUR,HUR,2025-02-26,2025-02-26,1,TSEC,98.59525299072266,90.29145812988281,91.36322021484375,95.2535629272461,90.38028717041016
M9_YLUR_SHUR,9,LUR,HUR,2025-02-26,2025-02-27,2,Yd,1372.516357421875,1349.0216064453125,1350.377685546875,1346.6781005859375,1348.1556396484375
M9_YLUR_SHUR,9,LUR,HUR,2025-02-26,2025-02-27,2,TSE,1475.12548828125,1350.9652099609375,1353.08203125,1390.245361328125,1352.27099609375
M9_YLUR_SHUR,9,LUR,HUR,2025-02-26,2025-02-27,2,TSEC,84.93070983886719,90.29145812988281,92.04973602294922,92.67252349853516,90.29833221435547
M9_YLUR_SHUR,9,LUR,HUR,2025-02-26,2025-02-28,3,Yd,1344.0145263671875,1349.0216064453125,1345.7476806640625,1349.3974609375,1347.9375
M9_YLUR_SHUR,9,LUR,HUR,2025-02-26,2025-02-28,3,TSE,1576.0989990234375,1350.9652099609375,1346.486328125,1357.3721923828125,1347.2293701171875
M9_YLUR_SHUR,9,LUR,HUR,2025-02-26,2025-02-28,3,TSEC,92.11357879638672,90.29145812988281,90.3475570678711,93.59036254882812,90.34416198730469
M9_YLUR_SHUR,9,LUR,HUR,2025-02-27,2025-02-27,1,Yd,1372.516357421875,1349.0185546875,1349.1507568359375,1347.575439453125,1348.4461669921875
M9_YLUR_SHUR,9,LUR,HUR,2025-02-27,2025-02-27,1,TSE,1475.12548828125,1350.983154296875,1358.8209228515625,1374.897705078125,1349.6549072265625
M9_YLUR_SHUR,9,LUR,HUR,2025-02-27,2025-02-27,1,TSEC,84.93070983886719,90.30199432373047,89.9627914428711,91.05899810791016,90.33015441894531
M9_YLUR_SHUR,9,LUR,HUR,2025-02-27,2025-02-28,2,Yd,1344.0145263671875,1349.0185546875,1347.03515625,1350.7122802734375,1347.90234375
M9_YLUR_SHUR,9,LUR,HUR,2025-02-27,2025-02-28,2,TSE,1576.0989990234375,1350.983154296875,1358.78369140625,1328.2388916015625,1345.947021484375
M9_YLUR_SHUR,9,LUR,HUR,2025-02-27,2025-02-28,2,TSEC,92.11357879638672,90.30199432373047,91.67935943603516,92.9593734741211,90.6611328125
M9_YLUR_SHUR,9,LUR,HUR,2025-02-27,2025-03-01,3,Yd,1359.0201416015625,1349.0185546875,1347.538330078125,1351.31884765625,1347.858154296875
M9_YLUR_SHUR,9,LUR,HUR,2025-02-27,2025-03-01,3,TSE,1271.1075439453125,1350.983154296875,1358.0025634765625,1303.8431396484375,1339.421630859375
M9_YLUR_SHUR,9,LUR,HUR,2025-02-27,2025-03-01,3,TSEC,77.26567077636719,90.30199432373047,91.12063598632812,93.22766876220703,91.15103912353516
M9_YLUR_SHUR,9,LUR,HUR,2025-02-28,2025-02-28,1,Yd,1344.0145263671875,1349.0484619140625,1348.2071533203125,1347.43603515625,1348.2991943359375
M9_YLUR_SHUR,9,LUR,HUR,2025-02-28,2025-02-28,1,TSE,1576.0989990234375,1351.1405029296875,1355.8233642578125,1355.82421875,1345.4012451171875
M9_YLUR_SHUR,9,LUR,HUR,2025-02-28,2025-02-28,1,TSEC,92.11357879638672,90.2951889038086,91.73179626464844,91.1376724243164,90.722900390625
M9_YLUR_SHUR,9,LUR,HUR,2025-02-28,2025-03-01,2,Yd,1359.0201416015625,1349.0484619140625,1351.0843505859375,1348.2208251953125,1348.2548828125
M9_YLUR_SHUR,9,LUR,HUR,2025-02-28,2025-03-01,2,TSE,1271.1075439453125,1351.1405029296875,1362.3485107421875,1355.263916015625,1339.287841796875
M9_YLUR_SHUR,9,LUR,HUR,2025-02-28,2025-03-01,2,TSEC,77.26567077636719,90.2951889038086,90.83377838134766,90.11380004882812,91.22359466552734
M9_YLUR_SHUR,9,LUR,HUR,2025-02-28,2025-03-02,3,Yd,1371.5859375,1349.0484619140625,1349.4986572265625,1352.7857666015625,1348.735595703125
M9_YLUR_SHUR,9,LUR,HUR,2025-02-28,2025-03-02,3,TSE,1332.676513671875,1351.1405029296875,1353.73974609375,1323.38134765625,1332.7890625
M9_YLUR_SHUR,9,LUR,HUR,2025-02-28,2025-03-02,3,TSEC,95.76825714111328,90.2951889038086,90.71143341064453,93.13262176513672,91.6217041015625
M9_YLUR_SHUR,9,LUR,HUR,2025-03-01,2025-03-01,1,Yd,1359.0201416015625,1349.0421142578125,1346.41357421875,1347.97998046875,1348.753662109375
M9_YLUR_SHUR,9,LUR,HUR,2025-03-01,2025-03-01,1,TSE,1271.1075439453125,1351.42529296875,1357.494384765625,1378.046630859375,1340.8626708984375
M9_YLUR_SHUR,9,LUR,HUR,2025-03-01,2025-03-01,1,TSEC,77.26567077636719,90.2974853515625,90.73745727539062,94.00286865234375,90.97858428955078
M9_YLUR_SHUR,9,LUR,HUR,2025-03-01,2025-03-02,2,Yd,1371.5859375,1349.0421142578125,1350.45361328125,1353.5948486328125,1349.0845947265625
M9_YLUR_SHUR,9,LUR,HUR,2025-03-01,2025-03-02,2,TSE,1332.676513671875,1351.42529296875,1353.6053466796875,1315.9554443359375,1333.802001953125
M9_YLUR_SHUR,9,LUR,HUR,2025-03-01,2025-03-02,2,TSEC,95.76825714111328,90.2974853515625,90.77002716064453,92.71670532226562,91.50054931640625
M9_YLUR_SHUR,9,LUR,HUR,2025-03-01,2025-03-03,3,Yd,1354.473876953125,1349.0421142578125,1347.8948974609375,1353.1063232421875,1349.373779296875
M9_YLUR_SHUR,9,LUR,HUR,2025-03-01,2025-03-03,3,TSE,1660.0523681640625,1351.42529296875,1358.988037109375,1306.539306640625,1331.6290283203125
M9_YLUR_SHUR,9,LUR,HUR,2025-03-01,2025-03-03,3,TSEC,97.4200668334961,90.2974853515625,90.49393463134766,92.1279525756836,91.87571716308594
M9_YLUR_SHUR,9,LUR,HUR,2025-03-02,2025-03-02,1,Yd,1371.5859375,1349.0546875,1348.1932373046875,1348.601318359375,1349.3765869140625
M9_YLUR_SHUR,9,LUR,HUR,2025-03-02,2025-03-02,1,TSE,1332.676513671875,1351.3238525390625,1354.01611328125,1341.5511474609375,1341.84814453125
M9_YLUR_SHUR,9,LUR,HUR,2025-03-02,2025-03-02,1,TSEC,95.76825714111328,90.28101348876953,91.23993682861328,91.07281494140625,90.87458801269531
M9_YLUR_SHUR,9,LUR,HUR,2025-03-02,2025-03-03,2,Yd,1354.473876953125,1349.0546875,1347.5335693359375,1353.414794921875,1349.5904541015625
M9_YLUR_SHUR,9,LUR,HUR,2025-03-02,2025-03-03,2,TSE,1660.0523681640625,1351.3238525390625,1362.0960693359375,1330.26416015625,1339.3839111328125
M9_YLUR_SHUR,9,LUR,HUR,2025-03-02,2025-03-03,2,TSEC,97.4200668334961,90.28101348876953,89.95297241210938,91.62246704101562,91.4189682006836
M9_YLUR_SHUR,9,LUR,HUR,2025-03-02,2025-03-04,3,Yd,1362.044677734375,1349.0546875,1347.3843994140625,1350.9500732421875,1349.4351806640625
M9_YLUR_SHUR,9,LUR,HUR,2025-03-02,2025-03-04,3,TSE,1146.0762939453125,1351.3238525390625,1355.514404296875,1351.0106201171875,1339.837890625
M9_YLUR_SHUR,9,LUR,HUR,2025-03-02,2025-03-04,3,TSEC,84.93928527832031,90.28101348876953,90.796142578125,91.80142974853516,91.77894592285156
M9_YLUR_SHUR,9,LUR,HUR,2025-03-03,2025-03-03,1,Yd,1354.473876953125,1349.0830078125,1347.4305419921875,1351.1209716796875,1349.182373046875
M9_YLUR_SHUR,9,LUR,HUR,2025-03-03,2025-03-03,1,TSE,1660.0523681640625,1351.3001708984375,1356.288330078125,1355.6104736328125,1344.7742919921875
M9_YLUR_SHUR,9,LUR,HUR,2025-03-03,2025-03-03,1,TSEC,97.4200668334961,90.2879409790039,90.11858367919922,92.85680389404297,90.96346282958984
M9_YLUR_SHUR,9,LUR,HUR,2025-03-03,2025-03-04,2,Yd,1362.044677734375,1349.0830078125,1347.0599365234375,1346.2518310546875,1349.0645751953125
M9_YLUR_SHUR,9,LUR,HUR,2025-03-03,2025-03-04,2,TSE,1146.0762939453125,1351.3001708984375,1356.9388427734375,1372.0567626953125,1344.3759765625
M9_YLUR_SHUR,9,LUR,HUR,2025-03-03,2025-03-04,2,TSEC,84.93928527832031,90.2879409790039,90.79023742675781,93.05937194824219,91.36341094970703
M9_YLUR_SHUR,9,LUR,HUR,2025-03-03,2025-03-05,3,Yd,1349.216552734375,1349.0830078125,1346.0286865234375,1345.4720458984375,1348.5755615234375
M9_YLUR_SHUR,9,LUR,HUR,2025-03-03,2025-03-05,3,TSE,1230.306396484375,1351.3001708984375,1355.4798583984375,1387.4324951171875,1347.3612060546875
M9_YLUR_SHUR,9,LUR,HUR,2025-03-03,2025-03-05,3,TSEC,94.89856719970703,90.2879409790039,90.58223724365234,93.2778549194336,91.39895629882812
M9_YLUR_SHUR,9,LUR,HUR,2025-03-04,2025-03-04,1,Yd,1362.044677734375,1349.08984375,1351.0009765625,1347.051513671875,1348.5787353515625
M9_YLUR_SHUR,9,LUR,HUR,2025-03-04,2025-03-04,1,TSE,1146.0762939453125,1351.6895751953125,1347.5753173828125,1384.3687744140625,1347.9329833984375
M9_YLUR_SHUR,9,LUR,HUR,2025-03-04,2025-03-04,1,TSEC,84.93928527832031,90.29693603515625,90.95801544189453,91.96144104003906,90.9197769165039
M9_YLUR_SHUR,9,LUR,HUR,2025-03-04,2025-03-05,2,Yd,1349.216552734375,1349.08984375,1350.0155029296875,1344.68896484375,1347.910888671875
M9_YLUR_SHUR,9,LUR,HUR,2025-03-04,2025-03-05,2,TSE,1230.306396484375,1351.6895751953125,1358.25341796875,1360.57666015625,1351.0714111328125
M9_YLUR_SHUR,9,LUR,HUR,2025-03-04,2025-03-05,2,TSEC,94.89856719970703,90.29693603515625,90.72528839111328,92.49275970458984,91.15166473388672
M9_YLUR_SHUR,9,LUR,HUR,2025-03-04,2025-03-06,3,Yd,1359.894287109375,1349.08984375,1353.183837890625,1346.930908203125,1347.27490234375
M9_YLUR_SHUR,9,LUR,HUR,2025-03-04,2025-03-06,3,TSE,1233.6663818359375,1351.6895751953125,1357.35498046875,1350.479248046875,1350.2431640625
M9_YLUR_SHUR,9,LUR,HUR,2025-03-04,2025-03-06,3,TSEC,95.81729125976562,90.29693603515625,90.83110809326172,92.8197021484375,91.25318145751953
M9_YLUR_SHUR,9,LUR,HUR,2025-03-05,2025-03-05,1,Yd,1349.216552734375,1349.1060791015625,1348.1346435546875,1349.469482421875,1348.3720703125
M9_YLUR_SHUR,9,LUR,HUR,2025-03-05,2025-03-05,1,TSE,1230.306396484375,1351.4307861328125,1355.7459716796875,1352.9305419921875,1351.9871826171875
M9_YLUR_SHUR,9,LUR,HUR,2025-03-05,2025-03-05,1,TSEC,94.89856719970703,90.2901840209961,90.99933624267578,92.73262786865234,90.6588363647461
M9_YLUR_SHUR,9,LUR,HUR,2025-03-05,2025-03-06,2,Yd,1359.894287109375,1349.1060791015625,1346.85400390625,1347.3380126953125,1347.698486328125
M9_YLUR_SHUR,9,LUR,HUR,2025-03-05,2025-03-06,2,TSE,1233.6663818359375,1351.4307861328125,1346.702880859375,1356.530517578125,1352.522705078125
M9_YLUR_SHUR,9,LUR,HUR,2025-03-05,2025-03-06,2,TSEC,95.81729125976562,90.2901840209961,90.45349884033203,93.04061889648438,90.85889434814453
M9_YLUR_SHUR,9,LUR,HUR,2025-03-05,2025-03-07,3,Yd,1348.3431396484375,1349.1060791015625,1347.9747314453125,1349.8021240234375,1347.286865234375
M9_YLUR_SHUR,9,LUR,HUR,2025-03-05,2025-03-07,3,TSE,1315.3973388671875,1351.4307861328125,1372.8345947265625,1333.281494140625,1349.29345703125
M9_YLUR_SHUR,9,LUR,HUR,2025-03-05,2025-03-07,3,TSEC,83.74592590332031,90.2901840209961,90.83914947509766,92.89767456054688,91.18618774414062
M9_YLUR_SHUR,9,LUR,HUR,2025-03-06,2025-03-06,1,Yd,1359.894287109375,1349.1063232421875,1353.842041015625,1347.6346435546875,1348.333984375
M9_YLUR_SHUR,9,LUR,HUR,2025-03-06,2025-03-06,1,TSE,1233.6663818359375,1351.2783203125,1360.767822265625,1357.62646484375,1350.4029541015625
M9_YLUR_SHUR,9,LUR,HUR,2025-03-06,2025-03-06,1,TSEC,95.81729125976562,90.29598236083984,90.3713607788086,91.99935913085938,90.57161712646484
M9_YLUR_SHUR,9,LUR,HUR,2025-03-06,2025-03-07,2,Yd,1348.3431396484375,1349.1063232421875,1351.705078125,1344.1234130859375,1347.734375
M9_YLUR_SHUR,9,LUR,HUR,2025-03-06,2025-03-07,2,TSE,1315.3973388671875,1351.2783203125,1361.157470703125,1326.0294189453125,1347.267822265625
M9_YLUR_SHUR,9,LUR,HUR,2025-03-06,2025-03-07,2,TSEC,83.74592590332031,90.29598236083984,90.8585205078125,91.42919921875,90.98190307617188
M9_YLUR_SHUR,9,LUR,HUR,2025-03-06,2025-03-08,3,Yd,1359.3663330078125,1349.1063232421875,1351.9208984375,1346.8023681640625,1347.7545166015625
M9_YLUR_SHUR,9,LUR,HUR,2025-03-06,2025-03-08,3,TSE,1238.5577392578125,1351.2783203125,1359.321044921875,1312.860595703125,1342.34619140625
M9_YLUR_SHUR,9,LUR,HUR,2025-03-06,2025-03-08,3,TSEC,81.18081665039062,90.29598236083984,90.33238983154297,92.58830261230469,91.47696685791016
M9_YLUR_SHUR,9,LUR,HUR,2025-03-07,2025-03-07,1,Yd,1348.3431396484375,1349.1199951171875,1352.103271484375,1345.4755859375,1348.382568359375
M9_YLUR_SHUR,9,LUR,HUR,2025-03-07,2025-03-07,1,TSE,1315.3973388671875,1351.130615234375,1364.4345703125,1341.8819580078125,1346.343505859375
M9_YLUR_SHUR,9,LUR,HUR,2025-03-07,2025-03-07,1,TSEC,83.74592590332031,90.30291748046875,90.69595336914062,90.4305419921875,90.7617416381836
M9_YLUR_SHUR,9,LUR,HUR,2025-03-07,2025-03-08,2,Yd,1359.3663330078125,1349.1199951171875,1352.418212890625,1345.13818359375,1348.35693359375
M9_YLUR_SHUR,9,LUR,HUR,2025-03-07,2025-03-08,2,TSE,1238.5577392578125,1351.130615234375,1359.70458984375,1338.7510986328125,1341.375
M9_YLUR_SHUR,9,LUR,HUR,2025-03-07,2025-03-08,2,TSEC,81.18081665039062,90.30291748046875,90.58616638183594,89.14049530029297,91.29232788085938
M9_YLUR_SHUR,9,LUR,HUR,2025-03-07,2025-03-09,3,Yd,1326.1693115234375,1349.1199951171875,1351.4127197265625,1345.5335693359375,1348.6280517578125
M9_YLUR_SHUR,9,LUR,HUR,2025-03-07,2025-03-09,3,TSE,1488.10302734375,1351.130615234375,1358.0625,1336.1973876953125,1336.7841796875
M9_YLUR_SHUR,9,LUR,HUR,2025-03-07,2025-03-09,3,TSEC,92.94465637207031,90.30291748046875,90.85272979736328,90.03941345214844,91.60935974121094
M9_YLUR_SHUR,9,LUR,HUR,2025-03-08,2025-03-08,1,Yd,1359.3663330078125,1349.118896484375,1348.384521484375,1346.062255859375,1348.922119140625
M9_YLUR_SHUR,9,LUR,HUR,2025-03-08,2025-03-08,1,TSE,1238.5577392578125,1351.085693359375,1353.6016845703125,1361.20947265625,1342.3714599609375
M9_YLUR_SHUR,9,LUR,HUR,2025-03-08,2025-03-08,1,TSEC,81.18081665039062,90.29468536376953,91.13674926757812,90.43966674804688,90.8296127319336
M9_YLUR_SHUR,9,LUR,HUR,2025-03-08,2025-03-09,2,Yd,1326.1693115234375,1349.118896484375,1347.8876953125,1350.76513671875,1349.157958984375
M9_YLUR_SHUR,9,LUR,HUR,2025-03-08,2025-03-09,2,TSE,1488.10302734375,1351.085693359375,1354.8450927734375,1322.37890625,1337.6778564453125
M9_YLUR_SHUR,9,LUR,HUR,2025-03-08,2025-03-09,2,TSEC,92.94465637207031,90.29468536376953,90.2808837890625,91.62176513671875,91.24253845214844
M9_YLUR_SHUR,9,LUR,HUR,2025-03-08,2025-03-10,3,Yd,1346.0997314453125,1349.118896484375,1348.0858154296875,1350.7186279296875,1349.1480712890625
M9_YLUR_SHUR,9,LUR,HUR,2025-03-08,2025-03-10,3,TSE,1301.004150390625,1351.085693359375,1356.9248046875,1320.7874755859375,1336.8482666015625
M9_YLUR_SHUR,9,LUR,HUR,2025-03-08,2025-03-10,3,TSEC,101.67923736572266,90.29468536376953,91.26947784423828,91.97265625,91.61357879638672
M9_YLUR_SHUR,9,LUR,HUR,2025-03-09,2025-03-09,1,Yd,1326.1693115234375,1349.1317138671875,1348.6424560546875,1346.033447265625,1349.31787109375
M9_YLUR_SHUR,9,LUR,HUR,2025-03-09,2025-03-09,1,TSE,1488.10302734375,1350.9447021484375,1359.8997802734375,1343.105712890625,1342.7716064453125
M9_YLUR_SHUR,9,LUR,HUR,2025-03-09,2025-03-09,1,TSEC,92.94465637207031,90.28326416015625,90.94224548339844,91.49701690673828,90.76990509033203
M9_YLUR_SHUR,9,LUR,HUR,2025-03-09,2025-03-10,2,Yd,1346.0997314453125,1349.1317138671875,1349.9532470703125,1349.7744140625,1349.401611328125
M9_YLUR_SHUR,9,LUR,HUR,2025-03-09,2025-03-10,2,TSE,1301.004150390625,1350.9447021484375,1358.6348876953125,1327.57470703125,1341.2659912109375
M9_YLUR_SHUR,9,LUR,HUR,2025-03-09,2025-03-10,2,TSEC,101.67923736572266,90.28326416015625,90.63933563232422,91.60100555419922,91.2565689086914
M9_YLUR_SHUR,9,LUR,HUR,2025-03-09,2025-03-11,3,Yd,1355.1939697265625,1349.1317138671875,1348.9754638671875,1348.8074951171875,1349.18505859375
M9_YLUR_SHUR,9,LUR,HUR,2025-03-09,2025-03-11,3,TSE,1281.121337890625,1350.9447021484375,1362.18017578125,1335.132568359375,1342.2645263671875
M9_YLUR_SHUR,9,LUR,HUR,2025-03-09,2025-03-11,3,TSEC,95.85472106933594,90.28326416015625,90.5584487915039,92.66449737548828,91.53501892089844
M9_YLUR_SHUR,9,LUR,HUR,2025-03-10,2025-03-10,1,Yd,1346.0997314453125,1349.1029052734375,1350.797607421875,1352.6650390625,1349.1392822265625
M9_YLUR_SHUR,9,LUR,HUR,2025-03-10,2025-03-10,1,TSE,1301.004150390625,1351.116455078125,1362.78271484375,1344.650390625,1344.0531005859375
M9_YLUR_SHUR,9,LUR,HUR,2025-03-10,2025-03-10,1,TSEC,101.67923736572266,90.2865982055664,90.51329040527344,92.9070053100586,90.92092895507812
M9_YLUR_SHUR,9,LUR,HUR,2025-03-10,2025-03-11,2,Yd,1355.1939697265625,1349.1029052734375,1349.6383056640625,1350.8155517578125,1349.0115966796875
M9_YLUR_SHUR,9,LUR,HUR,2025-03-10,2025-03-11,2,TSE,1281.121337890625,1351.116455078125,1358.2203369140625,1322.3857421875,1343.095703125
M9_YLUR_SHUR,9,LUR,HUR,2025-03-10,2025-03-11,2,TSEC,95.85472106933594,90.2865982055664,90.61493682861328,92.70894622802734,91.19056701660156
M9_YLUR_SHUR,9,LUR,HUR,2025-03-10,2025-03-12,3,Yd,1344.9307861328125,1349.1029052734375,1349.021240234375,1351.5291748046875,1348.667236328125
M9_YLUR_SHUR,9,LUR,HUR,2025-03-10,2025-03-12,3,TSE,1388.71337890625,1351.116455078125,1360.685791015625,1347.098388671875,1344.97412109375
M9_YLUR_SHUR,9,LUR,HUR,2025-03-10,2025-03-12,3,TSEC,100.33016967773438,90.2865982055664,90.56843566894531,91.91602325439453,91.25904846191406
M9_YLUR_SHUR,9,LUR,HUR,2025-03-11,2025-03-11,1,Yd,1355.1939697265625,1349.099365234375,1349.033447265625,1350.68017578125,1348.8262939453125
M9_YLUR_SHUR,9,LUR,HUR,2025-03-11,2025-03-11,1,TSE,1281.121337890625,1351.0537109375,1354.6995849609375,1347.2734375,1347.2962646484375
M9_YLUR_SHUR,9,LUR,HUR,2025-03-11,2025-03-11,1,TSEC,95.85472106933594,90.30084228515625,90.03472900390625,91.94094848632812,90.67313385009766
M9_YLUR_SHUR,9,LUR,HUR,2025-03-11,2025-03-12,2,Yd,1344.9307861328125,1349.099365234375,1348.3438720703125,1346.7706298828125,1348.4705810546875
M9_YLUR_SHUR,9,LUR,HUR,2025-03-11,2025-03-12,2,TSE,1388.71337890625,1351.0537109375,1351.1739501953125,1363.186279296875,1349.673828125
M9_YLUR_SHUR,9,LUR,HUR,2025-03-11,2025-03-12,2,TSEC,100.33016967773438,90.30084228515625,91.5261001586914,90.75228881835938,90.79031372070312
M9_YLUR_SHUR,9,LUR,HUR,2025-03-11,2025-03-13,3,Yd,1340.1041259765625,1349.099365234375,1352.3621826171875,1345.7188720703125,1348.0703125
M9_YLUR_SHUR,9,LUR,HUR,2025-03-11,2025-03-13,3,TSE,1552.3521728515625,1351.0537109375,1354.10400390625,1367.9244384765625,1350.4881591796875
M9_YLUR_SHUR,9,LUR,HUR,2025-03-11,2025-03-13,3,TSEC,83.84780883789062,90.30084228515625,90.61178588867188,92.24153900146484,90.77457427978516
M9_YLUR_SHUR,9,LUR,HUR,2025-03-12,2025-03-12,1,Yd,1344.9307861328125,1349.10693359375,1345.7159423828125,1349.4088134765625,1348.472412109375
M9_YLUR_SHUR,9,LUR,HUR,2025-03-12,2025-03-12,1,TSE,1388.71337890625,1350.96630859375,1361.592041015625,1361.4002685546875,1350.9049072265625
M9_YLUR_SHUR,9,LUR,HUR,2025-03-12,2025-03-12,1,TSEC,100.33016967773438,90.30777740478516,91.05030059814453,91.43806457519531,90.51750183105469
M9_YLUR_SHUR,9,LUR,HUR,2025-03-12,2025-03-13,2,Yd,1340.1041259765625,1349.10693359375,1352.1168212890625,1347.685791015625,1347.93701171875
M9_YLUR_SHUR,9,LUR,HUR,2025-03-12,2025-03-13,2,TSE,1552.3521728515625,1350.96630859375,1356.9891357421875,1342.4632568359375,1351.2913818359375
M9_YLUR_SHUR,9,LUR,HUR,2025-03-12,2025-03-13,2,TSEC,83.84780883789062,90.30777740478516,91.01734924316406,91.28609466552734,90.6399917602539
M9_YLUR_SHUR,9,LUR,HUR,2025-03-12,2025-03-14,3,Yd,1343.3929443359375,1349.10693359375,1347.73681640625,1350.056396484375,1347.5665283203125
M9_YLUR_SHUR,9,LUR,HUR,2025-03-12,2025-03-14,3,TSE,1368.81005859375,1350.96630859375,1361.3948974609375,1330.4730224609375,1347.4085693359375
M9_YLUR_SHUR,9,LUR,HUR,2025-03-12,2025-03-14,3,TSEC,84.75222778320312,90.30777740478516,90.80986022949219,93.36536407470703,90.93633270263672
M9_YLUR_SHUR,9,LUR,HUR,2025-03-13,2025-03-13,1,Yd,1340.1041259765625,1349.1015625,1352.5733642578125,1349.6273193359375,1348.1956787109375
M9_YLUR_SHUR,9,LUR,HUR,2025-03-13,2025-03-13,1,TSE,1552.3521728515625,1351.013427734375,1348.3421630859375,1364.015380859375,1349.4267578125
M9_YLUR_SHUR,9,LUR,HUR,2025-03-13,2025-03-13,1,TSEC,83.84780883789062,90.32027435302734,90.64106750488281,92.02936553955078,90.5816879272461
M9_YLUR_SHUR,9,LUR,HUR,2025-03-13,2025-03-14,2,Yd,1343.3929443359375,1349.1015625,1349.7633056640625,1345.1402587890625,1347.4742431640625
M9_YLUR_SHUR,9,LUR,HUR,2025-03-13,2025-03-14,2,TSE,1368.81005859375,1351.013427734375,1375.4368896484375,1347.9300537109375,1345.73828125
M9_YLUR_SHUR,9,LUR,HUR,2025-03-13,2025-03-14,2,TSEC,84.75222778320312,90.32027435302734,91.03978729248047,90.9496078491211,91.09149932861328
M9_YLUR_SHUR,9,LUR,HUR,2025-03-13,2025-03-15,3,Yd,1355.6903076171875,1349.1015625,1351.2705078125,1349.5316162109375,1347.318359375
M9_YLUR_SHUR,9,LUR,HUR,2025-03-13,2025-03-15,3,TSE,1520.1083984375,1351.013427734375,1340.54296875,1328.23974609375,1340.0177001953125
M9_YLUR_SHUR,9,LUR,HUR,2025-03-13,2025-03-15,3,TSEC,95.57513427734375,90.32027435302734,90.60395812988281,92.13268280029297,91.7168960571289
M9_YLUR_SHUR,9,LUR,HUR,2025-03-14,2025-03-14,1,Yd,1343.3929443359375,1349.090576171875,1348.42919921875,1348.1146240234375,1348.1895751953125
M9_YLUR_SHUR,9,LUR,HUR,2025-03-14,2025-03-14,1,TSE,1368.81005859375,1351.26416015625,1354.0728759765625,1381.8916015625,1345.1470947265625
M9_YLUR_SHUR,9,LUR,HUR,2025-03-14,2025-03-14,1,TSEC,84.75222778320312,90.31221008300781,90.47492980957031,92.85096740722656,90.84573364257812
M9_YLUR_SHUR,9,LUR,HUR,2025-03-14,2025-03-15,2,Yd,1355.6903076171875,1349.090576171875,1349.8677978515625,1350.001708984375,1348.04541015625
M9_YLUR_SHUR,9,LUR,HUR,2025-03-14,2025-03-15,2,TSE,1520.1083984375,1351.26416015625,1368.953857421875,1336.0185546875,1339.1932373046875
M9_YLUR_SHUR,9,LUR,HUR,2025-03-14,2025-03-15,2,TSEC,95.57513427734375,90.31221008300781,91.84349822998047,91.72259521484375,91.45455932617188
M9_YLUR_SHUR,9,LUR,HUR,2025-03-14,2025-03-16,3,Yd,1352.8509521484375,1349.090576171875,1349.5870361328125,1350.8653564453125,1348.396728515625
M9_YLUR_SHUR,9,LUR,HUR,2025-03-14,2025-03-16,3,TSE,1486.427734375,1351.26416015625,1355.4835205078125,1304.03125,1331.370849609375
M9_YLUR_SHUR,9,LUR,HUR,2025-03-14,2025-03-16,3,TSEC,87.89788818359375,90.31221008300781,92.0936050415039,92.02690887451172,91.9085693359375
M9_YLUR_SHUR,9,LUR,HUR,2025-03-15,2025-03-15,1,Yd,1355.6903076171875,1349.0833740234375,1348.1307373046875,1345.6068115234375,1348.7916259765625
M9_YLUR_SHUR,9,LUR,HUR,2025-03-15,2025-03-15,1,TSE,1520.1083984375,1351.2860107421875,1356.3306884765625,1369.6265869140625,1340.8140869140625
M9_YLUR_SHUR,9,LUR,HUR,2025-03-15,2025-03-15,1,TSEC,95.57513427734375,90.3052978515625,90.36038208007812,91.2553939819336,90.95515441894531
M9_YLUR_SHUR,9,LUR,HUR,2025-03-15,2025-03-16,2,Yd,1352.8509521484375,1349.0833740234375,1349.1585693359375,1351.8251953125,1349.0755615234375
M9_YLUR_SHUR,9,LUR,HUR,2025-03-15,2025-03-16,2,TSE,1486.427734375,1351.2860107421875,1359.134765625,1329.5689697265625,1333.5728759765625
M9_YLUR_SHUR,9,LUR,HUR,2025-03-15,2025-03-16,2,TSEC,87.89788818359375,90.3052978515625,90.99130249023438,91.04458618164062,91.41862487792969
M9_YLUR_SHUR,9,LUR,HUR,2025-03-15,2025-03-17,3,Yd,1354.4300537109375,1349.0833740234375,1349.2042236328125,1352.3604736328125,1349.058837890625
M9_YLUR_SHUR,9,LUR,HUR,2025-03-15,2025-03-17,3,TSE,1299.62939453125,1351.2860107421875,1363.4342041015625,1312.632568359375,1331.4315185546875
M9_YLUR_SHUR,9,LUR,HUR,2025-03-15,2025-03-17,3,TSEC,82.85712432861328,90.3052978515625,91.06720733642578,93.38754272460938,91.88532257080078
M9_YLUR_SHUR,9,LUR,HUR,2025-03-16,2025-03-16,1,Yd,1352.8509521484375,1349.0916748046875,1349.7720947265625,1351.47216796875,1349.1480712890625
M9_YLUR_SHUR,9,LUR,HUR,2025-03-16,2025-03-16,1,TSE,1486.427734375,1351.49560546875,1357.8968505859375,1335.6202392578125,1339.7576904296875
M9_YLUR_SHUR,9,LUR,HUR,2025-03-16,2025-03-16,1,TSEC,87.89788818359375,90.31184387207031,90.70445251464844,92.7089614868164,90.96915435791016
M9_YLUR_SHUR,9,LUR,HUR,2025-03-16,2025-03-17,2,Yd,1354.4300537109375,1349.0916748046875,1349.261962890625,1348.4921875,1349.1126708984375
M9_YLUR_SHUR,9,LUR,HUR,2025-03-16,2025-03-17,2,TSE,1299.62939453125,1351.49560546875,1368.1707763671875,1336.5152587890625,1335.96044921875
M9_YLUR_SHUR,9,LUR,HUR,2025-03-16,2025-03-17,2,TSEC,82.85712432861328,90.31184387207031,91.12931060791016,90.9835433959961,91.58094787597656
M9_YLUR_SHUR,9,LUR,HUR,2025-03-16,2025-03-18,3,Yd,1333.763916015625,1349.0916748046875,1347.9249267578125,1349.0789794921875,1348.7681884765625
M9_YLUR_SHUR,9,LUR,HUR,2025-03-16,2025-03-18,3,TSE,1456.4058837890625,1351.49560546875,1359.211669921875,1349.449951171875,1335.233642578125
M9_YLUR_SHUR,9,LUR,HUR,2025-03-16,2025-03-18,3,TSEC,95.54607391357422,90.31184387207031,90.87619018554688,91.32682037353516,92.05970001220703
M9_YLUR_SHUR,9,LUR,HUR,2025-03-17,2025-03-17,1,Yd,1354.4300537109375,1349.0963134765625,1349.5556640625,1351.2960205078125,1348.99365234375
M9_YLUR_SHUR,9,LUR,HUR,2025-03-17,2025-03-17,1,TSE,1299.62939453125,1351.6632080078125,1367.70458984375,1321.4332275390625,1342.8531494140625
M9_YLUR_SHUR,9,LUR,HUR,2025-03-17,2025-03-17,1,TSEC,82.85712432861328,90.30884552001953,91.53643035888672,92.93952941894531,91.10729217529297
M9_YLUR_SHUR,9,LUR,HUR,2025-03-17,2025-03-18,2,Yd,1333.763916015625,1349.0963134765625,1348.2152099609375,1351.12451171875,1348.63232421875
M9_YLUR_SHUR,9,LUR,HUR,2025-03-17,2025-03-18,2,TSE,1456.4058837890625,1351.6632080078125,1358.534912109375,1346.4451904296875,1341.4951171875
M9_YLUR_SHUR,9,LUR,HUR,2025-03-17,2025-03-18,2,TSEC,95.54607391357422,90.30884552001953,90.70238494873047,92.03475952148438,91.56058502197266
M9_YLUR_SHUR,9,LUR,HUR,2025-03-17,2025-03-19,3,Yd,1364.1756591796875,1349.0963134765625,1347.7828369140625,1351.6207275390625,1348.02197265625
M9_YLUR_SHUR,9,LUR,HUR,2025-03-17,2025-03-19,3,TSE,1297.8184814453125,1351.6632080078125,1363.5997314453125,1338.537353515625,1343.68115234375
M9_YLUR_SHUR,9,LUR,HUR,2025-03-17,2025-03-19,3,TSEC,83.6058578491211,90.30884552001953,91.32510375976562,91.648681640625,91.53675079345703
M9_YLUR_SHUR,9,LUR,HUR,2025-03-18,2025-03-18,1,Yd,1333.763916015625,1349.1029052734375,1348.23828125,1350.8565673828125,1348.610595703125
M9_YLUR_SHUR,9,LUR,HUR,2025-03-18,2025-03-18,1,TSE,1456.4058837890625,1351.5986328125,1358.9608154296875,1329.30224609375,1347.6602783203125
M9_YLUR_SHUR,9,LUR,HUR,2025-03-18,2025-03-18,1,TSEC,95.54607391357422,90.29961395263672,91.06814575195312,91.56964874267578,90.84109497070312
M9_YLUR_SHUR,9,LUR,HUR,2025-03-18,2025-03-19,2,Yd,1364.1756591796875,1349.1029052734375,1348.766845703125,1349.015869140625,1347.8997802734375
M9_YLUR_SHUR,9,LUR,HUR,2025-03-18,2025-03-19,2,TSE,1297.8184814453125,1351.5986328125,1366.5098876953125,1332.5291748046875,1349.9554443359375
M9_YLUR_SHUR,9,LUR,HUR,2025-03-18,2025-03-19,2,TSEC,83.6058578491211,90.29961395263672,90.86852264404297,92.8570785522461,90.98565673828125
M9_YLUR_SHUR,9,LUR,HUR,2025-03-18,2025-03-20,3,Yd,1357.510009765625,1349.1029052734375,1347.3753662109375,1349.410400390625,1347.2960205078125
M9_YLUR_SHUR,9,LUR,HUR,2025-03-18,2025-03-20,3,TSE,1426.7041015625,1351.5986328125,1359.572998046875,1343.1810302734375,1348.9744873046875
M9_YLUR_SHUR,9,LUR,HUR,2025-03-18,2025-03-20,3,TSEC,98.04722595214844,90.29961395263672,90.59066009521484,92.28446197509766,91.08406066894531
M9_YLUR_SHUR,9,LUR,HUR,2025-03-19,2025-03-19,1,Yd,1364.1756591796875,1349.0838623046875,1346.76171875,1350.0731201171875,1348.125244140625
M9_YLUR_SHUR,9,LUR,HUR,2025-03-19,2025-03-19,1,TSE,1297.8184814453125,1351.7283935546875,1353.3272705078125,1373.1212158203125,1350.6634521484375
M9_YLUR_SHUR,9,LUR,HUR,2025-03-19,2025-03-19,1,TSEC,83.6058578491211,90.30610656738281,90.92894744873047,92.96141052246094,90.58085632324219
M9_YLUR_SHUR,9,LUR,HUR,2025-03-19,2025-03-20,2,Yd,1357.510009765625,1349.0838623046875,1350.9051513671875,1345.8909912109375,1347.38427734375
M9_YLUR_SHUR,9,LUR,HUR,2025-03-19,2025-03-20,2,TSE,1426.7041015625,1351.7283935546875,1345.79931640625,1355.0225830078125,1350.296875
M9_YLUR_SHUR,9,LUR,HUR,2025-03-19,2025-03-20,2,TSEC,98.04722595214844,90.30610656738281,90.76324462890625,91.50131225585938,90.7402114868164
M9_YLUR_SHUR,9,LUR,HUR,2025-03-19,2025-03-21,3,Yd,1350.814453125,1349.0838623046875,1347.9993896484375,1347.0697021484375,1347.05859375
M9_YLUR_SHUR,9,LUR,HUR,2025-03-19,2025-03-21,3,TSE,1512.615234375,1351.7283935546875,1371.0567626953125,1368.758544921875,1345.7508544921875
M9_YLUR_SHUR,9,LUR,HUR,2025-03-19,2025-03-21,3,TSEC,90.19007110595703,90.30610656738281,90.47883605957031,92.56306457519531,91.09391784667969
M9_YLUR_SHUR,9,LUR,HUR,2025-03-20,2025-03-20,1,Yd,1357.510009765625,1349.1025390625,1352.8209228515625,1344.2994384765625,1348.0196533203125
M9_YLUR_SHUR,9,LUR,HUR,2025-03-20,2025-03-20,1,TSE,1426.7041015625,1351.6617431640625,1362.5823974609375,1357.9744873046875,1348.88818359375
M9_YLUR_SHUR,9,LUR,HUR,2025-03-20,2025-03-20,1,TSEC,98.04722595214844,90.29782104492188,90.999755859375,91.8891830444336,90.52450561523438
M9_YLUR_SHUR,9,LUR,HUR,2025-03-20,2025-03-21,2,Yd,1350.814453125,1349.1025390625,1350.0416259765625,1346.0162353515625,1347.4923095703125
M9_YLUR_SHUR,9,LUR,HUR,2025-03-20,2025-03-21,2,TSE,1512.615234375,1351.6617431640625,1355.58203125,1363.514404296875,1345.9569091796875
M9_YLUR_SHUR,9,LUR,HUR,2025-03-20,2025-03-21,2,TSEC,90.19007110595703,90.29782104492188,90.19330596923828,91.0206527709961,90.98188018798828
M9_YLUR_SHUR,9,LUR,HUR,2025-03-20,2025-03-22,3,Yd,1359.841552734375,1349.1025390625,1350.890625,1348.45263671875,1347.59912109375
M9_YLUR_SHUR,9,LUR,HUR,2025-03-20,2025-03-22,3,TSE,1416.956298828125,1351.6617431640625,1359.952880859375,1332.6075439453125,1340.9088134765625
M9_YLUR_SHUR,9,LUR,HUR,2025-03-20,2025-03-22,3,TSEC,84.72673797607422,90.29782104492188,91.01725769042969,92.58903503417969,91.57054138183594
M9_YLUR_SHUR,9,LUR,HUR,2025-03-21,2025-03-21,1,Yd,1350.814453125,1349.1129150390625,1348.750732421875,1342.974609375,1348.171630859375
M9_YLUR_SHUR,9,LUR,HUR,2025-03-21,2025-03-21,1,TSE,1512.615234375,1351.7542724609375,1366.301025390625,1373.1693115234375,1345.4698486328125
M9_YLUR_SHUR,9,LUR,HUR,2025-03-21,2025-03-21,1,TSEC,90.19007110595703,90.30738830566406,89.98699951171875,90.75483703613281,90.87470245361328
M9_YLUR_SHUR,9,LUR,HUR,2025-03-21,2025-03-22,2,Yd,1359.841552734375,1349.1129150390625,1348.3807373046875,1348.358154296875,1348.0640869140625
M9_YLUR_SHUR,9,LUR,HUR,2025-03-21,2025-03-22,2,TSE,1416.956298828125,1351.7542724609375,1357.96826171875,1339.331787109375,1339.615478515625
M9_YLUR_SHUR,9,LUR,HUR,2025-03-21,2025-03-22,2,TSEC,84.72673797607422,90.30738830566406,91.283447265625,90.51898956298828,91.47286224365234
M9_YLUR_SHUR,9,LUR,HUR,2025-03-21,2025-03-23,3,Yd,1352.983642578125,1349.1129150390625,1348.728515625,1351.666015625,1348.467041015625
M9_YLUR_SHUR,9,LUR,HUR,2025-03-21,2025-03-23,3,TSE,1407.8875732421875,1351.7542724609375,1365.4571533203125,1307.077392578125,1333.1668701171875
M9_YLUR_SHUR,9,LUR,HUR,2025-03-21,2025-03-23,3,TSEC,97.81121826171875,90.30738830566406,90.38652801513672,92.14807891845703,91.90927124023438
M9_YLUR_SHUR,9,LUR,HUR,2025-03-22,2025-03-22,1,Yd,1359.841552734375,1349.114990234375,1348.0927734375,1347.1246337890625,1348.7109375
M9_YLUR_SHUR,9,LUR,HUR,2025-03-22,2025-03-22,1,TSE,1416.956298828125,1351.95263671875,1357.388427734375,1363.1265869140625,1341.336181640625
M9_YLUR_SHUR,9,LUR,HUR,2025-03-22,2025-03-22,1,TSEC,84.72673797607422,90.3072509765625,91.05290222167969,90.44588470458984,91.02518463134766
M9_YLUR_SHUR,9,LUR,HUR,2025-03-22,2025-03-23,2,Yd,1352.983642578125,1349.114990234375,1349.419189453125,1350.624267578125,1348.985107421875
M9_YLUR_SHUR,9,LUR,HUR,2025-03-22,2025-03-23,2,TSE,1407.8875732421875,1351.95263671875,1368.0084228515625,1340.4039306640625,1334.2906494140625
M9_YLUR_SHUR,9,LUR,HUR,2025-03-22,2025-03-23,2,TSEC,97.81121826171875,90.3072509765625,90.57537078857422,91.07141876220703,91.58141326904297
M9_YLUR_SHUR,9,LUR,HUR,2025-03-22,2025-03-24,3,Yd,1355.4716796875,1349.114990234375,1348.062744140625,1350.17529296875,1348.9935302734375
M9_YLUR_SHUR,9,LUR,HUR,2025-03-22,2025-03-24,3,TSE,1455.6590576171875,1351.95263671875,1358.8563232421875,1330.160400390625,1332.677978515625
M9_YLUR_SHUR,9,LUR,HUR,2025-03-22,2025-03-24,3,TSEC,96.93709564208984,90.3072509765625,90.66584777832031,91.32549285888672,92.09346771240234
M9_YLUR_SHUR,9,LUR,HUR,2025-03-23,2025-03-23,1,Yd,1352.983642578125,1349.128173828125,1351.53564453125,1351.809326171875,1349.142333984375
M9_YLUR_SHUR,9,LUR,HUR,2025-03-23,2025-03-23,1,TSE,1407.8875732421875,1352.0328369140625,1361.75390625,1332.0826416015625,1341.3282470703125
M9_YLUR_SHUR,9,LUR,HUR,2025-03-23,2025-03-23,1,TSEC,97.81121826171875,90.30037689208984,90.58158874511719,92.1691665649414,91.00949096679688
M9_YLUR_SHUR,9,LUR,HUR,2025-03-23,2025-03-24,2,Yd,1355.4716796875,1349.128173828125,1351.071533203125,1353.711181640625,1349.132568359375
M9_YLUR_SHUR,9,LUR,HUR,2025-03-23,2025-03-24,2,TSE,1455.6590576171875,1352.0328369140625,1357.45166015625,1299.512939453125,1338.5003662109375
M9_YLUR_SHUR,9,LUR,HUR,2025-03-23,2025-03-24,2,TSEC,96.93709564208984,90.30037689208984,90.55567169189453,92.4975814819336,91.71607208251953
M9_YLUR_SHUR,9,LUR,HUR,2025-03-23,2025-03-25,3,Yd,1347.377685546875,1349.128173828125,1350.5240478515625,1352.4234619140625,1348.8260498046875
M9_YLUR_SHUR,9,LUR,HUR,2025-03-23,2025-03-25,3,TSE,1102.8897705078125,1352.0328369140625,1361.923583984375,1313.9112548828125,1338.788330078125
M9_YLUR_SHUR,9,LUR,HUR,2025-03-23,2025-03-25,3,TSEC,85.71553039550781,90.30037689208984,90.8089370727539,92.73567962646484,92.2551040649414
M9_YLUR_SHUR,9,LUR,HUR,2025-03-24,2025-03-24,1,Yd,1355.4716796875,1349.1329345703125,1351.77099609375,1350.39208984375,1348.9056396484375
M9_YLUR_SHUR,9,LUR,HUR,2025-03-24,2025-03-24,1,TSE,1455.6590576171875,1352.1014404296875,1362.366455078125,1332.0894775390625,1343.6324462890625
M9_YLUR_SHUR,9,LUR,HUR,2025-03-24,2025-03-24,1,TSEC,96.93709564208984,90.30961608886719,90.93560028076172,91.48583984375,91.11546325683594
M9_YLUR_SHUR,9,LUR,HUR,2025-03-24,2025-03-25,2,Yd,1347.377685546875,1349.1329345703125,1351.422119140625,1345.0245361328125,1348.54833984375
M9_YLUR_SHUR,9,LUR,HUR,2025-03-24,2025-03-25,2,TSE,1102.8897705078125,1352.1014404296875,1359.359375,1341.8328857421875,1342.5712890625
M9_YLUR_SHUR,9,LUR,HUR,2025-03-24,2025-03-25,2,TSEC,85.71553039550781,90.30961608886719,90.90245056152344,90.58807373046875,91.70452117919922
M9_YLUR_SHUR,9,LUR,HUR,2025-03-24,2025-03-26,3,Yd,1361.2684326171875,1349.1329345703125,1349.712646484375,1346.4691162109375,1347.9295654296875
M9_YLUR_SHUR,9,LUR,HUR,2025-03-24,2025-03-26,3,TSE,1376.5303955078125,1352.1014404296875,1361.773193359375,1361.9666748046875,1345.06787109375
M9_YLUR_SHUR,9,LUR,HUR,2025-03-24,2025-03-26,3,TSEC,91.43706512451172,90.30961608886719,91.31622314453125,91.27767944335938,91.73558044433594
M9_YLUR_SHUR,9,LUR,HUR,2025-03-25,2025-03-25,1,Yd,1347.377685546875,1349.140869140625,1351.74169921875,1348.6075439453125,1348.38916015625
M9_YLUR_SHUR,9,LUR,HUR,2025-03-25,2025-03-25,1,TSE,1102.8897705078125,1352.2286376953125,1363.3463134765625,1352.014404296875,1347.3555908203125
M9_YLUR_SHUR,9,LUR,HUR,2025-03-25,2025-03-25,1,TSEC,85.71553039550781,90.31775665283203,90.93566131591797,92.5888900756836,90.94856262207031
M9_YLUR_SHUR,9,LUR,HUR,2025-03-25,2025-03-26,2,Yd,1361.2684326171875,1349.140869140625,1350.049560546875,1344.8310546875,1347.587890625
M9_YLUR_SHUR,9,LUR,HUR,2025-03-25,2025-03-26,2,TSE,1376.5303955078125,1352.2286376953125,1364.5006103515625,1367.1463623046875,1350.2420654296875
M9_YLUR_SHUR,9,LUR,HUR,2025-03-25,2025-03-26,2,TSEC,91.43706512451172,90.31775665283203,91.07843017578125,91.43677520751953,91.23252868652344
M9_YLUR_SHUR,9,LUR,HUR,2025-03-25,2025-03-27,3,Yd,1346.40478515625,1349.140869140625,1354.4219970703125,1346.003662109375,1346.8994140625
M9_YLUR_SHUR,9,LUR,HUR,2025-03-25,2025-03-27,3,TSE,1594.959716796875,1352.2286376953125,1364.72802734375,1373.489990234375,1350.5281982421875
M9_YLUR_SHUR,9,LUR,HUR,2025-03-25,2025-03-27,3,TSEC,97.38063049316406,90.31775665283203,91.00701904296875,92.13215637207031,91.50251007080078
M9_YLUR_SHUR,9,LUR,HUR,2025-03-26,2025-03-26,1,Yd,1361.2684326171875,1349.138671875,1346.36279296875,1347.7706298828125,1348.1170654296875
M9_YLUR_SHUR,9,LUR,HUR,2025-03-26,2025-03-26,1,TSE,1376.5303955078125,1351.9227294921875,1362.43505859375,1343.9967041015625,1351.1326904296875
M9_YLUR_SHUR,9,LUR,HUR,2025-03-26,2025-03-26,1,TSEC,91.43706512451172,90.31211853027344,91.66641235351562,92.45549774169922,90.66741180419922
M9_YLUR_SHUR,9,LUR,HUR,2025-03-26,2025-03-27,2,Yd,1346.40478515625,1349.138671875,1349.7987060546875,1346.1639404296875,1347.358642578125
M9_YLUR_SHUR,9,LUR,HUR,2025-03-26,2025-03-27,2,TSE,1594.959716796875,1351.9227294921875,1362.9913330078125,1348.058349609375,1351.94921875
M9_YLUR_SHUR,9,LUR,HUR,2025-03-26,2025-03-27,2,TSEC,97.38063049316406,90.31211853027344,89.67073822021484,91.6209716796875,90.93765258789062
M9_YLUR_SHUR,9,LUR,HUR,2025-03-26,2025-03-28,3,Yd,1351.7073974609375,1349.138671875,1347.8973388671875,1347.246826171875,1347.1051025390625
M9_YLUR_SHUR,9,LUR,HUR,2025-03-26,2025-03-28,3,TSE,1239.135009765625,1351.9227294921875,1362.8753662109375,1332.84228515625,1348.1556396484375
M9_YLUR_SHUR,9,LUR,HUR,2025-03-26,2025-03-28,3,TSEC,92.28073120117188,90.31211853027344,92.57511138916016,91.15129089355469,91.29559326171875
M9_YLUR_SHUR,9,LUR,HUR,2025-03-27,2025-03-27,1,Yd,1346.40478515625,1349.1534423828125,1355.1937255859375,1344.8255615234375,1347.9632568359375
M9_YLUR_SHUR,9,LUR,HUR,2025-03-27,2025-03-27,1,TSE,1594.959716796875,1351.9527587890625,1348.783935546875,1378.6190185546875,1349.5479736328125
M9_YLUR_SHUR,9,LUR,HUR,2025-03-27,2025-03-27,1,TSEC,97.38063049316406,90.31348419189453,90.7119369506836,92.06198120117188,90.6596450805664
M9_YLUR_SHUR,9,LUR,HUR,2025-03-27,2025-03-28,2,Yd,1351.7073974609375,1349.1534423828125,1352.730712890625,1344.2625732421875,1347.4095458984375
M9_YLUR_SHUR,9,LUR,HUR,2025-03-27,2025-03-28,2,TSE,1239.135009765625,1351.9527587890625,1374.2415771484375,1370.0955810546875,1346.8231201171875
M9_YLUR_SHUR,9,LUR,HUR,2025-03-27,2025-03-28,2,TSEC,92.28073120117188,90.31348419189453,90.92172241210938,91.98051452636719,91.23953247070312
M9_YLUR_SHUR,9,LUR,HUR,2025-03-27,2025-03-29,3,Yd,1313.74560546875,1349.1534423828125,1353.152099609375,1347.1568603515625,1347.427001953125
M9_YLUR_SHUR,9,LUR,HUR,2025-03-27,2025-03-29,3,TSE,1205.489990234375,1351.9527587890625,1341.4842529296875,1354.062255859375,1342.306884765625
M9_YLUR_SHUR,9,LUR,HUR,2025-03-27,2025-03-29,3,TSEC,104.14972686767578,90.31348419189453,90.59186553955078,93.28538513183594,91.88531494140625
M9_YLUR_SHUR,9,LUR,HUR,2025-03-28,2025-03-28,1,Yd,1351.7073974609375,1349.14990234375,1348.2149658203125,1345.3948974609375,1348.0523681640625
M9_YLUR_SHUR,9,LUR,HUR,2025-03-28,2025-03-28,1,TSE,1239.135009765625,1352.2503662109375,1360.7025146484375,1387.952880859375,1345.9105224609375
M9_YLUR_SHUR,9,LUR,HUR,2025-03-28,2025-03-28,1,TSEC,92.28073120117188,90.32213592529297,90.52912139892578,91.15476989746094,90.98921203613281
M9_YLUR_SHUR,9,LUR,HUR,2025-03-28,2025-03-29,2,Yd,1313.74560546875,1349.14990234375,1347.152587890625,1348.350341796875,1347.8599853515625
M9_YLUR_SHUR,9,LUR,HUR,2025-03-28,2025-03-29,2,TSE,1205.489990234375,1352.2503662109375,1359.3734130859375,1363.578125,1340.5283203125
M9_YLUR_SHUR,9,LUR,HUR,2025-03-28,2025-03-29,2,TSEC,104.14972686767578,90.32213592529297,90.99134063720703,91.12796783447266,91.68733978271484
M9_YLUR_SHUR,9,LUR,HUR,2025-03-28,2025-03-30,3,Yd,1370.2249755859375,1349.14990234375,1350.419921875,1347.6522216796875,1348.224853515625
M9_YLUR_SHUR,9,LUR,HUR,2025-03-28,2025-03-30,3,TSE,1410.04443359375,1352.2503662109375,1359.4158935546875,1348.5318603515625,1334.5589599609375
M9_YLUR_SHUR,9,LUR,HUR,2025-03-28,2025-03-30,3,TSEC,91.51177215576172,90.32213592529297,90.8998794555664,91.51557159423828,92.18368530273438
M9_YLUR_SHUR,9,LUR,HUR,2025-03-29,2025-03-29,1,Yd,1313.74560546875,1349.153076171875,1352.09375,1347.9656982421875,1348.666015625
M9_YLUR_SHUR,9,LUR,HUR,2025-03-29,2025-03-29,1,TSE,1205.489990234375,1352.1121826171875,1367.147216796875,1368.0159912109375,1342.3050537109375
M9_YLUR_SHUR,9,LUR,HUR,2025-03-29,2025-03-29,1,TSEC,104.14972686767578,90.32453155517578,91.02345275878906,91.6226577758789,91.05911254882812
M9_YLUR_SHUR,9,LUR,HUR,2025-03-29,2025-03-30,2,Yd,1370.2249755859375,1349.153076171875,1352.347900390625,1352.484619140625,1348.7513427734375
M9_YLUR_SHUR,9,LUR,HUR,2025-03-29,2025-03-30,2,TSE,1410.04443359375,1352.1121826171875,1358.7032470703125,1309.8765869140625,1336.1068115234375
M9_YLUR_SHUR,9,LUR,HUR,2025-03-29,2025-03-30,2,TSEC,91.51177215576172,90.32453155517578,91.1164779663086,92.4872055053711,91.56993103027344
M9_YLUR_SHUR,9,LUR,HUR,2025-03-29,2025-03-31,3,Yd,1358.437744140625,1349.153076171875,1351.6639404296875,1352.4327392578125,1348.6573486328125
M9_YLUR_SHUR,9,LUR,HUR,2025-03-29,2025-03-31,3,TSE,1444.02197265625,1352.1121826171875,1368.6234130859375,1302.9654541015625,1334.7261962890625
M9_YLUR_SHUR,9,LUR,HUR,2025-03-29,2025-03-31,3,TSEC,94.23550415039062,90.32453155517578,91.15401458740234,92.847412109375,92.07054901123047
M9_YLUR_SHUR,9,LUR,HUR,2025-03-30,2025-03-30,1,Yd,1370.2249755859375,1349.10986328125,1348.3387451171875,1351.9869384765625,1348.8712158203125
M9_YLUR_SHUR,9,LUR,HUR,2025-03-30,2025-03-30,1,TSE,1410.04443359375,1351.9329833984375,1363.107421875,1340.50537109375,1340.613525390625
M9_YLUR_SHUR,9,LUR,HUR,2025-03-30,2025-03-30,1,TSEC,91.51177215576172,90.34141540527344,90.60486602783203,90.38592529296875,90.88932800292969
M9_YLUR_SHUR,9,LUR,HUR,2025-03-30,2025-03-31,2,Yd,1358.437744140625,1349.10986328125,1347.19921875,1349.0313720703125,1348.578125
M9_YLUR_SHUR,9,LUR,HUR,2025-03-30,2025-03-31,2,TSE,1444.02197265625,1351.9329833984375,1359.2728271484375,1323.1959228515625,1337.32958984375
M9_YLUR_SHUR,9,LUR,HUR,2025-03-30,2025-03-31,2,TSEC,94.23550415039062,90.34141540527344,91.57894134521484,89.977783203125,91.40763854980469
M9_YLUR_SHUR,9,LUR,HUR,2025-03-30,2025-04-01,3,Yd,1345.0498046875,1349.10986328125,1347.510986328125,1349.144775390625,1348.0999755859375
M9_YLUR_SHUR,9,LUR,HUR,2025-03-30,2025-04-01,3,TSE,1251.942138671875,1351.9329833984375,1353.73974609375,1334.5028076171875,1338.0159912109375
M9_YLUR_SHUR,9,LUR,HUR,2025-03-30,2025-04-01,3,TSEC,86.91584777832031,90.34141540527344,90.72586059570312,90.50967407226562,91.72541809082031
