case_id,M,yd_level,solar_level,origin_date,target_date,step,variable,true,MEAN,ARIMA,RNN,LSTM
M4_YLUR_SLUR,4,LUR,LUR,2024-12-31,2024-12-31,1,Yd,601.85107421875,599.7354736328125,598.9791259765625,599.1012573242188,599.9547729492188
M4_YLUR_SLUR,4,LUR,LUR,2024-12-31,2024-12-31,1,TSE,590.053955078125,599.7554931640625,599.431884765625,599.4911499023438,599.5133056640625
M4_YLUR_SLUR,4,LUR,LUR,2024-12-31,2024-12-31,1,TSEC,40.20622634887695,40.006072998046875,39.955162048339844,40.19024658203125,40.02629089355469
M4_YLUR_SLUR,4,LUR,LUR,2024-12-31,2025-01-01,2,Yd,597.7250366210938,599.7354736328125,598.7515869140625,598.5714111328125,600.1083984375
M4_YLUR_SLUR,4,LUR,LUR,2024-12-31,2025-01-01,2,TSE,599.6072387695312,599.7554931640625,599.527587890625,601.1145629882812,599.2786865234375
M4_YLUR_SLUR,4,LUR,LUR,2024-12-31,2025-01-01,2,TSEC,40.19827651977539,40.006072998046875,39.953697204589844,40.11262893676758,40.03123474121094
M4_YLUR_SLUR,4,LUR,LUR,2024-12-31,2025-01-02,3,Yd,597.1790771484375,599.7354736328125,599.317626953125,599.240234375,600.211181640625
M4_YLUR_SLUR,4,LUR,LUR,2024-12-31,2025-01-02,3,TSE,606.8126220703125,599.7554931640625,599.75830078125,601.4100952148438,599.222900390625
M4_YLUR_SLUR,4,LUR,LUR,2024-12-31,2025-01-02,3,TSEC,40.834537506103516,40.006072998046875,39.96467208862305,40.05260467529297,40.02676010131836
M4_YLUR_SLUR,4,LUR,LUR,2025-01-01,2025-01-01,1,Yd,597.7250366210938,599.7383422851562,598.1723022460938,598.029541015625,599.9141845703125
M4_YLUR_SLUR,4,LUR,LUR,2025-01-01,2025-01-01,1,TSE,599.6072387695312,599.7422485351562,599.7369384765625,599.8856811523438,599.4590454101562
M4_YLUR_SLUR,4,LUR,LUR,2025-01-01,2025-01-01,1,TSEC,40.19827651977539,40.00634765625,40.09941864013672,40.16579818725586,40.02110290527344
M4_YLUR_SLUR,4,LUR,LUR,2025-01-01,2025-01-02,2,Yd,597.1790771484375,599.7383422851562,598.8443603515625,599.1260375976562,599.986572265625
M4_YLUR_SLUR,4,LUR,LUR,2025-01-01,2025-01-02,2,TSE,606.8126220703125,599.7422485351562,599.1788330078125,600.6531982421875,599.3145751953125
M4_YLUR_SLUR,4,LUR,LUR,2025-01-01,2025-01-02,2,TSEC,40.834537506103516,40.00634765625,40.04659652709961,40.08150100708008,40.016204833984375
M4_YLUR_SLUR,4,LUR,LUR,2025-01-01,2025-01-03,3,Yd,599.7767944335938,599.7383422851562,599.6378784179688,599.9078369140625,600.0505981445312
M4_YLUR_SLUR,4,LUR,LUR,2025-01-01,2025-01-03,3,TSE,610.8305053710938,599.7422485351562,599.652099609375,602.092041015625,599.3890991210938
M4_YLUR_SLUR,4,LUR,LUR,2025-01-01,2025-01-03,3,TSEC,39.69723892211914,40.00634765625,40.1247673034668,40.024681091308594,40.00918960571289
M4_YLUR_SLUR,4,LUR,LUR,2025-01-02,2025-01-02,1,Yd,597.1790771484375,599.7356567382812,598.8472290039062,599.893798828125,599.8973999023438
M4_YLUR_SLUR,4,LUR,LUR,2025-01-02,2025-01-02,1,TSE,606.8126220703125,599.7420654296875,599.623291015625,600.6417236328125,599.6080322265625
M4_YLUR_SLUR,4,LUR,LUR,2025-01-02,2025-01-02,1,TSEC,40.834537506103516,40.00661087036133,40.052024841308594,40.1341552734375,40.01081848144531
M4_YLUR_SLUR,4,LUR,LUR,2025-01-02,2025-01-03,2,Yd,599.7767944335938,599.7356567382812,599.6486206054688,599.4930419921875,600.0712280273438
M4_YLUR_SLUR,4,LUR,LUR,2025-01-02,2025-01-03,2,TSE,610.8305053710938,599.7420654296875,599.540771484375,600.5421142578125,599.6129760742188
M4_YLUR_SLUR,4,LUR,LUR,2025-01-02,2025-01-03,2,TSEC,39.69723892211914,40.00661087036133,40.13330841064453,40.0014533996582,40.008750915527344
M4_YLUR_SLUR,4,LUR,LUR,2025-01-02,2025-01-04,3,Yd,606.1073608398438,599.7356567382812,599.2680053710938,601.1755981445312,600.330078125
M4_YLUR_SLUR,4,LUR,LUR,2025-01-02,2025-01-04,3,TSE,605.6121215820312,599.7420654296875,600.8352661132812,600.1178588867188,599.7434692382812
M4_YLUR_SLUR,4,LUR,LUR,2025-01-02,2025-01-04,3,TSEC,39.7609748840332,40.00661087036133,40.09941101074219,40.062564849853516,40.011741638183594
M4_YLUR_SLUR,4,LUR,LUR,2025-01-03,2025-01-03,1,Yd,599.7767944335938,599.7321166992188,598.5842895507812,598.5768432617188,600.0172729492188
M4_YLUR_SLUR,4,LUR,LUR,2025-01-03,2025-01-03,1,TSE,610.8305053710938,599.751708984375,599.7531127929688,600.5389404296875,599.7699584960938
M4_YLUR_SLUR,4,LUR,LUR,2025-01-03,2025-01-03,1,TSEC,39.69723892211914,40.00774002075195,40.216575622558594,40.02829360961914,40.00988006591797
M4_YLUR_SLUR,4,LUR,LUR,2025-01-03,2025-01-04,2,Yd,606.1073608398438,599.7321166992188,598.888427734375,600.71044921875,600.3291015625
M4_YLUR_SLUR,4,LUR,LUR,2025-01-03,2025-01-04,2,TSE,605.6121215820312,599.751708984375,599.8056640625,600.851318359375,599.8928833007812
M4_YLUR_SLUR,4,LUR,LUR,2025-01-03,2025-01-04,2,TSEC,39.7609748840332,40.00774002075195,40.18416976928711,40.03472900390625,40.01093292236328
M4_YLUR_SLUR,4,LUR,LUR,2025-01-03,2025-01-05,3,Yd,615.2412109375,599.7321166992188,598.8142700195312,600.3472900390625,600.5100708007812
M4_YLUR_SLUR,4,LUR,LUR,2025-01-03,2025-01-05,3,TSE,591.0872192382812,599.751708984375,599.5496826171875,599.7842407226562,599.8295288085938
M4_YLUR_SLUR,4,LUR,LUR,2025-01-03,2025-01-05,3,TSEC,40.48909378051758,40.00774002075195,40.15642547607422,39.939815521240234,40.0176887512207
M4_YLUR_SLUR,4,LUR,LUR,2025-01-04,2025-01-04,1,Yd,606.1073608398438,599.732177734375,599.324951171875,598.4800415039062,600.1810913085938
M4_YLUR_SLUR,4,LUR,LUR,2025-01-04,2025-01-04,1,TSE,605.6121215820312,599.7667846679688,600.0280151367188,599.0867309570312,599.9093017578125
M4_YLUR_SLUR,4,LUR,LUR,2025-01-04,2025-01-04,1,TSEC,39.7609748840332,40.00731658935547,39.975215911865234,40.05280685424805,40.00859451293945
M4_YLUR_SLUR,4,LUR,LUR,2025-01-04,2025-01-05,2,Yd,615.2412109375,599.732177734375,599.7647705078125,599.9511108398438,600.468994140625
M4_YLUR_SLUR,4,LUR,LUR,2025-01-04,2025-01-05,2,TSE,591.0872192382812,599.7667846679688,599.3095703125,602.0971069335938,599.8695678710938
M4_YLUR_SLUR,4,LUR,LUR,2025-01-04,2025-01-05,2,TSEC,40.48909378051758,40.00731658935547,39.904117584228516,39.98762512207031,40.01261901855469
M4_YLUR_SLUR,4,LUR,LUR,2025-01-04,2025-01-06,3,Yd,606.1342163085938,599.732177734375,598.8330688476562,599.8695068359375,600.553955078125
M4_YLUR_SLUR,4,LUR,LUR,2025-01-04,2025-01-06,3,TSE,591.654296875,599.7667846679688,600.05517578125,601.2088623046875,599.6598510742188
M4_YLUR_SLUR,4,LUR,LUR,2025-01-04,2025-01-06,3,TSEC,39.95675277709961,40.00731658935547,39.958919525146484,39.961082458496094,40.02150344848633
M4_YLUR_SLUR,4,LUR,LUR,2025-01-05,2025-01-05,1,Yd,615.2412109375,599.7409057617188,598.9642333984375,600.5122680664062,600.1991577148438
M4_YLUR_SLUR,4,LUR,LUR,2025-01-05,2025-01-05,1,TSE,591.0872192382812,599.7747192382812,599.4984741210938,601.717529296875,599.8442993164062
M4_YLUR_SLUR,4,LUR,LUR,2025-01-05,2025-01-05,1,TSEC,40.48909378051758,40.00698471069336,40.03031921386719,40.07963943481445,40.01151657104492
M4_YLUR_SLUR,4,LUR,LUR,2025-01-05,2025-01-06,2,Yd,606.1342163085938,599.7409057617188,598.8499755859375,600.8399047851562,600.3936767578125
M4_YLUR_SLUR,4,LUR,LUR,2025-01-05,2025-01-06,2,TSE,591.654296875,599.7747192382812,600.5014038085938,601.0447998046875,599.6903686523438
M4_YLUR_SLUR,4,LUR,LUR,2025-01-05,2025-01-06,2,TSEC,39.95675277709961,40.00698471069336,39.99739074707031,40.050384521484375,40.01751708984375
M4_YLUR_SLUR,4,LUR,LUR,2025-01-05,2025-01-07,3,Yd,594.9302368164062,599.7409057617188,598.79296875,600.273681640625,600.3978881835938
M4_YLUR_SLUR,4,LUR,LUR,2025-01-05,2025-01-07,3,TSE,596.281494140625,599.7747192382812,600.1019287109375,600.5278930664062,599.4317626953125
M4_YLUR_SLUR,4,LUR,LUR,2025-01-05,2025-01-07,3,TSEC,40.56574249267578,40.00698471069336,39.952606201171875,40.02924346923828,40.02617263793945
M4_YLUR_SLUR,4,LUR,LUR,2025-01-06,2025-01-06,1,Yd,606.1342163085938,599.7619018554688,598.928955078125,600.0013427734375,600.0347900390625
M4_YLUR_SLUR,4,LUR,LUR,2025-01-06,2025-01-06,1,TSE,591.654296875,599.7630004882812,599.0596313476562,602.6018676757812,599.6954345703125
M4_YLUR_SLUR,4,LUR,LUR,2025-01-06,2025-01-06,1,TSEC,39.95675277709961,40.00763702392578,40.11967468261719,40.08436965942383,40.01860427856445
M4_YLUR_SLUR,4,LUR,LUR,2025-01-06,2025-01-07,2,Yd,594.9302368164062,599.7619018554688,599.5771484375,599.6231689453125,600.1439208984375
M4_YLUR_SLUR,4,LUR,LUR,2025-01-06,2025-01-07,2,TSE,596.281494140625,599.7630004882812,600.0601806640625,599.4737548828125,599.4570922851562
M4_YLUR_SLUR,4,LUR,LUR,2025-01-06,2025-01-07,2,TSEC,40.56574249267578,40.00763702392578,40.1453857421875,40.08617401123047,40.02898406982422
M4_YLUR_SLUR,4,LUR,LUR,2025-01-06,2025-01-08,3,Yd,603.7264404296875,599.7619018554688,600.6492919921875,599.0062255859375,600.1663208007812
M4_YLUR_SLUR,4,LUR,LUR,2025-01-06,2025-01-08,3,TSE,602.4864501953125,599.7630004882812,600.3465576171875,599.4356079101562,599.17724609375
M4_YLUR_SLUR,4,LUR,LUR,2025-01-06,2025-01-08,3,TSEC,40.18841552734375,40.00763702392578,40.13076400756836,40.10751724243164,40.033206939697266
M4_YLUR_SLUR,4,LUR,LUR,2025-01-07,2025-01-07,1,Yd,594.9302368164062,599.7705078125,599.8297119140625,599.6383056640625,599.8999633789062
M4_YLUR_SLUR,4,LUR,LUR,2025-01-07,2025-01-07,1,TSE,596.281494140625,599.751953125,599.85498046875,600.0708618164062,599.5112915039062
M4_YLUR_SLUR,4,LUR,LUR,2025-01-07,2025-01-07,1,TSEC,40.56574249267578,40.007568359375,40.1254997253418,40.20415115356445,40.02466583251953
M4_YLUR_SLUR,4,LUR,LUR,2025-01-07,2025-01-08,2,Yd,603.7264404296875,599.7705078125,599.1922607421875,598.7705078125,600.0113525390625
M4_YLUR_SLUR,4,LUR,LUR,2025-01-07,2025-01-08,2,TSE,602.4864501953125,599.751953125,599.5689697265625,599.257080078125,599.2637939453125
M4_YLUR_SLUR,4,LUR,LUR,2025-01-07,2025-01-08,2,TSEC,40.18841552734375,40.007568359375,40.11393356323242,40.24981689453125,40.028263092041016
M4_YLUR_SLUR,4,LUR,LUR,2025-01-07,2025-01-09,3,Yd,603.6589965820312,599.7705078125,598.86279296875,599.47802734375,600.0738525390625
M4_YLUR_SLUR,4,LUR,LUR,2025-01-07,2025-01-09,3,TSE,609.6075439453125,599.751953125,599.6246948242188,600.5476684570312,599.2000732421875
M4_YLUR_SLUR,4,LUR,LUR,2025-01-07,2025-01-09,3,TSEC,40.13622283935547,40.007568359375,40.073020935058594,40.12786102294922,40.02284622192383
M4_YLUR_SLUR,4,LUR,LUR,2025-01-08,2025-01-08,1,Yd,603.7264404296875,599.7639770507812,599.1474609375,600.0681762695312,599.88525390625
M4_YLUR_SLUR,4,LUR,LUR,2025-01-08,2025-01-08,1,TSE,602.4864501953125,599.747314453125,598.933837890625,599.103271484375,599.4971923828125
M4_YLUR_SLUR,4,LUR,LUR,2025-01-08,2025-01-08,1,TSEC,40.18841552734375,40.00832748413086,40.167240142822266,40.16593933105469,40.018707275390625
M4_YLUR_SLUR,4,LUR,LUR,2025-01-08,2025-01-09,2,Yd,603.6589965820312,599.7639770507812,599.1553955078125,600.5359497070312,599.9607543945312
M4_YLUR_SLUR,4,LUR,LUR,2025-01-08,2025-01-09,2,TSE,609.6075439453125,599.747314453125,598.8671264648438,599.4810180664062,599.3785400390625
M4_YLUR_SLUR,4,LUR,LUR,2025-01-08,2025-01-09,2,TSEC,40.13622283935547,40.00832748413086,40.12063217163086,40.117801666259766,40.01454162597656
M4_YLUR_SLUR,4,LUR,LUR,2025-01-08,2025-01-10,3,Yd,601.7369995117188,599.7639770507812,599.01123046875,600.3818969726562,600.0961303710938
M4_YLUR_SLUR,4,LUR,LUR,2025-01-08,2025-01-10,3,TSE,597.8104858398438,599.747314453125,598.7243041992188,599.1802978515625,599.4133911132812
M4_YLUR_SLUR,4,LUR,LUR,2025-01-08,2025-01-10,3,TSEC,40.082481384277344,40.00832748413086,40.18880081176758,40.04545211791992,40.01004409790039
M4_YLUR_SLUR,4,LUR,LUR,2025-01-09,2025-01-09,1,Yd,603.6589965820312,599.7693481445312,598.4315795898438,599.6950073242188,599.89990234375
M4_YLUR_SLUR,4,LUR,LUR,2025-01-09,2025-01-09,1,TSE,609.6075439453125,599.7509765625,599.7098999023438,598.871337890625,599.618408203125
M4_YLUR_SLUR,4,LUR,LUR,2025-01-09,2025-01-09,1,TSEC,40.13622283935547,40.008567810058594,39.989078521728516,40.17606735229492,40.01107406616211
M4_YLUR_SLUR,4,LUR,LUR,2025-01-09,2025-01-10,2,Yd,601.7369995117188,599.7693481445312,599.4351196289062,598.9189453125,600.1031494140625
M4_YLUR_SLUR,4,LUR,LUR,2025-01-09,2025-01-10,2,TSE,597.8104858398438,599.7509765625,599.689208984375,599.8109741210938,599.6116943359375
M4_YLUR_SLUR,4,LUR,LUR,2025-01-09,2025-01-10,2,TSEC,40.082481384277344,40.008567810058594,39.974151611328125,39.9549446105957,40.007904052734375
M4_YLUR_SLUR,4,LUR,LUR,2025-01-09,2025-01-11,3,Yd,591.637939453125,599.7693481445312,599.0057983398438,600.5472412109375,600.358154296875
M4_YLUR_SLUR,4,LUR,LUR,2025-01-09,2025-01-11,3,TSE,597.4591064453125,599.7509765625,600.900634765625,598.2530517578125,599.7572021484375
M4_YLUR_SLUR,4,LUR,LUR,2025-01-09,2025-01-11,3,TSEC,39.77688980102539,40.008567810058594,39.969627380371094,40.04179763793945,40.009239196777344
M4_YLUR_SLUR,4,LUR,LUR,2025-01-10,2025-01-10,1,Yd,601.7369995117188,599.7745971679688,599.46240234375,599.0546875,600.0785522460938
M4_YLUR_SLUR,4,LUR,LUR,2025-01-10,2025-01-10,1,TSE,597.8104858398438,599.7642822265625,599.1387939453125,599.4437255859375,599.808837890625
M4_YLUR_SLUR,4,LUR,LUR,2025-01-10,2025-01-10,1,TSEC,40.082481384277344,40.00874328613281,40.18968963623047,40.039283752441406,40.00820541381836
M4_YLUR_SLUR,4,LUR,LUR,2025-01-10,2025-01-11,2,Yd,591.637939453125,599.7745971679688,598.8738403320312,600.6636352539062,600.4021606445312
M4_YLUR_SLUR,4,LUR,LUR,2025-01-10,2025-01-11,2,TSE,597.4591064453125,599.7642822265625,599.3532104492188,601.8768310546875,599.9684448242188
M4_YLUR_SLUR,4,LUR,LUR,2025-01-10,2025-01-11,2,TSEC,39.77688980102539,40.00874328613281,40.15945816040039,40.06881332397461,40.0059928894043
M4_YLUR_SLUR,4,LUR,LUR,2025-01-10,2025-01-12,3,Yd,598.153076171875,599.7745971679688,599.7636108398438,599.849365234375,600.5897216796875
M4_YLUR_SLUR,4,LUR,LUR,2025-01-10,2025-01-12,3,TSE,592.5534057617188,599.7642822265625,599.4224853515625,600.3285522460938,599.933837890625
M4_YLUR_SLUR,4,LUR,LUR,2025-01-10,2025-01-12,3,TSEC,39.84576416015625,40.00874328613281,40.04720687866211,40.02323532104492,40.01275634765625
M4_YLUR_SLUR,4,LUR,LUR,2025-01-11,2025-01-11,1,Yd,591.637939453125,599.7772216796875,599.0545654296875,600.3753051757812,600.1569213867188
M4_YLUR_SLUR,4,LUR,LUR,2025-01-11,2025-01-11,1,TSE,597.4591064453125,599.7616577148438,599.3444213867188,600.2593994140625,599.8895874023438
M4_YLUR_SLUR,4,LUR,LUR,2025-01-11,2025-01-11,1,TSEC,39.77688980102539,40.00883865356445,40.15188980102539,40.12403106689453,40.00556945800781
M4_YLUR_SLUR,4,LUR,LUR,2025-01-11,2025-01-12,2,Yd,598.153076171875,599.7772216796875,599.0882568359375,601.59130859375,600.4215698242188
M4_YLUR_SLUR,4,LUR,LUR,2025-01-11,2025-01-12,2,TSE,592.5534057617188,599.7616577148438,599.9126586914062,601.7249145507812,599.8565673828125
M4_YLUR_SLUR,4,LUR,LUR,2025-01-11,2025-01-12,2,TSEC,39.84576416015625,40.00883865356445,40.04096984863281,40.07004165649414,40.008121490478516
M4_YLUR_SLUR,4,LUR,LUR,2025-01-11,2025-01-13,3,Yd,600.9295043945312,599.7772216796875,599.0330200195312,601.1536254882812,600.5106811523438
M4_YLUR_SLUR,4,LUR,LUR,2025-01-11,2025-01-13,3,TSE,589.421142578125,599.7616577148438,599.938720703125,601.0821533203125,599.6654663085938
M4_YLUR_SLUR,4,LUR,LUR,2025-01-11,2025-01-13,3,TSEC,40.02126693725586,40.00883865356445,40.125797271728516,40.01411437988281,40.01792907714844
M4_YLUR_SLUR,4,LUR,LUR,2025-01-12,2025-01-12,1,Yd,598.153076171875,599.7662963867188,599.6735229492188,599.7785034179688,600.092041015625
M4_YLUR_SLUR,4,LUR,LUR,2025-01-12,2025-01-12,1,TSE,592.5534057617188,599.758544921875,599.982177734375,599.963623046875,599.8049926757812
M4_YLUR_SLUR,4,LUR,LUR,2025-01-12,2025-01-12,1,TSEC,39.84576416015625,40.00852966308594,39.888919830322266,40.0833625793457,40.01136779785156
M4_YLUR_SLUR,4,LUR,LUR,2025-01-12,2025-01-13,2,Yd,600.9295043945312,599.7662963867188,599.0140991210938,600.1378784179688,600.2549438476562
M4_YLUR_SLUR,4,LUR,LUR,2025-01-12,2025-01-13,2,TSE,589.421142578125,599.758544921875,598.8609008789062,599.2177734375,599.6644897460938
M4_YLUR_SLUR,4,LUR,LUR,2025-01-12,2025-01-13,2,TSEC,40.02126693725586,40.00852966308594,39.95680236816406,39.97706985473633,40.02047348022461
M4_YLUR_SLUR,4,LUR,LUR,2025-01-12,2025-01-14,3,Yd,599.4683837890625,599.7662963867188,599.9138793945312,600.1713256835938,600.3026733398438
M4_YLUR_SLUR,4,LUR,LUR,2025-01-12,2025-01-14,3,TSE,604.4724731445312,599.758544921875,600.103515625,600.427978515625,599.4285888671875
M4_YLUR_SLUR,4,LUR,LUR,2025-01-12,2025-01-14,3,TSEC,39.7876091003418,40.00852966308594,39.950008392333984,39.96136474609375,40.03199005126953
M4_YLUR_SLUR,4,LUR,LUR,2025-01-13,2025-01-13,1,Yd,600.9295043945312,599.76416015625,599.0095825195312,599.1666259765625,599.9890747070312
M4_YLUR_SLUR,4,LUR,LUR,2025-01-13,2025-01-13,1,TSE,589.421142578125,599.7488403320312,600.9962158203125,599.8374633789062,599.6932983398438
M4_YLUR_SLUR,4,LUR,LUR,2025-01-13,2025-01-13,1,TSEC,40.02126693725586,40.00830841064453,39.998023986816406,40.08918762207031,40.021766662597656
M4_YLUR_SLUR,4,LUR,LUR,2025-01-13,2025-01-14,2,Yd,599.4683837890625,599.76416015625,599.9465942382812,600.2172241210938,600.1341552734375
M4_YLUR_SLUR,4,LUR,LUR,2025-01-13,2025-01-14,2,TSE,604.4724731445312,599.7488403320312,599.7833862304688,600.9183959960938,599.51708984375
M4_YLUR_SLUR,4,LUR,LUR,2025-01-13,2025-01-14,2,TSEC,39.7876091003418,40.00830841064453,39.96921920776367,40.059322357177734,40.03322219848633
M4_YLUR_SLUR,4,LUR,LUR,2025-01-13,2025-01-15,3,Yd,601.0753173828125,599.76416015625,598.5214233398438,599.6080932617188,600.2125854492188
M4_YLUR_SLUR,4,LUR,LUR,2025-01-13,2025-01-15,3,TSE,606.9987182617188,599.7488403320312,599.668701171875,602.016357421875,599.295166015625
M4_YLUR_SLUR,4,LUR,LUR,2025-01-13,2025-01-15,3,TSEC,40.27731704711914,40.00830841064453,39.98621368408203,40.02585983276367,40.03424835205078
M4_YLUR_SLUR,4,LUR,LUR,2025-01-14,2025-01-14,1,Yd,599.4683837890625,599.7656860351562,599.4208984375,598.9285278320312,599.9364624023438
M4_YLUR_SLUR,4,LUR,LUR,2025-01-14,2025-01-14,1,TSE,604.4724731445312,599.7349853515625,599.1304321289062,600.8720703125,599.5614624023438
M4_YLUR_SLUR,4,LUR,LUR,2025-01-14,2025-01-14,1,TSEC,39.7876091003418,40.00832748413086,39.9443473815918,40.15739822387695,40.025753021240234
M4_YLUR_SLUR,4,LUR,LUR,2025-01-14,2025-01-15,2,Yd,601.0753173828125,599.7656860351562,599.1851196289062,599.3532104492188,600.065185546875
M4_YLUR_SLUR,4,LUR,LUR,2025-01-14,2025-01-15,2,TSE,606.9987182617188,599.7349853515625,599.23876953125,601.8358764648438,599.33642578125
M4_YLUR_SLUR,4,LUR,LUR,2025-01-14,2025-01-15,2,TSEC,40.27731704711914,40.00832748413086,39.94901657104492,40.08160400390625,40.02904510498047
M4_YLUR_SLUR,4,LUR,LUR,2025-01-14,2025-01-16,3,Yd,600.7398071289062,599.7656860351562,598.8840942382812,599.8694458007812,600.1219482421875
M4_YLUR_SLUR,4,LUR,LUR,2025-01-14,2025-01-16,3,TSE,591.9417724609375,599.7349853515625,599.2110595703125,602.37548828125,599.2496337890625
M4_YLUR_SLUR,4,LUR,LUR,2025-01-14,2025-01-16,3,TSEC,39.93907928466797,40.00832748413086,39.92420196533203,40.00246047973633,40.021305084228516
M4_YLUR_SLUR,4,LUR,LUR,2025-01-15,2025-01-15,1,Yd,601.0753173828125,599.7652587890625,598.9637451171875,598.9360961914062,599.938232421875
M4_YLUR_SLUR,4,LUR,LUR,2025-01-15,2025-01-15,1,TSE,606.9987182617188,599.7413330078125,600.1827392578125,601.077392578125,599.5554809570312
M4_YLUR_SLUR,4,LUR,LUR,2025-01-15,2025-01-15,1,TSEC,40.27731704711914,40.008026123046875,39.9580192565918,40.054290771484375,40.018672943115234
M4_YLUR_SLUR,4,LUR,LUR,2025-01-15,2025-01-16,2,Yd,600.7398071289062,599.7652587890625,599.0728759765625,599.5133056640625,600.0472412109375
M4_YLUR_SLUR,4,LUR,LUR,2025-01-15,2025-01-16,2,TSE,591.9417724609375,599.7413330078125,599.9529418945312,600.9849853515625,599.4647827148438
M4_YLUR_SLUR,4,LUR,LUR,2025-01-15,2025-01-16,2,TSEC,39.93907928466797,40.008026123046875,39.92654037475586,39.9578742980957,40.01516342163086
M4_YLUR_SLUR,4,LUR,LUR,2025-01-15,2025-01-17,3,Yd,599.2653198242188,599.7652587890625,598.8330688476562,601.7600708007812,600.1373291015625
M4_YLUR_SLUR,4,LUR,LUR,2025-01-15,2025-01-17,3,TSE,598.983154296875,599.7413330078125,599.525634765625,599.932373046875,599.5072021484375
M4_YLUR_SLUR,4,LUR,LUR,2025-01-15,2025-01-17,3,TSEC,39.3132438659668,40.008026123046875,39.97702407836914,39.98680877685547,40.009517669677734
M4_YLUR_SLUR,4,LUR,LUR,2025-01-16,2025-01-16,1,Yd,600.7398071289062,599.7670288085938,598.9285888671875,598.580810546875,599.9412841796875
M4_YLUR_SLUR,4,LUR,LUR,2025-01-16,2025-01-16,1,TSE,591.9417724609375,599.7510375976562,599.0419921875,601.0510864257812,599.6714477539062
M4_YLUR_SLUR,4,LUR,LUR,2025-01-16,2025-01-16,1,TSEC,39.93907928466797,40.00838851928711,40.00938034057617,40.0698127746582,40.01130294799805
M4_YLUR_SLUR,4,LUR,LUR,2025-01-16,2025-01-17,2,Yd,599.2653198242188,599.7670288085938,599.781494140625,600.4744873046875,600.1312255859375
M4_YLUR_SLUR,4,LUR,LUR,2025-01-16,2025-01-17,2,TSE,598.983154296875,599.7510375976562,598.8748779296875,600.8966674804688,599.6497802734375
M4_YLUR_SLUR,4,LUR,LUR,2025-01-16,2025-01-17,2,TSEC,39.3132438659668,40.00838851928711,40.11630630493164,40.01079177856445,40.008094787597656
M4_YLUR_SLUR,4,LUR,LUR,2025-01-16,2025-01-18,3,Yd,609.90234375,599.7670288085938,599.3237915039062,601.7911376953125,600.4114990234375
M4_YLUR_SLUR,4,LUR,LUR,2025-01-16,2025-01-18,3,TSE,594.6910400390625,599.7510375976562,598.6808471679688,599.674560546875,599.7860107421875
M4_YLUR_SLUR,4,LUR,LUR,2025-01-16,2025-01-18,3,TSEC,39.889427185058594,40.00838851928711,40.09743881225586,39.96607208251953,40.009986877441406
M4_YLUR_SLUR,4,LUR,LUR,2025-01-17,2025-01-17,1,Yd,599.2653198242188,599.768310546875,598.9197998046875,599.9146118164062,600.0032958984375
M4_YLUR_SLUR,4,LUR,LUR,2025-01-17,2025-01-17,1,TSE,598.983154296875,599.7406005859375,599.7630004882812,600.5235595703125,599.7910766601562
M4_YLUR_SLUR,4,LUR,LUR,2025-01-17,2025-01-17,1,TSEC,39.3132438659668,40.008296966552734,40.011356353759766,40.176307678222656,40.00804901123047
M4_YLUR_SLUR,4,LUR,LUR,2025-01-17,2025-01-18,2,Yd,609.90234375,599.768310546875,599.0521850585938,602.3992919921875,600.2697143554688
M4_YLUR_SLUR,4,LUR,LUR,2025-01-17,2025-01-18,2,TSE,594.6910400390625,599.7406005859375,600.7998046875,601.5770874023438,599.8800048828125
M4_YLUR_SLUR,4,LUR,LUR,2025-01-17,2025-01-18,2,TSEC,39.889427185058594,40.008296966552734,40.0050163269043,40.16750717163086,40.00815200805664
M4_YLUR_SLUR,4,LUR,LUR,2025-01-17,2025-01-19,3,Yd,598.4933471679688,599.768310546875,599.0078125,602.002197265625,600.4412841796875
M4_YLUR_SLUR,4,LUR,LUR,2025-01-17,2025-01-19,3,TSE,600.273193359375,599.7406005859375,600.0362548828125,600.6232299804688,599.8466796875
M4_YLUR_SLUR,4,LUR,LUR,2025-01-17,2025-01-19,3,TSEC,40.39102554321289,40.008296966552734,39.90471267700195,40.16474914550781,40.01448440551758
M4_YLUR_SLUR,4,LUR,LUR,2025-01-18,2025-01-18,1,Yd,609.90234375,599.7677001953125,599.26953125,599.9942016601562,600.1150512695312
M4_YLUR_SLUR,4,LUR,LUR,2025-01-18,2025-01-18,1,TSE,594.6910400390625,599.7396240234375,599.3872680664062,600.2007446289062,599.8435668945312
M4_YLUR_SLUR,4,LUR,LUR,2025-01-18,2025-01-18,1,TSEC,39.889427185058594,40.00736999511719,39.974632263183594,40.10814666748047,40.00826644897461
M4_YLUR_SLUR,4,LUR,LUR,2025-01-18,2025-01-19,2,Yd,598.4933471679688,599.7677001953125,600.009033203125,601.6213989257812,600.3613891601562
M4_YLUR_SLUR,4,LUR,LUR,2025-01-18,2025-01-19,2,TSE,600.273193359375,599.7396240234375,599.778076171875,600.2101440429688,599.8562622070312
M4_YLUR_SLUR,4,LUR,LUR,2025-01-18,2025-01-19,2,TSEC,40.39102554321289,40.00736999511719,40.05072784423828,40.14814376831055,40.01251220703125
M4_YLUR_SLUR,4,LUR,LUR,2025-01-18,2025-01-20,3,Yd,604.1187744140625,599.7677001953125,598.905029296875,600.7783813476562,600.451171875
M4_YLUR_SLUR,4,LUR,LUR,2025-01-18,2025-01-20,3,TSE,595.4437866210938,599.7396240234375,599.62646484375,600.3341674804688,599.6787109375
M4_YLUR_SLUR,4,LUR,LUR,2025-01-18,2025-01-20,3,TSEC,40.18021011352539,40.00736999511719,40.001468658447266,40.19407653808594,40.02232360839844
M4_YLUR_SLUR,4,LUR,LUR,2025-01-19,2025-01-19,1,Yd,598.4933471679688,599.7811889648438,599.389892578125,601.050048828125,600.1194458007812
M4_YLUR_SLUR,4,LUR,LUR,2025-01-19,2025-01-19,1,TSE,600.273193359375,599.7328491210938,599.8643798828125,601.5311279296875,599.8029174804688
M4_YLUR_SLUR,4,LUR,LUR,2025-01-19,2025-01-19,1,TSEC,40.39102554321289,40.0072135925293,39.89951705932617,40.04612731933594,40.012969970703125
M4_YLUR_SLUR,4,LUR,LUR,2025-01-19,2025-01-20,2,Yd,604.1187744140625,599.7811889648438,598.9675903320312,601.412109375,600.2658081054688
M4_YLUR_SLUR,4,LUR,LUR,2025-01-19,2025-01-20,2,TSE,595.4437866210938,599.7328491210938,600.7927856445312,600.909423828125,599.6722412109375
M4_YLUR_SLUR,4,LUR,LUR,2025-01-19,2025-01-20,2,TSEC,40.18021011352539,40.0072135925293,39.94732666015625,40.034515380859375,40.02421951293945
M4_YLUR_SLUR,4,LUR,LUR,2025-01-19,2025-01-21,3,Yd,596.532958984375,599.7811889648438,599.3076171875,600.6367797851562,600.3088989257812
M4_YLUR_SLUR,4,LUR,LUR,2025-01-19,2025-01-21,3,TSE,607.20849609375,599.7328491210938,599.6495971679688,599.5245361328125,599.44287109375
M4_YLUR_SLUR,4,LUR,LUR,2025-01-19,2025-01-21,3,TSEC,39.31972885131836,40.0072135925293,39.95387268066406,40.07695770263672,40.03846740722656
M4_YLUR_SLUR,4,LUR,LUR,2025-01-20,2025-01-20,1,Yd,604.1187744140625,599.7794799804688,598.6468505859375,599.8948974609375,599.967529296875
M4_YLUR_SLUR,4,LUR,LUR,2025-01-20,2025-01-20,1,TSE,595.4437866210938,599.7335815429688,598.55810546875,600.6696166992188,599.7282104492188
M4_YLUR_SLUR,4,LUR,LUR,2025-01-20,2025-01-20,1,TSEC,40.18021011352539,40.00772476196289,39.99708557128906,40.079986572265625,40.02352523803711
M4_YLUR_SLUR,4,LUR,LUR,2025-01-20,2025-01-21,2,Yd,596.532958984375,599.7794799804688,600.2556762695312,598.611572265625,600.0570678710938
M4_YLUR_SLUR,4,LUR,LUR,2025-01-20,2025-01-21,2,TSE,607.20849609375,599.7335815429688,600.2922973632812,599.5584716796875,599.5147705078125
M4_YLUR_SLUR,4,LUR,LUR,2025-01-20,2025-01-21,2,TSEC,39.31972885131836,40.00772476196289,39.972251892089844,40.07453536987305,40.03357696533203
M4_YLUR_SLUR,4,LUR,LUR,2025-01-20,2025-01-22,3,Yd,592.042724609375,599.7794799804688,598.263427734375,599.6477661132812,600.1170654296875
M4_YLUR_SLUR,4,LUR,LUR,2025-01-20,2025-01-22,3,TSE,596.8367309570312,599.7335815429688,600.1593017578125,599.4371948242188,599.27783203125
M4_YLUR_SLUR,4,LUR,LUR,2025-01-20,2025-01-22,3,TSEC,39.9410514831543,40.00772476196289,39.98752975463867,40.025115966796875,40.03438949584961
M4_YLUR_SLUR,4,LUR,LUR,2025-01-21,2025-01-21,1,Yd,596.532958984375,599.7852172851562,599.3904418945312,599.7820434570312,599.887939453125
M4_YLUR_SLUR,4,LUR,LUR,2025-01-21,2025-01-21,1,TSE,607.20849609375,599.7278442382812,598.59765625,599.3680419921875,599.5608520507812
M4_YLUR_SLUR,4,LUR,LUR,2025-01-21,2025-01-21,1,TSEC,39.31972885131836,40.00795364379883,39.955474853515625,40.20161819458008,40.02440643310547
M4_YLUR_SLUR,4,LUR,LUR,2025-01-21,2025-01-22,2,Yd,592.042724609375,599.7852172851562,598.8782348632812,600.20849609375,599.9833984375
M4_YLUR_SLUR,4,LUR,LUR,2025-01-21,2025-01-22,2,TSE,596.8367309570312,599.7278442382812,597.8713989257812,601.2213134765625,599.3286743164062
M4_YLUR_SLUR,4,LUR,LUR,2025-01-21,2025-01-22,2,TSEC,39.9410514831543,40.00795364379883,39.952518463134766,40.09013748168945,40.0267448425293
M4_YLUR_SLUR,4,LUR,LUR,2025-01-21,2025-01-23,3,Yd,602.4459228515625,599.7852172851562,599.5260620117188,600.8728637695312,600.0482788085938
M4_YLUR_SLUR,4,LUR,LUR,2025-01-21,2025-01-23,3,TSE,601.4842529296875,599.7278442382812,598.4708862304688,601.5142822265625,599.2757568359375
M4_YLUR_SLUR,4,LUR,LUR,2025-01-21,2025-01-23,3,TSEC,40.429664611816406,40.00795364379883,39.94156265258789,40.11276626586914,40.02143859863281
M4_YLUR_SLUR,4,LUR,LUR,2025-01-22,2025-01-22,1,Yd,592.042724609375,599.7809448242188,599.1513671875,598.6336059570312,599.9251098632812
M4_YLUR_SLUR,4,LUR,LUR,2025-01-22,2025-01-22,1,TSE,596.8367309570312,599.73779296875,598.6432495117188,600.0740966796875,599.5975952148438
M4_YLUR_SLUR,4,LUR,LUR,2025-01-22,2025-01-22,1,TSEC,39.9410514831543,40.00703811645508,39.971004486083984,40.073246002197266,40.01670837402344
M4_YLUR_SLUR,4,LUR,LUR,2025-01-22,2025-01-23,2,Yd,602.4459228515625,599.7809448242188,599.518798828125,599.5594482421875,600.05078125
M4_YLUR_SLUR,4,LUR,LUR,2025-01-22,2025-01-23,2,TSE,601.4842529296875,599.73779296875,600.1954345703125,599.9959106445312,599.500244140625
M4_YLUR_SLUR,4,LUR,LUR,2025-01-22,2025-01-23,2,TSEC,40.429664611816406,40.00703811645508,39.966819763183594,40.05862045288086,40.01362228393555
M4_YLUR_SLUR,4,LUR,LUR,2025-01-22,2025-01-24,3,Yd,594.1013793945312,599.7809448242188,599.1334838867188,600.661865234375,600.192138671875
M4_YLUR_SLUR,4,LUR,LUR,2025-01-22,2025-01-24,3,TSE,598.1895141601562,599.73779296875,598.8273315429688,600.5697631835938,599.5186767578125
M4_YLUR_SLUR,4,LUR,LUR,2025-01-22,2025-01-24,3,TSEC,40.5140380859375,40.00703811645508,40.02975082397461,40.04519271850586,40.00871658325195
M4_YLUR_SLUR,4,LUR,LUR,2025-01-23,2025-01-23,1,Yd,602.4459228515625,599.7706909179688,599.3385009765625,598.585205078125,599.9337768554688
M4_YLUR_SLUR,4,LUR,LUR,2025-01-23,2025-01-23,1,TSE,601.4842529296875,599.7339477539062,600.0841674804688,599.673828125,599.6588134765625
M4_YLUR_SLUR,4,LUR,LUR,2025-01-23,2025-01-23,1,TSEC,40.429664611816406,40.00695037841797,39.99488830566406,40.03479766845703,40.00965881347656
M4_YLUR_SLUR,4,LUR,LUR,2025-01-23,2025-01-24,2,Yd,594.1013793945312,599.7706909179688,599.3780517578125,599.759521484375,600.095458984375
M4_YLUR_SLUR,4,LUR,LUR,2025-01-23,2025-01-24,2,TSE,598.1895141601562,599.7339477539062,599.2640380859375,600.1693115234375,599.6536865234375
M4_YLUR_SLUR,4,LUR,LUR,2025-01-23,2025-01-24,2,TSEC,40.5140380859375,40.00695037841797,39.982513427734375,40.01799774169922,40.002628326416016
M4_YLUR_SLUR,4,LUR,LUR,2025-01-23,2025-01-25,3,Yd,595.949462890625,599.7706909179688,599.3478393554688,600.0393676757812,600.3468017578125
M4_YLUR_SLUR,4,LUR,LUR,2025-01-23,2025-01-25,3,TSE,602.6893310546875,599.7339477539062,601.0560913085938,599.6077270507812,599.7932739257812
M4_YLUR_SLUR,4,LUR,LUR,2025-01-23,2025-01-25,3,TSEC,39.88851547241211,40.00695037841797,39.96947479248047,40.09772491455078,40.0020751953125
M4_YLUR_SLUR,4,LUR,LUR,2025-01-24,2025-01-24,1,Yd,594.1013793945312,599.7742309570312,599.6605834960938,599.1618041992188,599.9948120117188
M4_YLUR_SLUR,4,LUR,LUR,2025-01-24,2025-01-24,1,TSE,598.1895141601562,599.7362670898438,598.3751220703125,599.652099609375,599.7811889648438
M4_YLUR_SLUR,4,LUR,LUR,2025-01-24,2025-01-24,1,TSEC,40.5140380859375,40.007511138916016,40.07695007324219,40.09398651123047,40.00785446166992
M4_YLUR_SLUR,4,LUR,LUR,2025-01-24,2025-01-25,2,Yd,595.949462890625,599.7742309570312,599.5714111328125,600.84375,600.2587280273438
M4_YLUR_SLUR,4,LUR,LUR,2025-01-24,2025-01-25,2,TSE,602.6893310546875,599.7362670898438,599.1053466796875,601.2091064453125,599.8875122070312
M4_YLUR_SLUR,4,LUR,LUR,2025-01-24,2025-01-25,2,TSEC,39.88851547241211,40.007511138916016,40.0430908203125,40.112464904785156,40.00791931152344
M4_YLUR_SLUR,4,LUR,LUR,2025-01-24,2025-01-26,3,Yd,600.0933837890625,599.7742309570312,599.520263671875,600.7294921875,600.437744140625
M4_YLUR_SLUR,4,LUR,LUR,2025-01-24,2025-01-26,3,TSE,597.8659057617188,599.7362670898438,599.2825927734375,600.4649047851562,599.912353515625
M4_YLUR_SLUR,4,LUR,LUR,2025-01-24,2025-01-26,3,TSEC,39.94829559326172,40.007511138916016,39.93718338012695,40.149024963378906,40.01469802856445
M4_YLUR_SLUR,4,LUR,LUR,2025-01-25,2025-01-25,1,Yd,595.949462890625,599.7667236328125,598.8484497070312,599.0595092773438,600.0594482421875
M4_YLUR_SLUR,4,LUR,LUR,2025-01-25,2025-01-25,1,TSE,602.6893310546875,599.7341918945312,599.0946044921875,599.4378662109375,599.8740234375
M4_YLUR_SLUR,4,LUR,LUR,2025-01-25,2025-01-25,1,TSEC,39.88851547241211,40.008182525634766,40.07148742675781,39.95257568359375,40.00849533081055
M4_YLUR_SLUR,4,LUR,LUR,2025-01-25,2025-01-26,2,Yd,600.0933837890625,599.7667236328125,598.9586181640625,600.65771484375,600.261474609375
M4_YLUR_SLUR,4,LUR,LUR,2025-01-25,2025-01-26,2,TSE,597.8659057617188,599.7341918945312,599.2791748046875,601.0225830078125,599.8705444335938
M4_YLUR_SLUR,4,LUR,LUR,2025-01-25,2025-01-26,2,TSEC,39.94829559326172,40.008182525634766,39.96526336669922,39.89137649536133,40.01136779785156
M4_YLUR_SLUR,4,LUR,LUR,2025-01-25,2025-01-27,3,Yd,597.1002807617188,599.7667236328125,598.8496704101562,599.8495483398438,600.324462890625
M4_YLUR_SLUR,4,LUR,LUR,2025-01-25,2025-01-27,3,TSE,594.9904174804688,599.7341918945312,601.1865234375,600.496337890625,599.716552734375
M4_YLUR_SLUR,4,LUR,LUR,2025-01-25,2025-01-27,3,TSEC,39.7719612121582,40.008182525634766,40.039215087890625,39.88652420043945,40.02195739746094
M4_YLUR_SLUR,4,LUR,LUR,2025-01-26,2025-01-26,1,Yd,600.0933837890625,599.7616577148438,600.1290283203125,598.4679565429688,600.0404052734375
M4_YLUR_SLUR,4,LUR,LUR,2025-01-26,2025-01-26,1,TSE,597.8659057617188,599.7380981445312,598.9464111328125,599.9860229492188,599.8466796875
M4_YLUR_SLUR,4,LUR,LUR,2025-01-26,2025-01-26,1,TSEC,39.94829559326172,40.008026123046875,40.05672836303711,40.071109771728516,40.01295852661133
M4_YLUR_SLUR,4,LUR,LUR,2025-01-26,2025-01-27,2,Yd,597.1002807617188,599.7616577148438,599.2608032226562,599.63134765625,600.16064453125
M4_YLUR_SLUR,4,LUR,LUR,2025-01-26,2025-01-27,2,TSE,594.9904174804688,599.7380981445312,599.5890502929688,601.9154052734375,599.7545776367188
M4_YLUR_SLUR,4,LUR,LUR,2025-01-26,2025-01-27,2,TSEC,39.7719612121582,40.008026123046875,39.995914459228516,39.930538177490234,40.021358489990234
M4_YLUR_SLUR,4,LUR,LUR,2025-01-26,2025-01-28,3,Yd,599.045654296875,599.7616577148438,600.233154296875,600.5423583984375,600.1968994140625
M4_YLUR_SLUR,4,LUR,LUR,2025-01-26,2025-01-28,3,TSE,600.5018310546875,599.7380981445312,599.053466796875,600.95751953125,599.5580444335938
M4_YLUR_SLUR,4,LUR,LUR,2025-01-26,2025-01-28,3,TSEC,39.783607482910156,40.008026123046875,39.967342376708984,39.90744400024414,40.029930114746094
M4_YLUR_SLUR,4,LUR,LUR,2025-01-27,2025-01-27,1,Yd,597.1002807617188,599.7621459960938,599.2506103515625,599.3543090820312,599.9496459960938
M4_YLUR_SLUR,4,LUR,LUR,2025-01-27,2025-01-27,1,TSE,594.9904174804688,599.7356567382812,601.3037109375,600.491455078125,599.7608642578125
M4_YLUR_SLUR,4,LUR,LUR,2025-01-27,2025-01-27,1,TSEC,39.7719612121582,40.00794219970703,39.99761199951172,40.06306838989258,40.02200698852539
M4_YLUR_SLUR,4,LUR,LUR,2025-01-27,2025-01-28,2,Yd,599.045654296875,599.7621459960938,600.2140502929688,599.598876953125,600.0272827148438
M4_YLUR_SLUR,4,LUR,LUR,2025-01-27,2025-01-28,2,TSE,600.5018310546875,599.7356567382812,598.7227172851562,601.3427124023438,599.5894775390625
M4_YLUR_SLUR,4,LUR,LUR,2025-01-27,2025-01-28,2,TSEC,39.783607482910156,40.00794219970703,39.96698760986328,39.92324447631836,40.03019714355469
M4_YLUR_SLUR,4,LUR,LUR,2025-01-27,2025-01-29,3,Yd,599.2217407226562,599.7621459960938,598.6068725585938,599.98095703125,600.0972290039062
M4_YLUR_SLUR,4,LUR,LUR,2025-01-27,2025-01-29,3,TSE,592.5551147460938,599.7356567382812,599.2904663085938,600.5159301757812,599.395751953125
M4_YLUR_SLUR,4,LUR,LUR,2025-01-27,2025-01-29,3,TSEC,40.52973937988281,40.00794219970703,39.986732482910156,39.887454986572266,40.02865219116211
M4_YLUR_SLUR,4,LUR,LUR,2025-01-28,2025-01-28,1,Yd,599.045654296875,599.7586059570312,599.175048828125,598.79052734375,599.9116821289062
M4_YLUR_SLUR,4,LUR,LUR,2025-01-28,2025-01-28,1,TSE,600.5018310546875,599.7293701171875,600.0272827148438,600.3402099609375,599.6342163085938
M4_YLUR_SLUR,4,LUR,LUR,2025-01-28,2025-01-28,1,TSEC,39.783607482910156,40.007633209228516,39.97059631347656,40.05385971069336,40.02306365966797
M4_YLUR_SLUR,4,LUR,LUR,2025-01-28,2025-01-29,2,Yd,599.2217407226562,599.7586059570312,599.4961547851562,599.4696044921875,600.022705078125
M4_YLUR_SLUR,4,LUR,LUR,2025-01-28,2025-01-29,2,TSE,592.5551147460938,599.7293701171875,600.364501953125,601.0435791015625,599.46240234375
M4_YLUR_SLUR,4,LUR,LUR,2025-01-28,2025-01-29,2,TSEC,40.52973937988281,40.007633209228516,39.95695495605469,40.04077911376953,40.024105072021484
M4_YLUR_SLUR,4,LUR,LUR,2025-01-28,2025-01-30,3,Yd,602.1071166992188,599.7586059570312,599.23681640625,600.1778564453125,600.0817260742188
M4_YLUR_SLUR,4,LUR,LUR,2025-01-28,2025-01-30,3,TSE,597.8448486328125,599.7293701171875,599.6343994140625,601.0084228515625,599.4371337890625
M4_YLUR_SLUR,4,LUR,LUR,2025-01-28,2025-01-30,3,TSEC,39.997413635253906,40.007633209228516,39.95236587524414,39.97417068481445,40.01609420776367
M4_YLUR_SLUR,4,LUR,LUR,2025-01-29,2025-01-29,1,Yd,599.2217407226562,599.7576293945312,598.6729125976562,598.7230224609375,599.9165649414062
M4_YLUR_SLUR,4,LUR,LUR,2025-01-29,2025-01-29,1,TSE,592.5551147460938,599.7304077148438,599.0045166015625,600.5940551757812,599.5980834960938
M4_YLUR_SLUR,4,LUR,LUR,2025-01-29,2025-01-29,1,TSEC,40.52973937988281,40.00733947753906,39.955265045166016,40.04032516479492,40.01685333251953
M4_YLUR_SLUR,4,LUR,LUR,2025-01-29,2025-01-30,2,Yd,602.1071166992188,599.7576293945312,599.2328491210938,600.3072509765625,600.0071411132812
M4_YLUR_SLUR,4,LUR,LUR,2025-01-29,2025-01-30,2,TSE,597.8448486328125,599.7304077148438,598.7046508789062,601.36767578125,599.5040893554688
M4_YLUR_SLUR,4,LUR,LUR,2025-01-29,2025-01-30,2,TSEC,39.997413635253906,40.00733947753906,39.941673278808594,40.03342056274414,40.01182556152344
M4_YLUR_SLUR,4,LUR,LUR,2025-01-29,2025-01-31,3,Yd,600.5545043945312,599.7576293945312,599.9801635742188,601.2551879882812,600.063232421875
M4_YLUR_SLUR,4,LUR,LUR,2025-01-29,2025-01-31,3,TSE,605.69189453125,599.7304077148438,598.8986206054688,600.921630859375,599.4832153320312
M4_YLUR_SLUR,4,LUR,LUR,2025-01-29,2025-01-31,3,TSEC,40.4755744934082,40.00733947753906,39.966880798339844,40.090755462646484,40.00326156616211
M4_YLUR_SLUR,4,LUR,LUR,2025-01-30,2025-01-30,1,Yd,602.1071166992188,599.7569580078125,599.0772094726562,598.6758422851562,599.8463134765625
M4_YLUR_SLUR,4,LUR,LUR,2025-01-30,2025-01-30,1,TSE,597.8448486328125,599.720947265625,599.806396484375,600.6825561523438,599.615966796875
M4_YLUR_SLUR,4,LUR,LUR,2025-01-30,2025-01-30,1,TSEC,39.997413635253906,40.008026123046875,39.97340393066406,40.0975227355957,40.00944900512695
M4_YLUR_SLUR,4,LUR,LUR,2025-01-30,2025-01-31,2,Yd,600.5545043945312,599.7569580078125,599.1275024414062,600.2036743164062,599.9219970703125
M4_YLUR_SLUR,4,LUR,LUR,2025-01-30,2025-01-31,2,TSE,605.69189453125,599.720947265625,599.501953125,599.1533203125,599.575439453125
M4_YLUR_SLUR,4,LUR,LUR,2025-01-30,2025-01-31,2,TSEC,40.4755744934082,40.008026123046875,40.07686996459961,39.98750305175781,40.00181579589844
M4_YLUR_SLUR,4,LUR,LUR,2025-01-30,2025-02-01,3,Yd,602.6650390625,599.7569580078125,598.7802124023438,600.9990234375,600.1621704101562
M4_YLUR_SLUR,4,LUR,LUR,2025-01-30,2025-02-01,3,TSE,597.21240234375,599.720947265625,600.8400268554688,599.2587280273438,599.6922607421875
M4_YLUR_SLUR,4,LUR,LUR,2025-01-30,2025-02-01,3,TSEC,39.95185089111328,40.008026123046875,40.065834045410156,40.121944427490234,40.001914978027344
M4_YLUR_SLUR,4,LUR,LUR,2025-01-31,2025-01-31,1,Yd,600.5545043945312,599.760009765625,599.3262329101562,598.0980224609375,599.93310546875
M4_YLUR_SLUR,4,LUR,LUR,2025-01-31,2025-01-31,1,TSE,605.69189453125,599.718505859375,598.4194946289062,599.1067504882812,599.7525634765625
M4_YLUR_SLUR,4,LUR,LUR,2025-01-31,2025-01-31,1,TSEC,40.4755744934082,40.00801086425781,40.06356430053711,40.168304443359375,40.00699996948242
M4_YLUR_SLUR,4,LUR,LUR,2025-01-31,2025-02-01,2,Yd,602.6650390625,599.760009765625,598.8992309570312,600.5382690429688,600.1748046875
M4_YLUR_SLUR,4,LUR,LUR,2025-01-31,2025-02-01,2,TSE,597.21240234375,599.718505859375,598.2492065429688,601.6152954101562,599.8407592773438
M4_YLUR_SLUR,4,LUR,LUR,2025-01-31,2025-02-01,2,TSEC,39.95185089111328,40.00801086425781,40.058963775634766,40.077056884765625,40.0061149597168
M4_YLUR_SLUR,4,LUR,LUR,2025-01-31,2025-02-02,3,Yd,605.3053588867188,599.760009765625,599.301513671875,600.8626708984375,600.32080078125
M4_YLUR_SLUR,4,LUR,LUR,2025-01-31,2025-02-02,3,TSE,606.606689453125,599.718505859375,599.1738891601562,600.4276123046875,599.8917236328125
M4_YLUR_SLUR,4,LUR,LUR,2025-01-31,2025-02-02,3,TSEC,40.75387954711914,40.00801086425781,39.982425689697266,40.10346221923828,40.01340103149414
M4_YLUR_SLUR,4,LUR,LUR,2025-02-01,2025-02-01,1,Yd,602.6650390625,599.7610473632812,598.849853515625,599.8604736328125,600.05224609375
M4_YLUR_SLUR,4,LUR,LUR,2025-02-01,2025-02-01,1,TSE,597.21240234375,599.726318359375,598.44775390625,600.8560791015625,599.9000244140625
M4_YLUR_SLUR,4,LUR,LUR,2025-02-01,2025-02-01,1,TSEC,39.95185089111328,40.00862503051758,39.96253967285156,39.968292236328125,40.0091667175293
M4_YLUR_SLUR,4,LUR,LUR,2025-02-01,2025-02-02,2,Yd,605.3053588867188,599.7610473632812,599.109619140625,600.2886962890625,600.25439453125
M4_YLUR_SLUR,4,LUR,LUR,2025-02-01,2025-02-02,2,TSE,606.606689453125,599.726318359375,599.783935546875,601.1023559570312,599.9073486328125
M4_YLUR_SLUR,4,LUR,LUR,2025-02-01,2025-02-02,2,TSEC,40.75387954711914,40.00862503051758,39.95382308959961,39.87263488769531,40.01295471191406
M4_YLUR_SLUR,4,LUR,LUR,2025-02-01,2025-02-03,3,Yd,608.8665771484375,599.7610473632812,598.8091430664062,599.8938598632812,600.2880249023438
M4_YLUR_SLUR,4,LUR,LUR,2025-02-01,2025-02-03,3,TSE,599.5613403320312,599.726318359375,600.9756469726562,600.0704345703125,599.743408203125
M4_YLUR_SLUR,4,LUR,LUR,2025-02-01,2025-02-03,3,TSEC,40.34645462036133,40.00862503051758,39.954833984375,39.838199615478516,40.02265167236328
M4_YLUR_SLUR,4,LUR,LUR,2025-02-02,2025-02-02,1,Yd,605.3053588867188,599.764892578125,600.1222534179688,599.1239013671875,600.021484375
M4_YLUR_SLUR,4,LUR,LUR,2025-02-02,2025-02-02,1,TSE,606.606689453125,599.7230224609375,599.7352294921875,600.584228515625,599.8406372070312
M4_YLUR_SLUR,4,LUR,LUR,2025-02-02,2025-02-02,1,TSEC,40.75387954711914,40.008548736572266,40.00263595581055,40.10195541381836,40.0137825012207
M4_YLUR_SLUR,4,LUR,LUR,2025-02-02,2025-02-03,2,Yd,608.8665771484375,599.764892578125,598.9532470703125,600.0309448242188,600.1063232421875
M4_YLUR_SLUR,4,LUR,LUR,2025-02-02,2025-02-03,2,TSE,599.5613403320312,599.7230224609375,600.8895874023438,602.1641845703125,599.7260131835938
M4_YLUR_SLUR,4,LUR,LUR,2025-02-02,2025-02-03,2,TSEC,40.34645462036133,40.008548736572266,40.067543029785156,40.03403854370117,40.022281646728516
M4_YLUR_SLUR,4,LUR,LUR,2025-02-02,2025-02-04,3,Yd,604.6098022460938,599.764892578125,600.2296752929688,600.2693481445312,600.1282348632812
M4_YLUR_SLUR,4,LUR,LUR,2025-02-02,2025-02-04,3,TSE,605.84423828125,599.7230224609375,599.1142578125,600.74365234375,599.5338745117188
M4_YLUR_SLUR,4,LUR,LUR,2025-02-02,2025-02-04,3,TSEC,40.76638412475586,40.008548736572266,40.084686279296875,39.937034606933594,40.0337028503418
M4_YLUR_SLUR,4,LUR,LUR,2025-02-03,2025-02-03,1,Yd,608.8665771484375,599.7721557617188,599.0274658203125,600.6094970703125,599.89013671875
M4_YLUR_SLUR,4,LUR,LUR,2025-02-03,2025-02-03,1,TSE,599.5613403320312,599.7320556640625,597.410400390625,601.4642333984375,599.7466430664062
M4_YLUR_SLUR,4,LUR,LUR,2025-02-03,2025-02-03,1,TSEC,40.34645462036133,40.009525299072266,39.95072937011719,40.012569427490234,40.018394470214844
M4_YLUR_SLUR,4,LUR,LUR,2025-02-03,2025-02-04,2,Yd,604.6098022460938,599.7721557617188,598.9329833984375,599.6708984375,599.8997802734375
M4_YLUR_SLUR,4,LUR,LUR,2025-02-03,2025-02-04,2,TSE,605.84423828125,599.7320556640625,600.1978759765625,599.9458618164062,599.5130004882812
M4_YLUR_SLUR,4,LUR,LUR,2025-02-03,2025-02-04,2,TSEC,40.76638412475586,40.009525299072266,39.977325439453125,39.96946334838867,40.02655029296875
M4_YLUR_SLUR,4,LUR,LUR,2025-02-03,2025-02-05,3,Yd,600.345703125,599.7721557617188,599.3434448242188,599.2653198242188,599.9179077148438
M4_YLUR_SLUR,4,LUR,LUR,2025-02-03,2025-02-05,3,TSE,601.32177734375,599.7320556640625,598.9974975585938,599.9507446289062,599.297607421875
M4_YLUR_SLUR,4,LUR,LUR,2025-02-03,2025-02-05,3,TSEC,39.194496154785156,40.009525299072266,39.94253921508789,39.92340850830078,40.02471160888672
M4_YLUR_SLUR,4,LUR,LUR,2025-02-04,2025-02-04,1,Yd,604.6098022460938,599.7840576171875,600.064697265625,598.8742065429688,599.7992553710938
M4_YLUR_SLUR,4,LUR,LUR,2025-02-04,2025-02-04,1,TSE,605.84423828125,599.7318115234375,600.1452026367188,600.1030883789062,599.555419921875
M4_YLUR_SLUR,4,LUR,LUR,2025-02-04,2025-02-04,1,TSEC,40.76638412475586,40.00996780395508,39.98587417602539,40.10804748535156,40.02033233642578
M4_YLUR_SLUR,4,LUR,LUR,2025-02-04,2025-02-05,2,Yd,600.345703125,599.7840576171875,598.1317138671875,598.9874267578125,599.84619140625
M4_YLUR_SLUR,4,LUR,LUR,2025-02-04,2025-02-05,2,TSE,601.32177734375,599.7318115234375,598.6864013671875,599.8499145507812,599.3480834960938
M4_YLUR_SLUR,4,LUR,LUR,2025-02-04,2025-02-05,2,TSEC,39.194496154785156,40.00996780395508,39.95359802246094,40.1125373840332,40.02073669433594
M4_YLUR_SLUR,4,LUR,LUR,2025-02-04,2025-02-06,3,Yd,589.7357177734375,599.7840576171875,599.15673828125,599.6729125976562,599.8680419921875
M4_YLUR_SLUR,4,LUR,LUR,2025-02-04,2025-02-06,3,TSE,602.1595458984375,599.7318115234375,600.1160278320312,599.3189697265625,599.2825317382812
M4_YLUR_SLUR,4,LUR,LUR,2025-02-04,2025-02-06,3,TSEC,39.72241973876953,40.00996780395508,39.97149658203125,40.04829788208008,40.01350402832031
M4_YLUR_SLUR,4,LUR,LUR,2025-02-05,2025-02-05,1,Yd,600.345703125,599.790283203125,599.2522583007812,599.9515380859375,599.7789306640625
M4_YLUR_SLUR,4,LUR,LUR,2025-02-05,2025-02-05,1,TSE,601.32177734375,599.7398071289062,599.6912231445312,600.7007446289062,599.54345703125
M4_YLUR_SLUR,4,LUR,LUR,2025-02-05,2025-02-05,1,TSEC,39.194496154785156,40.01095199584961,40.16223907470703,40.14081573486328,40.01351547241211
M4_YLUR_SLUR,4,LUR,LUR,2025-02-05,2025-02-06,2,Yd,589.7357177734375,599.790283203125,599.1964111328125,600.5845947265625,599.7923583984375
M4_YLUR_SLUR,4,LUR,LUR,2025-02-05,2025-02-06,2,TSE,602.1595458984375,599.7398071289062,600.199462890625,600.9500122070312,599.4227294921875
M4_YLUR_SLUR,4,LUR,LUR,2025-02-05,2025-02-06,2,TSEC,39.72241973876953,40.01095199584961,40.1163444519043,40.11814498901367,40.00661087036133
M4_YLUR_SLUR,4,LUR,LUR,2025-02-05,2025-02-07,3,Yd,602.6707763671875,599.790283203125,598.5413208007812,600.13623046875,599.899658203125
M4_YLUR_SLUR,4,LUR,LUR,2025-02-05,2025-02-07,3,TSE,597.58642578125,599.7398071289062,599.53466796875,600.8917236328125,599.4649047851562
M4_YLUR_SLUR,4,LUR,LUR,2025-02-05,2025-02-07,3,TSEC,39.323028564453125,40.01095199584961,40.203712463378906,39.9979248046875,39.99946594238281
M4_YLUR_SLUR,4,LUR,LUR,2025-02-06,2025-02-06,1,Yd,589.7357177734375,599.7910766601562,599.484375,600.0321044921875,599.8630981445312
M4_YLUR_SLUR,4,LUR,LUR,2025-02-06,2025-02-06,1,TSE,602.1595458984375,599.7418212890625,600.3668212890625,599.221923828125,599.6533203125
M4_YLUR_SLUR,4,LUR,LUR,2025-02-06,2025-02-06,1,TSEC,39.72241973876953,40.009891510009766,40.076210021972656,40.11577224731445,40.0072021484375
M4_YLUR_SLUR,4,LUR,LUR,2025-02-06,2025-02-07,2,Yd,602.6707763671875,599.7910766601562,599.0580444335938,600.6884155273438,600.0174560546875
M4_YLUR_SLUR,4,LUR,LUR,2025-02-06,2025-02-07,2,TSE,597.58642578125,599.7418212890625,599.7998657226562,599.990966796875,599.6441040039062
M4_YLUR_SLUR,4,LUR,LUR,2025-02-06,2025-02-07,2,TSEC,39.323028564453125,40.009891510009766,40.12922668457031,40.152652740478516,39.99915313720703
M4_YLUR_SLUR,4,LUR,LUR,2025-02-06,2025-02-08,3,Yd,600.4730224609375,599.7910766601562,599.239990234375,600.6622314453125,600.272216796875
M4_YLUR_SLUR,4,LUR,LUR,2025-02-06,2025-02-08,3,TSE,601.1973266601562,599.7418212890625,600.2303466796875,600.15087890625,599.8065795898438
M4_YLUR_SLUR,4,LUR,LUR,2025-02-06,2025-02-08,3,TSEC,40.21318054199219,40.009891510009766,40.14057159423828,40.18675231933594,39.997535705566406
M4_YLUR_SLUR,4,LUR,LUR,2025-02-07,2025-02-07,1,Yd,602.6707763671875,599.7778930664062,599.4371337890625,599.142333984375,599.9747314453125
M4_YLUR_SLUR,4,LUR,LUR,2025-02-07,2025-02-07,1,TSE,597.58642578125,599.7450561523438,598.601318359375,599.3921508789062,599.763916015625
M4_YLUR_SLUR,4,LUR,LUR,2025-02-07,2025-02-07,1,TSEC,39.323028564453125,40.009517669677734,39.9730224609375,40.02273941040039,40.002925872802734
M4_YLUR_SLUR,4,LUR,LUR,2025-02-07,2025-02-08,2,Yd,600.4730224609375,599.7778930664062,599.7433471679688,601.2181396484375,600.1856689453125
M4_YLUR_SLUR,4,LUR,LUR,2025-02-07,2025-02-08,2,TSE,601.1973266601562,599.7450561523438,600.2229614257812,599.5691528320312,599.87744140625
M4_YLUR_SLUR,4,LUR,LUR,2025-02-07,2025-02-08,2,TSEC,40.21318054199219,40.009517669677734,39.9859733581543,40.039764404296875,39.99893569946289
M4_YLUR_SLUR,4,LUR,LUR,2025-02-07,2025-02-09,3,Yd,588.23828125,599.7778930664062,599.7815551757812,599.9584350585938,600.3246459960938
M4_YLUR_SLUR,4,LUR,LUR,2025-02-07,2025-02-09,3,TSE,599.48974609375,599.7450561523438,598.742431640625,599.1990356445312,599.9612426757812
M4_YLUR_SLUR,4,LUR,LUR,2025-02-07,2025-02-09,3,TSEC,39.609493255615234,40.009517669677734,40.051239013671875,40.13578414916992,40.00414276123047
M4_YLUR_SLUR,4,LUR,LUR,2025-02-08,2025-02-08,1,Yd,600.4730224609375,599.7816772460938,599.3516235351562,598.9578857421875,600.042724609375
M4_YLUR_SLUR,4,LUR,LUR,2025-02-08,2025-02-08,1,TSE,601.1973266601562,599.7422485351562,600.9796142578125,598.3123779296875,599.8487548828125
M4_YLUR_SLUR,4,LUR,LUR,2025-02-08,2025-02-08,1,TSEC,40.21318054199219,40.00862503051758,40.00033950805664,40.12895584106445,40.00537872314453
M4_YLUR_SLUR,4,LUR,LUR,2025-02-08,2025-02-09,2,Yd,588.23828125,599.7816772460938,598.739990234375,601.3886108398438,600.25341796875
M4_YLUR_SLUR,4,LUR,LUR,2025-02-08,2025-02-09,2,TSE,599.48974609375,599.7422485351562,599.6821899414062,600.3485107421875,599.8703002929688
M4_YLUR_SLUR,4,LUR,LUR,2025-02-08,2025-02-09,2,TSEC,39.609493255615234,40.00862503051758,40.044620513916016,40.0681037902832,40.00633239746094
M4_YLUR_SLUR,4,LUR,LUR,2025-02-08,2025-02-10,3,Yd,602.1048583984375,599.7816772460938,599.1970825195312,601.4972534179688,600.345947265625
M4_YLUR_SLUR,4,LUR,LUR,2025-02-08,2025-02-10,3,TSE,606.8032836914062,599.7422485351562,598.7657470703125,600.6028442382812,599.7791137695312
M4_YLUR_SLUR,4,LUR,LUR,2025-02-08,2025-02-10,3,TSEC,40.29856491088867,40.00862503051758,40.025753021240234,40.13968276977539,40.0174560546875
M4_YLUR_SLUR,4,LUR,LUR,2025-02-09,2025-02-09,1,Yd,588.23828125,599.7825927734375,599.7144775390625,599.9793701171875,600.0404052734375
M4_YLUR_SLUR,4,LUR,LUR,2025-02-09,2025-02-09,1,TSE,599.48974609375,599.744140625,599.2550048828125,600.6205444335938,599.8780517578125
M4_YLUR_SLUR,4,LUR,LUR,2025-02-09,2025-02-09,1,TSEC,39.609493255615234,40.00889205932617,39.92982482910156,40.00341033935547,40.01259994506836
M4_YLUR_SLUR,4,LUR,LUR,2025-02-09,2025-02-10,2,Yd,602.1048583984375,599.7825927734375,599.3070068359375,600.0119018554688,600.1353759765625
M4_YLUR_SLUR,4,LUR,LUR,2025-02-09,2025-02-10,2,TSE,606.8032836914062,599.744140625,601.00146484375,600.723876953125,599.8099975585938
M4_YLUR_SLUR,4,LUR,LUR,2025-02-09,2025-02-10,2,TSEC,40.29856491088867,40.00889205932617,39.94694519042969,39.96141052246094,40.01960372924805
M4_YLUR_SLUR,4,LUR,LUR,2025-02-09,2025-02-11,3,Yd,595.2295532226562,599.7825927734375,599.9090576171875,599.7063598632812,600.1494750976562
M4_YLUR_SLUR,4,LUR,LUR,2025-02-09,2025-02-11,3,TSE,598.4746704101562,599.744140625,598.9029541015625,600.0487060546875,599.6563720703125
M4_YLUR_SLUR,4,LUR,LUR,2025-02-09,2025-02-11,3,TSEC,39.59141540527344,40.00889205932617,39.95649337768555,39.952938079833984,40.028194427490234
M4_YLUR_SLUR,4,LUR,LUR,2025-02-10,2025-02-10,1,Yd,602.1048583984375,599.7676391601562,599.2129516601562,599.4534301757812,599.93017578125
M4_YLUR_SLUR,4,LUR,LUR,2025-02-10,2025-02-10,1,TSE,606.8032836914062,599.7437744140625,598.729736328125,599.1566162109375,599.81396484375
M4_YLUR_SLUR,4,LUR,LUR,2025-02-10,2025-02-10,1,TSEC,40.29856491088867,40.00837326049805,39.955787658691406,40.02012252807617,40.01963806152344
M4_YLUR_SLUR,4,LUR,LUR,2025-02-10,2025-02-11,2,Yd,595.2295532226562,599.7676391601562,599.1139526367188,600.3628540039062,599.9996337890625
M4_YLUR_SLUR,4,LUR,LUR,2025-02-10,2025-02-11,2,TSE,598.4746704101562,599.7437744140625,599.1830444335938,601.4027709960938,599.7020874023438
M4_YLUR_SLUR,4,LUR,LUR,2025-02-10,2025-02-11,2,TSEC,39.59141540527344,40.00837326049805,39.9781608581543,39.96984100341797,40.0261344909668
M4_YLUR_SLUR,4,LUR,LUR,2025-02-10,2025-02-12,3,Yd,607.2483520507812,599.7676391601562,599.2998657226562,601.1431884765625,600.0889282226562
M4_YLUR_SLUR,4,LUR,LUR,2025-02-10,2025-02-12,3,TSE,600.74365234375,599.7437744140625,600.306884765625,601.0709838867188,599.5596313476562
M4_YLUR_SLUR,4,LUR,LUR,2025-02-10,2025-02-12,3,TSEC,40.577178955078125,40.00837326049805,39.97193145751953,39.980621337890625,40.024723052978516
M4_YLUR_SLUR,4,LUR,LUR,2025-02-11,2025-02-11,1,Yd,595.2295532226562,599.7706298828125,600.3604125976562,600.1097412109375,599.8715209960938
M4_YLUR_SLUR,4,LUR,LUR,2025-02-11,2025-02-11,1,TSE,598.4746704101562,599.7529296875,599.2879638671875,600.0396118164062,599.6865234375
M4_YLUR_SLUR,4,LUR,LUR,2025-02-11,2025-02-11,1,TSEC,39.59141540527344,40.00874710083008,39.93526840209961,40.088951110839844,40.02008819580078
M4_YLUR_SLUR,4,LUR,LUR,2025-02-11,2025-02-12,2,Yd,607.2483520507812,599.7706298828125,598.5584716796875,599.918701171875,599.945068359375
M4_YLUR_SLUR,4,LUR,LUR,2025-02-11,2025-02-12,2,TSE,600.74365234375,599.7529296875,600.5624389648438,600.5222778320312,599.5242309570312
M4_YLUR_SLUR,4,LUR,LUR,2025-02-11,2025-02-12,2,TSEC,40.577178955078125,40.00874710083008,39.99333572387695,40.011138916015625,40.01870346069336
M4_YLUR_SLUR,4,LUR,LUR,2025-02-11,2025-02-13,3,Yd,592.9563598632812,599.7706298828125,599.235107421875,600.56982421875,599.946044921875
M4_YLUR_SLUR,4,LUR,LUR,2025-02-11,2025-02-13,3,TSE,598.5886840820312,599.7529296875,598.9037475585938,600.66162109375,599.4176025390625
M4_YLUR_SLUR,4,LUR,LUR,2025-02-11,2025-02-13,3,TSEC,39.84320831298828,40.00874710083008,39.95320510864258,39.975521087646484,40.00673294067383
M4_YLUR_SLUR,4,LUR,LUR,2025-02-12,2025-02-12,1,Yd,607.2483520507812,599.7647705078125,599.2078857421875,598.5987548828125,599.905029296875
M4_YLUR_SLUR,4,LUR,LUR,2025-02-12,2025-02-12,1,TSE,600.74365234375,599.7512817382812,600.7195434570312,600.0151977539062,599.621337890625
M4_YLUR_SLUR,4,LUR,LUR,2025-02-12,2025-02-12,1,TSEC,40.577178955078125,40.00820541381836,39.99990463256836,40.021995544433594,40.01500701904297
M4_YLUR_SLUR,4,LUR,LUR,2025-02-12,2025-02-13,2,Yd,592.9563598632812,599.7647705078125,599.33056640625,599.7349853515625,599.9500732421875
M4_YLUR_SLUR,4,LUR,LUR,2025-02-12,2025-02-13,2,TSE,598.5886840820312,599.7512817382812,598.7401123046875,600.47802734375,599.5072631835938
M4_YLUR_SLUR,4,LUR,LUR,2025-02-12,2025-02-13,2,TSEC,39.84320831298828,40.00820541381836,39.89577102661133,40.006385803222656,40.00474548339844
M4_YLUR_SLUR,4,LUR,LUR,2025-02-12,2025-02-14,3,Yd,589.9094848632812,599.7647705078125,598.9685668945312,600.7588500976562,599.9774169921875
M4_YLUR_SLUR,4,LUR,LUR,2025-02-12,2025-02-14,3,TSE,609.659423828125,599.7512817382812,600.5335693359375,601.3187255859375,599.4385375976562
M4_YLUR_SLUR,4,LUR,LUR,2025-02-12,2025-02-14,3,TSEC,39.722896575927734,40.00820541381836,40.02721405029297,40.05287170410156,39.99311447143555
M4_YLUR_SLUR,4,LUR,LUR,2025-02-13,2025-02-13,1,Yd,592.9563598632812,599.7744750976562,599.8536987304688,601.3506469726562,599.8236694335938
M4_YLUR_SLUR,4,LUR,LUR,2025-02-13,2025-02-13,1,TSE,598.5886840820312,599.7525634765625,598.50390625,600.6294555664062,599.6177978515625
M4_YLUR_SLUR,4,LUR,LUR,2025-02-13,2025-02-13,1,TSEC,39.84320831298828,40.008941650390625,39.954566955566406,40.17839050292969,40.006649017333984
M4_YLUR_SLUR,4,LUR,LUR,2025-02-13,2025-02-14,2,Yd,589.9094848632812,599.7744750976562,598.9395751953125,600.575439453125,599.8865356445312
M4_YLUR_SLUR,4,LUR,LUR,2025-02-13,2025-02-14,2,TSE,609.659423828125,599.7525634765625,600.412109375,600.8612670898438,599.5424194335938
M4_YLUR_SLUR,4,LUR,LUR,2025-02-13,2025-02-14,2,TSEC,39.722896575927734,40.008941650390625,39.99298858642578,40.16447448730469,39.99824905395508
M4_YLUR_SLUR,4,LUR,LUR,2025-02-13,2025-02-15,3,Yd,604.8455810546875,599.7744750976562,599.1875610351562,601.322509765625,600.1093139648438
M4_YLUR_SLUR,4,LUR,LUR,2025-02-13,2025-02-15,3,TSE,585.6817016601562,599.7525634765625,598.6744995117188,600.0975952148438,599.6644287109375
M4_YLUR_SLUR,4,LUR,LUR,2025-02-13,2025-02-15,3,TSEC,40.87358856201172,40.008941650390625,39.99148941040039,40.26115798950195,39.99662780761719
M4_YLUR_SLUR,4,LUR,LUR,2025-02-14,2025-02-14,1,Yd,589.9094848632812,599.765625,598.9135131835938,598.2706909179688,599.8908081054688
M4_YLUR_SLUR,4,LUR,LUR,2025-02-14,2025-02-14,1,TSE,609.659423828125,599.7510375976562,599.3812866210938,598.7652587890625,599.7116088867188
M4_YLUR_SLUR,4,LUR,LUR,2025-02-14,2025-02-14,1,TSEC,39.722896575927734,40.00872802734375,40.0792121887207,40.02268981933594,40.00260925292969
M4_YLUR_SLUR,4,LUR,LUR,2025-02-14,2025-02-15,2,Yd,604.8455810546875,599.765625,599.3502807617188,599.583251953125,600.0560913085938
M4_YLUR_SLUR,4,LUR,LUR,2025-02-14,2025-02-15,2,TSE,585.6817016601562,599.7510375976562,599.0136108398438,601.02587890625,599.7890014648438
M4_YLUR_SLUR,4,LUR,LUR,2025-02-14,2025-02-15,2,TSEC,40.87358856201172,40.00872802734375,40.04206085205078,40.143470764160156,39.99824523925781
M4_YLUR_SLUR,4,LUR,LUR,2025-02-14,2025-02-16,3,Yd,607.296630859375,599.765625,599.0957641601562,599.9625854492188,600.1722412109375
M4_YLUR_SLUR,4,LUR,LUR,2025-02-14,2025-02-16,3,TSE,585.2850952148438,599.7510375976562,599.7991333007812,601.6768188476562,599.8894653320312
M4_YLUR_SLUR,4,LUR,LUR,2025-02-14,2025-02-16,3,TSEC,40.075008392333984,40.00872802734375,39.95091247558594,40.13564682006836,40.002830505371094
M4_YLUR_SLUR,4,LUR,LUR,2025-02-15,2025-02-15,1,Yd,604.8455810546875,599.7529296875,598.8494262695312,599.0496826171875,599.9502563476562
M4_YLUR_SLUR,4,LUR,LUR,2025-02-15,2025-02-15,1,TSE,585.6817016601562,599.7637939453125,598.551025390625,599.8931884765625,599.8298950195312
M4_YLUR_SLUR,4,LUR,LUR,2025-02-15,2025-02-15,1,TSEC,40.87358856201172,40.00836181640625,39.96311569213867,40.03837203979492,40.0047607421875
M4_YLUR_SLUR,4,LUR,LUR,2025-02-15,2025-02-16,2,Yd,607.296630859375,599.7529296875,599.0043334960938,600.7080078125,600.08740234375
M4_YLUR_SLUR,4,LUR,LUR,2025-02-15,2025-02-16,2,TSE,585.2850952148438,599.7637939453125,600.5029296875,600.8319091796875,599.8536376953125
M4_YLUR_SLUR,4,LUR,LUR,2025-02-15,2025-02-16,2,TSEC,40.075008392333984,40.00836181640625,39.92534255981445,39.985862731933594,40.004966735839844
M4_YLUR_SLUR,4,LUR,LUR,2025-02-15,2025-02-17,3,Yd,591.662353515625,599.7529296875,598.6881713867188,600.6925659179688,600.14306640625
M4_YLUR_SLUR,4,LUR,LUR,2025-02-15,2025-02-17,3,TSE,598.9556884765625,599.7637939453125,598.6665649414062,599.81396484375,599.790771484375
M4_YLUR_SLUR,4,LUR,LUR,2025-02-15,2025-02-17,3,TSEC,40.90868377685547,40.00836181640625,39.93319320678711,40.054962158203125,40.01419448852539
M4_YLUR_SLUR,4,LUR,LUR,2025-02-16,2025-02-16,1,Yd,607.296630859375,599.759521484375,599.1348266601562,600.2964477539062,599.92919921875
M4_YLUR_SLUR,4,LUR,LUR,2025-02-16,2025-02-16,1,TSE,585.2850952148438,599.7456665039062,600.5631713867188,600.8158569335938,599.8629150390625
M4_YLUR_SLUR,4,LUR,LUR,2025-02-16,2025-02-16,1,TSEC,40.075008392333984,40.00947570800781,39.947879791259766,39.93539047241211,40.01240158081055
M4_YLUR_SLUR,4,LUR,LUR,2025-02-16,2025-02-17,2,Yd,591.662353515625,599.759521484375,598.8318481445312,600.34130859375,600.0230712890625
M4_YLUR_SLUR,4,LUR,LUR,2025-02-16,2025-02-17,2,TSE,598.9556884765625,599.7456665039062,599.5630493164062,600.4451904296875,599.8010864257812
M4_YLUR_SLUR,4,LUR,LUR,2025-02-16,2025-02-17,2,TSEC,40.90868377685547,40.00947570800781,39.96769332885742,40.0538330078125,40.0208854675293
M4_YLUR_SLUR,4,LUR,LUR,2025-02-16,2025-02-18,3,Yd,601.2188720703125,599.759521484375,599.0465087890625,599.6403198242188,600.0601806640625
M4_YLUR_SLUR,4,LUR,LUR,2025-02-16,2025-02-18,3,TSE,594.0786743164062,599.7456665039062,600.299560546875,600.6461181640625,599.6458129882812
M4_YLUR_SLUR,4,LUR,LUR,2025-02-16,2025-02-18,3,TSEC,40.342952728271484,40.00947570800781,39.978572845458984,40.068206787109375,40.030277252197266
M4_YLUR_SLUR,4,LUR,LUR,2025-02-17,2025-02-17,1,Yd,591.662353515625,599.7692260742188,600.56982421875,599.5735473632812,599.853271484375
M4_YLUR_SLUR,4,LUR,LUR,2025-02-17,2025-02-17,1,TSE,598.9556884765625,599.7271118164062,599.281982421875,598.4310302734375,599.6902465820312
M4_YLUR_SLUR,4,LUR,LUR,2025-02-17,2025-02-17,1,TSEC,40.90868377685547,40.009559631347656,40.04524612426758,40.219242095947266,40.02268600463867
M4_YLUR_SLUR,4,LUR,LUR,2025-02-17,2025-02-18,2,Yd,601.2188720703125,599.7692260742188,599.2708740234375,600.6140747070312,599.8961791992188
M4_YLUR_SLUR,4,LUR,LUR,2025-02-17,2025-02-18,2,TSE,594.0786743164062,599.7271118164062,598.8986206054688,601.522216796875,599.5060424804688
M4_YLUR_SLUR,4,LUR,LUR,2025-02-17,2025-02-18,2,TSEC,40.342952728271484,40.009559631347656,40.0914192199707,40.11144256591797,40.03117370605469
M4_YLUR_SLUR,4,LUR,LUR,2025-02-17,2025-02-19,3,Yd,596.0786743164062,599.7692260742188,599.5989990234375,601.2267456054688,599.9247436523438
M4_YLUR_SLUR,4,LUR,LUR,2025-02-17,2025-02-19,3,TSE,597.9306030273438,599.7271118164062,599.6046142578125,601.396484375,599.3704833984375
M4_YLUR_SLUR,4,LUR,LUR,2025-02-17,2025-02-19,3,TSEC,40.000694274902344,40.009559631347656,40.05487823486328,40.072208404541016,40.03017044067383
M4_YLUR_SLUR,4,LUR,LUR,2025-02-18,2025-02-18,1,Yd,601.2188720703125,599.7587890625,598.6970825195312,598.6056518554688,599.7719116210938
M4_YLUR_SLUR,4,LUR,LUR,2025-02-18,2025-02-18,1,TSE,594.0786743164062,599.7261352539062,599.1377563476562,601.140869140625,599.5951538085938
M4_YLUR_SLUR,4,LUR,LUR,2025-02-18,2025-02-18,1,TSEC,40.342952728271484,40.010711669921875,40.201045989990234,40.126487731933594,40.0205078125
M4_YLUR_SLUR,4,LUR,LUR,2025-02-18,2025-02-19,2,Yd,596.0786743164062,599.7587890625,599.1452026367188,600.9456176757812,599.790283203125
M4_YLUR_SLUR,4,LUR,LUR,2025-02-18,2025-02-19,2,TSE,597.9306030273438,599.7261352539062,598.9702758789062,600.3709716796875,599.4097290039062
M4_YLUR_SLUR,4,LUR,LUR,2025-02-18,2025-02-19,2,TSEC,40.000694274902344,40.010711669921875,40.17680358886719,40.02210998535156,40.017765045166016
M4_YLUR_SLUR,4,LUR,LUR,2025-02-18,2025-02-20,3,Yd,602.971435546875,599.7587890625,599.0755615234375,600.73486328125,599.7479248046875
M4_YLUR_SLUR,4,LUR,LUR,2025-02-18,2025-02-20,3,TSE,601.6856689453125,599.7261352539062,599.4798583984375,600.1663818359375,599.2931518554688
M4_YLUR_SLUR,4,LUR,LUR,2025-02-18,2025-02-20,3,TSEC,40.34981155395508,40.010711669921875,40.13855743408203,40.02693557739258,40.00423812866211
M4_YLUR_SLUR,4,LUR,LUR,2025-02-19,2025-02-19,1,Yd,596.0786743164062,599.7606811523438,598.9157104492188,600.3695068359375,599.78564453125
M4_YLUR_SLUR,4,LUR,LUR,2025-02-19,2025-02-19,1,TSE,597.9306030273438,599.7189331054688,600.206787109375,599.2725830078125,599.5284423828125
M4_YLUR_SLUR,4,LUR,LUR,2025-02-19,2025-02-19,1,TSEC,40.000694274902344,40.011138916015625,39.99551010131836,40.117462158203125,40.01418685913086
M4_YLUR_SLUR,4,LUR,LUR,2025-02-19,2025-02-20,2,Yd,602.971435546875,599.7606811523438,598.9818115234375,600.3645629882812,599.73583984375
M4_YLUR_SLUR,4,LUR,LUR,2025-02-19,2025-02-20,2,TSE,601.6856689453125,599.7189331054688,599.83740234375,600.4658203125,599.3810424804688
M4_YLUR_SLUR,4,LUR,LUR,2025-02-19,2025-02-20,2,TSEC,40.34981155395508,40.011138916015625,39.99127960205078,39.92144012451172,40.001190185546875
M4_YLUR_SLUR,4,LUR,LUR,2025-02-19,2025-02-21,3,Yd,586.596923828125,599.7606811523438,600.0140380859375,600.8453369140625,599.63720703125
M4_YLUR_SLUR,4,LUR,LUR,2025-02-19,2025-02-21,3,TSE,618.357666015625,599.7189331054688,599.6459350585938,598.1616821289062,599.3729858398438
M4_YLUR_SLUR,4,LUR,LUR,2025-02-19,2025-02-21,3,TSEC,39.97185516357422,40.011138916015625,39.98440933227539,39.979278564453125,39.983333587646484
M4_YLUR_SLUR,4,LUR,LUR,2025-02-20,2025-02-20,1,Yd,602.971435546875,599.7559204101562,599.1953735351562,598.2203369140625,599.7796630859375
M4_YLUR_SLUR,4,LUR,LUR,2025-02-20,2025-02-20,1,TSE,601.6856689453125,599.7166137695312,598.3845825195312,599.6190185546875,599.5949096679688
M4_YLUR_SLUR,4,LUR,LUR,2025-02-20,2025-02-20,1,TSEC,40.34981155395508,40.01112365722656,39.955387115478516,40.0120849609375,40.00431823730469
M4_YLUR_SLUR,4,LUR,LUR,2025-02-20,2025-02-21,2,Yd,586.596923828125,599.7559204101562,598.9974975585938,599.2669067382812,599.7430419921875
M4_YLUR_SLUR,4,LUR,LUR,2025-02-20,2025-02-21,2,TSE,618.357666015625,599.7166137695312,597.7537841796875,600.5316772460938,599.5482177734375
M4_YLUR_SLUR,4,LUR,LUR,2025-02-20,2025-02-21,2,TSEC,39.97185516357422,40.01112365722656,39.975460052490234,39.95799255371094,39.98939895629883
M4_YLUR_SLUR,4,LUR,LUR,2025-02-20,2025-02-22,3,Yd,610.8590087890625,599.7559204101562,598.5820922851562,599.5910034179688,599.914794921875
M4_YLUR_SLUR,4,LUR,LUR,2025-02-20,2025-02-22,3,TSE,601.1234130859375,599.7166137695312,598.4345092773438,600.3150634765625,599.6519165039062
M4_YLUR_SLUR,4,LUR,LUR,2025-02-20,2025-02-22,3,TSEC,40.291934967041016,40.01112365722656,39.95750045776367,40.03144454956055,39.98567581176758
M4_YLUR_SLUR,4,LUR,LUR,2025-02-21,2025-02-21,1,Yd,586.596923828125,599.7600708007812,599.6154174804688,600.10302734375,599.8560791015625
M4_YLUR_SLUR,4,LUR,LUR,2025-02-21,2025-02-21,1,TSE,618.357666015625,599.7191162109375,598.4649658203125,601.1109008789062,599.727783203125
M4_YLUR_SLUR,4,LUR,LUR,2025-02-21,2025-02-21,1,TSEC,39.97185516357422,40.011558532714844,39.97628402709961,40.06724548339844,40.00294876098633
M4_YLUR_SLUR,4,LUR,LUR,2025-02-21,2025-02-22,2,Yd,610.8590087890625,599.7600708007812,597.550537109375,600.4237060546875,600.002685546875
M4_YLUR_SLUR,4,LUR,LUR,2025-02-21,2025-02-22,2,TSE,601.1234130859375,599.7191162109375,599.2239379882812,601.525390625,599.8028564453125
M4_YLUR_SLUR,4,LUR,LUR,2025-02-21,2025-02-22,2,TSEC,40.291934967041016,40.011558532714844,39.986576080322266,39.99562072753906,39.9980583190918
M4_YLUR_SLUR,4,LUR,LUR,2025-02-21,2025-02-23,3,Yd,593.4446411132812,599.7600708007812,599.2467651367188,600.8911743164062,600.0852661132812
M4_YLUR_SLUR,4,LUR,LUR,2025-02-21,2025-02-23,3,TSE,596.9024047851562,599.7191162109375,599.4302978515625,601.2105712890625,599.8793334960938
M4_YLUR_SLUR,4,LUR,LUR,2025-02-21,2025-02-23,3,TSEC,40.012535095214844,40.011558532714844,40.058067321777344,40.10063552856445,40.00153350830078
M4_YLUR_SLUR,4,LUR,LUR,2025-02-22,2025-02-22,1,Yd,610.8590087890625,599.7432250976562,596.6197509765625,598.2544555664062,599.8939208984375
M4_YLUR_SLUR,4,LUR,LUR,2025-02-22,2025-02-22,1,TSE,601.1234130859375,599.742919921875,600.3082275390625,600.0393676757812,599.853515625
M4_YLUR_SLUR,4,LUR,LUR,2025-02-22,2025-02-22,1,TSEC,40.291934967041016,40.01150894165039,39.97669982910156,39.91450119018555,40.00362014770508
M4_YLUR_SLUR,4,LUR,LUR,2025-02-22,2025-02-23,2,Yd,593.4446411132812,599.7432250976562,599.48583984375,599.7952270507812,599.98388671875
M4_YLUR_SLUR,4,LUR,LUR,2025-02-22,2025-02-23,2,TSE,596.9024047851562,599.742919921875,599.9039916992188,602.7103271484375,599.9212646484375
M4_YLUR_SLUR,4,LUR,LUR,2025-02-22,2025-02-23,2,TSEC,40.012535095214844,40.01150894165039,39.96393585205078,39.93559265136719,40.00413513183594
M4_YLUR_SLUR,4,LUR,LUR,2025-02-22,2025-02-24,3,Yd,596.882568359375,599.7432250976562,597.4110717773438,598.53271484375,600.0172729492188
M4_YLUR_SLUR,4,LUR,LUR,2025-02-22,2025-02-24,3,TSE,606.6911010742188,599.742919921875,598.4464721679688,602.3465576171875,599.8682250976562
M4_YLUR_SLUR,4,LUR,LUR,2025-02-22,2025-02-24,3,TSEC,39.876853942871094,40.01150894165039,39.96124267578125,39.951416015625,40.01332473754883
M4_YLUR_SLUR,4,LUR,LUR,2025-02-23,2025-02-23,1,Yd,593.4446411132812,599.7573852539062,602.3352661132812,601.2803344726562,599.9682006835938
M4_YLUR_SLUR,4,LUR,LUR,2025-02-23,2025-02-23,1,TSE,596.9024047851562,599.74462890625,599.886962890625,602.466064453125,599.9185791015625
M4_YLUR_SLUR,4,LUR,LUR,2025-02-23,2025-02-23,1,TSEC,40.012535095214844,40.01186752319336,40.09520721435547,40.12753677368164,40.01022720336914
M4_YLUR_SLUR,4,LUR,LUR,2025-02-23,2025-02-24,2,Yd,596.882568359375,599.7573852539062,597.2632446289062,600.793701171875,600.03125
M4_YLUR_SLUR,4,LUR,LUR,2025-02-23,2025-02-24,2,TSE,606.6911010742188,599.74462890625,598.4559326171875,602.3272705078125,599.86767578125
M4_YLUR_SLUR,4,LUR,LUR,2025-02-23,2025-02-24,2,TSEC,39.876853942871094,40.01186752319336,40.15258026123047,40.03667449951172,40.015953063964844
M4_YLUR_SLUR,4,LUR,LUR,2025-02-23,2025-02-25,3,Yd,600.3842163085938,599.7573852539062,601.344482421875,601.4013671875,599.9985961914062
M4_YLUR_SLUR,4,LUR,LUR,2025-02-23,2025-02-25,3,TSE,600.0218505859375,599.74462890625,600.2373657226562,600.8883056640625,599.685546875
M4_YLUR_SLUR,4,LUR,LUR,2025-02-23,2025-02-25,3,TSEC,39.745201110839844,40.01186752319336,40.192325592041016,40.08137512207031,40.023582458496094
M4_YLUR_SLUR,4,LUR,LUR,2025-02-24,2025-02-24,1,Yd,596.882568359375,599.7493896484375,599.2408447265625,599.8701171875,599.8385009765625
M4_YLUR_SLUR,4,LUR,LUR,2025-02-24,2025-02-24,1,TSE,606.6911010742188,599.7410278320312,600.6659545898438,599.9860229492188,599.7962646484375
M4_YLUR_SLUR,4,LUR,LUR,2025-02-24,2025-02-24,1,TSEC,39.876853942871094,40.011863708496094,39.96501541137695,40.09865951538086,40.017967224121094
M4_YLUR_SLUR,4,LUR,LUR,2025-02-24,2025-02-25,2,Yd,600.3842163085938,599.7493896484375,600.340087890625,599.2041625976562,599.8649291992188
M4_YLUR_SLUR,4,LUR,LUR,2025-02-24,2025-02-25,2,TSE,600.0218505859375,599.7410278320312,599.6322631835938,600.437255859375,599.6668701171875
M4_YLUR_SLUR,4,LUR,LUR,2025-02-24,2025-02-25,2,TSEC,39.745201110839844,40.011863708496094,40.00193786621094,40.124176025390625,40.02260971069336
M4_YLUR_SLUR,4,LUR,LUR,2025-02-24,2025-02-26,3,Yd,596.45703125,599.7493896484375,598.6300048828125,599.229736328125,599.9129638671875
M4_YLUR_SLUR,4,LUR,LUR,2025-02-24,2025-02-26,3,TSE,604.5946655273438,599.7410278320312,599.6300048828125,600.7318725585938,599.5526123046875
M4_YLUR_SLUR,4,LUR,LUR,2025-02-24,2025-02-26,3,TSEC,40.97516632080078,40.011863708496094,39.98481750488281,40.09886169433594,40.0192756652832
M4_YLUR_SLUR,4,LUR,LUR,2025-02-25,2025-02-25,1,Yd,600.3842163085938,599.7457275390625,600.9127807617188,598.4882202148438,599.835205078125
M4_YLUR_SLUR,4,LUR,LUR,2025-02-25,2025-02-25,1,TSE,600.0218505859375,599.7498779296875,599.3353271484375,599.9857177734375,599.6995239257812
M4_YLUR_SLUR,4,LUR,LUR,2025-02-25,2025-02-25,1,TSEC,39.745201110839844,40.01169204711914,40.156734466552734,40.05221939086914,40.01791763305664
M4_YLUR_SLUR,4,LUR,LUR,2025-02-25,2025-02-26,2,Yd,596.45703125,599.7457275390625,598.09423828125,599.3525390625,599.8971557617188
M4_YLUR_SLUR,4,LUR,LUR,2025-02-25,2025-02-26,2,TSE,604.5946655273438,599.7498779296875,599.66015625,601.2184448242188,599.5864868164062
M4_YLUR_SLUR,4,LUR,LUR,2025-02-25,2025-02-26,2,TSEC,40.97516632080078,40.01169204711914,40.13612365722656,40.00163269042969,40.01469421386719
M4_YLUR_SLUR,4,LUR,LUR,2025-02-25,2025-02-27,3,Yd,604.83056640625,599.7457275390625,601.0460815429688,600.2340087890625,599.8710327148438
M4_YLUR_SLUR,4,LUR,LUR,2025-02-25,2025-02-27,3,TSE,609.8950805664062,599.7498779296875,599.5895385742188,601.0830078125,599.4957275390625
M4_YLUR_SLUR,4,LUR,LUR,2025-02-25,2025-02-27,3,TSEC,40.398345947265625,40.01169204711914,40.09257888793945,40.003807067871094,40.000030517578125
M4_YLUR_SLUR,4,LUR,LUR,2025-02-26,2025-02-26,1,Yd,596.45703125,599.7465209960938,598.65283203125,598.5032348632812,599.8694458007812
M4_YLUR_SLUR,4,LUR,LUR,2025-02-26,2025-02-26,1,TSE,604.5946655273438,599.750244140625,599.880615234375,600.1685180664062,599.637939453125
M4_YLUR_SLUR,4,LUR,LUR,2025-02-26,2025-02-26,1,TSEC,40.97516632080078,40.011356353759766,39.97203826904297,40.0869255065918,40.01265335083008
M4_YLUR_SLUR,4,LUR,LUR,2025-02-26,2025-02-27,2,Yd,604.83056640625,599.7465209960938,599.2267456054688,599.51708984375,599.8805541992188
M4_YLUR_SLUR,4,LUR,LUR,2025-02-26,2025-02-27,2,TSE,609.8950805664062,599.750244140625,599.28173828125,600.4720458984375,599.53369140625
M4_YLUR_SLUR,4,LUR,LUR,2025-02-26,2025-02-27,2,TSEC,40.398345947265625,40.011356353759766,39.96457290649414,40.03248596191406,39.99974822998047
M4_YLUR_SLUR,4,LUR,LUR,2025-02-26,2025-02-28,3,Yd,595.3698120117188,599.7465209960938,599.7111206054688,600.259765625,599.8963012695312
M4_YLUR_SLUR,4,LUR,LUR,2025-02-26,2025-02-28,3,TSE,609.5191040039062,599.750244140625,599.65380859375,600.8145141601562,599.4888916015625
M4_YLUR_SLUR,4,LUR,LUR,2025-02-26,2025-02-28,3,TSEC,40.11490249633789,40.011356353759766,39.99871063232422,40.012901306152344,39.987548828125
M4_YLUR_SLUR,4,LUR,LUR,2025-02-27,2025-02-27,1,Yd,604.83056640625,599.7423706054688,600.3907470703125,599.48291015625,599.779541015625
M4_YLUR_SLUR,4,LUR,LUR,2025-02-27,2025-02-27,1,TSE,609.8950805664062,599.7564086914062,599.4960327148438,600.1676025390625,599.6373901367188
M4_YLUR_SLUR,4,LUR,LUR,2025-02-27,2025-02-27,1,TSEC,40.398345947265625,40.012577056884766,40.11956787109375,40.01862335205078,40.002708435058594
M4_YLUR_SLUR,4,LUR,LUR,2025-02-27,2025-02-28,2,Yd,595.3698120117188,599.7423706054688,598.773193359375,599.1057739257812,599.7775268554688
M4_YLUR_SLUR,4,LUR,LUR,2025-02-27,2025-02-28,2,TSE,609.5191040039062,599.7564086914062,600.4808959960938,600.8341064453125,599.5643920898438
M4_YLUR_SLUR,4,LUR,LUR,2025-02-27,2025-02-28,2,TSEC,40.11490249633789,40.012577056884766,40.268898010253906,39.95524978637695,39.99094772338867
M4_YLUR_SLUR,4,LUR,LUR,2025-02-27,2025-03-01,3,Yd,587.817138671875,599.7423706054688,597.169921875,600.052978515625,599.9080200195312
M4_YLUR_SLUR,4,LUR,LUR,2025-02-27,2025-03-01,3,TSE,601.7284545898438,599.7564086914062,600.3783569335938,600.541748046875,599.6544189453125
M4_YLUR_SLUR,4,LUR,LUR,2025-02-27,2025-03-01,3,TSEC,40.8085823059082,40.012577056884766,40.16111755371094,39.97870635986328,39.985923767089844
M4_YLUR_SLUR,4,LUR,LUR,2025-02-28,2025-02-28,1,Yd,595.3698120117188,599.7488403320312,599.6417236328125,597.73583984375,599.8291625976562
M4_YLUR_SLUR,4,LUR,LUR,2025-02-28,2025-02-28,1,TSE,609.5191040039062,599.7692260742188,598.4364624023438,598.1332397460938,599.7461547851562
M4_YLUR_SLUR,4,LUR,LUR,2025-02-28,2025-02-28,1,TSEC,40.11490249633789,40.01306915283203,39.994842529296875,40.075252532958984,40.001888275146484
M4_YLUR_SLUR,4,LUR,LUR,2025-02-28,2025-03-01,2,Yd,587.817138671875,599.7488403320312,599.7067260742188,599.51513671875,599.96044921875
M4_YLUR_SLUR,4,LUR,LUR,2025-02-28,2025-03-01,2,TSE,601.7284545898438,599.7692260742188,599.5299072265625,600.9197998046875,599.8469848632812
M4_YLUR_SLUR,4,LUR,LUR,2025-02-28,2025-03-01,2,TSEC,40.8085823059082,40.01306915283203,40.003211975097656,39.98751449584961,39.992958068847656
M4_YLUR_SLUR,4,LUR,LUR,2025-02-28,2025-03-02,3,Yd,605.7008666992188,599.7488403320312,599.98974609375,600.0013427734375,600.0628662109375
M4_YLUR_SLUR,4,LUR,LUR,2025-02-28,2025-03-02,3,TSE,599.8236694335938,599.7692260742188,600.1455688476562,601.1271362304688,599.9426879882812
M4_YLUR_SLUR,4,LUR,LUR,2025-02-28,2025-03-02,3,TSEC,39.85982894897461,40.01306915283203,40.018733978271484,39.929744720458984,39.99480056762695
M4_YLUR_SLUR,4,LUR,LUR,2025-03-01,2025-03-01,1,Yd,587.817138671875,599.7432861328125,598.2822875976562,599.2804565429688,599.8963012695312
M4_YLUR_SLUR,4,LUR,LUR,2025-03-01,2025-03-01,1,TSE,601.7284545898438,599.7815551757812,599.7623291015625,599.5090942382812,599.875244140625
M4_YLUR_SLUR,4,LUR,LUR,2025-03-01,2025-03-01,1,TSEC,40.8085823059082,40.01319885253906,40.184234619140625,39.99138641357422,40.00014877319336
M4_YLUR_SLUR,4,LUR,LUR,2025-03-01,2025-03-02,2,Yd,605.7008666992188,599.7432861328125,598.8367919921875,600.517578125,600.0043334960938
M4_YLUR_SLUR,4,LUR,LUR,2025-03-01,2025-03-02,2,TSE,599.8236694335938,599.7815551757812,599.5164184570312,601.2007446289062,599.9658813476562
M4_YLUR_SLUR,4,LUR,LUR,2025-03-01,2025-03-02,2,TSEC,39.85982894897461,40.01319885253906,40.14341354370117,39.94447708129883,39.997474670410156
M4_YLUR_SLUR,4,LUR,LUR,2025-03-01,2025-03-03,3,Yd,595.34130859375,599.7432861328125,599.1273803710938,599.8047485351562,600.0216064453125
M4_YLUR_SLUR,4,LUR,LUR,2025-03-01,2025-03-03,3,TSE,603.0991821289062,599.7815551757812,599.8571166992188,600.1543579101562,599.9194946289062
M4_YLUR_SLUR,4,LUR,LUR,2025-03-01,2025-03-03,3,TSEC,40.77042007446289,40.01319885253906,40.165557861328125,39.926361083984375,40.00551223754883
M4_YLUR_SLUR,4,LUR,LUR,2025-03-02,2025-03-02,1,Yd,605.7008666992188,599.7282104492188,597.684326171875,600.0657958984375,599.85986328125
M4_YLUR_SLUR,4,LUR,LUR,2025-03-02,2025-03-02,1,TSE,599.8236694335938,599.7839965820312,599.7783813476562,600.2567749023438,599.8969116210938
M4_YLUR_SLUR,4,LUR,LUR,2025-03-02,2025-03-02,1,TSEC,39.85982894897461,40.01420211791992,40.13029098510742,39.97201156616211,40.004417419433594
M4_YLUR_SLUR,4,LUR,LUR,2025-03-02,2025-03-03,2,Yd,595.34130859375,599.7282104492188,600.1387329101562,599.7763061523438,599.8616333007812
M4_YLUR_SLUR,4,LUR,LUR,2025-03-02,2025-03-03,2,TSE,603.0991821289062,599.7839965820312,598.6978149414062,599.9566650390625,599.8660278320312
M4_YLUR_SLUR,4,LUR,LUR,2025-03-02,2025-03-03,2,TSEC,40.77042007446289,40.01420211791992,40.17410659790039,39.959434509277344,40.008705139160156
M4_YLUR_SLUR,4,LUR,LUR,2025-03-02,2025-03-04,3,Yd,600.0022583007812,599.7282104492188,597.9519653320312,600.0772705078125,599.806396484375
M4_YLUR_SLUR,4,LUR,LUR,2025-03-02,2025-03-04,3,TSE,602.4227294921875,599.7839965820312,600.2114868164062,600.3632202148438,599.7185668945312
M4_YLUR_SLUR,4,LUR,LUR,2025-03-02,2025-03-04,3,TSEC,40.38055419921875,40.01420211791992,40.228355407714844,39.96332931518555,40.01508712768555
M4_YLUR_SLUR,4,LUR,LUR,2025-03-03,2025-03-03,1,Yd,595.34130859375,599.7357788085938,600.5413818359375,599.3126831054688,599.8056030273438
M4_YLUR_SLUR,4,LUR,LUR,2025-03-03,2025-03-03,1,TSE,603.0991821289062,599.7841186523438,599.5548095703125,600.328369140625,599.7954711914062
M4_YLUR_SLUR,4,LUR,LUR,2025-03-03,2025-03-03,1,TSEC,40.77042007446289,40.014007568359375,40.20830535888672,40.05321502685547,40.016780853271484
M4_YLUR_SLUR,4,LUR,LUR,2025-03-03,2025-03-04,2,Yd,600.0022583007812,599.7357788085938,597.9014892578125,600.5615844726562,599.8060302734375
M4_YLUR_SLUR,4,LUR,LUR,2025-03-03,2025-03-04,2,TSE,602.4227294921875,599.7841186523438,599.7622680664062,601.7810668945312,599.6655883789062
M4_YLUR_SLUR,4,LUR,LUR,2025-03-03,2025-03-04,2,TSEC,40.38055419921875,40.014007568359375,40.25927734375,39.94169235229492,40.019309997558594
M4_YLUR_SLUR,4,LUR,LUR,2025-03-03,2025-03-05,3,Yd,590.0903930664062,599.7357788085938,600.21875,601.1032104492188,599.8171997070312
M4_YLUR_SLUR,4,LUR,LUR,2025-03-03,2025-03-05,3,TSE,594.7135009765625,599.7841186523438,599.724609375,601.2218627929688,599.5265502929688
M4_YLUR_SLUR,4,LUR,LUR,2025-03-03,2025-03-05,3,TSEC,40.025569915771484,40.014007568359375,40.2062873840332,39.99839782714844,40.0141716003418
M4_YLUR_SLUR,4,LUR,LUR,2025-03-04,2025-03-04,1,Yd,600.0022583007812,599.730224609375,597.604736328125,599.0028686523438,599.7611083984375
M4_YLUR_SLUR,4,LUR,LUR,2025-03-04,2025-03-04,1,TSE,602.4227294921875,599.7882690429688,600.3720092773438,600.7640991210938,599.6780395507812
M4_YLUR_SLUR,4,LUR,LUR,2025-03-04,2025-03-04,1,TSEC,40.38055419921875,40.01496124267578,40.02033233642578,40.074974060058594,40.015586853027344
M4_YLUR_SLUR,4,LUR,LUR,2025-03-04,2025-03-05,2,Yd,590.0903930664062,599.730224609375,600.2325439453125,599.34033203125,599.7511596679688
M4_YLUR_SLUR,4,LUR,LUR,2025-03-04,2025-03-05,2,TSE,594.7135009765625,599.7882690429688,599.41796875,600.5751342773438,599.528076171875
M4_YLUR_SLUR,4,LUR,LUR,2025-03-04,2025-03-05,2,TSEC,40.025569915771484,40.01496124267578,39.97747802734375,40.03632354736328,40.009395599365234
M4_YLUR_SLUR,4,LUR,LUR,2025-03-04,2025-03-06,3,Yd,585.8018188476562,599.730224609375,598.294921875,599.5807495117188,599.6941528320312
M4_YLUR_SLUR,4,LUR,LUR,2025-03-04,2025-03-06,3,TSE,598.2224731445312,599.7882690429688,600.4668579101562,600.1213989257812,599.431396484375
M4_YLUR_SLUR,4,LUR,LUR,2025-03-04,2025-03-06,3,TSEC,40.2852668762207,40.01496124267578,39.98344039916992,40.00410842895508,39.99443817138672
M4_YLUR_SLUR,4,LUR,LUR,2025-03-05,2025-03-05,1,Yd,590.0903930664062,599.7305297851562,600.483642578125,599.3338012695312,599.761962890625
M4_YLUR_SLUR,4,LUR,LUR,2025-03-05,2025-03-05,1,TSE,594.7135009765625,599.7915649414062,600.2235107421875,600.4186401367188,599.5947875976562
M4_YLUR_SLUR,4,LUR,LUR,2025-03-05,2025-03-05,1,TSEC,40.025569915771484,40.015419006347656,40.02827453613281,40.06930923461914,40.0089225769043
M4_YLUR_SLUR,4,LUR,LUR,2025-03-05,2025-03-06,2,Yd,585.8018188476562,599.7305297851562,598.3013305664062,599.7176513671875,599.6895141601562
M4_YLUR_SLUR,4,LUR,LUR,2025-03-05,2025-03-06,2,TSE,598.2224731445312,599.7915649414062,599.9362182617188,601.7947387695312,599.4758911132812
M4_YLUR_SLUR,4,LUR,LUR,2025-03-05,2025-03-06,2,TSEC,40.2852668762207,40.015419006347656,40.0130729675293,39.88608932495117,39.994014739990234
M4_YLUR_SLUR,4,LUR,LUR,2025-03-05,2025-03-07,3,Yd,602.0183715820312,599.7305297851562,600.2406616210938,601.3068237304688,599.5653686523438
M4_YLUR_SLUR,4,LUR,LUR,2025-03-05,2025-03-07,3,TSE,593.9008178710938,599.7915649414062,599.9725341796875,600.6277465820312,599.428466796875
M4_YLUR_SLUR,4,LUR,LUR,2025-03-05,2025-03-07,3,TSEC,40.352413177490234,40.015419006347656,40.005924224853516,40.00642395019531,39.976356506347656
M4_YLUR_SLUR,4,LUR,LUR,2025-03-06,2025-03-06,1,Yd,585.8018188476562,599.7183837890625,599.3742065429688,598.358154296875,599.7506713867188
M4_YLUR_SLUR,4,LUR,LUR,2025-03-06,2025-03-06,1,TSE,598.2224731445312,599.78515625,599.886962890625,599.6680297851562,599.6011962890625
M4_YLUR_SLUR,4,LUR,LUR,2025-03-06,2025-03-06,1,TSEC,40.2852668762207,40.01543426513672,40.062522888183594,40.034488677978516,39.998714447021484
M4_YLUR_SLUR,4,LUR,LUR,2025-03-06,2025-03-07,2,Yd,602.0183715820312,599.7183837890625,599.8032836914062,599.8020629882812,599.653076171875
M4_YLUR_SLUR,4,LUR,LUR,2025-03-06,2025-03-07,2,TSE,593.9008178710938,599.78515625,599.0037841796875,600.1580200195312,599.5139770507812
M4_YLUR_SLUR,4,LUR,LUR,2025-03-06,2025-03-07,2,TSEC,40.352413177490234,40.01543426513672,40.028717041015625,39.919456481933594,39.97992706298828
M4_YLUR_SLUR,4,LUR,LUR,2025-03-06,2025-03-08,3,Yd,610.9711303710938,599.7183837890625,599.7025146484375,599.6451416015625,599.7294921875
M4_YLUR_SLUR,4,LUR,LUR,2025-03-06,2025-03-08,3,TSE,599.8019409179688,599.78515625,599.74853515625,600.0078125,599.5930786132812
M4_YLUR_SLUR,4,LUR,LUR,2025-03-06,2025-03-08,3,TSEC,39.91313934326172,40.01543426513672,40.0594482421875,40.01039123535156,39.97093200683594
M4_YLUR_SLUR,4,LUR,LUR,2025-03-07,2025-03-07,1,Yd,602.0183715820312,599.700927734375,599.78955078125,598.95361328125,599.7277221679688
M4_YLUR_SLUR,4,LUR,LUR,2025-03-07,2025-03-07,1,TSE,593.9008178710938,599.783203125,599.3410034179688,600.2714233398438,599.6566162109375
M4_YLUR_SLUR,4,LUR,LUR,2025-03-07,2025-03-07,1,TSEC,40.352413177490234,40.01577377319336,40.00197982788086,40.015174865722656,39.99428176879883
M4_YLUR_SLUR,4,LUR,LUR,2025-03-07,2025-03-08,2,Yd,610.9711303710938,599.700927734375,597.703125,599.2259521484375,599.7257690429688
M4_YLUR_SLUR,4,LUR,LUR,2025-03-07,2025-03-08,2,TSE,599.8019409179688,599.783203125,599.8641967773438,600.6488037109375,599.6755981445312
M4_YLUR_SLUR,4,LUR,LUR,2025-03-07,2025-03-08,2,TSEC,39.91313934326172,40.01577377319336,40.01091384887695,39.9672737121582,39.98200225830078
M4_YLUR_SLUR,4,LUR,LUR,2025-03-07,2025-03-09,3,Yd,599.447021484375,599.700927734375,599.1401977539062,600.0653686523438,599.7537841796875
M4_YLUR_SLUR,4,LUR,LUR,2025-03-07,2025-03-09,3,TSE,593.94482421875,599.783203125,599.8062744140625,601.193115234375,599.7706909179688
M4_YLUR_SLUR,4,LUR,LUR,2025-03-07,2025-03-09,3,TSEC,39.79098892211914,40.01577377319336,40.07700729370117,40.008480072021484,39.979576110839844
M4_YLUR_SLUR,4,LUR,LUR,2025-03-08,2025-03-08,1,Yd,610.9711303710938,599.703857421875,599.8560791015625,598.128662109375,599.8015747070312
M4_YLUR_SLUR,4,LUR,LUR,2025-03-08,2025-03-08,1,TSE,599.8019409179688,599.7758178710938,599.5824584960938,599.7154541015625,599.7855224609375
M4_YLUR_SLUR,4,LUR,LUR,2025-03-08,2025-03-08,1,TSEC,39.91313934326172,40.016197204589844,40.09693145751953,40.08905029296875,39.99947738647461
M4_YLUR_SLUR,4,LUR,LUR,2025-03-08,2025-03-09,2,Yd,599.447021484375,599.703857421875,600.2152099609375,599.6451416015625,599.837158203125
M4_YLUR_SLUR,4,LUR,LUR,2025-03-08,2025-03-09,2,TSE,593.94482421875,599.7758178710938,599.9608154296875,601.3546752929688,599.8566284179688
M4_YLUR_SLUR,4,LUR,LUR,2025-03-08,2025-03-09,2,TSEC,39.79098892211914,40.016197204589844,40.06821823120117,39.882423400878906,39.99544906616211
M4_YLUR_SLUR,4,LUR,LUR,2025-03-08,2025-03-10,3,Yd,600.0325317382812,599.703857421875,599.1874389648438,600.373779296875,599.8760986328125
M4_YLUR_SLUR,4,LUR,LUR,2025-03-08,2025-03-10,3,TSE,596.7252197265625,599.7758178710938,599.3715209960938,601.1046142578125,599.8320922851562
M4_YLUR_SLUR,4,LUR,LUR,2025-03-08,2025-03-10,3,TSEC,39.515132904052734,40.016197204589844,40.08301544189453,39.94786834716797,40.0029182434082
M4_YLUR_SLUR,4,LUR,LUR,2025-03-09,2025-03-09,1,Yd,599.447021484375,599.7179565429688,598.7864379882812,598.8334350585938,599.8975219726562
M4_YLUR_SLUR,4,LUR,LUR,2025-03-09,2025-03-09,1,TSE,593.94482421875,599.77587890625,599.3028564453125,600.578369140625,599.8778076171875
M4_YLUR_SLUR,4,LUR,LUR,2025-03-09,2025-03-09,1,TSEC,39.79098892211914,40.01606369018555,40.042274475097656,39.978641510009766,40.01076126098633
M4_YLUR_SLUR,4,LUR,LUR,2025-03-09,2025-03-10,2,Yd,600.0325317382812,599.7179565429688,598.9957275390625,599.72607421875,599.9552001953125
M4_YLUR_SLUR,4,LUR,LUR,2025-03-09,2025-03-10,2,TSE,596.7252197265625,599.77587890625,598.6876831054688,602.4453735351562,599.8101806640625
M4_YLUR_SLUR,4,LUR,LUR,2025-03-09,2025-03-10,2,TSEC,39.515132904052734,40.01606369018555,40.04744338989258,39.89668273925781,40.020408630371094
M4_YLUR_SLUR,4,LUR,LUR,2025-03-09,2025-03-11,3,Yd,602.4196166992188,599.7179565429688,598.7005615234375,600.4744262695312,599.9596557617188
M4_YLUR_SLUR,4,LUR,LUR,2025-03-09,2025-03-11,3,TSE,597.4588623046875,599.77587890625,599.8334350585938,601.85546875,599.6524047851562
M4_YLUR_SLUR,4,LUR,LUR,2025-03-09,2025-03-11,3,TSEC,39.85819625854492,40.01606369018555,40.029300689697266,39.921531677246094,40.02846145629883
M4_YLUR_SLUR,4,LUR,LUR,2025-03-10,2025-03-10,1,Yd,600.0325317382812,599.7175903320312,598.7348022460938,598.7724609375,599.83447265625
M4_YLUR_SLUR,4,LUR,LUR,2025-03-10,2025-03-10,1,TSE,596.7252197265625,599.7685546875,599.195556640625,600.8642578125,599.7504272460938
M4_YLUR_SLUR,4,LUR,LUR,2025-03-10,2025-03-10,1,TSEC,39.515132904052734,40.015785217285156,40.03977584838867,40.01544189453125,40.02100372314453
M4_YLUR_SLUR,4,LUR,LUR,2025-03-10,2025-03-11,2,Yd,602.4196166992188,599.7175903320312,599.3236083984375,599.8336791992188,599.9005737304688
M4_YLUR_SLUR,4,LUR,LUR,2025-03-10,2025-03-11,2,TSE,597.4588623046875,599.7685546875,599.3360595703125,600.9149780273438,599.6720581054688
M4_YLUR_SLUR,4,LUR,LUR,2025-03-10,2025-03-11,2,TSEC,39.85819625854492,40.015785217285156,39.9964599609375,39.94735336303711,40.02863311767578
M4_YLUR_SLUR,4,LUR,LUR,2025-03-10,2025-03-12,3,Yd,589.0833129882812,599.7175903320312,598.5952758789062,600.415771484375,599.9690551757812
M4_YLUR_SLUR,4,LUR,LUR,2025-03-10,2025-03-12,3,TSE,607.9276123046875,599.7685546875,600.53125,600.05322265625,599.61376953125
M4_YLUR_SLUR,4,LUR,LUR,2025-03-10,2025-03-12,3,TSEC,40.48042297363281,40.015785217285156,40.023414611816406,39.960411071777344,40.02674865722656
M4_YLUR_SLUR,4,LUR,LUR,2025-03-11,2025-03-11,1,Yd,602.4196166992188,599.718017578125,598.6248779296875,598.615234375,599.8858642578125
M4_YLUR_SLUR,4,LUR,LUR,2025-03-11,2025-03-11,1,TSE,597.4588623046875,599.7647705078125,599.703125,599.8126220703125,599.707275390625
M4_YLUR_SLUR,4,LUR,LUR,2025-03-11,2025-03-11,1,TSEC,39.85819625854492,40.015159606933594,40.00686264038086,40.13751983642578,40.023441314697266
M4_YLUR_SLUR,4,LUR,LUR,2025-03-11,2025-03-12,2,Yd,589.0833129882812,599.718017578125,599.0549926757812,600.117919921875,599.9822387695312
M4_YLUR_SLUR,4,LUR,LUR,2025-03-11,2025-03-12,2,TSE,607.9276123046875,599.7647705078125,599.6429443359375,600.7128295898438,599.6470336914062
M4_YLUR_SLUR,4,LUR,LUR,2025-03-11,2025-03-12,2,TSEC,40.48042297363281,40.015159606933594,40.01485061645508,40.17652893066406,40.02312469482422
M4_YLUR_SLUR,4,LUR,LUR,2025-03-11,2025-03-13,3,Yd,612.712158203125,599.718017578125,599.0182495117188,600.920166015625,599.9745483398438
M4_YLUR_SLUR,4,LUR,LUR,2025-03-11,2025-03-13,3,TSE,595.5064086914062,599.7647705078125,599.7166137695312,601.3252563476562,599.6148681640625
M4_YLUR_SLUR,4,LUR,LUR,2025-03-11,2025-03-13,3,TSEC,39.461448669433594,40.015159606933594,40.036983489990234,40.096229553222656,40.010231018066406
M4_YLUR_SLUR,4,LUR,LUR,2025-03-12,2025-03-12,1,Yd,589.0833129882812,599.7213745117188,598.3299560546875,598.8739013671875,599.8812866210938
M4_YLUR_SLUR,4,LUR,LUR,2025-03-12,2025-03-12,1,TSE,607.9276123046875,599.7618408203125,600.4796752929688,599.3324584960938,599.6471557617188
M4_YLUR_SLUR,4,LUR,LUR,2025-03-12,2025-03-12,1,TSEC,40.48042297363281,40.01496124267578,40.04878234863281,40.0911865234375,40.01698684692383
M4_YLUR_SLUR,4,LUR,LUR,2025-03-12,2025-03-13,2,Yd,612.712158203125,599.7213745117188,598.9365234375,599.8875122070312,599.89111328125
M4_YLUR_SLUR,4,LUR,LUR,2025-03-12,2025-03-13,2,TSE,595.5064086914062,599.7618408203125,598.9544067382812,599.943359375,599.5556640625
M4_YLUR_SLUR,4,LUR,LUR,2025-03-12,2025-03-13,2,TSEC,39.461448669433594,40.01496124267578,40.03390121459961,40.05785369873047,40.007080078125
M4_YLUR_SLUR,4,LUR,LUR,2025-03-12,2025-03-14,3,Yd,601.0469970703125,599.7213745117188,599.525146484375,599.5869140625,599.8294067382812
M4_YLUR_SLUR,4,LUR,LUR,2025-03-12,2025-03-14,3,TSE,588.6806030273438,599.7618408203125,600.2564697265625,599.3200073242188,599.5709228515625
M4_YLUR_SLUR,4,LUR,LUR,2025-03-12,2025-03-14,3,TSEC,40.19207763671875,40.01496124267578,40.119171142578125,40.06705856323242,39.991546630859375
M4_YLUR_SLUR,4,LUR,LUR,2025-03-13,2025-03-13,1,Yd,612.712158203125,599.7081298828125,599.1182861328125,597.8272705078125,599.81005859375
M4_YLUR_SLUR,4,LUR,LUR,2025-03-13,2025-03-13,1,TSE,595.5064086914062,599.7720336914062,599.3983764648438,599.8125610351562,599.6771850585938
M4_YLUR_SLUR,4,LUR,LUR,2025-03-13,2025-03-13,1,TSEC,39.461448669433594,40.015541076660156,40.00331115722656,40.05194854736328,40.00421142578125
M4_YLUR_SLUR,4,LUR,LUR,2025-03-13,2025-03-14,2,Yd,601.0469970703125,599.7081298828125,599.7461547851562,598.5917358398438,599.7402954101562
M4_YLUR_SLUR,4,LUR,LUR,2025-03-13,2025-03-14,2,TSE,588.6806030273438,599.7720336914062,598.4320678710938,600.3488159179688,599.6030883789062
M4_YLUR_SLUR,4,LUR,LUR,2025-03-13,2025-03-14,2,TSEC,40.19207763671875,40.015541076660156,40.01125717163086,39.972190856933594,39.98828887939453
M4_YLUR_SLUR,4,LUR,LUR,2025-03-13,2025-03-15,3,Yd,596.2713012695312,599.7081298828125,599.7222900390625,599.3339233398438,599.7456665039062
M4_YLUR_SLUR,4,LUR,LUR,2025-03-13,2025-03-15,3,TSE,600.7939453125,599.7720336914062,599.6533813476562,600.9558715820312,599.6063232421875
M4_YLUR_SLUR,4,LUR,LUR,2025-03-13,2025-03-15,3,TSEC,39.47135543823242,40.015541076660156,40.00498580932617,40.00989532470703,39.9813232421875
M4_YLUR_SLUR,4,LUR,LUR,2025-03-14,2025-03-14,1,Yd,601.0469970703125,599.7243041992188,599.1409301757812,599.7337646484375,599.85107421875
M4_YLUR_SLUR,4,LUR,LUR,2025-03-14,2025-03-14,1,TSE,588.6806030273438,599.7667236328125,600.509521484375,599.662109375,599.7536010742188
M4_YLUR_SLUR,4,LUR,LUR,2025-03-14,2025-03-14,1,TSEC,40.19207763671875,40.014854431152344,40.15121078491211,40.222530364990234,40.002071380615234
M4_YLUR_SLUR,4,LUR,LUR,2025-03-14,2025-03-15,2,Yd,596.2713012695312,599.7243041992188,598.2800903320312,600.9222412109375,599.9198608398438
M4_YLUR_SLUR,4,LUR,LUR,2025-03-14,2025-03-15,2,TSE,600.7939453125,599.7667236328125,599.7158203125,600.6929931640625,599.779296875
M4_YLUR_SLUR,4,LUR,LUR,2025-03-14,2025-03-15,2,TSEC,39.47135543823242,40.014854431152344,40.08677291870117,40.03235626220703,39.9953727722168
M4_YLUR_SLUR,4,LUR,LUR,2025-03-14,2025-03-16,3,Yd,596.50048828125,599.7243041992188,598.7769775390625,602.20263671875,599.9813232421875
M4_YLUR_SLUR,4,LUR,LUR,2025-03-14,2025-03-16,3,TSE,594.7330322265625,599.7667236328125,600.0872802734375,600.62646484375,599.8436889648438
M4_YLUR_SLUR,4,LUR,LUR,2025-03-14,2025-03-16,3,TSEC,39.72998046875,40.014854431152344,40.05408477783203,40.17878341674805,39.99828338623047
M4_YLUR_SLUR,4,LUR,LUR,2025-03-15,2025-03-15,1,Yd,596.2713012695312,599.7259521484375,599.3457641601562,600.5791625976562,599.841552734375
M4_YLUR_SLUR,4,LUR,LUR,2025-03-15,2025-03-15,1,TSE,600.7939453125,599.7529296875,599.4274291992188,600.6378784179688,599.824951171875
M4_YLUR_SLUR,4,LUR,LUR,2025-03-15,2025-03-15,1,TSEC,39.47135543823242,40.015071868896484,40.003414154052734,39.95756912231445,40.00541305541992
M4_YLUR_SLUR,4,LUR,LUR,2025-03-15,2025-03-16,2,Yd,596.50048828125,599.7259521484375,599.9141235351562,599.4247436523438,599.9044799804688
M4_YLUR_SLUR,4,LUR,LUR,2025-03-15,2025-03-16,2,TSE,594.7330322265625,599.7529296875,599.7750854492188,600.21435546875,599.8859252929688
M4_YLUR_SLUR,4,LUR,LUR,2025-03-15,2025-03-16,2,TSEC,39.72998046875,40.015071868896484,39.98691177368164,40.106327056884766,40.00619125366211
M4_YLUR_SLUR,4,LUR,LUR,2025-03-15,2025-03-17,3,Yd,597.7057495117188,599.7259521484375,598.8263549804688,600.3162841796875,599.9963989257812
M4_YLUR_SLUR,4,LUR,LUR,2025-03-15,2025-03-17,3,TSE,597.4768676757812,599.7529296875,599.5596923828125,600.4999389648438,599.8784790039062
M4_YLUR_SLUR,4,LUR,LUR,2025-03-15,2025-03-17,3,TSEC,39.84757995605469,40.015071868896484,39.99763870239258,40.09189224243164,40.01921463012695
M4_YLUR_SLUR,4,LUR,LUR,2025-03-16,2025-03-16,1,Yd,596.50048828125,599.7216796875,598.9100952148438,598.3917236328125,599.8904418945312
M4_YLUR_SLUR,4,LUR,LUR,2025-03-16,2025-03-16,1,TSE,594.7330322265625,599.7542724609375,599.1597290039062,598.99072265625,599.89599609375
M4_YLUR_SLUR,4,LUR,LUR,2025-03-16,2025-03-16,1,TSEC,39.72998046875,40.01439666748047,39.97353744506836,40.10512161254883,40.01335525512695
M4_YLUR_SLUR,4,LUR,LUR,2025-03-16,2025-03-17,2,Yd,597.7057495117188,599.7216796875,599.518798828125,600.3489379882812,599.9572143554688
M4_YLUR_SLUR,4,LUR,LUR,2025-03-16,2025-03-17,2,TSE,597.4768676757812,599.7542724609375,598.4649047851562,600.2976684570312,599.9102172851562
M4_YLUR_SLUR,4,LUR,LUR,2025-03-16,2025-03-17,2,TSEC,39.84757995605469,40.01439666748047,39.94727325439453,40.05740737915039,40.021236419677734
M4_YLUR_SLUR,4,LUR,LUR,2025-03-16,2025-03-18,3,Yd,605.9249267578125,599.7216796875,598.6498413085938,600.8158569335938,599.9981079101562
M4_YLUR_SLUR,4,LUR,LUR,2025-03-16,2025-03-18,3,TSE,589.2623901367188,599.7542724609375,599.93896484375,600.9080810546875,599.8460693359375
M4_YLUR_SLUR,4,LUR,LUR,2025-03-16,2025-03-18,3,TSEC,39.37924575805664,40.01439666748047,40.05630111694336,39.992610931396484,40.03105545043945
M4_YLUR_SLUR,4,LUR,LUR,2025-03-17,2025-03-17,1,Yd,597.7057495117188,599.7176513671875,598.8187866210938,598.4664306640625,599.851318359375
M4_YLUR_SLUR,4,LUR,LUR,2025-03-17,2025-03-17,1,TSE,597.4768676757812,599.748046875,598.5264282226562,599.307861328125,599.8148803710938
M4_YLUR_SLUR,4,LUR,LUR,2025-03-17,2025-03-17,1,TSEC,39.84757995605469,40.01404571533203,39.93507385253906,40.06601333618164,40.022159576416016
M4_YLUR_SLUR,4,LUR,LUR,2025-03-17,2025-03-18,2,Yd,605.9249267578125,599.7176513671875,598.7568359375,599.3562622070312,599.98681640625
M4_YLUR_SLUR,4,LUR,LUR,2025-03-17,2025-03-18,2,TSE,589.2623901367188,599.748046875,599.8616333007812,600.3217163085938,599.8300170898438
M4_YLUR_SLUR,4,LUR,LUR,2025-03-17,2025-03-18,2,TSEC,39.37924575805664,40.01404571533203,40.00311279296875,40.01638412475586,40.0312614440918
M4_YLUR_SLUR,4,LUR,LUR,2025-03-17,2025-03-19,3,Yd,596.9722900390625,599.7176513671875,599.1829833984375,599.2290649414062,600.0699462890625
M4_YLUR_SLUR,4,LUR,LUR,2025-03-17,2025-03-19,3,TSE,595.4057006835938,599.748046875,599.9527587890625,601.3456420898438,599.8209838867188
M4_YLUR_SLUR,4,LUR,LUR,2025-03-17,2025-03-19,3,TSEC,40.218955993652344,40.01404571533203,39.93015670776367,40.01792526245117,40.02939224243164
M4_YLUR_SLUR,4,LUR,LUR,2025-03-18,2025-03-18,1,Yd,605.9249267578125,599.7151489257812,598.9369506835938,599.5696411132812,599.898681640625
M4_YLUR_SLUR,4,LUR,LUR,2025-03-18,2025-03-18,1,TSE,589.2623901367188,599.7451782226562,600.2051391601562,599.3814697265625,599.757080078125
M4_YLUR_SLUR,4,LUR,LUR,2025-03-18,2025-03-18,1,TSEC,39.37924575805664,40.01383972167969,40.08772277832031,40.05085372924805,40.02410125732422
M4_YLUR_SLUR,4,LUR,LUR,2025-03-18,2025-03-19,2,Yd,596.9722900390625,599.7151489257812,599.590087890625,600.7061157226562,599.9898681640625
M4_YLUR_SLUR,4,LUR,LUR,2025-03-18,2025-03-19,2,TSE,595.4057006835938,599.7451782226562,600.2831420898438,600.9304809570312,599.7261962890625
M4_YLUR_SLUR,4,LUR,LUR,2025-03-18,2025-03-19,2,TSEC,40.218955993652344,40.01383972167969,40.00952911376953,40.11335372924805,40.02311325073242
M4_YLUR_SLUR,4,LUR,LUR,2025-03-18,2025-03-20,3,Yd,599.5325927734375,599.7151489257812,599.315673828125,600.91796875,599.9512329101562
M4_YLUR_SLUR,4,LUR,LUR,2025-03-18,2025-03-20,3,TSE,597.7808837890625,599.7451782226562,599.8378295898438,601.2938232421875,599.743896484375
M4_YLUR_SLUR,4,LUR,LUR,2025-03-18,2025-03-20,3,TSEC,40.41279983520508,40.01383972167969,40.0044059753418,40.07884216308594,40.00876998901367
M4_YLUR_SLUR,4,LUR,LUR,2025-03-19,2025-03-19,1,Yd,596.9722900390625,599.7228393554688,598.2115478515625,600.4159545898438,599.9052734375
M4_YLUR_SLUR,4,LUR,LUR,2025-03-19,2025-03-19,1,TSE,595.4057006835938,599.7322387695312,599.6370849609375,600.1924438476562,599.6956787109375
M4_YLUR_SLUR,4,LUR,LUR,2025-03-19,2025-03-19,1,TSEC,40.218955993652344,40.01305389404297,39.85121536254883,40.11140441894531,40.01859664916992
M4_YLUR_SLUR,4,LUR,LUR,2025-03-19,2025-03-20,2,Yd,599.5325927734375,599.7228393554688,598.976806640625,600.7133178710938,599.9107666015625
M4_YLUR_SLUR,4,LUR,LUR,2025-03-19,2025-03-20,2,TSE,597.7808837890625,599.7322387695312,599.3702392578125,600.8282470703125,599.7039794921875
M4_YLUR_SLUR,4,LUR,LUR,2025-03-19,2025-03-20,2,TSEC,40.41279983520508,40.01305389404297,39.85594940185547,40.079856872558594,40.00839614868164
M4_YLUR_SLUR,4,LUR,LUR,2025-03-19,2025-03-21,3,Yd,604.531982421875,599.7228393554688,599.514404296875,601.7622680664062,599.8123779296875
M4_YLUR_SLUR,4,LUR,LUR,2025-03-19,2025-03-21,3,TSE,605.1484985351562,599.7322387695312,598.9990844726562,601.2760009765625,599.8074951171875
M4_YLUR_SLUR,4,LUR,LUR,2025-03-19,2025-03-21,3,TSEC,39.854164123535156,40.01305389404297,39.9245491027832,40.18098831176758,39.991363525390625
M4_YLUR_SLUR,4,LUR,LUR,2025-03-20,2025-03-20,1,Yd,599.5325927734375,599.719482421875,599.0587158203125,598.3927612304688,599.8096923828125
M4_YLUR_SLUR,4,LUR,LUR,2025-03-20,2025-03-20,1,TSE,597.7808837890625,599.7269287109375,599.09228515625,600.8056030273438,599.7343139648438
M4_YLUR_SLUR,4,LUR,LUR,2025-03-20,2025-03-20,1,TSEC,40.41279983520508,40.0133056640625,39.89295959472656,40.05535888671875,40.007469177246094
M4_YLUR_SLUR,4,LUR,LUR,2025-03-20,2025-03-21,2,Yd,604.531982421875,599.719482421875,599.1204833984375,598.4735717773438,599.72900390625
M4_YLUR_SLUR,4,LUR,LUR,2025-03-20,2025-03-21,2,TSE,605.1484985351562,599.7269287109375,599.15869140625,599.841064453125,599.759765625
M4_YLUR_SLUR,4,LUR,LUR,2025-03-20,2025-03-21,2,TSEC,39.854164123535156,40.0133056640625,39.97629928588867,40.122047424316406,39.99173355102539
M4_YLUR_SLUR,4,LUR,LUR,2025-03-20,2025-03-22,3,Yd,595.9614868164062,599.719482421875,598.68212890625,598.9337158203125,599.740966796875
M4_YLUR_SLUR,4,LUR,LUR,2025-03-20,2025-03-22,3,TSE,598.9693603515625,599.7269287109375,599.1179809570312,600.6591186523438,599.8067626953125
M4_YLUR_SLUR,4,LUR,LUR,2025-03-20,2025-03-22,3,TSEC,40.03911590576172,40.0133056640625,39.92460250854492,40.12539291381836,39.98744583129883
M4_YLUR_SLUR,4,LUR,LUR,2025-03-21,2025-03-21,1,Yd,604.531982421875,599.71923828125,599.087890625,597.8408203125,599.7703247070312
M4_YLUR_SLUR,4,LUR,LUR,2025-03-21,2025-03-21,1,TSE,605.1484985351562,599.7244873046875,599.5940551757812,597.9999389648438,599.7791137695312
M4_YLUR_SLUR,4,LUR,LUR,2025-03-21,2025-03-21,1,TSEC,39.854164123535156,40.01380157470703,40.00373458862305,40.076995849609375,40.001678466796875
M4_YLUR_SLUR,4,LUR,LUR,2025-03-21,2025-03-22,2,Yd,595.9614868164062,599.71923828125,598.642578125,597.6832885742188,599.7802124023438
M4_YLUR_SLUR,4,LUR,LUR,2025-03-21,2025-03-22,2,TSE,598.9693603515625,599.7244873046875,599.9500732421875,598.5718383789062,599.7752685546875
M4_YLUR_SLUR,4,LUR,LUR,2025-03-21,2025-03-22,2,TSEC,40.03911590576172,40.01380157470703,39.987613677978516,40.0062141418457,39.994937896728516
M4_YLUR_SLUR,4,LUR,LUR,2025-03-21,2025-03-23,3,Yd,600.9183349609375,599.71923828125,598.9024658203125,600.0716552734375,599.8101806640625
M4_YLUR_SLUR,4,LUR,LUR,2025-03-21,2025-03-23,3,TSE,603.412109375,599.7244873046875,598.8946533203125,599.9970092773438,599.8278198242188
M4_YLUR_SLUR,4,LUR,LUR,2025-03-21,2025-03-23,3,TSEC,40.09785461425781,40.01380157470703,39.9898796081543,40.071102142333984,39.99739074707031
M4_YLUR_SLUR,4,LUR,LUR,2025-03-22,2025-03-22,1,Yd,595.9614868164062,599.7251586914062,598.411376953125,598.9754638671875,599.8203735351562
M4_YLUR_SLUR,4,LUR,LUR,2025-03-22,2025-03-22,1,TSE,598.9693603515625,599.731201171875,599.0862426757812,599.5780639648438,599.8419189453125
M4_YLUR_SLUR,4,LUR,LUR,2025-03-22,2025-03-22,1,TSEC,40.03911590576172,40.01360321044922,39.97753143310547,40.05997085571289,40.005615234375
M4_YLUR_SLUR,4,LUR,LUR,2025-03-22,2025-03-23,2,Yd,600.9183349609375,599.7251586914062,598.8689575195312,600.4716186523438,599.8767700195312
M4_YLUR_SLUR,4,LUR,LUR,2025-03-22,2025-03-23,2,TSE,603.412109375,599.731201171875,599.9878540039062,601.2833862304688,599.9268188476562
M4_YLUR_SLUR,4,LUR,LUR,2025-03-22,2025-03-23,2,TSEC,40.09785461425781,40.01360321044922,39.92274856567383,40.06163024902344,40.0059700012207
M4_YLUR_SLUR,4,LUR,LUR,2025-03-22,2025-03-24,3,Yd,597.1709594726562,599.7251586914062,599.0609741210938,600.8316650390625,599.88818359375
M4_YLUR_SLUR,4,LUR,LUR,2025-03-22,2025-03-24,3,TSE,604.0343017578125,599.731201171875,599.1466064453125,600.545654296875,599.9305419921875
M4_YLUR_SLUR,4,LUR,LUR,2025-03-22,2025-03-24,3,TSEC,39.6253547668457,40.01360321044922,39.95539093017578,40.049278259277344,40.014976501464844
M4_YLUR_SLUR,4,LUR,LUR,2025-03-23,2025-03-23,1,Yd,600.9183349609375,599.7205200195312,599.8374633789062,600.487548828125,599.825439453125
M4_YLUR_SLUR,4,LUR,LUR,2025-03-23,2025-03-23,1,TSE,603.412109375,599.730224609375,599.6253662109375,600.726318359375,599.902587890625
M4_YLUR_SLUR,4,LUR,LUR,2025-03-23,2025-03-23,1,TSEC,40.09785461425781,40.01363754272461,39.99068832397461,39.96608352661133,40.012325286865234
M4_YLUR_SLUR,4,LUR,LUR,2025-03-23,2025-03-24,2,Yd,597.1709594726562,599.7205200195312,599.00732421875,599.9380493164062,599.82763671875
M4_YLUR_SLUR,4,LUR,LUR,2025-03-23,2025-03-24,2,TSE,604.0343017578125,599.730224609375,599.2159423828125,600.28125,599.91796875
M4_YLUR_SLUR,4,LUR,LUR,2025-03-23,2025-03-24,2,TSEC,39.6253547668457,40.01363754272461,39.97406005859375,40.01667404174805,40.018516540527344
M4_YLUR_SLUR,4,LUR,LUR,2025-03-23,2025-03-25,3,Yd,606.4103393554688,599.7205200195312,600.0966796875,600.3317260742188,599.8603515625
M4_YLUR_SLUR,4,LUR,LUR,2025-03-23,2025-03-25,3,TSE,604.0677490234375,599.730224609375,599.489013671875,600.62548828125,599.8524780273438
M4_YLUR_SLUR,4,LUR,LUR,2025-03-23,2025-03-25,3,TSEC,39.28261947631836,40.01363754272461,40.019622802734375,39.974700927734375,40.027320861816406
M4_YLUR_SLUR,4,LUR,LUR,2025-03-24,2025-03-24,1,Yd,597.1709594726562,599.7220458984375,599.0826416015625,599.3187866210938,599.7681884765625
M4_YLUR_SLUR,4,LUR,LUR,2025-03-24,2025-03-24,1,TSE,604.0343017578125,599.7348022460938,598.5487060546875,599.6941528320312,599.8234252929688
M4_YLUR_SLUR,4,LUR,LUR,2025-03-24,2025-03-24,1,TSEC,39.6253547668457,40.01374053955078,39.99854278564453,40.06560134887695,40.01848602294922
M4_YLUR_SLUR,4,LUR,LUR,2025-03-24,2025-03-25,2,Yd,606.4103393554688,599.7220458984375,597.9652709960938,600.4817504882812,599.8270263671875
M4_YLUR_SLUR,4,LUR,LUR,2025-03-24,2025-03-25,2,TSE,604.0677490234375,599.7348022460938,600.1920166015625,600.7666015625,599.8151245117188
M4_YLUR_SLUR,4,LUR,LUR,2025-03-24,2025-03-25,2,TSEC,39.28261947631836,40.01374053955078,40.06990432739258,40.023250579833984,40.02406692504883
M4_YLUR_SLUR,4,LUR,LUR,2025-03-24,2025-03-26,3,Yd,589.098388671875,599.7220458984375,600.287841796875,600.8721923828125,599.8741455078125
M4_YLUR_SLUR,4,LUR,LUR,2025-03-24,2025-03-26,3,TSE,602.6151123046875,599.7348022460938,599.993896484375,600.8961181640625,599.77880859375
M4_YLUR_SLUR,4,LUR,LUR,2025-03-24,2025-03-26,3,TSEC,40.16469192504883,40.01374053955078,39.97987365722656,39.98226547241211,40.02061080932617
M4_YLUR_SLUR,4,LUR,LUR,2025-03-25,2025-03-25,1,Yd,606.4103393554688,599.7188720703125,598.9583740234375,599.36181640625,599.8434448242188
M4_YLUR_SLUR,4,LUR,LUR,2025-03-25,2025-03-25,1,TSE,604.0677490234375,599.7400512695312,600.1023559570312,600.1029663085938,599.7747192382812
M4_YLUR_SLUR,4,LUR,LUR,2025-03-25,2025-03-25,1,TSEC,39.28261947631836,40.01325988769531,40.034568786621094,40.00468063354492,40.019142150878906
M4_YLUR_SLUR,4,LUR,LUR,2025-03-25,2025-03-26,2,Yd,589.098388671875,599.7188720703125,598.9219970703125,599.9759521484375,599.89306640625
M4_YLUR_SLUR,4,LUR,LUR,2025-03-25,2025-03-26,2,TSE,602.6151123046875,599.7400512695312,599.3025512695312,600.69677734375,599.756591796875
M4_YLUR_SLUR,4,LUR,LUR,2025-03-25,2025-03-26,2,TSEC,40.16469192504883,40.01325988769531,39.94541549682617,39.98933029174805,40.014713287353516
M4_YLUR_SLUR,4,LUR,LUR,2025-03-25,2025-03-27,3,Yd,600.7826538085938,599.7188720703125,598.9452514648438,599.961181640625,599.8268432617188
M4_YLUR_SLUR,4,LUR,LUR,2025-03-25,2025-03-27,3,TSE,604.7305297851562,599.7400512695312,599.4595336914062,600.2568969726562,599.7899780273438
M4_YLUR_SLUR,4,LUR,LUR,2025-03-25,2025-03-27,3,TSEC,39.85170364379883,40.01325988769531,39.94636535644531,40.01743698120117,39.99757385253906
M4_YLUR_SLUR,4,LUR,LUR,2025-03-26,2025-03-26,1,Yd,589.098388671875,599.72705078125,599.705078125,599.2345581054688,599.8687744140625
M4_YLUR_SLUR,4,LUR,LUR,2025-03-26,2025-03-26,1,TSE,602.6151123046875,599.7454223632812,599.79052734375,599.2779541015625,599.7476196289062
M4_YLUR_SLUR,4,LUR,LUR,2025-03-26,2025-03-26,1,TSEC,40.16469192504883,40.01236343383789,39.83879852294922,40.054378509521484,40.011932373046875
M4_YLUR_SLUR,4,LUR,LUR,2025-03-26,2025-03-27,2,Yd,600.7826538085938,599.72705078125,599.1527709960938,601.3434448242188,599.8421020507812
M4_YLUR_SLUR,4,LUR,LUR,2025-03-26,2025-03-27,2,TSE,604.7305297851562,599.7454223632812,599.3681030273438,601.0798950195312,599.7469482421875
M4_YLUR_SLUR,4,LUR,LUR,2025-03-26,2025-03-27,2,TSEC,39.85170364379883,40.01236343383789,39.82006072998047,40.07540512084961,39.996826171875
M4_YLUR_SLUR,4,LUR,LUR,2025-03-26,2025-03-28,3,Yd,597.1458129882812,599.72705078125,599.2199096679688,601.1181640625,599.815673828125
M4_YLUR_SLUR,4,LUR,LUR,2025-03-26,2025-03-28,3,TSE,598.0092163085938,599.7454223632812,599.6756591796875,600.705078125,599.743896484375
M4_YLUR_SLUR,4,LUR,LUR,2025-03-26,2025-03-28,3,TSEC,39.574440002441406,40.01236343383789,39.912540435791016,40.11928939819336,39.98456954956055
M4_YLUR_SLUR,4,LUR,LUR,2025-03-27,2025-03-27,1,Yd,600.7826538085938,599.7140502929688,598.5218505859375,598.1392211914062,599.7886962890625
M4_YLUR_SLUR,4,LUR,LUR,2025-03-27,2025-03-27,1,TSE,604.7305297851562,599.7489013671875,599.8357543945312,599.3458251953125,599.7802734375
M4_YLUR_SLUR,4,LUR,LUR,2025-03-27,2025-03-27,1,TSEC,39.85170364379883,40.012550354003906,39.92290496826172,40.01138687133789,40.00126266479492
M4_YLUR_SLUR,4,LUR,LUR,2025-03-27,2025-03-28,2,Yd,597.1458129882812,599.7140502929688,599.74951171875,599.467041015625,599.7435302734375
M4_YLUR_SLUR,4,LUR,LUR,2025-03-27,2025-03-28,2,TSE,598.0092163085938,599.7489013671875,599.7467651367188,600.4432983398438,599.77880859375
M4_YLUR_SLUR,4,LUR,LUR,2025-03-27,2025-03-28,2,TSEC,39.574440002441406,40.012550354003906,39.99428939819336,39.97892379760742,39.98680877685547
M4_YLUR_SLUR,4,LUR,LUR,2025-03-27,2025-03-29,3,Yd,605.3638305664062,599.7140502929688,597.149658203125,599.4439697265625,599.676025390625
M4_YLUR_SLUR,4,LUR,LUR,2025-03-27,2025-03-29,3,TSE,604.6965942382812,599.7489013671875,600.6873779296875,600.39404296875,599.806640625
M4_YLUR_SLUR,4,LUR,LUR,2025-03-27,2025-03-29,3,TSEC,39.71751403808594,40.012550354003906,39.95551300048828,40.00288009643555,39.97901916503906
M4_YLUR_SLUR,4,LUR,LUR,2025-03-28,2025-03-28,1,Yd,597.1458129882812,599.71533203125,600.1475830078125,598.4495239257812,599.7620239257812
M4_YLUR_SLUR,4,LUR,LUR,2025-03-28,2025-03-28,1,TSE,598.0092163085938,599.7549438476562,599.483642578125,598.6162719726562,599.8109741210938
M4_YLUR_SLUR,4,LUR,LUR,2025-03-28,2025-03-28,1,TSEC,39.574440002441406,40.01235580444336,39.982337951660156,40.05903625488281,39.99906921386719
M4_YLUR_SLUR,4,LUR,LUR,2025-03-28,2025-03-29,2,Yd,605.3638305664062,599.71533203125,597.7064819335938,599.321533203125,599.7272338867188
M4_YLUR_SLUR,4,LUR,LUR,2025-03-28,2025-03-29,2,TSE,604.6965942382812,599.7549438476562,599.2240600585938,599.3305053710938,599.8569946289062
M4_YLUR_SLUR,4,LUR,LUR,2025-03-28,2025-03-29,2,TSEC,39.71751403808594,40.01235580444336,39.94540023803711,39.94514083862305,39.99053955078125
M4_YLUR_SLUR,4,LUR,LUR,2025-03-28,2025-03-30,3,Yd,593.9832763671875,599.71533203125,599.588623046875,600.7239990234375,599.7669067382812
M4_YLUR_SLUR,4,LUR,LUR,2025-03-28,2025-03-30,3,TSE,602.4925537109375,599.7549438476562,599.3997192382812,599.6971435546875,599.9395141601562
M4_YLUR_SLUR,4,LUR,LUR,2025-03-28,2025-03-30,3,TSEC,39.96426773071289,40.01235580444336,39.90427780151367,40.05361557006836,39.991729736328125
M4_YLUR_SLUR,4,LUR,LUR,2025-03-29,2025-03-29,1,Yd,605.3638305664062,599.7122192382812,597.220458984375,599.075439453125,599.7689208984375
M4_YLUR_SLUR,4,LUR,LUR,2025-03-29,2025-03-29,1,TSE,604.6965942382812,599.7528076171875,600.7896118164062,598.842041015625,599.8616943359375
M4_YLUR_SLUR,4,LUR,LUR,2025-03-29,2025-03-29,1,TSEC,39.71751403808594,40.011817932128906,39.85560607910156,39.93692398071289,40.00192642211914
M4_YLUR_SLUR,4,LUR,LUR,2025-03-29,2025-03-30,2,Yd,593.9832763671875,599.7122192382812,599.4550170898438,600.1808471679688,599.8042602539062
M4_YLUR_SLUR,4,LUR,LUR,2025-03-29,2025-03-30,2,TSE,602.4925537109375,599.7528076171875,599.5899658203125,600.81103515625,599.9393920898438
M4_YLUR_SLUR,4,LUR,LUR,2025-03-29,2025-03-30,2,TSEC,39.96426773071289,40.011817932128906,39.82745361328125,40.01795959472656,40.001495361328125
M4_YLUR_SLUR,4,LUR,LUR,2025-03-29,2025-03-31,3,Yd,599.0592651367188,599.7122192382812,598.3035278320312,600.4589233398438,599.8298950195312
M4_YLUR_SLUR,4,LUR,LUR,2025-03-29,2025-03-31,3,TSE,599.4007568359375,599.7528076171875,598.9309692382812,600.831298828125,599.9783935546875
M4_YLUR_SLUR,4,LUR,LUR,2025-03-29,2025-03-31,3,TSEC,39.93525314331055,40.011817932128906,39.847618103027344,40.027442932128906,40.009220123291016
M4_YLUR_SLUR,4,LUR,LUR,2025-03-30,2025-03-30,1,Yd,593.9832763671875,599.7191162109375,598.637451171875,599.1832885742188,599.809326171875
M4_YLUR_SLUR,4,LUR,LUR,2025-03-30,2025-03-30,1,TSE,602.4925537109375,599.7589111328125,600.0181884765625,599.4772338867188,599.86328125
M4_YLUR_SLUR,4,LUR,LUR,2025-03-30,2025-03-30,1,TSEC,39.96426773071289,40.01145935058594,39.87809371948242,40.05984878540039,40.010562896728516
M4_YLUR_SLUR,4,LUR,LUR,2025-03-30,2025-03-31,2,Yd,599.0592651367188,599.7191162109375,599.1581420898438,599.9600830078125,599.8319091796875
M4_YLUR_SLUR,4,LUR,LUR,2025-03-30,2025-03-31,2,TSE,599.4007568359375,599.7589111328125,600.2568969726562,600.5596313476562,599.9115600585938
M4_YLUR_SLUR,4,LUR,LUR,2025-03-30,2025-03-31,2,TSEC,39.93525314331055,40.01145935058594,39.90082931518555,40.010555267333984,40.01710510253906
M4_YLUR_SLUR,4,LUR,LUR,2025-03-30,2025-04-01,3,Yd,604.175537109375,599.7191162109375,598.48486328125,600.9058227539062,599.9586181640625
M4_YLUR_SLUR,4,LUR,LUR,2025-03-30,2025-04-01,3,TSE,608.549072265625,599.7589111328125,599.5256958007812,601.19140625,599.9259643554688
M4_YLUR_SLUR,4,LUR,LUR,2025-03-30,2025-04-01,3,TSEC,40.079280853271484,40.01145935058594,39.969635009765625,40.02037811279297,40.024375915527344
