case_id,M,yd_level,solar_level,origin_date,target_date,step,variable,true,MEAN,ARIMA,RNN,LSTM
M7_YLUR_SLUR,7,LUR,LUR,2024-12-31,2024-12-31,1,Yd,1043.882080078125,1049.939697265625,1050.321533203125,1051.7489013671875,1049.9078369140625
M7_YLUR_SLUR,7,LUR,LUR,2024-12-31,2024-12-31,1,TSE,1057.1143798828125,1050.0931396484375,1051.57861328125,1051.3040771484375,1049.6474609375
M7_YLUR_SLUR,7,LUR,LUR,2024-12-31,2024-12-31,1,TSEC,69.29051971435547,70.0079345703125,69.88963317871094,70.03028106689453,70.04093170166016
M7_YLUR_SLUR,7,LUR,LUR,2024-12-31,2025-01-01,2,Yd,1057.686279296875,1049.939697265625,1049.20263671875,1049.2906494140625,1049.9599609375
M7_YLUR_SLUR,7,LUR,LUR,2024-12-31,2025-01-01,2,TSE,1044.38134765625,1050.0931396484375,1049.183349609375,1052.43505859375,1049.695556640625
M7_YLUR_SLUR,7,LUR,LUR,2024-12-31,2025-01-01,2,TSEC,69.5167236328125,70.0079345703125,69.97589874267578,69.8602523803711,70.05294036865234
M7_YLUR_SLUR,7,LUR,LUR,2024-12-31,2025-01-02,3,Yd,1031.195556640625,1049.939697265625,1049.931396484375,1046.274658203125,1049.9588623046875
M7_YLUR_SLUR,7,LUR,LUR,2024-12-31,2025-01-02,3,TSE,1060.3624267578125,1050.0931396484375,1051.724365234375,1054.0208740234375,1049.843994140625
M7_YLUR_SLUR,7,LUR,LUR,2024-12-31,2025-01-02,3,TSEC,69.68203735351562,70.0079345703125,69.90254974365234,69.75318908691406,70.0527114868164
M7_YLUR_SLUR,7,LUR,LUR,2025-01-01,2025-01-01,1,Yd,1057.686279296875,1049.931396484375,1049.9395751953125,1049.4918212890625,1049.8621826171875
M7_YLUR_SLUR,7,LUR,LUR,2025-01-01,2025-01-01,1,TSE,1044.38134765625,1050.1026611328125,1049.7806396484375,1049.108154296875,1049.9051513671875
M7_YLUR_SLUR,7,LUR,LUR,2025-01-01,2025-01-01,1,TSEC,69.5167236328125,70.0069580078125,69.95049285888672,70.07118225097656,70.02532196044922
M7_YLUR_SLUR,7,LUR,LUR,2025-01-01,2025-01-02,2,Yd,1031.195556640625,1049.931396484375,1049.268310546875,1048.171875,1049.7635498046875
M7_YLUR_SLUR,7,LUR,LUR,2025-01-01,2025-01-02,2,TSE,1060.3624267578125,1050.1026611328125,1049.9407958984375,1049.83154296875,1049.8939208984375
M7_YLUR_SLUR,7,LUR,LUR,2025-01-01,2025-01-02,2,TSEC,69.68203735351562,70.0069580078125,70.00931549072266,69.93204498291016,70.03700256347656
M7_YLUR_SLUR,7,LUR,LUR,2025-01-01,2025-01-03,3,Yd,1059.6051025390625,1049.931396484375,1049.6622314453125,1047.9996337890625,1049.7933349609375
M7_YLUR_SLUR,7,LUR,LUR,2025-01-01,2025-01-03,3,TSE,1052.69677734375,1050.1026611328125,1050.07373046875,1049.5374755859375,1049.7344970703125
M7_YLUR_SLUR,7,LUR,LUR,2025-01-01,2025-01-03,3,TSEC,70.26728820800781,70.0069580078125,69.99884033203125,70.01482391357422,70.04925537109375
M7_YLUR_SLUR,7,LUR,LUR,2025-01-02,2025-01-02,1,Yd,1031.195556640625,1049.942138671875,1050.73876953125,1047.0166015625,1049.8924560546875
M7_YLUR_SLUR,7,LUR,LUR,2025-01-02,2025-01-02,1,TSE,1060.3624267578125,1050.094970703125,1050.600830078125,1048.9510498046875,1049.918701171875
M7_YLUR_SLUR,7,LUR,LUR,2025-01-02,2025-01-02,1,TSEC,69.68203735351562,70.00628662109375,70.02860260009766,69.89200592041016,70.02172088623047
M7_YLUR_SLUR,7,LUR,LUR,2025-01-02,2025-01-03,2,Yd,1059.6051025390625,1049.942138671875,1049.5849609375,1047.28662109375,1049.9449462890625
M7_YLUR_SLUR,7,LUR,LUR,2025-01-02,2025-01-03,2,TSE,1052.69677734375,1050.094970703125,1053.0819091796875,1049.22216796875,1049.7139892578125
M7_YLUR_SLUR,7,LUR,LUR,2025-01-02,2025-01-03,2,TSEC,70.26728820800781,70.00628662109375,69.99156951904297,70.03498840332031,70.03751373291016
M7_YLUR_SLUR,7,LUR,LUR,2025-01-02,2025-01-04,3,Yd,1066.2261962890625,1049.942138671875,1049.9620361328125,1047.236572265625,1050.0826416015625
M7_YLUR_SLUR,7,LUR,LUR,2025-01-02,2025-01-04,3,TSE,1054.7928466796875,1050.094970703125,1049.947509765625,1048.537109375,1049.42431640625
M7_YLUR_SLUR,7,LUR,LUR,2025-01-02,2025-01-04,3,TSEC,68.95649719238281,70.00628662109375,69.88080596923828,70.0582275390625,70.05651092529297
M7_YLUR_SLUR,7,LUR,LUR,2025-01-03,2025-01-03,1,Yd,1059.6051025390625,1049.9163818359375,1048.884765625,1049.701416015625,1050.0340576171875
M7_YLUR_SLUR,7,LUR,LUR,2025-01-03,2025-01-03,1,TSE,1052.69677734375,1050.10888671875,1050.0230712890625,1050.9581298828125,1049.77734375
M7_YLUR_SLUR,7,LUR,LUR,2025-01-03,2025-01-03,1,TSEC,70.26728820800781,70.00584411621094,70.00635528564453,69.75548553466797,70.02339935302734
M7_YLUR_SLUR,7,LUR,LUR,2025-01-03,2025-01-04,2,Yd,1066.2261962890625,1049.9163818359375,1051.4779052734375,1048.1092529296875,1050.2098388671875
M7_YLUR_SLUR,7,LUR,LUR,2025-01-03,2025-01-04,2,TSE,1054.7928466796875,1050.10888671875,1049.998046875,1051.7633056640625,1049.4833984375
M7_YLUR_SLUR,7,LUR,LUR,2025-01-03,2025-01-04,2,TSEC,68.95649719238281,70.00584411621094,69.87527465820312,69.86725616455078,70.04344940185547
M7_YLUR_SLUR,7,LUR,LUR,2025-01-03,2025-01-05,3,Yd,1051.432373046875,1049.9163818359375,1049.3465576171875,1046.43359375,1050.4776611328125
M7_YLUR_SLUR,7,LUR,LUR,2025-01-03,2025-01-05,3,TSE,1054.793212890625,1050.10888671875,1049.8905029296875,1048.38427734375,1049.1995849609375
M7_YLUR_SLUR,7,LUR,LUR,2025-01-03,2025-01-05,3,TSEC,69.52110290527344,70.00584411621094,70.03993225097656,70.2769546508789,70.05828094482422
M7_YLUR_SLUR,7,LUR,LUR,2025-01-04,2025-01-04,1,Yd,1066.2261962890625,1049.9296875,1050.97998046875,1049.3741455078125,1050.12646484375
M7_YLUR_SLUR,7,LUR,LUR,2025-01-04,2025-01-04,1,TSE,1054.7928466796875,1050.1124267578125,1048.7711181640625,1050.939453125,1049.669677734375
M7_YLUR_SLUR,7,LUR,LUR,2025-01-04,2025-01-04,1,TSEC,68.95649719238281,70.00619506835938,69.88827514648438,69.85089874267578,70.0330581665039
M7_YLUR_SLUR,7,LUR,LUR,2025-01-04,2025-01-05,2,Yd,1051.432373046875,1049.9296875,1049.227294921875,1050.8125,1050.2806396484375
M7_YLUR_SLUR,7,LUR,LUR,2025-01-04,2025-01-05,2,TSE,1054.793212890625,1050.1124267578125,1051.3895263671875,1051.290771484375,1049.2972412109375
M7_YLUR_SLUR,7,LUR,LUR,2025-01-04,2025-01-05,2,TSEC,69.52110290527344,70.00619506835938,69.98654174804688,70.18212890625,70.06342315673828
M7_YLUR_SLUR,7,LUR,LUR,2025-01-04,2025-01-06,3,Yd,1035.0472412109375,1049.9296875,1050.626953125,1050.7314453125,1050.19580078125
M7_YLUR_SLUR,7,LUR,LUR,2025-01-04,2025-01-06,3,TSE,1061.7891845703125,1050.1124267578125,1048.077392578125,1048.4403076171875,1049.031494140625
M7_YLUR_SLUR,7,LUR,LUR,2025-01-04,2025-01-06,3,TSEC,69.18585205078125,70.00619506835938,69.99588012695312,70.24851989746094,70.09298706054688
M7_YLUR_SLUR,7,LUR,LUR,2025-01-05,2025-01-05,1,Yd,1051.432373046875,1049.951904296875,1048.917724609375,1052.6412353515625,1049.9608154296875
M7_YLUR_SLUR,7,LUR,LUR,2025-01-05,2025-01-05,1,TSE,1054.793212890625,1050.1187744140625,1048.7783203125,1051.1204833984375,1049.5009765625
M7_YLUR_SLUR,7,LUR,LUR,2025-01-05,2025-01-05,1,TSEC,69.52110290527344,70.00477600097656,70.08318328857422,69.96981048583984,70.0555419921875
M7_YLUR_SLUR,7,LUR,LUR,2025-01-05,2025-01-06,2,Yd,1035.0472412109375,1049.951904296875,1050.1865234375,1054.9356689453125,1049.95068359375
M7_YLUR_SLUR,7,LUR,LUR,2025-01-05,2025-01-06,2,TSE,1061.7891845703125,1050.1187744140625,1049.231689453125,1052.7142333984375,1049.103271484375
M7_YLUR_SLUR,7,LUR,LUR,2025-01-05,2025-01-06,2,TSEC,69.18585205078125,70.00477600097656,70.00434875488281,70.00930786132812,70.08975219726562
M7_YLUR_SLUR,7,LUR,LUR,2025-01-05,2025-01-07,3,Yd,1051.402587890625,1049.951904296875,1048.6343994140625,1051.4044189453125,1049.9964599609375
M7_YLUR_SLUR,7,LUR,LUR,2025-01-05,2025-01-07,3,TSE,1070.095947265625,1050.1187744140625,1049.9075927734375,1051.5321044921875,1048.9136962890625
M7_YLUR_SLUR,7,LUR,LUR,2025-01-05,2025-01-07,3,TSEC,69.60704040527344,70.00477600097656,70.03561401367188,69.90937805175781,70.10525512695312
M7_YLUR_SLUR,7,LUR,LUR,2025-01-06,2025-01-06,1,Yd,1035.0472412109375,1049.953857421875,1051.741943359375,1051.3516845703125,1049.910400390625
M7_YLUR_SLUR,7,LUR,LUR,2025-01-06,2025-01-06,1,TSE,1061.7891845703125,1050.1251220703125,1051.0230712890625,1049.18505859375,1049.47265625
M7_YLUR_SLUR,7,LUR,LUR,2025-01-06,2025-01-06,1,TSEC,69.18585205078125,70.00411987304688,70.02845001220703,70.10968017578125,70.05352783203125
M7_YLUR_SLUR,7,LUR,LUR,2025-01-06,2025-01-07,2,Yd,1051.402587890625,1049.953857421875,1049.0399169921875,1046.968994140625,1049.9259033203125
M7_YLUR_SLUR,7,LUR,LUR,2025-01-06,2025-01-07,2,TSE,1070.095947265625,1050.1251220703125,1051.768310546875,1051.38330078125,1049.21435546875
M7_YLUR_SLUR,7,LUR,LUR,2025-01-06,2025-01-07,2,TSEC,69.60704040527344,70.00411987304688,70.02522277832031,69.78675842285156,70.0802230834961
M7_YLUR_SLUR,7,LUR,LUR,2025-01-06,2025-01-08,3,Yd,1056.1719970703125,1049.953857421875,1051.525390625,1047.184814453125,1050.06591796875
M7_YLUR_SLUR,7,LUR,LUR,2025-01-06,2025-01-08,3,TSE,1030.9312744140625,1050.1251220703125,1051.0040283203125,1052.7938232421875,1049.259521484375
M7_YLUR_SLUR,7,LUR,LUR,2025-01-06,2025-01-08,3,TSEC,69.87486267089844,70.00411987304688,69.88327026367188,69.82584381103516,70.08116149902344
M7_YLUR_SLUR,7,LUR,LUR,2025-01-07,2025-01-07,1,Yd,1051.402587890625,1049.9337158203125,1048.5633544921875,1050.6287841796875,1049.900146484375
M7_YLUR_SLUR,7,LUR,LUR,2025-01-07,2025-01-07,1,TSE,1070.095947265625,1050.1409912109375,1050.1771240234375,1048.8472900390625,1049.6478271484375
M7_YLUR_SLUR,7,LUR,LUR,2025-01-07,2025-01-07,1,TSEC,69.60704040527344,70.00300598144531,70.05907440185547,69.99907684326172,70.03872680664062
M7_YLUR_SLUR,7,LUR,LUR,2025-01-07,2025-01-08,2,Yd,1056.1719970703125,1049.9337158203125,1050.5130615234375,1049.259521484375,1049.8931884765625
M7_YLUR_SLUR,7,LUR,LUR,2025-01-07,2025-01-08,2,TSE,1030.9312744140625,1050.1409912109375,1049.9415283203125,1049.35595703125,1049.6727294921875
M7_YLUR_SLUR,7,LUR,LUR,2025-01-07,2025-01-08,2,TSEC,69.87486267089844,70.00300598144531,69.8660888671875,69.80599212646484,70.04725646972656
M7_YLUR_SLUR,7,LUR,LUR,2025-01-07,2025-01-09,3,Yd,1053.1778564453125,1049.9337158203125,1048.7354736328125,1047.2056884765625,1049.749755859375
M7_YLUR_SLUR,7,LUR,LUR,2025-01-07,2025-01-09,3,TSE,1059.69921875,1050.1409912109375,1050.2069091796875,1049.37890625,1049.77099609375
M7_YLUR_SLUR,7,LUR,LUR,2025-01-07,2025-01-09,3,TSEC,70.41366577148438,70.00300598144531,70.0946044921875,70.01138305664062,70.05532836914062
M7_YLUR_SLUR,7,LUR,LUR,2025-01-08,2025-01-08,1,Yd,1056.1719970703125,1049.9356689453125,1051.647705078125,1048.259521484375,1049.8709716796875
M7_YLUR_SLUR,7,LUR,LUR,2025-01-08,2025-01-08,1,TSE,1030.9312744140625,1050.16796875,1050.189208984375,1049.5047607421875,1049.80908203125
M7_YLUR_SLUR,7,LUR,LUR,2025-01-08,2025-01-08,1,TSEC,69.87486267089844,70.0024642944336,69.88348388671875,69.96932983398438,70.02894592285156
M7_YLUR_SLUR,7,LUR,LUR,2025-01-08,2025-01-09,2,Yd,1053.1778564453125,1049.9356689453125,1048.4202880859375,1046.306396484375,1049.7576904296875
M7_YLUR_SLUR,7,LUR,LUR,2025-01-08,2025-01-09,2,TSE,1059.69921875,1050.16796875,1050.171142578125,1049.518798828125,1049.778564453125
M7_YLUR_SLUR,7,LUR,LUR,2025-01-08,2025-01-09,2,TSEC,70.41366577148438,70.0024642944336,70.08454132080078,70.19418334960938,70.04106140136719
M7_YLUR_SLUR,7,LUR,LUR,2025-01-08,2025-01-10,3,Yd,1058.5914306640625,1049.9356689453125,1050.5777587890625,1044.569091796875,1049.765869140625
M7_YLUR_SLUR,7,LUR,LUR,2025-01-08,2025-01-10,3,TSE,1049.7469482421875,1050.16796875,1050.51513671875,1049.104248046875,1049.6036376953125
M7_YLUR_SLUR,7,LUR,LUR,2025-01-08,2025-01-10,3,TSEC,69.83483123779297,70.0024642944336,69.94426727294922,70.08961486816406,70.05087280273438
M7_YLUR_SLUR,7,LUR,LUR,2025-01-09,2025-01-09,1,Yd,1053.1778564453125,1049.9439697265625,1049.8516845703125,1049.8665771484375,1049.9100341796875
M7_YLUR_SLUR,7,LUR,LUR,2025-01-09,2025-01-09,1,TSE,1059.69921875,1050.1419677734375,1050.0535888671875,1050.8577880859375,1049.88134765625
M7_YLUR_SLUR,7,LUR,LUR,2025-01-09,2025-01-09,1,TSEC,70.41366577148438,70.0022964477539,70.08502197265625,69.86121368408203,70.02093505859375
M7_YLUR_SLUR,7,LUR,LUR,2025-01-09,2025-01-10,2,Yd,1058.5914306640625,1049.9439697265625,1050.638671875,1047.4537353515625,1049.9765625
M7_YLUR_SLUR,7,LUR,LUR,2025-01-09,2025-01-10,2,TSE,1049.7469482421875,1050.1419677734375,1050.3773193359375,1052.6104736328125,1049.6536865234375
M7_YLUR_SLUR,7,LUR,LUR,2025-01-09,2025-01-10,2,TSEC,69.83483123779297,70.0022964477539,69.94401550292969,70.07029724121094,70.03587341308594
M7_YLUR_SLUR,7,LUR,LUR,2025-01-09,2025-01-11,3,Yd,1061.4737548828125,1049.9439697265625,1048.818359375,1047.531494140625,1050.135498046875
M7_YLUR_SLUR,7,LUR,LUR,2025-01-09,2025-01-11,3,TSE,1051.240234375,1050.1419677734375,1050.02880859375,1049.8165283203125,1049.3846435546875
M7_YLUR_SLUR,7,LUR,LUR,2025-01-09,2025-01-11,3,TSEC,68.69602966308594,70.0022964477539,69.91925048828125,70.04179382324219,70.05330657958984
M7_YLUR_SLUR,7,LUR,LUR,2025-01-10,2025-01-10,1,Yd,1058.5914306640625,1049.948486328125,1050.0474853515625,1049.6533203125,1050.0311279296875
M7_YLUR_SLUR,7,LUR,LUR,2025-01-10,2025-01-10,1,TSE,1049.7469482421875,1050.1549072265625,1050.752197265625,1050.1943359375,1049.7474365234375
M7_YLUR_SLUR,7,LUR,LUR,2025-01-10,2025-01-10,1,TSEC,69.83483123779297,70.00285339355469,69.88972473144531,69.97633361816406,70.02230072021484
M7_YLUR_SLUR,7,LUR,LUR,2025-01-10,2025-01-11,2,Yd,1061.4737548828125,1049.948486328125,1049.4468994140625,1047.968017578125,1050.2265625
M7_YLUR_SLUR,7,LUR,LUR,2025-01-10,2025-01-11,2,TSE,1051.240234375,1050.1549072265625,1050.5421142578125,1050.9390869140625,1049.4375
M7_YLUR_SLUR,7,LUR,LUR,2025-01-10,2025-01-11,2,TSEC,68.69602966308594,70.00285339355469,69.91987609863281,70.09319305419922,70.0393295288086
M7_YLUR_SLUR,7,LUR,LUR,2025-01-10,2025-01-12,3,Yd,1031.7679443359375,1049.948486328125,1050.066162109375,1047.8482666015625,1050.523193359375
M7_YLUR_SLUR,7,LUR,LUR,2025-01-10,2025-01-12,3,TSE,1039.4345703125,1050.1549072265625,1050.5177001953125,1051.1400146484375,1049.1158447265625
M7_YLUR_SLUR,7,LUR,LUR,2025-01-10,2025-01-12,3,TSEC,69.86473846435547,70.00285339355469,69.95433807373047,70.21012115478516,70.05290985107422
M7_YLUR_SLUR,7,LUR,LUR,2025-01-11,2025-01-11,1,Yd,1061.4737548828125,1049.9600830078125,1049.9200439453125,1050.5401611328125,1050.122802734375
M7_YLUR_SLUR,7,LUR,LUR,2025-01-11,2025-01-11,1,TSE,1051.240234375,1050.154296875,1051.2403564453125,1050.416015625,1049.6551513671875
M7_YLUR_SLUR,7,LUR,LUR,2025-01-11,2025-01-11,1,TSEC,68.69602966308594,70.00262451171875,69.9410400390625,69.9367446899414,70.0325927734375
M7_YLUR_SLUR,7,LUR,LUR,2025-01-11,2025-01-12,2,Yd,1031.7679443359375,1049.9600830078125,1050.9971923828125,1051.9571533203125,1050.28271484375
M7_YLUR_SLUR,7,LUR,LUR,2025-01-11,2025-01-12,2,TSE,1039.4345703125,1050.154296875,1049.5047607421875,1052.56494140625,1049.260009765625
M7_YLUR_SLUR,7,LUR,LUR,2025-01-11,2025-01-12,2,TSEC,69.86473846435547,70.00262451171875,69.974853515625,70.10967254638672,70.0630874633789
M7_YLUR_SLUR,7,LUR,LUR,2025-01-11,2025-01-13,3,Yd,1056.7415771484375,1049.9600830078125,1050.880859375,1051.5732421875,1050.19677734375
M7_YLUR_SLUR,7,LUR,LUR,2025-01-11,2025-01-13,3,TSE,1054.17138671875,1050.154296875,1050.418701171875,1049.7330322265625,1048.991455078125
M7_YLUR_SLUR,7,LUR,LUR,2025-01-11,2025-01-13,3,TSEC,70.61676788330078,70.00262451171875,70.00566101074219,70.13800048828125,70.09215545654297
M7_YLUR_SLUR,7,LUR,LUR,2025-01-12,2025-01-12,1,Yd,1031.7679443359375,1049.9755859375,1050.6484375,1053.431884765625,1049.9500732421875
M7_YLUR_SLUR,7,LUR,LUR,2025-01-12,2025-01-12,1,TSE,1039.4345703125,1050.1558837890625,1050.44580078125,1052.2945556640625,1049.49365234375
M7_YLUR_SLUR,7,LUR,LUR,2025-01-12,2025-01-12,1,TSEC,69.86473846435547,70.00086212158203,69.92411041259766,69.93492889404297,70.05670928955078
M7_YLUR_SLUR,7,LUR,LUR,2025-01-12,2025-01-13,2,Yd,1056.7415771484375,1049.9755859375,1049.6927490234375,1052.40771484375,1049.9320068359375
M7_YLUR_SLUR,7,LUR,LUR,2025-01-12,2025-01-13,2,TSE,1054.17138671875,1050.1558837890625,1050.430419921875,1052.537841796875,1049.0914306640625
M7_YLUR_SLUR,7,LUR,LUR,2025-01-12,2025-01-13,2,TSEC,70.61676788330078,70.00086212158203,69.93014526367188,69.98277282714844,70.09162902832031
M7_YLUR_SLUR,7,LUR,LUR,2025-01-12,2025-01-14,3,Yd,1043.147705078125,1049.9755859375,1053.0531005859375,1049.671630859375,1049.99755859375
M7_YLUR_SLUR,7,LUR,LUR,2025-01-12,2025-01-14,3,TSE,1036.483154296875,1050.1558837890625,1050.421875,1050.961181640625,1048.889892578125
M7_YLUR_SLUR,7,LUR,LUR,2025-01-12,2025-01-14,3,TSEC,69.68485260009766,70.00086212158203,69.82852172851562,69.97530364990234,70.10688018798828
M7_YLUR_SLUR,7,LUR,LUR,2025-01-13,2025-01-13,1,Yd,1056.7415771484375,1049.951171875,1048.8529052734375,1050.0523681640625,1049.8941650390625
M7_YLUR_SLUR,7,LUR,LUR,2025-01-13,2025-01-13,1,TSE,1054.17138671875,1050.141357421875,1050.0921630859375,1047.5672607421875,1049.5399169921875
M7_YLUR_SLUR,7,LUR,LUR,2025-01-13,2025-01-13,1,TSEC,70.61676788330078,70.00068664550781,69.90623474121094,70.1440658569336,70.05416870117188
M7_YLUR_SLUR,7,LUR,LUR,2025-01-13,2025-01-14,2,Yd,1043.147705078125,1049.951171875,1050.492431640625,1048.091064453125,1049.954345703125
M7_YLUR_SLUR,7,LUR,LUR,2025-01-13,2025-01-14,2,TSE,1036.483154296875,1050.141357421875,1050.5704345703125,1048.27978515625,1049.3287353515625
M7_YLUR_SLUR,7,LUR,LUR,2025-01-13,2025-01-14,2,TSEC,69.68485260009766,70.00068664550781,69.7997817993164,70.03120422363281,70.07704162597656
M7_YLUR_SLUR,7,LUR,LUR,2025-01-13,2025-01-15,3,Yd,1061.1265869140625,1049.951171875,1049.110595703125,1047.090576171875,1050.0972900390625
M7_YLUR_SLUR,7,LUR,LUR,2025-01-13,2025-01-15,3,TSE,1064.9578857421875,1050.141357421875,1050.2506103515625,1050.3902587890625,1049.4290771484375
M7_YLUR_SLUR,7,LUR,LUR,2025-01-13,2025-01-15,3,TSEC,69.4965591430664,70.00068664550781,69.87513732910156,70.02024841308594,70.08102416992188
M7_YLUR_SLUR,7,LUR,LUR,2025-01-14,2025-01-14,1,Yd,1043.147705078125,1049.960205078125,1051.835205078125,1051.9464111328125,1049.8857421875
M7_YLUR_SLUR,7,LUR,LUR,2025-01-14,2025-01-14,1,TSE,1036.483154296875,1050.1468505859375,1050.1258544921875,1049.6280517578125,1049.7276611328125
M7_YLUR_SLUR,7,LUR,LUR,2025-01-14,2025-01-14,1,TSEC,69.68485260009766,70.00151062011719,69.6796875,69.9791259765625,70.03815460205078
M7_YLUR_SLUR,7,LUR,LUR,2025-01-14,2025-01-15,2,Yd,1061.1265869140625,1049.960205078125,1048.8980712890625,1049.7294921875,1049.89697265625
M7_YLUR_SLUR,7,LUR,LUR,2025-01-14,2025-01-15,2,TSE,1064.9578857421875,1050.1468505859375,1049.8087158203125,1052.6480712890625,1049.790771484375
M7_YLUR_SLUR,7,LUR,LUR,2025-01-14,2025-01-15,2,TSEC,69.4965591430664,70.00151062011719,69.94271087646484,70.0035400390625,70.04509735107422
M7_YLUR_SLUR,7,LUR,LUR,2025-01-14,2025-01-16,3,Yd,1067.884033203125,1049.960205078125,1052.5538330078125,1051.1212158203125,1049.8302001953125
M7_YLUR_SLUR,7,LUR,LUR,2025-01-14,2025-01-16,3,TSE,1047.2960205078125,1050.1468505859375,1050.1036376953125,1052.7374267578125,1049.8135986328125
M7_YLUR_SLUR,7,LUR,LUR,2025-01-14,2025-01-16,3,TSEC,69.41102600097656,70.00151062011719,69.67410278320312,69.89102172851562,70.0440444946289
M7_YLUR_SLUR,7,LUR,LUR,2025-01-15,2025-01-15,1,Yd,1061.1265869140625,1049.9510498046875,1049.86376953125,1049.65966796875,1049.8529052734375
M7_YLUR_SLUR,7,LUR,LUR,2025-01-15,2025-01-15,1,TSE,1064.9578857421875,1050.12841796875,1049.916015625,1051.8751220703125,1049.99560546875
M7_YLUR_SLUR,7,LUR,LUR,2025-01-15,2025-01-15,1,TSEC,69.4965591430664,70.00108337402344,69.94348907470703,69.99647521972656,70.01936340332031
M7_YLUR_SLUR,7,LUR,LUR,2025-01-15,2025-01-16,2,Yd,1067.884033203125,1049.9510498046875,1050.0955810546875,1048.4405517578125,1049.8048095703125
M7_YLUR_SLUR,7,LUR,LUR,2025-01-15,2025-01-16,2,TSE,1047.2960205078125,1050.12841796875,1049.9251708984375,1054.361083984375,1049.9945068359375
M7_YLUR_SLUR,7,LUR,LUR,2025-01-15,2025-01-16,2,TSEC,69.41102600097656,70.00108337402344,69.84657287597656,70.09390258789062,70.0247573852539
M7_YLUR_SLUR,7,LUR,LUR,2025-01-15,2025-01-17,3,Yd,1022.1649169921875,1049.9510498046875,1049.475830078125,1051.6187744140625,1049.8616943359375
M7_YLUR_SLUR,7,LUR,LUR,2025-01-15,2025-01-17,3,TSE,1057.2352294921875,1050.12841796875,1050.4791259765625,1050.0411376953125,1049.8353271484375
M7_YLUR_SLUR,7,LUR,LUR,2025-01-15,2025-01-17,3,TSEC,69.29779052734375,70.00108337402344,69.89313507080078,70.04637145996094,70.03538513183594
M7_YLUR_SLUR,7,LUR,LUR,2025-01-16,2025-01-16,1,Yd,1067.884033203125,1049.966064453125,1052.732666015625,1047.1461181640625,1049.894287109375
M7_YLUR_SLUR,7,LUR,LUR,2025-01-16,2025-01-16,1,TSE,1047.2960205078125,1050.1483154296875,1050.7974853515625,1051.9285888671875,1049.9383544921875
M7_YLUR_SLUR,7,LUR,LUR,2025-01-16,2025-01-16,1,TSEC,69.41102600097656,70.00041198730469,69.8295669555664,70.08061218261719,70.01839447021484
M7_YLUR_SLUR,7,LUR,LUR,2025-01-16,2025-01-17,2,Yd,1022.1649169921875,1049.966064453125,1047.8021240234375,1045.2203369140625,1049.9295654296875
M7_YLUR_SLUR,7,LUR,LUR,2025-01-16,2025-01-17,2,TSE,1057.2352294921875,1050.1483154296875,1051.533935546875,1053.3814697265625,1049.7391357421875
M7_YLUR_SLUR,7,LUR,LUR,2025-01-16,2025-01-17,2,TSEC,69.29779052734375,70.00041198730469,69.88118743896484,70.09796905517578,70.03195190429688
M7_YLUR_SLUR,7,LUR,LUR,2025-01-16,2025-01-18,3,Yd,1023.3388061523438,1049.966064453125,1051.0963134765625,1044.7747802734375,1050.081787109375
M7_YLUR_SLUR,7,LUR,LUR,2025-01-16,2025-01-18,3,TSE,1047.3980712890625,1050.1483154296875,1050.78369140625,1052.3228759765625,1049.4361572265625
M7_YLUR_SLUR,7,LUR,LUR,2025-01-16,2025-01-18,3,TSEC,70.4007568359375,70.00041198730469,69.91201782226562,70.11482238769531,70.04913330078125
M7_YLUR_SLUR,7,LUR,LUR,2025-01-17,2025-01-17,1,Yd,1022.1649169921875,1049.989990234375,1049.567626953125,1049.1859130859375,1049.99267578125
M7_YLUR_SLUR,7,LUR,LUR,2025-01-17,2025-01-17,1,TSE,1057.2352294921875,1050.14453125,1050.666015625,1049.9581298828125,1049.7679443359375
M7_YLUR_SLUR,7,LUR,LUR,2025-01-17,2025-01-17,1,TSEC,69.29779052734375,69.99961853027344,69.997802734375,69.90711975097656,70.0279769897461
M7_YLUR_SLUR,7,LUR,LUR,2025-01-17,2025-01-18,2,Yd,1023.3388061523438,1049.989990234375,1051.7823486328125,1049.7425537109375,1050.1611328125
M7_YLUR_SLUR,7,LUR,LUR,2025-01-17,2025-01-18,2,TSE,1047.3980712890625,1050.14453125,1050.00439453125,1052.2406005859375,1049.4710693359375
M7_YLUR_SLUR,7,LUR,LUR,2025-01-17,2025-01-18,2,TSEC,70.4007568359375,69.99961853027344,69.8387680053711,70.05440521240234,70.04907989501953
M7_YLUR_SLUR,7,LUR,LUR,2025-01-17,2025-01-19,3,Yd,1053.1500244140625,1049.989990234375,1048.6478271484375,1048.765380859375,1050.32861328125
M7_YLUR_SLUR,7,LUR,LUR,2025-01-17,2025-01-19,3,TSE,1065.7149658203125,1050.14453125,1050.826904296875,1050.834228515625,1049.1324462890625
M7_YLUR_SLUR,7,LUR,LUR,2025-01-17,2025-01-19,3,TSEC,70.28701782226562,69.99961853027344,70.02217864990234,69.98530578613281,70.07392120361328
M7_YLUR_SLUR,7,LUR,LUR,2025-01-18,2025-01-18,1,Yd,1023.3388061523438,1049.952880859375,1050.992919921875,1050.57958984375,1050.1214599609375
M7_YLUR_SLUR,7,LUR,LUR,2025-01-18,2025-01-18,1,TSE,1047.3980712890625,1050.154052734375,1050.8179931640625,1049.8245849609375,1049.6937255859375
M7_YLUR_SLUR,7,LUR,LUR,2025-01-18,2025-01-18,1,TSEC,70.4007568359375,69.99868774414062,69.71857452392578,69.79683685302734,70.03278350830078
M7_YLUR_SLUR,7,LUR,LUR,2025-01-18,2025-01-19,2,Yd,1053.1500244140625,1049.952880859375,1050.345703125,1050.2130126953125,1050.3094482421875
M7_YLUR_SLUR,7,LUR,LUR,2025-01-18,2025-01-19,2,TSE,1065.7149658203125,1050.154052734375,1048.728515625,1046.55810546875,1049.37158203125
M7_YLUR_SLUR,7,LUR,LUR,2025-01-18,2025-01-19,2,TSEC,70.28701782226562,69.99868774414062,69.68775177001953,69.85017395019531,70.058349609375
M7_YLUR_SLUR,7,LUR,LUR,2025-01-18,2025-01-20,3,Yd,1044.9998779296875,1049.952880859375,1050.501953125,1047.0006103515625,1050.31396484375
M7_YLUR_SLUR,7,LUR,LUR,2025-01-18,2025-01-20,3,TSE,1066.4676513671875,1050.154052734375,1050.9578857421875,1048.994384765625,1049.085693359375
M7_YLUR_SLUR,7,LUR,LUR,2025-01-18,2025-01-20,3,TSEC,69.66416931152344,69.99868774414062,69.64815521240234,70.07771301269531,70.08709716796875
M7_YLUR_SLUR,7,LUR,LUR,2025-01-19,2025-01-19,1,Yd,1053.1500244140625,1049.9173583984375,1049.5225830078125,1050.7069091796875,1050.1024169921875
M7_YLUR_SLUR,7,LUR,LUR,2025-01-19,2025-01-19,1,TSE,1065.7149658203125,1050.150390625,1050.6531982421875,1046.4813232421875,1049.6649169921875
M7_YLUR_SLUR,7,LUR,LUR,2025-01-19,2025-01-19,1,TSEC,70.28701782226562,69.99921417236328,69.98898315429688,69.8537368774414,70.04125213623047
M7_YLUR_SLUR,7,LUR,LUR,2025-01-19,2025-01-20,2,Yd,1044.9998779296875,1049.9173583984375,1052.2501220703125,1050.738037109375,1050.09375
M7_YLUR_SLUR,7,LUR,LUR,2025-01-19,2025-01-20,2,TSE,1066.4676513671875,1050.150390625,1049.89013671875,1047.546142578125,1049.42431640625
M7_YLUR_SLUR,7,LUR,LUR,2025-01-19,2025-01-20,2,TSEC,69.66416931152344,69.99921417236328,70.03935241699219,70.20209503173828,70.07131958007812
M7_YLUR_SLUR,7,LUR,LUR,2025-01-19,2025-01-21,3,Yd,1062.9129638671875,1049.9173583984375,1048.59375,1050.0174560546875,1050.151611328125
M7_YLUR_SLUR,7,LUR,LUR,2025-01-19,2025-01-21,3,TSE,1074.5322265625,1050.150390625,1050.386962890625,1050.052001953125,1049.2740478515625
M7_YLUR_SLUR,7,LUR,LUR,2025-01-19,2025-01-21,3,TSEC,70.38681030273438,69.99921417236328,69.95255279541016,70.34852600097656,70.08456420898438
M7_YLUR_SLUR,7,LUR,LUR,2025-01-20,2025-01-20,1,Yd,1044.9998779296875,1049.921630859375,1051.0157470703125,1053.0704345703125,1049.931396484375
M7_YLUR_SLUR,7,LUR,LUR,2025-01-20,2025-01-20,1,TSE,1066.4676513671875,1050.171142578125,1051.0684814453125,1051.1451416015625,1049.60302734375
M7_YLUR_SLUR,7,LUR,LUR,2025-01-20,2025-01-20,1,TSEC,69.66416931152344,69.99960327148438,69.95391082763672,70.06459045410156,70.04466247558594
M7_YLUR_SLUR,7,LUR,LUR,2025-01-20,2025-01-21,2,Yd,1062.9129638671875,1049.921630859375,1049.94921875,1054.851806640625,1049.929931640625
M7_YLUR_SLUR,7,LUR,LUR,2025-01-20,2025-01-21,2,TSE,1074.5322265625,1050.171142578125,1051.120849609375,1052.52490234375,1049.474853515625
M7_YLUR_SLUR,7,LUR,LUR,2025-01-20,2025-01-21,2,TSEC,70.38681030273438,69.99960327148438,69.87139129638672,70.16692352294922,70.0603256225586
M7_YLUR_SLUR,7,LUR,LUR,2025-01-20,2025-01-22,3,Yd,1042.64501953125,1049.921630859375,1051.000732421875,1054.8936767578125,1050.0377197265625
M7_YLUR_SLUR,7,LUR,LUR,2025-01-20,2025-01-22,3,TSE,1048.1700439453125,1050.171142578125,1051.944091796875,1050.8995361328125,1049.568603515625
M7_YLUR_SLUR,7,LUR,LUR,2025-01-20,2025-01-22,3,TSEC,69.7868881225586,69.99960327148438,69.93968200683594,70.09468841552734,70.05572509765625
M7_YLUR_SLUR,7,LUR,LUR,2025-01-21,2025-01-21,1,Yd,1062.9129638671875,1049.9151611328125,1049.738037109375,1051.000732421875,1049.93212890625
M7_YLUR_SLUR,7,LUR,LUR,2025-01-21,2025-01-21,1,TSE,1074.5322265625,1050.1927490234375,1048.885009765625,1050.976806640625,1049.72802734375
M7_YLUR_SLUR,7,LUR,LUR,2025-01-21,2025-01-21,1,TSEC,70.38681030273438,69.99916076660156,69.89883422851562,69.99925231933594,70.03266906738281
M7_YLUR_SLUR,7,LUR,LUR,2025-01-21,2025-01-22,2,Yd,1042.64501953125,1049.9151611328125,1051.7408447265625,1050.4786376953125,1049.923095703125
M7_YLUR_SLUR,7,LUR,LUR,2025-01-21,2025-01-22,2,TSE,1048.1700439453125,1050.1927490234375,1051.3477783203125,1051.037841796875,1049.7701416015625
M7_YLUR_SLUR,7,LUR,LUR,2025-01-21,2025-01-22,2,TSEC,69.7868881225586,69.99916076660156,69.9277114868164,69.8743896484375,70.04315948486328
M7_YLUR_SLUR,7,LUR,LUR,2025-01-21,2025-01-23,3,Yd,1044.6026611328125,1049.9151611328125,1049.04443359375,1050.1256103515625,1049.8360595703125
M7_YLUR_SLUR,7,LUR,LUR,2025-01-21,2025-01-23,3,TSE,1044.8155517578125,1050.1927490234375,1049.1549072265625,1050.0679931640625,1049.754638671875
M7_YLUR_SLUR,7,LUR,LUR,2025-01-21,2025-01-23,3,TSEC,71.37030792236328,69.99916076660156,69.88742065429688,69.97112274169922,70.04782104492188
M7_YLUR_SLUR,7,LUR,LUR,2025-01-22,2025-01-22,1,Yd,1042.64501953125,1049.932373046875,1050.627685546875,1051.8402099609375,1049.9208984375
M7_YLUR_SLUR,7,LUR,LUR,2025-01-22,2025-01-22,1,TSE,1048.1700439453125,1050.22509765625,1050.4290771484375,1049.193603515625,1049.8277587890625
M7_YLUR_SLUR,7,LUR,LUR,2025-01-22,2025-01-22,1,TSEC,69.7868881225586,69.99966430664062,70.00823974609375,70.03450012207031,70.02726745605469
M7_YLUR_SLUR,7,LUR,LUR,2025-01-22,2025-01-23,2,Yd,1044.6026611328125,1049.932373046875,1049.2413330078125,1049.9979248046875,1049.8095703125
M7_YLUR_SLUR,7,LUR,LUR,2025-01-22,2025-01-23,2,TSE,1044.8155517578125,1050.22509765625,1050.226806640625,1049.431396484375,1049.7518310546875
M7_YLUR_SLUR,7,LUR,LUR,2025-01-22,2025-01-23,2,TSEC,71.37030792236328,69.99966430664062,69.86114501953125,69.93096923828125,70.04129791259766
M7_YLUR_SLUR,7,LUR,LUR,2025-01-22,2025-01-24,3,Yd,1044.421875,1049.932373046875,1051.5091552734375,1047.54931640625,1049.840576171875
M7_YLUR_SLUR,7,LUR,LUR,2025-01-22,2025-01-24,3,TSE,1039.15869140625,1050.22509765625,1050.826171875,1050.1671142578125,1049.53662109375
M7_YLUR_SLUR,7,LUR,LUR,2025-01-22,2025-01-24,3,TSEC,69.20879364013672,69.99966430664062,69.79324340820312,69.9228286743164,70.04972839355469
M7_YLUR_SLUR,7,LUR,LUR,2025-01-23,2025-01-23,1,Yd,1044.6026611328125,1049.922607421875,1048.25439453125,1052.226806640625,1049.87939453125
M7_YLUR_SLUR,7,LUR,LUR,2025-01-23,2025-01-23,1,TSE,1044.8155517578125,1050.222412109375,1050.5517578125,1049.340087890625,1049.8638916015625
M7_YLUR_SLUR,7,LUR,LUR,2025-01-23,2025-01-23,1,TSEC,71.37030792236328,69.9993896484375,69.8553466796875,69.9849624633789,70.02179718017578
M7_YLUR_SLUR,7,LUR,LUR,2025-01-23,2025-01-24,2,Yd,1044.421875,1049.922607421875,1051.4400634765625,1050.2012939453125,1049.945556640625
M7_YLUR_SLUR,7,LUR,LUR,2025-01-23,2025-01-24,2,TSE,1039.15869140625,1050.222412109375,1050.8701171875,1050.37255859375,1049.5821533203125
M7_YLUR_SLUR,7,LUR,LUR,2025-01-23,2025-01-24,2,TSEC,69.20879364013672,69.9993896484375,69.87024688720703,69.9772720336914,70.03448486328125
M7_YLUR_SLUR,7,LUR,LUR,2025-01-23,2025-01-25,3,Yd,1069.5584716796875,1049.922607421875,1048.6514892578125,1051.2086181640625,1050.134765625
M7_YLUR_SLUR,7,LUR,LUR,2025-01-23,2025-01-25,3,TSE,1058.3306884765625,1050.222412109375,1050.6082763671875,1047.9344482421875,1049.2889404296875
M7_YLUR_SLUR,7,LUR,LUR,2025-01-23,2025-01-25,3,TSEC,70.00660705566406,69.9993896484375,69.91302490234375,69.9626235961914,70.04627227783203
M7_YLUR_SLUR,7,LUR,LUR,2025-01-24,2025-01-24,1,Yd,1044.421875,1049.9156494140625,1052.26123046875,1049.9022216796875,1050.0264892578125
M7_YLUR_SLUR,7,LUR,LUR,2025-01-24,2025-01-24,1,TSE,1039.15869140625,1050.2152099609375,1051.3382568359375,1051.282470703125,1049.7452392578125
M7_YLUR_SLUR,7,LUR,LUR,2025-01-24,2025-01-24,1,TSEC,69.20879364013672,70.00120544433594,69.86554718017578,69.92518615722656,70.01819610595703
M7_YLUR_SLUR,7,LUR,LUR,2025-01-24,2025-01-25,2,Yd,1069.5584716796875,1049.9156494140625,1049.1278076171875,1049.5263671875,1050.2568359375
M7_YLUR_SLUR,7,LUR,LUR,2025-01-24,2025-01-25,2,TSE,1058.3306884765625,1050.2152099609375,1049.15673828125,1050.5830078125,1049.4136962890625
M7_YLUR_SLUR,7,LUR,LUR,2025-01-24,2025-01-25,2,TSEC,70.00660705566406,70.00120544433594,69.89689636230469,69.87944793701172,70.03164672851562
M7_YLUR_SLUR,7,LUR,LUR,2025-01-24,2025-01-26,3,Yd,1043.0726318359375,1049.9156494140625,1051.6494140625,1049.7037353515625,1050.56787109375
M7_YLUR_SLUR,7,LUR,LUR,2025-01-24,2025-01-26,3,TSE,1057.0679931640625,1050.2152099609375,1049.299072265625,1051.737548828125,1049.08935546875
M7_YLUR_SLUR,7,LUR,LUR,2025-01-24,2025-01-26,3,TSEC,70.22347259521484,70.00120544433594,69.9242935180664,70.15666198730469,70.0429916381836
M7_YLUR_SLUR,7,LUR,LUR,2025-01-25,2025-01-25,1,Yd,1069.5584716796875,1049.9083251953125,1048.3101806640625,1051.5299072265625,1050.1318359375
M7_YLUR_SLUR,7,LUR,LUR,2025-01-25,2025-01-25,1,TSE,1058.3306884765625,1050.20068359375,1050.449462890625,1050.51904296875,1049.6676025390625
M7_YLUR_SLUR,7,LUR,LUR,2025-01-25,2025-01-25,1,TSEC,70.00660705566406,70.00015258789062,69.93165588378906,69.84258270263672,70.03034973144531
M7_YLUR_SLUR,7,LUR,LUR,2025-01-25,2025-01-26,2,Yd,1043.0726318359375,1049.9083251953125,1052.395751953125,1052.935791015625,1050.3380126953125
M7_YLUR_SLUR,7,LUR,LUR,2025-01-25,2025-01-26,2,TSE,1057.0679931640625,1050.20068359375,1050.001953125,1051.851806640625,1049.3626708984375
M7_YLUR_SLUR,7,LUR,LUR,2025-01-25,2025-01-26,2,TSEC,70.22347259521484,70.00015258789062,69.9564437866211,69.99947357177734,70.0516357421875
M7_YLUR_SLUR,7,LUR,LUR,2025-01-25,2025-01-27,3,Yd,1033.203857421875,1049.9083251953125,1049.5159912109375,1052.721923828125,1050.263427734375
M7_YLUR_SLUR,7,LUR,LUR,2025-01-25,2025-01-27,3,TSE,1054.933349609375,1050.20068359375,1049.4383544921875,1049.60498046875,1049.1318359375
M7_YLUR_SLUR,7,LUR,LUR,2025-01-25,2025-01-27,3,TSEC,68.79263305664062,70.00015258789062,70.08553314208984,70.20457458496094,70.07805633544922
M7_YLUR_SLUR,7,LUR,LUR,2025-01-26,2025-01-26,1,Yd,1043.0726318359375,1049.934326171875,1052.8206787109375,1051.86572265625,1050.004638671875
M7_YLUR_SLUR,7,LUR,LUR,2025-01-26,2025-01-26,1,TSE,1057.0679931640625,1050.2113037109375,1049.0068359375,1051.623291015625,1049.56298828125
M7_YLUR_SLUR,7,LUR,LUR,2025-01-26,2025-01-26,1,TSEC,70.22347259521484,70.00016784667969,69.90762329101562,69.95462036132812,70.04857635498047
M7_YLUR_SLUR,7,LUR,LUR,2025-01-26,2025-01-27,2,Yd,1033.203857421875,1049.934326171875,1048.277587890625,1052.541259765625,1050.00048828125
M7_YLUR_SLUR,7,LUR,LUR,2025-01-26,2025-01-27,2,TSE,1054.933349609375,1050.2113037109375,1049.65966796875,1052.0318603515625,1049.25
M7_YLUR_SLUR,7,LUR,LUR,2025-01-26,2025-01-27,2,TSEC,68.79263305664062,70.00016784667969,70.07662963867188,69.96728515625,70.0785140991211
M7_YLUR_SLUR,7,LUR,LUR,2025-01-26,2025-01-28,3,Yd,1042.2276611328125,1049.934326171875,1051.853515625,1051.057861328125,1050.069580078125
M7_YLUR_SLUR,7,LUR,LUR,2025-01-26,2025-01-28,3,TSE,1048.9853515625,1050.2113037109375,1050.372802734375,1052.9835205078125,1049.087890625
M7_YLUR_SLUR,7,LUR,LUR,2025-01-26,2025-01-28,3,TSEC,69.26581573486328,70.00016784667969,69.88949584960938,69.95014953613281,70.08657836914062
M7_YLUR_SLUR,7,LUR,LUR,2025-01-27,2025-01-27,1,Yd,1033.203857421875,1049.9251708984375,1047.3409423828125,1049.7122802734375,1049.9356689453125
M7_YLUR_SLUR,7,LUR,LUR,2025-01-27,2025-01-27,1,TSE,1054.933349609375,1050.220458984375,1050.6263427734375,1048.2215576171875,1049.5946044921875
M7_YLUR_SLUR,7,LUR,LUR,2025-01-27,2025-01-27,1,TSEC,68.79263305664062,70.0004653930664,70.01122283935547,70.00785064697266,70.04513549804688
M7_YLUR_SLUR,7,LUR,LUR,2025-01-27,2025-01-28,2,Yd,1042.2276611328125,1049.9251708984375,1051.87939453125,1047.6446533203125,1049.94140625
M7_YLUR_SLUR,7,LUR,LUR,2025-01-27,2025-01-28,2,TSE,1048.9853515625,1050.220458984375,1049.9783935546875,1052.5399169921875,1049.4625244140625
M7_YLUR_SLUR,7,LUR,LUR,2025-01-27,2025-01-28,2,TSEC,69.26581573486328,70.0004653930664,69.82561492919922,69.81522369384766,70.06146240234375
M7_YLUR_SLUR,7,LUR,LUR,2025-01-27,2025-01-29,3,Yd,1040.771484375,1049.9251708984375,1047.9727783203125,1046.363037109375,1050.0411376953125
M7_YLUR_SLUR,7,LUR,LUR,2025-01-27,2025-01-29,3,TSE,1043.868896484375,1050.220458984375,1050.824951171875,1051.9996337890625,1049.4947509765625
M7_YLUR_SLUR,7,LUR,LUR,2025-01-27,2025-01-29,3,TSEC,72.34233093261719,70.0004653930664,69.9892578125,69.77198028564453,70.06029510498047
M7_YLUR_SLUR,7,LUR,LUR,2025-01-28,2025-01-28,1,Yd,1042.2276611328125,1049.9031982421875,1051.946044921875,1051.2921142578125,1049.9029541015625
M7_YLUR_SLUR,7,LUR,LUR,2025-01-28,2025-01-28,1,TSE,1048.9853515625,1050.2265625,1050.566650390625,1048.684326171875,1049.7662353515625
M7_YLUR_SLUR,7,LUR,LUR,2025-01-28,2025-01-28,1,TSEC,69.26581573486328,69.99886322021484,69.78915405273438,69.99332427978516,70.03468322753906
M7_YLUR_SLUR,7,LUR,LUR,2025-01-28,2025-01-29,2,Yd,1040.771484375,1049.9031982421875,1047.851806640625,1051.6873779296875,1049.8233642578125
M7_YLUR_SLUR,7,LUR,LUR,2025-01-28,2025-01-29,2,TSE,1043.868896484375,1050.2265625,1045.8931884765625,1045.97021484375,1049.8287353515625
M7_YLUR_SLUR,7,LUR,LUR,2025-01-28,2025-01-29,2,TSEC,72.34233093261719,69.99886322021484,69.97122192382812,69.93742370605469,70.04190826416016
M7_YLUR_SLUR,7,LUR,LUR,2025-01-28,2025-01-30,3,Yd,1047.0244140625,1049.9031982421875,1052.2872314453125,1050.2506103515625,1049.6495361328125
M7_YLUR_SLUR,7,LUR,LUR,2025-01-28,2025-01-30,3,TSE,1045.7947998046875,1050.2265625,1051.904296875,1047.1209716796875,1049.8310546875
M7_YLUR_SLUR,7,LUR,LUR,2025-01-28,2025-01-30,3,TSEC,70.1294174194336,69.99886322021484,69.69438934326172,70.11307525634766,70.0469741821289
M7_YLUR_SLUR,7,LUR,LUR,2025-01-29,2025-01-29,1,Yd,1040.771484375,1049.89306640625,1047.9954833984375,1049.0916748046875,1049.8048095703125
M7_YLUR_SLUR,7,LUR,LUR,2025-01-29,2025-01-29,1,TSE,1043.868896484375,1050.2249755859375,1045.9547119140625,1049.561279296875,1049.9432373046875
M7_YLUR_SLUR,7,LUR,LUR,2025-01-29,2025-01-29,1,TSEC,72.34233093261719,69.9979019165039,69.92020416259766,69.90016174316406,70.02359771728516
M7_YLUR_SLUR,7,LUR,LUR,2025-01-29,2025-01-30,2,Yd,1047.0244140625,1049.89306640625,1051.7060546875,1047.796875,1049.6685791015625
M7_YLUR_SLUR,7,LUR,LUR,2025-01-29,2025-01-30,2,TSE,1045.7947998046875,1050.2249755859375,1052.600341796875,1048.323974609375,1049.8994140625
M7_YLUR_SLUR,7,LUR,LUR,2025-01-29,2025-01-30,2,TSEC,70.1294174194336,69.9979019165039,70.00118255615234,70.05085754394531,70.03347778320312
M7_YLUR_SLUR,7,LUR,LUR,2025-01-29,2025-01-31,3,Yd,1050.4805908203125,1049.89306640625,1048.548828125,1045.3096923828125,1049.77294921875
M7_YLUR_SLUR,7,LUR,LUR,2025-01-29,2025-01-31,3,TSE,1042.857177734375,1050.2249755859375,1050.903564453125,1046.6287841796875,1049.6734619140625
M7_YLUR_SLUR,7,LUR,LUR,2025-01-29,2025-01-31,3,TSEC,70.52643585205078,69.9979019165039,69.96484375,70.14720153808594,70.04847717285156
M7_YLUR_SLUR,7,LUR,LUR,2025-01-30,2025-01-30,1,Yd,1047.0244140625,1049.881103515625,1050.4569091796875,1049.456787109375,1049.848876953125
M7_YLUR_SLUR,7,LUR,LUR,2025-01-30,2025-01-30,1,TSE,1045.7947998046875,1050.216552734375,1048.7958984375,1052.455322265625,1049.9820556640625
M7_YLUR_SLUR,7,LUR,LUR,2025-01-30,2025-01-30,1,TSEC,70.1294174194336,70.00098419189453,69.82929229736328,70.12831115722656,70.01110076904297
M7_YLUR_SLUR,7,LUR,LUR,2025-01-30,2025-01-31,2,Yd,1050.4805908203125,1049.881103515625,1049.13037109375,1050.5697021484375,1049.908203125
M7_YLUR_SLUR,7,LUR,LUR,2025-01-30,2025-01-31,2,TSE,1042.857177734375,1050.216552734375,1050.064208984375,1051.079345703125,1049.763671875
M7_YLUR_SLUR,7,LUR,LUR,2025-01-30,2025-01-31,2,TSEC,70.52643585205078,70.00098419189453,69.96316528320312,70.03411865234375,70.0195541381836
M7_YLUR_SLUR,7,LUR,LUR,2025-01-30,2025-02-01,3,Yd,1062.0565185546875,1049.881103515625,1049.947998046875,1051.19775390625,1050.10595703125
M7_YLUR_SLUR,7,LUR,LUR,2025-01-30,2025-02-01,3,TSE,1028.54736328125,1050.216552734375,1049.0067138671875,1049.1531982421875,1049.5054931640625
M7_YLUR_SLUR,7,LUR,LUR,2025-01-30,2025-02-01,3,TSEC,68.70403289794922,70.00098419189453,69.90738677978516,70.05033111572266,70.03011322021484
M7_YLUR_SLUR,7,LUR,LUR,2025-01-31,2025-01-31,1,Yd,1050.4805908203125,1049.8773193359375,1049.5062255859375,1048.464111328125,1050.01123046875
M7_YLUR_SLUR,7,LUR,LUR,2025-01-31,2025-01-31,1,TSE,1042.857177734375,1050.2108154296875,1051.096435546875,1053.2919921875,1049.84228515625
M7_YLUR_SLUR,7,LUR,LUR,2025-01-31,2025-01-31,1,TSEC,70.52643585205078,70.00115203857422,70.18268585205078,69.96331024169922,70.01775360107422
M7_YLUR_SLUR,7,LUR,LUR,2025-01-31,2025-02-01,2,Yd,1062.0565185546875,1049.8773193359375,1050.4776611328125,1049.1724853515625,1050.2017822265625
M7_YLUR_SLUR,7,LUR,LUR,2025-01-31,2025-02-01,2,TSE,1028.54736328125,1050.2108154296875,1050.13916015625,1056.189453125,1049.5552978515625
M7_YLUR_SLUR,7,LUR,LUR,2025-01-31,2025-02-01,2,TSEC,68.70403289794922,70.00115203857422,70.14347076416016,69.95375061035156,70.02864837646484
M7_YLUR_SLUR,7,LUR,LUR,2025-01-31,2025-02-02,3,Yd,1047.9453125,1049.8773193359375,1050.4510498046875,1051.101806640625,1050.473876953125
M7_YLUR_SLUR,7,LUR,LUR,2025-01-31,2025-02-02,3,TSE,1047.4248046875,1050.2108154296875,1052.93212890625,1049.41796875,1049.2880859375
M7_YLUR_SLUR,7,LUR,LUR,2025-01-31,2025-02-02,3,TSEC,69.98051452636719,70.00115203857422,70.24321746826172,70.029052734375,70.04029846191406
M7_YLUR_SLUR,7,LUR,LUR,2025-02-01,2025-02-01,1,Yd,1062.0565185546875,1049.878173828125,1050.4708251953125,1051.2613525390625,1050.1336669921875
M7_YLUR_SLUR,7,LUR,LUR,2025-02-01,2025-02-01,1,TSE,1028.54736328125,1050.201171875,1050.8082275390625,1053.267822265625,1049.7056884765625
M7_YLUR_SLUR,7,LUR,LUR,2025-02-01,2025-02-01,1,TSEC,68.70403289794922,70.00184631347656,69.72862243652344,70.02056121826172,70.02596282958984
M7_YLUR_SLUR,7,LUR,LUR,2025-02-01,2025-02-02,2,Yd,1047.9453125,1049.878173828125,1049.429931640625,1048.1505126953125,1050.31494140625
M7_YLUR_SLUR,7,LUR,LUR,2025-02-01,2025-02-02,2,TSE,1047.4248046875,1050.201171875,1051.1834716796875,1052.9483642578125,1049.4412841796875
M7_YLUR_SLUR,7,LUR,LUR,2025-02-01,2025-02-02,2,TSEC,69.98051452636719,70.00184631347656,70.06353759765625,69.92227935791016,70.0461196899414
M7_YLUR_SLUR,7,LUR,LUR,2025-02-01,2025-02-03,3,Yd,1036.45361328125,1049.878173828125,1051.7755126953125,1046.6219482421875,1050.211669921875
M7_YLUR_SLUR,7,LUR,LUR,2025-02-01,2025-02-03,3,TSE,1038.6585693359375,1050.201171875,1050.5611572265625,1052.02734375,1049.2396240234375
M7_YLUR_SLUR,7,LUR,LUR,2025-02-01,2025-02-03,3,TSEC,71.23664855957031,70.00184631347656,69.89047241210938,70.0065689086914,70.07219696044922
M7_YLUR_SLUR,7,LUR,LUR,2025-02-02,2025-02-02,1,Yd,1047.9453125,1049.89404296875,1048.99755859375,1050.1024169921875,1049.9423828125
M7_YLUR_SLUR,7,LUR,LUR,2025-02-02,2025-02-02,1,TSE,1047.4248046875,1050.1728515625,1052.428955078125,1051.6455078125,1049.6474609375
M7_YLUR_SLUR,7,LUR,LUR,2025-02-02,2025-02-02,1,TSEC,69.98051452636719,70.0001449584961,70.01343536376953,69.93699645996094,70.05054473876953
M7_YLUR_SLUR,7,LUR,LUR,2025-02-02,2025-02-03,2,Yd,1036.45361328125,1049.89404296875,1048.880615234375,1048.853515625,1049.8936767578125
M7_YLUR_SLUR,7,LUR,LUR,2025-02-02,2025-02-03,2,TSE,1038.6585693359375,1050.1728515625,1043.935546875,1051.8424072265625,1049.372314453125
M7_YLUR_SLUR,7,LUR,LUR,2025-02-02,2025-02-03,2,TSEC,71.23664855957031,70.0001449584961,69.92493438720703,69.96745300292969,70.0843734741211
M7_YLUR_SLUR,7,LUR,LUR,2025-02-02,2025-02-04,3,Yd,1061.3358154296875,1049.89404296875,1049.1341552734375,1049.7628173828125,1049.9771728515625
M7_YLUR_SLUR,7,LUR,LUR,2025-02-02,2025-02-04,3,TSE,1044.0615234375,1050.1728515625,1051.4698486328125,1047.7410888671875,1049.253662109375
M7_YLUR_SLUR,7,LUR,LUR,2025-02-02,2025-02-04,3,TSEC,71.1287841796875,70.0001449584961,69.94965362548828,69.98736572265625,70.0947036743164
M7_YLUR_SLUR,7,LUR,LUR,2025-02-03,2025-02-03,1,Yd,1036.45361328125,1049.8914794921875,1051.1270751953125,1050.9114990234375,1049.8673095703125
M7_YLUR_SLUR,7,LUR,LUR,2025-02-03,2025-02-03,1,TSE,1038.6585693359375,1050.169189453125,1049.9600830078125,1050.547119140625,1049.650390625
M7_YLUR_SLUR,7,LUR,LUR,2025-02-03,2025-02-03,1,TSEC,71.23664855957031,70.00011444091797,69.88713073730469,70.1982650756836,70.04953002929688
M7_YLUR_SLUR,7,LUR,LUR,2025-02-03,2025-02-04,2,Yd,1061.3358154296875,1049.8914794921875,1048.039306640625,1047.436279296875,1049.90771484375
M7_YLUR_SLUR,7,LUR,LUR,2025-02-03,2025-02-04,2,TSE,1044.0615234375,1050.169189453125,1050.08447265625,1053.02294921875,1049.5579833984375
M7_YLUR_SLUR,7,LUR,LUR,2025-02-03,2025-02-04,2,TSEC,71.1287841796875,70.00011444091797,70.0468978881836,70.03738403320312,70.06849670410156
M7_YLUR_SLUR,7,LUR,LUR,2025-02-03,2025-02-05,3,Yd,1054.802978515625,1049.8914794921875,1050.333251953125,1048.9202880859375,1049.9189453125
M7_YLUR_SLUR,7,LUR,LUR,2025-02-03,2025-02-05,3,TSE,1041.46435546875,1050.169189453125,1050.1893310546875,1053.6900634765625,1049.703369140625
M7_YLUR_SLUR,7,LUR,LUR,2025-02-03,2025-02-05,3,TSEC,70.47895050048828,70.00011444091797,69.7954330444336,69.98812103271484,70.0617904663086
M7_YLUR_SLUR,7,LUR,LUR,2025-02-04,2025-02-04,1,Yd,1061.3358154296875,1049.8740234375,1050.21044921875,1047.672119140625,1049.8345947265625
M7_YLUR_SLUR,7,LUR,LUR,2025-02-04,2025-02-04,1,TSE,1044.0615234375,1050.154052734375,1051.364990234375,1050.117919921875,1049.96435546875
M7_YLUR_SLUR,7,LUR,LUR,2025-02-04,2025-02-04,1,TSEC,71.1287841796875,70.00173950195312,70.16830444335938,70.10465240478516,70.0238037109375
M7_YLUR_SLUR,7,LUR,LUR,2025-02-04,2025-02-05,2,Yd,1054.802978515625,1049.8740234375,1049.404296875,1046.994873046875,1049.713623046875
M7_YLUR_SLUR,7,LUR,LUR,2025-02-04,2025-02-05,2,TSE,1041.46435546875,1050.154052734375,1052.7060546875,1052.081298828125,1050.0894775390625
M7_YLUR_SLUR,7,LUR,LUR,2025-02-04,2025-02-05,2,TSEC,70.47895050048828,70.00173950195312,70.13456726074219,69.90970611572266,70.01866149902344
M7_YLUR_SLUR,7,LUR,LUR,2025-02-04,2025-02-06,3,Yd,1040.5081787109375,1049.8740234375,1050.28564453125,1048.653076171875,1049.5966796875
M7_YLUR_SLUR,7,LUR,LUR,2025-02-04,2025-02-06,3,TSE,1048.851318359375,1050.154052734375,1050.654541015625,1051.360107421875,1050.17236328125
M7_YLUR_SLUR,7,LUR,LUR,2025-02-04,2025-02-06,3,TSEC,69.76786804199219,70.00173950195312,70.08668518066406,70.1131820678711,70.01554870605469
M7_YLUR_SLUR,7,LUR,LUR,2025-02-05,2025-02-05,1,Yd,1054.802978515625,1049.888916015625,1051.3853759765625,1047.803955078125,1049.7177734375
M7_YLUR_SLUR,7,LUR,LUR,2025-02-05,2025-02-05,1,TSE,1041.46435546875,1050.146240234375,1050.35107421875,1052.69677734375,1050.158203125
M7_YLUR_SLUR,7,LUR,LUR,2025-02-05,2025-02-05,1,TSEC,70.47895050048828,70.00320434570312,69.79118347167969,69.89749145507812,70.00756072998047
M7_YLUR_SLUR,7,LUR,LUR,2025-02-05,2025-02-06,2,Yd,1040.5081787109375,1049.888916015625,1048.2362060546875,1051.4219970703125,1049.5938720703125
M7_YLUR_SLUR,7,LUR,LUR,2025-02-05,2025-02-06,2,TSE,1048.851318359375,1050.146240234375,1050.3170166015625,1052.7091064453125,1050.2706298828125
M7_YLUR_SLUR,7,LUR,LUR,2025-02-05,2025-02-06,2,TSEC,69.76786804199219,70.00320434570312,69.93767547607422,70.0466079711914,70.00533294677734
M7_YLUR_SLUR,7,LUR,LUR,2025-02-05,2025-02-07,3,Yd,1055.7537841796875,1049.888916015625,1051.1937255859375,1051.4271240234375,1049.714111328125
M7_YLUR_SLUR,7,LUR,LUR,2025-02-05,2025-02-07,3,TSE,1045.498291015625,1050.146240234375,1050.0689697265625,1052.526611328125,1050.1953125
M7_YLUR_SLUR,7,LUR,LUR,2025-02-05,2025-02-07,3,TSEC,70.23381042480469,70.00320434570312,69.82485961914062,70.02510833740234,70.0086669921875
M7_YLUR_SLUR,7,LUR,LUR,2025-02-06,2025-02-06,1,Yd,1040.5081787109375,1049.8953857421875,1048.4464111328125,1047.2939453125,1049.8175048828125
M7_YLUR_SLUR,7,LUR,LUR,2025-02-06,2025-02-06,1,TSE,1048.851318359375,1050.1348876953125,1050.48046875,1051.74462890625,1050.172607421875
M7_YLUR_SLUR,7,LUR,LUR,2025-02-06,2025-02-06,1,TSEC,69.76786804199219,70.00382232666016,70.29707336425781,69.8794937133789,70.00557708740234
M7_YLUR_SLUR,7,LUR,LUR,2025-02-06,2025-02-07,2,Yd,1055.7537841796875,1049.8953857421875,1051.1126708984375,1046.1416015625,1049.896728515625
M7_YLUR_SLUR,7,LUR,LUR,2025-02-06,2025-02-07,2,TSE,1045.498291015625,1050.1348876953125,1049.6072998046875,1051.110107421875,1050.1011962890625
M7_YLUR_SLUR,7,LUR,LUR,2025-02-06,2025-02-07,2,TSEC,70.23381042480469,70.00382232666016,70.18330383300781,70.0069351196289,70.01207733154297
M7_YLUR_SLUR,7,LUR,LUR,2025-02-06,2025-02-08,3,Yd,1045.4853515625,1049.8953857421875,1047.7900390625,1046.6124267578125,1049.9976806640625
M7_YLUR_SLUR,7,LUR,LUR,2025-02-06,2025-02-08,3,TSE,1052.9342041015625,1050.1348876953125,1050.39208984375,1051.6143798828125,1049.8399658203125
M7_YLUR_SLUR,7,LUR,LUR,2025-02-06,2025-02-08,3,TSEC,70.53856658935547,70.00382232666016,70.53501892089844,70.01992797851562,70.02143859863281
M7_YLUR_SLUR,7,LUR,LUR,2025-02-07,2025-02-07,1,Yd,1055.7537841796875,1049.8831787109375,1049.33642578125,1047.212158203125,1049.9957275390625
M7_YLUR_SLUR,7,LUR,LUR,2025-02-07,2025-02-07,1,TSE,1045.498291015625,1050.1331787109375,1049.94091796875,1051.970947265625,1050.004638671875
M7_YLUR_SLUR,7,LUR,LUR,2025-02-07,2025-02-07,1,TSEC,70.23381042480469,70.0035171508789,69.83767700195312,69.79348754882812,70.01747131347656
M7_YLUR_SLUR,7,LUR,LUR,2025-02-07,2025-02-08,2,Yd,1045.4853515625,1049.8831787109375,1047.1920166015625,1044.554931640625,1050.103759765625
M7_YLUR_SLUR,7,LUR,LUR,2025-02-07,2025-02-08,2,TSE,1052.9342041015625,1050.1331787109375,1050.1697998046875,1052.2991943359375,1049.744140625
M7_YLUR_SLUR,7,LUR,LUR,2025-02-07,2025-02-08,2,TSEC,70.53856658935547,70.0035171508789,70.02931213378906,69.8875503540039,70.02869415283203
M7_YLUR_SLUR,7,LUR,LUR,2025-02-07,2025-02-09,3,Yd,1059.3687744140625,1049.8831787109375,1049.1685791015625,1044.9765625,1050.34033203125
M7_YLUR_SLUR,7,LUR,LUR,2025-02-07,2025-02-09,3,TSE,1046.408935546875,1050.1331787109375,1049.776123046875,1050.198486328125,1049.490478515625
M7_YLUR_SLUR,7,LUR,LUR,2025-02-07,2025-02-09,3,TSEC,70.84283447265625,70.0035171508789,69.8724594116211,70.05286407470703,70.0431900024414
M7_YLUR_SLUR,7,LUR,LUR,2025-02-08,2025-02-08,1,Yd,1045.4853515625,1049.8907470703125,1046.95166015625,1047.806640625,1050.065185546875
M7_YLUR_SLUR,7,LUR,LUR,2025-02-08,2025-02-08,1,TSE,1052.9342041015625,1050.1270751953125,1051.5052490234375,1050.7442626953125,1049.7801513671875
M7_YLUR_SLUR,7,LUR,LUR,2025-02-08,2025-02-08,1,TSEC,70.53856658935547,70.00381469726562,70.4504623413086,69.77474975585938,70.02854919433594
M7_YLUR_SLUR,7,LUR,LUR,2025-02-08,2025-02-09,2,Yd,1059.3687744140625,1049.8907470703125,1050.3935546875,1047.47412109375,1050.1802978515625
M7_YLUR_SLUR,7,LUR,LUR,2025-02-08,2025-02-09,2,TSE,1046.408935546875,1050.1270751953125,1050.9462890625,1052.3167724609375,1049.47705078125
M7_YLUR_SLUR,7,LUR,LUR,2025-02-08,2025-02-09,2,TSEC,70.84283447265625,70.00381469726562,70.24066925048828,69.87364196777344,70.05701446533203
M7_YLUR_SLUR,7,LUR,LUR,2025-02-08,2025-02-10,3,Yd,1045.669677734375,1049.8907470703125,1050.284912109375,1047.837890625,1050.0465087890625
M7_YLUR_SLUR,7,LUR,LUR,2025-02-08,2025-02-10,3,TSE,1052.4534912109375,1050.1270751953125,1051.71240234375,1051.3057861328125,1049.2548828125
M7_YLUR_SLUR,7,LUR,LUR,2025-02-08,2025-02-10,3,TSEC,70.28348541259766,70.00381469726562,70.35310363769531,69.92408752441406,70.08780670166016
M7_YLUR_SLUR,7,LUR,LUR,2025-02-09,2025-02-09,1,Yd,1059.3687744140625,1049.885009765625,1048.8857421875,1046.8277587890625,1049.9755859375
M7_YLUR_SLUR,7,LUR,LUR,2025-02-09,2025-02-09,1,TSE,1046.408935546875,1050.130859375,1048.3212890625,1051.808349609375,1049.702392578125
M7_YLUR_SLUR,7,LUR,LUR,2025-02-09,2025-02-09,1,TSEC,70.84283447265625,70.00450897216797,69.95478057861328,69.94580078125,70.04371643066406
M7_YLUR_SLUR,7,LUR,LUR,2025-02-09,2025-02-10,2,Yd,1045.669677734375,1049.885009765625,1052.404296875,1048.4400634765625,1049.936767578125
M7_YLUR_SLUR,7,LUR,LUR,2025-02-09,2025-02-10,2,TSE,1052.4534912109375,1050.130859375,1050.2818603515625,1053.1700439453125,1049.4520263671875
M7_YLUR_SLUR,7,LUR,LUR,2025-02-09,2025-02-10,2,TSEC,70.28348541259766,70.00450897216797,70.12258911132812,70.07734680175781,70.07305145263672
M7_YLUR_SLUR,7,LUR,LUR,2025-02-09,2025-02-11,3,Yd,1038.2979736328125,1049.885009765625,1048.1474609375,1050.2115478515625,1049.9505615234375
M7_YLUR_SLUR,7,LUR,LUR,2025-02-09,2025-02-11,3,TSE,1050.2967529296875,1050.130859375,1047.1070556640625,1053.8524169921875,1049.406005859375
M7_YLUR_SLUR,7,LUR,LUR,2025-02-09,2025-02-11,3,TSEC,69.91954040527344,70.00450897216797,69.76244354248047,70.00947570800781,70.08086395263672
M7_YLUR_SLUR,7,LUR,LUR,2025-02-10,2025-02-10,1,Yd,1045.669677734375,1049.8973388671875,1050.49072265625,1048.988037109375,1049.8768310546875
M7_YLUR_SLUR,7,LUR,LUR,2025-02-10,2025-02-10,1,TSE,1052.4534912109375,1050.1259765625,1047.5213623046875,1053.5174560546875,1049.7540283203125
M7_YLUR_SLUR,7,LUR,LUR,2025-02-10,2025-02-10,1,TSEC,70.28348541259766,70.00559997558594,70.01034545898438,70.03140258789062,70.0420913696289
M7_YLUR_SLUR,7,LUR,LUR,2025-02-10,2025-02-11,2,Yd,1038.2979736328125,1049.8973388671875,1049.3792724609375,1049.299072265625,1049.744873046875
M7_YLUR_SLUR,7,LUR,LUR,2025-02-10,2025-02-11,2,TSE,1050.2967529296875,1050.1259765625,1045.8243408203125,1053.4686279296875,1049.7681884765625
M7_YLUR_SLUR,7,LUR,LUR,2025-02-10,2025-02-11,2,TSEC,69.91954040527344,70.00559997558594,69.84709167480469,69.96916198730469,70.06111907958984
M7_YLUR_SLUR,7,LUR,LUR,2025-02-10,2025-02-12,3,Yd,1011.5348510742188,1049.8973388671875,1049.55859375,1049.3743896484375,1049.6007080078125
M7_YLUR_SLUR,7,LUR,LUR,2025-02-10,2025-02-12,3,TSE,1057.8984375,1050.1259765625,1048.458740234375,1053.1309814453125,1049.9654541015625
M7_YLUR_SLUR,7,LUR,LUR,2025-02-10,2025-02-12,3,TSEC,69.5128402709961,70.00559997558594,69.90287780761719,69.85818481445312,70.0540771484375
M7_YLUR_SLUR,7,LUR,LUR,2025-02-11,2025-02-11,1,Yd,1038.2979736328125,1049.891845703125,1050.3319091796875,1052.4715576171875,1049.7890625
M7_YLUR_SLUR,7,LUR,LUR,2025-02-11,2025-02-11,1,TSE,1050.2967529296875,1050.12890625,1047.7982177734375,1053.495361328125,1049.9576416015625
M7_YLUR_SLUR,7,LUR,LUR,2025-02-11,2025-02-11,1,TSEC,69.91954040527344,70.0059585571289,69.85260772705078,70.10153198242188,70.0267333984375
M7_YLUR_SLUR,7,LUR,LUR,2025-02-11,2025-02-12,2,Yd,1011.5348510742188,1049.891845703125,1048.8629150390625,1049.14306640625,1049.5986328125
M7_YLUR_SLUR,7,LUR,LUR,2025-02-11,2025-02-12,2,TSE,1057.8984375,1050.12890625,1051.329345703125,1053.956787109375,1050.1268310546875
M7_YLUR_SLUR,7,LUR,LUR,2025-02-11,2025-02-12,2,TSEC,69.5128402709961,70.0059585571289,69.93759155273438,69.85673522949219,70.02525329589844
M7_YLUR_SLUR,7,LUR,LUR,2025-02-11,2025-02-13,3,Yd,1051.712158203125,1049.891845703125,1050.05810546875,1046.9805908203125,1049.3895263671875
M7_YLUR_SLUR,7,LUR,LUR,2025-02-11,2025-02-13,3,TSE,1048.197998046875,1050.12890625,1049.2774658203125,1054.2769775390625,1050.16162109375
M7_YLUR_SLUR,7,LUR,LUR,2025-02-11,2025-02-13,3,TSEC,69.91244506835938,70.0059585571289,69.83060455322266,69.82772064208984,70.02933502197266
M7_YLUR_SLUR,7,LUR,LUR,2025-02-12,2025-02-12,1,Yd,1011.5348510742188,1049.8768310546875,1051.0008544921875,1048.09716796875,1049.6839599609375
M7_YLUR_SLUR,7,LUR,LUR,2025-02-12,2025-02-12,1,TSE,1057.8984375,1050.129150390625,1052.1053466796875,1049.762939453125,1050.11328125
M7_YLUR_SLUR,7,LUR,LUR,2025-02-12,2025-02-12,1,TSEC,69.5128402709961,70.00584411621094,69.929931640625,69.9755859375,70.01188659667969
M7_YLUR_SLUR,7,LUR,LUR,2025-02-12,2025-02-13,2,Yd,1051.712158203125,1049.8768310546875,1048.974365234375,1048.3126220703125,1049.4976806640625
M7_YLUR_SLUR,7,LUR,LUR,2025-02-12,2025-02-13,2,TSE,1048.197998046875,1050.129150390625,1048.6644287109375,1048.9844970703125,1050.1842041015625
M7_YLUR_SLUR,7,LUR,LUR,2025-02-12,2025-02-13,2,TSEC,69.91244506835938,70.00584411621094,69.83470153808594,69.93115234375,70.0133285522461
M7_YLUR_SLUR,7,LUR,LUR,2025-02-12,2025-02-14,3,Yd,1057.57421875,1049.8768310546875,1050.0501708984375,1046.83837890625,1049.5584716796875
M7_YLUR_SLUR,7,LUR,LUR,2025-02-12,2025-02-14,3,TSE,1050.31298828125,1050.129150390625,1055.4566650390625,1048.497314453125,1050.0367431640625
M7_YLUR_SLUR,7,LUR,LUR,2025-02-12,2025-02-14,3,TSEC,69.9118423461914,70.00584411621094,69.96224975585938,69.9811782836914,70.02388000488281
M7_YLUR_SLUR,7,LUR,LUR,2025-02-13,2025-02-13,1,Yd,1051.712158203125,1049.8272705078125,1048.0428466796875,1050.2181396484375,1049.7060546875
M7_YLUR_SLUR,7,LUR,LUR,2025-02-13,2025-02-13,1,TSE,1048.197998046875,1050.13916015625,1050.9205322265625,1050.4029541015625,1050.07177734375
M7_YLUR_SLUR,7,LUR,LUR,2025-02-13,2025-02-13,1,TSEC,69.91244506835938,70.00521087646484,69.86579132080078,69.92333221435547,70.01441955566406
M7_YLUR_SLUR,7,LUR,LUR,2025-02-13,2025-02-14,2,Yd,1057.57421875,1049.8272705078125,1051.010009765625,1048.7138671875,1049.736083984375
M7_YLUR_SLUR,7,LUR,LUR,2025-02-13,2025-02-14,2,TSE,1050.31298828125,1050.13916015625,1052.381591796875,1049.2021484375,1049.91552734375
M7_YLUR_SLUR,7,LUR,LUR,2025-02-13,2025-02-14,2,TSEC,69.9118423461914,70.00521087646484,69.9666976928711,69.9293441772461,70.0270767211914
M7_YLUR_SLUR,7,LUR,LUR,2025-02-13,2025-02-15,3,Yd,1070.222900390625,1049.8272705078125,1047.6380615234375,1045.94140625,1049.9749755859375
M7_YLUR_SLUR,7,LUR,LUR,2025-02-13,2025-02-15,3,TSE,1052.34765625,1050.13916015625,1050.839111328125,1046.7611083984375,1049.6343994140625
M7_YLUR_SLUR,7,LUR,LUR,2025-02-13,2025-02-15,3,TSEC,68.96720886230469,70.00521087646484,69.97370910644531,70.25675201416016,70.03744506835938
M7_YLUR_SLUR,7,LUR,LUR,2025-02-14,2025-02-14,1,Yd,1057.57421875,1049.8297119140625,1048.5411376953125,1048.9122314453125,1050.017822265625
M7_YLUR_SLUR,7,LUR,LUR,2025-02-14,2025-02-14,1,TSE,1050.31298828125,1050.13671875,1053.096435546875,1049.720947265625,1049.9033203125
M7_YLUR_SLUR,7,LUR,LUR,2025-02-14,2025-02-14,1,TSEC,69.9118423461914,70.00508880615234,69.96748352050781,69.74171447753906,70.02168273925781
M7_YLUR_SLUR,7,LUR,LUR,2025-02-14,2025-02-15,2,Yd,1070.222900390625,1049.8297119140625,1049.3665771484375,1049.0943603515625,1050.1829833984375
M7_YLUR_SLUR,7,LUR,LUR,2025-02-14,2025-02-15,2,TSE,1052.34765625,1050.13671875,1050.2659912109375,1050.7923583984375,1049.619140625
M7_YLUR_SLUR,7,LUR,LUR,2025-02-14,2025-02-15,2,TSEC,68.96720886230469,70.00508880615234,69.96302795410156,70.12100219726562,70.03050231933594
M7_YLUR_SLUR,7,LUR,LUR,2025-02-14,2025-02-16,3,Yd,1062.927490234375,1049.8297119140625,1048.74267578125,1051.1785888671875,1050.406982421875
M7_YLUR_SLUR,7,LUR,LUR,2025-02-14,2025-02-16,3,TSE,1050.3944091796875,1050.13671875,1051.3839111328125,1045.173583984375,1049.40234375
M7_YLUR_SLUR,7,LUR,LUR,2025-02-14,2025-02-16,3,TSEC,70.17294311523438,70.00508880615234,69.9683609008789,70.0204849243164,70.0427017211914
M7_YLUR_SLUR,7,LUR,LUR,2025-02-15,2025-02-15,1,Yd,1070.222900390625,1049.8397216796875,1045.2813720703125,1047.2816162109375,1050.117431640625
M7_YLUR_SLUR,7,LUR,LUR,2025-02-15,2025-02-15,1,TSE,1052.34765625,1050.136962890625,1050.963134765625,1051.3162841796875,1049.7215576171875
M7_YLUR_SLUR,7,LUR,LUR,2025-02-15,2025-02-15,1,TSEC,68.96720886230469,70.00496673583984,69.96763610839844,70.07048797607422,70.02776336669922
M7_YLUR_SLUR,7,LUR,LUR,2025-02-15,2025-02-16,2,Yd,1062.927490234375,1049.8397216796875,1045.4306640625,1048.614013671875,1050.2425537109375
M7_YLUR_SLUR,7,LUR,LUR,2025-02-15,2025-02-16,2,TSE,1050.3944091796875,1050.136962890625,1050.3565673828125,1051.82861328125,1049.453369140625
M7_YLUR_SLUR,7,LUR,LUR,2025-02-15,2025-02-16,2,TSEC,70.17294311523438,70.00496673583984,69.95771789550781,70.04878234863281,70.05132293701172
M7_YLUR_SLUR,7,LUR,LUR,2025-02-15,2025-02-17,3,Yd,1036.156494140625,1049.8397216796875,1046.95849609375,1051.1768798828125,1050.1068115234375
M7_YLUR_SLUR,7,LUR,LUR,2025-02-15,2025-02-17,3,TSE,1048.957763671875,1050.136962890625,1051.2537841796875,1048.5987548828125,1049.2596435546875
M7_YLUR_SLUR,7,LUR,LUR,2025-02-15,2025-02-17,3,TSEC,71.49608612060547,70.00496673583984,69.97113800048828,69.98686218261719,70.07803344726562
M7_YLUR_SLUR,7,LUR,LUR,2025-02-16,2025-02-16,1,Yd,1062.927490234375,1049.865966796875,1044.9395751953125,1047.51171875,1049.93603515625
M7_YLUR_SLUR,7,LUR,LUR,2025-02-16,2025-02-16,1,TSE,1050.3944091796875,1050.1397705078125,1052.7364501953125,1050.796875,1049.6026611328125
M7_YLUR_SLUR,7,LUR,LUR,2025-02-16,2025-02-16,1,TSEC,70.17294311523438,70.00363159179688,69.9610824584961,70.02784729003906,70.05086517333984
M7_YLUR_SLUR,7,LUR,LUR,2025-02-16,2025-02-17,2,Yd,1036.156494140625,1049.865966796875,1057.322265625,1050.9127197265625,1049.888916015625
M7_YLUR_SLUR,7,LUR,LUR,2025-02-16,2025-02-17,2,TSE,1048.957763671875,1050.1397705078125,1046.460205078125,1052.026123046875,1049.3121337890625
M7_YLUR_SLUR,7,LUR,LUR,2025-02-16,2025-02-17,2,TSEC,71.49608612060547,70.00363159179688,69.92625427246094,69.85895538330078,70.08143615722656
M7_YLUR_SLUR,7,LUR,LUR,2025-02-16,2025-02-18,3,Yd,1063.5166015625,1049.865966796875,1045.10498046875,1050.0760498046875,1049.8675537109375
M7_YLUR_SLUR,7,LUR,LUR,2025-02-16,2025-02-18,3,TSE,1039.410888671875,1050.1397705078125,1051.01513671875,1051.179931640625,1049.210205078125
M7_YLUR_SLUR,7,LUR,LUR,2025-02-16,2025-02-18,3,TSEC,69.47432708740234,70.00363159179688,69.8734359741211,69.86322021484375,70.0926513671875
M7_YLUR_SLUR,7,LUR,LUR,2025-02-17,2025-02-17,1,Yd,1036.156494140625,1049.8826904296875,1050.36376953125,1051.5687255859375,1049.8348388671875
M7_YLUR_SLUR,7,LUR,LUR,2025-02-17,2025-02-17,1,TSE,1048.957763671875,1050.14013671875,1046.2772216796875,1049.033203125,1049.5439453125
M7_YLUR_SLUR,7,LUR,LUR,2025-02-17,2025-02-17,1,TSEC,71.49608612060547,70.00385284423828,69.90454864501953,70.00689697265625,70.04862976074219
M7_YLUR_SLUR,7,LUR,LUR,2025-02-17,2025-02-18,2,Yd,1063.5166015625,1049.8826904296875,1050.0230712890625,1046.473388671875,1049.75732421875
M7_YLUR_SLUR,7,LUR,LUR,2025-02-17,2025-02-18,2,TSE,1039.410888671875,1050.14013671875,1051.098388671875,1054.2200927734375,1049.44775390625
M7_YLUR_SLUR,7,LUR,LUR,2025-02-17,2025-02-18,2,TSEC,69.47432708740234,70.00385284423828,69.92830657958984,69.859130859375,70.07108306884766
M7_YLUR_SLUR,7,LUR,LUR,2025-02-17,2025-02-19,3,Yd,1028.820068359375,1049.8826904296875,1050.3316650390625,1045.2984619140625,1049.7100830078125
M7_YLUR_SLUR,7,LUR,LUR,2025-02-17,2025-02-19,3,TSE,1052.50537109375,1050.14013671875,1048.063720703125,1054.180908203125,1049.6318359375
M7_YLUR_SLUR,7,LUR,LUR,2025-02-17,2025-02-19,3,TSEC,70.29277801513672,70.00385284423828,69.83345794677734,69.73267364501953,70.06784057617188
M7_YLUR_SLUR,7,LUR,LUR,2025-02-18,2025-02-18,1,Yd,1063.5166015625,1049.8651123046875,1050.091796875,1047.418212890625,1049.7977294921875
M7_YLUR_SLUR,7,LUR,LUR,2025-02-18,2025-02-18,1,TSE,1039.410888671875,1050.138671875,1050.0087890625,1051.75244140625,1049.91015625
M7_YLUR_SLUR,7,LUR,LUR,2025-02-18,2025-02-18,1,TSEC,69.47432708740234,70.00576782226562,69.8865737915039,70.05998229980469,70.02583312988281
M7_YLUR_SLUR,7,LUR,LUR,2025-02-18,2025-02-19,2,Yd,1028.820068359375,1049.8651123046875,1050.2388916015625,1046.94287109375,1049.654052734375
M7_YLUR_SLUR,7,LUR,LUR,2025-02-18,2025-02-19,2,TSE,1052.50537109375,1050.138671875,1050.180419921875,1049.6712646484375,1050.0303955078125
M7_YLUR_SLUR,7,LUR,LUR,2025-02-18,2025-02-19,2,TSEC,70.29277801513672,70.00576782226562,69.9062728881836,69.9840316772461,70.02391815185547
M7_YLUR_SLUR,7,LUR,LUR,2025-02-18,2025-02-20,3,Yd,1045.5465087890625,1049.8651123046875,1050.1671142578125,1046.4691162109375,1049.437255859375
M7_YLUR_SLUR,7,LUR,LUR,2025-02-18,2025-02-20,3,TSE,1038.653564453125,1050.138671875,1050.6048583984375,1052.82080078125,1050.0765380859375
M7_YLUR_SLUR,7,LUR,LUR,2025-02-18,2025-02-20,3,TSEC,71.28795623779297,70.00576782226562,69.87018585205078,69.93611145019531,70.02449035644531
M7_YLUR_SLUR,7,LUR,LUR,2025-02-19,2025-02-19,1,Yd,1028.820068359375,1049.882568359375,1051.542724609375,1047.94873046875,1049.6802978515625
M7_YLUR_SLUR,7,LUR,LUR,2025-02-19,2025-02-19,1,TSE,1052.50537109375,1050.1248779296875,1048.494140625,1050.382568359375,1050.0977783203125
M7_YLUR_SLUR,7,LUR,LUR,2025-02-19,2025-02-19,1,TSEC,70.29277801513672,70.00508880615234,69.9273910522461,69.83546447753906,70.014404296875
M7_YLUR_SLUR,7,LUR,LUR,2025-02-19,2025-02-20,2,Yd,1045.5465087890625,1049.882568359375,1050.3411865234375,1048.9608154296875,1049.440673828125
M7_YLUR_SLUR,7,LUR,LUR,2025-02-19,2025-02-20,2,TSE,1038.653564453125,1050.1248779296875,1051.71044921875,1050.5850830078125,1050.098876953125
M7_YLUR_SLUR,7,LUR,LUR,2025-02-19,2025-02-20,2,TSEC,71.28795623779297,70.00508880615234,69.86279296875,69.82906341552734,70.0223159790039
M7_YLUR_SLUR,7,LUR,LUR,2025-02-19,2025-02-21,3,Yd,1070.7840576171875,1049.882568359375,1050.5709228515625,1050.8319091796875,1049.5279541015625
M7_YLUR_SLUR,7,LUR,LUR,2025-02-19,2025-02-21,3,TSE,1045.95263671875,1050.1248779296875,1052.6407470703125,1049.35546875,1049.9117431640625
M7_YLUR_SLUR,7,LUR,LUR,2025-02-19,2025-02-21,3,TSEC,71.31959533691406,70.00508880615234,69.9566879272461,69.7949447631836,70.0307388305664
M7_YLUR_SLUR,7,LUR,LUR,2025-02-20,2025-02-20,1,Yd,1045.5465087890625,1049.8555908203125,1048.9625244140625,1049.50048828125,1049.6812744140625
M7_YLUR_SLUR,7,LUR,LUR,2025-02-20,2025-02-20,1,TSE,1038.653564453125,1050.1279296875,1051.3525390625,1049.3704833984375,1050.1009521484375
M7_YLUR_SLUR,7,LUR,LUR,2025-02-20,2025-02-20,1,TSEC,71.28795623779297,70.00545501708984,69.77102661132812,69.94722747802734,70.00798797607422
M7_YLUR_SLUR,7,LUR,LUR,2025-02-20,2025-02-21,2,Yd,1070.7840576171875,1049.8555908203125,1049.362548828125,1045.91748046875,1049.6904296875
M7_YLUR_SLUR,7,LUR,LUR,2025-02-20,2025-02-21,2,TSE,1045.95263671875,1050.1279296875,1051.7711181640625,1049.744384765625,1049.973876953125
M7_YLUR_SLUR,7,LUR,LUR,2025-02-20,2025-02-21,2,TSEC,71.31959533691406,70.00545501708984,70.02615356445312,69.73666381835938,70.01581573486328
M7_YLUR_SLUR,7,LUR,LUR,2025-02-20,2025-02-22,3,Yd,1050.0128173828125,1049.8555908203125,1046.724853515625,1044.5531005859375,1049.9232177734375
M7_YLUR_SLUR,7,LUR,LUR,2025-02-20,2025-02-22,3,TSE,1030.8760986328125,1050.1279296875,1051.3590087890625,1049.760009765625,1049.728271484375
M7_YLUR_SLUR,7,LUR,LUR,2025-02-20,2025-02-22,3,TSEC,70.2365951538086,70.00545501708984,70.14183807373047,70.11331939697266,70.02857208251953
M7_YLUR_SLUR,7,LUR,LUR,2025-02-21,2025-02-21,1,Yd,1070.7840576171875,1049.85009765625,1051.1910400390625,1049.3310546875,1049.9202880859375
M7_YLUR_SLUR,7,LUR,LUR,2025-02-21,2025-02-21,1,TSE,1045.95263671875,1050.11328125,1052.667236328125,1048.9107666015625,1050.030517578125
M7_YLUR_SLUR,7,LUR,LUR,2025-02-21,2025-02-21,1,TSEC,71.31959533691406,70.00709533691406,69.90693664550781,69.87953186035156,70.01055145263672
M7_YLUR_SLUR,7,LUR,LUR,2025-02-21,2025-02-22,2,Yd,1050.0128173828125,1049.85009765625,1051.1978759765625,1049.659912109375,1050.0133056640625
M7_YLUR_SLUR,7,LUR,LUR,2025-02-21,2025-02-22,2,TSE,1030.8760986328125,1050.11328125,1051.080322265625,1050.4429931640625,1049.8028564453125
M7_YLUR_SLUR,7,LUR,LUR,2025-02-21,2025-02-22,2,TSEC,70.2365951538086,70.00709533691406,69.98157501220703,70.21772003173828,70.01725006103516
M7_YLUR_SLUR,7,LUR,LUR,2025-02-21,2025-02-23,3,Yd,1051.452880859375,1049.85009765625,1052.0379638671875,1053.37255859375,1050.2301025390625
M7_YLUR_SLUR,7,LUR,LUR,2025-02-21,2025-02-23,3,TSE,1047.662109375,1050.11328125,1050.442138671875,1047.302978515625,1049.6019287109375
M7_YLUR_SLUR,7,LUR,LUR,2025-02-21,2025-02-23,3,TSEC,70.09654235839844,70.00709533691406,69.90388488769531,70.25410461425781,70.0257568359375
M7_YLUR_SLUR,7,LUR,LUR,2025-02-22,2025-02-22,1,Yd,1050.0128173828125,1049.876953125,1050.039306640625,1047.145263671875,1049.985107421875
M7_YLUR_SLUR,7,LUR,LUR,2025-02-22,2025-02-22,1,TSE,1030.8760986328125,1050.10791015625,1051.23876953125,1054.2388916015625,1049.8604736328125
M7_YLUR_SLUR,7,LUR,LUR,2025-02-22,2025-02-22,1,TSEC,70.2365951538086,70.00877380371094,69.79756927490234,69.97978210449219,70.01842498779297
M7_YLUR_SLUR,7,LUR,LUR,2025-02-22,2025-02-23,2,Yd,1051.452880859375,1049.876953125,1048.44873046875,1054.5447998046875,1050.0775146484375
M7_YLUR_SLUR,7,LUR,LUR,2025-02-22,2025-02-23,2,TSE,1047.662109375,1050.10791015625,1050.5906982421875,1050.6058349609375,1049.5953369140625
M7_YLUR_SLUR,7,LUR,LUR,2025-02-22,2025-02-23,2,TSEC,70.09654235839844,70.00877380371094,70.02161407470703,70.04496002197266,70.03828430175781
M7_YLUR_SLUR,7,LUR,LUR,2025-02-22,2025-02-24,3,Yd,1056.36474609375,1049.876953125,1050.586669921875,1053.09521484375,1049.9796142578125
M7_YLUR_SLUR,7,LUR,LUR,2025-02-22,2025-02-24,3,TSE,1042.7281494140625,1050.10791015625,1051.395751953125,1052.30029296875,1049.388916015625
M7_YLUR_SLUR,7,LUR,LUR,2025-02-22,2025-02-24,3,TSEC,70.53742218017578,70.00877380371094,70.00242614746094,70.07779693603516,70.05892181396484
M7_YLUR_SLUR,7,LUR,LUR,2025-02-23,2025-02-23,1,Yd,1051.452880859375,1049.8770751953125,1051.8826904296875,1051.056884765625,1049.9423828125
M7_YLUR_SLUR,7,LUR,LUR,2025-02-23,2025-02-23,1,TSE,1047.662109375,1050.0833740234375,1050.4873046875,1055.0107421875,1049.7623291015625
M7_YLUR_SLUR,7,LUR,LUR,2025-02-23,2025-02-23,1,TSEC,70.09654235839844,70.0090560913086,70.0096664428711,70.05094909667969,70.03886413574219
M7_YLUR_SLUR,7,LUR,LUR,2025-02-23,2025-02-24,2,Yd,1056.36474609375,1049.8770751953125,1048.9302978515625,1049.229736328125,1049.8916015625
M7_YLUR_SLUR,7,LUR,LUR,2025-02-23,2025-02-24,2,TSE,1042.7281494140625,1050.0833740234375,1051.1307373046875,1055.9466552734375,1049.56689453125
M7_YLUR_SLUR,7,LUR,LUR,2025-02-23,2025-02-24,2,TSEC,70.53742218017578,70.0090560913086,70.01454162597656,70.09081268310547,70.06159210205078
M7_YLUR_SLUR,7,LUR,LUR,2025-02-23,2025-02-25,3,Yd,1056.59423828125,1049.8770751953125,1050.874755859375,1048.9195556640625,1049.7791748046875
M7_YLUR_SLUR,7,LUR,LUR,2025-02-23,2025-02-25,3,TSE,1063.6025390625,1050.0833740234375,1050.5621337890625,1052.06396484375,1049.630859375
M7_YLUR_SLUR,7,LUR,LUR,2025-02-23,2025-02-25,3,TSEC,69.30564880371094,70.0090560913086,69.97142791748047,70.01434326171875,70.0682373046875
M7_YLUR_SLUR,7,LUR,LUR,2025-02-24,2025-02-24,1,Yd,1056.36474609375,1049.8790283203125,1050.0020751953125,1052.2674560546875,1049.827880859375
M7_YLUR_SLUR,7,LUR,LUR,2025-02-24,2025-02-24,1,TSE,1042.7281494140625,1050.0802001953125,1049.9471435546875,1052.565185546875,1049.77294921875
M7_YLUR_SLUR,7,LUR,LUR,2025-02-24,2025-02-24,1,TSEC,70.53742218017578,70.00917053222656,70.01229095458984,70.11262512207031,70.04149627685547
M7_YLUR_SLUR,7,LUR,LUR,2025-02-24,2025-02-25,2,Yd,1056.59423828125,1049.8790283203125,1050.040771484375,1045.3753662109375,1049.6185302734375
M7_YLUR_SLUR,7,LUR,LUR,2025-02-24,2025-02-25,2,TSE,1063.6025390625,1050.0802001953125,1049.9007568359375,1054.414794921875,1049.8155517578125
M7_YLUR_SLUR,7,LUR,LUR,2025-02-24,2025-02-25,2,TSEC,69.30564880371094,70.00917053222656,69.97427368164062,69.8591079711914,70.05372619628906
M7_YLUR_SLUR,7,LUR,LUR,2025-02-24,2025-02-26,3,Yd,1054.875,1049.8790283203125,1050.152099609375,1044.6610107421875,1049.4725341796875
M7_YLUR_SLUR,7,LUR,LUR,2025-02-24,2025-02-26,3,TSE,1046.92822265625,1050.0802001953125,1049.848876953125,1055.0233154296875,1050.0216064453125
M7_YLUR_SLUR,7,LUR,LUR,2025-02-24,2025-02-26,3,TSEC,68.7781982421875,70.00917053222656,69.8948745727539,69.78317260742188,70.04629516601562
M7_YLUR_SLUR,7,LUR,LUR,2025-02-25,2025-02-25,1,Yd,1056.59423828125,1049.8873291015625,1049.8939208984375,1047.80419921875,1049.66796875
M7_YLUR_SLUR,7,LUR,LUR,2025-02-25,2025-02-25,1,TSE,1063.6025390625,1050.0709228515625,1051.798095703125,1051.84521484375,1050.0311279296875
M7_YLUR_SLUR,7,LUR,LUR,2025-02-25,2025-02-25,1,TSEC,69.30564880371094,70.00984191894531,69.91744995117188,69.94638061523438,70.02375793457031
M7_YLUR_SLUR,7,LUR,LUR,2025-02-25,2025-02-26,2,Yd,1054.875,1049.8873291015625,1050.0548095703125,1046.46728515625,1049.398681640625
M7_YLUR_SLUR,7,LUR,LUR,2025-02-25,2025-02-26,2,TSE,1046.92822265625,1050.0709228515625,1052.8602294921875,1052.228759765625,1050.21630859375
M7_YLUR_SLUR,7,LUR,LUR,2025-02-25,2025-02-26,2,TSEC,68.7781982421875,70.00984191894531,69.88811492919922,69.91390991210938,70.02407836914062
M7_YLUR_SLUR,7,LUR,LUR,2025-02-25,2025-02-27,3,Yd,1062.6805419921875,1049.8873291015625,1048.7718505859375,1046.6993408203125,1049.1673583984375
M7_YLUR_SLUR,7,LUR,LUR,2025-02-25,2025-02-27,3,TSE,1050.7532958984375,1050.0709228515625,1050.85791015625,1053.2017822265625,1050.30859375
M7_YLUR_SLUR,7,LUR,LUR,2025-02-25,2025-02-27,3,TSEC,69.8484878540039,70.00984191894531,69.86014556884766,69.85436248779297,70.02294921875
M7_YLUR_SLUR,7,LUR,LUR,2025-02-26,2025-02-26,1,Yd,1054.875,1049.895751953125,1050.9107666015625,1048.4742431640625,1049.6407470703125
M7_YLUR_SLUR,7,LUR,LUR,2025-02-26,2025-02-26,1,TSE,1046.92822265625,1050.088134765625,1050.1612548828125,1050.0518798828125,1050.09521484375
M7_YLUR_SLUR,7,LUR,LUR,2025-02-26,2025-02-26,1,TSEC,68.7781982421875,70.00894927978516,69.96168518066406,70.02598571777344,70.01510620117188
M7_YLUR_SLUR,7,LUR,LUR,2025-02-26,2025-02-27,2,Yd,1062.6805419921875,1049.895751953125,1050.880126953125,1048.6348876953125,1049.3592529296875
M7_YLUR_SLUR,7,LUR,LUR,2025-02-26,2025-02-27,2,TSE,1050.7532958984375,1050.088134765625,1049.39501953125,1052.2916259765625,1050.0875244140625
M7_YLUR_SLUR,7,LUR,LUR,2025-02-26,2025-02-27,2,TSEC,69.8484878540039,70.00894927978516,69.85615539550781,69.92240905761719,70.02470397949219
M7_YLUR_SLUR,7,LUR,LUR,2025-02-26,2025-02-28,3,Yd,1054.0169677734375,1049.895751953125,1049.24365234375,1047.848388671875,1049.415283203125
M7_YLUR_SLUR,7,LUR,LUR,2025-02-26,2025-02-28,3,TSE,1036.9429931640625,1050.088134765625,1048.9140625,1051.35302734375,1049.898193359375
M7_YLUR_SLUR,7,LUR,LUR,2025-02-26,2025-02-28,3,TSEC,69.72938537597656,70.00894927978516,69.95821380615234,70.0186996459961,70.03358459472656
M7_YLUR_SLUR,7,LUR,LUR,2025-02-27,2025-02-27,1,Yd,1062.6805419921875,1049.902099609375,1049.1337890625,1045.37744140625,1049.6424560546875
M7_YLUR_SLUR,7,LUR,LUR,2025-02-27,2025-02-27,1,TSE,1050.7532958984375,1050.0841064453125,1049.3421630859375,1051.519287109375,1050.0325927734375
M7_YLUR_SLUR,7,LUR,LUR,2025-02-27,2025-02-27,1,TSEC,69.8484878540039,70.00738525390625,70.06382751464844,69.99044036865234,70.01765441894531
M7_YLUR_SLUR,7,LUR,LUR,2025-02-27,2025-02-28,2,Yd,1054.0169677734375,1049.902099609375,1050.2613525390625,1046.3021240234375,1049.6214599609375
M7_YLUR_SLUR,7,LUR,LUR,2025-02-27,2025-02-28,2,TSE,1036.9429931640625,1050.0841064453125,1048.8328857421875,1051.6422119140625,1049.8773193359375
M7_YLUR_SLUR,7,LUR,LUR,2025-02-27,2025-02-28,2,TSEC,69.72938537597656,70.00738525390625,69.9527816772461,69.9104232788086,70.0336685180664
M7_YLUR_SLUR,7,LUR,LUR,2025-02-27,2025-03-01,3,Yd,1050.402099609375,1049.902099609375,1051.3079833984375,1046.17822265625,1049.82666015625
M7_YLUR_SLUR,7,LUR,LUR,2025-02-27,2025-03-01,3,TSE,1063.4642333984375,1050.0841064453125,1049.0318603515625,1050.27880859375,1049.6156005859375
M7_YLUR_SLUR,7,LUR,LUR,2025-02-27,2025-03-01,3,TSEC,69.61566162109375,70.00738525390625,69.8777084350586,69.9131851196289,70.05248260498047
M7_YLUR_SLUR,7,LUR,LUR,2025-02-28,2025-02-28,1,Yd,1054.0169677734375,1049.91845703125,1049.3756103515625,1043.969970703125,1049.8646240234375
M7_YLUR_SLUR,7,LUR,LUR,2025-02-28,2025-02-28,1,TSE,1036.9429931640625,1050.0849609375,1050.2464599609375,1051.7882080078125,1049.8829345703125
M7_YLUR_SLUR,7,LUR,LUR,2025-02-28,2025-02-28,1,TSEC,69.72938537597656,70.00718688964844,69.93488311767578,69.98580169677734,70.02525329589844
M7_YLUR_SLUR,7,LUR,LUR,2025-02-28,2025-03-01,2,Yd,1050.402099609375,1049.91845703125,1050.3856201171875,1046.8438720703125,1049.9652099609375
M7_YLUR_SLUR,7,LUR,LUR,2025-02-28,2025-03-01,2,TSE,1063.4642333984375,1050.0849609375,1049.9832763671875,1051.968017578125,1049.5989990234375
M7_YLUR_SLUR,7,LUR,LUR,2025-02-28,2025-03-01,2,TSEC,69.61566162109375,70.00718688964844,70.07510375976562,70.08086395263672,70.04518127441406
M7_YLUR_SLUR,7,LUR,LUR,2025-02-28,2025-03-02,3,Yd,1049.1258544921875,1049.91845703125,1049.673583984375,1047.7882080078125,1050.0394287109375
M7_YLUR_SLUR,7,LUR,LUR,2025-02-28,2025-03-02,3,TSE,1057.277587890625,1050.0849609375,1049.8411865234375,1049.8262939453125,1049.2606201171875
M7_YLUR_SLUR,7,LUR,LUR,2025-02-28,2025-03-02,3,TSEC,70.01543426513672,70.00718688964844,69.9693832397461,70.06346893310547,70.0736312866211
M7_YLUR_SLUR,7,LUR,LUR,2025-03-01,2025-03-01,1,Yd,1050.402099609375,1049.923583984375,1050.883056640625,1045.9189453125,1049.9613037109375
M7_YLUR_SLUR,7,LUR,LUR,2025-03-01,2025-03-01,1,TSE,1063.4642333984375,1050.068359375,1051.0076904296875,1051.6192626953125,1049.780517578125
M7_YLUR_SLUR,7,LUR,LUR,2025-03-01,2025-03-01,1,TSEC,69.61566162109375,70.0068359375,69.88214111328125,69.9842529296875,70.03465270996094
M7_YLUR_SLUR,7,LUR,LUR,2025-03-01,2025-03-02,2,Yd,1049.1258544921875,1049.923583984375,1050.191650390625,1048.075439453125,1049.953857421875
M7_YLUR_SLUR,7,LUR,LUR,2025-03-01,2025-03-02,2,TSE,1057.277587890625,1050.068359375,1050.545166015625,1052.8516845703125,1049.4515380859375
M7_YLUR_SLUR,7,LUR,LUR,2025-03-01,2025-03-02,2,TSEC,70.01543426513672,70.0068359375,70.00334930419922,70.11651611328125,70.0715103149414
M7_YLUR_SLUR,7,LUR,LUR,2025-03-01,2025-03-03,3,Yd,1034.3553466796875,1049.923583984375,1047.54638671875,1048.60595703125,1049.8709716796875
M7_YLUR_SLUR,7,LUR,LUR,2025-03-01,2025-03-03,3,TSE,1057.4007568359375,1050.068359375,1051.2823486328125,1051.52392578125,1049.195068359375
M7_YLUR_SLUR,7,LUR,LUR,2025-03-01,2025-03-03,3,TSEC,68.42477416992188,70.0068359375,70.06890106201172,70.1873779296875,70.09896850585938
M7_YLUR_SLUR,7,LUR,LUR,2025-03-02,2025-03-02,1,Yd,1049.1258544921875,1049.9241943359375,1050.023681640625,1049.645751953125,1049.8779296875
M7_YLUR_SLUR,7,LUR,LUR,2025-03-02,2025-03-02,1,TSE,1057.277587890625,1050.085205078125,1049.65869140625,1048.37353515625,1049.6258544921875
M7_YLUR_SLUR,7,LUR,LUR,2025-03-02,2025-03-02,1,TSEC,70.01543426513672,70.00634002685547,70.01319122314453,69.85686492919922,70.05056762695312
M7_YLUR_SLUR,7,LUR,LUR,2025-03-02,2025-03-03,2,Yd,1034.3553466796875,1049.9241943359375,1050.4725341796875,1047.9755859375,1049.7760009765625
M7_YLUR_SLUR,7,LUR,LUR,2025-03-02,2025-03-03,2,TSE,1057.4007568359375,1050.085205078125,1049.618408203125,1051.3271484375,1049.304443359375
M7_YLUR_SLUR,7,LUR,LUR,2025-03-02,2025-03-03,2,TSEC,68.42477416992188,70.00634002685547,69.93911743164062,69.96200561523438,70.08202362060547
M7_YLUR_SLUR,7,LUR,LUR,2025-03-02,2025-03-04,3,Yd,1043.0244140625,1049.9241943359375,1049.179443359375,1045.1826171875,1049.6322021484375
M7_YLUR_SLUR,7,LUR,LUR,2025-03-02,2025-03-04,3,TSE,1052.1370849609375,1050.085205078125,1049.47509765625,1051.2802734375,1049.2652587890625
M7_YLUR_SLUR,7,LUR,LUR,2025-03-02,2025-03-04,3,TSEC,70.58694458007812,70.00634002685547,70.02645874023438,70.03888702392578,70.09137725830078
M7_YLUR_SLUR,7,LUR,LUR,2025-03-03,2025-03-03,1,Yd,1034.3553466796875,1049.923095703125,1050.751220703125,1048.086181640625,1049.7791748046875
M7_YLUR_SLUR,7,LUR,LUR,2025-03-03,2025-03-03,1,TSE,1057.4007568359375,1050.0943603515625,1049.6185302734375,1049.4884033203125,1049.57080078125
M7_YLUR_SLUR,7,LUR,LUR,2025-03-03,2025-03-03,1,TSEC,68.42477416992188,70.00635528564453,69.90716552734375,69.99925994873047,70.04753875732422
M7_YLUR_SLUR,7,LUR,LUR,2025-03-03,2025-03-04,2,Yd,1043.0244140625,1049.923095703125,1049.73193359375,1048.2813720703125,1049.5526123046875
M7_YLUR_SLUR,7,LUR,LUR,2025-03-03,2025-03-04,2,TSE,1052.1370849609375,1050.0943603515625,1049.447998046875,1052.58349609375,1049.480712890625
M7_YLUR_SLUR,7,LUR,LUR,2025-03-03,2025-03-04,2,TSEC,70.58694458007812,70.00635528564453,69.94230651855469,69.80074310302734,70.06742095947266
M7_YLUR_SLUR,7,LUR,LUR,2025-03-03,2025-03-05,3,Yd,1038.75439453125,1049.923095703125,1050.53076171875,1047.92822265625,1049.3941650390625
M7_YLUR_SLUR,7,LUR,LUR,2025-03-03,2025-03-05,3,TSE,1075.4014892578125,1050.0943603515625,1049.7100830078125,1054.3663330078125,1049.722412109375
M7_YLUR_SLUR,7,LUR,LUR,2025-03-03,2025-03-05,3,TSEC,70.09602355957031,70.00635528564453,69.94242095947266,69.81080627441406,70.0653305053711
M7_YLUR_SLUR,7,LUR,LUR,2025-03-04,2025-03-04,1,Yd,1043.0244140625,1049.903564453125,1048.9710693359375,1048.1353759765625,1049.67236328125
M7_YLUR_SLUR,7,LUR,LUR,2025-03-04,2025-03-04,1,TSE,1052.1370849609375,1050.103515625,1050.9034423828125,1048.095703125,1049.72412109375
M7_YLUR_SLUR,7,LUR,LUR,2025-03-04,2025-03-04,1,TSEC,70.58694458007812,70.00435638427734,70.07259368896484,69.98164367675781,70.0361557006836
M7_YLUR_SLUR,7,LUR,LUR,2025-03-04,2025-03-05,2,Yd,1038.75439453125,1049.903564453125,1051.3909912109375,1049.292236328125,1049.3935546875
M7_YLUR_SLUR,7,LUR,LUR,2025-03-04,2025-03-05,2,TSE,1075.4014892578125,1050.103515625,1051.8226318359375,1045.98046875,1049.878173828125
M7_YLUR_SLUR,7,LUR,LUR,2025-03-04,2025-03-05,2,TSEC,70.09602355957031,70.00435638427734,69.88978576660156,70.01753234863281,70.0411605834961
M7_YLUR_SLUR,7,LUR,LUR,2025-03-04,2025-03-06,3,Yd,1050.4112548828125,1049.903564453125,1050.0633544921875,1048.8404541015625,1049.132568359375
M7_YLUR_SLUR,7,LUR,LUR,2025-03-04,2025-03-06,3,TSE,1051.0987548828125,1050.103515625,1050.152099609375,1047.895263671875,1050.0604248046875
M7_YLUR_SLUR,7,LUR,LUR,2025-03-04,2025-03-06,3,TSEC,69.33444213867188,70.00435638427734,69.991455078125,70.13235473632812,70.04276275634766
M7_YLUR_SLUR,7,LUR,LUR,2025-03-05,2025-03-05,1,Yd,1038.75439453125,1049.894775390625,1050.03466796875,1047.536376953125,1049.63818359375
M7_YLUR_SLUR,7,LUR,LUR,2025-03-05,2025-03-05,1,TSE,1075.4014892578125,1050.1060791015625,1051.27392578125,1049.1025390625,1050.043212890625
M7_YLUR_SLUR,7,LUR,LUR,2025-03-05,2025-03-05,1,TSEC,70.09602355957031,70.00508880615234,69.83470153808594,69.87654113769531,70.01681518554688
M7_YLUR_SLUR,7,LUR,LUR,2025-03-05,2025-03-06,2,Yd,1050.4112548828125,1049.894775390625,1049.104248046875,1046.719970703125,1049.3294677734375
M7_YLUR_SLUR,7,LUR,LUR,2025-03-05,2025-03-06,2,TSE,1051.0987548828125,1050.1060791015625,1049.596923828125,1049.757568359375,1050.02880859375
M7_YLUR_SLUR,7,LUR,LUR,2025-03-05,2025-03-06,2,TSEC,69.33444213867188,70.00508880615234,69.9668960571289,70.00364685058594,70.02505493164062
M7_YLUR_SLUR,7,LUR,LUR,2025-03-05,2025-03-07,3,Yd,1057.75732421875,1049.894775390625,1050.0706787109375,1046.483154296875,1049.299072265625
M7_YLUR_SLUR,7,LUR,LUR,2025-03-05,2025-03-07,3,TSE,1048.8616943359375,1050.1060791015625,1050.6400146484375,1047.690185546875,1049.8968505859375
M7_YLUR_SLUR,7,LUR,LUR,2025-03-05,2025-03-07,3,TSEC,70.38985443115234,70.00508880615234,69.81254577636719,69.98833465576172,70.0326919555664
M7_YLUR_SLUR,7,LUR,LUR,2025-03-06,2025-03-06,1,Yd,1050.4112548828125,1049.880859375,1048.43115234375,1048.7706298828125,1049.6605224609375
M7_YLUR_SLUR,7,LUR,LUR,2025-03-06,2025-03-06,1,TSE,1051.0987548828125,1050.137939453125,1049.6759033203125,1051.554931640625,1050.009521484375
M7_YLUR_SLUR,7,LUR,LUR,2025-03-06,2025-03-06,1,TSEC,69.33444213867188,70.00520324707031,69.76659393310547,70.05015563964844,70.01335144042969
M7_YLUR_SLUR,7,LUR,LUR,2025-03-06,2025-03-07,2,Yd,1057.75732421875,1049.880859375,1050.322509765625,1047.0185546875,1049.6573486328125
M7_YLUR_SLUR,7,LUR,LUR,2025-03-06,2025-03-07,2,TSE,1048.8616943359375,1050.137939453125,1050.9630126953125,1051.6846923828125,1049.8111572265625
M7_YLUR_SLUR,7,LUR,LUR,2025-03-06,2025-03-07,2,TSEC,70.38985443115234,70.00520324707031,69.72057342529297,70.13739013671875,70.02410125732422
M7_YLUR_SLUR,7,LUR,LUR,2025-03-06,2025-03-08,3,Yd,1052.1502685546875,1049.880859375,1048.5189208984375,1048.5906982421875,1049.8895263671875
M7_YLUR_SLUR,7,LUR,LUR,2025-03-06,2025-03-08,3,TSE,1025.6566162109375,1050.137939453125,1049.6990966796875,1048.3544921875,1049.558837890625
M7_YLUR_SLUR,7,LUR,LUR,2025-03-06,2025-03-08,3,TSEC,70.29887390136719,70.00520324707031,70.08381652832031,70.1859359741211,70.03553009033203
M7_YLUR_SLUR,7,LUR,LUR,2025-03-07,2025-03-07,1,Yd,1057.75732421875,1049.8814697265625,1052.0615234375,1047.6712646484375,1049.921875
M7_YLUR_SLUR,7,LUR,LUR,2025-03-07,2025-03-07,1,TSE,1048.8616943359375,1050.13916015625,1047.8699951171875,1051.090576171875,1049.802001953125
M7_YLUR_SLUR,7,LUR,LUR,2025-03-07,2025-03-07,1,TSEC,70.38985443115234,70.00436401367188,69.96275329589844,69.81269836425781,70.01884460449219
M7_YLUR_SLUR,7,LUR,LUR,2025-03-07,2025-03-08,2,Yd,1052.1502685546875,1049.8814697265625,1051.9935302734375,1048.6375732421875,1050.0821533203125
M7_YLUR_SLUR,7,LUR,LUR,2025-03-07,2025-03-08,2,TSE,1025.6566162109375,1050.13916015625,1051.2705078125,1049.782470703125,1049.53271484375
M7_YLUR_SLUR,7,LUR,LUR,2025-03-07,2025-03-08,2,TSEC,70.29887390136719,70.00436401367188,69.8824462890625,70.15240478515625,70.03099822998047
M7_YLUR_SLUR,7,LUR,LUR,2025-03-07,2025-03-09,3,Yd,1057.3154296875,1049.8814697265625,1051.6358642578125,1049.32958984375,1050.293212890625
M7_YLUR_SLUR,7,LUR,LUR,2025-03-07,2025-03-09,3,TSE,1040.0096435546875,1050.13916015625,1049.279296875,1048.1680908203125,1049.3115234375
M7_YLUR_SLUR,7,LUR,LUR,2025-03-07,2025-03-09,3,TSEC,69.97813415527344,70.00436401367188,70.0079116821289,70.05400085449219,70.04212951660156
M7_YLUR_SLUR,7,LUR,LUR,2025-03-08,2025-03-08,1,Yd,1052.1502685546875,1049.891357421875,1048.42138671875,1048.7525634765625,1050.0599365234375
M7_YLUR_SLUR,7,LUR,LUR,2025-03-08,2025-03-08,1,TSE,1025.6566162109375,1050.1375732421875,1049.953857421875,1052.7581787109375,1049.6907958984375
M7_YLUR_SLUR,7,LUR,LUR,2025-03-08,2025-03-08,1,TSEC,70.29887390136719,70.00484466552734,70.02815246582031,69.99693298339844,70.02489471435547
M7_YLUR_SLUR,7,LUR,LUR,2025-03-08,2025-03-09,2,Yd,1057.3154296875,1049.891357421875,1048.8662109375,1048.64013671875,1050.173583984375
M7_YLUR_SLUR,7,LUR,LUR,2025-03-08,2025-03-09,2,TSE,1040.0096435546875,1050.1375732421875,1050.44384765625,1050.72900390625,1049.3702392578125
M7_YLUR_SLUR,7,LUR,LUR,2025-03-08,2025-03-09,2,TSEC,69.97813415527344,70.00484466552734,69.95100402832031,69.9972915649414,70.04769897460938
M7_YLUR_SLUR,7,LUR,LUR,2025-03-08,2025-03-10,3,Yd,1042.737548828125,1049.891357421875,1050.5379638671875,1050.2056884765625,1050.0670166015625
M7_YLUR_SLUR,7,LUR,LUR,2025-03-08,2025-03-10,3,TSE,1059.9766845703125,1050.1375732421875,1049.8887939453125,1050.33056640625,1049.162109375
M7_YLUR_SLUR,7,LUR,LUR,2025-03-08,2025-03-10,3,TSEC,69.90071868896484,70.00484466552734,69.98887634277344,70.04475402832031,70.07504272460938
M7_YLUR_SLUR,7,LUR,LUR,2025-03-09,2025-03-09,1,Yd,1057.3154296875,1049.8941650390625,1049.577880859375,1051.396240234375,1049.9500732421875
M7_YLUR_SLUR,7,LUR,LUR,2025-03-09,2025-03-09,1,TSE,1040.0096435546875,1050.1068115234375,1050.46923828125,1051.2735595703125,1049.6650390625
M7_YLUR_SLUR,7,LUR,LUR,2025-03-09,2025-03-09,1,TSEC,69.97813415527344,70.00521087646484,69.90745544433594,69.98836517333984,70.04129028320312
M7_YLUR_SLUR,7,LUR,LUR,2025-03-09,2025-03-10,2,Yd,1042.737548828125,1049.8941650390625,1049.59423828125,1049.793212890625,1049.8914794921875
M7_YLUR_SLUR,7,LUR,LUR,2025-03-09,2025-03-10,2,TSE,1059.9766845703125,1050.1068115234375,1048.1309814453125,1052.0838623046875,1049.3934326171875
M7_YLUR_SLUR,7,LUR,LUR,2025-03-09,2025-03-10,2,TSEC,69.90071868896484,70.00521087646484,69.97364807128906,70.0763931274414,70.06526184082031
M7_YLUR_SLUR,7,LUR,LUR,2025-03-09,2025-03-11,3,Yd,1048.018798828125,1049.8941650390625,1049.5965576171875,1052.9102783203125,1049.81103515625
M7_YLUR_SLUR,7,LUR,LUR,2025-03-09,2025-03-11,3,TSE,1039.8209228515625,1050.1068115234375,1049.3253173828125,1050.763671875,1049.3057861328125
M7_YLUR_SLUR,7,LUR,LUR,2025-03-09,2025-03-11,3,TSEC,69.90172576904297,70.00521087646484,69.91470336914062,70.10506439208984,70.07398223876953
M7_YLUR_SLUR,7,LUR,LUR,2025-03-10,2025-03-10,1,Yd,1042.737548828125,1049.9034423828125,1049.429443359375,1050.7744140625,1049.7841796875
M7_YLUR_SLUR,7,LUR,LUR,2025-03-10,2025-03-10,1,TSE,1059.9766845703125,1050.09423828125,1048.16455078125,1053.8721923828125,1049.61328125
M7_YLUR_SLUR,7,LUR,LUR,2025-03-10,2025-03-10,1,TSEC,69.90071868896484,70.00518035888672,69.95111846923828,70.00548553466797,70.04301452636719
M7_YLUR_SLUR,7,LUR,LUR,2025-03-10,2025-03-11,2,Yd,1048.018798828125,1049.9034423828125,1050.48779296875,1047.7550048828125,1049.59375
M7_YLUR_SLUR,7,LUR,LUR,2025-03-10,2025-03-11,2,TSE,1039.8209228515625,1050.09423828125,1049.6968994140625,1053.922119140625,1049.5472412109375
M7_YLUR_SLUR,7,LUR,LUR,2025-03-10,2025-03-11,2,TSEC,69.90172576904297,70.00518035888672,69.90345764160156,69.90489196777344,70.05825805664062
M7_YLUR_SLUR,7,LUR,LUR,2025-03-10,2025-03-12,3,Yd,1054.064453125,1049.9034423828125,1049.424072265625,1048.670166015625,1049.465576171875
M7_YLUR_SLUR,7,LUR,LUR,2025-03-10,2025-03-12,3,TSE,1051.1798095703125,1050.09423828125,1047.7667236328125,1052.5185546875,1049.8116455078125
M7_YLUR_SLUR,7,LUR,LUR,2025-03-10,2025-03-12,3,TSEC,70.70112609863281,70.00518035888672,69.9416732788086,69.8891830444336,70.05070495605469
M7_YLUR_SLUR,7,LUR,LUR,2025-03-11,2025-03-11,1,Yd,1048.018798828125,1049.89453125,1049.8013916015625,1047.4229736328125,1049.6856689453125
M7_YLUR_SLUR,7,LUR,LUR,2025-03-11,2025-03-11,1,TSE,1039.8209228515625,1050.1065673828125,1051.3870849609375,1049.99462890625,1049.80810546875
M7_YLUR_SLUR,7,LUR,LUR,2025-03-11,2025-03-11,1,TSEC,69.90172576904297,70.00505065917969,69.90436553955078,69.957275390625,70.02722930908203
M7_YLUR_SLUR,7,LUR,LUR,2025-03-11,2025-03-12,2,Yd,1054.064453125,1049.89453125,1050.342529296875,1047.729736328125,1049.4776611328125
M7_YLUR_SLUR,7,LUR,LUR,2025-03-11,2025-03-12,2,TSE,1051.1798095703125,1050.1065673828125,1052.5380859375,1053.0328369140625,1049.9912109375
M7_YLUR_SLUR,7,LUR,LUR,2025-03-11,2025-03-12,2,TSEC,70.70112609863281,70.00505065917969,69.9384536743164,69.68785095214844,70.0256576538086
M7_YLUR_SLUR,7,LUR,LUR,2025-03-11,2025-03-13,3,Yd,1060.7481689453125,1049.89453125,1048.8748779296875,1045.76171875,1049.276123046875
M7_YLUR_SLUR,7,LUR,LUR,2025-03-11,2025-03-13,3,TSE,1044.31591796875,1050.1065673828125,1050.6163330078125,1054.9698486328125,1050.1011962890625
M7_YLUR_SLUR,7,LUR,LUR,2025-03-11,2025-03-13,3,TSEC,70.31880187988281,70.00505065917969,69.86858367919922,69.75752258300781,70.02545928955078
M7_YLUR_SLUR,7,LUR,LUR,2025-03-12,2025-03-12,1,Yd,1054.064453125,1049.8922119140625,1049.7435302734375,1047.765380859375,1049.62255859375
M7_YLUR_SLUR,7,LUR,LUR,2025-03-12,2025-03-12,1,TSE,1051.1798095703125,1050.09375,1050.649658203125,1049.8140869140625,1050.1260986328125
M7_YLUR_SLUR,7,LUR,LUR,2025-03-12,2025-03-12,1,TSEC,70.70112609863281,70.00492095947266,69.92138671875,69.87738800048828,70.0084457397461
M7_YLUR_SLUR,7,LUR,LUR,2025-03-12,2025-03-13,2,Yd,1060.7481689453125,1049.8922119140625,1049.734375,1049.1041259765625,1049.30029296875
M7_YLUR_SLUR,7,LUR,LUR,2025-03-12,2025-03-13,2,TSE,1044.31591796875,1050.09375,1049.84326171875,1050.702392578125,1050.1326904296875
M7_YLUR_SLUR,7,LUR,LUR,2025-03-12,2025-03-13,2,TSEC,70.31880187988281,70.00492095947266,70.03144836425781,69.98946380615234,70.01490020751953
M7_YLUR_SLUR,7,LUR,LUR,2025-03-12,2025-03-14,3,Yd,1040.991943359375,1049.8922119140625,1049.8585205078125,1049.7974853515625,1049.302490234375
M7_YLUR_SLUR,7,LUR,LUR,2025-03-12,2025-03-14,3,TSE,1046.5101318359375,1050.09375,1049.7137451171875,1050.0115966796875,1049.9949951171875
M7_YLUR_SLUR,7,LUR,LUR,2025-03-12,2025-03-14,3,TSEC,70.7120132446289,70.00492095947266,69.97685241699219,69.91943359375,70.02098083496094
M7_YLUR_SLUR,7,LUR,LUR,2025-03-13,2025-03-13,1,Yd,1060.7481689453125,1049.8973388671875,1050.4085693359375,1046.9642333984375,1049.6005859375
M7_YLUR_SLUR,7,LUR,LUR,2025-03-13,2025-03-13,1,TSE,1044.31591796875,1050.0950927734375,1049.898193359375,1049.9117431640625,1050.0987548828125
M7_YLUR_SLUR,7,LUR,LUR,2025-03-13,2025-03-13,1,TSEC,70.31880187988281,70.00579071044922,69.8642578125,69.7393569946289,70.00567626953125
M7_YLUR_SLUR,7,LUR,LUR,2025-03-13,2025-03-14,2,Yd,1040.991943359375,1049.8973388671875,1048.87646484375,1045.694091796875,1049.56787109375
M7_YLUR_SLUR,7,LUR,LUR,2025-03-13,2025-03-14,2,TSE,1046.5101318359375,1050.0950927734375,1050.63134765625,1051.604736328125,1049.97216796875
M7_YLUR_SLUR,7,LUR,LUR,2025-03-13,2025-03-14,2,TSEC,70.7120132446289,70.00579071044922,69.96288299560547,69.88872528076172,70.01029205322266
M7_YLUR_SLUR,7,LUR,LUR,2025-03-13,2025-03-15,3,Yd,1028.0994873046875,1049.8973388671875,1050.2744140625,1045.81298828125,1049.76025390625
M7_YLUR_SLUR,7,LUR,LUR,2025-03-13,2025-03-15,3,TSE,1047.016357421875,1050.0950927734375,1050.33251953125,1051.58056640625,1049.7391357421875
M7_YLUR_SLUR,7,LUR,LUR,2025-03-13,2025-03-15,3,TSEC,69.3598861694336,70.00579071044922,69.93295288085938,69.82398223876953,70.0210952758789
M7_YLUR_SLUR,7,LUR,LUR,2025-03-14,2025-03-14,1,Yd,1040.991943359375,1049.910888671875,1050.63330078125,1046.343994140625,1049.85107421875
M7_YLUR_SLUR,7,LUR,LUR,2025-03-14,2025-03-14,1,TSE,1046.5101318359375,1050.087890625,1052.7767333984375,1051.091796875,1049.9371337890625
M7_YLUR_SLUR,7,LUR,LUR,2025-03-14,2025-03-14,1,TSEC,70.7120132446289,70.00617980957031,69.99665832519531,69.92578887939453,70.01202392578125
M7_YLUR_SLUR,7,LUR,LUR,2025-03-14,2025-03-15,2,Yd,1028.0994873046875,1049.910888671875,1049.7708740234375,1049.5732421875,1049.9578857421875
M7_YLUR_SLUR,7,LUR,LUR,2025-03-14,2025-03-15,2,TSE,1047.016357421875,1050.087890625,1052.275390625,1050.2755126953125,1049.6939697265625
M7_YLUR_SLUR,7,LUR,LUR,2025-03-14,2025-03-15,2,TSEC,69.3598861694336,70.00617980957031,70.24198150634766,70.0401611328125,70.02448272705078
M7_YLUR_SLUR,7,LUR,LUR,2025-03-14,2025-03-16,3,Yd,1031.5797119140625,1049.910888671875,1051.26953125,1049.0753173828125,1050.0931396484375
M7_YLUR_SLUR,7,LUR,LUR,2025-03-14,2025-03-16,3,TSE,1046.4393310546875,1050.087890625,1051.07958984375,1049.5845947265625,1049.406494140625
M7_YLUR_SLUR,7,LUR,LUR,2025-03-14,2025-03-16,3,TSEC,69.02483367919922,70.00617980957031,70.09696960449219,70.02054595947266,70.04118347167969
M7_YLUR_SLUR,7,LUR,LUR,2025-03-15,2025-03-15,1,Yd,1028.0994873046875,1049.8997802734375,1049.3709716796875,1047.709228515625,1049.97998046875
M7_YLUR_SLUR,7,LUR,LUR,2025-03-15,2025-03-15,1,TSE,1047.016357421875,1050.08349609375,1050.118408203125,1052.3404541015625,1049.8521728515625
M7_YLUR_SLUR,7,LUR,LUR,2025-03-15,2025-03-15,1,TSEC,69.3598861694336,70.0070571899414,69.94054412841797,69.84259796142578,70.01904296875
M7_YLUR_SLUR,7,LUR,LUR,2025-03-15,2025-03-16,2,Yd,1031.5797119140625,1049.8997802734375,1048.83203125,1048.4093017578125,1050.016357421875
M7_YLUR_SLUR,7,LUR,LUR,2025-03-15,2025-03-16,2,TSE,1046.4393310546875,1050.08349609375,1050.1942138671875,1050.0941162109375,1049.6112060546875
M7_YLUR_SLUR,7,LUR,LUR,2025-03-15,2025-03-16,2,TSEC,69.02483367919922,70.0070571899414,70.03887939453125,69.89540100097656,70.03958129882812
M7_YLUR_SLUR,7,LUR,LUR,2025-03-15,2025-03-17,3,Yd,1037.8184814453125,1049.8997802734375,1051.198974609375,1046.5294189453125,1049.9058837890625
M7_YLUR_SLUR,7,LUR,LUR,2025-03-15,2025-03-17,3,TSE,1034.170654296875,1050.08349609375,1049.766357421875,1050.07666015625,1049.443359375
M7_YLUR_SLUR,7,LUR,LUR,2025-03-15,2025-03-17,3,TSEC,69.61795806884766,70.0070571899414,69.92554473876953,69.96485900878906,70.05846405029297
M7_YLUR_SLUR,7,LUR,LUR,2025-03-16,2025-03-16,1,Yd,1031.5797119140625,1049.8726806640625,1050.2835693359375,1048.95263671875,1049.9456787109375
M7_YLUR_SLUR,7,LUR,LUR,2025-03-16,2025-03-16,1,TSE,1046.4393310546875,1050.0797119140625,1050.179443359375,1049.1715087890625,1049.7796630859375
M7_YLUR_SLUR,7,LUR,LUR,2025-03-16,2025-03-16,1,TSEC,69.02483367919922,70.00625610351562,70.07151794433594,69.8189468383789,70.0367660522461
M7_YLUR_SLUR,7,LUR,LUR,2025-03-16,2025-03-17,2,Yd,1037.8184814453125,1049.8726806640625,1049.9879150390625,1049.644287109375,1049.7889404296875
M7_YLUR_SLUR,7,LUR,LUR,2025-03-16,2025-03-17,2,TSE,1034.170654296875,1050.0797119140625,1049.9852294921875,1049.185302734375,1049.6153564453125
M7_YLUR_SLUR,7,LUR,LUR,2025-03-16,2025-03-17,2,TSEC,69.61795806884766,70.00625610351562,69.85620880126953,69.88666534423828,70.05609130859375
M7_YLUR_SLUR,7,LUR,LUR,2025-03-16,2025-03-18,3,Yd,1055.2125244140625,1049.8726806640625,1049.1705322265625,1048.0758056640625,1049.61279296875
M7_YLUR_SLUR,7,LUR,LUR,2025-03-16,2025-03-18,3,TSE,1063.897216796875,1050.0797119140625,1049.9871826171875,1050.99560546875,1049.6190185546875
M7_YLUR_SLUR,7,LUR,LUR,2025-03-16,2025-03-18,3,TSEC,69.4693603515625,70.00625610351562,70.06299591064453,69.96856689453125,70.05258178710938
M7_YLUR_SLUR,7,LUR,LUR,2025-03-17,2025-03-17,1,Yd,1037.8184814453125,1049.8499755859375,1049.0169677734375,1046.5894775390625,1049.764404296875
M7_YLUR_SLUR,7,LUR,LUR,2025-03-17,2025-03-17,1,TSE,1034.170654296875,1050.0751953125,1049.6068115234375,1050.3739013671875,1049.6807861328125
M7_YLUR_SLUR,7,LUR,LUR,2025-03-17,2025-03-17,1,TSEC,69.61795806884766,70.00503540039062,70.02969360351562,69.89523315429688,70.0391616821289
M7_YLUR_SLUR,7,LUR,LUR,2025-03-17,2025-03-18,2,Yd,1055.2125244140625,1049.8499755859375,1049.9017333984375,1049.8031005859375,1049.5274658203125
M7_YLUR_SLUR,7,LUR,LUR,2025-03-17,2025-03-18,2,TSE,1063.897216796875,1050.0751953125,1049.692626953125,1048.7666015625,1049.659423828125
M7_YLUR_SLUR,7,LUR,LUR,2025-03-17,2025-03-18,2,TSEC,69.4693603515625,70.00503540039062,69.98251342773438,69.99107360839844,70.04597473144531
M7_YLUR_SLUR,7,LUR,LUR,2025-03-17,2025-03-19,3,Yd,1038.2060546875,1049.8499755859375,1049.66845703125,1048.255615234375,1049.3353271484375
M7_YLUR_SLUR,7,LUR,LUR,2025-03-17,2025-03-19,3,TSE,1044.7451171875,1050.0751953125,1049.60888671875,1049.44970703125,1049.8857421875
M7_YLUR_SLUR,7,LUR,LUR,2025-03-17,2025-03-19,3,TSEC,70.48259735107422,70.00503540039062,69.91124725341797,70.11763763427734,70.03704071044922
M7_YLUR_SLUR,7,LUR,LUR,2025-03-18,2025-03-18,1,Yd,1055.2125244140625,1049.8350830078125,1050.3870849609375,1046.8548583984375,1049.6390380859375
M7_YLUR_SLUR,7,LUR,LUR,2025-03-18,2025-03-18,1,TSE,1063.897216796875,1050.055419921875,1049.3994140625,1051.1148681640625,1049.8685302734375
M7_YLUR_SLUR,7,LUR,LUR,2025-03-18,2025-03-18,1,TSEC,69.4693603515625,70.00456237792969,69.99752807617188,69.98725891113281,70.02238464355469
M7_YLUR_SLUR,7,LUR,LUR,2025-03-18,2025-03-19,2,Yd,1038.2060546875,1049.8350830078125,1050.33740234375,1047.81640625,1049.343505859375
M7_YLUR_SLUR,7,LUR,LUR,2025-03-18,2025-03-19,2,TSE,1044.7451171875,1050.055419921875,1048.9691162109375,1051.427001953125,1050.073486328125
M7_YLUR_SLUR,7,LUR,LUR,2025-03-18,2025-03-19,2,TSEC,70.48259735107422,70.00456237792969,69.9044418334961,70.0983657836914,70.01902770996094
M7_YLUR_SLUR,7,LUR,LUR,2025-03-18,2025-03-20,3,Yd,1057.6439208984375,1049.8350830078125,1049.285888671875,1048.89111328125,1049.0478515625
M7_YLUR_SLUR,7,LUR,LUR,2025-03-18,2025-03-20,3,TSE,1059.8831787109375,1050.055419921875,1049.96923828125,1048.35595703125,1050.220947265625
M7_YLUR_SLUR,7,LUR,LUR,2025-03-18,2025-03-20,3,TSEC,70.569091796875,70.00456237792969,70.06271362304688,70.15496826171875,70.0160903930664
M7_YLUR_SLUR,7,LUR,LUR,2025-03-19,2025-03-19,1,Yd,1038.2060546875,1049.841796875,1050.7462158203125,1049.627197265625,1049.6019287109375
M7_YLUR_SLUR,7,LUR,LUR,2025-03-19,2025-03-19,1,TSE,1044.7451171875,1050.072509765625,1051.528564453125,1050.0013427734375,1050.0299072265625
M7_YLUR_SLUR,7,LUR,LUR,2025-03-19,2025-03-19,1,TSEC,70.48259735107422,70.00389099121094,69.92363739013672,70.01354217529297,70.01190185546875
M7_YLUR_SLUR,7,LUR,LUR,2025-03-19,2025-03-20,2,Yd,1057.6439208984375,1049.841796875,1049.07080078125,1053.15576171875,1049.3203125
M7_YLUR_SLUR,7,LUR,LUR,2025-03-19,2025-03-20,2,TSE,1059.8831787109375,1050.072509765625,1048.748291015625,1051.3656005859375,1050.12353515625
M7_YLUR_SLUR,7,LUR,LUR,2025-03-19,2025-03-20,2,TSEC,70.569091796875,70.00389099121094,70.0536117553711,70.07754516601562,70.01424407958984
M7_YLUR_SLUR,7,LUR,LUR,2025-03-19,2025-03-21,3,Yd,1049.5872802734375,1049.841796875,1048.6724853515625,1051.8212890625,1049.349609375
M7_YLUR_SLUR,7,LUR,LUR,2025-03-19,2025-03-21,3,TSE,1026.603271484375,1050.072509765625,1047.510009765625,1050.4769287109375,1049.9991455078125
M7_YLUR_SLUR,7,LUR,LUR,2025-03-19,2025-03-21,3,TSEC,70.52840423583984,70.00389099121094,69.97779083251953,70.08846282958984,70.02044677734375
M7_YLUR_SLUR,7,LUR,LUR,2025-03-20,2025-03-20,1,Yd,1057.6439208984375,1049.827392578125,1045.6434326171875,1049.5863037109375,1049.6337890625
M7_YLUR_SLUR,7,LUR,LUR,2025-03-20,2025-03-20,1,TSE,1059.8831787109375,1050.06591796875,1049.8316650390625,1048.0113525390625,1050.13330078125
M7_YLUR_SLUR,7,LUR,LUR,2025-03-20,2025-03-20,1,TSEC,70.569091796875,70.00448608398438,69.86480712890625,69.98182678222656,70.00713348388672
M7_YLUR_SLUR,7,LUR,LUR,2025-03-20,2025-03-21,2,Yd,1049.5872802734375,1049.827392578125,1047.782470703125,1049.8155517578125,1049.6181640625
M7_YLUR_SLUR,7,LUR,LUR,2025-03-20,2025-03-21,2,TSE,1026.603271484375,1050.06591796875,1050.0360107421875,1048.1668701171875,1050.028076171875
M7_YLUR_SLUR,7,LUR,LUR,2025-03-20,2025-03-21,2,TSEC,70.52840423583984,70.00448608398438,69.88304138183594,70.00653839111328,70.01258850097656
M7_YLUR_SLUR,7,LUR,LUR,2025-03-20,2025-03-22,3,Yd,1044.6455078125,1049.827392578125,1046.2113037109375,1049.1475830078125,1049.7818603515625
M7_YLUR_SLUR,7,LUR,LUR,2025-03-20,2025-03-22,3,TSE,1048.260009765625,1050.06591796875,1049.957763671875,1047.44921875,1049.7645263671875
M7_YLUR_SLUR,7,LUR,LUR,2025-03-20,2025-03-22,3,TSEC,69.81161499023438,70.00448608398438,69.98998260498047,70.01104736328125,70.0114517211914
M7_YLUR_SLUR,7,LUR,LUR,2025-03-21,2025-03-21,1,Yd,1049.5872802734375,1049.8370361328125,1051.834716796875,1049.2530517578125,1049.9029541015625
M7_YLUR_SLUR,7,LUR,LUR,2025-03-21,2025-03-21,1,TSE,1026.603271484375,1050.078125,1050.3446044921875,1050.087646484375,1049.9923095703125
M7_YLUR_SLUR,7,LUR,LUR,2025-03-21,2025-03-21,1,TSEC,70.52840423583984,70.00518035888672,69.86205291748047,69.9059066772461,70.00794219970703
M7_YLUR_SLUR,7,LUR,LUR,2025-03-21,2025-03-22,2,Yd,1044.6455078125,1049.8370361328125,1050.07666015625,1048.26025390625,1050.051025390625
M7_YLUR_SLUR,7,LUR,LUR,2025-03-21,2025-03-22,2,TSE,1048.260009765625,1050.078125,1050.2840576171875,1050.0396728515625,1049.7496337890625
M7_YLUR_SLUR,7,LUR,LUR,2025-03-21,2025-03-22,2,TSEC,69.81161499023438,70.00518035888672,70.00655364990234,69.94956970214844,70.01294708251953
M7_YLUR_SLUR,7,LUR,LUR,2025-03-21,2025-03-23,3,Yd,1067.16748046875,1049.8370361328125,1051.9273681640625,1051.015625,1050.21240234375
M7_YLUR_SLUR,7,LUR,LUR,2025-03-21,2025-03-23,3,TSE,1049.3209228515625,1050.078125,1049.919677734375,1048.205810546875,1049.55517578125
M7_YLUR_SLUR,7,LUR,LUR,2025-03-21,2025-03-23,3,TSEC,70.74195861816406,70.00518035888672,69.9385757446289,69.90299224853516,70.02289581298828
M7_YLUR_SLUR,7,LUR,LUR,2025-03-22,2025-03-22,1,Yd,1044.6455078125,1049.8367919921875,1046.4444580078125,1049.7506103515625,1050.0228271484375
M7_YLUR_SLUR,7,LUR,LUR,2025-03-22,2025-03-22,1,TSE,1048.260009765625,1050.0491943359375,1050.7835693359375,1051.238525390625,1049.872802734375
M7_YLUR_SLUR,7,LUR,LUR,2025-03-22,2025-03-22,1,TSEC,69.81161499023438,70.00582885742188,69.97382354736328,69.85880279541016,70.01453399658203
M7_YLUR_SLUR,7,LUR,LUR,2025-03-22,2025-03-23,2,Yd,1067.16748046875,1049.8367919921875,1049.1656494140625,1050.4130859375,1050.0416259765625
M7_YLUR_SLUR,7,LUR,LUR,2025-03-22,2025-03-23,2,TSE,1049.3209228515625,1050.0491943359375,1050.1727294921875,1053.1680908203125,1049.67138671875
M7_YLUR_SLUR,7,LUR,LUR,2025-03-22,2025-03-23,2,TSEC,70.74195861816406,70.00582885742188,69.9560775756836,70.10079956054688,70.03323364257812
M7_YLUR_SLUR,7,LUR,LUR,2025-03-22,2025-03-24,3,Yd,1040.0050048828125,1049.8367919921875,1048.2052001953125,1050.4893798828125,1049.837890625
M7_YLUR_SLUR,7,LUR,LUR,2025-03-22,2025-03-24,3,TSE,1044.544677734375,1050.0491943359375,1051.3544921875,1051.0174560546875,1049.594970703125
M7_YLUR_SLUR,7,LUR,LUR,2025-03-22,2025-03-24,3,TSEC,69.5540771484375,70.00582885742188,69.9487075805664,70.13418579101562,70.05361938476562
M7_YLUR_SLUR,7,LUR,LUR,2025-03-23,2025-03-23,1,Yd,1067.16748046875,1049.830322265625,1050.231201171875,1050.4384765625,1049.92138671875
M7_YLUR_SLUR,7,LUR,LUR,2025-03-23,2025-03-23,1,TSE,1049.3209228515625,1050.0469970703125,1049.40234375,1052.9168701171875,1049.7562255859375
M7_YLUR_SLUR,7,LUR,LUR,2025-03-23,2025-03-23,1,TSEC,70.74195861816406,70.0055923461914,70.08829498291016,69.8965072631836,70.03462219238281
M7_YLUR_SLUR,7,LUR,LUR,2025-03-23,2025-03-24,2,Yd,1040.0050048828125,1049.830322265625,1049.4239501953125,1047.13720703125,1049.7486572265625
M7_YLUR_SLUR,7,LUR,LUR,2025-03-23,2025-03-24,2,TSE,1044.544677734375,1050.0469970703125,1050.2657470703125,1053.888671875,1049.580078125
M7_YLUR_SLUR,7,LUR,LUR,2025-03-23,2025-03-24,2,TSEC,69.5540771484375,70.0055923461914,70.07146453857422,69.86697387695312,70.05318450927734
M7_YLUR_SLUR,7,LUR,LUR,2025-03-23,2025-03-25,3,Yd,1060.4656982421875,1049.830322265625,1049.6279296875,1045.8321533203125,1049.589599609375
M7_YLUR_SLUR,7,LUR,LUR,2025-03-23,2025-03-25,3,TSE,1050.549560546875,1050.0469970703125,1051.3233642578125,1053.6778564453125,1049.59033203125
M7_YLUR_SLUR,7,LUR,LUR,2025-03-23,2025-03-25,3,TSEC,71.23084259033203,70.0055923461914,70.03054809570312,69.84390258789062,70.05109405517578
M7_YLUR_SLUR,7,LUR,LUR,2025-03-24,2025-03-24,1,Yd,1040.0050048828125,1049.8516845703125,1051.2489013671875,1048.229248046875,1049.703125
M7_YLUR_SLUR,7,LUR,LUR,2025-03-24,2025-03-24,1,TSE,1044.544677734375,1050.0460205078125,1049.469482421875,1052.09033203125,1049.7791748046875
M7_YLUR_SLUR,7,LUR,LUR,2025-03-24,2025-03-24,1,TSEC,69.5540771484375,70.0064926147461,69.9928207397461,69.87545776367188,70.0280532836914
M7_YLUR_SLUR,7,LUR,LUR,2025-03-24,2025-03-25,2,Yd,1060.4656982421875,1049.8516845703125,1049.83642578125,1049.6298828125,1049.392333984375
M7_YLUR_SLUR,7,LUR,LUR,2025-03-24,2025-03-25,2,TSE,1050.549560546875,1050.0460205078125,1049.260986328125,1054.4600830078125,1049.830810546875
M7_YLUR_SLUR,7,LUR,LUR,2025-03-24,2025-03-25,2,TSEC,71.23084259033203,70.0064926147461,69.9782943725586,69.7947998046875,70.03480529785156
M7_YLUR_SLUR,7,LUR,LUR,2025-03-24,2025-03-26,3,Yd,1054.25,1049.8516845703125,1050.678955078125,1047.0599365234375,1049.1807861328125
M7_YLUR_SLUR,7,LUR,LUR,2025-03-24,2025-03-26,3,TSE,1027.40380859375,1050.0460205078125,1049.4183349609375,1054.5750732421875,1050.107666015625
M7_YLUR_SLUR,7,LUR,LUR,2025-03-24,2025-03-26,3,TSEC,70.31101989746094,70.0064926147461,69.89179229736328,69.7455825805664,70.02616119384766
M7_YLUR_SLUR,7,LUR,LUR,2025-03-25,2025-03-25,1,Yd,1060.4656982421875,1049.8394775390625,1046.732421875,1048.5687255859375,1049.5606689453125
M7_YLUR_SLUR,7,LUR,LUR,2025-03-25,2025-03-25,1,TSE,1050.549560546875,1050.039306640625,1051.4859619140625,1051.88232421875,1049.9710693359375
M7_YLUR_SLUR,7,LUR,LUR,2025-03-25,2025-03-25,1,TSEC,71.23084259033203,70.00593566894531,69.92916870117188,69.98795318603516,70.01637268066406
M7_YLUR_SLUR,7,LUR,LUR,2025-03-25,2025-03-26,2,Yd,1054.25,1049.8394775390625,1050.33203125,1048.9759521484375,1049.25048828125
M7_YLUR_SLUR,7,LUR,LUR,2025-03-25,2025-03-26,2,TSE,1027.40380859375,1050.039306640625,1052.4908447265625,1050.9620361328125,1050.242431640625
M7_YLUR_SLUR,7,LUR,LUR,2025-03-25,2025-03-26,2,TSEC,70.31101989746094,70.00593566894531,69.85084533691406,70.00273132324219,70.01045989990234
M7_YLUR_SLUR,7,LUR,LUR,2025-03-25,2025-03-27,3,Yd,1037.8350830078125,1049.8394775390625,1047.5482177734375,1046.8590087890625,1049.022216796875
M7_YLUR_SLUR,7,LUR,LUR,2025-03-25,2025-03-27,3,TSE,1045.4437255859375,1050.039306640625,1050.5711669921875,1050.6265869140625,1050.38671875
M7_YLUR_SLUR,7,LUR,LUR,2025-03-25,2025-03-27,3,TSEC,69.83214569091797,70.00593566894531,69.8318862915039,69.95556640625,70.00800323486328
M7_YLUR_SLUR,7,LUR,LUR,2025-03-26,2025-03-26,1,Yd,1054.25,1049.8526611328125,1049.21630859375,1046.423828125,1049.4339599609375
M7_YLUR_SLUR,7,LUR,LUR,2025-03-26,2025-03-26,1,TSE,1027.40380859375,1050.0399169921875,1045.444091796875,1051.3582763671875,1050.3365478515625
M7_YLUR_SLUR,7,LUR,LUR,2025-03-26,2025-03-26,1,TSEC,70.31101989746094,70.00743865966797,69.83869934082031,69.88394927978516,69.99610900878906
M7_YLUR_SLUR,7,LUR,LUR,2025-03-26,2025-03-27,2,Yd,1037.8350830078125,1049.8526611328125,1049.2099609375,1046.1414794921875,1049.0565185546875
M7_YLUR_SLUR,7,LUR,LUR,2025-03-26,2025-03-27,2,TSE,1045.4437255859375,1050.0399169921875,1047.083740234375,1053.145263671875,1050.472412109375
M7_YLUR_SLUR,7,LUR,LUR,2025-03-26,2025-03-27,2,TSEC,69.83214569091797,70.00743865966797,70.09326171875,69.82627868652344,69.99707794189453
M7_YLUR_SLUR,7,LUR,LUR,2025-03-26,2025-03-28,3,Yd,1047.3646240234375,1049.8526611328125,1050.424560546875,1043.103515625,1049.02734375
M7_YLUR_SLUR,7,LUR,LUR,2025-03-26,2025-03-28,3,TSE,1037.745361328125,1050.0399169921875,1048.4735107421875,1053.0897216796875,1050.3531494140625
M7_YLUR_SLUR,7,LUR,LUR,2025-03-26,2025-03-28,3,TSEC,70.0955581665039,70.00743865966797,69.91405487060547,69.85438537597656,70.00165557861328
M7_YLUR_SLUR,7,LUR,LUR,2025-03-27,2025-03-27,1,Yd,1037.8350830078125,1049.8580322265625,1050.7269287109375,1047.815673828125,1049.4658203125
M7_YLUR_SLUR,7,LUR,LUR,2025-03-27,2025-03-27,1,TSE,1045.4437255859375,1050.01220703125,1049.411865234375,1050.64404296875,1050.29052734375
M7_YLUR_SLUR,7,LUR,LUR,2025-03-27,2025-03-27,1,TSEC,69.83214569091797,70.0078125,69.9725112915039,69.96587371826172,69.99794006347656
M7_YLUR_SLUR,7,LUR,LUR,2025-03-27,2025-03-28,2,Yd,1047.3646240234375,1049.8580322265625,1050.25390625,1048.543212890625,1049.4061279296875
M7_YLUR_SLUR,7,LUR,LUR,2025-03-27,2025-03-28,2,TSE,1037.745361328125,1050.01220703125,1049.6273193359375,1051.6192626953125,1050.264892578125
M7_YLUR_SLUR,7,LUR,LUR,2025-03-27,2025-03-28,2,TSEC,70.0955581665039,70.0078125,69.83831024169922,70.03173828125,69.99864959716797
M7_YLUR_SLUR,7,LUR,LUR,2025-03-27,2025-03-29,3,Yd,1030.310791015625,1049.8580322265625,1051.08251953125,1050.1634521484375,1049.5302734375
M7_YLUR_SLUR,7,LUR,LUR,2025-03-27,2025-03-29,3,TSE,1037.04833984375,1050.01220703125,1049.501953125,1050.2132568359375,1050.0733642578125
M7_YLUR_SLUR,7,LUR,LUR,2025-03-27,2025-03-29,3,TSEC,69.87530517578125,70.0078125,70.06886291503906,70.13733673095703,70.0031509399414
M7_YLUR_SLUR,7,LUR,LUR,2025-03-28,2025-03-28,1,Yd,1047.3646240234375,1049.8433837890625,1049.580810546875,1048.832275390625,1049.7606201171875
M7_YLUR_SLUR,7,LUR,LUR,2025-03-28,2025-03-28,1,TSE,1037.745361328125,1050.006591796875,1047.62255859375,1052.610107421875,1050.093017578125
M7_YLUR_SLUR,7,LUR,LUR,2025-03-28,2025-03-28,1,TSEC,70.0955581665039,70.00759887695312,69.79349517822266,69.85843658447266,70.00911712646484
M7_YLUR_SLUR,7,LUR,LUR,2025-03-28,2025-03-29,2,Yd,1030.310791015625,1049.8433837890625,1049.9393310546875,1048.4559326171875,1049.798583984375
M7_YLUR_SLUR,7,LUR,LUR,2025-03-28,2025-03-29,2,TSE,1037.04833984375,1050.006591796875,1048.6451416015625,1051.7999267578125,1049.9576416015625
M7_YLUR_SLUR,7,LUR,LUR,2025-03-28,2025-03-29,2,TSEC,69.87530517578125,70.00759887695312,70.06623077392578,70.01728057861328,70.0086669921875
M7_YLUR_SLUR,7,LUR,LUR,2025-03-28,2025-03-30,3,Yd,1070.8968505859375,1049.8433837890625,1049.4002685546875,1046.626708984375,1049.8477783203125
M7_YLUR_SLUR,7,LUR,LUR,2025-03-28,2025-03-30,3,TSE,1061.97265625,1050.006591796875,1049.1199951171875,1049.5343017578125,1049.8446044921875
M7_YLUR_SLUR,7,LUR,LUR,2025-03-28,2025-03-30,3,TSEC,70.43357849121094,70.00759887695312,69.87689208984375,70.05449676513672,70.0191650390625
M7_YLUR_SLUR,7,LUR,LUR,2025-03-29,2025-03-29,1,Yd,1030.310791015625,1049.84033203125,1050.0654296875,1047.6971435546875,1049.948486328125
M7_YLUR_SLUR,7,LUR,LUR,2025-03-29,2025-03-29,1,TSE,1037.04833984375,1049.9915771484375,1049.35107421875,1050.545654296875,1049.9649658203125
M7_YLUR_SLUR,7,LUR,LUR,2025-03-29,2025-03-29,1,TSEC,69.87530517578125,70.00770568847656,70.38445281982422,69.81893920898438,70.01522827148438
M7_YLUR_SLUR,7,LUR,LUR,2025-03-29,2025-03-30,2,Yd,1070.8968505859375,1049.84033203125,1049.2972412109375,1049.641357421875,1049.8958740234375
M7_YLUR_SLUR,7,LUR,LUR,2025-03-29,2025-03-30,2,TSE,1061.97265625,1049.9915771484375,1049.2701416015625,1050.8310546875,1049.8194580078125
M7_YLUR_SLUR,7,LUR,LUR,2025-03-29,2025-03-30,2,TSEC,70.43357849121094,70.00770568847656,70.03263854980469,69.91131591796875,70.03449249267578
M7_YLUR_SLUR,7,LUR,LUR,2025-03-29,2025-03-31,3,Yd,1068.6375732421875,1049.84033203125,1049.8228759765625,1047.9423828125,1049.6063232421875
M7_YLUR_SLUR,7,LUR,LUR,2025-03-29,2025-03-31,3,TSE,1040.38818359375,1049.9915771484375,1049.221435546875,1050.82275390625,1049.84375
M7_YLUR_SLUR,7,LUR,LUR,2025-03-29,2025-03-31,3,TSEC,70.15656280517578,70.00770568847656,70.3048324584961,70.01612091064453,70.04598236083984
M7_YLUR_SLUR,7,LUR,LUR,2025-03-30,2025-03-30,1,Yd,1070.8968505859375,1049.8165283203125,1048.40673828125,1046.2440185546875,1049.88134765625
M7_YLUR_SLUR,7,LUR,LUR,2025-03-30,2025-03-30,1,TSE,1061.97265625,1049.9757080078125,1049.4105224609375,1053.1695556640625,1049.9056396484375
M7_YLUR_SLUR,7,LUR,LUR,2025-03-30,2025-03-30,1,TSEC,70.43357849121094,70.0075454711914,69.90583038330078,70.0051040649414,70.03351593017578
M7_YLUR_SLUR,7,LUR,LUR,2025-03-30,2025-03-31,2,Yd,1068.6375732421875,1049.8165283203125,1050.395751953125,1047.979248046875,1049.5684814453125
M7_YLUR_SLUR,7,LUR,LUR,2025-03-30,2025-03-31,2,TSE,1040.38818359375,1049.9757080078125,1049.345458984375,1051.988525390625,1049.8270263671875
M7_YLUR_SLUR,7,LUR,LUR,2025-03-30,2025-03-31,2,TSEC,70.15656280517578,70.0075454711914,70.01921844482422,70.1441650390625,70.04671478271484
M7_YLUR_SLUR,7,LUR,LUR,2025-03-30,2025-04-01,3,Yd,1047.69921875,1049.8165283203125,1048.5159912109375,1047.9267578125,1049.2742919921875
M7_YLUR_SLUR,7,LUR,LUR,2025-03-30,2025-04-01,3,TSE,1055.2320556640625,1049.9757080078125,1049.3763427734375,1051.4464111328125,1049.9398193359375
M7_YLUR_SLUR,7,LUR,LUR,2025-03-30,2025-04-01,3,TSEC,70.9867172241211,70.0075454711914,69.87924194335938,70.18570709228516,70.0363540649414
