case_id,M,yd_level,solar_level,origin_date,target_date,step,variable,true,MEAN,ARIMA,RNN,LSTM
M4_YHUR_SHUR,4,HUR,HUR,2024-12-31,2024-12-31,1,Yd,710.120361328125,601.0638427734375,596.5219116210938,610.0438842773438,601.9588012695312
M4_YHUR_SHUR,4,HUR,HUR,2024-12-31,2024-12-31,1,TSE,658.1204833984375,598.77978515625,599.5892944335938,581.0875854492188,597.745849609375
M4_YHUR_SHUR,4,HUR,HUR,2024-12-31,2024-12-31,1,TSEC,42.76152038574219,40.170162200927734,39.81599044799805,40.234127044677734,40.19816970825195
M4_YHUR_SHUR,4,HUR,HUR,2024-12-31,2025-01-01,2,Yd,549.9877319335938,601.0638427734375,596.662841796875,617.9354248046875,601.9631958007812
M4_YHUR_SHUR,4,HUR,HUR,2024-12-31,2025-01-01,2,TSE,557.4221801757812,598.77978515625,600.6763305664062,593.9255981445312,595.148193359375
M4_YHUR_SHUR,4,HUR,HUR,2024-12-31,2025-01-01,2,TSEC,36.19004821777344,40.170162200927734,40.33356857299805,40.70857238769531,40.166786193847656
M4_YHUR_SHUR,4,HUR,HUR,2024-12-31,2025-01-02,3,Yd,593.052978515625,601.0638427734375,598.0552368164062,614.4845581054688,601.8297729492188
M4_YHUR_SHUR,4,HUR,HUR,2024-12-31,2025-01-02,3,TSE,547.686279296875,598.77978515625,601.288818359375,610.7772216796875,595.0980834960938
M4_YHUR_SHUR,4,HUR,HUR,2024-12-31,2025-01-02,3,TSEC,42.529537200927734,40.170162200927734,40.95532989501953,40.328338623046875,40.04766082763672
M4_YHUR_SHUR,4,HUR,HUR,2025-01-01,2025-01-01,1,Yd,549.9877319335938,601.2130126953125,600.0501098632812,598.3369140625,601.30322265625
M4_YHUR_SHUR,4,HUR,HUR,2025-01-01,2025-01-01,1,TSE,557.4221801757812,598.8609619140625,602.0935668945312,619.0556030273438,596.7442016601562
M4_YHUR_SHUR,4,HUR,HUR,2025-01-01,2025-01-01,1,TSEC,36.19004821777344,40.1737060546875,40.3367919921875,40.46738815307617,40.131221771240234
M4_YHUR_SHUR,4,HUR,HUR,2025-01-01,2025-01-02,2,Yd,593.052978515625,601.2130126953125,596.9434204101562,608.336669921875,601.8992309570312
M4_YHUR_SHUR,4,HUR,HUR,2025-01-01,2025-01-02,2,TSE,547.686279296875,598.8609619140625,600.5155639648438,617.3607177734375,596.0888671875
M4_YHUR_SHUR,4,HUR,HUR,2025-01-01,2025-01-02,2,TSEC,42.529537200927734,40.1737060546875,39.184783935546875,39.675174713134766,40.04617691040039
M4_YHUR_SHUR,4,HUR,HUR,2025-01-01,2025-01-03,3,Yd,567.412353515625,601.2130126953125,596.9269409179688,607.6041259765625,604.4136352539062
M4_YHUR_SHUR,4,HUR,HUR,2025-01-01,2025-01-03,3,TSE,645.7977905273438,598.8609619140625,603.5089721679688,618.0625610351562,597.3367919921875
M4_YHUR_SHUR,4,HUR,HUR,2025-01-01,2025-01-03,3,TSEC,39.32101821899414,40.1737060546875,40.830894470214844,39.50666427612305,39.9461669921875
M4_YHUR_SHUR,4,HUR,HUR,2025-01-02,2025-01-02,1,Yd,593.052978515625,601.1430053710938,588.4712524414062,590.96923828125,602.0884399414062
M4_YHUR_SHUR,4,HUR,HUR,2025-01-02,2025-01-02,1,TSE,547.686279296875,598.8043823242188,601.1983032226562,602.1556396484375,597.146484375
M4_YHUR_SHUR,4,HUR,HUR,2025-01-02,2025-01-02,1,TSEC,42.529537200927734,40.16826248168945,38.96693801879883,39.935577392578125,40.038734436035156
M4_YHUR_SHUR,4,HUR,HUR,2025-01-02,2025-01-03,2,Yd,567.412353515625,601.1430053710938,603.0559692382812,613.5924072265625,604.8493041992188
M4_YHUR_SHUR,4,HUR,HUR,2025-01-02,2025-01-03,2,TSE,645.7977905273438,598.8043823242188,602.3138427734375,608.4157104492188,596.239013671875
M4_YHUR_SHUR,4,HUR,HUR,2025-01-02,2025-01-03,2,TSEC,39.32101821899414,40.16826248168945,40.94755935668945,40.1392707824707,39.96107864379883
M4_YHUR_SHUR,4,HUR,HUR,2025-01-02,2025-01-04,3,Yd,643.8630981445312,601.1430053710938,592.7152099609375,615.7841796875,608.3931884765625
M4_YHUR_SHUR,4,HUR,HUR,2025-01-02,2025-01-04,3,TSE,539.67529296875,598.8043823242188,601.5462036132812,615.7919921875,596.200439453125
M4_YHUR_SHUR,4,HUR,HUR,2025-01-02,2025-01-04,3,TSEC,33.4528694152832,40.16826248168945,40.19076156616211,39.7153434753418,39.84714889526367
M4_YHUR_SHUR,4,HUR,HUR,2025-01-03,2025-01-03,1,Yd,567.412353515625,601.1320190429688,603.667724609375,611.5049438476562,604.1317749023438
M4_YHUR_SHUR,4,HUR,HUR,2025-01-03,2025-01-03,1,TSE,645.7977905273438,598.7346801757812,600.3739624023438,592.9291381835938,597.5859375
M4_YHUR_SHUR,4,HUR,HUR,2025-01-03,2025-01-03,1,TSEC,39.32101821899414,40.171485900878906,41.186214447021484,39.91788101196289,40.000572204589844
M4_YHUR_SHUR,4,HUR,HUR,2025-01-03,2025-01-04,2,Yd,643.8630981445312,601.1320190429688,592.0100708007812,607.5267333984375,607.39013671875
M4_YHUR_SHUR,4,HUR,HUR,2025-01-03,2025-01-04,2,TSE,539.67529296875,598.7346801757812,602.3551635742188,601.00341796875,597.1298828125
M4_YHUR_SHUR,4,HUR,HUR,2025-01-03,2025-01-04,2,TSEC,33.4528694152832,40.171485900878906,40.12459182739258,39.29403305053711,39.85373306274414
M4_YHUR_SHUR,4,HUR,HUR,2025-01-03,2025-01-05,3,Yd,518.6290283203125,601.1320190429688,600.2359008789062,614.32861328125,608.5296630859375
M4_YHUR_SHUR,4,HUR,HUR,2025-01-03,2025-01-05,3,TSE,653.6848754882812,598.7346801757812,605.0771484375,606.2841796875,597.802734375
M4_YHUR_SHUR,4,HUR,HUR,2025-01-03,2025-01-05,3,TSEC,36.710575103759766,40.171485900878906,40.495765686035156,38.58447265625,39.8189582824707
M4_YHUR_SHUR,4,HUR,HUR,2025-01-04,2025-01-04,1,Yd,643.8630981445312,601.0860595703125,588.48974609375,608.1221923828125,604.894287109375
M4_YHUR_SHUR,4,HUR,HUR,2025-01-04,2025-01-04,1,TSE,539.67529296875,598.7987670898438,601.7561645507812,595.0298461914062,598.12841796875
M4_YHUR_SHUR,4,HUR,HUR,2025-01-04,2025-01-04,1,TSEC,33.4528694152832,40.170326232910156,39.998783111572266,38.1440544128418,39.9973258972168
M4_YHUR_SHUR,4,HUR,HUR,2025-01-04,2025-01-05,2,Yd,518.6290283203125,601.0860595703125,601.7845458984375,614.7537841796875,606.8115234375
M4_YHUR_SHUR,4,HUR,HUR,2025-01-04,2025-01-05,2,TSE,653.6848754882812,598.7987670898438,605.451171875,595.6195068359375,597.8019409179688
M4_YHUR_SHUR,4,HUR,HUR,2025-01-04,2025-01-05,2,TSEC,36.710575103759766,40.170326232910156,40.48834991455078,37.346187591552734,39.93706512451172
M4_YHUR_SHUR,4,HUR,HUR,2025-01-04,2025-01-06,3,Yd,541.393798828125,601.0860595703125,593.4702758789062,617.8630981445312,607.3731689453125
M4_YHUR_SHUR,4,HUR,HUR,2025-01-04,2025-01-06,3,TSE,613.2933349609375,598.7987670898438,597.1254272460938,589.3081665039062,598.0014038085938
M4_YHUR_SHUR,4,HUR,HUR,2025-01-04,2025-01-06,3,TSEC,43.464290618896484,40.170326232910156,40.06318664550781,37.39271545410156,39.949649810791016
M4_YHUR_SHUR,4,HUR,HUR,2025-01-05,2025-01-05,1,Yd,518.6290283203125,601.144287109375,602.8236694335938,612.1201171875,603.7935791015625
M4_YHUR_SHUR,4,HUR,HUR,2025-01-05,2025-01-05,1,TSE,653.6848754882812,598.71826171875,599.4485473632812,601.2333374023438,599.0086669921875
M4_YHUR_SHUR,4,HUR,HUR,2025-01-05,2025-01-05,1,TSEC,36.710575103759766,40.16118621826172,40.06306457519531,39.63711166381836,40.03269958496094
M4_YHUR_SHUR,4,HUR,HUR,2025-01-05,2025-01-06,2,Yd,541.393798828125,601.144287109375,591.5265502929688,607.5180053710938,604.9706420898438
M4_YHUR_SHUR,4,HUR,HUR,2025-01-05,2025-01-06,2,TSE,613.2933349609375,598.71826171875,604.2947998046875,610.49462890625,599.120849609375
M4_YHUR_SHUR,4,HUR,HUR,2025-01-05,2025-01-06,2,TSEC,43.464290618896484,40.16118621826172,40.22761917114258,39.575904846191406,40.018924713134766
M4_YHUR_SHUR,4,HUR,HUR,2025-01-05,2025-01-07,3,Yd,514.3698120117188,601.144287109375,599.53125,602.8425903320312,605.07080078125
M4_YHUR_SHUR,4,HUR,HUR,2025-01-05,2025-01-07,3,TSE,698.4249877929688,598.71826171875,598.8203735351562,598.8905639648438,599.6920776367188
M4_YHUR_SHUR,4,HUR,HUR,2025-01-05,2025-01-07,3,TSEC,40.787025451660156,40.16118621826172,41.23103713989258,39.494686126708984,40.037742614746094
M4_YHUR_SHUR,4,HUR,HUR,2025-01-06,2025-01-06,1,Yd,541.393798828125,601.0321655273438,585.2536010742188,624.48828125,603.1315307617188
M4_YHUR_SHUR,4,HUR,HUR,2025-01-06,2025-01-06,1,TSE,613.2933349609375,598.79296875,598.1856689453125,589.8656616210938,599.17236328125
M4_YHUR_SHUR,4,HUR,HUR,2025-01-06,2025-01-06,1,TSEC,43.464290618896484,40.156497955322266,39.964630126953125,40.4027214050293,40.11259841918945
M4_YHUR_SHUR,4,HUR,HUR,2025-01-06,2025-01-07,2,Yd,514.3698120117188,601.0321655273438,603.2959594726562,622.4102172851562,603.715087890625
M4_YHUR_SHUR,4,HUR,HUR,2025-01-06,2025-01-07,2,TSE,698.4249877929688,598.79296875,594.3660888671875,596.0625,598.1981201171875
M4_YHUR_SHUR,4,HUR,HUR,2025-01-06,2025-01-07,2,TSEC,40.787025451660156,40.156497955322266,41.27788162231445,40.06196594238281,40.109622955322266
M4_YHUR_SHUR,4,HUR,HUR,2025-01-06,2025-01-08,3,Yd,509.02838134765625,601.0321655273438,590.5333862304688,612.7798461914062,602.9515991210938
M4_YHUR_SHUR,4,HUR,HUR,2025-01-06,2025-01-08,3,TSE,546.277587890625,598.79296875,602.38232421875,586.491455078125,596.3739013671875
M4_YHUR_SHUR,4,HUR,HUR,2025-01-06,2025-01-08,3,TSEC,40.2404670715332,40.156497955322266,40.205142974853516,39.488014221191406,40.11477279663086
M4_YHUR_SHUR,4,HUR,HUR,2025-01-07,2025-01-07,1,Yd,514.3698120117188,600.9512329101562,602.5770263671875,616.2429809570312,601.843994140625
M4_YHUR_SHUR,4,HUR,HUR,2025-01-07,2025-01-07,1,TSE,698.4249877929688,598.8126831054688,598.0823364257812,587.7982788085938,598.1964721679688
M4_YHUR_SHUR,4,HUR,HUR,2025-01-07,2025-01-07,1,TSEC,40.787025451660156,40.160987854003906,41.30241394042969,39.86325454711914,40.1641960144043
M4_YHUR_SHUR,4,HUR,HUR,2025-01-07,2025-01-08,2,Yd,509.02838134765625,600.9512329101562,592.68701171875,609.6792602539062,601.6912841796875
M4_YHUR_SHUR,4,HUR,HUR,2025-01-07,2025-01-08,2,TSE,546.277587890625,598.8126831054688,601.78466796875,605.30810546875,596.1951904296875
M4_YHUR_SHUR,4,HUR,HUR,2025-01-07,2025-01-08,2,TSEC,40.2404670715332,40.160987854003906,40.16240692138672,39.34600830078125,40.11966323852539
M4_YHUR_SHUR,4,HUR,HUR,2025-01-07,2025-01-09,3,Yd,563.0977172851562,600.9512329101562,593.8671264648438,592.7020874023438,601.6592407226562
M4_YHUR_SHUR,4,HUR,HUR,2025-01-07,2025-01-09,3,TSE,624.3513793945312,598.8126831054688,602.2743530273438,603.6382446289062,595.7305908203125
M4_YHUR_SHUR,4,HUR,HUR,2025-01-07,2025-01-09,3,TSEC,37.16934585571289,40.160987854003906,39.50172805786133,39.2501106262207,40.0333366394043
M4_YHUR_SHUR,4,HUR,HUR,2025-01-08,2025-01-08,1,Yd,509.02838134765625,600.8338623046875,591.5913696289062,605.2723388671875,601.1680908203125
M4_YHUR_SHUR,4,HUR,HUR,2025-01-08,2025-01-08,1,TSE,546.277587890625,598.9476928710938,605.57373046875,593.041259765625,596.9436645507812
M4_YHUR_SHUR,4,HUR,HUR,2025-01-08,2025-01-08,1,TSEC,40.2404670715332,40.16183853149414,40.140743255615234,39.772705078125,40.09062957763672
M4_YHUR_SHUR,4,HUR,HUR,2025-01-08,2025-01-09,2,Yd,563.0977172851562,600.8338623046875,595.8798828125,611.5797729492188,601.6052856445312
M4_YHUR_SHUR,4,HUR,HUR,2025-01-08,2025-01-09,2,TSE,624.3513793945312,598.9476928710938,602.6886596679688,605.361572265625,595.4305419921875
M4_YHUR_SHUR,4,HUR,HUR,2025-01-08,2025-01-09,2,TSEC,37.16934585571289,40.16183853149414,39.457420349121094,40.07988357543945,40.03036117553711
M4_YHUR_SHUR,4,HUR,HUR,2025-01-08,2025-01-10,3,Yd,622.382080078125,600.8338623046875,588.4779052734375,603.8228149414062,604.1722412109375
M4_YHUR_SHUR,4,HUR,HUR,2025-01-08,2025-01-10,3,TSE,608.7509155273438,598.9476928710938,601.0006713867188,602.6070556640625,595.6325073242188
M4_YHUR_SHUR,4,HUR,HUR,2025-01-08,2025-01-10,3,TSEC,45.356319427490234,40.16183853149414,40.685550689697266,39.29231262207031,40.049522399902344
M4_YHUR_SHUR,4,HUR,HUR,2025-01-09,2025-01-09,1,Yd,563.0977172851562,600.7096557617188,596.3975219726562,594.6396484375,602.175537109375
M4_YHUR_SHUR,4,HUR,HUR,2025-01-09,2025-01-09,1,TSE,624.3513793945312,598.8763427734375,601.3591918945312,599.667236328125,596.9934692382812
M4_YHUR_SHUR,4,HUR,HUR,2025-01-09,2025-01-09,1,TSEC,37.16934585571289,40.16194152832031,39.21344757080078,38.84519958496094,40.081809997558594
M4_YHUR_SHUR,4,HUR,HUR,2025-01-09,2025-01-10,2,Yd,622.382080078125,600.7096557617188,592.314208984375,591.4484252929688,604.9256591796875
M4_YHUR_SHUR,4,HUR,HUR,2025-01-09,2025-01-10,2,TSE,608.7509155273438,598.8763427734375,602.8906860351562,582.9708251953125,596.0079345703125
M4_YHUR_SHUR,4,HUR,HUR,2025-01-09,2025-01-10,2,TSEC,45.356319427490234,40.16194152832031,40.61781692504883,39.2922248840332,40.04191207885742
M4_YHUR_SHUR,4,HUR,HUR,2025-01-09,2025-01-11,3,Yd,452.50787353515625,600.7096557617188,594.6177978515625,598.5231323242188,608.6133422851562
M4_YHUR_SHUR,4,HUR,HUR,2025-01-09,2025-01-11,3,TSE,551.6629028320312,598.8763427734375,602.3486328125,595.1535034179688,595.4188232421875
M4_YHUR_SHUR,4,HUR,HUR,2025-01-09,2025-01-11,3,TSEC,46.25563430786133,40.16194152832031,40.483985900878906,39.38686752319336,39.93384552001953
M4_YHUR_SHUR,4,HUR,HUR,2025-01-10,2025-01-10,1,Yd,622.382080078125,600.6588134765625,591.4738159179688,611.4098510742188,604.467529296875
M4_YHUR_SHUR,4,HUR,HUR,2025-01-10,2025-01-10,1,TSE,608.7509155273438,598.9108276367188,601.6691284179688,600.13232421875,597.4627075195312
M4_YHUR_SHUR,4,HUR,HUR,2025-01-10,2025-01-10,1,TSEC,45.356319427490234,40.15789794921875,40.607994079589844,39.676822662353516,40.06924819946289
M4_YHUR_SHUR,4,HUR,HUR,2025-01-10,2025-01-11,2,Yd,452.50787353515625,600.6588134765625,597.3846435546875,609.7040405273438,607.5269165039062
M4_YHUR_SHUR,4,HUR,HUR,2025-01-10,2025-01-11,2,TSE,551.6629028320312,598.9108276367188,603.114501953125,604.43896484375,596.096435546875
M4_YHUR_SHUR,4,HUR,HUR,2025-01-10,2025-01-11,2,TSEC,46.25563430786133,40.15789794921875,40.47199249267578,38.90727615356445,39.98783493041992
M4_YHUR_SHUR,4,HUR,HUR,2025-01-10,2025-01-12,3,Yd,588.1380004882812,600.6588134765625,593.4111328125,623.8189697265625,609.5648803710938
M4_YHUR_SHUR,4,HUR,HUR,2025-01-10,2025-01-12,3,TSE,712.5973510742188,598.9108276367188,600.6436767578125,618.2718505859375,595.4024047851562
M4_YHUR_SHUR,4,HUR,HUR,2025-01-10,2025-01-12,3,TSEC,37.29230499267578,40.15789794921875,40.392616271972656,39.08675765991211,39.93555450439453
M4_YHUR_SHUR,4,HUR,HUR,2025-01-11,2025-01-11,1,Yd,452.50787353515625,600.6881713867188,595.4926147460938,605.8500366210938,604.7669067382812
M4_YHUR_SHUR,4,HUR,HUR,2025-01-11,2025-01-11,1,TSE,551.6629028320312,598.924072265625,602.8618774414062,604.859375,598.3089599609375
M4_YHUR_SHUR,4,HUR,HUR,2025-01-11,2025-01-11,1,TSEC,46.25563430786133,40.164913177490234,40.77803039550781,39.39525604248047,40.002891540527344
M4_YHUR_SHUR,4,HUR,HUR,2025-01-11,2025-01-12,2,Yd,588.1380004882812,600.6881713867188,593.6328125,619.2296752929688,606.76318359375
M4_YHUR_SHUR,4,HUR,HUR,2025-01-11,2025-01-12,2,TSE,712.5973510742188,598.924072265625,599.0933227539062,618.96533203125,597.8591918945312
M4_YHUR_SHUR,4,HUR,HUR,2025-01-11,2025-01-12,2,TSEC,37.29230499267578,40.164913177490234,40.3066520690918,39.19459915161133,39.91715621948242
M4_YHUR_SHUR,4,HUR,HUR,2025-01-11,2025-01-13,3,Yd,559.886474609375,600.6881713867188,596.512451171875,626.1531372070312,607.578125
M4_YHUR_SHUR,4,HUR,HUR,2025-01-11,2025-01-13,3,TSE,598.7048950195312,598.924072265625,598.908935546875,621.443115234375,597.5545043945312
M4_YHUR_SHUR,4,HUR,HUR,2025-01-11,2025-01-13,3,TSEC,39.2458610534668,40.164913177490234,40.001426696777344,39.11332702636719,39.947669982910156
M4_YHUR_SHUR,4,HUR,HUR,2025-01-12,2025-01-12,1,Yd,588.1380004882812,600.4884643554688,597.678466796875,618.6550903320312,603.98828125
M4_YHUR_SHUR,4,HUR,HUR,2025-01-12,2025-01-12,1,TSE,712.5973510742188,598.8604125976562,599.6630249023438,602.266357421875,598.5759887695312
M4_YHUR_SHUR,4,HUR,HUR,2025-01-12,2025-01-12,1,TSEC,37.29230499267578,40.17312240600586,40.67763137817383,39.453468322753906,40.03038024902344
M4_YHUR_SHUR,4,HUR,HUR,2025-01-12,2025-01-13,2,Yd,559.886474609375,600.4884643554688,596.0203247070312,619.1067504882812,605.6900634765625
M4_YHUR_SHUR,4,HUR,HUR,2025-01-12,2025-01-13,2,TSE,598.7048950195312,598.8604125976562,600.5218505859375,602.3906860351562,598.2976684570312
M4_YHUR_SHUR,4,HUR,HUR,2025-01-12,2025-01-13,2,TSEC,39.2458610534668,40.17312240600586,39.84492111206055,38.72956085205078,40.03115463256836
M4_YHUR_SHUR,4,HUR,HUR,2025-01-12,2025-01-14,3,Yd,563.7671508789062,600.4884643554688,596.9231567382812,612.979248046875,605.9051513671875
M4_YHUR_SHUR,4,HUR,HUR,2025-01-12,2025-01-14,3,TSE,537.9635620117188,598.8604125976562,597.7410888671875,596.087890625,598.791015625
M4_YHUR_SHUR,4,HUR,HUR,2025-01-12,2025-01-14,3,TSEC,40.73342514038086,40.17312240600586,41.34141540527344,39.78791809082031,40.1080322265625
M4_YHUR_SHUR,4,HUR,HUR,2025-01-13,2025-01-13,1,Yd,559.886474609375,600.4718017578125,602.5977172851562,620.1583251953125,603.168701171875
M4_YHUR_SHUR,4,HUR,HUR,2025-01-13,2025-01-13,1,TSE,598.7048950195312,599.0134887695312,603.169677734375,588.8318481445312,598.7494506835938
M4_YHUR_SHUR,4,HUR,HUR,2025-01-13,2025-01-13,1,TSEC,39.2458610534668,40.169246673583984,39.72191619873047,40.553035736083984,40.17386245727539
M4_YHUR_SHUR,4,HUR,HUR,2025-01-13,2025-01-14,2,Yd,563.7671508789062,600.4718017578125,587.1264038085938,601.8862915039062,604.0555419921875
M4_YHUR_SHUR,4,HUR,HUR,2025-01-13,2025-01-14,2,TSE,537.9635620117188,599.0134887695312,601.1935424804688,597.51318359375,597.232421875
M4_YHUR_SHUR,4,HUR,HUR,2025-01-13,2025-01-14,2,TSEC,40.73342514038086,40.169246673583984,41.54038619995117,40.18449020385742,40.23912811279297
M4_YHUR_SHUR,4,HUR,HUR,2025-01-13,2025-01-15,3,Yd,679.1236572265625,600.4718017578125,598.4346923828125,599.5252075195312,602.8824462890625
M4_YHUR_SHUR,4,HUR,HUR,2025-01-13,2025-01-15,3,TSE,530.030029296875,599.0134887695312,603.85986328125,597.1177368164062,595.7711181640625
M4_YHUR_SHUR,4,HUR,HUR,2025-01-13,2025-01-15,3,TSEC,41.2086067199707,40.169246673583984,40.23147201538086,40.65167999267578,40.280208587646484
M4_YHUR_SHUR,4,HUR,HUR,2025-01-14,2025-01-14,1,Yd,563.7671508789062,600.417236328125,591.54052734375,606.8558349609375,601.570068359375
M4_YHUR_SHUR,4,HUR,HUR,2025-01-14,2025-01-14,1,TSE,537.9635620117188,599.0130004882812,600.438232421875,599.236572265625,597.7997436523438
M4_YHUR_SHUR,4,HUR,HUR,2025-01-14,2025-01-14,1,TSEC,40.73342514038086,40.16800308227539,40.124534606933594,40.4024543762207,40.2088623046875
M4_YHUR_SHUR,4,HUR,HUR,2025-01-14,2025-01-15,2,Yd,679.1236572265625,600.417236328125,594.2395629882812,607.172119140625,601.1473388671875
M4_YHUR_SHUR,4,HUR,HUR,2025-01-14,2025-01-15,2,TSE,530.030029296875,599.0130004882812,603.941650390625,594.3025512695312,595.7943725585938
M4_YHUR_SHUR,4,HUR,HUR,2025-01-14,2025-01-15,2,TSEC,41.2086067199707,40.16800308227539,40.345298767089844,39.17319869995117,40.21284484863281
M4_YHUR_SHUR,4,HUR,HUR,2025-01-14,2025-01-16,3,Yd,558.7578735351562,600.417236328125,593.402099609375,601.4271850585938,600.9740600585938
M4_YHUR_SHUR,4,HUR,HUR,2025-01-14,2025-01-16,3,TSE,554.44873046875,599.0130004882812,602.4005126953125,603.6181030273438,595.6649780273438
M4_YHUR_SHUR,4,HUR,HUR,2025-01-14,2025-01-16,3,TSEC,51.50682067871094,40.16800308227539,41.05854797363281,39.24752426147461,40.11475372314453
M4_YHUR_SHUR,4,HUR,HUR,2025-01-15,2025-01-15,1,Yd,679.1236572265625,600.3681030273438,593.2711791992188,596.1868286132812,600.7289428710938
M4_YHUR_SHUR,4,HUR,HUR,2025-01-15,2025-01-15,1,TSE,530.030029296875,598.93115234375,604.0254516601562,590.482421875,597.6818237304688
M4_YHUR_SHUR,4,HUR,HUR,2025-01-15,2025-01-15,1,TSEC,41.2086067199707,40.16876220703125,40.21432876586914,39.40699768066406,40.12702560424805
M4_YHUR_SHUR,4,HUR,HUR,2025-01-15,2025-01-16,2,Yd,558.7578735351562,600.3681030273438,590.3418579101562,599.822021484375,601.1336059570312
M4_YHUR_SHUR,4,HUR,HUR,2025-01-15,2025-01-16,2,TSE,554.44873046875,598.93115234375,601.2132568359375,577.6524658203125,596.544677734375
M4_YHUR_SHUR,4,HUR,HUR,2025-01-15,2025-01-16,2,TSEC,51.50682067871094,40.16876220703125,39.33041763305664,39.47929000854492,40.100799560546875
M4_YHUR_SHUR,4,HUR,HUR,2025-01-15,2025-01-17,3,Yd,592.7095947265625,600.3681030273438,589.425537109375,603.8160400390625,603.1771850585938
M4_YHUR_SHUR,4,HUR,HUR,2025-01-15,2025-01-17,3,TSE,502.6203308105469,598.93115234375,600.8141479492188,592.1224975585938,596.6468505859375
M4_YHUR_SHUR,4,HUR,HUR,2025-01-15,2025-01-17,3,TSEC,35.9429931640625,40.16876220703125,40.64699935913086,39.37826156616211,40.05077362060547
M4_YHUR_SHUR,4,HUR,HUR,2025-01-16,2025-01-16,1,Yd,558.7578735351562,600.4736328125,591.8451538085938,622.6025390625,601.6237182617188
M4_YHUR_SHUR,4,HUR,HUR,2025-01-16,2025-01-16,1,TSE,554.44873046875,598.8387451171875,599.7134399414062,590.5130615234375,598.3189697265625
M4_YHUR_SHUR,4,HUR,HUR,2025-01-16,2025-01-16,1,TSEC,51.50682067871094,40.17015838623047,39.44428253173828,39.96660614013672,40.09433364868164
M4_YHUR_SHUR,4,HUR,HUR,2025-01-16,2025-01-17,2,Yd,592.7095947265625,600.4736328125,588.1819458007812,611.9172973632812,603.6182250976562
M4_YHUR_SHUR,4,HUR,HUR,2025-01-16,2025-01-17,2,TSE,502.6203308105469,598.8387451171875,602.9614868164062,584.052001953125,597.433837890625
M4_YHUR_SHUR,4,HUR,HUR,2025-01-16,2025-01-17,2,TSEC,35.9429931640625,40.17015838623047,40.40199279785156,38.870357513427734,39.9577751159668
M4_YHUR_SHUR,4,HUR,HUR,2025-01-16,2025-01-18,3,Yd,625.1354370117188,600.4736328125,596.5454711914062,609.09912109375,606.0204467773438
M4_YHUR_SHUR,4,HUR,HUR,2025-01-16,2025-01-18,3,TSE,589.0881958007812,598.8387451171875,601.9703369140625,591.55078125,598.4168090820312
M4_YHUR_SHUR,4,HUR,HUR,2025-01-16,2025-01-18,3,TSEC,35.96738052368164,40.17015838623047,40.2454719543457,38.19694519042969,39.78984832763672
M4_YHUR_SHUR,4,HUR,HUR,2025-01-17,2025-01-17,1,Yd,592.7095947265625,600.4178466796875,591.1712036132812,601.0830078125,603.7318725585938
M4_YHUR_SHUR,4,HUR,HUR,2025-01-17,2025-01-17,1,TSE,502.6203308105469,598.779296875,600.9739379882812,582.157958984375,598.7150268554688
M4_YHUR_SHUR,4,HUR,HUR,2025-01-17,2025-01-17,1,TSEC,35.9429931640625,40.185333251953125,41.466583251953125,38.42346954345703,39.975242614746094
M4_YHUR_SHUR,4,HUR,HUR,2025-01-17,2025-01-18,2,Yd,625.1354370117188,600.4178466796875,597.0244140625,608.6334838867188,606.1373901367188
M4_YHUR_SHUR,4,HUR,HUR,2025-01-17,2025-01-18,2,TSE,589.0881958007812,598.779296875,602.2186279296875,586.7796630859375,599.11279296875
M4_YHUR_SHUR,4,HUR,HUR,2025-01-17,2025-01-18,2,TSEC,35.96738052368164,40.185333251953125,40.070457458496094,37.40064239501953,39.74159240722656
M4_YHUR_SHUR,4,HUR,HUR,2025-01-17,2025-01-19,3,Yd,580.3917236328125,600.4178466796875,592.8098754882812,626.78466796875,606.6047973632812
M4_YHUR_SHUR,4,HUR,HUR,2025-01-17,2025-01-19,3,TSE,651.7987060546875,598.779296875,599.4198608398438,605.8641357421875,600.4996948242188
M4_YHUR_SHUR,4,HUR,HUR,2025-01-17,2025-01-19,3,TSEC,44.30198287963867,40.185333251953125,40.81611633300781,37.83507537841797,39.671730041503906
M4_YHUR_SHUR,4,HUR,HUR,2025-01-18,2025-01-18,1,Yd,625.1354370117188,600.4075317382812,592.1717529296875,612.7998657226562,603.5941772460938
M4_YHUR_SHUR,4,HUR,HUR,2025-01-18,2025-01-18,1,TSE,589.0881958007812,598.6507568359375,600.3271484375,599.1616821289062,599.6532592773438
M4_YHUR_SHUR,4,HUR,HUR,2025-01-18,2025-01-18,1,TSEC,35.96738052368164,40.17966079711914,40.219905853271484,39.5124626159668,39.93621826171875
M4_YHUR_SHUR,4,HUR,HUR,2025-01-18,2025-01-19,2,Yd,580.3917236328125,600.4075317382812,592.287109375,621.6107788085938,604.623046875
M4_YHUR_SHUR,4,HUR,HUR,2025-01-18,2025-01-19,2,TSE,651.7987060546875,598.6507568359375,598.679443359375,607.8670654296875,600.3720092773438
M4_YHUR_SHUR,4,HUR,HUR,2025-01-18,2025-01-19,2,TSEC,44.30198287963867,40.17966079711914,40.740577697753906,39.88302230834961,39.81634521484375
M4_YHUR_SHUR,4,HUR,HUR,2025-01-18,2025-01-20,3,Yd,731.9558715820312,600.4075317382812,594.623779296875,596.3255004882812,604.5200805664062
M4_YHUR_SHUR,4,HUR,HUR,2025-01-18,2025-01-20,3,TSE,685.5147094726562,598.6507568359375,599.8130493164062,591.010498046875,601.5848999023438
M4_YHUR_SHUR,4,HUR,HUR,2025-01-18,2025-01-20,3,TSEC,46.43132019042969,40.17966079711914,39.83563995361328,39.26634216308594,39.752464294433594
M4_YHUR_SHUR,4,HUR,HUR,2025-01-19,2025-01-19,1,Yd,580.3917236328125,600.4404907226562,593.16796875,616.71826171875,602.94580078125
M4_YHUR_SHUR,4,HUR,HUR,2025-01-19,2025-01-19,1,TSE,651.7987060546875,598.6380004882812,598.1288452148438,589.697509765625,600.1334228515625
M4_YHUR_SHUR,4,HUR,HUR,2025-01-19,2025-01-19,1,TSEC,44.30198287963867,40.17403793334961,40.588436126708984,39.65335464477539,39.98097229003906
M4_YHUR_SHUR,4,HUR,HUR,2025-01-19,2025-01-20,2,Yd,731.9558715820312,600.4404907226562,593.5020141601562,613.0126953125,603.65283203125
M4_YHUR_SHUR,4,HUR,HUR,2025-01-19,2025-01-20,2,TSE,685.5147094726562,598.6380004882812,600.0501098632812,596.6879272460938,600.960205078125
M4_YHUR_SHUR,4,HUR,HUR,2025-01-19,2025-01-20,2,TSEC,46.43132019042969,40.17403793334961,40.221317291259766,38.8926887512207,39.922489166259766
M4_YHUR_SHUR,4,HUR,HUR,2025-01-19,2025-01-21,3,Yd,576.02978515625,600.4404907226562,592.8809204101562,616.0364379882812,602.955078125
M4_YHUR_SHUR,4,HUR,HUR,2025-01-19,2025-01-21,3,TSE,653.8739624023438,598.6380004882812,600.1262817382812,601.2049560546875,600.8821411132812
M4_YHUR_SHUR,4,HUR,HUR,2025-01-19,2025-01-21,3,TSEC,33.8697624206543,40.17403793334961,41.130306243896484,39.37438201904297,39.9974250793457
M4_YHUR_SHUR,4,HUR,HUR,2025-01-20,2025-01-20,1,Yd,731.9558715820312,600.413818359375,592.677734375,608.5895385742188,602.2616577148438
M4_YHUR_SHUR,4,HUR,HUR,2025-01-20,2025-01-20,1,TSE,685.5147094726562,598.7088623046875,599.5914306640625,581.1139526367188,599.5460815429688
M4_YHUR_SHUR,4,HUR,HUR,2025-01-20,2025-01-20,1,TSEC,46.43132019042969,40.179542541503906,40.50530242919922,39.64494705200195,40.13956069946289
M4_YHUR_SHUR,4,HUR,HUR,2025-01-20,2025-01-21,2,Yd,576.02978515625,600.413818359375,594.7835083007812,608.20166015625,602.0146484375
M4_YHUR_SHUR,4,HUR,HUR,2025-01-20,2025-01-21,2,TSE,653.8739624023438,598.7088623046875,598.567626953125,598.197265625,599.397216796875
M4_YHUR_SHUR,4,HUR,HUR,2025-01-20,2025-01-21,2,TSEC,33.8697624206543,40.179542541503906,41.15849685668945,38.78146743774414,40.236846923828125
M4_YHUR_SHUR,4,HUR,HUR,2025-01-20,2025-01-22,3,Yd,512.3170776367188,600.413818359375,592.7634887695312,605.1336669921875,601.0193481445312
M4_YHUR_SHUR,4,HUR,HUR,2025-01-20,2025-01-22,3,TSE,605.9614868164062,598.7088623046875,596.2005004882812,607.8416748046875,598.8621826171875
M4_YHUR_SHUR,4,HUR,HUR,2025-01-20,2025-01-22,3,TSEC,47.10511779785156,40.179542541503906,40.39262008666992,38.756385803222656,40.315765380859375
M4_YHUR_SHUR,4,HUR,HUR,2025-01-21,2025-01-21,1,Yd,576.02978515625,600.5889892578125,605.3732299804688,597.64404296875,600.8197021484375
M4_YHUR_SHUR,4,HUR,HUR,2025-01-21,2025-01-21,1,TSE,653.8739624023438,598.824462890625,603.3729858398438,594.036376953125,598.4354858398438
M4_YHUR_SHUR,4,HUR,HUR,2025-01-21,2025-01-21,1,TSEC,33.8697624206543,40.187862396240234,41.712711334228516,39.747314453125,40.30974578857422
M4_YHUR_SHUR,4,HUR,HUR,2025-01-21,2025-01-22,2,Yd,512.3170776367188,600.5889892578125,587.5516967773438,616.947021484375,600.3621215820312
M4_YHUR_SHUR,4,HUR,HUR,2025-01-21,2025-01-22,2,TSE,605.9614868164062,598.824462890625,603.3882446289062,621.9552612304688,597.466064453125
M4_YHUR_SHUR,4,HUR,HUR,2025-01-21,2025-01-22,2,TSEC,47.10511779785156,40.187862396240234,40.20962142944336,40.473915100097656,40.35448455810547
M4_YHUR_SHUR,4,HUR,HUR,2025-01-21,2025-01-23,3,Yd,549.394775390625,600.5889892578125,599.9402465820312,602.12158203125,601.5360107421875
M4_YHUR_SHUR,4,HUR,HUR,2025-01-21,2025-01-23,3,TSE,619.560791015625,598.824462890625,602.90283203125,604.1549682617188,597.309326171875
M4_YHUR_SHUR,4,HUR,HUR,2025-01-21,2025-01-23,3,TSEC,40.192527770996094,40.187862396240234,39.304412841796875,39.50559616088867,40.232322692871094
M4_YHUR_SHUR,4,HUR,HUR,2025-01-22,2025-01-22,1,Yd,512.3170776367188,600.5562744140625,591.7918090820312,603.0781860351562,600.1668090820312
M4_YHUR_SHUR,4,HUR,HUR,2025-01-22,2025-01-22,1,TSE,605.9614868164062,598.897705078125,604.1458129882812,615.7667236328125,597.6614990234375
M4_YHUR_SHUR,4,HUR,HUR,2025-01-22,2025-01-22,1,TSEC,47.10511779785156,40.17946243286133,39.59634780883789,40.35315704345703,40.181549072265625
M4_YHUR_SHUR,4,HUR,HUR,2025-01-22,2025-01-23,2,Yd,549.394775390625,600.5562744140625,595.729248046875,602.6019897460938,600.4775390625
M4_YHUR_SHUR,4,HUR,HUR,2025-01-22,2025-01-23,2,TSE,619.560791015625,598.897705078125,603.5978393554688,610.6849365234375,597.4741821289062
M4_YHUR_SHUR,4,HUR,HUR,2025-01-22,2025-01-23,2,TSEC,40.192527770996094,40.17946243286133,39.52921676635742,39.864837646484375,40.10689163208008
M4_YHUR_SHUR,4,HUR,HUR,2025-01-22,2025-01-24,3,Yd,639.5658569335938,600.5562744140625,591.7208251953125,601.1372680664062,603.4286499023438
M4_YHUR_SHUR,4,HUR,HUR,2025-01-22,2025-01-24,3,TSE,618.274169921875,598.897705078125,605.4071044921875,609.6414794921875,597.8104858398438
M4_YHUR_SHUR,4,HUR,HUR,2025-01-22,2025-01-24,3,TSEC,41.009517669677734,40.17946243286133,40.77000427246094,40.07003402709961,39.99932861328125
M4_YHUR_SHUR,4,HUR,HUR,2025-01-23,2025-01-23,1,Yd,549.394775390625,600.4391479492188,591.0018310546875,599.9757690429688,601.7702026367188
M4_YHUR_SHUR,4,HUR,HUR,2025-01-23,2025-01-23,1,TSE,619.560791015625,598.9071044921875,603.4625244140625,592.6447143554688,597.9276123046875
M4_YHUR_SHUR,4,HUR,HUR,2025-01-23,2025-01-23,1,TSEC,40.192527770996094,40.188663482666016,39.87592315673828,38.682823181152344,40.13641357421875
M4_YHUR_SHUR,4,HUR,HUR,2025-01-23,2025-01-24,2,Yd,639.5658569335938,600.4391479492188,587.6932983398438,592.8638916015625,604.31396484375
M4_YHUR_SHUR,4,HUR,HUR,2025-01-23,2025-01-24,2,TSE,618.274169921875,598.9071044921875,605.52978515625,589.3555908203125,597.6967163085938
M4_YHUR_SHUR,4,HUR,HUR,2025-01-23,2025-01-24,2,TSEC,41.009517669677734,40.188663482666016,40.46636199951172,38.39582824707031,40.027870178222656
M4_YHUR_SHUR,4,HUR,HUR,2025-01-23,2025-01-25,3,Yd,606.405517578125,600.4391479492188,596.4092407226562,592.3499145507812,607.2158203125
M4_YHUR_SHUR,4,HUR,HUR,2025-01-23,2025-01-25,3,TSE,525.2620239257812,598.9071044921875,602.2056274414062,596.405517578125,597.9546508789062
M4_YHUR_SHUR,4,HUR,HUR,2025-01-23,2025-01-25,3,TSEC,34.53444290161133,40.188663482666016,40.63908386230469,38.683719635009766,39.859134674072266
M4_YHUR_SHUR,4,HUR,HUR,2025-01-24,2025-01-24,1,Yd,639.5658569335938,600.3714599609375,592.2553100585938,615.7403564453125,604.0025024414062
M4_YHUR_SHUR,4,HUR,HUR,2025-01-24,2025-01-24,1,TSE,618.274169921875,598.9344482421875,606.603515625,612.983642578125,598.284912109375
M4_YHUR_SHUR,4,HUR,HUR,2025-01-24,2025-01-24,1,TSEC,41.009517669677734,40.18866729736328,39.43910598754883,39.589839935302734,40.05485153198242
M4_YHUR_SHUR,4,HUR,HUR,2025-01-24,2025-01-25,2,Yd,606.405517578125,600.3714599609375,593.3949584960938,611.05078125,606.603515625
M4_YHUR_SHUR,4,HUR,HUR,2025-01-24,2025-01-25,2,TSE,525.2620239257812,598.9344482421875,602.3919067382812,606.9923706054688,598.1904907226562
M4_YHUR_SHUR,4,HUR,HUR,2025-01-24,2025-01-25,2,TSEC,34.53444290161133,40.18866729736328,40.043453216552734,39.16706085205078,39.9035758972168
M4_YHUR_SHUR,4,HUR,HUR,2025-01-24,2025-01-26,3,Yd,535.4041748046875,600.3714599609375,592.188720703125,614.3590087890625,607.1444702148438
M4_YHUR_SHUR,4,HUR,HUR,2025-01-24,2025-01-26,3,TSE,604.1189575195312,598.9344482421875,599.6664428710938,611.3312377929688,599.4097900390625
M4_YHUR_SHUR,4,HUR,HUR,2025-01-24,2025-01-26,3,TSEC,40.53943634033203,40.18866729736328,39.643943786621094,39.0316162109375,39.88895034790039
M4_YHUR_SHUR,4,HUR,HUR,2025-01-25,2025-01-25,1,Yd,606.405517578125,600.42333984375,594.297119140625,607.7528076171875,604.1253662109375
M4_YHUR_SHUR,4,HUR,HUR,2025-01-25,2025-01-25,1,TSE,525.2620239257812,598.9600830078125,603.775634765625,596.2357177734375,599.4154052734375
M4_YHUR_SHUR,4,HUR,HUR,2025-01-25,2025-01-25,1,TSEC,34.53444290161133,40.189754486083984,40.69707107543945,39.42011642456055,39.99361801147461
M4_YHUR_SHUR,4,HUR,HUR,2025-01-25,2025-01-26,2,Yd,535.4041748046875,600.42333984375,592.1848754882812,608.94189453125,605.3359375
M4_YHUR_SHUR,4,HUR,HUR,2025-01-25,2025-01-26,2,TSE,604.1189575195312,598.9600830078125,599.05224609375,606.8681640625,600.2407836914062
M4_YHUR_SHUR,4,HUR,HUR,2025-01-25,2025-01-26,2,TSEC,40.53943634033203,40.189754486083984,40.48687744140625,39.11613464355469,39.91971969604492
M4_YHUR_SHUR,4,HUR,HUR,2025-01-25,2025-01-27,3,Yd,594.9722900390625,600.42333984375,594.0635986328125,613.7639770507812,605.797119140625
M4_YHUR_SHUR,4,HUR,HUR,2025-01-25,2025-01-27,3,TSE,482.46563720703125,598.9600830078125,600.755615234375,619.8179931640625,600.2044067382812
M4_YHUR_SHUR,4,HUR,HUR,2025-01-25,2025-01-27,3,TSEC,33.83159637451172,40.189754486083984,40.11177444458008,39.272579193115234,39.99563980102539
M4_YHUR_SHUR,4,HUR,HUR,2025-01-26,2025-01-26,1,Yd,535.4041748046875,600.4312133789062,592.631591796875,600.807861328125,602.7171020507812
M4_YHUR_SHUR,4,HUR,HUR,2025-01-26,2025-01-26,1,TSE,604.1189575195312,598.8626098632812,612.2520141601562,588.2410278320312,600.4602661132812
M4_YHUR_SHUR,4,HUR,HUR,2025-01-26,2025-01-26,1,TSEC,40.53943634033203,40.182273864746094,40.1384162902832,39.093284606933594,40.01927185058594
M4_YHUR_SHUR,4,HUR,HUR,2025-01-26,2025-01-27,2,Yd,594.9722900390625,600.4312133789062,592.1884765625,602.6505126953125,603.3995361328125
M4_YHUR_SHUR,4,HUR,HUR,2025-01-26,2025-01-27,2,TSE,482.46563720703125,598.8626098632812,597.2330322265625,604.6744995117188,600.9981079101562
M4_YHUR_SHUR,4,HUR,HUR,2025-01-26,2025-01-27,2,TSEC,33.83159637451172,40.182273864746094,39.92593765258789,39.15522384643555,40.02312088012695
M4_YHUR_SHUR,4,HUR,HUR,2025-01-26,2025-01-28,3,Yd,595.9627685546875,600.4312133789062,593.6986694335938,602.1565551757812,602.662353515625
M4_YHUR_SHUR,4,HUR,HUR,2025-01-26,2025-01-28,3,TSE,547.7382202148438,598.8626098632812,598.0191040039062,602.2412719726562,601.5547485351562
M4_YHUR_SHUR,4,HUR,HUR,2025-01-26,2025-01-28,3,TSEC,39.314781188964844,40.182273864746094,40.736732482910156,38.53997039794922,40.12746810913086
M4_YHUR_SHUR,4,HUR,HUR,2025-01-27,2025-01-27,1,Yd,594.9722900390625,600.3453369140625,591.5335083007812,612.4039306640625,601.9930419921875
M4_YHUR_SHUR,4,HUR,HUR,2025-01-27,2025-01-27,1,TSE,482.46563720703125,598.8695678710938,598.588623046875,585.4334716796875,600.0400390625
M4_YHUR_SHUR,4,HUR,HUR,2025-01-27,2025-01-27,1,TSEC,33.83159637451172,40.182743072509766,40.510894775390625,39.46564865112305,40.14577102661133
M4_YHUR_SHUR,4,HUR,HUR,2025-01-27,2025-01-28,2,Yd,595.9627685546875,600.3453369140625,594.56640625,612.6309814453125,601.605712890625
M4_YHUR_SHUR,4,HUR,HUR,2025-01-27,2025-01-28,2,TSE,547.7382202148438,598.8695678710938,598.2615966796875,610.42431640625,600.0855712890625
M4_YHUR_SHUR,4,HUR,HUR,2025-01-27,2025-01-28,2,TSEC,39.314781188964844,40.182743072509766,41.00160217285156,39.6500129699707,40.244422912597656
M4_YHUR_SHUR,4,HUR,HUR,2025-01-27,2025-01-29,3,Yd,588.48583984375,600.3453369140625,593.4014892578125,612.4214477539062,600.154541015625
M4_YHUR_SHUR,4,HUR,HUR,2025-01-27,2025-01-29,3,TSE,582.5899047851562,598.8695678710938,601.3501586914062,604.5007934570312,599.8461303710938
M4_YHUR_SHUR,4,HUR,HUR,2025-01-27,2025-01-29,3,TSEC,41.37298583984375,40.182743072509766,40.36367416381836,39.71266555786133,40.33694076538086
M4_YHUR_SHUR,4,HUR,HUR,2025-01-28,2025-01-28,1,Yd,595.9627685546875,600.3381958007812,594.4100952148438,617.5693969726562,599.4232788085938
M4_YHUR_SHUR,4,HUR,HUR,2025-01-28,2025-01-28,1,TSE,547.7382202148438,598.7159423828125,597.7662963867188,590.4058227539062,600.3364868164062
M4_YHUR_SHUR,4,HUR,HUR,2025-01-28,2025-01-28,1,TSEC,39.314781188964844,40.17436599731445,40.83803939819336,39.86518096923828,40.16451644897461
M4_YHUR_SHUR,4,HUR,HUR,2025-01-28,2025-01-29,2,Yd,588.48583984375,600.3381958007812,593.0394897460938,611.2127075195312,597.9422607421875
M4_YHUR_SHUR,4,HUR,HUR,2025-01-28,2025-01-29,2,TSE,582.5899047851562,598.7159423828125,600.4818115234375,596.6436157226562,600.6632690429688
M4_YHUR_SHUR,4,HUR,HUR,2025-01-28,2025-01-29,2,TSEC,41.37298583984375,40.17436599731445,40.36570358276367,40.248355865478516,40.178016662597656
M4_YHUR_SHUR,4,HUR,HUR,2025-01-28,2025-01-30,3,Yd,599.3173828125,600.3381958007812,594.2500610351562,610.68701171875,598.0565795898438
M4_YHUR_SHUR,4,HUR,HUR,2025-01-28,2025-01-30,3,TSE,596.4174194335938,598.7159423828125,603.1864013671875,600.8638305664062,600.8301391601562
M4_YHUR_SHUR,4,HUR,HUR,2025-01-28,2025-01-30,3,TSEC,37.06748580932617,40.17436599731445,39.192081451416016,39.744354248046875,40.131046295166016
M4_YHUR_SHUR,4,HUR,HUR,2025-01-29,2025-01-29,1,Yd,588.48583984375,600.3324584960938,593.1326293945312,607.3759765625,599.1715087890625
M4_YHUR_SHUR,4,HUR,HUR,2025-01-29,2025-01-29,1,TSE,582.5899047851562,598.6488037109375,602.209228515625,590.9456787109375,600.2879638671875
M4_YHUR_SHUR,4,HUR,HUR,2025-01-29,2025-01-29,1,TSEC,41.37298583984375,40.17323303222656,40.192264556884766,39.67531967163086,40.154998779296875
M4_YHUR_SHUR,4,HUR,HUR,2025-01-29,2025-01-30,2,Yd,599.3173828125,600.3324584960938,594.25146484375,603.7564697265625,599.1002197265625
M4_YHUR_SHUR,4,HUR,HUR,2025-01-29,2025-01-30,2,TSE,596.4174194335938,598.6488037109375,600.7734375,580.472412109375,600.1704711914062
M4_YHUR_SHUR,4,HUR,HUR,2025-01-29,2025-01-30,2,TSEC,37.06748580932617,40.17323303222656,39.33919143676758,39.05689239501953,40.09303283691406
M4_YHUR_SHUR,4,HUR,HUR,2025-01-29,2025-01-31,3,Yd,554.1513671875,600.3324584960938,592.6463012695312,602.3179931640625,600.6784057617188
M4_YHUR_SHUR,4,HUR,HUR,2025-01-29,2025-01-31,3,TSE,644.8569946289062,598.6488037109375,601.3544921875,578.083984375,600.059326171875
M4_YHUR_SHUR,4,HUR,HUR,2025-01-29,2025-01-31,3,TSEC,40.79062271118164,40.17323303222656,40.78309631347656,38.31058883666992,39.9598274230957
M4_YHUR_SHUR,4,HUR,HUR,2025-01-30,2025-01-30,1,Yd,599.3173828125,600.31689453125,591.0780029296875,603.910400390625,600.6732177734375
M4_YHUR_SHUR,4,HUR,HUR,2025-01-30,2025-01-30,1,TSE,596.4174194335938,598.627685546875,598.6173706054688,583.0681762695312,599.53564453125
M4_YHUR_SHUR,4,HUR,HUR,2025-01-30,2025-01-30,1,TSEC,37.06748580932617,40.17481231689453,39.37159729003906,39.05308532714844,40.09125518798828
M4_YHUR_SHUR,4,HUR,HUR,2025-01-30,2025-01-31,2,Yd,554.1513671875,600.31689453125,596.0020751953125,595.9412841796875,601.97802734375
M4_YHUR_SHUR,4,HUR,HUR,2025-01-30,2025-01-31,2,TSE,644.8569946289062,598.627685546875,600.4703979492188,579.0048217773438,599.7841186523438
M4_YHUR_SHUR,4,HUR,HUR,2025-01-30,2025-01-31,2,TSEC,40.79062271118164,40.17481231689453,40.54317855834961,38.36420440673828,39.942264556884766
M4_YHUR_SHUR,4,HUR,HUR,2025-01-30,2025-02-01,3,Yd,597.3045043945312,600.31689453125,589.76513671875,607.1918334960938,603.423583984375
M4_YHUR_SHUR,4,HUR,HUR,2025-01-30,2025-02-01,3,TSE,599.2255249023438,598.627685546875,602.5211181640625,586.8817749023438,601.6586303710938
M4_YHUR_SHUR,4,HUR,HUR,2025-01-30,2025-02-01,3,TSEC,45.521602630615234,40.17481231689453,40.61283874511719,37.961002349853516,39.79318618774414
M4_YHUR_SHUR,4,HUR,HUR,2025-01-31,2025-01-31,1,Yd,554.1513671875,600.3155517578125,594.10546875,617.5380249023438,602.31787109375
M4_YHUR_SHUR,4,HUR,HUR,2025-01-31,2025-01-31,1,TSE,644.8569946289062,598.624755859375,600.2954711914062,599.4656372070312,600.04833984375
M4_YHUR_SHUR,4,HUR,HUR,2025-01-31,2025-01-31,1,TSEC,40.79062271118164,40.17073059082031,40.44487380981445,39.47441864013672,40.02030944824219
M4_YHUR_SHUR,4,HUR,HUR,2025-01-31,2025-02-01,2,Yd,597.3045043945312,600.3155517578125,594.0845336914062,612.6575927734375,603.4690551757812
M4_YHUR_SHUR,4,HUR,HUR,2025-01-31,2025-02-01,2,TSE,599.2255249023438,598.624755859375,602.7849731445312,590.7195434570312,601.5117797851562
M4_YHUR_SHUR,4,HUR,HUR,2025-01-31,2025-02-01,2,TSEC,45.521602630615234,40.17073059082031,40.58207702636719,38.0418815612793,39.88542938232422
M4_YHUR_SHUR,4,HUR,HUR,2025-01-31,2025-02-02,3,Yd,616.3988037109375,600.3155517578125,594.8173217773438,617.4869384765625,603.6689453125
M4_YHUR_SHUR,4,HUR,HUR,2025-01-31,2025-02-02,3,TSE,676.0584106445312,598.624755859375,600.7976684570312,597.2311401367188,603.255615234375
M4_YHUR_SHUR,4,HUR,HUR,2025-01-31,2025-02-02,3,TSEC,38.54879379272461,40.17073059082031,40.25315856933594,37.6944694519043,39.79414367675781
M4_YHUR_SHUR,4,HUR,HUR,2025-02-01,2025-02-01,1,Yd,597.3045043945312,600.2550048828125,590.5003662109375,608.9652099609375,603.215087890625
M4_YHUR_SHUR,4,HUR,HUR,2025-02-01,2025-02-01,1,TSE,599.2255249023438,598.6854248046875,603.7955932617188,596.588134765625,600.4594116210938
M4_YHUR_SHUR,4,HUR,HUR,2025-02-01,2025-02-01,1,TSEC,45.521602630615234,40.17154312133789,40.61429214477539,39.359962463378906,40.00636291503906
M4_YHUR_SHUR,4,HUR,HUR,2025-02-01,2025-02-02,2,Yd,616.3988037109375,600.2550048828125,595.6768798828125,622.9182739257812,604.0455322265625
M4_YHUR_SHUR,4,HUR,HUR,2025-02-01,2025-02-02,2,TSE,676.0584106445312,598.6854248046875,600.2933349609375,596.912353515625,601.6213989257812
M4_YHUR_SHUR,4,HUR,HUR,2025-02-01,2025-02-02,2,TSEC,38.54879379272461,40.17154312133789,40.38660430908203,38.40595626831055,39.88563919067383
M4_YHUR_SHUR,4,HUR,HUR,2025-02-01,2025-02-03,3,Yd,585.2781372070312,600.2550048828125,591.0927124023438,621.6668090820312,603.4669189453125
M4_YHUR_SHUR,4,HUR,HUR,2025-02-01,2025-02-03,3,TSE,634.0946655273438,598.6854248046875,605.832275390625,603.5147705078125,602.7509155273438
M4_YHUR_SHUR,4,HUR,HUR,2025-02-01,2025-02-03,3,TSEC,37.33386993408203,40.17154312133789,40.240352630615234,38.53561019897461,39.850830078125
M4_YHUR_SHUR,4,HUR,HUR,2025-02-02,2025-02-02,1,Yd,616.3988037109375,600.2511596679688,598.7779541015625,620.7295532226562,602.6673583984375
M4_YHUR_SHUR,4,HUR,HUR,2025-02-02,2025-02-02,1,TSE,676.0584106445312,598.6861572265625,600.7734375,601.8917846679688,601.005126953125
M4_YHUR_SHUR,4,HUR,HUR,2025-02-02,2025-02-02,1,TSEC,38.54879379272461,40.17855453491211,40.66679000854492,39.9295768737793,39.99028778076172
M4_YHUR_SHUR,4,HUR,HUR,2025-02-02,2025-02-03,2,Yd,585.2781372070312,600.2511596679688,591.2625122070312,621.86669921875,603.2440185546875
M4_YHUR_SHUR,4,HUR,HUR,2025-02-02,2025-02-03,2,TSE,634.0946655273438,598.6861572265625,605.7244262695312,607.6773071289062,601.6285400390625
M4_YHUR_SHUR,4,HUR,HUR,2025-02-02,2025-02-03,2,TSEC,37.33386993408203,40.17855453491211,40.068214416503906,39.09749984741211,39.979862213134766
M4_YHUR_SHUR,4,HUR,HUR,2025-02-02,2025-02-04,3,Yd,627.9301147460938,600.2511596679688,596.9111938476562,610.0025634765625,602.9004516601562
M4_YHUR_SHUR,4,HUR,HUR,2025-02-02,2025-02-04,3,TSE,586.8786010742188,598.6861572265625,603.2297973632812,610.4678344726562,602.0971069335938
M4_YHUR_SHUR,4,HUR,HUR,2025-02-02,2025-02-04,3,TSEC,39.71071243286133,40.17855453491211,41.3255615234375,39.2806396484375,40.107994079589844
M4_YHUR_SHUR,4,HUR,HUR,2025-02-03,2025-02-03,1,Yd,585.2781372070312,600.2722778320312,592.012939453125,628.4927368164062,602.0784301757812
M4_YHUR_SHUR,4,HUR,HUR,2025-02-03,2025-02-03,1,TSE,634.0946655273438,598.7874145507812,603.325439453125,610.358642578125,599.8265380859375
M4_YHUR_SHUR,4,HUR,HUR,2025-02-03,2025-02-03,1,TSEC,37.33386993408203,40.176422119140625,39.948089599609375,40.945308685302734,40.18571472167969
M4_YHUR_SHUR,4,HUR,HUR,2025-02-03,2025-02-04,2,Yd,627.9301147460938,600.2722778320312,592.4420776367188,620.24365234375,601.9071044921875
M4_YHUR_SHUR,4,HUR,HUR,2025-02-03,2025-02-04,2,TSE,586.8786010742188,598.7874145507812,598.7613525390625,623.5061645507812,599.6734619140625
M4_YHUR_SHUR,4,HUR,HUR,2025-02-03,2025-02-04,2,TSEC,39.71071243286133,40.176422119140625,41.322139739990234,40.09747314453125,40.31460952758789
M4_YHUR_SHUR,4,HUR,HUR,2025-02-03,2025-02-05,3,Yd,608.18408203125,600.2722778320312,591.9117431640625,608.3760375976562,600.4457397460938
M4_YHUR_SHUR,4,HUR,HUR,2025-02-03,2025-02-05,3,TSE,578.5848999023438,598.7874145507812,603.2876586914062,619.098876953125,599.1473999023438
M4_YHUR_SHUR,4,HUR,HUR,2025-02-03,2025-02-05,3,TSEC,34.85329818725586,40.176422119140625,40.103843688964844,40.05744552612305,40.424461364746094
M4_YHUR_SHUR,4,HUR,HUR,2025-02-04,2025-02-04,1,Yd,627.9301147460938,600.252685546875,593.26904296875,612.636474609375,600.1143798828125
M4_YHUR_SHUR,4,HUR,HUR,2025-02-04,2025-02-04,1,TSE,586.8786010742188,598.8335571289062,598.784423828125,605.2536010742188,599.2838745117188
M4_YHUR_SHUR,4,HUR,HUR,2025-02-04,2025-02-04,1,TSEC,39.71071243286133,40.172706604003906,41.08411407470703,40.457115173339844,40.277244567871094
M4_YHUR_SHUR,4,HUR,HUR,2025-02-04,2025-02-05,2,Yd,608.18408203125,600.252685546875,593.8180541992188,608.1619873046875,598.8785400390625
M4_YHUR_SHUR,4,HUR,HUR,2025-02-04,2025-02-05,2,TSE,578.5848999023438,598.8335571289062,603.823486328125,613.5001220703125,598.9610595703125
M4_YHUR_SHUR,4,HUR,HUR,2025-02-04,2025-02-05,2,TSEC,34.85329818725586,40.172706604003906,40.192283630371094,39.60253143310547,40.33137512207031
M4_YHUR_SHUR,4,HUR,HUR,2025-02-04,2025-02-06,3,Yd,556.2701416015625,600.252685546875,593.6155395507812,605.8189697265625,598.8099365234375
M4_YHUR_SHUR,4,HUR,HUR,2025-02-04,2025-02-06,3,TSE,541.718505859375,598.8335571289062,599.7125244140625,617.4410400390625,599.0236206054688
M4_YHUR_SHUR,4,HUR,HUR,2025-02-04,2025-02-06,3,TSEC,40.53981399536133,40.172706604003906,39.59469985961914,39.89618682861328,40.2509765625
M4_YHUR_SHUR,4,HUR,HUR,2025-02-05,2025-02-05,1,Yd,608.18408203125,600.288818359375,590.8753051757812,605.6679077148438,599.0408325195312
M4_YHUR_SHUR,4,HUR,HUR,2025-02-05,2025-02-05,1,TSE,578.5848999023438,598.8179931640625,604.6163940429688,596.7046508789062,599.5252685546875
M4_YHUR_SHUR,4,HUR,HUR,2025-02-05,2025-02-05,1,TSEC,34.85329818725586,40.17210006713867,40.07038497924805,39.722896575927734,40.21484375
M4_YHUR_SHUR,4,HUR,HUR,2025-02-05,2025-02-06,2,Yd,556.2701416015625,600.288818359375,588.6701049804688,609.2044067382812,599.0399780273438
M4_YHUR_SHUR,4,HUR,HUR,2025-02-05,2025-02-06,2,TSE,541.718505859375,598.8179931640625,599.598388671875,608.8860473632812,599.3388061523438
M4_YHUR_SHUR,4,HUR,HUR,2025-02-05,2025-02-06,2,TSEC,40.53981399536133,40.17210006713867,39.439273834228516,39.6610221862793,40.15312957763672
M4_YHUR_SHUR,4,HUR,HUR,2025-02-05,2025-02-07,3,Yd,639.2721557617188,600.288818359375,588.0093383789062,608.4193115234375,601.3817138671875
M4_YHUR_SHUR,4,HUR,HUR,2025-02-05,2025-02-07,3,TSE,581.81494140625,598.8179931640625,603.3147583007812,611.1530151367188,600.323486328125
M4_YHUR_SHUR,4,HUR,HUR,2025-02-05,2025-02-07,3,TSEC,32.36673355102539,40.17210006713867,40.616703033447266,39.65771484375,40.059574127197266
M4_YHUR_SHUR,4,HUR,HUR,2025-02-06,2025-02-06,1,Yd,556.2701416015625,600.299072265625,588.9403076171875,609.1123046875,600.2947387695312
M4_YHUR_SHUR,4,HUR,HUR,2025-02-06,2025-02-06,1,TSE,541.718505859375,598.7916259765625,600.6647338867188,589.5128784179688,599.42724609375
M4_YHUR_SHUR,4,HUR,HUR,2025-02-06,2025-02-06,1,TSEC,40.53981399536133,40.16516876220703,39.909034729003906,39.65576934814453,40.12333297729492
M4_YHUR_SHUR,4,HUR,HUR,2025-02-06,2025-02-07,2,Yd,639.2721557617188,600.299072265625,587.6090698242188,603.2068481445312,601.6866455078125
M4_YHUR_SHUR,4,HUR,HUR,2025-02-06,2025-02-07,2,TSE,581.81494140625,598.7916259765625,600.2848510742188,589.86865234375,599.5695190429688
M4_YHUR_SHUR,4,HUR,HUR,2025-02-06,2025-02-07,2,TSEC,32.36673355102539,40.16516876220703,40.320953369140625,39.781455993652344,40.03036117553711
M4_YHUR_SHUR,4,HUR,HUR,2025-02-06,2025-02-08,3,Yd,620.1166381835938,600.299072265625,595.3277587890625,610.78759765625,602.721435546875
M4_YHUR_SHUR,4,HUR,HUR,2025-02-06,2025-02-08,3,TSE,631.81689453125,598.7916259765625,601.49951171875,602.297119140625,601.6284790039062
M4_YHUR_SHUR,4,HUR,HUR,2025-02-06,2025-02-08,3,TSEC,42.41590118408203,40.16516876220703,40.369483947753906,39.228633880615234,39.93671417236328
M4_YHUR_SHUR,4,HUR,HUR,2025-02-07,2025-02-07,1,Yd,639.2721557617188,600.2417602539062,587.0899047851562,605.4761352539062,602.0277099609375
M4_YHUR_SHUR,4,HUR,HUR,2025-02-07,2025-02-07,1,TSE,581.81494140625,598.7172241210938,600.2890014648438,584.7194213867188,600.4104614257812
M4_YHUR_SHUR,4,HUR,HUR,2025-02-07,2025-02-07,1,TSEC,32.36673355102539,40.165653228759766,40.70296096801758,39.50114059448242,40.053504943847656
M4_YHUR_SHUR,4,HUR,HUR,2025-02-07,2025-02-08,2,Yd,620.1166381835938,600.2417602539062,596.0799560546875,604.2762451171875,602.6328735351562
M4_YHUR_SHUR,4,HUR,HUR,2025-02-07,2025-02-08,2,TSE,631.81689453125,598.7172241210938,601.345458984375,585.7070922851562,602.3056030273438
M4_YHUR_SHUR,4,HUR,HUR,2025-02-07,2025-02-08,2,TSEC,42.41590118408203,40.165653228759766,40.28765869140625,38.20587921142578,39.93205261230469
M4_YHUR_SHUR,4,HUR,HUR,2025-02-07,2025-02-09,3,Yd,519.9793090820312,600.2417602539062,597.5415649414062,614.6854858398438,602.4463500976562
M4_YHUR_SHUR,4,HUR,HUR,2025-02-07,2025-02-09,3,TSE,798.9952392578125,598.7172241210938,598.4295043945312,600.7197875976562,604.2900390625
M4_YHUR_SHUR,4,HUR,HUR,2025-02-07,2025-02-09,3,TSEC,34.11397171020508,40.165653228759766,40.4517936706543,38.16067123413086,39.85487747192383
M4_YHUR_SHUR,4,HUR,HUR,2025-02-08,2025-02-08,1,Yd,620.1166381835938,600.29248046875,593.8436279296875,616.3801879882812,601.9854125976562
M4_YHUR_SHUR,4,HUR,HUR,2025-02-08,2025-02-08,1,TSE,631.81689453125,598.6952514648438,606.3569946289062,592.5099487304688,601.4664916992188
M4_YHUR_SHUR,4,HUR,HUR,2025-02-08,2025-02-08,1,TSEC,42.41590118408203,40.155513763427734,39.87215042114258,39.493995666503906,40.0282096862793
M4_YHUR_SHUR,4,HUR,HUR,2025-02-08,2025-02-09,2,Yd,519.9793090820312,600.29248046875,592.3152465820312,613.3533325195312,602.095458984375
M4_YHUR_SHUR,4,HUR,HUR,2025-02-08,2025-02-09,2,TSE,798.9952392578125,598.6952514648438,611.7310180664062,592.7338256835938,603.3161010742188
M4_YHUR_SHUR,4,HUR,HUR,2025-02-08,2025-02-09,2,TSEC,34.11397171020508,40.155513763427734,40.57529830932617,39.224857330322266,39.90798568725586
M4_YHUR_SHUR,4,HUR,HUR,2025-02-08,2025-02-10,3,Yd,689.8174438476562,600.29248046875,593.2816772460938,597.9456176757812,601.1619873046875
M4_YHUR_SHUR,4,HUR,HUR,2025-02-08,2025-02-10,3,TSE,615.4168701171875,598.6952514648438,597.3350219726562,583.034912109375,605.1629028320312
M4_YHUR_SHUR,4,HUR,HUR,2025-02-08,2025-02-10,3,TSEC,39.953495025634766,40.155513763427734,39.952239990234375,38.49916076660156,39.877140045166016
M4_YHUR_SHUR,4,HUR,HUR,2025-02-09,2025-02-09,1,Yd,519.9793090820312,600.3182373046875,592.6068115234375,594.3734130859375,601.7648315429688
M4_YHUR_SHUR,4,HUR,HUR,2025-02-09,2025-02-09,1,TSE,798.9952392578125,598.73828125,601.7440185546875,591.1178588867188,601.8124389648438
M4_YHUR_SHUR,4,HUR,HUR,2025-02-09,2025-02-09,1,TSEC,34.11397171020508,40.158447265625,40.713104248046875,39.51136779785156,40.02067184448242
M4_YHUR_SHUR,4,HUR,HUR,2025-02-09,2025-02-10,2,Yd,689.8174438476562,600.3182373046875,593.8776245117188,613.0709838867188,601.6991577148438
M4_YHUR_SHUR,4,HUR,HUR,2025-02-09,2025-02-10,2,TSE,615.4168701171875,598.73828125,599.8160400390625,609.5520629882812,603.1422729492188
M4_YHUR_SHUR,4,HUR,HUR,2025-02-09,2025-02-10,2,TSEC,39.953495025634766,40.158447265625,39.90373229980469,38.78184509277344,40.02164077758789
M4_YHUR_SHUR,4,HUR,HUR,2025-02-09,2025-02-11,3,Yd,576.291259765625,600.3182373046875,592.7529907226562,616.3541870117188,601.0508422851562
M4_YHUR_SHUR,4,HUR,HUR,2025-02-09,2025-02-11,3,TSE,489.069091796875,598.73828125,600.4562377929688,603.212158203125,603.8252563476562
M4_YHUR_SHUR,4,HUR,HUR,2025-02-09,2025-02-11,3,TSEC,40.18436813354492,40.158447265625,41.261390686035156,38.884490966796875,40.13658905029297
M4_YHUR_SHUR,4,HUR,HUR,2025-02-10,2025-02-10,1,Yd,689.8174438476562,600.214111328125,590.8464965820312,623.521240234375,602.492919921875
M4_YHUR_SHUR,4,HUR,HUR,2025-02-10,2025-02-10,1,TSE,615.4168701171875,598.9979858398438,598.3016357421875,600.435791015625,599.5349731445312
M4_YHUR_SHUR,4,HUR,HUR,2025-02-10,2025-02-10,1,TSEC,39.953495025634766,40.15060806274414,39.62919235229492,40.896820068359375,40.18410873413086
M4_YHUR_SHUR,4,HUR,HUR,2025-02-10,2025-02-11,2,Yd,576.291259765625,600.214111328125,593.1582641601562,621.9507446289062,602.3975219726562
M4_YHUR_SHUR,4,HUR,HUR,2025-02-10,2025-02-11,2,TSE,489.069091796875,598.9979858398438,592.160888671875,597.0175170898438,599.1251831054688
M4_YHUR_SHUR,4,HUR,HUR,2025-02-10,2025-02-11,2,TSEC,40.18436813354492,40.15060806274414,41.17741775512695,40.19035720825195,40.294708251953125
M4_YHUR_SHUR,4,HUR,HUR,2025-02-10,2025-02-12,3,Yd,511.2479553222656,600.214111328125,591.5335693359375,617.344482421875,600.8876953125
M4_YHUR_SHUR,4,HUR,HUR,2025-02-10,2025-02-12,3,TSE,542.6727294921875,598.9979858398438,600.5025024414062,582.46826171875,598.2145385742188
M4_YHUR_SHUR,4,HUR,HUR,2025-02-10,2025-02-12,3,TSEC,41.23616027832031,40.15060806274414,40.0489387512207,39.39436721801758,40.39706802368164
M4_YHUR_SHUR,4,HUR,HUR,2025-02-11,2025-02-11,1,Yd,576.291259765625,600.3301391601562,602.7613525390625,599.4701538085938,599.8566284179688
M4_YHUR_SHUR,4,HUR,HUR,2025-02-11,2025-02-11,1,TSE,489.069091796875,599.019287109375,600.2329711914062,602.32763671875,599.592529296875
M4_YHUR_SHUR,4,HUR,HUR,2025-02-11,2025-02-11,1,TSEC,40.18436813354492,40.150352478027344,41.32234573364258,40.85491180419922,40.296146392822266
M4_YHUR_SHUR,4,HUR,HUR,2025-02-11,2025-02-12,2,Yd,511.2479553222656,600.3301391601562,587.0142822265625,607.4609375,598.5941162109375
M4_YHUR_SHUR,4,HUR,HUR,2025-02-11,2025-02-12,2,TSE,542.6727294921875,599.019287109375,604.9321899414062,606.4179077148438,599.52587890625
M4_YHUR_SHUR,4,HUR,HUR,2025-02-11,2025-02-12,2,TSEC,41.23616027832031,40.150352478027344,40.05274200439453,40.13904571533203,40.3728141784668
M4_YHUR_SHUR,4,HUR,HUR,2025-02-11,2025-02-13,3,Yd,680.9494018554688,600.3301391601562,598.9053955078125,587.5806884765625,598.3226318359375
M4_YHUR_SHUR,4,HUR,HUR,2025-02-11,2025-02-13,3,TSE,580.2815551757812,599.019287109375,602.3936767578125,584.228515625,599.704833984375
M4_YHUR_SHUR,4,HUR,HUR,2025-02-11,2025-02-13,3,TSEC,32.82830047607422,40.150352478027344,39.33103561401367,39.08226013183594,40.30048751831055
M4_YHUR_SHUR,4,HUR,HUR,2025-02-12,2025-02-12,1,Yd,511.2479553222656,600.2990112304688,586.2240600585938,589.0443115234375,598.228515625
M4_YHUR_SHUR,4,HUR,HUR,2025-02-12,2025-02-12,1,TSE,542.6727294921875,598.8770141601562,601.5595092773438,593.7435302734375,600.6005249023438
M4_YHUR_SHUR,4,HUR,HUR,2025-02-12,2025-02-12,1,TSEC,41.23616027832031,40.15039825439453,39.98918914794922,39.52541732788086,40.21747970581055
M4_YHUR_SHUR,4,HUR,HUR,2025-02-12,2025-02-13,2,Yd,680.9494018554688,600.2990112304688,599.0520629882812,597.2664184570312,597.6509399414062
M4_YHUR_SHUR,4,HUR,HUR,2025-02-12,2025-02-13,2,TSE,580.2815551757812,598.8770141601562,601.4974975585938,591.1825561523438,600.9834594726562
M4_YHUR_SHUR,4,HUR,HUR,2025-02-12,2025-02-13,2,TSEC,32.82830047607422,40.15039825439453,39.35499572753906,39.60816955566406,40.17341613769531
M4_YHUR_SHUR,4,HUR,HUR,2025-02-12,2025-02-14,3,Yd,619.5447387695312,600.2990112304688,589.35693359375,614.1890258789062,599.4598999023438
M4_YHUR_SHUR,4,HUR,HUR,2025-02-12,2025-02-14,3,TSE,670.8257446289062,598.8770141601562,601.0490112304688,610.7035522460938,602.3106079101562
M4_YHUR_SHUR,4,HUR,HUR,2025-02-12,2025-02-14,3,TSEC,39.31037139892578,40.15039825439453,40.63351821899414,40.57448196411133,40.0750617980957
M4_YHUR_SHUR,4,HUR,HUR,2025-02-13,2025-02-13,1,Yd,680.9494018554688,600.1839599609375,594.6663818359375,604.0487670898438,599.7179565429688
M4_YHUR_SHUR,4,HUR,HUR,2025-02-13,2025-02-13,1,TSE,580.2815551757812,598.804443359375,603.2859497070312,584.17529296875,599.9532470703125
M4_YHUR_SHUR,4,HUR,HUR,2025-02-13,2025-02-13,1,TSEC,32.82830047607422,40.151798248291016,39.13197326660156,39.45606994628906,40.154109954833984
M4_YHUR_SHUR,4,HUR,HUR,2025-02-13,2025-02-14,2,Yd,619.5447387695312,600.1839599609375,592.065673828125,594.0208740234375,600.4713745117188
M4_YHUR_SHUR,4,HUR,HUR,2025-02-13,2025-02-14,2,TSE,670.8257446289062,598.804443359375,601.2374267578125,581.7392578125,600.7973022460938
M4_YHUR_SHUR,4,HUR,HUR,2025-02-13,2025-02-14,2,TSEC,39.31037139892578,40.151798248291016,40.74221420288086,40.1734619140625,40.06465530395508
M4_YHUR_SHUR,4,HUR,HUR,2025-02-13,2025-02-15,3,Yd,691.4589233398438,600.1839599609375,593.5762939453125,598.7891235351562,601.1620483398438
M4_YHUR_SHUR,4,HUR,HUR,2025-02-13,2025-02-15,3,TSE,601.3734130859375,598.804443359375,599.8875732421875,591.37548828125,603.6494750976562
M4_YHUR_SHUR,4,HUR,HUR,2025-02-13,2025-02-15,3,TSEC,41.237518310546875,40.151798248291016,40.23628616333008,39.4888801574707,39.945228576660156
M4_YHUR_SHUR,4,HUR,HUR,2025-02-14,2025-02-14,1,Yd,619.5447387695312,600.2882080078125,597.4650268554688,612.7710571289062,601.111328125
M4_YHUR_SHUR,4,HUR,HUR,2025-02-14,2025-02-14,1,TSE,670.8257446289062,598.780517578125,601.5429077148438,586.2857055664062,601.2218627929688
M4_YHUR_SHUR,4,HUR,HUR,2025-02-14,2025-02-14,1,TSEC,39.31037139892578,40.14234924316406,40.50349807739258,39.799617767333984,40.08078384399414
M4_YHUR_SHUR,4,HUR,HUR,2025-02-14,2025-02-15,2,Yd,691.4589233398438,600.2882080078125,590.22802734375,606.550048828125,601.072509765625
M4_YHUR_SHUR,4,HUR,HUR,2025-02-14,2025-02-15,2,TSE,601.3734130859375,598.780517578125,599.2074584960938,577.7169799804688,603.8355102539062
M4_YHUR_SHUR,4,HUR,HUR,2025-02-14,2025-02-15,2,TSEC,41.237518310546875,40.14234924316406,40.99767303466797,39.31356430053711,39.9782829284668
M4_YHUR_SHUR,4,HUR,HUR,2025-02-14,2025-02-16,3,Yd,605.4978637695312,600.2882080078125,596.5126953125,602.7952270507812,600.6619262695312
M4_YHUR_SHUR,4,HUR,HUR,2025-02-14,2025-02-16,3,TSE,559.20947265625,598.780517578125,592.6576538085938,577.5288696289062,606.0323486328125
M4_YHUR_SHUR,4,HUR,HUR,2025-02-14,2025-02-16,3,TSEC,35.01773452758789,40.14234924316406,40.31822967529297,38.76122283935547,39.8819694519043
M4_YHUR_SHUR,4,HUR,HUR,2025-02-15,2025-02-15,1,Yd,691.4589233398438,600.3130493164062,592.5514526367188,592.1082763671875,601.933349609375
M4_YHUR_SHUR,4,HUR,HUR,2025-02-15,2025-02-15,1,TSE,601.3734130859375,598.8734130859375,607.1067504882812,592.559326171875,601.8569946289062
M4_YHUR_SHUR,4,HUR,HUR,2025-02-15,2025-02-15,1,TSEC,41.237518310546875,40.14127731323242,40.23167419433594,39.62409210205078,40.04540252685547
M4_YHUR_SHUR,4,HUR,HUR,2025-02-15,2025-02-16,2,Yd,605.4978637695312,600.3130493164062,593.0394287109375,609.1576538085938,601.6778564453125
M4_YHUR_SHUR,4,HUR,HUR,2025-02-15,2025-02-16,2,TSE,559.20947265625,598.8734130859375,611.984619140625,614.3401489257812,604.1904907226562
M4_YHUR_SHUR,4,HUR,HUR,2025-02-15,2025-02-16,2,TSEC,35.01773452758789,40.14127731323242,40.29792022705078,39.27334976196289,39.954437255859375
M4_YHUR_SHUR,4,HUR,HUR,2025-02-15,2025-02-17,3,Yd,492.11492919921875,600.3130493164062,594.250732421875,617.1156616210938,600.548095703125
M4_YHUR_SHUR,4,HUR,HUR,2025-02-15,2025-02-17,3,TSE,586.4619140625,598.8734130859375,597.8252563476562,622.0262451171875,605.9532470703125
M4_YHUR_SHUR,4,HUR,HUR,2025-02-15,2025-02-17,3,TSEC,36.37836456298828,40.14127731323242,40.07014846801758,39.4405403137207,39.970237731933594
M4_YHUR_SHUR,4,HUR,HUR,2025-02-16,2025-02-16,1,Yd,605.4978637695312,600.4303588867188,605.6045532226562,601.4970703125,601.1903686523438
M4_YHUR_SHUR,4,HUR,HUR,2025-02-16,2025-02-16,1,TSE,559.20947265625,598.8765869140625,593.8118896484375,596.6932373046875,602.580810546875
M4_YHUR_SHUR,4,HUR,HUR,2025-02-16,2025-02-16,1,TSEC,35.01773452758789,40.14268493652344,40.361572265625,39.353294372558594,40.044960021972656
M4_YHUR_SHUR,4,HUR,HUR,2025-02-16,2025-02-17,2,Yd,492.11492919921875,600.4303588867188,585.9656372070312,611.2936401367188,600.8138427734375
M4_YHUR_SHUR,4,HUR,HUR,2025-02-16,2025-02-17,2,TSE,586.4619140625,598.8765869140625,599.9952392578125,615.2479248046875,604.2324829101562
M4_YHUR_SHUR,4,HUR,HUR,2025-02-16,2025-02-17,2,TSEC,36.37836456298828,40.14268493652344,40.04533004760742,39.51181411743164,40.07650375366211
M4_YHUR_SHUR,4,HUR,HUR,2025-02-16,2025-02-18,3,Yd,643.38818359375,600.4303588867188,599.44384765625,613.4624633789062,600.3488159179688
M4_YHUR_SHUR,4,HUR,HUR,2025-02-16,2025-02-18,3,TSE,695.71923828125,598.8765869140625,605.73583984375,582.4009399414062,604.67431640625
M4_YHUR_SHUR,4,HUR,HUR,2025-02-16,2025-02-18,3,TSEC,38.22100830078125,40.14268493652344,40.928462982177734,38.99876022338867,40.257476806640625
M4_YHUR_SHUR,4,HUR,HUR,2025-02-17,2025-02-17,1,Yd,492.11492919921875,600.4368286132812,586.4318237304688,608.2864990234375,600.39599609375
M4_YHUR_SHUR,4,HUR,HUR,2025-02-17,2025-02-17,1,TSE,586.4619140625,598.8256225585938,600.11474609375,591.5995483398438,601.68310546875
M4_YHUR_SHUR,4,HUR,HUR,2025-02-17,2025-02-17,1,TSEC,36.37836456298828,40.13610076904297,39.70685577392578,39.79862594604492,40.15617370605469
M4_YHUR_SHUR,4,HUR,HUR,2025-02-17,2025-02-18,2,Yd,643.38818359375,600.4368286132812,599.5691528320312,602.1654052734375,598.8152465820312
M4_YHUR_SHUR,4,HUR,HUR,2025-02-17,2025-02-18,2,TSE,695.71923828125,598.8256225585938,605.3760986328125,603.3815307617188,602.8002319335938
M4_YHUR_SHUR,4,HUR,HUR,2025-02-17,2025-02-18,2,TSEC,38.22100830078125,40.13610076904297,41.24901580810547,39.870765686035156,40.2748908996582
M4_YHUR_SHUR,4,HUR,HUR,2025-02-17,2025-02-19,3,Yd,523.7380981445312,600.4368286132812,591.857177734375,604.9796752929688,596.8442993164062
M4_YHUR_SHUR,4,HUR,HUR,2025-02-17,2025-02-19,3,TSE,713.9705810546875,598.8256225585938,602.90087890625,602.3421020507812,603.7724609375
M4_YHUR_SHUR,4,HUR,HUR,2025-02-17,2025-02-19,3,TSEC,32.43461990356445,40.13610076904297,40.00260543823242,39.898860931396484,40.40415954589844
M4_YHUR_SHUR,4,HUR,HUR,2025-02-18,2025-02-18,1,Yd,643.38818359375,600.2977905273438,591.5336303710938,599.72705078125,598.616943359375
M4_YHUR_SHUR,4,HUR,HUR,2025-02-18,2025-02-18,1,TSE,695.71923828125,598.8097534179688,601.2559814453125,589.1283569335938,600.9806518554688
M4_YHUR_SHUR,4,HUR,HUR,2025-02-18,2025-02-18,1,TSEC,38.22100830078125,40.13127899169922,41.22690963745117,39.746978759765625,40.21843719482422
M4_YHUR_SHUR,4,HUR,HUR,2025-02-18,2025-02-19,2,Yd,523.7380981445312,600.2977905273438,596.3562622070312,601.9925537109375,596.3589477539062
M4_YHUR_SHUR,4,HUR,HUR,2025-02-18,2025-02-19,2,TSE,713.9705810546875,598.8097534179688,601.1580200195312,600.103271484375,602.65185546875
M4_YHUR_SHUR,4,HUR,HUR,2025-02-18,2025-02-19,2,TSEC,32.43461990356445,40.13127899169922,40.03513717651367,40.74710464477539,40.271419525146484
M4_YHUR_SHUR,4,HUR,HUR,2025-02-18,2025-02-20,3,Yd,666.9242553710938,600.2977905273438,591.9328002929688,599.4849853515625,595.5005493164062
M4_YHUR_SHUR,4,HUR,HUR,2025-02-18,2025-02-20,3,TSE,573.003173828125,598.8097534179688,600.7301025390625,602.6726684570312,603.8089599609375
M4_YHUR_SHUR,4,HUR,HUR,2025-02-18,2025-02-20,3,TSEC,39.900020599365234,40.13127899169922,39.16215896606445,40.433197021484375,40.2179069519043
M4_YHUR_SHUR,4,HUR,HUR,2025-02-19,2025-02-19,1,Yd,523.7380981445312,600.35302734375,597.1620483398438,598.5364990234375,598.1832885742188
M4_YHUR_SHUR,4,HUR,HUR,2025-02-19,2025-02-19,1,TSE,713.9705810546875,598.9339599609375,600.7063598632812,582.8327026367188,600.7545776367188
M4_YHUR_SHUR,4,HUR,HUR,2025-02-19,2025-02-19,1,TSEC,32.43461990356445,40.12882614135742,41.02889633178711,40.073280334472656,40.211734771728516
M4_YHUR_SHUR,4,HUR,HUR,2025-02-19,2025-02-20,2,Yd,666.9242553710938,600.35302734375,590.9328002929688,605.2026977539062,597.4752807617188
M4_YHUR_SHUR,4,HUR,HUR,2025-02-19,2025-02-20,2,TSE,573.003173828125,598.9339599609375,601.8103637695312,591.5839233398438,601.1951904296875
M4_YHUR_SHUR,4,HUR,HUR,2025-02-19,2025-02-20,2,TSEC,39.900020599365234,40.12882614135742,41.583797454833984,40.348426818847656,40.169960021972656
M4_YHUR_SHUR,4,HUR,HUR,2025-02-19,2025-02-21,3,Yd,600.7935180664062,600.35302734375,595.0615234375,612.9295654296875,599.2314453125
M4_YHUR_SHUR,4,HUR,HUR,2025-02-19,2025-02-21,3,TSE,555.197509765625,598.9339599609375,597.9712524414062,599.3473510742188,602.50341796875
M4_YHUR_SHUR,4,HUR,HUR,2025-02-19,2025-02-21,3,TSEC,35.88128662109375,40.12882614135742,40.47262954711914,39.26502990722656,40.096805572509766
M4_YHUR_SHUR,4,HUR,HUR,2025-02-20,2025-02-20,1,Yd,666.9242553710938,600.2549438476562,590.0946655273438,615.8871459960938,599.5552978515625
M4_YHUR_SHUR,4,HUR,HUR,2025-02-20,2025-02-20,1,TSE,573.003173828125,599.0812377929688,603.317138671875,601.9163208007812,599.5668334960938
M4_YHUR_SHUR,4,HUR,HUR,2025-02-20,2025-02-20,1,TSEC,39.900020599365234,40.11897659301758,40.25242233276367,40.243038177490234,40.16011047363281
M4_YHUR_SHUR,4,HUR,HUR,2025-02-20,2025-02-21,2,Yd,600.7935180664062,600.2549438476562,594.659423828125,608.650146484375,600.6192016601562
M4_YHUR_SHUR,4,HUR,HUR,2025-02-20,2025-02-21,2,TSE,555.197509765625,599.0812377929688,598.0779418945312,606.4949951171875,600.6690063476562
M4_YHUR_SHUR,4,HUR,HUR,2025-02-20,2025-02-21,2,TSEC,35.88128662109375,40.11897659301758,40.546897888183594,40.02117156982422,40.12383270263672
M4_YHUR_SHUR,4,HUR,HUR,2025-02-20,2025-02-22,3,Yd,625.8441772460938,600.2549438476562,591.3614501953125,615.5838623046875,601.216064453125
M4_YHUR_SHUR,4,HUR,HUR,2025-02-20,2025-02-22,3,TSE,630.2830200195312,599.0812377929688,602.2161865234375,617.4844970703125,602.3738403320312
M4_YHUR_SHUR,4,HUR,HUR,2025-02-20,2025-02-22,3,TSEC,38.033870697021484,40.11897659301758,39.88329315185547,40.025081634521484,40.12730026245117
M4_YHUR_SHUR,4,HUR,HUR,2025-02-21,2025-02-21,1,Yd,600.7935180664062,600.3401489257812,591.8355712890625,595.5025634765625,601.2725830078125
M4_YHUR_SHUR,4,HUR,HUR,2025-02-21,2025-02-21,1,TSE,555.197509765625,599.0479125976562,602.0721435546875,599.286865234375,601.0281372070312
M4_YHUR_SHUR,4,HUR,HUR,2025-02-21,2025-02-21,1,TSEC,35.88128662109375,40.11869430541992,40.6798095703125,38.948665618896484,40.11975860595703
M4_YHUR_SHUR,4,HUR,HUR,2025-02-21,2025-02-22,2,Yd,625.8441772460938,600.3401489257812,593.3270874023438,602.2005004882812,601.3516845703125
M4_YHUR_SHUR,4,HUR,HUR,2025-02-21,2025-02-22,2,TSE,630.2830200195312,599.0479125976562,601.0322875976562,601.5292358398438,603.4154663085938
M4_YHUR_SHUR,4,HUR,HUR,2025-02-21,2025-02-22,2,TSEC,38.033870697021484,40.11869430541992,39.91659927368164,38.05065155029297,40.057613372802734
M4_YHUR_SHUR,4,HUR,HUR,2025-02-21,2025-02-23,3,Yd,674.0570678710938,600.3401489257812,599.2330322265625,615.4717407226562,600.56689453125
M4_YHUR_SHUR,4,HUR,HUR,2025-02-21,2025-02-23,3,TSE,540.177734375,599.0479125976562,601.5401000976562,627.5316772460938,605.83251953125
M4_YHUR_SHUR,4,HUR,HUR,2025-02-21,2025-02-23,3,TSEC,33.89847183227539,40.11869430541992,40.549564361572266,38.13212585449219,39.99102020263672
M4_YHUR_SHUR,4,HUR,HUR,2025-02-22,2025-02-22,1,Yd,625.8441772460938,600.3407592773438,585.1649169921875,609.900634765625,601.2426147460938
M4_YHUR_SHUR,4,HUR,HUR,2025-02-22,2025-02-22,1,TSE,630.2830200195312,598.9918823242188,601.6416625976562,601.1173706054688,602.3529052734375
M4_YHUR_SHUR,4,HUR,HUR,2025-02-22,2025-02-22,1,TSEC,38.033870697021484,40.113285064697266,40.62163162231445,39.73599624633789,40.06761932373047
M4_YHUR_SHUR,4,HUR,HUR,2025-02-22,2025-02-23,2,Yd,674.0570678710938,600.3407592773438,600.128173828125,601.8422241210938,600.5406494140625
M4_YHUR_SHUR,4,HUR,HUR,2025-02-22,2025-02-23,2,TSE,540.177734375,598.9918823242188,603.0890502929688,604.838623046875,605.0321655273438
M4_YHUR_SHUR,4,HUR,HUR,2025-02-22,2025-02-23,2,TSEC,33.89847183227539,40.113285064697266,40.45022201538086,39.190773010253906,39.98158264160156
M4_YHUR_SHUR,4,HUR,HUR,2025-02-22,2025-02-24,3,Yd,606.9717407226562,600.3407592773438,590.2907104492188,613.82421875,599.1851806640625
M4_YHUR_SHUR,4,HUR,HUR,2025-02-22,2025-02-24,3,TSE,588.5514526367188,598.9918823242188,602.31787109375,613.887939453125,607.456787109375
M4_YHUR_SHUR,4,HUR,HUR,2025-02-22,2025-02-24,3,TSEC,38.75825500488281,40.113285064697266,40.56937789916992,39.01668930053711,39.98039245605469
M4_YHUR_SHUR,4,HUR,HUR,2025-02-23,2025-02-23,1,Yd,674.0570678710938,600.373291015625,594.89013671875,605.9125366210938,600.7362060546875
M4_YHUR_SHUR,4,HUR,HUR,2025-02-23,2025-02-23,1,TSE,540.177734375,599.0317993164062,608.8244018554688,591.3070068359375,602.674072265625
M4_YHUR_SHUR,4,HUR,HUR,2025-02-23,2025-02-23,1,TSEC,33.89847183227539,40.110633850097656,40.1488037109375,39.57304382324219,40.06816101074219
M4_YHUR_SHUR,4,HUR,HUR,2025-02-23,2025-02-24,2,Yd,606.9717407226562,600.373291015625,591.1405639648438,608.2345581054688,600.3539428710938
M4_YHUR_SHUR,4,HUR,HUR,2025-02-23,2025-02-24,2,TSE,588.5514526367188,599.0317993164062,600.70068359375,611.6126098632812,604.5889892578125
M4_YHUR_SHUR,4,HUR,HUR,2025-02-23,2025-02-24,2,TSEC,38.75825500488281,40.110633850097656,39.83745574951172,39.23820877075195,40.09791564941406
M4_YHUR_SHUR,4,HUR,HUR,2025-02-23,2025-02-25,3,Yd,612.0217895507812,600.373291015625,594.8729858398438,605.4957885742188,599.9403076171875
M4_YHUR_SHUR,4,HUR,HUR,2025-02-23,2025-02-25,3,TSE,635.401123046875,599.0317993164062,602.3910522460938,598.6176147460938,605.2693481445312
M4_YHUR_SHUR,4,HUR,HUR,2025-02-23,2025-02-25,3,TSEC,39.50513458251953,40.110633850097656,40.81990051269531,38.739036560058594,40.20699691772461
M4_YHUR_SHUR,4,HUR,HUR,2025-02-24,2025-02-24,1,Yd,606.9717407226562,600.4671630859375,592.7736206054688,600.2637329101562,599.8201904296875
M4_YHUR_SHUR,4,HUR,HUR,2025-02-24,2025-02-24,1,TSE,588.5514526367188,598.9568481445312,601.0706787109375,579.5081176757812,602.2576904296875
M4_YHUR_SHUR,4,HUR,HUR,2025-02-24,2025-02-24,1,TSEC,38.75825500488281,40.10272216796875,39.94936752319336,38.708274841308594,40.14276885986328
M4_YHUR_SHUR,4,HUR,HUR,2025-02-24,2025-02-25,2,Yd,612.0217895507812,600.4671630859375,595.3756713867188,601.5942993164062,597.8455810546875
M4_YHUR_SHUR,4,HUR,HUR,2025-02-24,2025-02-25,2,TSE,635.401123046875,598.9568481445312,600.8552856445312,596.0814208984375,603.7628173828125
M4_YHUR_SHUR,4,HUR,HUR,2025-02-24,2025-02-25,2,TSEC,39.50513458251953,40.10272216796875,40.479740142822266,39.17500305175781,40.24482345581055
M4_YHUR_SHUR,4,HUR,HUR,2025-02-24,2025-02-26,3,Yd,500.60430908203125,600.4671630859375,594.8634033203125,595.5846557617188,595.9428100585938
M4_YHUR_SHUR,4,HUR,HUR,2025-02-24,2025-02-26,3,TSE,617.5735473632812,598.9568481445312,600.938720703125,582.5955200195312,605.17724609375
M4_YHUR_SHUR,4,HUR,HUR,2025-02-24,2025-02-26,3,TSEC,44.922142028808594,40.10272216796875,40.34187698364258,39.11076736450195,40.357975006103516
M4_YHUR_SHUR,4,HUR,HUR,2025-02-25,2025-02-25,1,Yd,612.0217895507812,600.4754028320312,595.1755981445312,598.08935546875,598.017333984375
M4_YHUR_SHUR,4,HUR,HUR,2025-02-25,2025-02-25,1,TSE,635.401123046875,598.943603515625,598.5955810546875,580.358154296875,601.745849609375
M4_YHUR_SHUR,4,HUR,HUR,2025-02-25,2025-02-25,1,TSEC,39.50513458251953,40.101009368896484,40.40238571166992,39.81061935424805,40.235595703125
M4_YHUR_SHUR,4,HUR,HUR,2025-02-25,2025-02-26,2,Yd,500.60430908203125,600.4754028320312,593.6095581054688,608.5457153320312,595.525146484375
M4_YHUR_SHUR,4,HUR,HUR,2025-02-25,2025-02-26,2,TSE,617.5735473632812,598.943603515625,595.9998779296875,601.0621337890625,603.9511108398438
M4_YHUR_SHUR,4,HUR,HUR,2025-02-25,2025-02-26,2,TSEC,44.922142028808594,40.101009368896484,40.344398498535156,40.35263442993164,40.29770278930664
M4_YHUR_SHUR,4,HUR,HUR,2025-02-25,2025-02-27,3,Yd,645.2548217773438,600.4754028320312,594.88525390625,604.302734375,594.1329956054688
M4_YHUR_SHUR,4,HUR,HUR,2025-02-25,2025-02-27,3,TSE,622.7000732421875,598.943603515625,602.963623046875,602.114013671875,605.7599487304688
M4_YHUR_SHUR,4,HUR,HUR,2025-02-25,2025-02-27,3,TSEC,33.00796127319336,40.101009368896484,40.23949432373047,40.40315628051758,40.24104690551758
M4_YHUR_SHUR,4,HUR,HUR,2025-02-26,2025-02-26,1,Yd,500.60430908203125,600.4901123046875,592.7371215820312,610.503173828125,597.3699951171875
M4_YHUR_SHUR,4,HUR,HUR,2025-02-26,2025-02-26,1,TSE,617.5735473632812,598.9899291992188,597.7410888671875,587.7706298828125,601.6785888671875
M4_YHUR_SHUR,4,HUR,HUR,2025-02-26,2025-02-26,1,TSEC,44.922142028808594,40.100250244140625,40.65756607055664,40.360286712646484,40.22346115112305
M4_YHUR_SHUR,4,HUR,HUR,2025-02-26,2025-02-27,2,Yd,645.2548217773438,600.4901123046875,595.1586303710938,601.2789916992188,596.0221557617188
M4_YHUR_SHUR,4,HUR,HUR,2025-02-26,2025-02-27,2,TSE,622.7000732421875,598.9899291992188,602.5609130859375,596.297607421875,602.9727172851562
M4_YHUR_SHUR,4,HUR,HUR,2025-02-26,2025-02-27,2,TSEC,33.00796127319336,40.100250244140625,41.334686279296875,39.357261657714844,40.190147399902344
M4_YHUR_SHUR,4,HUR,HUR,2025-02-26,2025-02-28,3,Yd,618.6692504882812,600.4901123046875,594.0861206054688,609.5201416015625,597.0745849609375
M4_YHUR_SHUR,4,HUR,HUR,2025-02-26,2025-02-28,3,TSE,608.1954345703125,598.9899291992188,603.048095703125,597.6113891601562,605.0704345703125
M4_YHUR_SHUR,4,HUR,HUR,2025-02-26,2025-02-28,3,TSEC,38.334651947021484,40.100250244140625,40.21642303466797,39.249359130859375,40.114131927490234
M4_YHUR_SHUR,4,HUR,HUR,2025-02-27,2025-02-27,1,Yd,645.2548217773438,600.3633422851562,591.2699584960938,600.1812133789062,599.3082275390625
M4_YHUR_SHUR,4,HUR,HUR,2025-02-27,2025-02-27,1,TSE,622.7000732421875,599.0135498046875,603.2406005859375,594.3410034179688,600.6019897460938
M4_YHUR_SHUR,4,HUR,HUR,2025-02-27,2025-02-27,1,TSEC,33.00796127319336,40.10637283325195,39.29727554321289,39.487701416015625,40.170894622802734
M4_YHUR_SHUR,4,HUR,HUR,2025-02-27,2025-02-28,2,Yd,618.6692504882812,600.3633422851562,595.7544555664062,601.0481567382812,599.8037109375
M4_YHUR_SHUR,4,HUR,HUR,2025-02-27,2025-02-28,2,TSE,608.1954345703125,599.0135498046875,603.2819213867188,596.529052734375,602.4961547851562
M4_YHUR_SHUR,4,HUR,HUR,2025-02-27,2025-02-28,2,TSEC,38.334651947021484,40.10637283325195,40.617855072021484,38.74774932861328,40.0845947265625
M4_YHUR_SHUR,4,HUR,HUR,2025-02-27,2025-03-01,3,Yd,700.1882934570312,600.3633422851562,592.0986938476562,605.0126953125,599.5694580078125
M4_YHUR_SHUR,4,HUR,HUR,2025-02-27,2025-03-01,3,TSE,590.9581298828125,599.0135498046875,600.603271484375,605.8121337890625,605.6433715820312
M4_YHUR_SHUR,4,HUR,HUR,2025-02-27,2025-03-01,3,TSEC,40.68787384033203,40.10637283325195,40.034645080566406,38.6887321472168,40.008201599121094
M4_YHUR_SHUR,4,HUR,HUR,2025-02-28,2025-02-28,1,Yd,618.6692504882812,600.4202270507812,591.0684204101562,612.977783203125,600.559326171875
M4_YHUR_SHUR,4,HUR,HUR,2025-02-28,2025-02-28,1,TSE,608.1954345703125,599.0435791015625,601.7173461914062,593.7161254882812,601.7461547851562
M4_YHUR_SHUR,4,HUR,HUR,2025-02-28,2025-02-28,1,TSEC,38.334651947021484,40.09737777709961,40.915672302246094,40.15227508544922,40.12099838256836
M4_YHUR_SHUR,4,HUR,HUR,2025-02-28,2025-03-01,2,Yd,700.1882934570312,600.4202270507812,594.763916015625,605.4559936523438,600.2061767578125
M4_YHUR_SHUR,4,HUR,HUR,2025-02-28,2025-03-01,2,TSE,590.9581298828125,599.0435791015625,601.1287841796875,598.5889892578125,604.5596313476562
M4_YHUR_SHUR,4,HUR,HUR,2025-02-28,2025-03-01,2,TSEC,40.68787384033203,40.09737777709961,39.77595138549805,39.73208999633789,40.035377502441406
M4_YHUR_SHUR,4,HUR,HUR,2025-02-28,2025-03-02,3,Yd,638.7117919921875,600.4202270507812,599.4689331054688,613.2062377929688,598.958984375
M4_YHUR_SHUR,4,HUR,HUR,2025-02-28,2025-03-02,3,TSE,645.2359008789062,599.0435791015625,600.561279296875,610.09765625,607.417724609375
M4_YHUR_SHUR,4,HUR,HUR,2025-02-28,2025-03-02,3,TSEC,38.6397819519043,40.09737777709961,40.86275863647461,39.577632904052734,39.965065002441406
M4_YHUR_SHUR,4,HUR,HUR,2025-03-01,2025-03-01,1,Yd,700.1882934570312,600.443359375,593.85400390625,599.224609375,601.0177612304688
M4_YHUR_SHUR,4,HUR,HUR,2025-03-01,2025-03-01,1,TSE,590.9581298828125,599.0551147460938,601.0123901367188,601.359619140625,602.6847534179688
M4_YHUR_SHUR,4,HUR,HUR,2025-03-01,2025-03-01,1,TSEC,40.68787384033203,40.09514617919922,40.012123107910156,40.29973602294922,40.06291198730469
M4_YHUR_SHUR,4,HUR,HUR,2025-03-01,2025-03-02,2,Yd,638.7117919921875,600.443359375,595.6878662109375,595.701904296875,599.9287109375
M4_YHUR_SHUR,4,HUR,HUR,2025-03-01,2025-03-02,2,TSE,645.2359008789062,599.0551147460938,600.1618041992188,615.2440795898438,605.851318359375
M4_YHUR_SHUR,4,HUR,HUR,2025-03-01,2025-03-02,2,TSEC,38.6397819519043,40.09514617919922,40.64849090576172,39.82564926147461,39.98061752319336
M4_YHUR_SHUR,4,HUR,HUR,2025-03-01,2025-03-03,3,Yd,556.973876953125,600.443359375,593.1871948242188,610.321044921875,598.2255249023438
M4_YHUR_SHUR,4,HUR,HUR,2025-03-01,2025-03-03,3,TSE,622.256591796875,599.0551147460938,601.6538696289062,638.4688110351562,608.5972290039062
M4_YHUR_SHUR,4,HUR,HUR,2025-03-01,2025-03-03,3,TSEC,43.55961608886719,40.09514617919922,39.900108337402344,40.46699523925781,39.991973876953125
M4_YHUR_SHUR,4,HUR,HUR,2025-03-02,2025-03-02,1,Yd,638.7117919921875,600.5694580078125,604.1146240234375,601.58203125,600.1077270507812
M4_YHUR_SHUR,4,HUR,HUR,2025-03-02,2025-03-02,1,TSE,645.2359008789062,599.0448608398438,609.3773803710938,593.8746948242188,603.613037109375
M4_YHUR_SHUR,4,HUR,HUR,2025-03-02,2025-03-02,1,TSEC,38.6397819519043,40.09589385986328,40.77445983886719,39.536624908447266,40.05323028564453
M4_YHUR_SHUR,4,HUR,HUR,2025-03-02,2025-03-03,2,Yd,556.973876953125,600.5694580078125,588.2842407226562,600.304443359375,599.40966796875
M4_YHUR_SHUR,4,HUR,HUR,2025-03-02,2025-03-03,2,TSE,622.256591796875,599.0448608398438,598.6881713867188,612.568359375,605.8258056640625
M4_YHUR_SHUR,4,HUR,HUR,2025-03-02,2025-03-03,2,TSEC,43.55961608886719,40.09589385986328,39.88365173339844,39.57554626464844,40.097312927246094
M4_YHUR_SHUR,4,HUR,HUR,2025-03-02,2025-03-04,3,Yd,524.4525756835938,600.5694580078125,599.7968139648438,603.9837646484375,598.666748046875
M4_YHUR_SHUR,4,HUR,HUR,2025-03-02,2025-03-04,3,TSE,586.0234985351562,599.0448608398438,593.8292236328125,591.894287109375,606.2862548828125
M4_YHUR_SHUR,4,HUR,HUR,2025-03-02,2025-03-04,3,TSEC,37.80715560913086,40.09589385986328,41.0613899230957,38.756263732910156,40.29318618774414
M4_YHUR_SHUR,4,HUR,HUR,2025-03-03,2025-03-03,1,Yd,556.973876953125,600.6175537109375,589.1912231445312,611.59619140625,600.0833129882812
M4_YHUR_SHUR,4,HUR,HUR,2025-03-03,2025-03-03,1,TSE,622.256591796875,599.1032104492188,602.2680053710938,599.635009765625,601.9034423828125
M4_YHUR_SHUR,4,HUR,HUR,2025-03-03,2025-03-03,1,TSEC,43.55961608886719,40.09405517578125,40.357879638671875,39.862457275390625,40.22718048095703
M4_YHUR_SHUR,4,HUR,HUR,2025-03-03,2025-03-04,2,Yd,524.4525756835938,600.6175537109375,599.1498413085938,614.7169189453125,598.4406127929688
M4_YHUR_SHUR,4,HUR,HUR,2025-03-03,2025-03-04,2,TSE,586.0234985351562,599.1032104492188,601.363525390625,613.66650390625,603.06201171875
M4_YHUR_SHUR,4,HUR,HUR,2025-03-03,2025-03-04,2,TSEC,37.80715560913086,40.09405517578125,40.13090896606445,39.98979949951172,40.39301300048828
M4_YHUR_SHUR,4,HUR,HUR,2025-03-03,2025-03-05,3,Yd,456.4573059082031,600.6175537109375,593.1875,606.2470703125,596.2847290039062
M4_YHUR_SHUR,4,HUR,HUR,2025-03-03,2025-03-05,3,TSE,661.2772827148438,599.1032104492188,602.1312866210938,597.82763671875,603.2836303710938
M4_YHUR_SHUR,4,HUR,HUR,2025-03-03,2025-03-05,3,TSEC,41.284122467041016,40.09405517578125,40.45583724975586,40.108184814453125,40.53520584106445
M4_YHUR_SHUR,4,HUR,HUR,2025-03-04,2025-03-04,1,Yd,524.4525756835938,600.5625610351562,596.0986938476562,595.8782958984375,598.676025390625
M4_YHUR_SHUR,4,HUR,HUR,2025-03-04,2025-03-04,1,TSE,586.0234985351562,599.1323852539062,601.853271484375,596.9237060546875,600.8336181640625
M4_YHUR_SHUR,4,HUR,HUR,2025-03-04,2025-03-04,1,TSEC,37.80715560913086,40.09842300415039,40.67274475097656,39.63749313354492,40.32555389404297
M4_YHUR_SHUR,4,HUR,HUR,2025-03-04,2025-03-05,2,Yd,456.4573059082031,600.5625610351562,593.2294921875,604.8814697265625,596.3540649414062
M4_YHUR_SHUR,4,HUR,HUR,2025-03-04,2025-03-05,2,TSE,661.2772827148438,599.1323852539062,602.2067260742188,616.3818359375,601.7235107421875
M4_YHUR_SHUR,4,HUR,HUR,2025-03-04,2025-03-05,2,TSEC,41.284122467041016,40.09842300415039,39.74955749511719,40.52770233154297,40.45278549194336
M4_YHUR_SHUR,4,HUR,HUR,2025-03-04,2025-03-06,3,Yd,494.44964599609375,600.5625610351562,595.5889282226562,599.5510864257812,595.3070678710938
M4_YHUR_SHUR,4,HUR,HUR,2025-03-04,2025-03-06,3,TSE,639.7864990234375,599.1323852539062,602.4050903320312,605.5530395507812,602.7922973632812
M4_YHUR_SHUR,4,HUR,HUR,2025-03-04,2025-03-06,3,TSEC,43.369239807128906,40.09842300415039,39.52610397338867,40.46290969848633,40.39158630371094
M4_YHUR_SHUR,4,HUR,HUR,2025-03-05,2025-03-05,1,Yd,456.4573059082031,600.4666748046875,592.79541015625,607.7792358398438,597.23974609375
M4_YHUR_SHUR,4,HUR,HUR,2025-03-05,2025-03-05,1,TSE,661.2772827148438,599.115966796875,600.3671875,595.715576171875,601.2354736328125
M4_YHUR_SHUR,4,HUR,HUR,2025-03-05,2025-03-05,1,TSEC,41.284122467041016,40.09553909301758,39.68421936035156,40.46996307373047,40.260337829589844
M4_YHUR_SHUR,4,HUR,HUR,2025-03-05,2025-03-06,2,Yd,494.44964599609375,600.4666748046875,595.9741821289062,605.139892578125,596.0032958984375
M4_YHUR_SHUR,4,HUR,HUR,2025-03-05,2025-03-06,2,TSE,639.7864990234375,599.115966796875,601.65576171875,595.1177368164062,602.3121948242188
M4_YHUR_SHUR,4,HUR,HUR,2025-03-05,2025-03-06,2,TSEC,43.369239807128906,40.09553909301758,39.35596466064453,40.64281463623047,40.22486877441406
M4_YHUR_SHUR,4,HUR,HUR,2025-03-05,2025-03-07,3,Yd,606.8697509765625,600.4666748046875,593.7923583984375,594.8897705078125,596.5122680664062
M4_YHUR_SHUR,4,HUR,HUR,2025-03-05,2025-03-07,3,TSE,550.6573486328125,599.115966796875,596.8419799804688,593.47216796875,604.1904907226562
M4_YHUR_SHUR,4,HUR,HUR,2025-03-05,2025-03-07,3,TSEC,37.97354507446289,40.09553909301758,40.73715591430664,39.858482360839844,40.151084899902344
M4_YHUR_SHUR,4,HUR,HUR,2025-03-06,2025-03-06,1,Yd,494.44964599609375,600.2855224609375,594.1069946289062,600.7119750976562,599.170166015625
M4_YHUR_SHUR,4,HUR,HUR,2025-03-06,2025-03-06,1,TSE,639.7864990234375,599.194091796875,603.1630859375,583.9014282226562,600.2257080078125
M4_YHUR_SHUR,4,HUR,HUR,2025-03-06,2025-03-06,1,TSEC,43.369239807128906,40.0970344543457,39.531982421875,39.051353454589844,40.19824981689453
M4_YHUR_SHUR,4,HUR,HUR,2025-03-06,2025-03-07,2,Yd,606.8697509765625,600.2855224609375,594.5653076171875,602.9661865234375,599.2383422851562
M4_YHUR_SHUR,4,HUR,HUR,2025-03-06,2025-03-07,2,TSE,550.6573486328125,599.194091796875,602.0480346679688,585.942626953125,601.6583251953125
M4_YHUR_SHUR,4,HUR,HUR,2025-03-06,2025-03-07,2,TSEC,37.97354507446289,40.0970344543457,40.568084716796875,39.28746795654297,40.14942169189453
M4_YHUR_SHUR,4,HUR,HUR,2025-03-06,2025-03-08,3,Yd,622.6340942382812,600.2855224609375,595.6326293945312,604.20947265625,600.1314697265625
M4_YHUR_SHUR,4,HUR,HUR,2025-03-06,2025-03-08,3,TSE,637.845458984375,599.194091796875,602.5004272460938,598.9141845703125,604.0848388671875
M4_YHUR_SHUR,4,HUR,HUR,2025-03-06,2025-03-08,3,TSEC,43.89084243774414,40.0970344543457,39.90129852294922,38.86893081665039,40.0643196105957
M4_YHUR_SHUR,4,HUR,HUR,2025-03-07,2025-03-07,1,Yd,606.8697509765625,600.152587890625,592.91650390625,601.9129028320312,601.5122680664062
M4_YHUR_SHUR,4,HUR,HUR,2025-03-07,2025-03-07,1,TSE,550.6573486328125,599.2451171875,596.8804321289062,598.9057006835938,600.7291259765625
M4_YHUR_SHUR,4,HUR,HUR,2025-03-07,2025-03-07,1,TSEC,37.97354507446289,40.10114669799805,40.72031784057617,39.02859115600586,40.131221771240234
M4_YHUR_SHUR,4,HUR,HUR,2025-03-07,2025-03-08,2,Yd,622.6340942382812,600.152587890625,595.8936157226562,607.6779174804688,602.3187255859375
M4_YHUR_SHUR,4,HUR,HUR,2025-03-07,2025-03-08,2,TSE,637.845458984375,599.2451171875,604.2669067382812,591.7283325195312,602.4781494140625
M4_YHUR_SHUR,4,HUR,HUR,2025-03-07,2025-03-08,2,TSEC,43.89084243774414,40.10114669799805,39.915672302246094,38.36418914794922,40.02687454223633
M4_YHUR_SHUR,4,HUR,HUR,2025-03-07,2025-03-09,3,Yd,583.8349609375,600.152587890625,593.8971557617188,617.1532592773438,601.500732421875
M4_YHUR_SHUR,4,HUR,HUR,2025-03-07,2025-03-09,3,TSE,610.7206420898438,599.2451171875,613.3037719726562,615.724609375,604.72705078125
M4_YHUR_SHUR,4,HUR,HUR,2025-03-07,2025-03-09,3,TSEC,46.58547592163086,40.10114669799805,40.71564483642578,38.945274353027344,39.96077346801758
M4_YHUR_SHUR,4,HUR,HUR,2025-03-08,2025-03-08,1,Yd,622.6340942382812,600.1610107421875,601.4782104492188,601.661865234375,601.2907104492188
M4_YHUR_SHUR,4,HUR,HUR,2025-03-08,2025-03-08,1,TSE,637.845458984375,599.1841430664062,604.0221557617188,599.4318237304688,602.2420654296875
M4_YHUR_SHUR,4,HUR,HUR,2025-03-08,2025-03-08,1,TSEC,43.89084243774414,40.09847640991211,39.74593734741211,39.74349594116211,40.04354476928711
M4_YHUR_SHUR,4,HUR,HUR,2025-03-08,2025-03-09,2,Yd,583.8349609375,600.1610107421875,598.63037109375,593.9793090820312,600.4627685546875
M4_YHUR_SHUR,4,HUR,HUR,2025-03-08,2025-03-09,2,TSE,610.7206420898438,599.1841430664062,596.5789184570312,595.2418212890625,605.0183715820312
M4_YHUR_SHUR,4,HUR,HUR,2025-03-08,2025-03-09,2,TSEC,46.58547592163086,40.09847640991211,40.62429428100586,38.80878448486328,39.956947326660156
M4_YHUR_SHUR,4,HUR,HUR,2025-03-08,2025-03-10,3,Yd,589.3855590820312,600.1610107421875,593.5994873046875,603.8522338867188,599.6588134765625
M4_YHUR_SHUR,4,HUR,HUR,2025-03-08,2025-03-10,3,TSE,655.6038818359375,599.1841430664062,602.8191528320312,612.3552856445312,607.38525390625
M4_YHUR_SHUR,4,HUR,HUR,2025-03-08,2025-03-10,3,TSEC,47.386436462402344,40.09847640991211,39.695674896240234,39.267669677734375,39.9780387878418
M4_YHUR_SHUR,4,HUR,HUR,2025-03-09,2025-03-09,1,Yd,583.8349609375,600.189208984375,593.01806640625,597.2800903320312,601.0787963867188
M4_YHUR_SHUR,4,HUR,HUR,2025-03-09,2025-03-09,1,TSE,610.7206420898438,599.2326049804688,603.2268676757812,602.7230224609375,602.3844604492188
M4_YHUR_SHUR,4,HUR,HUR,2025-03-09,2025-03-09,1,TSEC,46.58547592163086,40.10322570800781,40.86347198486328,40.286808013916016,40.04686737060547
M4_YHUR_SHUR,4,HUR,HUR,2025-03-09,2025-03-10,2,Yd,589.3855590820312,600.189208984375,594.1806030273438,597.4558715820312,601.2188110351562
M4_YHUR_SHUR,4,HUR,HUR,2025-03-09,2025-03-10,2,TSE,655.6038818359375,599.2326049804688,600.5451049804688,619.8193969726562,603.8408813476562
M4_YHUR_SHUR,4,HUR,HUR,2025-03-09,2025-03-10,2,TSEC,47.386436462402344,40.10322570800781,39.64923858642578,40.0389518737793,40.12398910522461
M4_YHUR_SHUR,4,HUR,HUR,2025-03-09,2025-03-11,3,Yd,553.4624633789062,600.189208984375,592.6725463867188,604.9483032226562,600.6690673828125
M4_YHUR_SHUR,4,HUR,HUR,2025-03-09,2025-03-11,3,TSE,518.0756225585938,599.2326049804688,604.9681396484375,610.9051513671875,603.6080322265625
M4_YHUR_SHUR,4,HUR,HUR,2025-03-09,2025-03-11,3,TSEC,36.986385345458984,40.10322570800781,40.97464370727539,39.368839263916016,40.31450271606445
M4_YHUR_SHUR,4,HUR,HUR,2025-03-10,2025-03-10,1,Yd,589.3855590820312,600.168701171875,591.8621215820312,599.469970703125,600.9729614257812
M4_YHUR_SHUR,4,HUR,HUR,2025-03-10,2025-03-10,1,TSE,655.6038818359375,599.2469482421875,595.9102172851562,592.6333618164062,601.0618286132812
M4_YHUR_SHUR,4,HUR,HUR,2025-03-10,2025-03-10,1,TSEC,47.386436462402344,40.1113395690918,40.035701751708984,39.87415313720703,40.2298469543457
M4_YHUR_SHUR,4,HUR,HUR,2025-03-10,2025-03-11,2,Yd,553.4624633789062,600.168701171875,591.6112670898438,600.620361328125,599.9765625
M4_YHUR_SHUR,4,HUR,HUR,2025-03-10,2025-03-11,2,TSE,518.0756225585938,599.2469482421875,596.744140625,605.6375122070312,601.5810546875
M4_YHUR_SHUR,4,HUR,HUR,2025-03-10,2025-03-11,2,TSEC,36.986385345458984,40.1113395690918,39.667781829833984,39.022483825683594,40.39833450317383
M4_YHUR_SHUR,4,HUR,HUR,2025-03-10,2025-03-12,3,Yd,497.81451416015625,600.168701171875,588.0555419921875,589.6557006835938,597.9129638671875
M4_YHUR_SHUR,4,HUR,HUR,2025-03-10,2025-03-12,3,TSE,672.0784301757812,599.2469482421875,600.6907958984375,590.2608032226562,601.5112915039062
M4_YHUR_SHUR,4,HUR,HUR,2025-03-10,2025-03-12,3,TSEC,44.06495666503906,40.1113395690918,40.17105484008789,38.88996124267578,40.55449676513672
M4_YHUR_SHUR,4,HUR,HUR,2025-03-11,2025-03-11,1,Yd,553.4624633789062,600.1552124023438,596.999755859375,602.2162475585938,599.8649291992188
M4_YHUR_SHUR,4,HUR,HUR,2025-03-11,2025-03-11,1,TSE,518.0756225585938,599.3174438476562,602.420654296875,588.7606811523438,599.7772827148438
M4_YHUR_SHUR,4,HUR,HUR,2025-03-11,2025-03-11,1,TSEC,36.986385345458984,40.12043380737305,39.70368576049805,39.97475814819336,40.35655212402344
M4_YHUR_SHUR,4,HUR,HUR,2025-03-11,2025-03-12,2,Yd,497.81451416015625,600.1552124023438,587.8499145507812,610.63037109375,598.255615234375
M4_YHUR_SHUR,4,HUR,HUR,2025-03-11,2025-03-12,2,TSE,672.0784301757812,599.3174438476562,602.561767578125,609.2605590820312,599.5278930664062
M4_YHUR_SHUR,4,HUR,HUR,2025-03-11,2025-03-12,2,TSEC,44.06495666503906,40.12043380737305,39.91814422607422,40.11638259887695,40.48750305175781
M4_YHUR_SHUR,4,HUR,HUR,2025-03-11,2025-03-13,3,Yd,644.5851440429688,600.1552124023438,590.9553833007812,602.5189208984375,597.5196533203125
M4_YHUR_SHUR,4,HUR,HUR,2025-03-11,2025-03-13,3,TSE,646.2380981445312,599.3174438476562,603.2994995117188,596.7481079101562,600.2269897460938
M4_YHUR_SHUR,4,HUR,HUR,2025-03-11,2025-03-13,3,TSEC,41.28878402709961,40.12043380737305,40.649024963378906,40.28298568725586,40.43387985229492
M4_YHUR_SHUR,4,HUR,HUR,2025-03-12,2025-03-12,1,Yd,497.81451416015625,600.096923828125,588.1537475585938,604.0810546875,597.3291625976562
M4_YHUR_SHUR,4,HUR,HUR,2025-03-12,2025-03-12,1,TSE,672.0784301757812,599.2160034179688,600.8366088867188,597.5009155273438,600.9793090820312
M4_YHUR_SHUR,4,HUR,HUR,2025-03-12,2025-03-12,1,TSEC,44.06495666503906,40.116519927978516,39.73225402832031,40.33411407470703,40.26512908935547
M4_YHUR_SHUR,4,HUR,HUR,2025-03-12,2025-03-13,2,Yd,644.5851440429688,600.096923828125,590.8580932617188,605.630615234375,595.8116455078125
M4_YHUR_SHUR,4,HUR,HUR,2025-03-12,2025-03-13,2,TSE,646.2380981445312,599.2160034179688,602.388671875,593.9990234375,602.2235107421875
M4_YHUR_SHUR,4,HUR,HUR,2025-03-12,2025-03-13,2,TSEC,41.28878402709961,40.116519927978516,39.66079330444336,40.137882232666016,40.228187561035156
M4_YHUR_SHUR,4,HUR,HUR,2025-03-12,2025-03-14,3,Yd,568.3939208984375,600.096923828125,592.632568359375,604.263671875,595.7622680664062
M4_YHUR_SHUR,4,HUR,HUR,2025-03-12,2025-03-14,3,TSE,584.4016723632812,599.2160034179688,602.2012939453125,604.7078857421875,603.790283203125
M4_YHUR_SHUR,4,HUR,HUR,2025-03-12,2025-03-14,3,TSEC,43.97102355957031,40.116519927978516,40.60525131225586,40.42024612426758,40.14266586303711
M4_YHUR_SHUR,4,HUR,HUR,2025-03-13,2025-03-13,1,Yd,644.5851440429688,599.9694213867188,588.3547973632812,600.6358642578125,599.2073974609375
M4_YHUR_SHUR,4,HUR,HUR,2025-03-13,2025-03-13,1,TSE,646.2380981445312,599.3068237304688,604.666259765625,583.16259765625,600.182861328125
M4_YHUR_SHUR,4,HUR,HUR,2025-03-13,2025-03-13,1,TSEC,41.28878402709961,40.12144470214844,39.893348693847656,38.64056396484375,40.187442779541016
M4_YHUR_SHUR,4,HUR,HUR,2025-03-13,2025-03-14,2,Yd,568.3939208984375,599.9694213867188,596.3414916992188,597.8699951171875,599.087890625
M4_YHUR_SHUR,4,HUR,HUR,2025-03-13,2025-03-14,2,TSE,584.4016723632812,599.3068237304688,593.898681640625,583.3724365234375,601.4723510742188
M4_YHUR_SHUR,4,HUR,HUR,2025-03-13,2025-03-14,2,TSEC,43.97102355957031,40.12144470214844,40.54956817626953,38.796630859375,40.11894989013672
M4_YHUR_SHUR,4,HUR,HUR,2025-03-13,2025-03-15,3,Yd,657.7109375,599.9694213867188,590.1572265625,606.405517578125,600.1107177734375
M4_YHUR_SHUR,4,HUR,HUR,2025-03-13,2025-03-15,3,TSE,548.09326171875,599.3068237304688,608.814208984375,604.1534423828125,604.1814575195312
M4_YHUR_SHUR,4,HUR,HUR,2025-03-13,2025-03-15,3,TSEC,32.9839973449707,40.12144470214844,39.98753356933594,39.179447174072266,40.019893646240234
M4_YHUR_SHUR,4,HUR,HUR,2025-03-14,2025-03-14,1,Yd,568.3939208984375,600.0249633789062,593.1337890625,601.7177124023438,601.2510986328125
M4_YHUR_SHUR,4,HUR,HUR,2025-03-14,2025-03-14,1,TSE,584.4016723632812,599.3652954101562,604.2520751953125,595.3807373046875,601.3088989257812
M4_YHUR_SHUR,4,HUR,HUR,2025-03-14,2025-03-14,1,TSEC,43.97102355957031,40.12289810180664,40.64157485961914,39.559268951416016,40.08726501464844
M4_YHUR_SHUR,4,HUR,HUR,2025-03-14,2025-03-15,2,Yd,657.7109375,600.0249633789062,594.471435546875,608.7869873046875,601.4503784179688
M4_YHUR_SHUR,4,HUR,HUR,2025-03-14,2025-03-15,2,TSE,548.09326171875,599.3652954101562,605.2109375,607.0366821289062,604.2081298828125
M4_YHUR_SHUR,4,HUR,HUR,2025-03-14,2025-03-15,2,TSEC,32.9839973449707,40.12289810180664,39.9463996887207,39.281185150146484,39.95341110229492
M4_YHUR_SHUR,4,HUR,HUR,2025-03-14,2025-03-16,3,Yd,633.4967041015625,600.0249633789062,592.7440185546875,609.6591796875,600.2152709960938
M4_YHUR_SHUR,4,HUR,HUR,2025-03-14,2025-03-16,3,TSE,565.156494140625,599.3652954101562,597.4903564453125,607.1396484375,607.2178344726562
M4_YHUR_SHUR,4,HUR,HUR,2025-03-14,2025-03-16,3,TSEC,43.340396881103516,40.12289810180664,40.4449462890625,38.898529052734375,39.8970832824707
M4_YHUR_SHUR,4,HUR,HUR,2025-03-15,2025-03-15,1,Yd,657.7109375,599.985595703125,592.2562255859375,604.7054443359375,601.4622802734375
M4_YHUR_SHUR,4,HUR,HUR,2025-03-15,2025-03-15,1,TSE,548.09326171875,599.3466796875,602.063232421875,600.9484252929688,602.7567138671875
M4_YHUR_SHUR,4,HUR,HUR,2025-03-15,2025-03-15,1,TSEC,32.9839973449707,40.127685546875,40.09722137451172,39.79765319824219,39.996089935302734
M4_YHUR_SHUR,4,HUR,HUR,2025-03-15,2025-03-16,2,Yd,633.4967041015625,599.985595703125,594.6487426757812,607.82861328125,600.420166015625
M4_YHUR_SHUR,4,HUR,HUR,2025-03-15,2025-03-16,2,TSE,565.156494140625,599.3466796875,601.1752319335938,604.6109008789062,606.01220703125
M4_YHUR_SHUR,4,HUR,HUR,2025-03-15,2025-03-16,2,TSEC,43.340396881103516,40.127685546875,40.36460494995117,39.57826232910156,39.88759994506836
M4_YHUR_SHUR,4,HUR,HUR,2025-03-15,2025-03-17,3,Yd,617.9134521484375,599.985595703125,592.0269775390625,607.2730102539062,600.0784912109375
M4_YHUR_SHUR,4,HUR,HUR,2025-03-15,2025-03-17,3,TSE,604.3118286132812,599.3466796875,601.0648193359375,617.1344604492188,607.66162109375
M4_YHUR_SHUR,4,HUR,HUR,2025-03-15,2025-03-17,3,TSEC,41.003116607666016,40.127685546875,39.77013397216797,39.69109344482422,39.94132614135742
M4_YHUR_SHUR,4,HUR,HUR,2025-03-16,2025-03-16,1,Yd,633.4967041015625,600.0573120117188,598.0353393554688,607.4500732421875,599.9502563476562
M4_YHUR_SHUR,4,HUR,HUR,2025-03-16,2025-03-16,1,TSE,565.156494140625,599.2830200195312,599.8858032226562,586.4686889648438,603.2439575195312
M4_YHUR_SHUR,4,HUR,HUR,2025-03-16,2025-03-16,1,TSEC,43.340396881103516,40.118812561035156,39.77243423461914,39.19660568237305,40.03135681152344
M4_YHUR_SHUR,4,HUR,HUR,2025-03-16,2025-03-17,2,Yd,617.9134521484375,600.0573120117188,587.9793090820312,594.0276489257812,599.0529174804688
M4_YHUR_SHUR,4,HUR,HUR,2025-03-16,2025-03-17,2,TSE,604.3118286132812,599.2830200195312,601.538330078125,607.0879516601562,605.493408203125
M4_YHUR_SHUR,4,HUR,HUR,2025-03-16,2025-03-17,2,TSEC,41.003116607666016,40.118812561035156,40.17171096801758,39.785491943359375,40.045928955078125
M4_YHUR_SHUR,4,HUR,HUR,2025-03-16,2025-03-18,3,Yd,603.0197143554688,600.0573120117188,594.8893432617188,595.1162109375,597.4146118164062
M4_YHUR_SHUR,4,HUR,HUR,2025-03-16,2025-03-18,3,TSE,625.6666870117188,599.2830200195312,605.1238403320312,598.280517578125,604.8896484375
M4_YHUR_SHUR,4,HUR,HUR,2025-03-16,2025-03-18,3,TSEC,42.163822174072266,40.118812561035156,40.20612335205078,39.5211296081543,40.24755096435547
M4_YHUR_SHUR,4,HUR,HUR,2025-03-17,2025-03-17,1,Yd,617.9134521484375,600.0988159179688,590.9908447265625,593.064697265625,599.3953247070312
M4_YHUR_SHUR,4,HUR,HUR,2025-03-17,2025-03-17,1,TSE,604.3118286132812,599.24072265625,598.6776123046875,586.1058959960938,602.0591430664062
M4_YHUR_SHUR,4,HUR,HUR,2025-03-17,2025-03-17,1,TSEC,41.003116607666016,40.122806549072266,39.85901641845703,39.65867233276367,40.17573928833008
M4_YHUR_SHUR,4,HUR,HUR,2025-03-17,2025-03-18,2,Yd,603.0197143554688,600.0988159179688,592.1244506835938,599.8643798828125,597.177978515625
M4_YHUR_SHUR,4,HUR,HUR,2025-03-17,2025-03-18,2,TSE,625.6666870117188,599.24072265625,605.3050537109375,608.0654296875,603.178955078125
M4_YHUR_SHUR,4,HUR,HUR,2025-03-17,2025-03-18,2,TSEC,42.163822174072266,40.122806549072266,40.92610549926758,40.08658981323242,40.33982467651367
M4_YHUR_SHUR,4,HUR,HUR,2025-03-17,2025-03-19,3,Yd,587.8130493164062,600.0988159179688,587.9511108398438,599.9404907226562,594.6213989257812
M4_YHUR_SHUR,4,HUR,HUR,2025-03-17,2025-03-19,3,TSE,550.4302978515625,599.24072265625,598.0276489257812,599.8673706054688,603.9935302734375
M4_YHUR_SHUR,4,HUR,HUR,2025-03-17,2025-03-19,3,TSEC,44.932350158691406,40.122806549072266,39.95079803466797,40.08803176879883,40.50105285644531
M4_YHUR_SHUR,4,HUR,HUR,2025-03-18,2025-03-18,1,Yd,603.0197143554688,600.1209106445312,594.5914306640625,591.81396484375,597.5655517578125
M4_YHUR_SHUR,4,HUR,HUR,2025-03-18,2025-03-18,1,TSE,625.6666870117188,599.2470092773438,602.6829223632812,577.9946899414062,601.2615966796875
M4_YHUR_SHUR,4,HUR,HUR,2025-03-18,2025-03-18,1,TSEC,42.163822174072266,40.123897552490234,40.642669677734375,38.97121810913086,40.304779052734375
M4_YHUR_SHUR,4,HUR,HUR,2025-03-18,2025-03-19,2,Yd,587.8130493164062,600.1209106445312,585.6058959960938,605.0697021484375,594.896728515625
M4_YHUR_SHUR,4,HUR,HUR,2025-03-18,2025-03-19,2,TSE,550.4302978515625,599.2470092773438,602.662353515625,598.9527587890625,602.8377685546875
M4_YHUR_SHUR,4,HUR,HUR,2025-03-18,2025-03-19,2,TSEC,44.932350158691406,40.123897552490234,39.99702835083008,39.43690872192383,40.402557373046875
M4_YHUR_SHUR,4,HUR,HUR,2025-03-18,2025-03-20,3,Yd,584.2974243164062,600.1209106445312,596.2557983398438,601.677978515625,593.28857421875
M4_YHUR_SHUR,4,HUR,HUR,2025-03-18,2025-03-20,3,TSE,626.6016235351562,599.2470092773438,601.701416015625,593.0178833007812,604.2971801757812
M4_YHUR_SHUR,4,HUR,HUR,2025-03-18,2025-03-20,3,TSEC,45.639896392822266,40.123897552490234,39.680362701416016,40.02714538574219,40.329872131347656
M4_YHUR_SHUR,4,HUR,HUR,2025-03-19,2025-03-19,1,Yd,587.8130493164062,600.12451171875,585.8189086914062,603.783203125,597.1007080078125
M4_YHUR_SHUR,4,HUR,HUR,2025-03-19,2025-03-19,1,TSE,550.4302978515625,599.2796020507812,602.3330688476562,598.2671508789062,601.246337890625
M4_YHUR_SHUR,4,HUR,HUR,2025-03-19,2025-03-19,1,TSEC,44.932350158691406,40.12642288208008,40.05291748046875,40.39701461791992,40.247886657714844
M4_YHUR_SHUR,4,HUR,HUR,2025-03-19,2025-03-20,2,Yd,584.2974243164062,600.12451171875,596.0892944335938,603.345947265625,595.1906127929688
M4_YHUR_SHUR,4,HUR,HUR,2025-03-19,2025-03-20,2,TSE,626.6016235351562,599.2796020507812,601.87744140625,604.9485473632812,602.8461303710938
M4_YHUR_SHUR,4,HUR,HUR,2025-03-19,2025-03-20,2,TSEC,45.639896392822266,40.12642288208008,39.61414337158203,40.287567138671875,40.206817626953125
M4_YHUR_SHUR,4,HUR,HUR,2025-03-19,2025-03-21,3,Yd,554.876953125,600.12451171875,591.6373291015625,599.3912963867188,595.42236328125
M4_YHUR_SHUR,4,HUR,HUR,2025-03-19,2025-03-21,3,TSE,515.4608764648438,599.2796020507812,604.7240600585938,595.7640380859375,605.196044921875
M4_YHUR_SHUR,4,HUR,HUR,2025-03-19,2025-03-21,3,TSEC,50.391231536865234,40.12642288208008,40.589481353759766,39.576602935791016,40.12099075317383
M4_YHUR_SHUR,4,HUR,HUR,2025-03-20,2025-03-20,1,Yd,584.2974243164062,600.1092529296875,595.1891479492188,609.173095703125,598.4283447265625
M4_YHUR_SHUR,4,HUR,HUR,2025-03-20,2025-03-20,1,TSE,626.6016235351562,599.21923828125,601.0352172851562,601.3828125,601.14697265625
M4_YHUR_SHUR,4,HUR,HUR,2025-03-20,2025-03-20,1,TSEC,45.639896392822266,40.132362365722656,39.8104362487793,40.16101837158203,40.156761169433594
M4_YHUR_SHUR,4,HUR,HUR,2025-03-20,2025-03-21,2,Yd,554.876953125,600.1092529296875,591.4105224609375,592.2208251953125,597.837158203125
M4_YHUR_SHUR,4,HUR,HUR,2025-03-20,2025-03-21,2,TSE,515.4608764648438,599.21923828125,605.1742553710938,589.1168212890625,604.0928344726562
M4_YHUR_SHUR,4,HUR,HUR,2025-03-20,2025-03-21,2,TSEC,50.391231536865234,40.132362365722656,40.54002380371094,39.71152114868164,40.028263092041016
M4_YHUR_SHUR,4,HUR,HUR,2025-03-20,2025-03-22,3,Yd,560.3729248046875,600.1092529296875,596.01806640625,602.1411743164062,597.0338745117188
M4_YHUR_SHUR,4,HUR,HUR,2025-03-20,2025-03-22,3,TSE,656.8954467773438,599.21923828125,602.9193115234375,606.2324829101562,608.7977905273438
M4_YHUR_SHUR,4,HUR,HUR,2025-03-20,2025-03-22,3,TSEC,40.47800064086914,40.132362365722656,40.261287689208984,39.81971740722656,39.89402770996094
M4_YHUR_SHUR,4,HUR,HUR,2025-03-21,2025-03-21,1,Yd,554.876953125,600.0897216796875,591.2376098632812,610.4414672851562,600.7401123046875
M4_YHUR_SHUR,4,HUR,HUR,2025-03-21,2025-03-21,1,TSE,515.4608764648438,599.2531127929688,604.6138916015625,602.5200805664062,602.3611450195312
M4_YHUR_SHUR,4,HUR,HUR,2025-03-21,2025-03-21,1,TSEC,50.391231536865234,40.139163970947266,40.743682861328125,40.11423110961914,40.0300178527832
M4_YHUR_SHUR,4,HUR,HUR,2025-03-21,2025-03-22,2,Yd,560.3729248046875,600.0897216796875,596.8278198242188,601.4115600585938,600.0809936523438
M4_YHUR_SHUR,4,HUR,HUR,2025-03-21,2025-03-22,2,TSE,656.8954467773438,599.2531127929688,603.512451171875,599.2831420898438,606.5314331054688
M4_YHUR_SHUR,4,HUR,HUR,2025-03-21,2025-03-22,2,TSEC,40.47800064086914,40.139163970947266,40.189083099365234,39.76085662841797,39.86770248413086
M4_YHUR_SHUR,4,HUR,HUR,2025-03-21,2025-03-23,3,Yd,724.1314086914062,600.0897216796875,592.6656494140625,619.2133178710938,598.1383666992188
M4_YHUR_SHUR,4,HUR,HUR,2025-03-21,2025-03-23,3,TSE,662.8592529296875,599.2531127929688,605.1526489257812,623.6103515625,610.6608276367188
M4_YHUR_SHUR,4,HUR,HUR,2025-03-21,2025-03-23,3,TSEC,39.772491455078125,40.139163970947266,40.45271301269531,40.5202522277832,39.79964828491211
M4_YHUR_SHUR,4,HUR,HUR,2025-03-22,2025-03-22,1,Yd,560.3729248046875,600.0339965820312,596.8562622070312,599.910888671875,601.0604248046875
M4_YHUR_SHUR,4,HUR,HUR,2025-03-22,2025-03-22,1,TSE,656.8954467773438,599.1497192382812,602.5986938476562,597.3997802734375,603.9398193359375
M4_YHUR_SHUR,4,HUR,HUR,2025-03-22,2025-03-22,1,TSEC,40.47800064086914,40.15180587768555,40.525150299072266,39.45942306518555,39.92403793334961
M4_YHUR_SHUR,4,HUR,HUR,2025-03-22,2025-03-23,2,Yd,724.1314086914062,600.0339965820312,595.1396484375,599.2599487304688,599.5859375
M4_YHUR_SHUR,4,HUR,HUR,2025-03-22,2025-03-23,2,TSE,662.8592529296875,599.1497192382812,605.3177490234375,599.7744750976562,608.353515625
M4_YHUR_SHUR,4,HUR,HUR,2025-03-22,2025-03-23,2,TSEC,39.772491455078125,40.15180587768555,40.193199157714844,39.01911926269531,39.75474166870117
M4_YHUR_SHUR,4,HUR,HUR,2025-03-22,2025-03-24,3,Yd,678.174072265625,600.0339965820312,593.2655639648438,599.3368530273438,598.3651733398438
M4_YHUR_SHUR,4,HUR,HUR,2025-03-22,2025-03-24,3,TSE,687.4490356445312,599.1497192382812,600.2925415039062,610.3294067382812,610.556640625
M4_YHUR_SHUR,4,HUR,HUR,2025-03-22,2025-03-24,3,TSEC,37.49440002441406,40.15180587768555,40.180450439453125,39.36482238769531,39.768714904785156
M4_YHUR_SHUR,4,HUR,HUR,2025-03-23,2025-03-23,1,Yd,724.1314086914062,599.9851684570312,593.0369873046875,612.5986328125,600.6475219726562
M4_YHUR_SHUR,4,HUR,HUR,2025-03-23,2025-03-23,1,TSE,662.8592529296875,599.2208862304688,605.680419921875,604.3864135742188,603.1473999023438
M4_YHUR_SHUR,4,HUR,HUR,2025-03-23,2025-03-23,1,TSEC,39.772491455078125,40.15220642089844,39.92731475830078,40.19878005981445,40.004974365234375
M4_YHUR_SHUR,4,HUR,HUR,2025-03-23,2025-03-24,2,Yd,678.174072265625,599.9851684570312,593.276123046875,611.2890014648438,600.4310302734375
M4_YHUR_SHUR,4,HUR,HUR,2025-03-23,2025-03-24,2,TSE,687.4490356445312,599.2208862304688,600.1209716796875,605.7283935546875,604.8530883789062
M4_YHUR_SHUR,4,HUR,HUR,2025-03-23,2025-03-24,2,TSEC,37.49440002441406,40.15220642089844,39.913780212402344,39.94886779785156,40.07448196411133
M4_YHUR_SHUR,4,HUR,HUR,2025-03-23,2025-03-25,3,Yd,617.84375,599.9851684570312,591.8599243164062,610.2627563476562,599.4797973632812
M4_YHUR_SHUR,4,HUR,HUR,2025-03-23,2025-03-25,3,TSE,535.1056518554688,599.2208862304688,601.7100830078125,608.6033935546875,604.203125
M4_YHUR_SHUR,4,HUR,HUR,2025-03-23,2025-03-25,3,TSEC,40.467796325683594,40.15220642089844,40.31402587890625,40.245670318603516,40.286319732666016
M4_YHUR_SHUR,4,HUR,HUR,2025-03-24,2025-03-24,1,Yd,678.174072265625,600.1378173828125,593.3275146484375,603.728271484375,600.2286376953125
M4_YHUR_SHUR,4,HUR,HUR,2025-03-24,2025-03-24,1,TSE,687.4490356445312,599.2991333007812,597.5531616210938,604.7864990234375,601.2574462890625
M4_YHUR_SHUR,4,HUR,HUR,2025-03-24,2025-03-24,1,TSEC,37.49440002441406,40.151737213134766,40.17955780029297,40.16978454589844,40.25570297241211
M4_YHUR_SHUR,4,HUR,HUR,2025-03-24,2025-03-25,2,Yd,617.84375,600.1378173828125,593.18017578125,606.1382446289062,598.6703491210938
M4_YHUR_SHUR,4,HUR,HUR,2025-03-24,2025-03-25,2,TSE,535.1056518554688,599.2991333007812,597.2481079101562,612.3646240234375,601.79150390625
M4_YHUR_SHUR,4,HUR,HUR,2025-03-24,2025-03-25,2,TSEC,40.467796325683594,40.151737213134766,40.500335693359375,39.9796028137207,40.46835708618164
M4_YHUR_SHUR,4,HUR,HUR,2025-03-24,2025-03-26,3,Yd,651.1116943359375,600.1378173828125,591.0256958007812,605.6818237304688,596.4639282226562
M4_YHUR_SHUR,4,HUR,HUR,2025-03-24,2025-03-26,3,TSE,555.7499389648438,599.2991333007812,601.5446166992188,596.5306396484375,601.379150390625
M4_YHUR_SHUR,4,HUR,HUR,2025-03-24,2025-03-26,3,TSEC,38.746307373046875,40.151737213134766,40.153621673583984,40.07889175415039,40.63168716430664
M4_YHUR_SHUR,4,HUR,HUR,2025-03-25,2025-03-25,1,Yd,617.84375,600.2337036132812,592.4012451171875,599.41357421875,598.3560180664062
M4_YHUR_SHUR,4,HUR,HUR,2025-03-25,2025-03-25,1,TSE,535.1056518554688,599.4074096679688,603.8244018554688,598.0872802734375,600.1414794921875
M4_YHUR_SHUR,4,HUR,HUR,2025-03-25,2025-03-25,1,TSEC,40.467796325683594,40.148475646972656,40.666812896728516,39.49934768676758,40.356201171875
M4_YHUR_SHUR,4,HUR,HUR,2025-03-25,2025-03-26,2,Yd,651.1116943359375,600.2337036132812,592.9221801757812,619.0228881835938,596.608642578125
M4_YHUR_SHUR,4,HUR,HUR,2025-03-25,2025-03-26,2,TSE,555.7499389648438,599.4074096679688,602.8483276367188,620.284423828125,600.33203125
M4_YHUR_SHUR,4,HUR,HUR,2025-03-25,2025-03-26,2,TSEC,38.746307373046875,40.148475646972656,40.060184478759766,39.686214447021484,40.465206146240234
M4_YHUR_SHUR,4,HUR,HUR,2025-03-25,2025-03-27,3,Yd,726.1207885742188,600.2337036132812,592.68115234375,618.433349609375,595.6828002929688
M4_YHUR_SHUR,4,HUR,HUR,2025-03-25,2025-03-27,3,TSE,609.8862915039062,599.4074096679688,603.0867919921875,614.1383666992188,600.9190673828125
M4_YHUR_SHUR,4,HUR,HUR,2025-03-25,2025-03-27,3,TSEC,36.3695068359375,40.148475646972656,39.783729553222656,40.38720703125,40.41511917114258
M4_YHUR_SHUR,4,HUR,HUR,2025-03-26,2025-03-26,1,Yd,651.1116943359375,600.2553100585938,593.4646606445312,597.2264404296875,597.1458129882812
M4_YHUR_SHUR,4,HUR,HUR,2025-03-26,2025-03-26,1,TSE,555.7499389648438,599.3285522460938,602.091552734375,597.2127075195312,601.1099243164062
M4_YHUR_SHUR,4,HUR,HUR,2025-03-26,2025-03-26,1,TSEC,38.746307373046875,40.14886474609375,39.929222106933594,40.131526947021484,40.236427307128906
M4_YHUR_SHUR,4,HUR,HUR,2025-03-26,2025-03-27,2,Yd,726.1207885742188,600.2553100585938,592.5532836914062,600.5161743164062,595.1883544921875
M4_YHUR_SHUR,4,HUR,HUR,2025-03-26,2025-03-27,2,TSE,609.8862915039062,599.3285522460938,599.7477416992188,603.9017944335938,602.6184692382812
M4_YHUR_SHUR,4,HUR,HUR,2025-03-26,2025-03-27,2,TSEC,36.3695068359375,40.14886474609375,39.531211853027344,39.94845962524414,40.189979553222656
M4_YHUR_SHUR,4,HUR,HUR,2025-03-26,2025-03-28,3,Yd,618.6824340820312,600.2553100585938,592.8917236328125,596.2394409179688,595.01318359375
M4_YHUR_SHUR,4,HUR,HUR,2025-03-26,2025-03-28,3,TSE,637.1160888671875,599.3285522460938,605.0101318359375,605.2991943359375,605.6441040039062
M4_YHUR_SHUR,4,HUR,HUR,2025-03-26,2025-03-28,3,TSEC,47.455074310302734,40.14886474609375,40.33940505981445,40.10150909423828,40.085960388183594
M4_YHUR_SHUR,4,HUR,HUR,2025-03-27,2025-03-27,1,Yd,726.1207885742188,600.317626953125,593.8549194335938,613.2066040039062,597.843505859375
M4_YHUR_SHUR,4,HUR,HUR,2025-03-27,2025-03-27,1,TSE,609.8862915039062,599.275146484375,604.9814453125,594.116455078125,601.5730590820312
M4_YHUR_SHUR,4,HUR,HUR,2025-03-27,2025-03-27,1,TSEC,36.3695068359375,40.14714813232422,39.8055305480957,40.56429672241211,40.14571762084961
M4_YHUR_SHUR,4,HUR,HUR,2025-03-27,2025-03-28,2,Yd,618.6824340820312,600.317626953125,592.6480712890625,603.9007568359375,596.9609375
M4_YHUR_SHUR,4,HUR,HUR,2025-03-27,2025-03-28,2,TSE,637.1160888671875,599.275146484375,602.3551635742188,590.271728515625,604.9998168945312
M4_YHUR_SHUR,4,HUR,HUR,2025-03-27,2025-03-28,2,TSEC,47.455074310302734,40.14714813232422,40.272701263427734,40.09322738647461,40.017086029052734
M4_YHUR_SHUR,4,HUR,HUR,2025-03-27,2025-03-29,3,Yd,701.2198486328125,600.317626953125,593.5508422851562,604.998046875,595.8150634765625
M4_YHUR_SHUR,4,HUR,HUR,2025-03-27,2025-03-29,3,TSE,574.9306030273438,599.275146484375,605.941650390625,603.3977661132812,610.1002807617188
M4_YHUR_SHUR,4,HUR,HUR,2025-03-27,2025-03-29,3,TSEC,43.54609298706055,40.14714813232422,40.246585845947266,40.15224838256836,39.89659118652344
M4_YHUR_SHUR,4,HUR,HUR,2025-03-28,2025-03-28,1,Yd,618.6824340820312,600.4716186523438,591.188232421875,599.5652465820312,599.547119140625
M4_YHUR_SHUR,4,HUR,HUR,2025-03-28,2025-03-28,1,TSE,637.1160888671875,599.2880859375,603.233642578125,591.0728759765625,603.6227416992188
M4_YHUR_SHUR,4,HUR,HUR,2025-03-28,2025-03-28,1,TSEC,47.455074310302734,40.14252471923828,40.14283752441406,40.55493927001953,40.02934646606445
M4_YHUR_SHUR,4,HUR,HUR,2025-03-28,2025-03-29,2,Yd,701.2198486328125,600.4716186523438,597.7678833007812,603.2757568359375,597.1920776367188
M4_YHUR_SHUR,4,HUR,HUR,2025-03-28,2025-03-29,2,TSE,574.9306030273438,599.2880859375,603.578857421875,601.8591918945312,608.4178466796875
M4_YHUR_SHUR,4,HUR,HUR,2025-03-28,2025-03-29,2,TSEC,43.54609298706055,40.14252471923828,40.26247024536133,40.1615104675293,39.936187744140625
M4_YHUR_SHUR,4,HUR,HUR,2025-03-28,2025-03-30,3,Yd,623.2114868164062,600.4716186523438,597.8916625976562,603.1649780273438,594.1806640625
M4_YHUR_SHUR,4,HUR,HUR,2025-03-28,2025-03-30,3,TSE,593.8624267578125,599.2880859375,599.4055786132812,622.7264404296875,613.213134765625
M4_YHUR_SHUR,4,HUR,HUR,2025-03-28,2025-03-30,3,TSEC,42.17282485961914,40.14252471923828,40.310028076171875,41.069522857666016,39.91120910644531
M4_YHUR_SHUR,4,HUR,HUR,2025-03-29,2025-03-29,1,Yd,701.2198486328125,600.493896484375,590.4342651367188,597.0413818359375,600.3116455078125
M4_YHUR_SHUR,4,HUR,HUR,2025-03-29,2025-03-29,1,TSE,574.9306030273438,599.3343505859375,605.9647216796875,604.402587890625,604.5003051757812
M4_YHUR_SHUR,4,HUR,HUR,2025-03-29,2025-03-29,1,TSEC,43.54609298706055,40.151466369628906,40.5607795715332,40.09016418457031,39.99267578125
M4_YHUR_SHUR,4,HUR,HUR,2025-03-29,2025-03-30,2,Yd,623.2114868164062,600.493896484375,600.0957641601562,604.7904663085938,598.0446166992188
M4_YHUR_SHUR,4,HUR,HUR,2025-03-29,2025-03-30,2,TSE,593.8624267578125,599.3343505859375,596.5420532226562,617.7692260742188,609.5187377929688
M4_YHUR_SHUR,4,HUR,HUR,2025-03-29,2025-03-30,2,TSEC,42.17282485961914,40.151466369628906,40.35054016113281,39.892173767089844,39.910804748535156
M4_YHUR_SHUR,4,HUR,HUR,2025-03-29,2025-03-31,3,Yd,539.66015625,600.493896484375,592.4163818359375,603.435546875,596.0172729492188
M4_YHUR_SHUR,4,HUR,HUR,2025-03-29,2025-03-31,3,TSE,624.3862915039062,599.3343505859375,603.6670532226562,601.5791015625,611.6285400390625
M4_YHUR_SHUR,4,HUR,HUR,2025-03-29,2025-03-31,3,TSEC,38.29037094116211,40.151466369628906,40.038570404052734,39.409183502197266,40.001930236816406
M4_YHUR_SHUR,4,HUR,HUR,2025-03-30,2025-03-30,1,Yd,623.2114868164062,600.6168823242188,602.6792602539062,608.8427124023438,599.5518188476562
M4_YHUR_SHUR,4,HUR,HUR,2025-03-30,2025-03-30,1,TSE,593.8624267578125,599.3045654296875,613.2700805664062,596.4996948242188,604.5028076171875
M4_YHUR_SHUR,4,HUR,HUR,2025-03-30,2025-03-30,1,TSEC,42.17282485961914,40.15560531616211,40.49141311645508,39.782958984375,40.04896545410156
M4_YHUR_SHUR,4,HUR,HUR,2025-03-30,2025-03-31,2,Yd,539.66015625,600.6168823242188,595.8050537109375,591.9562377929688,597.8759155273438
M4_YHUR_SHUR,4,HUR,HUR,2025-03-30,2025-03-31,2,TSE,624.3862915039062,599.3045654296875,599.4674072265625,597.0841064453125,606.9791259765625
M4_YHUR_SHUR,4,HUR,HUR,2025-03-30,2025-03-31,2,TSEC,38.29037094116211,40.15560531616211,39.98508834838867,39.1589241027832,40.1663818359375
M4_YHUR_SHUR,4,HUR,HUR,2025-03-30,2025-04-01,3,Yd,495.10614013671875,600.6168823242188,598.654541015625,585.5435180664062,596.4884643554688
M4_YHUR_SHUR,4,HUR,HUR,2025-03-30,2025-04-01,3,TSE,457.98284912109375,599.3045654296875,595.8831787109375,579.2615356445312,607.260009765625
M4_YHUR_SHUR,4,HUR,HUR,2025-03-30,2025-04-01,3,TSEC,45.04464340209961,40.15560531616211,41.04536056518555,38.717613220214844,40.4227294921875
