case_id,M,yd_level,solar_level,origin_date,target_date,step,variable,true,MEAN,ARIMA,RNN,LSTM
M9_YHUR_SHUR,9,HUR,HUR,2024-12-31,2024-12-31,1,Yd,1643.06201171875,1348.439453125,1328.231201171875,1355.3819580078125,1342.08544921875
M9_YHUR_SHUR,9,HUR,HUR,2024-12-31,2024-12-31,1,TSE,1494.652099609375,1348.3636474609375,1353.83935546875,1350.1016845703125,1362.691650390625
M9_YHUR_SHUR,9,HUR,HUR,2024-12-31,2024-12-31,1,TSEC,86.9513168334961,90.05221557617188,90.49916076660156,90.304443359375,90.55921936035156
M9_YHUR_SHUR,9,HUR,HUR,2024-12-31,2025-01-01,2,Yd,1461.3682861328125,1348.439453125,1338.4998779296875,1330.290283203125,1335.7989501953125
M9_YHUR_SHUR,9,HUR,HUR,2024-12-31,2025-01-01,2,TSE,1216.325927734375,1348.3636474609375,1347.6883544921875,1363.8157958984375,1368.244384765625
M9_YHUR_SHUR,9,HUR,HUR,2024-12-31,2025-01-01,2,TSEC,86.32469177246094,90.05221557617188,89.01407623291016,90.22032928466797,90.76172637939453
M9_YHUR_SHUR,9,HUR,HUR,2024-12-31,2025-01-02,3,Yd,1436.2353515625,1348.439453125,1319.9974365234375,1334.835693359375,1335.74951171875
M9_YHUR_SHUR,9,HUR,HUR,2024-12-31,2025-01-02,3,TSE,1264.58447265625,1348.3636474609375,1366.874267578125,1347.6678466796875,1368.53955078125
M9_YHUR_SHUR,9,HUR,HUR,2024-12-31,2025-01-02,3,TSEC,108.5029525756836,90.05221557617188,90.49496459960938,87.65798950195312,90.10924530029297
M9_YHUR_SHUR,9,HUR,HUR,2025-01-01,2025-01-01,1,Yd,1461.3682861328125,1348.842529296875,1353.2088623046875,1356.739501953125,1338.271728515625
M9_YHUR_SHUR,9,HUR,HUR,2025-01-01,2025-01-01,1,TSE,1216.325927734375,1348.5638427734375,1354.5936279296875,1356.829833984375,1361.04736328125
M9_YHUR_SHUR,9,HUR,HUR,2025-01-01,2025-01-01,1,TSEC,86.32469177246094,90.04796600341797,90.16279602050781,91.07381439208984,90.33052825927734
M9_YHUR_SHUR,9,HUR,HUR,2025-01-01,2025-01-02,2,Yd,1436.2353515625,1348.842529296875,1301.5040283203125,1331.045166015625,1334.2357177734375
M9_YHUR_SHUR,9,HUR,HUR,2025-01-01,2025-01-02,2,TSE,1264.58447265625,1348.5638427734375,1362.6873779296875,1369.259033203125,1363.143310546875
M9_YHUR_SHUR,9,HUR,HUR,2025-01-01,2025-01-02,2,TSEC,108.5029525756836,90.04796600341797,90.38905334472656,89.05787658691406,89.58981323242188
M9_YHUR_SHUR,9,HUR,HUR,2025-01-01,2025-01-03,3,Yd,1430.0537109375,1348.842529296875,1321.015869140625,1378.4471435546875,1339.53271484375
M9_YHUR_SHUR,9,HUR,HUR,2025-01-01,2025-01-03,3,TSE,1160.265625,1348.5638427734375,1349.6336669921875,1380.4921875,1360.458984375
M9_YHUR_SHUR,9,HUR,HUR,2025-01-01,2025-01-03,3,TSEC,92.28506469726562,90.04796600341797,89.75086212158203,87.94218444824219,88.24830627441406
M9_YHUR_SHUR,9,HUR,HUR,2025-01-02,2025-01-02,1,Yd,1436.2353515625,1348.9962158203125,1307.5576171875,1342.721435546875,1340.930419921875
M9_YHUR_SHUR,9,HUR,HUR,2025-01-02,2025-01-02,1,TSE,1264.58447265625,1348.3831787109375,1363.9017333984375,1347.9288330078125,1358.5968017578125
M9_YHUR_SHUR,9,HUR,HUR,2025-01-02,2025-01-02,1,TSEC,108.5029525756836,90.04288482666016,90.36311340332031,89.36955261230469,89.49881744384766
M9_YHUR_SHUR,9,HUR,HUR,2025-01-02,2025-01-03,2,Yd,1430.0537109375,1348.9962158203125,1316.77734375,1360.43359375,1343.5518798828125
M9_YHUR_SHUR,9,HUR,HUR,2025-01-02,2025-01-03,2,TSE,1160.265625,1348.3831787109375,1348.2896728515625,1342.0518798828125,1359.7296142578125
M9_YHUR_SHUR,9,HUR,HUR,2025-01-02,2025-01-03,2,TSEC,92.28506469726562,90.04288482666016,89.44174194335938,88.79328918457031,88.17583465576172
M9_YHUR_SHUR,9,HUR,HUR,2025-01-02,2025-01-04,3,Yd,1425.841796875,1348.9962158203125,1356.7152099609375,1373.3734130859375,1351.30029296875
M9_YHUR_SHUR,9,HUR,HUR,2025-01-02,2025-01-04,3,TSE,1711.9017333984375,1348.3831787109375,1372.3778076171875,1361.5638427734375,1359.5460205078125
M9_YHUR_SHUR,9,HUR,HUR,2025-01-02,2025-01-04,3,TSEC,62.17831039428711,90.04288482666016,89.20018005371094,90.27363586425781,86.87130737304688
M9_YHUR_SHUR,9,HUR,HUR,2025-01-03,2025-01-03,1,Yd,1430.0537109375,1349.115234375,1332.4222412109375,1354.6597900390625,1351.623779296875
M9_YHUR_SHUR,9,HUR,HUR,2025-01-03,2025-01-03,1,TSE,1160.265625,1348.268798828125,1346.96435546875,1345.806396484375,1351.19580078125
M9_YHUR_SHUR,9,HUR,HUR,2025-01-03,2025-01-03,1,TSEC,92.28506469726562,90.06806182861328,90.03501892089844,87.94264221191406,88.51753997802734
M9_YHUR_SHUR,9,HUR,HUR,2025-01-03,2025-01-04,2,Yd,1425.841796875,1349.115234375,1366.161865234375,1389.3880615234375,1361.0546875
M9_YHUR_SHUR,9,HUR,HUR,2025-01-03,2025-01-04,2,TSE,1711.9017333984375,1348.268798828125,1369.340576171875,1338.5521240234375,1347.5869140625
M9_YHUR_SHUR,9,HUR,HUR,2025-01-03,2025-01-04,2,TSEC,62.17831039428711,90.06806182861328,90.15323638916016,88.15092468261719,87.01432037353516
M9_YHUR_SHUR,9,HUR,HUR,2025-01-03,2025-01-05,3,Yd,1260.30712890625,1349.115234375,1345.8262939453125,1351.46875,1372.0130615234375
M9_YHUR_SHUR,9,HUR,HUR,2025-01-03,2025-01-05,3,TSE,1353.2490234375,1348.268798828125,1369.445556640625,1336.5162353515625,1347.634033203125
M9_YHUR_SHUR,9,HUR,HUR,2025-01-03,2025-01-05,3,TSEC,96.84568786621094,90.06806182861328,90.04994201660156,90.15362548828125,86.153564453125
M9_YHUR_SHUR,9,HUR,HUR,2025-01-04,2025-01-04,1,Yd,1425.841796875,1349.2254638671875,1357.9852294921875,1361.2742919921875,1358.52294921875
M9_YHUR_SHUR,9,HUR,HUR,2025-01-04,2025-01-04,1,TSE,1711.9017333984375,1348.0125732421875,1370.189453125,1388.3642578125,1348.8187255859375
M9_YHUR_SHUR,9,HUR,HUR,2025-01-04,2025-01-04,1,TSEC,62.17831039428711,90.07109069824219,89.84803009033203,89.69937896728516,88.42800903320312
M9_YHUR_SHUR,9,HUR,HUR,2025-01-04,2025-01-05,2,Yd,1260.30712890625,1349.2254638671875,1326.2982177734375,1354.209716796875,1368.88525390625
M9_YHUR_SHUR,9,HUR,HUR,2025-01-04,2025-01-05,2,TSE,1353.2490234375,1348.0125732421875,1370.393310546875,1349.09814453125,1348.2349853515625
M9_YHUR_SHUR,9,HUR,HUR,2025-01-04,2025-01-05,2,TSEC,96.84568786621094,90.07109069824219,89.84425354003906,86.67422485351562,87.31997680664062
M9_YHUR_SHUR,9,HUR,HUR,2025-01-04,2025-01-06,3,Yd,1439.447265625,1349.2254638671875,1320.8822021484375,1339.8822021484375,1370.7154541015625
M9_YHUR_SHUR,9,HUR,HUR,2025-01-04,2025-01-06,3,TSE,1575.712158203125,1348.0125732421875,1350.3831787109375,1354.2550048828125,1352.665283203125
M9_YHUR_SHUR,9,HUR,HUR,2025-01-04,2025-01-06,3,TSEC,97.95370483398438,90.07109069824219,89.63786315917969,91.1679916381836,87.29434967041016
M9_YHUR_SHUR,9,HUR,HUR,2025-01-05,2025-01-05,1,Yd,1260.30712890625,1349.3297119140625,1346.7919921875,1363.9857177734375,1355.501220703125
M9_YHUR_SHUR,9,HUR,HUR,2025-01-05,2025-01-05,1,TSE,1353.2490234375,1348.5078125,1351.89306640625,1401.93115234375,1355.196044921875
M9_YHUR_SHUR,9,HUR,HUR,2025-01-05,2025-01-05,1,TSEC,96.84568786621094,90.03314208984375,89.83484649658203,86.14081573486328,88.88323974609375
M9_YHUR_SHUR,9,HUR,HUR,2025-01-05,2025-01-06,2,Yd,1439.447265625,1349.3297119140625,1342.6336669921875,1350.791259765625,1354.8900146484375
M9_YHUR_SHUR,9,HUR,HUR,2025-01-05,2025-01-06,2,TSE,1575.712158203125,1348.5078125,1360.87939453125,1347.238525390625,1362.318359375
M9_YHUR_SHUR,9,HUR,HUR,2025-01-05,2025-01-06,2,TSEC,97.95370483398438,90.03314208984375,89.53016662597656,90.60107421875,88.7262954711914
M9_YHUR_SHUR,9,HUR,HUR,2025-01-05,2025-01-07,3,Yd,1300.0147705078125,1349.3297119140625,1335.1058349609375,1360.47705078125,1347.78564453125
M9_YHUR_SHUR,9,HUR,HUR,2025-01-05,2025-01-07,3,TSE,1374.99755859375,1348.5078125,1345.3526611328125,1358.362548828125,1370.999755859375
M9_YHUR_SHUR,9,HUR,HUR,2025-01-05,2025-01-07,3,TSEC,79.68494415283203,90.03314208984375,89.69134521484375,89.51705932617188,89.31805419921875
M9_YHUR_SHUR,9,HUR,HUR,2025-01-06,2025-01-06,1,Yd,1439.447265625,1349.2088623046875,1339.3612060546875,1394.6693115234375,1352.31201171875
M9_YHUR_SHUR,9,HUR,HUR,2025-01-06,2025-01-06,1,TSE,1575.712158203125,1348.5142822265625,1366.5157470703125,1382.1939697265625,1360.0325927734375
M9_YHUR_SHUR,9,HUR,HUR,2025-01-06,2025-01-06,1,TSEC,97.95370483398438,90.04239654541016,89.42449188232422,89.52368927001953,89.77803039550781
M9_YHUR_SHUR,9,HUR,HUR,2025-01-06,2025-01-07,2,Yd,1300.0147705078125,1349.2088623046875,1336.1873779296875,1372.5257568359375,1347.2474365234375
M9_YHUR_SHUR,9,HUR,HUR,2025-01-06,2025-01-07,2,TSE,1374.99755859375,1348.5142822265625,1303.0166015625,1392.921630859375,1370.008544921875
M9_YHUR_SHUR,9,HUR,HUR,2025-01-06,2025-01-07,2,TSEC,79.68494415283203,90.04239654541016,89.7947998046875,90.04150390625,90.07061004638672
M9_YHUR_SHUR,9,HUR,HUR,2025-01-06,2025-01-08,3,Yd,1454.166748046875,1349.2088623046875,1346.2408447265625,1384.78369140625,1341.8013916015625
M9_YHUR_SHUR,9,HUR,HUR,2025-01-06,2025-01-08,3,TSE,1225.7276611328125,1348.5142822265625,1355.1605224609375,1389.70849609375,1374.88134765625
M9_YHUR_SHUR,9,HUR,HUR,2025-01-06,2025-01-08,3,TSEC,80.72151947021484,90.04239654541016,89.820556640625,89.07503509521484,90.19866943359375
M9_YHUR_SHUR,9,HUR,HUR,2025-01-07,2025-01-07,1,Yd,1300.0147705078125,1349.331298828125,1339.4989013671875,1354.0054931640625,1344.324462890625
M9_YHUR_SHUR,9,HUR,HUR,2025-01-07,2025-01-07,1,TSE,1374.99755859375,1348.822509765625,1341.0067138671875,1321.3582763671875,1362.34423828125
M9_YHUR_SHUR,9,HUR,HUR,2025-01-07,2025-01-07,1,TSEC,79.68494415283203,90.05313110351562,90.04336547851562,87.5601577758789,90.25092315673828
M9_YHUR_SHUR,9,HUR,HUR,2025-01-07,2025-01-08,2,Yd,1454.166748046875,1349.331298828125,1344.892578125,1359.852783203125,1339.5980224609375
M9_YHUR_SHUR,9,HUR,HUR,2025-01-07,2025-01-08,2,TSE,1225.7276611328125,1348.822509765625,1370.4864501953125,1354.7672119140625,1367.1634521484375
M9_YHUR_SHUR,9,HUR,HUR,2025-01-07,2025-01-08,2,TSEC,80.72151947021484,90.05313110351562,89.56517791748047,89.87991333007812,90.1690902709961
M9_YHUR_SHUR,9,HUR,HUR,2025-01-07,2025-01-09,3,Yd,1333.2930908203125,1349.331298828125,1328.195068359375,1348.2288818359375,1339.929443359375
M9_YHUR_SHUR,9,HUR,HUR,2025-01-07,2025-01-09,3,TSE,1474.2200927734375,1348.822509765625,1364.0709228515625,1317.5430908203125,1366.7388916015625
M9_YHUR_SHUR,9,HUR,HUR,2025-01-07,2025-01-09,3,TSEC,81.86779022216797,90.05313110351562,89.98345947265625,88.03559112548828,89.3062744140625
M9_YHUR_SHUR,9,HUR,HUR,2025-01-08,2025-01-08,1,Yd,1454.166748046875,1349.264404296875,1322.704345703125,1346.056396484375,1339.9302978515625
M9_YHUR_SHUR,9,HUR,HUR,2025-01-08,2025-01-08,1,TSE,1225.7276611328125,1348.8580322265625,1373.759521484375,1381.542724609375,1363.562255859375
M9_YHUR_SHUR,9,HUR,HUR,2025-01-08,2025-01-08,1,TSEC,80.72151947021484,90.0390853881836,90.64431762695312,92.88565826416016,90.18811798095703
M9_YHUR_SHUR,9,HUR,HUR,2025-01-08,2025-01-09,2,Yd,1333.2930908203125,1349.264404296875,1307.9736328125,1328.5933837890625,1337.1573486328125
M9_YHUR_SHUR,9,HUR,HUR,2025-01-08,2025-01-09,2,TSE,1474.2200927734375,1348.8580322265625,1358.1396484375,1392.067138671875,1367.307373046875
M9_YHUR_SHUR,9,HUR,HUR,2025-01-08,2025-01-09,2,TSEC,81.86779022216797,90.0390853881836,90.23528289794922,88.38965606689453,89.40567779541016
M9_YHUR_SHUR,9,HUR,HUR,2025-01-08,2025-01-10,3,Yd,1291.126708984375,1349.264404296875,1312.2723388671875,1363.85107421875,1342.570556640625
M9_YHUR_SHUR,9,HUR,HUR,2025-01-08,2025-01-10,3,TSE,1434.0228271484375,1348.8580322265625,1369.6251220703125,1394.254150390625,1366.9300537109375
M9_YHUR_SHUR,9,HUR,HUR,2025-01-08,2025-01-10,3,TSEC,94.8705062866211,90.0390853881836,89.56635284423828,89.2469253540039,88.08724975585938
M9_YHUR_SHUR,9,HUR,HUR,2025-01-09,2025-01-09,1,Yd,1333.2930908203125,1349.4063720703125,1314.8466796875,1358.0494384765625,1339.954833984375
M9_YHUR_SHUR,9,HUR,HUR,2025-01-09,2025-01-09,1,TSE,1474.2200927734375,1348.6912841796875,1354.43798828125,1325.80712890625,1360.599853515625
M9_YHUR_SHUR,9,HUR,HUR,2025-01-09,2025-01-09,1,TSEC,81.86779022216797,90.02647399902344,90.17597198486328,88.14412689208984,89.61305236816406
M9_YHUR_SHUR,9,HUR,HUR,2025-01-09,2025-01-10,2,Yd,1291.126708984375,1349.4063720703125,1308.307861328125,1337.858642578125,1341.357177734375
M9_YHUR_SHUR,9,HUR,HUR,2025-01-09,2025-01-10,2,TSE,1434.0228271484375,1348.6912841796875,1344.957275390625,1368.5203857421875,1363.883544921875
M9_YHUR_SHUR,9,HUR,HUR,2025-01-09,2025-01-10,2,TSEC,94.8705062866211,90.02647399902344,89.45378875732422,89.56803131103516,88.40587615966797
M9_YHUR_SHUR,9,HUR,HUR,2025-01-09,2025-01-11,3,Yd,1161.5994873046875,1349.4063720703125,1361.4219970703125,1347.5572509765625,1348.6075439453125
M9_YHUR_SHUR,9,HUR,HUR,2025-01-09,2025-01-11,3,TSE,1313.0982666015625,1348.6912841796875,1366.034912109375,1367.5771484375,1366.7906494140625
M9_YHUR_SHUR,9,HUR,HUR,2025-01-09,2025-01-11,3,TSEC,94.10467529296875,90.02647399902344,88.61156463623047,91.08598327636719,87.31240844726562
M9_YHUR_SHUR,9,HUR,HUR,2025-01-10,2025-01-10,1,Yd,1291.126708984375,1349.3846435546875,1332.2796630859375,1389.5067138671875,1346.3125
M9_YHUR_SHUR,9,HUR,HUR,2025-01-10,2025-01-10,1,TSE,1434.0228271484375,1348.8609619140625,1385.9566650390625,1353.0228271484375,1357.4375
M9_YHUR_SHUR,9,HUR,HUR,2025-01-10,2025-01-10,1,TSEC,94.8705062866211,90.01544189453125,89.39671325683594,89.0294189453125,88.91004180908203
M9_YHUR_SHUR,9,HUR,HUR,2025-01-10,2025-01-11,2,Yd,1161.5994873046875,1349.3846435546875,1375.0391845703125,1341.9622802734375,1350.1370849609375
M9_YHUR_SHUR,9,HUR,HUR,2025-01-10,2025-01-11,2,TSE,1313.0982666015625,1348.8609619140625,1366.73583984375,1365.204345703125,1361.640380859375
M9_YHUR_SHUR,9,HUR,HUR,2025-01-10,2025-01-11,2,TSEC,94.10467529296875,90.01544189453125,88.50672912597656,87.31990814208984,87.74021911621094
M9_YHUR_SHUR,9,HUR,HUR,2025-01-10,2025-01-12,3,Yd,1149.4705810546875,1349.3846435546875,1348.2183837890625,1362.3995361328125,1355.4012451171875
M9_YHUR_SHUR,9,HUR,HUR,2025-01-10,2025-01-12,3,TSE,1388.392822265625,1348.8609619140625,1361.64111328125,1348.8065185546875,1367.5091552734375
M9_YHUR_SHUR,9,HUR,HUR,2025-01-10,2025-01-12,3,TSEC,88.9464340209961,90.01544189453125,88.16831970214844,89.80048370361328,87.17929077148438
M9_YHUR_SHUR,9,HUR,HUR,2025-01-11,2025-01-11,1,Yd,1161.5994873046875,1349.3060302734375,1355.1336669921875,1340.022705078125,1354.1517333984375
M9_YHUR_SHUR,9,HUR,HUR,2025-01-11,2025-01-11,1,TSE,1313.0982666015625,1348.975830078125,1363.027587890625,1359.36279296875,1355.740966796875
M9_YHUR_SHUR,9,HUR,HUR,2025-01-11,2025-01-11,1,TSEC,94.10467529296875,90.0219955444336,90.47549438476562,89.75337982177734,88.7370834350586
M9_YHUR_SHUR,9,HUR,HUR,2025-01-11,2025-01-12,2,Yd,1149.4705810546875,1349.3060302734375,1325.663818359375,1375.5872802734375,1360.8123779296875
M9_YHUR_SHUR,9,HUR,HUR,2025-01-11,2025-01-12,2,TSE,1388.392822265625,1348.975830078125,1364.2740478515625,1368.2081298828125,1361.359130859375
M9_YHUR_SHUR,9,HUR,HUR,2025-01-11,2025-01-12,2,TSEC,88.9464340209961,90.0219955444336,89.76496887207031,89.18736267089844,87.95236206054688
M9_YHUR_SHUR,9,HUR,HUR,2025-01-11,2025-01-13,3,Yd,1225.4884033203125,1349.3060302734375,1322.97998046875,1361.337646484375,1359.7421875
M9_YHUR_SHUR,9,HUR,HUR,2025-01-11,2025-01-13,3,TSE,1628.3179931640625,1348.975830078125,1343.20361328125,1356.093017578125,1370.2884521484375
M9_YHUR_SHUR,9,HUR,HUR,2025-01-11,2025-01-13,3,TSEC,85.32693481445312,90.0219955444336,89.8625717163086,90.81967163085938,88.2084732055664
M9_YHUR_SHUR,9,HUR,HUR,2025-01-12,2025-01-12,1,Yd,1149.4705810546875,1349.052978515625,1324.928955078125,1372.8486328125,1357.0848388671875
M9_YHUR_SHUR,9,HUR,HUR,2025-01-12,2025-01-12,1,TSE,1388.392822265625,1348.9276123046875,1364.9974365234375,1373.453125,1357.93017578125
M9_YHUR_SHUR,9,HUR,HUR,2025-01-12,2025-01-12,1,TSEC,88.9464340209961,90.02750396728516,89.78231811523438,89.17012023925781,89.30506896972656
M9_YHUR_SHUR,9,HUR,HUR,2025-01-12,2025-01-13,2,Yd,1225.4884033203125,1349.052978515625,1343.2291259765625,1352.4495849609375,1357.7906494140625
M9_YHUR_SHUR,9,HUR,HUR,2025-01-12,2025-01-13,2,TSE,1628.3179931640625,1348.9276123046875,1342.592529296875,1377.299072265625,1367.4140625
M9_YHUR_SHUR,9,HUR,HUR,2025-01-12,2025-01-13,2,TSEC,85.32693481445312,90.02750396728516,89.88722229003906,90.63059997558594,89.4919204711914
M9_YHUR_SHUR,9,HUR,HUR,2025-01-12,2025-01-14,3,Yd,1274.2274169921875,1349.052978515625,1325.75244140625,1350.89599609375,1350.320068359375
M9_YHUR_SHUR,9,HUR,HUR,2025-01-12,2025-01-14,3,TSE,1288.102294921875,1348.9276123046875,1317.678466796875,1356.3826904296875,1377.3785400390625
M9_YHUR_SHUR,9,HUR,HUR,2025-01-12,2025-01-14,3,TSEC,101.72826385498047,90.02750396728516,90.10267639160156,90.57903289794922,90.24331665039062
M9_YHUR_SHUR,9,HUR,HUR,2025-01-13,2025-01-13,1,Yd,1225.4884033203125,1348.784423828125,1326.0360107421875,1376.459716796875,1349.6666259765625
M9_YHUR_SHUR,9,HUR,HUR,2025-01-13,2025-01-13,1,TSE,1628.3179931640625,1348.980712890625,1340.8797607421875,1370.428955078125,1363.2109375
M9_YHUR_SHUR,9,HUR,HUR,2025-01-13,2025-01-13,1,TSEC,85.32693481445312,90.02604675292969,90.6862564086914,88.4596176147461,90.2809066772461
M9_YHUR_SHUR,9,HUR,HUR,2025-01-13,2025-01-14,2,Yd,1274.2274169921875,1348.784423828125,1330.04931640625,1329.7264404296875,1342.931884765625
M9_YHUR_SHUR,9,HUR,HUR,2025-01-13,2025-01-14,2,TSE,1288.102294921875,1348.980712890625,1319.5523681640625,1400.0196533203125,1374.751708984375
M9_YHUR_SHUR,9,HUR,HUR,2025-01-13,2025-01-14,2,TSEC,101.72826385498047,90.02604675292969,90.93657684326172,91.90291595458984,91.01777648925781
M9_YHUR_SHUR,9,HUR,HUR,2025-01-13,2025-01-15,3,Yd,1393.52490234375,1348.784423828125,1340.3494873046875,1355.50634765625,1336.1273193359375
M9_YHUR_SHUR,9,HUR,HUR,2025-01-13,2025-01-15,3,TSE,1437.8592529296875,1348.980712890625,1360.2247314453125,1385.93994140625,1381.0380859375
M9_YHUR_SHUR,9,HUR,HUR,2025-01-13,2025-01-15,3,TSEC,74.70499420166016,90.02604675292969,90.43231964111328,90.00833892822266,91.45686340332031
M9_YHUR_SHUR,9,HUR,HUR,2025-01-14,2025-01-14,1,Yd,1274.2274169921875,1348.61865234375,1325.031982421875,1361.686279296875,1341.337646484375
M9_YHUR_SHUR,9,HUR,HUR,2025-01-14,2025-01-14,1,TSE,1288.102294921875,1349.356201171875,1363.4827880859375,1355.4278564453125,1366.1884765625
M9_YHUR_SHUR,9,HUR,HUR,2025-01-14,2025-01-14,1,TSEC,101.72826385498047,90.01972961425781,90.90526580810547,89.28646850585938,90.83169555664062
M9_YHUR_SHUR,9,HUR,HUR,2025-01-14,2025-01-15,2,Yd,1393.52490234375,1348.61865234375,1345.0587158203125,1334.8070068359375,1334.9957275390625
M9_YHUR_SHUR,9,HUR,HUR,2025-01-14,2025-01-15,2,TSE,1437.8592529296875,1349.356201171875,1364.80322265625,1407.135498046875,1374.74658203125
M9_YHUR_SHUR,9,HUR,HUR,2025-01-14,2025-01-15,2,TSEC,74.70499420166016,90.01972961425781,90.36518096923828,89.79238891601562,91.25314331054688
M9_YHUR_SHUR,9,HUR,HUR,2025-01-14,2025-01-16,3,Yd,1329.802001953125,1348.61865234375,1320.3372802734375,1334.2874755859375,1332.408935546875
M9_YHUR_SHUR,9,HUR,HUR,2025-01-14,2025-01-16,3,TSE,1140.5400390625,1349.356201171875,1356.427734375,1388.52490234375,1377.4476318359375
M9_YHUR_SHUR,9,HUR,HUR,2025-01-14,2025-01-16,3,TSEC,86.29740142822266,90.01972961425781,90.20282745361328,89.21418762207031,90.79069519042969
M9_YHUR_SHUR,9,HUR,HUR,2025-01-15,2025-01-15,1,Yd,1393.52490234375,1348.518798828125,1344.363525390625,1371.42041015625,1342.0169677734375
M9_YHUR_SHUR,9,HUR,HUR,2025-01-15,2025-01-15,1,TSE,1437.8592529296875,1349.27392578125,1377.39501953125,1363.54931640625,1364.4581298828125
M9_YHUR_SHUR,9,HUR,HUR,2025-01-15,2025-01-15,1,TSEC,74.70499420166016,90.03544616699219,90.35514831542969,90.50435638427734,90.68632507324219
M9_YHUR_SHUR,9,HUR,HUR,2025-01-15,2025-01-16,2,Yd,1329.802001953125,1348.518798828125,1320.9989013671875,1389.003173828125,1339.3338623046875
M9_YHUR_SHUR,9,HUR,HUR,2025-01-15,2025-01-16,2,TSE,1140.5400390625,1349.27392578125,1349.5281982421875,1400.616943359375,1369.308837890625
M9_YHUR_SHUR,9,HUR,HUR,2025-01-15,2025-01-16,2,TSEC,86.29740142822266,90.03544616699219,90.23123168945312,87.68472290039062,90.37428283691406
M9_YHUR_SHUR,9,HUR,HUR,2025-01-15,2025-01-17,3,Yd,1337.0867919921875,1348.518798828125,1327.035400390625,1397.10986328125,1339.5892333984375
M9_YHUR_SHUR,9,HUR,HUR,2025-01-15,2025-01-17,3,TSE,1201.369384765625,1349.27392578125,1363.0726318359375,1400.4078369140625,1369.90673828125
M9_YHUR_SHUR,9,HUR,HUR,2025-01-15,2025-01-17,3,TSEC,95.24241638183594,90.03544616699219,89.99720764160156,88.23622131347656,89.57206726074219
M9_YHUR_SHUR,9,HUR,HUR,2025-01-16,2025-01-16,1,Yd,1329.802001953125,1348.5791015625,1321.7669677734375,1383.2764892578125,1339.5880126953125
M9_YHUR_SHUR,9,HUR,HUR,2025-01-16,2025-01-16,1,TSE,1140.5400390625,1349.3927001953125,1351.7789306640625,1376.3939208984375,1361.8843994140625
M9_YHUR_SHUR,9,HUR,HUR,2025-01-16,2025-01-16,1,TSEC,86.29740142822266,90.014892578125,90.05402374267578,87.68317413330078,90.00877380371094
M9_YHUR_SHUR,9,HUR,HUR,2025-01-16,2025-01-17,2,Yd,1337.0867919921875,1348.5791015625,1324.8966064453125,1348.900146484375,1336.9439697265625
M9_YHUR_SHUR,9,HUR,HUR,2025-01-16,2025-01-17,2,TSE,1201.369384765625,1349.3927001953125,1351.9920654296875,1380.15966796875,1365.2581787109375
M9_YHUR_SHUR,9,HUR,HUR,2025-01-16,2025-01-17,2,TSEC,95.24241638183594,90.014892578125,89.86489868164062,89.67076110839844,89.1991195678711
M9_YHUR_SHUR,9,HUR,HUR,2025-01-16,2025-01-18,3,Yd,1238.439453125,1348.5791015625,1369.0286865234375,1364.4122314453125,1342.875244140625
M9_YHUR_SHUR,9,HUR,HUR,2025-01-16,2025-01-18,3,TSE,1227.271484375,1349.3927001953125,1364.5369873046875,1375.3033447265625,1368.2071533203125
M9_YHUR_SHUR,9,HUR,HUR,2025-01-16,2025-01-18,3,TSEC,93.24005126953125,90.014892578125,89.56851196289062,90.47805786132812,88.33712005615234
M9_YHUR_SHUR,9,HUR,HUR,2025-01-17,2025-01-17,1,Yd,1337.0867919921875,1348.553955078125,1324.94921875,1358.148193359375,1343.26416015625
M9_YHUR_SHUR,9,HUR,HUR,2025-01-17,2025-01-17,1,TSE,1201.369384765625,1349.1131591796875,1359.4029541015625,1380.367431640625,1359.0567626953125
M9_YHUR_SHUR,9,HUR,HUR,2025-01-17,2025-01-17,1,TSEC,95.24241638183594,90.00991821289062,89.37169647216797,90.4342041015625,89.53732299804688
M9_YHUR_SHUR,9,HUR,HUR,2025-01-17,2025-01-18,2,Yd,1238.439453125,1348.553955078125,1366.3978271484375,1407.6099853515625,1345.67041015625
M9_YHUR_SHUR,9,HUR,HUR,2025-01-17,2025-01-18,2,TSE,1227.271484375,1349.1131591796875,1357.9361572265625,1367.787353515625,1363.9945068359375
M9_YHUR_SHUR,9,HUR,HUR,2025-01-17,2025-01-18,2,TSEC,93.24005126953125,90.00991821289062,89.10164642333984,88.62911987304688,88.74689483642578
M9_YHUR_SHUR,9,HUR,HUR,2025-01-17,2025-01-19,3,Yd,1091.637451171875,1348.553955078125,1338.3372802734375,1384.531005859375,1347.997802734375
M9_YHUR_SHUR,9,HUR,HUR,2025-01-17,2025-01-19,3,TSE,1231.89501953125,1349.1131591796875,1365.3719482421875,1355.6358642578125,1370.4300537109375
M9_YHUR_SHUR,9,HUR,HUR,2025-01-17,2025-01-19,3,TSEC,93.61278533935547,90.00991821289062,88.15608978271484,90.05541229248047,88.51624298095703
M9_YHUR_SHUR,9,HUR,HUR,2025-01-18,2025-01-18,1,Yd,1238.439453125,1348.5386962890625,1343.3099365234375,1329.619140625,1350.500244140625
M9_YHUR_SHUR,9,HUR,HUR,2025-01-18,2025-01-18,1,TSE,1227.271484375,1348.9156494140625,1351.58251953125,1378.2943115234375,1357.958984375
M9_YHUR_SHUR,9,HUR,HUR,2025-01-18,2025-01-18,1,TSEC,93.24005126953125,90.01692199707031,88.86133575439453,89.68035888671875,89.40426635742188
M9_YHUR_SHUR,9,HUR,HUR,2025-01-18,2025-01-19,2,Yd,1091.637451171875,1348.5386962890625,1343.2430419921875,1355.8480224609375,1352.7890625
M9_YHUR_SHUR,9,HUR,HUR,2025-01-18,2025-01-19,2,TSE,1231.89501953125,1348.9156494140625,1360.051025390625,1348.6781005859375,1364.9127197265625
M9_YHUR_SHUR,9,HUR,HUR,2025-01-18,2025-01-19,2,TSEC,93.61278533935547,90.01692199707031,88.38044738769531,89.717529296875,89.14366149902344
M9_YHUR_SHUR,9,HUR,HUR,2025-01-18,2025-01-20,3,Yd,1059.00390625,1348.5386962890625,1343.623046875,1339.16162109375,1348.1568603515625
M9_YHUR_SHUR,9,HUR,HUR,2025-01-18,2025-01-20,3,TSE,1230.796875,1348.9156494140625,1334.4495849609375,1336.239990234375,1374.5140380859375
M9_YHUR_SHUR,9,HUR,HUR,2025-01-18,2025-01-20,3,TSEC,85.74939727783203,90.01692199707031,91.04155731201172,90.7979965209961,89.85628509521484
M9_YHUR_SHUR,9,HUR,HUR,2025-01-19,2025-01-19,1,Yd,1091.637451171875,1348.3917236328125,1341.3751220703125,1378.28955078125,1352.5015869140625
M9_YHUR_SHUR,9,HUR,HUR,2025-01-19,2025-01-19,1,TSE,1231.89501953125,1348.753173828125,1365.0703125,1391.4600830078125,1359.40966796875
M9_YHUR_SHUR,9,HUR,HUR,2025-01-19,2025-01-19,1,TSEC,93.61278533935547,90.0212173461914,89.32239532470703,92.22235870361328,89.86233520507812
M9_YHUR_SHUR,9,HUR,HUR,2025-01-19,2025-01-20,2,Yd,1059.00390625,1348.3917236328125,1341.3326416015625,1359.5135498046875,1348.78076171875
M9_YHUR_SHUR,9,HUR,HUR,2025-01-19,2025-01-20,2,TSE,1230.796875,1348.753173828125,1350.347900390625,1375.5,1369.86865234375
M9_YHUR_SHUR,9,HUR,HUR,2025-01-19,2025-01-20,2,TSEC,85.74939727783203,90.0212173461914,89.75779724121094,91.46797943115234,90.49311065673828
M9_YHUR_SHUR,9,HUR,HUR,2025-01-19,2025-01-21,3,Yd,1190.9931640625,1348.3917236328125,1342.54443359375,1338.92333984375,1338.95556640625
M9_YHUR_SHUR,9,HUR,HUR,2025-01-19,2025-01-21,3,TSE,1448.5897216796875,1348.753173828125,1372.6475830078125,1369.6988525390625,1380.856689453125
M9_YHUR_SHUR,9,HUR,HUR,2025-01-19,2025-01-21,3,TSEC,88.92951965332031,90.0212173461914,89.35363006591797,92.10964965820312,91.68490600585938
M9_YHUR_SHUR,9,HUR,HUR,2025-01-20,2025-01-20,1,Yd,1059.00390625,1348.04931640625,1342.8284912109375,1354.3809814453125,1346.18115234375
M9_YHUR_SHUR,9,HUR,HUR,2025-01-20,2025-01-20,1,TSE,1230.796875,1348.5972900390625,1327.4796142578125,1384.3077392578125,1364.1558837890625
M9_YHUR_SHUR,9,HUR,HUR,2025-01-20,2025-01-20,1,TSEC,85.74939727783203,90.02600860595703,89.9847412109375,92.2978744506836,90.7652816772461
M9_YHUR_SHUR,9,HUR,HUR,2025-01-20,2025-01-21,2,Yd,1190.9931640625,1348.04931640625,1347.5413818359375,1333.217041015625,1337.7255859375
M9_YHUR_SHUR,9,HUR,HUR,2025-01-20,2025-01-21,2,TSE,1448.5897216796875,1348.5972900390625,1319.98193359375,1378.375244140625,1376.2342529296875
M9_YHUR_SHUR,9,HUR,HUR,2025-01-20,2025-01-21,2,TSEC,88.92951965332031,90.02600860595703,89.78522491455078,92.48971557617188,91.93865966796875
M9_YHUR_SHUR,9,HUR,HUR,2025-01-20,2025-01-22,3,Yd,1183.2635498046875,1348.04931640625,1321.20751953125,1347.438232421875,1330.6654052734375
M9_YHUR_SHUR,9,HUR,HUR,2025-01-20,2025-01-22,3,TSE,1292.7650146484375,1348.5972900390625,1352.176025390625,1361.077392578125,1382.8507080078125
M9_YHUR_SHUR,9,HUR,HUR,2025-01-20,2025-01-22,3,TSEC,92.07305908203125,90.02600860595703,90.11531829833984,90.93262481689453,92.58157348632812
M9_YHUR_SHUR,9,HUR,HUR,2025-01-21,2025-01-21,1,Yd,1190.9931640625,1347.6644287109375,1333.417724609375,1376.960205078125,1340.19140625
M9_YHUR_SHUR,9,HUR,HUR,2025-01-21,2025-01-21,1,TSE,1448.5897216796875,1348.4405517578125,1371.566162109375,1370.00244140625,1366.9078369140625
M9_YHUR_SHUR,9,HUR,HUR,2025-01-21,2025-01-21,1,TSEC,88.92951965332031,90.02030944824219,90.74641418457031,92.62007904052734,91.33357238769531
M9_YHUR_SHUR,9,HUR,HUR,2025-01-21,2025-01-22,2,Yd,1183.2635498046875,1347.6644287109375,1343.260986328125,1321.4559326171875,1334.0777587890625
M9_YHUR_SHUR,9,HUR,HUR,2025-01-21,2025-01-22,2,TSE,1292.7650146484375,1348.4405517578125,1353.4439697265625,1397.163330078125,1375.298828125
M9_YHUR_SHUR,9,HUR,HUR,2025-01-21,2025-01-22,2,TSEC,92.07305908203125,90.02030944824219,90.84235382080078,94.87364196777344,92.08226013183594
M9_YHUR_SHUR,9,HUR,HUR,2025-01-21,2025-01-23,3,Yd,1360.60302734375,1347.6644287109375,1338.71435546875,1336.1318359375,1331.0869140625
M9_YHUR_SHUR,9,HUR,HUR,2025-01-21,2025-01-23,3,TSE,1329.393798828125,1348.4405517578125,1357.4271240234375,1386.1435546875,1379.0948486328125
M9_YHUR_SHUR,9,HUR,HUR,2025-01-21,2025-01-23,3,TSEC,102.09527587890625,90.02030944824219,89.97875213623047,95.8048324584961,92.14997100830078
M9_YHUR_SHUR,9,HUR,HUR,2025-01-22,2025-01-22,1,Yd,1183.2635498046875,1347.4561767578125,1328.8184814453125,1370.2562255859375,1340.7825927734375
M9_YHUR_SHUR,9,HUR,HUR,2025-01-22,2025-01-22,1,TSE,1292.7650146484375,1348.5736083984375,1348.145263671875,1375.1048583984375,1364.9759521484375
M9_YHUR_SHUR,9,HUR,HUR,2025-01-22,2025-01-22,1,TSEC,92.07305908203125,90.01886749267578,90.08972930908203,88.85930633544922,91.07926940917969
M9_YHUR_SHUR,9,HUR,HUR,2025-01-22,2025-01-23,2,Yd,1360.60302734375,1347.4561767578125,1343.8643798828125,1335.4080810546875,1335.6680908203125
M9_YHUR_SHUR,9,HUR,HUR,2025-01-22,2025-01-23,2,TSE,1329.393798828125,1348.5736083984375,1371.5057373046875,1412.401123046875,1371.563720703125
M9_YHUR_SHUR,9,HUR,HUR,2025-01-22,2025-01-23,2,TSEC,102.09527587890625,90.01886749267578,89.93946075439453,91.31813049316406,91.19994354248047
M9_YHUR_SHUR,9,HUR,HUR,2025-01-22,2025-01-24,3,Yd,1208.00732421875,1347.4561767578125,1340.72900390625,1339.7431640625,1331.248291015625
M9_YHUR_SHUR,9,HUR,HUR,2025-01-22,2025-01-24,3,TSE,1142.9951171875,1348.5736083984375,1359.54296875,1396.53369140625,1374.86181640625
M9_YHUR_SHUR,9,HUR,HUR,2025-01-22,2025-01-24,3,TSEC,94.3718032836914,90.01886749267578,89.78667449951172,92.39234924316406,90.89447021484375
M9_YHUR_SHUR,9,HUR,HUR,2025-01-23,2025-01-23,1,Yd,1360.60302734375,1347.238037109375,1322.875732421875,1377.0289306640625,1341.146728515625
M9_YHUR_SHUR,9,HUR,HUR,2025-01-23,2025-01-23,1,TSE,1329.393798828125,1348.49951171875,1381.9376220703125,1381.678466796875,1362.103271484375
M9_YHUR_SHUR,9,HUR,HUR,2025-01-23,2025-01-23,1,TSEC,102.09527587890625,90.02159118652344,90.11042022705078,90.96149444580078,90.4859848022461
M9_YHUR_SHUR,9,HUR,HUR,2025-01-23,2025-01-24,2,Yd,1208.00732421875,1347.238037109375,1337.461669921875,1387.591552734375,1336.6171875
M9_YHUR_SHUR,9,HUR,HUR,2025-01-23,2025-01-24,2,TSE,1142.9951171875,1348.49951171875,1379.184326171875,1400.4091796875,1367.224853515625
M9_YHUR_SHUR,9,HUR,HUR,2025-01-23,2025-01-24,2,TSEC,94.3718032836914,90.02159118652344,90.21054077148438,89.1433334350586,90.2763442993164
M9_YHUR_SHUR,9,HUR,HUR,2025-01-23,2025-01-25,3,Yd,1432.583251953125,1347.238037109375,1368.884765625,1398.8978271484375,1340.443115234375
M9_YHUR_SHUR,9,HUR,HUR,2025-01-23,2025-01-25,3,TSE,1331.720947265625,1348.49951171875,1371.689453125,1400.767333984375,1370.681396484375
M9_YHUR_SHUR,9,HUR,HUR,2025-01-23,2025-01-25,3,TSEC,86.6541519165039,90.02159118652344,88.46896362304688,90.8138656616211,89.82470703125
M9_YHUR_SHUR,9,HUR,HUR,2025-01-24,2025-01-24,1,Yd,1208.00732421875,1347.255859375,1350.5718994140625,1378.5499267578125,1345.779296875
M9_YHUR_SHUR,9,HUR,HUR,2025-01-24,2025-01-24,1,TSE,1142.9951171875,1348.47412109375,1363.8529052734375,1334.569580078125,1357.7996826171875
M9_YHUR_SHUR,9,HUR,HUR,2025-01-24,2025-01-24,1,TSEC,94.3718032836914,90.03760528564453,89.71015930175781,90.11470794677734,89.90460968017578
M9_YHUR_SHUR,9,HUR,HUR,2025-01-24,2025-01-25,2,Yd,1432.583251953125,1347.255859375,1307.777587890625,1401.7857666015625,1350.265380859375
M9_YHUR_SHUR,9,HUR,HUR,2025-01-24,2025-01-25,2,TSE,1331.720947265625,1348.47412109375,1362.3255615234375,1355.7691650390625,1361.39306640625
M9_YHUR_SHUR,9,HUR,HUR,2025-01-24,2025-01-25,2,TSEC,86.6541519165039,90.03760528564453,88.87934875488281,88.01771545410156,89.38095092773438
M9_YHUR_SHUR,9,HUR,HUR,2025-01-24,2025-01-26,3,Yd,1308.8031005859375,1347.255859375,1347.05126953125,1379.0645751953125,1354.3984375
M9_YHUR_SHUR,9,HUR,HUR,2025-01-24,2025-01-26,3,TSE,1643.392822265625,1348.47412109375,1363.7388916015625,1357.1060791015625,1366.5028076171875
M9_YHUR_SHUR,9,HUR,HUR,2025-01-24,2025-01-26,3,TSEC,76.86051940917969,90.03760528564453,88.41046142578125,89.83407592773438,89.27754211425781
M9_YHUR_SHUR,9,HUR,HUR,2025-01-25,2025-01-25,1,Yd,1432.583251953125,1347.0714111328125,1321.498046875,1393.9957275390625,1352.091064453125
M9_YHUR_SHUR,9,HUR,HUR,2025-01-25,2025-01-25,1,TSE,1331.720947265625,1348.2020263671875,1376.839599609375,1383.6011962890625,1356.646484375
M9_YHUR_SHUR,9,HUR,HUR,2025-01-25,2025-01-25,1,TSEC,86.6541519165039,90.0433349609375,90.15018463134766,91.79908752441406,89.65628814697266
M9_YHUR_SHUR,9,HUR,HUR,2025-01-25,2025-01-26,2,Yd,1308.8031005859375,1347.0714111328125,1347.9605712890625,1427.1375732421875,1355.626708984375
M9_YHUR_SHUR,9,HUR,HUR,2025-01-25,2025-01-26,2,TSE,1643.392822265625,1348.2020263671875,1348.4986572265625,1355.184326171875,1362.760009765625
M9_YHUR_SHUR,9,HUR,HUR,2025-01-25,2025-01-26,2,TSEC,76.86051940917969,90.0433349609375,89.89915466308594,88.96144104003906,89.57379150390625
M9_YHUR_SHUR,9,HUR,HUR,2025-01-25,2025-01-27,3,Yd,1364.3634033203125,1347.0714111328125,1345.5029296875,1389.8583984375,1352.299072265625
M9_YHUR_SHUR,9,HUR,HUR,2025-01-25,2025-01-27,3,TSE,1452.87548828125,1348.2020263671875,1334.890380859375,1353.93701171875,1371.7108154296875
M9_YHUR_SHUR,9,HUR,HUR,2025-01-25,2025-01-27,3,TSEC,94.8848648071289,90.0433349609375,90.11758422851562,90.59449005126953,90.29373931884766
M9_YHUR_SHUR,9,HUR,HUR,2025-01-26,2025-01-26,1,Yd,1308.8031005859375,1347.1845703125,1354.460693359375,1365.3585205078125,1352.056396484375
M9_YHUR_SHUR,9,HUR,HUR,2025-01-26,2025-01-26,1,TSE,1643.392822265625,1348.18017578125,1356.646240234375,1384.5184326171875,1358.6927490234375
M9_YHUR_SHUR,9,HUR,HUR,2025-01-26,2025-01-26,1,TSEC,76.86051940917969,90.03885650634766,89.86566162109375,89.42652130126953,89.95282745361328
M9_YHUR_SHUR,9,HUR,HUR,2025-01-26,2025-01-27,2,Yd,1364.3634033203125,1347.1845703125,1344.1292724609375,1330.2855224609375,1348.14794921875
M9_YHUR_SHUR,9,HUR,HUR,2025-01-26,2025-01-27,2,TSE,1452.87548828125,1348.18017578125,1356.085205078125,1345.8941650390625,1368.0528564453125
M9_YHUR_SHUR,9,HUR,HUR,2025-01-26,2025-01-27,2,TSEC,94.8848648071289,90.03885650634766,90.07685089111328,91.41980743408203,90.6556625366211
M9_YHUR_SHUR,9,HUR,HUR,2025-01-26,2025-01-28,3,Yd,1437.0823974609375,1347.1845703125,1339.837890625,1339.3558349609375,1337.5894775390625
M9_YHUR_SHUR,9,HUR,HUR,2025-01-26,2025-01-28,3,TSE,1240.60791015625,1348.18017578125,1347.4720458984375,1347.3739013671875,1378.72900390625
M9_YHUR_SHUR,9,HUR,HUR,2025-01-26,2025-01-28,3,TSEC,105.95185852050781,90.03885650634766,90.05744934082031,91.58280944824219,91.90826416015625
M9_YHUR_SHUR,9,HUR,HUR,2025-01-27,2025-01-27,1,Yd,1364.3634033203125,1347.1337890625,1337.1468505859375,1406.138916015625,1343.580810546875
M9_YHUR_SHUR,9,HUR,HUR,2025-01-27,2025-01-27,1,TSE,1452.87548828125,1348.5701904296875,1350.8553466796875,1380.007080078125,1363.3773193359375
M9_YHUR_SHUR,9,HUR,HUR,2025-01-27,2025-01-27,1,TSEC,94.8848648071289,90.02144622802734,90.64813995361328,89.17606353759766,90.68498992919922
M9_YHUR_SHUR,9,HUR,HUR,2025-01-27,2025-01-28,2,Yd,1437.0823974609375,1347.1337890625,1334.83984375,1348.3614501953125,1332.030517578125
M9_YHUR_SHUR,9,HUR,HUR,2025-01-27,2025-01-28,2,TSE,1240.60791015625,1348.5701904296875,1352.3182373046875,1356.591552734375,1375.0556640625
M9_YHUR_SHUR,9,HUR,HUR,2025-01-27,2025-01-28,2,TSEC,105.95185852050781,90.02144622802734,90.98233795166016,89.73860168457031,91.71566772460938
M9_YHUR_SHUR,9,HUR,HUR,2025-01-27,2025-01-29,3,Yd,1157.6810302734375,1347.1337890625,1345.4034423828125,1351.1007080078125,1323.603515625
M9_YHUR_SHUR,9,HUR,HUR,2025-01-27,2025-01-29,3,TSE,1462.856201171875,1348.5701904296875,1360.9130859375,1348.0181884765625,1381.687744140625
M9_YHUR_SHUR,9,HUR,HUR,2025-01-27,2025-01-29,3,TSEC,98.08259582519531,90.02144622802734,90.34969329833984,90.63488006591797,92.29237365722656
M9_YHUR_SHUR,9,HUR,HUR,2025-01-28,2025-01-28,1,Yd,1437.0823974609375,1347.156494140625,1343.621826171875,1378.9334716796875,1337.46875
M9_YHUR_SHUR,9,HUR,HUR,2025-01-28,2025-01-28,1,TSE,1240.60791015625,1348.707763671875,1351.2403564453125,1350.4698486328125,1366.396484375
M9_YHUR_SHUR,9,HUR,HUR,2025-01-28,2025-01-28,1,TSEC,105.95185852050781,90.02787017822266,90.9971694946289,90.59690856933594,91.136962890625
M9_YHUR_SHUR,9,HUR,HUR,2025-01-28,2025-01-29,2,Yd,1157.6810302734375,1347.156494140625,1334.626708984375,1342.3115234375,1330.423583984375
M9_YHUR_SHUR,9,HUR,HUR,2025-01-28,2025-01-29,2,TSE,1462.856201171875,1348.707763671875,1360.162353515625,1374.1314697265625,1375.5382080078125
M9_YHUR_SHUR,9,HUR,HUR,2025-01-28,2025-01-29,2,TSEC,98.08259582519531,90.02787017822266,90.41311645507812,92.11381530761719,91.6884994506836
M9_YHUR_SHUR,9,HUR,HUR,2025-01-28,2025-01-30,3,Yd,1549.6356201171875,1347.156494140625,1339.5164794921875,1337.940185546875,1327.453369140625
M9_YHUR_SHUR,9,HUR,HUR,2025-01-28,2025-01-30,3,TSE,1394.6456298828125,1348.707763671875,1363.6461181640625,1355.8834228515625,1378.83251953125
M9_YHUR_SHUR,9,HUR,HUR,2025-01-28,2025-01-30,3,TSEC,88.67666625976562,90.02787017822266,90.28404235839844,91.8424301147461,91.56855010986328
M9_YHUR_SHUR,9,HUR,HUR,2025-01-29,2025-01-29,1,Yd,1157.6810302734375,1347.27490234375,1339.3800048828125,1375.0595703125,1339.6810302734375
M9_YHUR_SHUR,9,HUR,HUR,2025-01-29,2025-01-29,1,TSE,1462.856201171875,1348.5654296875,1359.499267578125,1354.5242919921875,1365.14990234375
M9_YHUR_SHUR,9,HUR,HUR,2025-01-29,2025-01-29,1,TSEC,98.08259582519531,90.0488510131836,90.73033905029297,90.7384262084961,90.87352752685547
M9_YHUR_SHUR,9,HUR,HUR,2025-01-29,2025-01-30,2,Yd,1549.6356201171875,1347.27490234375,1339.6885986328125,1378.0389404296875,1335.9822998046875
M9_YHUR_SHUR,9,HUR,HUR,2025-01-29,2025-01-30,2,TSE,1394.6456298828125,1348.5654296875,1369.498046875,1357.23046875,1370.5390625
M9_YHUR_SHUR,9,HUR,HUR,2025-01-29,2025-01-30,2,TSEC,88.67666625976562,90.0488510131836,90.41094207763672,88.36937713623047,90.79938507080078
M9_YHUR_SHUR,9,HUR,HUR,2025-01-29,2025-01-31,3,Yd,1271.1068115234375,1347.27490234375,1333.7860107421875,1368.86181640625,1336.8203125
M9_YHUR_SHUR,9,HUR,HUR,2025-01-29,2025-01-31,3,TSE,1263.70947265625,1348.5654296875,1400.6202392578125,1351.820068359375,1370.9774169921875
M9_YHUR_SHUR,9,HUR,HUR,2025-01-29,2025-01-31,3,TSEC,85.68673706054688,90.0488510131836,90.03861236572266,87.64983367919922,90.209716796875
M9_YHUR_SHUR,9,HUR,HUR,2025-01-30,2025-01-30,1,Yd,1549.6356201171875,1347.0255126953125,1328.7646484375,1378.5980224609375,1343.1519775390625
M9_YHUR_SHUR,9,HUR,HUR,2025-01-30,2025-01-30,1,TSE,1394.6456298828125,1348.7158203125,1366.57177734375,1337.7388916015625,1360.7598876953125
M9_YHUR_SHUR,9,HUR,HUR,2025-01-30,2025-01-30,1,TSEC,88.67666625976562,90.05941772460938,89.8352279663086,89.22740173339844,90.08243560791016
M9_YHUR_SHUR,9,HUR,HUR,2025-01-30,2025-01-31,2,Yd,1271.1068115234375,1347.0255126953125,1340.337158203125,1378.6845703125,1343.8515625
M9_YHUR_SHUR,9,HUR,HUR,2025-01-30,2025-01-31,2,TSE,1263.70947265625,1348.7158203125,1403.2423095703125,1379.5814208984375,1362.7449951171875
M9_YHUR_SHUR,9,HUR,HUR,2025-01-30,2025-01-31,2,TSEC,85.68673706054688,90.05941772460938,89.99677276611328,87.5399169921875,89.42113494873047
M9_YHUR_SHUR,9,HUR,HUR,2025-01-30,2025-02-01,3,Yd,1381.653076171875,1347.0255126953125,1337.050537109375,1365.7454833984375,1351.5322265625
M9_YHUR_SHUR,9,HUR,HUR,2025-01-30,2025-02-01,3,TSE,1356.384521484375,1348.7158203125,1362.3245849609375,1361.0892333984375,1363.6051025390625
M9_YHUR_SHUR,9,HUR,HUR,2025-01-30,2025-02-01,3,TSEC,86.94994354248047,90.05941772460938,90.1150894165039,88.77601623535156,88.68644714355469
M9_YHUR_SHUR,9,HUR,HUR,2025-01-31,2025-01-31,1,Yd,1271.1068115234375,1347.291748046875,1362.1201171875,1358.542724609375,1346.9508056640625
M9_YHUR_SHUR,9,HUR,HUR,2025-01-31,2025-01-31,1,TSE,1263.70947265625,1348.776123046875,1375.974609375,1336.6744384765625,1356.1512451171875
M9_YHUR_SHUR,9,HUR,HUR,2025-01-31,2025-01-31,1,TSEC,85.68673706054688,90.0575942993164,89.98396301269531,91.47871398925781,89.42337036132812
M9_YHUR_SHUR,9,HUR,HUR,2025-01-31,2025-02-01,2,Yd,1381.653076171875,1347.291748046875,1311.144775390625,1318.939453125,1352.462158203125
M9_YHUR_SHUR,9,HUR,HUR,2025-01-31,2025-02-01,2,TSE,1356.384521484375,1348.776123046875,1360.3426513671875,1353.5887451171875,1358.70751953125
M9_YHUR_SHUR,9,HUR,HUR,2025-01-31,2025-02-01,2,TSEC,86.94994354248047,90.0575942993164,90.13836669921875,88.4364013671875,88.55673217773438
M9_YHUR_SHUR,9,HUR,HUR,2025-01-31,2025-02-02,3,Yd,1421.0423583984375,1347.291748046875,1348.9481201171875,1338.0953369140625,1357.5853271484375
M9_YHUR_SHUR,9,HUR,HUR,2025-01-31,2025-02-02,3,TSE,1047.495849609375,1348.776123046875,1342.2657470703125,1347.461181640625,1363.532958984375
M9_YHUR_SHUR,9,HUR,HUR,2025-01-31,2025-02-02,3,TSEC,103.85364532470703,90.0575942993164,90.32745361328125,90.49957275390625,88.23799133300781
M9_YHUR_SHUR,9,HUR,HUR,2025-02-01,2025-02-01,1,Yd,1381.653076171875,1347.1917724609375,1343.554931640625,1398.9068603515625,1353.0894775390625
M9_YHUR_SHUR,9,HUR,HUR,2025-02-01,2025-02-01,1,TSE,1356.384521484375,1348.66455078125,1361.9810791015625,1367.6259765625,1356.43212890625
M9_YHUR_SHUR,9,HUR,HUR,2025-02-01,2025-02-01,1,TSEC,86.94994354248047,90.0518569946289,90.19760131835938,88.78911590576172,89.30318450927734
M9_YHUR_SHUR,9,HUR,HUR,2025-02-01,2025-02-02,2,Yd,1421.0423583984375,1347.1917724609375,1336.530517578125,1385.7392578125,1356.468994140625
M9_YHUR_SHUR,9,HUR,HUR,2025-02-01,2025-02-02,2,TSE,1047.495849609375,1348.66455078125,1342.8404541015625,1353.667236328125,1362.3487548828125
M9_YHUR_SHUR,9,HUR,HUR,2025-02-01,2025-02-02,2,TSEC,103.85364532470703,90.0518569946289,90.8404541015625,89.0809326171875,88.9354476928711
M9_YHUR_SHUR,9,HUR,HUR,2025-02-01,2025-02-03,3,Yd,1301.885498046875,1347.1917724609375,1339.9573974609375,1370.839599609375,1351.12158203125
M9_YHUR_SHUR,9,HUR,HUR,2025-02-01,2025-02-03,3,TSE,1373.9031982421875,1348.66455078125,1344.8714599609375,1349.88671875,1372.2913818359375
M9_YHUR_SHUR,9,HUR,HUR,2025-02-01,2025-02-03,3,TSEC,82.387939453125,90.0518569946289,89.78606414794922,90.38665008544922,89.49273681640625
M9_YHUR_SHUR,9,HUR,HUR,2025-02-02,2025-02-02,1,Yd,1421.0423583984375,1347.2369384765625,1345.467041015625,1373.4320068359375,1353.1844482421875
M9_YHUR_SHUR,9,HUR,HUR,2025-02-02,2025-02-02,1,TSE,1047.495849609375,1348.6746826171875,1357.9300537109375,1389.2371826171875,1358.402099609375
M9_YHUR_SHUR,9,HUR,HUR,2025-02-02,2025-02-02,1,TSEC,103.85364532470703,90.04779815673828,90.20555114746094,89.1434097290039,89.6943588256836
M9_YHUR_SHUR,9,HUR,HUR,2025-02-02,2025-02-03,2,Yd,1301.885498046875,1347.2369384765625,1338.81689453125,1361.671630859375,1347.5599365234375
M9_YHUR_SHUR,9,HUR,HUR,2025-02-02,2025-02-03,2,TSE,1373.9031982421875,1348.6746826171875,1355.2216796875,1368.06005859375,1368.9505615234375
M9_YHUR_SHUR,9,HUR,HUR,2025-02-02,2025-02-03,2,TSEC,82.387939453125,90.04779815673828,89.96918487548828,91.53582000732422,90.144775390625
M9_YHUR_SHUR,9,HUR,HUR,2025-02-02,2025-02-04,3,Yd,1502.9539794921875,1347.2369384765625,1333.8978271484375,1346.0968017578125,1335.3232421875
M9_YHUR_SHUR,9,HUR,HUR,2025-02-02,2025-02-04,3,TSE,1336.370849609375,1348.6746826171875,1367.4244384765625,1356.8988037109375,1379.884521484375
M9_YHUR_SHUR,9,HUR,HUR,2025-02-02,2025-02-04,3,TSEC,73.21772766113281,90.04779815673828,89.83025360107422,91.42864227294922,91.15178680419922
M9_YHUR_SHUR,9,HUR,HUR,2025-02-03,2025-02-03,1,Yd,1301.885498046875,1347.3336181640625,1336.0172119140625,1361.4921875,1347.4605712890625
M9_YHUR_SHUR,9,HUR,HUR,2025-02-03,2025-02-03,1,TSE,1373.9031982421875,1348.2803955078125,1342.165771484375,1375.5675048828125,1363.31494140625
M9_YHUR_SHUR,9,HUR,HUR,2025-02-03,2025-02-03,1,TSEC,82.387939453125,90.06587219238281,89.70825958251953,94.11504364013672,90.52458190917969
M9_YHUR_SHUR,9,HUR,HUR,2025-02-03,2025-02-04,2,Yd,1502.9539794921875,1347.3336181640625,1330.5865478515625,1373.5628662109375,1338.2913818359375
M9_YHUR_SHUR,9,HUR,HUR,2025-02-03,2025-02-04,2,TSE,1336.370849609375,1348.2803955078125,1313.05712890625,1338.65380859375,1375.2935791015625
M9_YHUR_SHUR,9,HUR,HUR,2025-02-03,2025-02-04,2,TSEC,73.21772766113281,90.06587219238281,89.9483642578125,90.62528228759766,91.47249603271484
M9_YHUR_SHUR,9,HUR,HUR,2025-02-03,2025-02-05,3,Yd,1460.6787109375,1347.3336181640625,1353.2061767578125,1349.81689453125,1329.6318359375
M9_YHUR_SHUR,9,HUR,HUR,2025-02-03,2025-02-05,3,TSE,1389.8333740234375,1348.2803955078125,1353.6456298828125,1340.9512939453125,1382.5321044921875
M9_YHUR_SHUR,9,HUR,HUR,2025-02-03,2025-02-05,3,TSEC,86.92125701904297,90.06587219238281,89.64993286132812,90.67446899414062,92.1383056640625
M9_YHUR_SHUR,9,HUR,HUR,2025-02-04,2025-02-04,1,Yd,1502.9539794921875,1347.274169921875,1335.4853515625,1394.4776611328125,1337.3795166015625
M9_YHUR_SHUR,9,HUR,HUR,2025-02-04,2025-02-04,1,TSE,1336.370849609375,1348.3138427734375,1311.3260498046875,1394.1181640625,1367.6964111328125
M9_YHUR_SHUR,9,HUR,HUR,2025-02-04,2025-02-04,1,TSEC,73.21772766113281,90.05583190917969,89.69092559814453,88.73806762695312,91.11283111572266
M9_YHUR_SHUR,9,HUR,HUR,2025-02-04,2025-02-05,2,Yd,1460.6787109375,1347.274169921875,1332.7962646484375,1332.2379150390625,1328.13720703125
M9_YHUR_SHUR,9,HUR,HUR,2025-02-04,2025-02-05,2,TSE,1389.8333740234375,1348.3138427734375,1354.8597412109375,1366.3214111328125,1377.3492431640625
M9_YHUR_SHUR,9,HUR,HUR,2025-02-04,2025-02-05,2,TSEC,86.92125701904297,90.05583190917969,89.79396057128906,89.85469055175781,91.73529815673828
M9_YHUR_SHUR,9,HUR,HUR,2025-02-04,2025-02-06,3,Yd,1477.7196044921875,1347.274169921875,1344.377197265625,1397.8228759765625,1326.7386474609375
M9_YHUR_SHUR,9,HUR,HUR,2025-02-04,2025-02-06,3,TSE,1542.1484375,1348.3138427734375,1358.8043212890625,1383.9761962890625,1380.1575927734375
M9_YHUR_SHUR,9,HUR,HUR,2025-02-04,2025-02-06,3,TSEC,72.19281768798828,90.05583190917969,89.68315887451172,87.95226287841797,91.5959243774414
M9_YHUR_SHUR,9,HUR,HUR,2025-02-05,2025-02-05,1,Yd,1460.6787109375,1347.477294921875,1343.6116943359375,1346.053955078125,1334.4957275390625
M9_YHUR_SHUR,9,HUR,HUR,2025-02-05,2025-02-05,1,TSE,1389.8333740234375,1348.29833984375,1354.8216552734375,1348.6212158203125,1367.35009765625
M9_YHUR_SHUR,9,HUR,HUR,2025-02-05,2025-02-05,1,TSEC,86.92125701904297,90.03385162353516,89.99344635009766,90.73226928710938,90.94606018066406
M9_YHUR_SHUR,9,HUR,HUR,2025-02-05,2025-02-06,2,Yd,1477.7196044921875,1347.477294921875,1339.4547119140625,1318.43505859375,1327.1317138671875
M9_YHUR_SHUR,9,HUR,HUR,2025-02-05,2025-02-06,2,TSE,1542.1484375,1348.29833984375,1354.9901123046875,1353.386962890625,1374.119140625
M9_YHUR_SHUR,9,HUR,HUR,2025-02-05,2025-02-06,2,TSEC,72.19281768798828,90.03385162353516,90.1722640991211,91.8072738647461,90.8760757446289
M9_YHUR_SHUR,9,HUR,HUR,2025-02-05,2025-02-07,3,Yd,1430.900390625,1347.477294921875,1340.390625,1321.1846923828125,1326.0303955078125
M9_YHUR_SHUR,9,HUR,HUR,2025-02-05,2025-02-07,3,TSE,1520.09130859375,1348.29833984375,1357.6781005859375,1350.748046875,1375.641357421875
M9_YHUR_SHUR,9,HUR,HUR,2025-02-05,2025-02-07,3,TSEC,102.63337707519531,90.03385162353516,90.29389190673828,92.1949462890625,90.20394134521484
M9_YHUR_SHUR,9,HUR,HUR,2025-02-06,2025-02-06,1,Yd,1477.7196044921875,1347.6248779296875,1343.456787109375,1394.55859375,1336.27685546875
M9_YHUR_SHUR,9,HUR,HUR,2025-02-06,2025-02-06,1,TSE,1542.1484375,1348.3525390625,1358.7568359375,1347.9423828125,1363.5726318359375
M9_YHUR_SHUR,9,HUR,HUR,2025-02-06,2025-02-06,1,TSEC,72.19281768798828,90.02979278564453,90.11446380615234,88.52117919921875,90.19615936279297
M9_YHUR_SHUR,9,HUR,HUR,2025-02-06,2025-02-07,2,Yd,1430.900390625,1347.6248779296875,1340.1138916015625,1353.0806884765625,1332.5999755859375
M9_YHUR_SHUR,9,HUR,HUR,2025-02-06,2025-02-07,2,TSE,1520.09130859375,1348.3525390625,1370.7056884765625,1363.993896484375,1368.3077392578125
M9_YHUR_SHUR,9,HUR,HUR,2025-02-06,2025-02-07,2,TSEC,102.63337707519531,90.02979278564453,90.6458511352539,89.92174530029297,89.58212280273438
M9_YHUR_SHUR,9,HUR,HUR,2025-02-06,2025-02-08,3,Yd,1426.0919189453125,1347.6248779296875,1340.8629150390625,1347.8721923828125,1335.96533203125
M9_YHUR_SHUR,9,HUR,HUR,2025-02-06,2025-02-08,3,TSE,1315.442138671875,1348.3525390625,1358.13916015625,1361.816650390625,1372.098388671875
M9_YHUR_SHUR,9,HUR,HUR,2025-02-06,2025-02-08,3,TSEC,90.65141296386719,90.02979278564453,89.92582702636719,90.3841781616211,88.86357116699219
M9_YHUR_SHUR,9,HUR,HUR,2025-02-07,2025-02-07,1,Yd,1430.900390625,1347.7943115234375,1335.0888671875,1359.8431396484375,1340.1519775390625
M9_YHUR_SHUR,9,HUR,HUR,2025-02-07,2025-02-07,1,TSE,1520.09130859375,1348.604736328125,1372.7821044921875,1373.0806884765625,1359.9598388671875
M9_YHUR_SHUR,9,HUR,HUR,2025-02-07,2025-02-07,1,TSEC,102.63337707519531,90.0065689086914,89.48334503173828,89.92162322998047,89.5040283203125
M9_YHUR_SHUR,9,HUR,HUR,2025-02-07,2025-02-08,2,Yd,1426.0919189453125,1347.7943115234375,1366.2862548828125,1351.9935302734375,1337.786865234375
M9_YHUR_SHUR,9,HUR,HUR,2025-02-07,2025-02-08,2,TSE,1315.442138671875,1348.604736328125,1358.3287353515625,1364.75927734375,1365.34130859375
M9_YHUR_SHUR,9,HUR,HUR,2025-02-07,2025-02-08,2,TSEC,90.65141296386719,90.0065689086914,88.58094787597656,88.768798828125,88.78780364990234
M9_YHUR_SHUR,9,HUR,HUR,2025-02-07,2025-02-09,3,Yd,1554.302001953125,1347.7943115234375,1342.933837890625,1356.335205078125,1334.5953369140625
M9_YHUR_SHUR,9,HUR,HUR,2025-02-07,2025-02-09,3,TSE,1463.453369140625,1348.604736328125,1368.1346435546875,1349.0023193359375,1371.77978515625
M9_YHUR_SHUR,9,HUR,HUR,2025-02-07,2025-02-09,3,TSEC,95.1422348022461,90.0065689086914,88.24627685546875,89.91873168945312,88.5914535522461
M9_YHUR_SHUR,9,HUR,HUR,2025-02-08,2025-02-08,1,Yd,1426.0919189453125,1347.90234375,1344.047607421875,1337.989013671875,1351.6251220703125
M9_YHUR_SHUR,9,HUR,HUR,2025-02-08,2025-02-08,1,TSE,1315.442138671875,1348.8277587890625,1360.6328125,1361.5567626953125,1356.8004150390625
M9_YHUR_SHUR,9,HUR,HUR,2025-02-08,2025-02-08,1,TSEC,90.65141296386719,90.02297973632812,90.20265197753906,91.2547607421875,89.25116729736328
M9_YHUR_SHUR,9,HUR,HUR,2025-02-08,2025-02-09,2,Yd,1554.302001953125,1347.90234375,1341.9837646484375,1340.4110107421875,1351.9666748046875
M9_YHUR_SHUR,9,HUR,HUR,2025-02-08,2025-02-09,2,TSE,1463.453369140625,1348.8277587890625,1357.9190673828125,1348.529296875,1363.09375
M9_YHUR_SHUR,9,HUR,HUR,2025-02-08,2025-02-09,2,TSEC,95.1422348022461,90.02297973632812,89.12947082519531,90.46280670166016,88.8827133178711
M9_YHUR_SHUR,9,HUR,HUR,2025-02-08,2025-02-10,3,Yd,1308.3380126953125,1347.90234375,1340.8287353515625,1345.3043212890625,1343.731689453125
M9_YHUR_SHUR,9,HUR,HUR,2025-02-08,2025-02-10,3,TSE,1445.5361328125,1348.8277587890625,1353.240234375,1349.4678955078125,1373.38037109375
M9_YHUR_SHUR,9,HUR,HUR,2025-02-08,2025-02-10,3,TSEC,79.22152709960938,90.02297973632812,90.40116119384766,90.4661636352539,89.37226104736328
M9_YHUR_SHUR,9,HUR,HUR,2025-02-09,2025-02-09,1,Yd,1554.302001953125,1348.00390625,1355.10791015625,1354.265625,1353.568603515625
M9_YHUR_SHUR,9,HUR,HUR,2025-02-09,2025-02-09,1,TSE,1463.453369140625,1348.784423828125,1370.1461181640625,1388.749755859375,1358.0108642578125
M9_YHUR_SHUR,9,HUR,HUR,2025-02-09,2025-02-09,1,TSEC,95.1422348022461,90.0238037109375,89.237060546875,87.44705963134766,89.61609649658203
M9_YHUR_SHUR,9,HUR,HUR,2025-02-09,2025-02-10,2,Yd,1308.3380126953125,1348.00390625,1354.855224609375,1345.38037109375,1345.7132568359375
M9_YHUR_SHUR,9,HUR,HUR,2025-02-09,2025-02-10,2,TSE,1445.5361328125,1348.784423828125,1324.84033203125,1374.031005859375,1369.1055908203125
M9_YHUR_SHUR,9,HUR,HUR,2025-02-09,2025-02-10,2,TSEC,79.22152709960938,90.0238037109375,90.32872772216797,91.28507232666016,89.92805480957031
M9_YHUR_SHUR,9,HUR,HUR,2025-02-09,2025-02-11,3,Yd,1348.3944091796875,1348.00390625,1341.770751953125,1343.931884765625,1331.88623046875
M9_YHUR_SHUR,9,HUR,HUR,2025-02-09,2025-02-11,3,TSE,1299.2325439453125,1348.784423828125,1318.5347900390625,1346.3880615234375,1379.6832275390625
M9_YHUR_SHUR,9,HUR,HUR,2025-02-09,2025-02-11,3,TSEC,90.89005279541016,90.0238037109375,90.48196411132812,90.64219665527344,90.78410339355469
M9_YHUR_SHUR,9,HUR,HUR,2025-02-10,2025-02-10,1,Yd,1308.3380126953125,1348.2713623046875,1371.041259765625,1348.42822265625,1345.988037109375
M9_YHUR_SHUR,9,HUR,HUR,2025-02-10,2025-02-10,1,TSE,1445.5361328125,1348.93310546875,1346.8802490234375,1358.4044189453125,1362.591064453125
M9_YHUR_SHUR,9,HUR,HUR,2025-02-10,2025-02-10,1,TSEC,79.22152709960938,90.03044128417969,89.19459533691406,91.52870178222656,90.21353912353516
M9_YHUR_SHUR,9,HUR,HUR,2025-02-10,2025-02-11,2,Yd,1348.3944091796875,1348.2713623046875,1340.0302734375,1345.194091796875,1334.08349609375
M9_YHUR_SHUR,9,HUR,HUR,2025-02-10,2025-02-11,2,TSE,1299.2325439453125,1348.93310546875,1357.8839111328125,1376.1905517578125,1373.9039306640625
M9_YHUR_SHUR,9,HUR,HUR,2025-02-10,2025-02-11,2,TSEC,90.89005279541016,90.03044128417969,89.280517578125,90.63988494873047,90.83417510986328
M9_YHUR_SHUR,9,HUR,HUR,2025-02-10,2025-02-12,3,Yd,1351.60302734375,1348.2713623046875,1337.71337890625,1339.7281494140625,1324.412841796875
M9_YHUR_SHUR,9,HUR,HUR,2025-02-10,2025-02-12,3,TSE,1118.11083984375,1348.93310546875,1352.2196044921875,1369.6038818359375,1380.070068359375
M9_YHUR_SHUR,9,HUR,HUR,2025-02-10,2025-02-12,3,TSEC,77.26937866210938,90.03044128417969,89.91278839111328,90.20439147949219,91.21058654785156
M9_YHUR_SHUR,9,HUR,HUR,2025-02-11,2025-02-11,1,Yd,1348.3944091796875,1348.2197265625,1335.647216796875,1359.0531005859375,1336.906494140625
M9_YHUR_SHUR,9,HUR,HUR,2025-02-11,2025-02-11,1,TSE,1299.2325439453125,1349.058349609375,1361.7081298828125,1388.136962890625,1367.364501953125
M9_YHUR_SHUR,9,HUR,HUR,2025-02-11,2025-02-11,1,TSEC,90.89005279541016,90.01643371582031,90.3083724975586,90.81949615478516,90.7492904663086
M9_YHUR_SHUR,9,HUR,HUR,2025-02-11,2025-02-12,2,Yd,1351.60302734375,1348.2197265625,1337.772705078125,1341.44091796875,1326.4439697265625
M9_YHUR_SHUR,9,HUR,HUR,2025-02-11,2025-02-12,2,TSE,1118.11083984375,1349.058349609375,1352.6917724609375,1395.6837158203125,1376.2733154296875
M9_YHUR_SHUR,9,HUR,HUR,2025-02-11,2025-02-12,2,TSEC,77.26937866210938,90.01643371582031,90.08845520019531,89.19751739501953,91.10037994384766
M9_YHUR_SHUR,9,HUR,HUR,2025-02-11,2025-02-13,3,Yd,1178.73095703125,1348.2197265625,1350.2291259765625,1366.8560791015625,1324.0263671875
M9_YHUR_SHUR,9,HUR,HUR,2025-02-11,2025-02-13,3,TSE,1504.4984130859375,1349.058349609375,1345.939453125,1407.24169921875,1378.8599853515625
M9_YHUR_SHUR,9,HUR,HUR,2025-02-11,2025-02-13,3,TSEC,87.01934051513672,90.01643371582031,90.21929168701172,90.41373443603516,90.80297088623047
M9_YHUR_SHUR,9,HUR,HUR,2025-02-12,2025-02-12,1,Yd,1351.60302734375,1348.219970703125,1347.0845947265625,1332.2073974609375,1334.9627685546875
M9_YHUR_SHUR,9,HUR,HUR,2025-02-12,2025-02-12,1,TSE,1118.11083984375,1348.9937744140625,1349.03662109375,1331.3919677734375,1366.7718505859375
M9_YHUR_SHUR,9,HUR,HUR,2025-02-12,2025-02-12,1,TSEC,77.26937866210938,90.01756286621094,90.03421020507812,91.201171875,90.76338958740234
M9_YHUR_SHUR,9,HUR,HUR,2025-02-12,2025-02-13,2,Yd,1178.73095703125,1348.219970703125,1343.103515625,1326.2088623046875,1328.8465576171875
M9_YHUR_SHUR,9,HUR,HUR,2025-02-12,2025-02-13,2,TSE,1504.4984130859375,1348.9937744140625,1364.49462890625,1377.780517578125,1372.9083251953125
M9_YHUR_SHUR,9,HUR,HUR,2025-02-12,2025-02-13,2,TSEC,87.01934051513672,90.01756286621094,90.17431640625,89.8751449584961,90.53228759765625
M9_YHUR_SHUR,9,HUR,HUR,2025-02-12,2025-02-14,3,Yd,1246.3929443359375,1348.219970703125,1344.6002197265625,1354.0220947265625,1330.6666259765625
M9_YHUR_SHUR,9,HUR,HUR,2025-02-12,2025-02-14,3,TSE,1290.7733154296875,1348.9937744140625,1397.5908203125,1385.7041015625,1373.956787109375
M9_YHUR_SHUR,9,HUR,HUR,2025-02-12,2025-02-14,3,TSEC,87.27112579345703,90.01756286621094,89.6514892578125,90.11823272705078,89.6746597290039
M9_YHUR_SHUR,9,HUR,HUR,2025-02-13,2025-02-13,1,Yd,1178.73095703125,1348.224365234375,1342.6258544921875,1360.4197998046875,1335.417724609375
M9_YHUR_SHUR,9,HUR,HUR,2025-02-13,2025-02-13,1,TSE,1504.4984130859375,1348.6954345703125,1341.9166259765625,1404.65673828125,1364.1234130859375
M9_YHUR_SHUR,9,HUR,HUR,2025-02-13,2025-02-13,1,TSEC,87.01934051513672,90.0010986328125,89.76527404785156,89.88667297363281,90.2459716796875
M9_YHUR_SHUR,9,HUR,HUR,2025-02-13,2025-02-14,2,Yd,1246.3929443359375,1348.224365234375,1345.582275390625,1363.0960693359375,1331.630859375
M9_YHUR_SHUR,9,HUR,HUR,2025-02-13,2025-02-14,2,TSE,1290.7733154296875,1348.6954345703125,1360.26611328125,1388.90478515625,1369.797607421875
M9_YHUR_SHUR,9,HUR,HUR,2025-02-13,2025-02-14,2,TSEC,87.27112579345703,90.0010986328125,89.85356140136719,89.50528717041016,89.64130401611328
M9_YHUR_SHUR,9,HUR,HUR,2025-02-13,2025-02-15,3,Yd,1413.439453125,1348.224365234375,1343.9552001953125,1403.9471435546875,1334.0906982421875
M9_YHUR_SHUR,9,HUR,HUR,2025-02-13,2025-02-15,3,TSE,1270.6607666015625,1348.6954345703125,1359.1278076171875,1406.7921142578125,1373.89892578125
M9_YHUR_SHUR,9,HUR,HUR,2025-02-13,2025-02-15,3,TSEC,77.17546081542969,90.0010986328125,89.4888916015625,91.80792999267578,88.9828872680664
M9_YHUR_SHUR,9,HUR,HUR,2025-02-14,2025-02-14,1,Yd,1246.3929443359375,1348.005615234375,1329.6239013671875,1363.1822509765625,1343.005126953125
M9_YHUR_SHUR,9,HUR,HUR,2025-02-14,2025-02-14,1,TSE,1290.7733154296875,1348.896484375,1376.6324462890625,1348.067138671875,1360.2135009765625
M9_YHUR_SHUR,9,HUR,HUR,2025-02-14,2025-02-14,1,TSEC,87.27112579345703,89.99726104736328,89.11827087402344,90.272705078125,89.64041900634766
M9_YHUR_SHUR,9,HUR,HUR,2025-02-14,2025-02-15,2,Yd,1413.439453125,1348.005615234375,1349.20263671875,1334.9217529296875,1343.6046142578125
M9_YHUR_SHUR,9,HUR,HUR,2025-02-14,2025-02-15,2,TSE,1270.6607666015625,1348.896484375,1380.1513671875,1368.044189453125,1365.8037109375
M9_YHUR_SHUR,9,HUR,HUR,2025-02-14,2025-02-15,2,TSEC,77.17546081542969,89.99726104736328,89.74620819091797,90.56053924560547,89.02942657470703
M9_YHUR_SHUR,9,HUR,HUR,2025-02-14,2025-02-16,3,Yd,1593.683837890625,1348.005615234375,1343.033203125,1346.5235595703125,1343.0587158203125
M9_YHUR_SHUR,9,HUR,HUR,2025-02-14,2025-02-16,3,TSE,1437.9940185546875,1348.896484375,1353.641357421875,1351.3094482421875,1371.8980712890625
M9_YHUR_SHUR,9,HUR,HUR,2025-02-14,2025-02-16,3,TSEC,98.76117706298828,89.99726104736328,89.16963958740234,90.68533325195312,88.89007568359375
M9_YHUR_SHUR,9,HUR,HUR,2025-02-15,2025-02-15,1,Yd,1413.439453125,1347.8746337890625,1340.851318359375,1360.140625,1349.5048828125
M9_YHUR_SHUR,9,HUR,HUR,2025-02-15,2025-02-15,1,TSE,1270.6607666015625,1348.8216552734375,1370.1787109375,1371.2855224609375,1357.765869140625
M9_YHUR_SHUR,9,HUR,HUR,2025-02-15,2025-02-15,1,TSEC,77.17546081542969,89.99373626708984,89.56072235107422,90.47836303710938,89.5501708984375
M9_YHUR_SHUR,9,HUR,HUR,2025-02-15,2025-02-16,2,Yd,1593.683837890625,1347.8746337890625,1345.2413330078125,1367.5029296875,1348.56884765625
M9_YHUR_SHUR,9,HUR,HUR,2025-02-15,2025-02-16,2,TSE,1437.9940185546875,1348.8216552734375,1348.8140869140625,1368.61328125,1364.4063720703125
M9_YHUR_SHUR,9,HUR,HUR,2025-02-15,2025-02-16,2,TSEC,98.76117706298828,89.99373626708984,89.88418579101562,89.47821807861328,89.37857818603516
M9_YHUR_SHUR,9,HUR,HUR,2025-02-15,2025-02-17,3,Yd,1414.5491943359375,1347.8746337890625,1340.6475830078125,1368.60791015625,1338.862548828125
M9_YHUR_SHUR,9,HUR,HUR,2025-02-15,2025-02-17,3,TSE,1224.05517578125,1348.8216552734375,1350.31494140625,1352.13916015625,1375.444091796875
M9_YHUR_SHUR,9,HUR,HUR,2025-02-15,2025-02-17,3,TSEC,93.2674331665039,89.99373626708984,90.1722640991211,89.36274719238281,89.97948455810547
M9_YHUR_SHUR,9,HUR,HUR,2025-02-16,2025-02-16,1,Yd,1593.683837890625,1347.9591064453125,1347.7774658203125,1351.157958984375,1347.7667236328125
M9_YHUR_SHUR,9,HUR,HUR,2025-02-16,2025-02-16,1,TSE,1437.9940185546875,1348.7210693359375,1356.795654296875,1359.89599609375,1359.4813232421875
M9_YHUR_SHUR,9,HUR,HUR,2025-02-16,2025-02-16,1,TSEC,98.76117706298828,89.97723388671875,88.23888397216797,89.69860076904297,89.97048950195312
M9_YHUR_SHUR,9,HUR,HUR,2025-02-16,2025-02-17,2,Yd,1414.5491943359375,1347.9591064453125,1340.691162109375,1356.927978515625,1336.720703125
M9_YHUR_SHUR,9,HUR,HUR,2025-02-16,2025-02-17,2,TSE,1224.05517578125,1348.7210693359375,1358.8016357421875,1360.685302734375,1370.606689453125
M9_YHUR_SHUR,9,HUR,HUR,2025-02-16,2025-02-17,2,TSEC,93.2674331665039,89.97723388671875,90.71967315673828,90.31961822509766,90.5605239868164
M9_YHUR_SHUR,9,HUR,HUR,2025-02-16,2025-02-18,3,Yd,1009.5982055664062,1347.9591064453125,1342.4158935546875,1351.73095703125,1322.8277587890625
M9_YHUR_SHUR,9,HUR,HUR,2025-02-16,2025-02-18,3,TSE,1303.4217529296875,1348.7210693359375,1367.975830078125,1366.4063720703125,1381.0093994140625
M9_YHUR_SHUR,9,HUR,HUR,2025-02-16,2025-02-18,3,TSEC,87.52816772460938,89.97723388671875,90.80690002441406,90.75733947753906,91.71859741210938
M9_YHUR_SHUR,9,HUR,HUR,2025-02-17,2025-02-17,1,Yd,1414.5491943359375,1348.27490234375,1357.8836669921875,1359.0582275390625,1342.7095947265625
M9_YHUR_SHUR,9,HUR,HUR,2025-02-17,2025-02-17,1,TSE,1224.05517578125,1348.8358154296875,1355.93408203125,1362.8616943359375,1363.250244140625
M9_YHUR_SHUR,9,HUR,HUR,2025-02-17,2025-02-17,1,TSEC,93.2674331665039,89.98853302001953,89.88861083984375,90.97996520996094,90.63105773925781
M9_YHUR_SHUR,9,HUR,HUR,2025-02-17,2025-02-18,2,Yd,1009.5982055664062,1348.27490234375,1336.210693359375,1332.7412109375,1329.1087646484375
M9_YHUR_SHUR,9,HUR,HUR,2025-02-17,2025-02-18,2,TSE,1303.4217529296875,1348.8358154296875,1367.2677001953125,1349.692626953125,1375.1591796875
M9_YHUR_SHUR,9,HUR,HUR,2025-02-17,2025-02-18,2,TSEC,87.52816772460938,89.98853302001953,89.5390625,90.7391357421875,91.59767150878906
M9_YHUR_SHUR,9,HUR,HUR,2025-02-17,2025-02-19,3,Yd,1534.5726318359375,1348.27490234375,1345.280029296875,1317.4815673828125,1318.0953369140625
M9_YHUR_SHUR,9,HUR,HUR,2025-02-17,2025-02-19,3,TSE,1430.6622314453125,1348.8358154296875,1356.718017578125,1336.37744140625,1382.2423095703125
M9_YHUR_SHUR,9,HUR,HUR,2025-02-17,2025-02-19,3,TSEC,81.2822036743164,89.98853302001953,90.02487182617188,91.43336486816406,92.2772216796875
M9_YHUR_SHUR,9,HUR,HUR,2025-02-18,2025-02-18,1,Yd,1009.5982055664062,1348.360107421875,1340.4471435546875,1364.107177734375,1335.6439208984375
M9_YHUR_SHUR,9,HUR,HUR,2025-02-18,2025-02-18,1,TSE,1303.4217529296875,1348.675537109375,1371.228759765625,1359.588134765625,1367.4974365234375
M9_YHUR_SHUR,9,HUR,HUR,2025-02-18,2025-02-18,1,TSEC,87.52816772460938,89.99273681640625,89.53691864013672,91.32553100585938,91.15599822998047
M9_YHUR_SHUR,9,HUR,HUR,2025-02-18,2025-02-19,2,Yd,1534.5726318359375,1348.360107421875,1343.8983154296875,1320.244384765625,1324.25341796875
M9_YHUR_SHUR,9,HUR,HUR,2025-02-18,2025-02-19,2,TSE,1430.6622314453125,1348.675537109375,1353.9041748046875,1332.5260009765625,1377.489501953125
M9_YHUR_SHUR,9,HUR,HUR,2025-02-18,2025-02-19,2,TSEC,81.2822036743164,89.99273681640625,90.00625610351562,93.2598648071289,91.89818572998047
M9_YHUR_SHUR,9,HUR,HUR,2025-02-18,2025-02-20,3,Yd,1307.4891357421875,1348.360107421875,1339.4263916015625,1357.79736328125,1320.5150146484375
M9_YHUR_SHUR,9,HUR,HUR,2025-02-18,2025-02-20,3,TSE,1355.43212890625,1348.675537109375,1361.589111328125,1336.5277099609375,1380.1287841796875
M9_YHUR_SHUR,9,HUR,HUR,2025-02-18,2025-02-20,3,TSEC,92.02860260009766,89.99273681640625,89.76493072509766,92.04710388183594,91.85897064208984
M9_YHUR_SHUR,9,HUR,HUR,2025-02-19,2025-02-19,1,Yd,1534.5726318359375,1347.9256591796875,1322.59326171875,1358.529296875,1334.903564453125
M9_YHUR_SHUR,9,HUR,HUR,2025-02-19,2025-02-19,1,TSE,1430.6622314453125,1348.61767578125,1358.5067138671875,1340.0770263671875,1366.95458984375
M9_YHUR_SHUR,9,HUR,HUR,2025-02-19,2025-02-19,1,TSEC,81.2822036743164,89.98958587646484,90.18110656738281,92.0766372680664,91.05482482910156
M9_YHUR_SHUR,9,HUR,HUR,2025-02-19,2025-02-20,2,Yd,1307.4891357421875,1347.9256591796875,1346.1866455078125,1346.12158203125,1328.0430908203125
M9_YHUR_SHUR,9,HUR,HUR,2025-02-19,2025-02-20,2,TSE,1355.43212890625,1348.61767578125,1354.174560546875,1416.5672607421875,1374.34765625
M9_YHUR_SHUR,9,HUR,HUR,2025-02-19,2025-02-20,2,TSEC,92.02860260009766,89.98958587646484,89.8835220336914,94.0121078491211,91.20098114013672
M9_YHUR_SHUR,9,HUR,HUR,2025-02-19,2025-02-21,3,Yd,1398.71484375,1347.9256591796875,1336.0911865234375,1336.6561279296875,1327.5413818359375
M9_YHUR_SHUR,9,HUR,HUR,2025-02-19,2025-02-21,3,TSE,1069.8343505859375,1348.61767578125,1360.792236328125,1395.8248291015625,1376.8885498046875
M9_YHUR_SHUR,9,HUR,HUR,2025-02-19,2025-02-21,3,TSEC,103.95545959472656,89.98958587646484,89.61426544189453,95.04788208007812,90.82593536376953
M9_YHUR_SHUR,9,HUR,HUR,2025-02-20,2025-02-20,1,Yd,1307.4891357421875,1348.1646728515625,1375.9156494140625,1383.295654296875,1335.889404296875
M9_YHUR_SHUR,9,HUR,HUR,2025-02-20,2025-02-20,1,TSE,1355.43212890625,1348.72265625,1357.938720703125,1371.3922119140625,1363.3553466796875
M9_YHUR_SHUR,9,HUR,HUR,2025-02-20,2025-02-20,1,TSEC,92.02860260009766,89.97843170166016,89.7445068359375,90.2157211303711,90.44169616699219
M9_YHUR_SHUR,9,HUR,HUR,2025-02-20,2025-02-21,2,Yd,1398.71484375,1348.1646728515625,1352.853515625,1355.742919921875,1332.632080078125
M9_YHUR_SHUR,9,HUR,HUR,2025-02-20,2025-02-21,2,TSE,1069.8343505859375,1348.72265625,1342.2828369140625,1384.62255859375,1367.6197509765625
M9_YHUR_SHUR,9,HUR,HUR,2025-02-20,2025-02-21,2,TSEC,103.95545959472656,89.97843170166016,89.84320068359375,88.36588287353516,90.0895767211914
M9_YHUR_SHUR,9,HUR,HUR,2025-02-20,2025-02-22,3,Yd,1524.9541015625,1348.1646728515625,1314.4349365234375,1352.437744140625,1335.20556640625
M9_YHUR_SHUR,9,HUR,HUR,2025-02-20,2025-02-22,3,TSE,1334.9493408203125,1348.72265625,1362.99853515625,1384.584716796875,1370.662841796875
M9_YHUR_SHUR,9,HUR,HUR,2025-02-20,2025-02-22,3,TSEC,73.71237182617188,89.97843170166016,90.0548324584961,90.09717559814453,89.63422393798828
M9_YHUR_SHUR,9,HUR,HUR,2025-02-21,2025-02-21,1,Yd,1398.71484375,1348.1126708984375,1332.7177734375,1368.089111328125,1343.63330078125
M9_YHUR_SHUR,9,HUR,HUR,2025-02-21,2025-02-21,1,TSE,1069.8343505859375,1348.7310791015625,1358.8509521484375,1363.0010986328125,1359.197265625
M9_YHUR_SHUR,9,HUR,HUR,2025-02-21,2025-02-21,1,TSEC,103.95545959472656,89.9810562133789,89.86273193359375,89.68184661865234,89.88863372802734
M9_YHUR_SHUR,9,HUR,HUR,2025-02-21,2025-02-22,2,Yd,1524.9541015625,1348.1126708984375,1346.3646240234375,1345.118896484375,1345.1290283203125
M9_YHUR_SHUR,9,HUR,HUR,2025-02-21,2025-02-22,2,TSE,1334.9493408203125,1348.7310791015625,1363.6689453125,1358.9775390625,1363.355712890625
M9_YHUR_SHUR,9,HUR,HUR,2025-02-21,2025-02-22,2,TSEC,73.71237182617188,89.9810562133789,90.09464263916016,88.59588623046875,89.42070770263672
M9_YHUR_SHUR,9,HUR,HUR,2025-02-21,2025-02-23,3,Yd,1252.6143798828125,1348.1126708984375,1344.5526123046875,1345.24658203125,1345.8018798828125
M9_YHUR_SHUR,9,HUR,HUR,2025-02-21,2025-02-23,3,TSE,1304.047119140625,1348.7310791015625,1350.329833984375,1366.5323486328125,1367.765380859375
M9_YHUR_SHUR,9,HUR,HUR,2025-02-21,2025-02-23,3,TSEC,99.31269836425781,89.9810562133789,89.49115753173828,89.57000732421875,89.38213348388672
M9_YHUR_SHUR,9,HUR,HUR,2025-02-22,2025-02-22,1,Yd,1524.9541015625,1348.1773681640625,1332.2608642578125,1337.15576171875,1354.82763671875
M9_YHUR_SHUR,9,HUR,HUR,2025-02-22,2025-02-22,1,TSE,1334.9493408203125,1348.3751220703125,1364.61962890625,1375.36669921875,1354.854248046875
M9_YHUR_SHUR,9,HUR,HUR,2025-02-22,2025-02-22,1,TSEC,73.71237182617188,89.9989013671875,88.6992416381836,89.98619079589844,89.74430847167969
M9_YHUR_SHUR,9,HUR,HUR,2025-02-22,2025-02-23,2,Yd,1252.6143798828125,1348.1773681640625,1340.38427734375,1363.176513671875,1357.875
M9_YHUR_SHUR,9,HUR,HUR,2025-02-22,2025-02-23,2,TSE,1304.047119140625,1348.3751220703125,1346.8548583984375,1345.8287353515625,1358.0374755859375
M9_YHUR_SHUR,9,HUR,HUR,2025-02-22,2025-02-23,2,TSEC,99.31269836425781,89.9989013671875,88.53036499023438,90.03703308105469,89.80388641357422
M9_YHUR_SHUR,9,HUR,HUR,2025-02-22,2025-02-24,3,Yd,1288.88671875,1348.1773681640625,1357.498779296875,1348.7972412109375,1349.1253662109375
M9_YHUR_SHUR,9,HUR,HUR,2025-02-22,2025-02-24,3,TSE,1049.6461181640625,1348.3751220703125,1361.274169921875,1331.8292236328125,1367.3446044921875
M9_YHUR_SHUR,9,HUR,HUR,2025-02-22,2025-02-24,3,TSEC,70.29839324951172,89.9989013671875,90.63705444335938,91.24665832519531,90.39034271240234
M9_YHUR_SHUR,9,HUR,HUR,2025-02-23,2025-02-23,1,Yd,1252.6143798828125,1348.4027099609375,1334.25732421875,1361.867919921875,1351.1405029296875
M9_YHUR_SHUR,9,HUR,HUR,2025-02-23,2025-02-23,1,TSE,1304.047119140625,1348.3577880859375,1345.7376708984375,1384.5447998046875,1357.4326171875
M9_YHUR_SHUR,9,HUR,HUR,2025-02-23,2025-02-23,1,TSEC,99.31269836425781,89.97813415527344,89.32434844970703,89.99851989746094,90.00054168701172
M9_YHUR_SHUR,9,HUR,HUR,2025-02-23,2025-02-24,2,Yd,1288.88671875,1348.4027099609375,1337.7198486328125,1346.599609375,1340.3192138671875
M9_YHUR_SHUR,9,HUR,HUR,2025-02-23,2025-02-24,2,TSE,1049.6461181640625,1348.3577880859375,1349.0185546875,1350.9835205078125,1368.5
M9_YHUR_SHUR,9,HUR,HUR,2025-02-23,2025-02-24,2,TSEC,70.29839324951172,89.97813415527344,89.79011535644531,91.47134399414062,90.63648223876953
M9_YHUR_SHUR,9,HUR,HUR,2025-02-23,2025-02-25,3,Yd,1379.0833740234375,1348.4027099609375,1363.621337890625,1342.63134765625,1324.0413818359375
M9_YHUR_SHUR,9,HUR,HUR,2025-02-23,2025-02-25,3,TSE,1532.3232421875,1348.3577880859375,1341.245849609375,1355.307373046875,1380.1671142578125
M9_YHUR_SHUR,9,HUR,HUR,2025-02-23,2025-02-25,3,TSEC,86.18669891357422,89.97813415527344,89.68714904785156,91.73582458496094,91.70226287841797
M9_YHUR_SHUR,9,HUR,HUR,2025-02-24,2025-02-24,1,Yd,1288.88671875,1348.28076171875,1349.856689453125,1375.388916015625,1346.3201904296875
M9_YHUR_SHUR,9,HUR,HUR,2025-02-24,2025-02-24,1,TSE,1049.6461181640625,1348.3013916015625,1363.8670654296875,1371.4224853515625,1362.30126953125
M9_YHUR_SHUR,9,HUR,HUR,2025-02-24,2025-02-24,1,TSEC,70.29839324951172,89.99002838134766,89.9056396484375,91.00321197509766,90.74958801269531
M9_YHUR_SHUR,9,HUR,HUR,2025-02-24,2025-02-25,2,Yd,1379.0833740234375,1348.28076171875,1352.1387939453125,1320.2926025390625,1332.5401611328125
M9_YHUR_SHUR,9,HUR,HUR,2025-02-24,2025-02-25,2,TSE,1532.3232421875,1348.3013916015625,1355.74072265625,1359.91650390625,1375.407958984375
M9_YHUR_SHUR,9,HUR,HUR,2025-02-24,2025-02-25,2,TSEC,86.18669891357422,89.99002838134766,89.73045349121094,90.754150390625,91.7251205444336
M9_YHUR_SHUR,9,HUR,HUR,2025-02-24,2025-02-26,3,Yd,1466.041748046875,1348.28076171875,1333.7320556640625,1338.33203125,1322.195556640625
M9_YHUR_SHUR,9,HUR,HUR,2025-02-24,2025-02-26,3,TSE,1303.7193603515625,1348.3013916015625,1356.986328125,1346.2225341796875,1383.024658203125
M9_YHUR_SHUR,9,HUR,HUR,2025-02-24,2025-02-26,3,TSEC,83.27063751220703,89.99002838134766,90.11165618896484,90.3492431640625,92.44073486328125
M9_YHUR_SHUR,9,HUR,HUR,2025-02-25,2025-02-25,1,Yd,1379.0833740234375,1348.2052001953125,1348.8062744140625,1369.5223388671875,1334.1085205078125
M9_YHUR_SHUR,9,HUR,HUR,2025-02-25,2025-02-25,1,TSE,1532.3232421875,1347.92138671875,1332.21826171875,1359.2880859375,1367.716796875
M9_YHUR_SHUR,9,HUR,HUR,2025-02-25,2025-02-25,1,TSEC,86.18669891357422,89.96497344970703,91.00106811523438,90.62679290771484,91.31470489501953
M9_YHUR_SHUR,9,HUR,HUR,2025-02-25,2025-02-26,2,Yd,1466.041748046875,1348.2052001953125,1335.274658203125,1335.8309326171875,1322.8336181640625
M9_YHUR_SHUR,9,HUR,HUR,2025-02-25,2025-02-26,2,TSE,1303.7193603515625,1347.92138671875,1340.6177978515625,1361.125244140625,1377.2349853515625
M9_YHUR_SHUR,9,HUR,HUR,2025-02-25,2025-02-26,2,TSEC,83.27063751220703,89.96497344970703,89.7136459350586,94.06591033935547,92.11366271972656
M9_YHUR_SHUR,9,HUR,HUR,2025-02-25,2025-02-27,3,Yd,1302.774658203125,1348.2052001953125,1352.598388671875,1371.58544921875,1318.36767578125
M9_YHUR_SHUR,9,HUR,HUR,2025-02-25,2025-02-27,3,TSE,1339.0975341796875,1347.92138671875,1342.538818359375,1386.383544921875,1380.9591064453125
M9_YHUR_SHUR,9,HUR,HUR,2025-02-25,2025-02-27,3,TSEC,98.5424575805664,89.96497344970703,90.1240005493164,94.31157684326172,92.21114349365234
M9_YHUR_SHUR,9,HUR,HUR,2025-02-26,2025-02-26,1,Yd,1466.041748046875,1348.2442626953125,1350.00830078125,1377.259521484375,1334.4185791015625
M9_YHUR_SHUR,9,HUR,HUR,2025-02-26,2025-02-26,1,TSE,1303.7193603515625,1348.15576171875,1348.931640625,1363.3843994140625,1365.997314453125
M9_YHUR_SHUR,9,HUR,HUR,2025-02-26,2025-02-26,1,TSEC,83.27063751220703,89.96017456054688,89.86518096923828,90.43389129638672,91.02640533447266
M9_YHUR_SHUR,9,HUR,HUR,2025-02-26,2025-02-27,2,Yd,1302.774658203125,1348.2442626953125,1341.6458740234375,1364.100830078125,1328.3887939453125
M9_YHUR_SHUR,9,HUR,HUR,2025-02-26,2025-02-27,2,TSE,1339.0975341796875,1348.15576171875,1351.1209716796875,1399.544189453125,1372.4830322265625
M9_YHUR_SHUR,9,HUR,HUR,2025-02-26,2025-02-27,2,TSEC,98.5424575805664,89.96017456054688,89.5199966430664,89.98394012451172,91.23494720458984
M9_YHUR_SHUR,9,HUR,HUR,2025-02-26,2025-02-28,3,Yd,1281.41748046875,1348.2442626953125,1345.0836181640625,1362.3331298828125,1327.7457275390625
M9_YHUR_SHUR,9,HUR,HUR,2025-02-26,2025-02-28,3,TSE,1185.98193359375,1348.15576171875,1369.1387939453125,1386.73193359375,1374.4031982421875
M9_YHUR_SHUR,9,HUR,HUR,2025-02-26,2025-02-28,3,TSEC,81.56475830078125,89.96017456054688,89.37914276123047,92.4500961303711,90.94952392578125
M9_YHUR_SHUR,9,HUR,HUR,2025-02-27,2025-02-27,1,Yd,1302.774658203125,1348.3939208984375,1352.4078369140625,1337.53955078125,1335.81640625
M9_YHUR_SHUR,9,HUR,HUR,2025-02-27,2025-02-27,1,TSE,1339.0975341796875,1348.0992431640625,1365.4476318359375,1367.564208984375,1363.325927734375
M9_YHUR_SHUR,9,HUR,HUR,2025-02-27,2025-02-27,1,TSEC,98.5424575805664,89.95167541503906,90.03421783447266,90.42919158935547,90.49681854248047
M9_YHUR_SHUR,9,HUR,HUR,2025-02-27,2025-02-28,2,Yd,1281.41748046875,1348.3939208984375,1340.427734375,1333.403076171875,1331.2646484375
M9_YHUR_SHUR,9,HUR,HUR,2025-02-27,2025-02-28,2,TSE,1185.98193359375,1348.0992431640625,1331.8411865234375,1366.5174560546875,1368.0936279296875
M9_YHUR_SHUR,9,HUR,HUR,2025-02-27,2025-02-28,2,TSEC,81.56475830078125,89.95167541503906,89.3022689819336,92.25450134277344,90.27043914794922
M9_YHUR_SHUR,9,HUR,HUR,2025-02-27,2025-03-01,3,Yd,1437.236328125,1348.3939208984375,1359.283203125,1371.46435546875,1332.42919921875
M9_YHUR_SHUR,9,HUR,HUR,2025-02-27,2025-03-01,3,TSE,1408.1300048828125,1348.0992431640625,1366.28369140625,1360.3369140625,1370.611572265625
M9_YHUR_SHUR,9,HUR,HUR,2025-02-27,2025-03-01,3,TSEC,76.78340911865234,89.95167541503906,88.46590423583984,91.72518920898438,89.87602233886719
M9_YHUR_SHUR,9,HUR,HUR,2025-02-28,2025-02-28,1,Yd,1281.41748046875,1348.3360595703125,1337.774169921875,1361.7470703125,1344.2027587890625
M9_YHUR_SHUR,9,HUR,HUR,2025-02-28,2025-02-28,1,TSE,1185.98193359375,1348.087890625,1332.5252685546875,1314.1956787109375,1359.0465087890625
M9_YHUR_SHUR,9,HUR,HUR,2025-02-28,2025-02-28,1,TSEC,81.56475830078125,89.96257019042969,89.5423355102539,90.57048797607422,90.02299499511719
M9_YHUR_SHUR,9,HUR,HUR,2025-02-28,2025-03-01,2,Yd,1437.236328125,1348.3360595703125,1359.3758544921875,1370.7032470703125,1346.44677734375
M9_YHUR_SHUR,9,HUR,HUR,2025-02-28,2025-03-01,2,TSE,1408.1300048828125,1348.087890625,1365.623046875,1329.772705078125,1362.1807861328125
M9_YHUR_SHUR,9,HUR,HUR,2025-02-28,2025-03-01,2,TSEC,76.78340911865234,89.96257019042969,89.70903778076172,89.56001281738281,89.69470977783203
M9_YHUR_SHUR,9,HUR,HUR,2025-02-28,2025-03-02,3,Yd,1367.80615234375,1348.3360595703125,1347.536865234375,1348.590087890625,1347.50390625
M9_YHUR_SHUR,9,HUR,HUR,2025-02-28,2025-03-02,3,TSE,1404.127685546875,1348.087890625,1352.1160888671875,1340.2197265625,1366.037109375
M9_YHUR_SHUR,9,HUR,HUR,2025-02-28,2025-03-02,3,TSEC,79.24188232421875,89.96257019042969,89.75218200683594,89.86988067626953,89.7572250366211
M9_YHUR_SHUR,9,HUR,HUR,2025-03-01,2025-03-01,1,Yd,1437.236328125,1348.251220703125,1327.39013671875,1364.65625,1349.337890625
M9_YHUR_SHUR,9,HUR,HUR,2025-03-01,2025-03-01,1,TSE,1408.1300048828125,1347.8828125,1371.8436279296875,1404.5380859375,1356.7430419921875
M9_YHUR_SHUR,9,HUR,HUR,2025-03-01,2025-03-01,1,TSEC,76.78340911865234,89.95193481445312,88.28418731689453,90.35932159423828,89.89818572998047
M9_YHUR_SHUR,9,HUR,HUR,2025-03-01,2025-03-02,2,Yd,1367.80615234375,1348.251220703125,1346.6978759765625,1366.38330078125,1347.44482421875
M9_YHUR_SHUR,9,HUR,HUR,2025-03-01,2025-03-02,2,TSE,1404.127685546875,1347.8828125,1337.0621337890625,1375.617919921875,1362.3140869140625
M9_YHUR_SHUR,9,HUR,HUR,2025-03-01,2025-03-02,2,TSEC,79.24188232421875,89.95193481445312,88.21399688720703,91.64336395263672,90.0152359008789
M9_YHUR_SHUR,9,HUR,HUR,2025-03-01,2025-03-03,3,Yd,1446.9580078125,1348.251220703125,1355.6390380859375,1361.364013671875,1336.9466552734375
M9_YHUR_SHUR,9,HUR,HUR,2025-03-01,2025-03-03,3,TSE,1424.9896240234375,1347.8828125,1348.65478515625,1365.1787109375,1371.876220703125
M9_YHUR_SHUR,9,HUR,HUR,2025-03-01,2025-03-03,3,TSEC,80.39498138427734,89.95193481445312,90.449462890625,91.62959289550781,90.65160369873047
M9_YHUR_SHUR,9,HUR,HUR,2025-03-02,2025-03-02,1,Yd,1367.80615234375,1348.36376953125,1353.6910400390625,1350.348388671875,1349.6422119140625
M9_YHUR_SHUR,9,HUR,HUR,2025-03-02,2025-03-02,1,TSE,1404.127685546875,1347.9588623046875,1335.162841796875,1371.623291015625,1357.0975341796875
M9_YHUR_SHUR,9,HUR,HUR,2025-03-02,2025-03-02,1,TSEC,79.24188232421875,89.93528747558594,89.65494537353516,89.55652618408203,90.11480712890625
M9_YHUR_SHUR,9,HUR,HUR,2025-03-02,2025-03-03,2,Yd,1446.9580078125,1348.36376953125,1355.973876953125,1337.2059326171875,1338.383056640625
M9_YHUR_SHUR,9,HUR,HUR,2025-03-02,2025-03-03,2,TSE,1424.9896240234375,1347.9588623046875,1349.2650146484375,1348.512451171875,1367.0860595703125
M9_YHUR_SHUR,9,HUR,HUR,2025-03-02,2025-03-03,2,TSEC,80.39498138427734,89.93528747558594,89.8780517578125,89.93852233886719,90.77910614013672
M9_YHUR_SHUR,9,HUR,HUR,2025-03-02,2025-03-04,3,Yd,1299.102294921875,1348.36376953125,1349.8819580078125,1346.1990966796875,1321.3798828125
M9_YHUR_SHUR,9,HUR,HUR,2025-03-02,2025-03-04,3,TSE,1352.322509765625,1347.9588623046875,1314.29833984375,1352.7723388671875,1378.2938232421875
M9_YHUR_SHUR,9,HUR,HUR,2025-03-02,2025-03-04,3,TSEC,104.78553009033203,89.93528747558594,89.80595397949219,90.44251251220703,91.91740417480469
M9_YHUR_SHUR,9,HUR,HUR,2025-03-03,2025-03-03,1,Yd,1446.9580078125,1348.388427734375,1340.8299560546875,1360.1376953125,1341.802490234375
M9_YHUR_SHUR,9,HUR,HUR,2025-03-03,2025-03-03,1,TSE,1424.9896240234375,1348.02978515625,1376.328857421875,1377.518798828125,1362.0537109375
M9_YHUR_SHUR,9,HUR,HUR,2025-03-03,2025-03-03,1,TSEC,80.39498138427734,89.92178344726562,90.85514831542969,90.32190704345703,90.74864196777344
M9_YHUR_SHUR,9,HUR,HUR,2025-03-03,2025-03-04,2,Yd,1299.102294921875,1348.388427734375,1343.967529296875,1359.0809326171875,1325.5982666015625
M9_YHUR_SHUR,9,HUR,HUR,2025-03-03,2025-03-04,2,TSE,1352.322509765625,1348.02978515625,1342.511474609375,1370.3487548828125,1373.7939453125
M9_YHUR_SHUR,9,HUR,HUR,2025-03-03,2025-03-04,2,TSEC,104.78553009033203,89.92178344726562,87.32360076904297,89.6704330444336,91.83897399902344
M9_YHUR_SHUR,9,HUR,HUR,2025-03-03,2025-03-05,3,Yd,1612.8616943359375,1348.388427734375,1346.2645263671875,1363.8521728515625,1312.594482421875
M9_YHUR_SHUR,9,HUR,HUR,2025-03-03,2025-03-05,3,TSE,1345.037353515625,1348.02978515625,1357.4149169921875,1367.92041015625,1381.358642578125
M9_YHUR_SHUR,9,HUR,HUR,2025-03-03,2025-03-05,3,TSEC,109.0243148803711,89.92178344726562,90.65726470947266,90.29024505615234,92.6597671508789
M9_YHUR_SHUR,9,HUR,HUR,2025-03-04,2025-03-04,1,Yd,1299.102294921875,1348.5125732421875,1350.1654052734375,1342.2081298828125,1333.38037109375
M9_YHUR_SHUR,9,HUR,HUR,2025-03-04,2025-03-04,1,TSE,1352.322509765625,1348.1268310546875,1342.781982421875,1337.528564453125,1365.78125
M9_YHUR_SHUR,9,HUR,HUR,2025-03-04,2025-03-04,1,TSEC,104.78553009033203,89.90977478027344,89.10449981689453,90.11914825439453,91.21732330322266
M9_YHUR_SHUR,9,HUR,HUR,2025-03-04,2025-03-05,2,Yd,1612.8616943359375,1348.5125732421875,1343.6376953125,1330.56640625,1319.419921875
M9_YHUR_SHUR,9,HUR,HUR,2025-03-04,2025-03-05,2,TSE,1345.037353515625,1348.1268310546875,1358.6361083984375,1367.3548583984375,1375.0623779296875
M9_YHUR_SHUR,9,HUR,HUR,2025-03-04,2025-03-05,2,TSEC,109.0243148803711,89.90977478027344,89.8874282836914,92.13185119628906,92.01571655273438
M9_YHUR_SHUR,9,HUR,HUR,2025-03-04,2025-03-06,3,Yd,1389.4200439453125,1348.5125732421875,1344.0728759765625,1329.6832275390625,1315.15380859375
M9_YHUR_SHUR,9,HUR,HUR,2025-03-04,2025-03-06,3,TSE,1194.880126953125,1348.1268310546875,1350.043701171875,1356.2381591796875,1377.84912109375
M9_YHUR_SHUR,9,HUR,HUR,2025-03-04,2025-03-06,3,TSEC,85.64730834960938,89.90977478027344,89.08744049072266,92.75373840332031,92.18695068359375
M9_YHUR_SHUR,9,HUR,HUR,2025-03-05,2025-03-05,1,Yd,1612.8616943359375,1348.450439453125,1349.0916748046875,1368.415771484375,1335.448974609375
M9_YHUR_SHUR,9,HUR,HUR,2025-03-05,2025-03-05,1,TSE,1345.037353515625,1348.1322021484375,1358.6317138671875,1372.2359619140625,1365.1634521484375
M9_YHUR_SHUR,9,HUR,HUR,2025-03-05,2025-03-05,1,TSEC,109.0243148803711,89.92850494384766,88.31829071044922,91.05735778808594,91.08409881591797
M9_YHUR_SHUR,9,HUR,HUR,2025-03-05,2025-03-06,2,Yd,1389.4200439453125,1348.450439453125,1347.423583984375,1326.5706787109375,1330.595947265625
M9_YHUR_SHUR,9,HUR,HUR,2025-03-05,2025-03-06,2,TSE,1194.880126953125,1348.1322021484375,1350.4720458984375,1360.8106689453125,1371.07421875
M9_YHUR_SHUR,9,HUR,HUR,2025-03-05,2025-03-06,2,TSEC,85.64730834960938,89.92850494384766,89.9759750366211,91.14452362060547,91.37543487548828
M9_YHUR_SHUR,9,HUR,HUR,2025-03-05,2025-03-07,3,Yd,1442.216064453125,1348.450439453125,1340.170166015625,1354.1455078125,1331.4085693359375
M9_YHUR_SHUR,9,HUR,HUR,2025-03-05,2025-03-07,3,TSE,1426.354736328125,1348.1322021484375,1375.3316650390625,1356.2662353515625,1371.896728515625
M9_YHUR_SHUR,9,HUR,HUR,2025-03-05,2025-03-07,3,TSEC,81.79357147216797,89.92850494384766,88.70618438720703,90.5035629272461,91.17816162109375
M9_YHUR_SHUR,9,HUR,HUR,2025-03-06,2025-03-06,1,Yd,1389.4200439453125,1348.782958984375,1346.63134765625,1355.4488525390625,1341.37744140625
M9_YHUR_SHUR,9,HUR,HUR,2025-03-06,2025-03-06,1,TSE,1194.880126953125,1348.1282958984375,1343.1724853515625,1350.37255859375,1360.9185791015625
M9_YHUR_SHUR,9,HUR,HUR,2025-03-06,2025-03-06,1,TSEC,85.64730834960938,89.95252227783203,90.29297637939453,91.55944061279297,90.54678344726562
M9_YHUR_SHUR,9,HUR,HUR,2025-03-06,2025-03-07,2,Yd,1442.216064453125,1348.782958984375,1342.6044921875,1324.9766845703125,1342.2418212890625
M9_YHUR_SHUR,9,HUR,HUR,2025-03-06,2025-03-07,2,TSE,1426.354736328125,1348.1282958984375,1401.3184814453125,1343.2255859375,1362.474365234375
M9_YHUR_SHUR,9,HUR,HUR,2025-03-06,2025-03-07,2,TSEC,81.79357147216797,89.95252227783203,89.79527282714844,91.0521240234375,90.22850799560547
M9_YHUR_SHUR,9,HUR,HUR,2025-03-06,2025-03-08,3,Yd,1205.0224609375,1348.782958984375,1346.5665283203125,1339.1959228515625,1354.0494384765625
M9_YHUR_SHUR,9,HUR,HUR,2025-03-06,2025-03-08,3,TSE,1288.194091796875,1348.1282958984375,1355.4794921875,1329.022216796875,1360.151123046875
M9_YHUR_SHUR,9,HUR,HUR,2025-03-06,2025-03-08,3,TSEC,83.81867218017578,89.95252227783203,88.36652374267578,91.90563201904297,89.96878814697266
M9_YHUR_SHUR,9,HUR,HUR,2025-03-07,2025-03-07,1,Yd,1442.216064453125,1348.834228515625,1332.4334716796875,1370.5260009765625,1346.4105224609375
M9_YHUR_SHUR,9,HUR,HUR,2025-03-07,2025-03-07,1,TSE,1426.354736328125,1347.935791015625,1403.311279296875,1374.32958984375,1357.4697265625
M9_YHUR_SHUR,9,HUR,HUR,2025-03-07,2025-03-07,1,TSEC,81.79357147216797,89.9471206665039,89.93656158447266,91.23004150390625,89.9650650024414
M9_YHUR_SHUR,9,HUR,HUR,2025-03-07,2025-03-08,2,Yd,1205.0224609375,1348.834228515625,1353.142822265625,1381.01953125,1352.1751708984375
M9_YHUR_SHUR,9,HUR,HUR,2025-03-07,2025-03-08,2,TSE,1288.194091796875,1347.935791015625,1354.6380615234375,1379.69921875,1358.8221435546875
M9_YHUR_SHUR,9,HUR,HUR,2025-03-07,2025-03-08,2,TSEC,83.81867218017578,89.9471206665039,87.90481567382812,88.76931762695312,89.61670684814453
M9_YHUR_SHUR,9,HUR,HUR,2025-03-07,2025-03-09,3,Yd,1201.37451171875,1348.834228515625,1343.7872314453125,1356.957275390625,1354.7236328125
M9_YHUR_SHUR,9,HUR,HUR,2025-03-07,2025-03-09,3,TSE,1341.3253173828125,1347.935791015625,1347.8720703125,1388.69091796875,1360.559814453125
M9_YHUR_SHUR,9,HUR,HUR,2025-03-07,2025-03-09,3,TSEC,100.13189697265625,89.9471206665039,88.67972564697266,91.12786102294922,89.74073028564453
M9_YHUR_SHUR,9,HUR,HUR,2025-03-08,2025-03-08,1,Yd,1205.0224609375,1348.951171875,1337.1693115234375,1379.0738525390625,1353.9349365234375
M9_YHUR_SHUR,9,HUR,HUR,2025-03-08,2025-03-08,1,TSE,1288.194091796875,1348.0341796875,1354.1673583984375,1385.2767333984375,1354.0491943359375
M9_YHUR_SHUR,9,HUR,HUR,2025-03-08,2025-03-08,1,TSEC,83.81867218017578,89.9368896484375,89.66780090332031,87.31817626953125,89.77030181884766
M9_YHUR_SHUR,9,HUR,HUR,2025-03-08,2025-03-09,2,Yd,1201.37451171875,1348.951171875,1349.5986328125,1354.69384765625,1354.623046875
M9_YHUR_SHUR,9,HUR,HUR,2025-03-08,2025-03-09,2,TSE,1341.3253173828125,1348.0341796875,1360.6292724609375,1369.95458984375,1357.56396484375
M9_YHUR_SHUR,9,HUR,HUR,2025-03-08,2025-03-09,2,TSEC,100.13189697265625,89.9368896484375,89.86181640625,90.34031677246094,89.81824493408203
M9_YHUR_SHUR,9,HUR,HUR,2025-03-08,2025-03-10,3,Yd,1649.84130859375,1348.951171875,1363.8350830078125,1341.3238525390625,1344.742919921875
M9_YHUR_SHUR,9,HUR,HUR,2025-03-08,2025-03-10,3,TSE,1549.544189453125,1348.0341796875,1346.499755859375,1370.5755615234375,1366.829833984375
M9_YHUR_SHUR,9,HUR,HUR,2025-03-08,2025-03-10,3,TSEC,82.67227172851562,89.9368896484375,89.59078216552734,91.46195220947266,90.35566711425781
M9_YHUR_SHUR,9,HUR,HUR,2025-03-09,2025-03-09,1,Yd,1201.37451171875,1348.7708740234375,1341.463623046875,1368.003662109375,1353.497314453125
M9_YHUR_SHUR,9,HUR,HUR,2025-03-09,2025-03-09,1,TSE,1341.3253173828125,1347.9591064453125,1358.5050048828125,1388.524169921875,1355.12890625
M9_YHUR_SHUR,9,HUR,HUR,2025-03-09,2025-03-09,1,TSEC,100.13189697265625,89.92921447753906,88.41069030761719,90.65950012207031,90.13444519042969
M9_YHUR_SHUR,9,HUR,HUR,2025-03-09,2025-03-10,2,Yd,1649.84130859375,1348.7708740234375,1347.816162109375,1348.4212646484375,1345.356201171875
M9_YHUR_SHUR,9,HUR,HUR,2025-03-09,2025-03-10,2,TSE,1549.544189453125,1347.9591064453125,1346.1099853515625,1379.2659912109375,1364.5443115234375
M9_YHUR_SHUR,9,HUR,HUR,2025-03-09,2025-03-10,2,TSEC,82.67227172851562,89.92921447753906,89.73025512695312,90.16722869873047,90.72598266601562
M9_YHUR_SHUR,9,HUR,HUR,2025-03-09,2025-03-11,3,Yd,1368.7528076171875,1348.7708740234375,1333.9200439453125,1331.0975341796875,1329.4971923828125
M9_YHUR_SHUR,9,HUR,HUR,2025-03-09,2025-03-11,3,TSE,1247.611328125,1347.9591064453125,1354.8245849609375,1371.0146484375,1377.462158203125
M9_YHUR_SHUR,9,HUR,HUR,2025-03-09,2025-03-11,3,TSEC,79.75765228271484,89.92921447753906,90.88880920410156,91.74636840820312,91.6650390625
M9_YHUR_SHUR,9,HUR,HUR,2025-03-10,2025-03-10,1,Yd,1649.84130859375,1348.5863037109375,1345.962890625,1382.76513671875,1348.376708984375
M9_YHUR_SHUR,9,HUR,HUR,2025-03-10,2025-03-10,1,TSE,1549.544189453125,1347.950927734375,1353.955322265625,1359.2979736328125,1359.13818359375
M9_YHUR_SHUR,9,HUR,HUR,2025-03-10,2025-03-10,1,TSEC,82.67227172851562,89.94200134277344,89.57403564453125,90.80541229248047,90.9141616821289
M9_YHUR_SHUR,9,HUR,HUR,2025-03-10,2025-03-11,2,Yd,1368.7528076171875,1348.5863037109375,1343.0665283203125,1335.8565673828125,1336.53369140625
M9_YHUR_SHUR,9,HUR,HUR,2025-03-10,2025-03-11,2,TSE,1247.611328125,1347.950927734375,1350.7618408203125,1367.7379150390625,1371.474609375
M9_YHUR_SHUR,9,HUR,HUR,2025-03-10,2025-03-11,2,TSEC,79.75765228271484,89.94200134277344,91.40081787109375,91.81574249267578,91.83621978759766
M9_YHUR_SHUR,9,HUR,HUR,2025-03-10,2025-03-12,3,Yd,1532.8760986328125,1348.5863037109375,1348.243408203125,1351.4501953125,1326.7574462890625
M9_YHUR_SHUR,9,HUR,HUR,2025-03-10,2025-03-12,3,TSE,1235.3204345703125,1347.950927734375,1352.6165771484375,1334.343505859375,1379.0611572265625
M9_YHUR_SHUR,9,HUR,HUR,2025-03-10,2025-03-12,3,TSEC,102.55333709716797,89.94200134277344,89.46337890625,90.3573989868164,92.44884490966797
M9_YHUR_SHUR,9,HUR,HUR,2025-03-11,2025-03-11,1,Yd,1368.7528076171875,1348.963134765625,1354.0662841796875,1355.41796875,1337.5220947265625
M9_YHUR_SHUR,9,HUR,HUR,2025-03-11,2025-03-11,1,TSE,1247.611328125,1348.2027587890625,1351.2608642578125,1372.510986328125,1364.6964111328125
M9_YHUR_SHUR,9,HUR,HUR,2025-03-11,2025-03-11,1,TSEC,79.75765228271484,89.93289947509766,89.18670654296875,89.19554901123047,91.079345703125
M9_YHUR_SHUR,9,HUR,HUR,2025-03-11,2025-03-12,2,Yd,1532.8760986328125,1348.963134765625,1346.09814453125,1326.1453857421875,1326.5716552734375
M9_YHUR_SHUR,9,HUR,HUR,2025-03-11,2025-03-12,2,TSE,1235.3204345703125,1348.2027587890625,1356.8602294921875,1376.638916015625,1373.21240234375
M9_YHUR_SHUR,9,HUR,HUR,2025-03-11,2025-03-12,2,TSEC,102.55333709716797,89.93289947509766,89.24665069580078,89.77106475830078,91.74478149414062
M9_YHUR_SHUR,9,HUR,HUR,2025-03-11,2025-03-13,3,Yd,1519.388427734375,1348.963134765625,1348.7596435546875,1342.9718017578125,1325.9324951171875
M9_YHUR_SHUR,9,HUR,HUR,2025-03-11,2025-03-13,3,TSE,1395.6884765625,1348.2027587890625,1355.23486328125,1383.300537109375,1375.595458984375
M9_YHUR_SHUR,9,HUR,HUR,2025-03-11,2025-03-13,3,TSEC,82.53340148925781,89.93289947509766,89.6326904296875,90.44473266601562,91.78275299072266
M9_YHUR_SHUR,9,HUR,HUR,2025-03-12,2025-03-12,1,Yd,1532.8760986328125,1348.98779296875,1328.0997314453125,1349.74658203125,1334.4237060546875
M9_YHUR_SHUR,9,HUR,HUR,2025-03-12,2025-03-12,1,TSE,1235.3204345703125,1348.0772705078125,1356.538330078125,1350.799072265625,1365.845947265625
M9_YHUR_SHUR,9,HUR,HUR,2025-03-12,2025-03-12,1,TSEC,102.55333709716797,89.92019653320312,88.54285430908203,90.8178939819336,90.96525573730469
M9_YHUR_SHUR,9,HUR,HUR,2025-03-12,2025-03-13,2,Yd,1519.388427734375,1348.98779296875,1361.6483154296875,1342.7738037109375,1328.6407470703125
M9_YHUR_SHUR,9,HUR,HUR,2025-03-12,2025-03-13,2,TSE,1395.6884765625,1348.0772705078125,1358.2105712890625,1368.5897216796875,1372.068603515625
M9_YHUR_SHUR,9,HUR,HUR,2025-03-12,2025-03-13,2,TSEC,82.53340148925781,89.92019653320312,88.93980407714844,89.43009948730469,91.1362075805664
M9_YHUR_SHUR,9,HUR,HUR,2025-03-12,2025-03-14,3,Yd,1351.6468505859375,1348.98779296875,1358.5592041015625,1356.8399658203125,1328.928466796875
M9_YHUR_SHUR,9,HUR,HUR,2025-03-12,2025-03-14,3,TSE,1213.692626953125,1348.0772705078125,1359.0618896484375,1370.1002197265625,1372.6839599609375
M9_YHUR_SHUR,9,HUR,HUR,2025-03-12,2025-03-14,3,TSEC,91.5286636352539,89.92019653320312,87.81519317626953,90.53401184082031,90.78755950927734
M9_YHUR_SHUR,9,HUR,HUR,2025-03-13,2025-03-13,1,Yd,1519.388427734375,1349.2171630859375,1339.397705078125,1356.6453857421875,1339.5404052734375
M9_YHUR_SHUR,9,HUR,HUR,2025-03-13,2025-03-13,1,TSE,1395.6884765625,1347.936767578125,1361.9561767578125,1323.173583984375,1361.9725341796875
M9_YHUR_SHUR,9,HUR,HUR,2025-03-13,2025-03-13,1,TSEC,82.53340148925781,89.93595123291016,89.77459716796875,90.54612731933594,90.52223205566406
M9_YHUR_SHUR,9,HUR,HUR,2025-03-13,2025-03-14,2,Yd,1351.6468505859375,1349.2171630859375,1332.6092529296875,1364.2154541015625,1339.394775390625
M9_YHUR_SHUR,9,HUR,HUR,2025-03-13,2025-03-14,2,TSE,1213.692626953125,1347.936767578125,1356.201904296875,1350.6466064453125,1364.98828125
M9_YHUR_SHUR,9,HUR,HUR,2025-03-13,2025-03-14,2,TSEC,91.5286636352539,89.93595123291016,89.53966522216797,89.70939636230469,90.26216888427734
M9_YHUR_SHUR,9,HUR,HUR,2025-03-13,2025-03-15,3,Yd,1238.924072265625,1349.2171630859375,1376.181396484375,1356.482421875,1347.3358154296875
M9_YHUR_SHUR,9,HUR,HUR,2025-03-13,2025-03-15,3,TSE,1305.2532958984375,1347.936767578125,1356.322998046875,1348.5108642578125,1363.99169921875
M9_YHUR_SHUR,9,HUR,HUR,2025-03-13,2025-03-15,3,TSEC,83.1875228881836,89.93595123291016,89.62138366699219,88.85331726074219,89.91519165039062
M9_YHUR_SHUR,9,HUR,HUR,2025-03-14,2025-03-14,1,Yd,1351.6468505859375,1349.4290771484375,1352.1470947265625,1374.8863525390625,1345.415283203125
M9_YHUR_SHUR,9,HUR,HUR,2025-03-14,2025-03-14,1,TSE,1213.692626953125,1347.9962158203125,1361.8668212890625,1400.45654296875,1357.7625732421875
M9_YHUR_SHUR,9,HUR,HUR,2025-03-14,2025-03-14,1,TSEC,91.5286636352539,89.92672729492188,89.03775024414062,91.17607879638672,89.90898895263672
M9_YHUR_SHUR,9,HUR,HUR,2025-03-14,2025-03-15,2,Yd,1238.924072265625,1349.4290771484375,1344.965087890625,1364.7874755859375,1350.0960693359375
M9_YHUR_SHUR,9,HUR,HUR,2025-03-14,2025-03-15,2,TSE,1305.2532958984375,1347.9962158203125,1356.501220703125,1376.1104736328125,1358.9454345703125
M9_YHUR_SHUR,9,HUR,HUR,2025-03-14,2025-03-15,2,TSEC,83.1875228881836,89.92672729492188,90.0825424194336,88.3740005493164,89.57898712158203
M9_YHUR_SHUR,9,HUR,HUR,2025-03-14,2025-03-16,3,Yd,1628.666259765625,1349.4290771484375,1345.19580078125,1350.983154296875,1351.155029296875
M9_YHUR_SHUR,9,HUR,HUR,2025-03-14,2025-03-16,3,TSE,1286.3841552734375,1347.9962158203125,1351.495849609375,1360.1546630859375,1362.029296875
M9_YHUR_SHUR,9,HUR,HUR,2025-03-14,2025-03-16,3,TSEC,94.39197540283203,89.92672729492188,88.84286499023438,91.01168060302734,89.6184310913086
M9_YHUR_SHUR,9,HUR,HUR,2025-03-15,2025-03-15,1,Yd,1238.924072265625,1349.4317626953125,1340.880126953125,1332.5771484375,1355.3427734375
M9_YHUR_SHUR,9,HUR,HUR,2025-03-15,2025-03-15,1,TSE,1305.2532958984375,1347.8291015625,1365.26416015625,1364.7178955078125,1353.609375
M9_YHUR_SHUR,9,HUR,HUR,2025-03-15,2025-03-15,1,TSEC,83.1875228881836,89.92871856689453,89.27542114257812,90.70915222167969,89.77912902832031
M9_YHUR_SHUR,9,HUR,HUR,2025-03-15,2025-03-16,2,Yd,1628.666259765625,1349.4317626953125,1359.6513671875,1345.5721435546875,1356.772216796875
M9_YHUR_SHUR,9,HUR,HUR,2025-03-15,2025-03-16,2,TSE,1286.3841552734375,1347.8291015625,1351.4986572265625,1354.51953125,1356.18896484375
M9_YHUR_SHUR,9,HUR,HUR,2025-03-15,2025-03-16,2,TSEC,94.39197540283203,89.92871856689453,89.2016372680664,89.57853698730469,89.88307189941406
M9_YHUR_SHUR,9,HUR,HUR,2025-03-15,2025-03-17,3,Yd,1559.500244140625,1349.4317626953125,1361.0601806640625,1335.0211181640625,1347.2509765625
M9_YHUR_SHUR,9,HUR,HUR,2025-03-15,2025-03-17,3,TSE,1276.6190185546875,1347.8291015625,1354.8765869140625,1348.575927734375,1364.5501708984375
M9_YHUR_SHUR,9,HUR,HUR,2025-03-15,2025-03-17,3,TSEC,99.05219268798828,89.92871856689453,89.2713623046875,90.36531066894531,90.437744140625
M9_YHUR_SHUR,9,HUR,HUR,2025-03-16,2025-03-16,1,Yd,1628.666259765625,1349.29443359375,1347.7891845703125,1379.9957275390625,1354.83935546875
M9_YHUR_SHUR,9,HUR,HUR,2025-03-16,2025-03-16,1,TSE,1286.3841552734375,1347.7762451171875,1340.282470703125,1387.5235595703125,1354.0836181640625
M9_YHUR_SHUR,9,HUR,HUR,2025-03-16,2025-03-16,1,TSEC,94.39197540283203,89.92034149169922,89.15727233886719,90.90581512451172,90.15921783447266
M9_YHUR_SHUR,9,HUR,HUR,2025-03-16,2025-03-17,2,Yd,1559.500244140625,1349.29443359375,1354.6905517578125,1340.3514404296875,1347.56787109375
M9_YHUR_SHUR,9,HUR,HUR,2025-03-16,2025-03-17,2,TSE,1276.6190185546875,1347.7762451171875,1332.8529052734375,1380.584228515625,1362.57763671875
M9_YHUR_SHUR,9,HUR,HUR,2025-03-16,2025-03-17,2,TSEC,99.05219268798828,89.92034149169922,89.78018951416016,92.7298583984375,90.7443618774414
M9_YHUR_SHUR,9,HUR,HUR,2025-03-16,2025-03-18,3,Yd,1173.318603515625,1349.29443359375,1350.8719482421875,1334.0465087890625,1333.0501708984375
M9_YHUR_SHUR,9,HUR,HUR,2025-03-16,2025-03-18,3,TSE,1261.482177734375,1347.7762451171875,1323.70361328125,1358.806640625,1375.37744140625
M9_YHUR_SHUR,9,HUR,HUR,2025-03-16,2025-03-18,3,TSEC,82.55952453613281,89.92034149169922,89.81053161621094,92.5725326538086,91.65208435058594
M9_YHUR_SHUR,9,HUR,HUR,2025-03-17,2025-03-17,1,Yd,1559.500244140625,1349.64111328125,1352.8094482421875,1364.1328125,1348.0450439453125
M9_YHUR_SHUR,9,HUR,HUR,2025-03-17,2025-03-17,1,TSE,1276.6190185546875,1347.7000732421875,1341.101806640625,1386.3248291015625,1359.57080078125
M9_YHUR_SHUR,9,HUR,HUR,2025-03-17,2025-03-17,1,TSEC,99.05219268798828,89.92589569091797,90.03598022460938,90.34007263183594,90.73817443847656
M9_YHUR_SHUR,9,HUR,HUR,2025-03-17,2025-03-18,2,Yd,1173.318603515625,1349.64111328125,1350.353271484375,1332.865478515625,1334.9061279296875
M9_YHUR_SHUR,9,HUR,HUR,2025-03-17,2025-03-18,2,TSE,1261.482177734375,1347.7000732421875,1356.3524169921875,1354.7652587890625,1371.56298828125
M9_YHUR_SHUR,9,HUR,HUR,2025-03-17,2025-03-18,2,TSEC,82.55952453613281,89.92589569091797,90.75157165527344,91.21350860595703,91.65287780761719
M9_YHUR_SHUR,9,HUR,HUR,2025-03-17,2025-03-19,3,Yd,1410.259521484375,1349.64111328125,1351.214599609375,1326.497802734375,1323.535888671875
M9_YHUR_SHUR,9,HUR,HUR,2025-03-17,2025-03-19,3,TSE,1644.78564453125,1347.7000732421875,1361.002685546875,1353.654052734375,1379.005615234375
M9_YHUR_SHUR,9,HUR,HUR,2025-03-17,2025-03-19,3,TSEC,102.01239776611328,89.92589569091797,90.26110076904297,91.61551666259766,92.33769226074219
M9_YHUR_SHUR,9,HUR,HUR,2025-03-18,2025-03-18,1,Yd,1173.318603515625,1349.901123046875,1352.0716552734375,1358.48876953125,1340.092529296875
M9_YHUR_SHUR,9,HUR,HUR,2025-03-18,2025-03-18,1,TSE,1261.482177734375,1347.6119384765625,1355.3177490234375,1355.0421142578125,1365.022216796875
M9_YHUR_SHUR,9,HUR,HUR,2025-03-18,2025-03-18,1,TSEC,82.55952453613281,89.93721008300781,89.90779876708984,91.5040054321289,91.09149169921875
M9_YHUR_SHUR,9,HUR,HUR,2025-03-18,2025-03-19,2,Yd,1410.259521484375,1349.901123046875,1351.88330078125,1323.705078125,1329.6781005859375
M9_YHUR_SHUR,9,HUR,HUR,2025-03-18,2025-03-19,2,TSE,1644.78564453125,1347.6119384765625,1359.4688720703125,1349.54541015625,1374.4989013671875
M9_YHUR_SHUR,9,HUR,HUR,2025-03-18,2025-03-19,2,TSEC,102.01239776611328,89.93721008300781,89.55916595458984,91.42977142333984,91.75480651855469
M9_YHUR_SHUR,9,HUR,HUR,2025-03-18,2025-03-20,3,Yd,1274.4765625,1349.901123046875,1353.645263671875,1332.7388916015625,1329.26953125
M9_YHUR_SHUR,9,HUR,HUR,2025-03-18,2025-03-20,3,TSE,1590.608642578125,1347.6119384765625,1351.99169921875,1342.7327880859375,1375.9871826171875
M9_YHUR_SHUR,9,HUR,HUR,2025-03-18,2025-03-20,3,TSEC,93.70521545410156,89.93721008300781,89.6436538696289,91.36526489257812,91.77175903320312
M9_YHUR_SHUR,9,HUR,HUR,2025-03-19,2025-03-19,1,Yd,1410.259521484375,1349.6824951171875,1351.74609375,1366.70556640625,1336.8009033203125
M9_YHUR_SHUR,9,HUR,HUR,2025-03-19,2025-03-19,1,TSE,1644.78564453125,1347.50537109375,1361.2086181640625,1353.300048828125,1365.577392578125
M9_YHUR_SHUR,9,HUR,HUR,2025-03-19,2025-03-19,1,TSEC,102.01239776611328,89.92808532714844,89.51646423339844,91.7282943725586,90.95494842529297
M9_YHUR_SHUR,9,HUR,HUR,2025-03-19,2025-03-20,2,Yd,1274.4765625,1349.6824951171875,1339.0389404296875,1364.3173828125,1332.8753662109375
M9_YHUR_SHUR,9,HUR,HUR,2025-03-19,2025-03-20,2,TSE,1590.608642578125,1347.50537109375,1348.9365234375,1375.9434814453125,1371.2276611328125
M9_YHUR_SHUR,9,HUR,HUR,2025-03-19,2025-03-20,2,TSEC,93.70521545410156,89.92808532714844,89.64527130126953,92.0056381225586,91.15064239501953
M9_YHUR_SHUR,9,HUR,HUR,2025-03-19,2025-03-21,3,Yd,1293.938720703125,1349.6824951171875,1336.709228515625,1377.3961181640625,1336.6441650390625
M9_YHUR_SHUR,9,HUR,HUR,2025-03-19,2025-03-21,3,TSE,1265.4517822265625,1347.50537109375,1361.843505859375,1387.3150634765625,1372.0015869140625
M9_YHUR_SHUR,9,HUR,HUR,2025-03-19,2025-03-21,3,TSEC,94.06074523925781,89.92808532714844,89.53184509277344,92.34760284423828,90.81227111816406
M9_YHUR_SHUR,9,HUR,HUR,2025-03-20,2025-03-20,1,Yd,1274.4765625,1349.7574462890625,1364.0123291015625,1390.235107421875,1344.8021240234375
M9_YHUR_SHUR,9,HUR,HUR,2025-03-20,2025-03-20,1,TSE,1590.608642578125,1347.872802734375,1344.6038818359375,1344.971435546875,1358.8402099609375
M9_YHUR_SHUR,9,HUR,HUR,2025-03-20,2025-03-20,1,TSEC,93.70521545410156,89.9430160522461,88.90288543701172,91.45392608642578,90.30997467041016
M9_YHUR_SHUR,9,HUR,HUR,2025-03-20,2025-03-21,2,Yd,1293.938720703125,1349.7574462890625,1354.0054931640625,1404.9114990234375,1351.7847900390625
M9_YHUR_SHUR,9,HUR,HUR,2025-03-20,2025-03-21,2,TSE,1265.4517822265625,1347.872802734375,1341.939697265625,1373.5701904296875,1358.2503662109375
M9_YHUR_SHUR,9,HUR,HUR,2025-03-20,2025-03-21,2,TSEC,94.06074523925781,89.9430160522461,90.07278442382812,90.63958740234375,90.02455139160156
M9_YHUR_SHUR,9,HUR,HUR,2025-03-20,2025-03-22,3,Yd,1136.29248046875,1349.7574462890625,1356.3072509765625,1398.2159423828125,1365.6688232421875
M9_YHUR_SHUR,9,HUR,HUR,2025-03-20,2025-03-22,3,TSE,1398.75439453125,1347.872802734375,1353.541259765625,1382.1815185546875,1352.757080078125
M9_YHUR_SHUR,9,HUR,HUR,2025-03-20,2025-03-22,3,TSEC,102.95419311523438,89.9430160522461,89.0023193359375,90.80274963378906,89.89539337158203
M9_YHUR_SHUR,9,HUR,HUR,2025-03-21,2025-03-21,1,Yd,1293.938720703125,1349.66455078125,1350.4244384765625,1400.8232421875,1355.9478759765625
M9_YHUR_SHUR,9,HUR,HUR,2025-03-21,2025-03-21,1,TSE,1265.4517822265625,1348.1724853515625,1367.9520263671875,1370.88037109375,1351.1829833984375
M9_YHUR_SHUR,9,HUR,HUR,2025-03-21,2025-03-21,1,TSEC,94.06074523925781,89.9476547241211,89.91130065917969,90.81744384765625,89.8425064086914
M9_YHUR_SHUR,9,HUR,HUR,2025-03-21,2025-03-22,2,Yd,1136.29248046875,1349.66455078125,1345.80517578125,1377.843994140625,1368.8408203125
M9_YHUR_SHUR,9,HUR,HUR,2025-03-21,2025-03-22,2,TSE,1398.75439453125,1348.1724853515625,1359.9805908203125,1358.9290771484375,1346.5682373046875
M9_YHUR_SHUR,9,HUR,HUR,2025-03-21,2025-03-22,2,TSEC,102.95419311523438,89.9476547241211,89.23221588134766,88.92631530761719,89.65876770019531
M9_YHUR_SHUR,9,HUR,HUR,2025-03-21,2025-03-23,3,Yd,1288.22998046875,1349.66455078125,1357.16455078125,1387.51904296875,1375.9296875
M9_YHUR_SHUR,9,HUR,HUR,2025-03-21,2025-03-23,3,TSE,1237.3194580078125,1348.1724853515625,1356.6944580078125,1357.4661865234375,1344.920654296875
M9_YHUR_SHUR,9,HUR,HUR,2025-03-21,2025-03-23,3,TSEC,72.1393814086914,89.9476547241211,89.88827514648438,89.6261978149414,89.78852081298828
M9_YHUR_SHUR,9,HUR,HUR,2025-03-22,2025-03-22,1,Yd,1136.29248046875,1349.5958251953125,1338.652587890625,1368.818359375,1363.9869384765625
M9_YHUR_SHUR,9,HUR,HUR,2025-03-22,2025-03-22,1,TSE,1398.75439453125,1348.070556640625,1359.7899169921875,1357.51611328125,1347.027099609375
M9_YHUR_SHUR,9,HUR,HUR,2025-03-22,2025-03-22,1,TSEC,102.95419311523438,89.95272827148438,89.04633331298828,90.2318344116211,89.88265228271484
M9_YHUR_SHUR,9,HUR,HUR,2025-03-22,2025-03-23,2,Yd,1288.22998046875,1349.5958251953125,1355.39013671875,1359.693115234375,1372.076416015625
M9_YHUR_SHUR,9,HUR,HUR,2025-03-22,2025-03-23,2,TSE,1237.3194580078125,1348.070556640625,1354.7838134765625,1377.4571533203125,1344.9471435546875
M9_YHUR_SHUR,9,HUR,HUR,2025-03-22,2025-03-23,2,TSEC,72.1393814086914,89.95272827148438,90.04268646240234,90.26980590820312,89.99971008300781
M9_YHUR_SHUR,9,HUR,HUR,2025-03-22,2025-03-24,3,Yd,1074.295654296875,1349.5958251953125,1360.3240966796875,1369.6064453125,1366.7958984375
M9_YHUR_SHUR,9,HUR,HUR,2025-03-22,2025-03-24,3,TSE,1604.4002685546875,1348.070556640625,1355.1353759765625,1367.56884765625,1350.5914306640625
M9_YHUR_SHUR,9,HUR,HUR,2025-03-22,2025-03-24,3,TSEC,89.8228530883789,89.95272827148438,89.16913604736328,89.63215637207031,90.37211608886719
M9_YHUR_SHUR,9,HUR,HUR,2025-03-23,2025-03-23,1,Yd,1288.22998046875,1349.3331298828125,1343.8826904296875,1354.2353515625,1364.490234375
M9_YHUR_SHUR,9,HUR,HUR,2025-03-23,2025-03-23,1,TSE,1237.3194580078125,1348.133056640625,1345.4610595703125,1345.3564453125,1346.7509765625
M9_YHUR_SHUR,9,HUR,HUR,2025-03-23,2025-03-23,1,TSEC,72.1393814086914,89.96874237060547,88.87120819091797,89.02458190917969,90.20294189453125
M9_YHUR_SHUR,9,HUR,HUR,2025-03-23,2025-03-24,2,Yd,1074.295654296875,1349.3331298828125,1363.516845703125,1366.0645751953125,1364.621826171875
M9_YHUR_SHUR,9,HUR,HUR,2025-03-23,2025-03-24,2,TSE,1604.4002685546875,1348.133056640625,1335.8316650390625,1377.4442138671875,1349.6591796875
M9_YHUR_SHUR,9,HUR,HUR,2025-03-23,2025-03-24,2,TSEC,89.8228530883789,89.96874237060547,90.22845458984375,89.45518493652344,90.68742370605469
M9_YHUR_SHUR,9,HUR,HUR,2025-03-23,2025-03-25,3,Yd,1206.602294921875,1349.3331298828125,1359.7978515625,1359.23388671875,1355.5291748046875
M9_YHUR_SHUR,9,HUR,HUR,2025-03-23,2025-03-25,3,TSE,1367.18115234375,1348.133056640625,1333.9990234375,1363.08935546875,1358.399658203125
M9_YHUR_SHUR,9,HUR,HUR,2025-03-23,2025-03-25,3,TSEC,73.79460144042969,89.96874237060547,90.77838897705078,89.05001831054688,91.58435821533203
M9_YHUR_SHUR,9,HUR,HUR,2025-03-24,2025-03-24,1,Yd,1074.295654296875,1349.2579345703125,1360.37646484375,1370.6502685546875,1349.7828369140625
M9_YHUR_SHUR,9,HUR,HUR,2025-03-24,2025-03-24,1,TSE,1604.4002685546875,1347.99658203125,1355.439453125,1365.6915283203125,1357.4384765625
M9_YHUR_SHUR,9,HUR,HUR,2025-03-24,2025-03-24,1,TSEC,89.8228530883789,89.94680786132812,89.97944641113281,90.21273040771484,90.75621032714844
M9_YHUR_SHUR,9,HUR,HUR,2025-03-24,2025-03-25,2,Yd,1206.602294921875,1349.2579345703125,1361.0587158203125,1316.3056640625,1338.414306640625
M9_YHUR_SHUR,9,HUR,HUR,2025-03-24,2025-03-25,2,TSE,1367.18115234375,1347.99658203125,1359.89794921875,1341.36865234375,1369.1885986328125
M9_YHUR_SHUR,9,HUR,HUR,2025-03-24,2025-03-25,2,TSEC,73.79460144042969,89.94680786132812,88.79414367675781,92.45928955078125,91.61256408691406
M9_YHUR_SHUR,9,HUR,HUR,2025-03-24,2025-03-26,3,Yd,1190.4273681640625,1349.2579345703125,1330.8099365234375,1339.6201171875,1330.61572265625
M9_YHUR_SHUR,9,HUR,HUR,2025-03-24,2025-03-26,3,TSE,1421.6417236328125,1347.99658203125,1358.20654296875,1383.6661376953125,1376.12158203125
M9_YHUR_SHUR,9,HUR,HUR,2025-03-24,2025-03-26,3,TSEC,78.56810760498047,89.94680786132812,89.73346710205078,92.84720611572266,92.12181091308594
M9_YHUR_SHUR,9,HUR,HUR,2025-03-25,2025-03-25,1,Yd,1206.602294921875,1348.920166015625,1336.5517578125,1349.982421875,1341.951904296875
M9_YHUR_SHUR,9,HUR,HUR,2025-03-25,2025-03-25,1,TSE,1367.18115234375,1348.311767578125,1354.5958251953125,1340.0645751953125,1362.9261474609375
M9_YHUR_SHUR,9,HUR,HUR,2025-03-25,2025-03-25,1,TSEC,73.79460144042969,89.9466552734375,88.72724151611328,91.19147491455078,91.06610107421875
M9_YHUR_SHUR,9,HUR,HUR,2025-03-25,2025-03-26,2,Yd,1190.4273681640625,1348.920166015625,1349.9085693359375,1334.9859619140625,1336.316650390625
M9_YHUR_SHUR,9,HUR,HUR,2025-03-25,2025-03-26,2,TSE,1421.6417236328125,1348.311767578125,1343.4832763671875,1380.9146728515625,1369.918701171875
M9_YHUR_SHUR,9,HUR,HUR,2025-03-25,2025-03-26,2,TSEC,78.56810760498047,89.9466552734375,90.31031036376953,89.97067260742188,91.52919006347656
M9_YHUR_SHUR,9,HUR,HUR,2025-03-25,2025-03-27,3,Yd,1350.5235595703125,1348.920166015625,1342.755126953125,1344.98779296875,1338.949951171875
M9_YHUR_SHUR,9,HUR,HUR,2025-03-25,2025-03-27,3,TSE,1467.7767333984375,1348.311767578125,1334.53369140625,1364.2137451171875,1370.722412109375
M9_YHUR_SHUR,9,HUR,HUR,2025-03-25,2025-03-27,3,TSEC,96.5044174194336,89.9466552734375,88.88169860839844,90.13676452636719,91.50335693359375
M9_YHUR_SHUR,9,HUR,HUR,2025-03-26,2025-03-26,1,Yd,1190.4273681640625,1348.74560546875,1357.9432373046875,1373.227294921875,1340.9603271484375
M9_YHUR_SHUR,9,HUR,HUR,2025-03-26,2025-03-26,1,TSE,1421.6417236328125,1348.3348388671875,1353.851318359375,1366.87744140625,1362.709716796875
M9_YHUR_SHUR,9,HUR,HUR,2025-03-26,2025-03-26,1,TSEC,78.56810760498047,89.92684173583984,89.02383422851562,90.84539794921875,90.8261489868164
M9_YHUR_SHUR,9,HUR,HUR,2025-03-26,2025-03-27,2,Yd,1350.5235595703125,1348.74560546875,1333.4730224609375,1319.9716796875,1337.36865234375
M9_YHUR_SHUR,9,HUR,HUR,2025-03-26,2025-03-27,2,TSE,1467.7767333984375,1348.3348388671875,1335.6187744140625,1356.61669921875,1367.1470947265625
M9_YHUR_SHUR,9,HUR,HUR,2025-03-26,2025-03-27,2,TSEC,96.5044174194336,89.92684173583984,89.75399780273438,94.20086669921875,90.85421752929688
M9_YHUR_SHUR,9,HUR,HUR,2025-03-26,2025-03-28,3,Yd,1466.802490234375,1348.74560546875,1336.1077880859375,1353.0191650390625,1337.3568115234375
M9_YHUR_SHUR,9,HUR,HUR,2025-03-26,2025-03-28,3,TSE,1499.215576171875,1348.3348388671875,1404.24267578125,1354.248046875,1366.3555908203125
M9_YHUR_SHUR,9,HUR,HUR,2025-03-26,2025-03-28,3,TSEC,100.51651000976562,89.92684173583984,89.27091979980469,92.9935073852539,90.7449722290039
M9_YHUR_SHUR,9,HUR,HUR,2025-03-27,2025-03-27,1,Yd,1350.5235595703125,1348.551513671875,1352.2181396484375,1356.828857421875,1341.8582763671875
M9_YHUR_SHUR,9,HUR,HUR,2025-03-27,2025-03-27,1,TSE,1467.7767333984375,1348.4246826171875,1333.2972412109375,1337.7724609375,1359.50927734375
M9_YHUR_SHUR,9,HUR,HUR,2025-03-27,2025-03-27,1,TSEC,96.5044174194336,89.91291046142578,88.935546875,90.49766540527344,90.4525375366211
M9_YHUR_SHUR,9,HUR,HUR,2025-03-27,2025-03-28,2,Yd,1466.802490234375,1348.551513671875,1366.66259765625,1344.125,1338.2032470703125
M9_YHUR_SHUR,9,HUR,HUR,2025-03-27,2025-03-28,2,TSE,1499.215576171875,1348.4246826171875,1407.516357421875,1383.0140380859375,1361.726318359375
M9_YHUR_SHUR,9,HUR,HUR,2025-03-27,2025-03-28,2,TSEC,100.51651000976562,89.91291046142578,88.49870300292969,91.81816101074219,90.46683502197266
M9_YHUR_SHUR,9,HUR,HUR,2025-03-27,2025-03-29,3,Yd,1423.7158203125,1348.551513671875,1318.177490234375,1307.1943359375,1340.654052734375
M9_YHUR_SHUR,9,HUR,HUR,2025-03-27,2025-03-29,3,TSE,1244.478515625,1348.4246826171875,1360.0576171875,1362.448486328125,1360.106689453125
M9_YHUR_SHUR,9,HUR,HUR,2025-03-27,2025-03-29,3,TSEC,72.74674987792969,89.91291046142578,89.320068359375,91.82010650634766,90.22322845458984
M9_YHUR_SHUR,9,HUR,HUR,2025-03-28,2025-03-28,1,Yd,1466.802490234375,1348.5538330078125,1352.5782470703125,1354.0211181640625,1346.841552734375
M9_YHUR_SHUR,9,HUR,HUR,2025-03-28,2025-03-28,1,TSE,1499.215576171875,1348.57080078125,1367.507568359375,1363.5126953125,1354.7369384765625
M9_YHUR_SHUR,9,HUR,HUR,2025-03-28,2025-03-28,1,TSEC,100.51651000976562,89.9209976196289,89.49342346191406,88.9766845703125,90.26587677001953
M9_YHUR_SHUR,9,HUR,HUR,2025-03-28,2025-03-29,2,Yd,1423.7158203125,1348.5538330078125,1334.4351806640625,1359.8331298828125,1349.274658203125
M9_YHUR_SHUR,9,HUR,HUR,2025-03-28,2025-03-29,2,TSE,1244.478515625,1348.57080078125,1355.727294921875,1370.434326171875,1353.2965087890625
M9_YHUR_SHUR,9,HUR,HUR,2025-03-28,2025-03-29,2,TSEC,72.74674987792969,89.9209976196289,89.55848693847656,89.00016021728516,90.21467590332031
M9_YHUR_SHUR,9,HUR,HUR,2025-03-28,2025-03-30,3,Yd,1287.7691650390625,1348.5538330078125,1345.5299072265625,1340.328857421875,1348.1375732421875
M9_YHUR_SHUR,9,HUR,HUR,2025-03-28,2025-03-30,3,TSE,1179.23876953125,1348.57080078125,1364.20703125,1364.6173095703125,1352.5665283203125
M9_YHUR_SHUR,9,HUR,HUR,2025-03-28,2025-03-30,3,TSEC,75.02342987060547,89.9209976196289,89.49272155761719,90.38494110107422,90.43130493164062
M9_YHUR_SHUR,9,HUR,HUR,2025-03-29,2025-03-29,1,Yd,1423.7158203125,1348.6986083984375,1342.15185546875,1373.903564453125,1357.02197265625
M9_YHUR_SHUR,9,HUR,HUR,2025-03-29,2025-03-29,1,TSE,1244.478515625,1348.7548828125,1355.3258056640625,1354.852783203125,1347.50048828125
M9_YHUR_SHUR,9,HUR,HUR,2025-03-29,2025-03-29,1,TSEC,72.74674987792969,89.93394470214844,89.43096160888672,91.3139877319336,90.25957489013672
M9_YHUR_SHUR,9,HUR,HUR,2025-03-29,2025-03-30,2,Yd,1287.7691650390625,1348.6986083984375,1347.9676513671875,1351.3868408203125,1358.8870849609375
M9_YHUR_SHUR,9,HUR,HUR,2025-03-29,2025-03-30,2,TSE,1179.23876953125,1348.7548828125,1358.612060546875,1360.33837890625,1345.073486328125
M9_YHUR_SHUR,9,HUR,HUR,2025-03-29,2025-03-30,2,TSEC,75.02342987060547,89.93394470214844,89.78567504882812,89.8754653930664,90.61425018310547
M9_YHUR_SHUR,9,HUR,HUR,2025-03-29,2025-03-31,3,Yd,1378.9923095703125,1348.6986083984375,1345.984375,1334.9515380859375,1348.1724853515625
M9_YHUR_SHUR,9,HUR,HUR,2025-03-29,2025-03-31,3,TSE,1262.045166015625,1348.7548828125,1351.7254638671875,1345.86572265625,1352.20458984375
M9_YHUR_SHUR,9,HUR,HUR,2025-03-29,2025-03-31,3,TSEC,96.88614654541016,89.93394470214844,89.84549713134766,91.47932434082031,91.10531616210938
M9_YHUR_SHUR,9,HUR,HUR,2025-03-30,2025-03-30,1,Yd,1287.7691650390625,1348.7900390625,1351.322021484375,1368.7880859375,1351.59521484375
M9_YHUR_SHUR,9,HUR,HUR,2025-03-30,2025-03-30,1,TSE,1179.23876953125,1348.6275634765625,1361.056640625,1385.671142578125,1351.2301025390625
M9_YHUR_SHUR,9,HUR,HUR,2025-03-30,2025-03-30,1,TSEC,75.02342987060547,89.9129638671875,89.6837158203125,88.62297821044922,90.36663818359375
M9_YHUR_SHUR,9,HUR,HUR,2025-03-30,2025-03-31,2,Yd,1378.9923095703125,1348.7900390625,1355.262451171875,1377.5806884765625,1340.6732177734375
M9_YHUR_SHUR,9,HUR,HUR,2025-03-30,2025-03-31,2,TSE,1262.045166015625,1348.6275634765625,1340.5113525390625,1368.459716796875,1358.412109375
M9_YHUR_SHUR,9,HUR,HUR,2025-03-30,2025-03-31,2,TSEC,96.88614654541016,89.9129638671875,89.74726104736328,89.62488555908203,90.94960021972656
M9_YHUR_SHUR,9,HUR,HUR,2025-03-30,2025-04-01,3,Yd,1369.483642578125,1348.7900390625,1359.227783203125,1360.2578125,1323.8896484375
M9_YHUR_SHUR,9,HUR,HUR,2025-03-30,2025-04-01,3,TSE,1559.0291748046875,1348.6275634765625,1356.9825439453125,1367.7340087890625,1369.346435546875
M9_YHUR_SHUR,9,HUR,HUR,2025-03-30,2025-04-01,3,TSEC,95.30890655517578,89.9129638671875,89.6716537475586,89.80350494384766,92.00192260742188
