case_id,M,yd_level,solar_level,model,variable,bucket,MAE,RMSE,sMAPE,WAPE,MASE
M4_YHUR_SHUR,4,HUR,HUR,MEAN,Yd,ALL,47.50855192961516,60.29769336776908,8.016263671598296,0.07974218973134105,0.705369619920656
M4_YHUR_SHUR,4,HUR,HUR,MEAN,TSE,ALL,44.532142808702254,56.072050385077624,7.393627996348102,0.0738654044668282,0.6492479431529808
M4_YHUR_SHUR,4,HUR,HUR,MEAN,TSEC,ALL,3.276284267284252,4.150324883173518,8.188702424478349,0.08178512491881144,0.7226504879382247
M4_YHUR_SHUR,4,HUR,HUR,MEAN,Yd,step_1,47.65487535264757,60.530892240688395,8.020442766865964,0.0797914606283046,0.7075421150420138
M4_YHUR_SHUR,4,HUR,HUR,MEAN,TSE,step_1,44.41286790635851,55.65742754581869,7.3602228330213935,0.07359210429532775,0.6475089973010126
M4_YHUR_SHUR,4,HUR,HUR,MEAN,TSEC,step_1,3.27818603515625,4.149510973143269,8.1955976910346,0.0818319347654646,0.7230699611488884
M4_YHUR_SHUR,4,HUR,HUR,MEAN,Yd,step_2,47.13260158962674,59.78236617949198,7.956425996951411,0.07916804699873835,0.6997878049072338
M4_YHUR_SHUR,4,HUR,HUR,MEAN,TSE,step_2,44.041683959960935,55.37401415726658,7.302435107165027,0.07302240567867774,0.642097391244568
M4_YHUR_SHUR,4,HUR,HUR,MEAN,TSEC,step_2,3.270397482977973,4.145089509194344,8.179696870823253,0.08173887904833951,0.7213520390845036
M4_YHUR_SHUR,4,HUR,HUR,MEAN,Yd,step_3,47.73817884657118,60.57652395893819,8.071922250977511,0.08026744281871052,0.7087789398127206
M4_YHUR_SHUR,4,HUR,HUR,MEAN,TSE,step_3,45.14187655978733,57.1681188972738,7.518226048857886,0.07498392231610687,0.6581374409133621
M4_YHUR_SHUR,4,HUR,HUR,MEAN,TSEC,step_3,3.2802692837185328,4.1563663881085375,8.190812711577191,0.0817845043464046,0.723529463581282
M4_YHUR_SHUR,4,HUR,HUR,ARIMA,Yd,ALL,47.69129435221354,60.25771270504941,8.047541506555184,0.08004891936933115,0.7080828357088907
M4_YHUR_SHUR,4,HUR,HUR,ARIMA,TSE,ALL,44.25363170482494,55.78983658829034,7.347208102015173,0.0734034384791421,0.6451874432548651
M4_YHUR_SHUR,4,HUR,HUR,ARIMA,TSEC,ALL,3.361819104795103,4.197634226026234,8.398695825713204,0.08392031124577011,0.741516919242786
M4_YHUR_SHUR,4,HUR,HUR,ARIMA,Yd,step_1,48.172144911024304,60.84547440240286,8.107749727390322,0.08065755655859527,0.7152221266813767
M4_YHUR_SHUR,4,HUR,HUR,ARIMA,TSE,step_1,44.60666944715712,55.81082442892663,7.391934254625056,0.07391323337064705,0.6503344901654339
M4_YHUR_SHUR,4,HUR,HUR,ARIMA,TSEC,step_1,3.4006590101453993,4.237875080388165,8.496103674543305,0.08488917446826467,0.7500838427033475
M4_YHUR_SHUR,4,HUR,HUR,ARIMA,Yd,step_2,47.035104031032986,59.42146107697679,7.940455209795751,0.07900428155739442,0.6983402378260407
M4_YHUR_SHUR,4,HUR,HUR,ARIMA,TSE,step_2,43.64563496907552,54.760575967578184,7.236949552791852,0.07236574481831287,0.6363232699806364
M4_YHUR_SHUR,4,HUR,HUR,ARIMA,TSEC,step_2,3.3491028679741754,4.203765458445769,8.372313377410288,0.08370600689079355,0.7387120970742266
M4_YHUR_SHUR,4,HUR,HUR,ARIMA,Yd,step_3,47.866634114583334,60.49705802397907,8.09441958247948,0.08048342876809217,0.7106861426192548
M4_YHUR_SHUR,4,HUR,HUR,ARIMA,TSE,step_3,44.50859069824219,56.77982736771084,7.412740498628614,0.07393198869117,0.6489045696185252
M4_YHUR_SHUR,4,HUR,HUR,ARIMA,TSEC,step_3,3.3356954362657336,4.150803543884463,8.327670425186025,0.08316640321562255,0.7357548179507838
M4_YHUR_SHUR,4,HUR,HUR,RNN,Yd,ALL,49.0191729510272,61.83515833426552,8.262141566282274,0.08227773803178294,0.7277981329449257
M4_YHUR_SHUR,4,HUR,HUR,RNN,TSE,ALL,45.755262473777485,57.195131119497375,7.596506823680453,0.07589419138508219,0.6670801846912182
M4_YHUR_SHUR,4,HUR,HUR,RNN,TSEC,ALL,3.2592141610604743,4.1510363302109425,8.146421670573215,0.08135900781297,0.7188853321747428
M4_YHUR_SHUR,4,HUR,HUR,RNN,Yd,step_1,48.41380615234375,61.359905919365644,8.143128085938594,0.08106218469536904,0.7188101227582008
M4_YHUR_SHUR,4,HUR,HUR,RNN,TSE,step_1,45.903947279188365,57.41786769061445,7.611592882620442,0.07606282221764858,0.6692479066556831
M4_YHUR_SHUR,4,HUR,HUR,RNN,TSEC,step_1,3.2664527469211153,4.057499598439453,8.165296234658568,0.08153904178527834,0.7204819480900373
M4_YHUR_SHUR,4,HUR,HUR,RNN,Yd,step_2,49.3529303656684,62.24835819101534,8.318529484545184,0.0828975057378249,0.7327535005818923
M4_YHUR_SHUR,4,HUR,HUR,RNN,TSE,step_2,45.3735850016276,56.503557734727266,7.523318603131123,0.07523073672879962,0.6615155902631972
M4_YHUR_SHUR,4,HUR,HUR,RNN,TSEC,step_2,3.2081246693929035,4.149106255088543,8.021658027423438,0.08018245968215446,0.7076165157137435
M4_YHUR_SHUR,4,HUR,HUR,RNN,Yd,step_3,49.290782335069444,61.893976013508045,8.324767128363042,0.0828780055746485,0.7318307754946838
M4_YHUR_SHUR,4,HUR,HUR,RNN,TSE,step_3,45.98825514051649,57.65748437549913,7.654608985289793,0.07638981836173,0.6704770571547742
M4_YHUR_SHUR,4,HUR,HUR,RNN,TSEC,step_3,3.3030650668674046,4.244398913490835,8.252310749637639,0.08235285458376838,0.7285575327204478
M4_YHUR_SHUR,4,HUR,HUR,LSTM,Yd,ALL,47.813065140335645,60.52424754002138,8.066580043352928,0.08025330929274017,0.7098907926144681
M4_YHUR_SHUR,4,HUR,HUR,LSTM,TSE,ALL,44.1004140218099,55.514264775985815,7.321936822493737,0.07314929651754835,0.6429536350597485
M4_YHUR_SHUR,4,HUR,HUR,LSTM,TSEC,ALL,3.265933933964482,4.14316946810537,8.163007597421345,0.08152675194673402,0.720367513442225
M4_YHUR_SHUR,4,HUR,HUR,LSTM,Yd,step_1,47.732590738932295,60.468909050503555,8.033391688859778,0.07992158423347748,0.7086959719847987
M4_YHUR_SHUR,4,HUR,HUR,LSTM,TSE,step_1,44.20866394042969,55.308740862674554,7.326348350206702,0.07325373840574283,0.6445318442492834
M4_YHUR_SHUR,4,HUR,HUR,LSTM,TSEC,step_1,3.2808763292100696,4.148342433338473,8.202311127087508,0.08189909140793428,0.7236633596918974
M4_YHUR_SHUR,4,HUR,HUR,LSTM,Yd,step_2,47.40550401475694,60.0575239339269,8.001498830155915,0.07962643782144084,0.7038396455142619
M4_YHUR_SHUR,4,HUR,HUR,LSTM,TSE,step_2,43.46353658040365,54.62803569070429,7.206468435106318,0.07206382034096727,0.6336684010064539
M4_YHUR_SHUR,4,HUR,HUR,LSTM,TSEC,step_2,3.259906768798828,4.1364483021820515,8.153676214748048,0.08147667874336649,0.7190381007623373
M4_YHUR_SHUR,4,HUR,HUR,LSTM,Yd,step_3,48.301100667317705,61.0422679626591,8.164849611043088,0.08121394509738765,0.7171367603443437
M4_YHUR_SHUR,4,HUR,HUR,LSTM,TSE,step_3,44.629041544596355,56.58817616441999,7.43299368216819,0.07413206625981002,0.6506606599235081
M4_YHUR_SHUR,4,HUR,HUR,LSTM,TSEC,step_3,3.2570187038845484,4.144708701882468,8.133035450428473,0.08120481500293297,0.7184010798724402
M4_YHUR_SLUR,4,HUR,LUR,MEAN,Yd,ALL,46.41207512749566,57.4277684323478,7.832980815575344,0.07803342766338425,0.7012474372323715
M4_YHUR_SLUR,4,HUR,LUR,MEAN,TSE,ALL,4.840704119646991,6.237326822971092,0.8064331454602778,0.008065304546653431,0.7419926420925594
M4_YHUR_SLUR,4,HUR,LUR,MEAN,TSEC,ALL,0.32113694085015193,0.41539352080110264,0.8015625962881183,0.008017396603131914,0.7025299559757904
M4_YHUR_SLUR,4,HUR,LUR,MEAN,Yd,step_1,46.41703864203559,57.455658243247164,7.835247130223262,0.07808186442923365,0.7013224317643167
M4_YHUR_SLUR,4,HUR,LUR,MEAN,TSE,step_1,4.769875759548611,6.192648315613416,0.7946933279926713,0.007947783232262084,0.7311359318401857
M4_YHUR_SLUR,4,HUR,LUR,MEAN,TSEC,step_1,0.3233461591932509,0.41722070119707355,0.8070641788592338,0.008072190606351417,0.7073629162114128
M4_YHUR_SLUR,4,HUR,LUR,MEAN,Yd,step_2,46.60013800726996,57.500100954959116,7.86512026240898,0.07836609124877515,0.7040889092440838
M4_YHUR_SLUR,4,HUR,LUR,MEAN,TSE,step_2,4.855691189236111,6.250878513813886,0.8088849170863912,0.008089625036412453,0.7442898895769745
M4_YHUR_SLUR,4,HUR,LUR,MEAN,TSEC,step_2,0.3215176052517361,0.4159960591333537,0.8024598658295325,0.008026155223197143,0.7033627102038731
M4_YHUR_SLUR,4,HUR,LUR,MEAN,Yd,step_3,46.219048733181424,57.32740607565268,7.798575054093792,0.07765269760392664,0.6983309706887139
M4_YHUR_SLUR,4,HUR,LUR,MEAN,TSE,step_3,4.89654541015625,6.2682024803235405,0.8157211913017709,0.008158497945528014,0.7505521048605184
M4_YHUR_SLUR,4,HUR,LUR,MEAN,TSEC,step_3,0.31854705810546874,0.4129521723502007,0.795163744175589,0.00795383198016085,0.6968642415120853
M4_YHUR_SLUR,4,HUR,LUR,ARIMA,Yd,ALL,47.070619371202255,58.55883414759152,7.941269967199319,0.07914064953319401,0.7111974871263871
M4_YHUR_SLUR,4,HUR,LUR,ARIMA,TSE,ALL,4.883513726128472,6.335919210138231,0.8135737996683916,0.00813663146630427,0.7485545827183487
M4_YHUR_SLUR,4,HUR,LUR,ARIMA,TSEC,ALL,0.32624749077690973,0.41909368073958075,0.8143261766877522,0.008144984869727636,0.7137099666140948
M4_YHUR_SLUR,4,HUR,LUR,ARIMA,Yd,step_1,46.7989003499349,58.54838647989014,7.897199006745047,0.07872422497137962,0.7070920411451936
M4_YHUR_SLUR,4,HUR,LUR,ARIMA,TSE,step_1,4.771012369791666,6.265168317447658,0.7949065589644578,0.007949677103777144,0.7313101536923023
M4_YHUR_SLUR,4,HUR,LUR,ARIMA,TSEC,step_1,0.3295062171088325,0.42394375438207316,0.8224470730448065,0.008225973665858921,0.7208388657698326
M4_YHUR_SLUR,4,HUR,LUR,ARIMA,Yd,step_2,47.92356194390191,59.38298227172697,8.083695379974767,0.080591654635792,0.724084732343692
M4_YHUR_SLUR,4,HUR,LUR,ARIMA,TSE,step_2,4.923577202690972,6.324810332422744,0.8202150820912307,0.008202723743200902,0.7546955911525083
M4_YHUR_SLUR,4,HUR,LUR,ARIMA,TSEC,step_2,0.322500737508138,0.41398669308624586,0.8049175194901627,0.008050697493871982,0.7055134433427638
M4_YHUR_SLUR,4,HUR,LUR,ARIMA,Yd,step_3,46.48939581976997,57.733517364634636,7.842915514878139,0.07810690817593893,0.7024156878902755
M4_YHUR_SLUR,4,HUR,LUR,ARIMA,TSE,step_3,4.9559516059027775,6.416857246746618,0.8255997579494871,0.008257479020010526,0.7596580033102356
M4_YHUR_SLUR,4,HUR,LUR,ARIMA,TSEC,step_3,0.3267355177137587,0.4192913673992059,0.8156139375282874,0.008158290411791093,0.7147775907296882
M4_YHUR_SLUR,4,HUR,LUR,RNN,Yd,ALL,46.88949144151476,57.888594265120354,7.915123639654409,0.07883611600048164,0.7084607963803765
M4_YHUR_SLUR,4,HUR,LUR,RNN,TSE,ALL,4.917398862485532,6.310938889479312,0.8192012981172656,0.008193088943888026,0.7537485630219983
M4_YHUR_SLUR,4,HUR,LUR,RNN,TSEC,ALL,0.3224334858081959,0.4118699164740801,0.8047987790643375,0.008049765707461397,0.705366321265576
M4_YHUR_SLUR,4,HUR,LUR,RNN,Yd,step_1,46.5844729953342,58.39112454146787,7.864619177567593,0.07836351933134579,0.703852224083078
M4_YHUR_SLUR,4,HUR,LUR,RNN,TSE,step_1,4.7084669325086805,6.160716913056782,0.7844634001353731,0.007845461060686901,0.7217230661295488
M4_YHUR_SLUR,4,HUR,LUR,RNN,TSEC,step_1,0.32071249220106335,0.40973620554868706,0.8004831816963786,0.008006442301167784,0.7016014178575385
M4_YHUR_SLUR,4,HUR,LUR,RNN,Yd,step_2,47.00023973253038,57.43794882934421,7.933332140664266,0.07903893063619626,0.7101341099531747
M4_YHUR_SLUR,4,HUR,LUR,RNN,TSE,step_2,5.119287109375,6.4760682127921205,0.8527766447884101,0.008528778201625826,0.784694390326121
M4_YHUR_SLUR,4,HUR,LUR,RNN,TSEC,step_2,0.32322608100043404,0.4073797833169333,0.8067321329757718,0.00806880449443497,0.7071002291244338
M4_YHUR_SLUR,4,HUR,LUR,RNN,Yd,step_3,47.083761596679686,57.832747185617954,7.947419600731369,0.07910550306712627,0.7113960551048767
M4_YHUR_SLUR,4,HUR,LUR,RNN,TSE,step_3,4.924442545572917,6.292055039545246,0.8203638494280132,0.008204979434602109,0.7548282326103251
M4_YHUR_SLUR,4,HUR,LUR,RNN,TSEC,step_3,0.32336188422309026,0.4184118046808787,0.8071810225208623,0.008074053834291339,0.7073973168147553
M4_YHUR_SLUR,4,HUR,LUR,LSTM,Yd,ALL,46.353294655128764,57.37451277388073,7.823624225552741,0.07793459903471678,0.7003593137107801
M4_YHUR_SLUR,4,HUR,LUR,LSTM,TSE,ALL,4.850148518880208,6.241552044989478,0.8080071101822273,0.008081040264886432,0.7434402981704408
M4_YHUR_SLUR,4,HUR,LUR,LSTM,TSEC,ALL,0.32688238355848526,0.4167969466679766,0.8159104869962874,0.008160835388876513,0.7150988793835471
M4_YHUR_SLUR,4,HUR,LUR,LSTM,Yd,step_1,46.288759019639755,57.41500441114787,7.813961989545897,0.07786607487483768,0.699384234512694
M4_YHUR_SLUR,4,HUR,LUR,LSTM,TSE,step_1,4.7736931694878475,6.18790382239587,0.7953290188016486,0.007954143973764627,0.7317210719389717
M4_YHUR_SLUR,4,HUR,LUR,LSTM,TSEC,step_1,0.3253219180636936,0.4167172740906553,0.8120031108205629,0.008121514532864709,0.7116851526647973
M4_YHUR_SLUR,4,HUR,LUR,LSTM,Yd,step_2,46.58110046386719,57.373790917579974,7.862666159360583,0.07833407636797755,0.7038012679678486
M4_YHUR_SLUR,4,HUR,LUR,LSTM,TSE,step_2,4.868023681640625,6.2555047916820365,0.8109396678208616,0.008110171079278208,0.7461802382528359
M4_YHUR_SLUR,4,HUR,LUR,LSTM,TSEC,step_2,0.3261920081244575,0.41523092518956384,0.8141324910484842,0.008142843959426209,0.7135885909004148
M4_YHUR_SLUR,4,HUR,LUR,LSTM,Yd,step_3,46.19002448187934,57.334714897122296,7.7942445277517365,0.07760393391295255,0.6978924386517976
M4_YHUR_SLUR,4,HUR,LUR,LSTM,TSE,step_3,4.908728705512153,6.280877476671447,0.8177526439241715,0.008178797438702269,0.7524195843195148
M4_YHUR_SLUR,4,HUR,LUR,LSTM,TSEC,step_3,0.3291332244873047,0.41843646649869914,0.8215958591198157,0.008218158981690628,0.7200228945854291
M4_YLUR_SHUR,4,LUR,HUR,MEAN,Yd,ALL,4.616234447337963,5.663661690677403,0.7697412675238299,0.007697395573554716,0.7048857745415744
M4_YLUR_SHUR,4,LUR,HUR,MEAN,TSE,ALL,45.16888947663484,57.00609150635778,7.495566584004792,0.07500345919244895,0.6525957357944505
M4_YLUR_SHUR,4,LUR,HUR,MEAN,TSEC,ALL,3.237039092735008,4.179578474327641,8.155112347601039,0.0813560195801291,0.7295175765962034
M4_YLUR_SHUR,4,LUR,HUR,MEAN,Yd,step_1,4.585872395833333,5.620655185200952,0.7646427454942156,0.00764620657838806,0.7002495762644584
M4_YLUR_SHUR,4,LUR,HUR,MEAN,TSE,step_1,45.440791829427084,57.287036059308576,7.534539817232097,0.07535331020777868,0.6565241546252143
M4_YLUR_SHUR,4,LUR,HUR,MEAN,TSEC,step_1,3.3321095996432835,4.292641873129469,8.373287117733382,0.08361381652972505,0.7509432078037952
M4_YLUR_SHUR,4,LUR,HUR,MEAN,Yd,step_2,4.6034532335069445,5.647646780993034,0.7675320591211615,0.00767529424454661,0.7029341198079084
M4_YLUR_SHUR,4,LUR,HUR,MEAN,TSE,step_2,44.964395480685766,56.85681133023028,7.464565627853426,0.07470608869003612,0.6496412263677585
M4_YLUR_SHUR,4,LUR,HUR,MEAN,TSEC,step_2,3.215378591749403,4.143348170364984,8.11661572527248,0.08092833293526569,0.7246360426591119
M4_YLUR_SHUR,4,LUR,HUR,MEAN,Yd,step_3,4.659377712673611,5.722194715802068,0.777048997956113,0.0077707048488012175,0.7114736275523564
M4_YLUR_SHUR,4,LUR,HUR,MEAN,TSE,step_3,45.101481119791664,56.87338491238046,7.487594306928852,0.07495029711578516,0.6516218263903789
M4_YLUR_SHUR,4,LUR,HUR,MEAN,TSEC,step_3,3.163629086812337,4.100307349135867,7.975434199797256,0.07952149730594459,0.7129734793257032
M4_YLUR_SHUR,4,LUR,HUR,ARIMA,Yd,ALL,4.6730767144097225,5.706917496882379,0.779216978649363,0.007792177894500587,0.7135654258696568
M4_YLUR_SHUR,4,LUR,HUR,ARIMA,TSE,ALL,44.9452722620081,57.16846506951315,7.458425076410152,0.07463214024203152,0.6493649359584013
M4_YLUR_SHUR,4,LUR,HUR,ARIMA,TSEC,ALL,3.2657306600500036,4.207448256078866,8.226248471226217,0.08207712045206547,0.7359836717086654
M4_YLUR_SHUR,4,LUR,HUR,ARIMA,Yd,step_1,4.680613878038194,5.721449268482776,0.780431428490399,0.0078041728020316215,0.7147163291616604
M4_YLUR_SHUR,4,LUR,HUR,ARIMA,TSE,step_1,45.26405504014757,57.19431247275371,7.504781788533912,0.07506023208190232,0.6539706786292752
M4_YLUR_SHUR,4,LUR,HUR,ARIMA,TSEC,step_1,3.323060925801595,4.292552244525486,8.351338596079504,0.08338675492451336,0.7489039471018737
M4_YLUR_SHUR,4,LUR,HUR,ARIMA,Yd,step_2,4.631495496961805,5.671069341062731,0.772221576560188,0.007722048846446887,0.7072160930960454
M4_YLUR_SHUR,4,LUR,HUR,ARIMA,TSE,step_2,44.46065402560764,56.89494679445851,7.380471216456567,0.07386914751874694,0.6423632186652019
M4_YLUR_SHUR,4,LUR,HUR,ARIMA,TSEC,step_2,3.2697315004136827,4.1908923411644805,8.250730152135123,0.08229634922413127,0.7368853238922952
M4_YLUR_SHUR,4,LUR,HUR,ARIMA,Yd,step_3,4.707120768229166,5.728063612225595,0.7849979308975021,0.00785032861321358,0.7187638553512642
M4_YLUR_SHUR,4,LUR,HUR,ARIMA,TSE,step_3,45.111107720269096,57.41494444164498,7.490022224239978,0.0749662947404326,0.6517609105807268
M4_YLUR_SHUR,4,LUR,HUR,ARIMA,TSEC,step_3,3.204399553934733,4.137424210246201,8.076676665464024,0.08054631042482462,0.7221617441318274
M4_YLUR_SHUR,4,LUR,HUR,RNN,Yd,ALL,4.668094663266783,5.7125291480941724,0.7783994751841964,0.0077838705134842265,0.712804680933766
M4_YLUR_SHUR,4,LUR,HUR,RNN,TSE,ALL,48.614736825448496,59.87819232697691,8.054638063961496,0.08072532824888981,0.7023810041968904
M4_YLUR_SHUR,4,LUR,HUR,RNN,TSEC,ALL,3.1933418909708657,4.208895193859958,8.045472995212494,0.08025778434092576,0.7196697261928651
M4_YLUR_SHUR,4,LUR,HUR,RNN,Yd,step_1,4.570830620659722,5.60477887335618,0.7621564654532619,0.0076211268312089625,0.6979527402903137
M4_YLUR_SHUR,4,LUR,HUR,RNN,TSE,step_1,48.177490234375,59.37389888712457,7.978862081381203,0.07989150761919851,0.6960637078424421
M4_YLUR_SHUR,4,LUR,HUR,RNN,TSEC,step_1,3.1980656305948894,4.20876010162093,8.03694686995044,0.08025020332920835,0.7207342950733346
M4_YLUR_SHUR,4,LUR,HUR,RNN,Yd,step_2,4.710192192925347,5.760766890652967,0.7853551494915463,0.007853259106865598,0.7192328531027025
M4_YLUR_SHUR,4,LUR,HUR,RNN,TSE,step_2,48.33978407118055,60.18734254424801,8.009769412322761,0.08031412759969198,0.6984085134613585
M4_YLUR_SHUR,4,LUR,HUR,RNN,TSEC,step_2,3.127107853359646,4.149710186607831,7.895084739837725,0.07870663384105067,0.7047428460341538
M4_YLUR_SHUR,4,LUR,HUR,RNN,Yd,step_3,4.723261176215278,5.770527394945229,0.787686810607781,0.00787724687447799,0.7212284494082815
M4_YLUR_SHUR,4,LUR,HUR,RNN,TSE,step_3,49.32693617078993,60.07010635451024,8.175282698180528,0.08197221975909141,0.7126707912868706
M4_YLUR_SHUR,4,LUR,HUR,RNN,TSEC,step_3,3.254852188958062,4.267392650420082,8.204387375849318,0.08181449609703564,0.7335320374711068
M4_YLUR_SHUR,4,LUR,HUR,LSTM,Yd,ALL,4.6292896412037035,5.65681775704297,0.7719185070139951,0.0077191646133685414,0.7068792652415864
M4_YLUR_SHUR,4,LUR,HUR,LSTM,TSE,ALL,45.148148148148145,57.05230168154596,7.491976452686336,0.07496901797853438,0.6522960670914569
M4_YLUR_SHUR,4,LUR,HUR,LSTM,TSEC,ALL,3.2503987700850874,4.195065997929071,8.188102970076967,0.08169178635369591,0.732528389615549
M4_YLUR_SHUR,4,LUR,HUR,LSTM,Yd,step_1,4.5950608995225695,5.6168402580512575,0.7661748039156598,0.0076615269343181585,0.7016526344526317
M4_YLUR_SHUR,4,LUR,HUR,LSTM,TSE,step_1,45.19718153211806,57.11734271029516,7.49406076129888,0.0749493374431349,0.653004496669007
M4_YLUR_SHUR,4,LUR,HUR,LSTM,TSEC,step_1,3.335834863450792,4.295059073046294,8.382485516425028,0.08370729590524115,0.7517827544843201
M4_YLUR_SHUR,4,LUR,HUR,LSTM,Yd,step_2,4.616156005859375,5.637281769072169,0.7696505508115908,0.007696473457320349,0.7048737967525299
M4_YLUR_SHUR,4,LUR,HUR,LSTM,TSE,step_2,44.96983100043403,56.87730107237684,7.465367325907986,0.07471511953357463,0.6497197582300788
M4_YLUR_SHUR,4,LUR,HUR,LSTM,TSEC,step_2,3.226916101243761,4.16057501216347,8.14504750574679,0.08121872219518023,0.7272362015466488
M4_YLUR_SHUR,4,LUR,HUR,LSTM,Yd,step_3,4.676652018229166,5.71584824683189,0.7799301663147342,0.007799514174470419,0.7141113645195976
M4_YLUR_SHUR,4,LUR,HUR,LSTM,TSE,step_3,45.277431911892364,57.16185061667693,7.5165012708521415,0.0752426947004826,0.6541639463752852
M4_YLUR_SHUR,4,LUR,HUR,LSTM,TSEC,step_3,3.1884453455607096,4.1276893424948495,8.036775888059083,0.08014528283801868,0.7185662128156781
M4_YLUR_SLUR,4,LUR,LUR,MEAN,Yd,ALL,4.613636158130787,5.9415835612306305,0.7697266431159093,0.0076954713250847314,0.7238411879234311
M4_YLUR_SLUR,4,LUR,LUR,MEAN,TSE,ALL,4.536034704137731,5.8245109816470295,0.7560761611774932,0.007561078733763826,0.6777218349335198
M4_YLUR_SLUR,4,LUR,LUR,MEAN,TSEC,ALL,0.3230786641438802,0.4054721661299289,0.8063064950888708,0.00806644718542665,0.6789002745430994
M4_YLUR_SLUR,4,LUR,LUR,MEAN,Yd,step_1,4.616571044921875,5.939982972514221,0.7702231280611987,0.007700407907732181,0.7243016472809679
M4_YLUR_SLUR,4,LUR,LUR,MEAN,TSE,step_1,4.572213406032986,5.858757000238038,0.7622455089939019,0.007622685235484965,0.6831272380737557
M4_YLUR_SLUR,4,LUR,LUR,MEAN,TSEC,step_1,0.32442830403645834,0.4058983808693406,0.8096660496682534,0.008099649199051893,0.6817363358349635
M4_YLUR_SLUR,4,LUR,LUR,MEAN,Yd,step_2,4.598567708333333,5.935086085492402,0.7672288615330778,0.007670775365375431,0.7214770733232081
M4_YLUR_SLUR,4,LUR,LUR,MEAN,TSE,step_2,4.469510226779514,5.770263206399959,0.7449749684630559,0.007450171006152815,0.6677825170482139
M4_YLUR_SLUR,4,LUR,LUR,MEAN,TSEC,step_2,0.32307069566514757,0.40543943740300786,0.8062881396335186,0.00806636159487145,0.6788835300068621
M4_YLUR_SLUR,4,LUR,LUR,MEAN,Yd,step_3,4.625769721137153,5.949672351423543,0.7717279397534517,0.007715228084689598,0.7257448431661171
M4_YLUR_SLUR,4,LUR,LUR,MEAN,TSE,step_3,4.566380479600695,5.844126407514574,0.7610080060755219,0.00761038245920818,0.68225574967859
M4_YLUR_SLUR,4,LUR,LUR,MEAN,TSEC,step_3,0.3217369927300347,0.40507826345568104,0.8029652959648405,0.008033327173099613,0.6760809577874727
M4_YLUR_SLUR,4,LUR,LUR,ARIMA,Yd,ALL,4.746782543041088,6.066564596160424,0.7919447060255134,0.007917557365682056,0.7447307496742713
M4_YLUR_SLUR,4,LUR,LUR,ARIMA,TSE,ALL,4.503230794270833,5.89156814782249,0.7506050069716582,0.007506398167706284,0.6728206541802711
M4_YLUR_SLUR,4,LUR,LUR,ARIMA,TSEC,ALL,0.32708731757269965,0.4103031889854985,0.816331416267046,0.008166532999678537,0.6873238450706837
M4_YLUR_SLUR,4,LUR,LUR,ARIMA,Yd,step_1,4.828984917534722,6.165668349572318,0.8056675061450265,0.008054712747506973,0.7576276193805521
M4_YLUR_SLUR,4,LUR,LUR,ARIMA,TSE,step_1,4.479433186848959,5.934346924550024,0.7467773473531126,0.007468004264997901,0.6692650909579995
M4_YLUR_SLUR,4,LUR,LUR,ARIMA,TSEC,step_1,0.3252215067545573,0.4083274591478519,0.8116626417149955,0.00811945223004642,0.683403129724039
M4_YLUR_SLUR,4,LUR,LUR,ARIMA,Yd,step_2,4.744485134548611,6.068602025377239,0.7915779531465199,0.007914177195985164,0.7443703053662803
M4_YLUR_SLUR,4,LUR,LUR,ARIMA,TSE,step_2,4.431508382161458,5.8431199257810045,0.7386272194729376,0.007386826204018249,0.6621047210115315
M4_YLUR_SLUR,4,LUR,LUR,ARIMA,TSEC,step_2,0.3328407287597656,0.41415925430881284,0.8307056406551565,0.008310297738856273,0.6994137565007956
M4_YLUR_SLUR,4,LUR,LUR,ARIMA,Yd,step_3,4.666877577039931,5.963742219347739,0.778588658784994,0.007783791049013841,0.7321943242759815
M4_YLUR_SLUR,4,LUR,LUR,ARIMA,TSE,step_3,4.598750813802083,5.896880686713462,0.7664104540889242,0.00766433123213796,0.6870921505712827
M4_YLUR_SLUR,4,LUR,LUR,ARIMA,TSEC,step_3,0.32319971720377605,0.4083955421539717,0.8066259664309858,0.008069849377655444,0.6791546489872161
M4_YLUR_SLUR,4,LUR,LUR,RNN,Yd,ALL,4.694443088107639,6.007809134747741,0.7832000021286083,0.007830255991926978,0.7365191239769294
M4_YLUR_SLUR,4,LUR,LUR,RNN,TSE,ALL,4.7284059877748845,6.015188160502487,0.7881108363775242,0.007881740835482076,0.7064637268807226
M4_YLUR_SLUR,4,LUR,LUR,RNN,TSEC,ALL,0.3234550193504051,0.4064078147038384,0.8072549287769286,0.008075843811491198,0.6796911273024809
M4_YLUR_SLUR,4,LUR,LUR,RNN,Yd,step_1,4.841699896918403,6.079432487209645,0.8077836012567797,0.008075921243345122,0.7596224940230368
M4_YLUR_SLUR,4,LUR,LUR,RNN,TSE,step_1,4.830678982204861,6.117892235510857,0.8053120926764005,0.00805359288488882,0.7217441746660984
M4_YLUR_SLUR,4,LUR,LUR,RNN,TSEC,step_1,0.32464269002278645,0.4023306972648156,0.8102124372504795,0.008105001541189882,0.6821868351130945
M4_YLUR_SLUR,4,LUR,LUR,RNN,Yd,step_2,4.621278889973959,5.953407141215462,0.7710051502101494,0.007708659416170589,0.7250402690617631
M4_YLUR_SLUR,4,LUR,LUR,RNN,TSE,step_2,4.720242648654514,5.980815666883825,0.7867066798431601,0.007868113761617003,0.7052440551787411
M4_YLUR_SLUR,4,LUR,LUR,RNN,TSEC,step_2,0.32908282809787326,0.4147156232830932,0.8213100584801939,0.008216471260679346,0.691517104464596
M4_YLUR_SLUR,4,LUR,LUR,RNN,Yd,step_3,4.620350477430556,5.989887798870684,0.7708112549188958,0.007706189437337167,0.7248946088459883
M4_YLUR_SLUR,4,LUR,LUR,RNN,TSE,step_3,4.6342963324652775,5.945477640373466,0.7723137366130125,0.0077235718041722655,0.6924029507973278
M4_YLUR_SLUR,4,LUR,LUR,RNN,TSEC,step_3,0.31663953993055555,0.40204837694035184,0.7902422906001121,0.007906050835553905,0.6653694423297521
M4_YLUR_SLUR,4,LUR,LUR,LSTM,Yd,ALL,4.603985369646991,5.923990753633398,0.7681184136274407,0.0076793739642404815,0.7223270593790295
M4_YLUR_SLUR,4,LUR,LUR,LSTM,TSE,ALL,4.551728199146412,5.851670556811313,0.7586936555195845,0.007587238090803208,0.680066575423292
M4_YLUR_SLUR,4,LUR,LUR,LSTM,TSEC,ALL,0.3223116839373553,0.4047914071274788,0.8043891994512137,0.008047297653084134,0.6772885832413582
M4_YLUR_SLUR,4,LUR,LUR,LSTM,Yd,step_1,4.60709974500868,5.929635350256034,0.7686445416753545,0.007684609846348877,0.7228156790022896
M4_YLUR_SLUR,4,LUR,LUR,LSTM,TSE,step_1,4.576055908203125,5.8644707972691394,0.7628862158684868,0.00762909136353686,0.6837013402998933
M4_YLUR_SLUR,4,LUR,LUR,LSTM,TSEC,step_1,0.32405005560980904,0.4053434810032469,0.808720730824597,0.008090205881290048,0.680941504763781
M4_YLUR_SLUR,4,LUR,LUR,LSTM,Yd,step_2,4.591623942057292,5.915567539397072,0.7660719966154311,0.0076591926129465256,0.7203876540760803
M4_YLUR_SLUR,4,LUR,LUR,LSTM,TSE,step_2,4.487993706597222,5.800480565142584,0.7480578268352788,0.007480980888767161,0.6705441047950156
M4_YLUR_SLUR,4,LUR,LUR,LSTM,TSEC,step_2,0.32253960503472223,0.4050950906426401,0.8049605492225397,0.008053101435029844,0.6777675244799776
M4_YLUR_SLUR,4,LUR,LUR,LSTM,Yd,step_3,4.613232421875,5.926760046368307,0.7696387025915363,0.007694317375941707,0.7237778450587187
M4_YLUR_SLUR,4,LUR,LUR,LSTM,TSE,step_3,4.591134982638889,5.889698837609433,0.7651369238549881,0.0076516385999415,0.6859542811749669
M4_YLUR_SLUR,4,LUR,LUR,LSTM,TSEC,step_3,0.32034539116753474,0.4039342518258813,0.7994863183065045,0.0079985808091478,0.6731567204803162
M5_YHUR_SHUR,5,HUR,HUR,MEAN,Yd,ALL,57.94166395399306,75.73640538669908,7.8948683626331135,0.07805025442263902,0.6905300011469928
M5_YHUR_SHUR,5,HUR,HUR,MEAN,TSE,ALL,54.39465490270544,64.39649936634956,7.21805067593142,0.07198995150562545,0.6561245926349224
M5_YHUR_SHUR,5,HUR,HUR,MEAN,TSEC,ALL,3.49572103994864,4.4008205242497205,6.977900723036814,0.06953965652279437,0.6048689006678372
M5_YHUR_SHUR,5,HUR,HUR,MEAN,Yd,step_1,57.096839057074654,75.02090383321747,7.777758177180144,0.0768952508127481,0.6804616514098971
M5_YHUR_SHUR,5,HUR,HUR,MEAN,TSE,step_1,53.54212103949653,63.60358927939989,7.112155077879173,0.07094343798131876,0.6458410742505157
M5_YHUR_SHUR,5,HUR,HUR,MEAN,TSEC,step_1,3.47666507297092,4.385749115017197,6.934840761318986,0.0690839050490668,0.6015716233206878
M5_YHUR_SHUR,5,HUR,HUR,MEAN,Yd,step_2,58.06063707139757,75.81291481645219,7.917986826375567,0.07829823333726889,0.691947884260654
M5_YHUR_SHUR,5,HUR,HUR,MEAN,TSE,step_2,54.680831570095485,64.7410020964365,7.251800779229243,0.07231479288276789,0.6595765411701004
M5_YHUR_SHUR,5,HUR,HUR,MEAN,TSEC,step_2,3.493647638956706,4.402002068543412,6.977261311927461,0.06955241051964176,0.6045101375502134
M5_YHUR_SHUR,5,HUR,HUR,MEAN,Yd,step_3,58.667515733506946,76.36933440704954,7.988860084343628,0.07895699647498418,0.6991804677704272
M5_YHUR_SHUR,5,HUR,HUR,MEAN,TSE,step_3,54.96101209852431,64.83759303249457,7.290196170685842,0.07270988156410095,0.6629561624841509
M5_YHUR_SHUR,5,HUR,HUR,MEAN,TSEC,step_3,3.516850407918294,4.41466265400179,7.021600095864001,0.06998331769093352,0.6085249411326102
M5_YHUR_SHUR,5,HUR,HUR,ARIMA,Yd,ALL,58.714090757016784,76.0311092020533,7.996866734301207,0.07909075109437316,0.6997355338289927
M5_YHUR_SHUR,5,HUR,HUR,ARIMA,TSE,ALL,55.222823757595485,65.26226623782323,7.328958999421042,0.07308601206173422,0.6661142130033133
M5_YHUR_SHUR,5,HUR,HUR,ARIMA,TSEC,ALL,3.5903822439688224,4.497050516479879,7.16812855656916,0.07142273229982901,0.6212482449453836
M5_YHUR_SHUR,5,HUR,HUR,ARIMA,Yd,step_1,57.80156792534722,75.48633220927005,7.870968603301363,0.07784434543822524,0.6888603820125075
M5_YHUR_SHUR,5,HUR,HUR,ARIMA,TSE,step_1,54.64578789605035,64.73248282472251,7.2612497078809,0.07240579919656095,0.6591538338949385
M5_YHUR_SHUR,5,HUR,HUR,ARIMA,TSEC,step_1,3.5465264214409724,4.472820670867121,7.074839924852072,0.07047210168665105,0.6136598181638535
M5_YHUR_SHUR,5,HUR,HUR,ARIMA,Yd,step_2,58.71365627712674,76.058486291595,8.003447537939477,0.07917886869924443,0.6997303558382604
M5_YHUR_SHUR,5,HUR,HUR,ARIMA,TSE,step_2,55.327081298828126,65.44046634134686,7.337543446148661,0.07316945097669132,0.6673717986409599
M5_YHUR_SHUR,5,HUR,HUR,ARIMA,TSEC,step_2,3.582113265991211,4.484895466806158,7.155070193539627,0.07131360633680747,0.6198174535401753
M5_YHUR_SHUR,5,HUR,HUR,ARIMA,Yd,step_3,59.627048068576386,76.54481701661217,8.116184061662779,0.08024837195339805,0.7106158636362102
M5_YHUR_SHUR,5,HUR,HUR,ARIMA,TSE,step_3,55.695602077907985,65.61052671533446,7.388083844233566,0.07368169682658948,0.6718170064740415
M5_YHUR_SHUR,5,HUR,HUR,ARIMA,TSEC,step_3,3.642507044474284,4.53320834965714,7.274475551315783,0.0724838131047482,0.630267463132122
M5_YHUR_SHUR,5,HUR,HUR,RNN,Yd,ALL,58.10978303132234,74.35406161221853,7.917808970606126,0.07827671904003884,0.6925335899074605
M5_YHUR_SHUR,5,HUR,HUR,RNN,TSE,ALL,55.207345694082754,64.75726157356408,7.323346590466287,0.07306552723572189,0.6659275119729412
M5_YHUR_SHUR,5,HUR,HUR,RNN,TSEC,ALL,3.5754025918466072,4.447963646338888,7.136515657925028,0.0711247451745677,0.6186562973591757
M5_YHUR_SHUR,5,HUR,HUR,RNN,Yd,step_1,56.635726589626735,74.10134489042326,7.715132016030535,0.07627424692842012,0.6749662622383239
M5_YHUR_SHUR,5,HUR,HUR,RNN,TSE,step_1,54.266041395399306,63.91916627989915,7.204346993963094,0.07190263417816942,0.6545732180515277
M5_YHUR_SHUR,5,HUR,HUR,RNN,TSEC,step_1,3.5498147752549913,4.413865592982353,7.08058715986072,0.07053744370777973,0.6142288060589866
M5_YHUR_SHUR,5,HUR,HUR,RNN,Yd,step_2,58.80726318359375,74.88328874074018,8.019094788532286,0.07930510319776571,0.7008459326584454
M5_YHUR_SHUR,5,HUR,HUR,RNN,TSE,step_2,55.552800835503476,65.24995613900407,7.366401997297427,0.07346796255882312,0.6700944951874452
M5_YHUR_SHUR,5,HUR,HUR,RNN,TSEC,step_2,3.6014015621609157,4.471143888479307,7.192315433009075,0.07169760255853874,0.6231549310924734
M5_YHUR_SHUR,5,HUR,HUR,RNN,Yd,step_3,58.88635932074653,74.0747135499169,8.019200107255559,0.07925152458189667,0.7017885748256121
M5_YHUR_SHUR,5,HUR,HUR,RNN,TSE,step_3,55.80319485134549,65.09448659803414,7.3992907801383385,0.0738240351408798,0.6731148226798509
M5_YHUR_SHUR,5,HUR,HUR,RNN,TSEC,step_3,3.5749914381239147,4.458677455597981,7.13664438090529,0.07114029103805027,0.6185851549260672
M5_YHUR_SHUR,5,HUR,HUR,LSTM,Yd,ALL,59.05397519712095,75.50227352705784,8.04187748531127,0.07954859205395434,0.7037861665999351
M5_YHUR_SHUR,5,HUR,HUR,LSTM,TSE,ALL,53.58926911530671,63.96979097770936,7.110767208172822,0.07092404376373682,0.6464097884392501
M5_YHUR_SHUR,5,HUR,HUR,LSTM,TSEC,ALL,3.5336235752812137,4.417074763108916,7.05223484645073,0.07029364382848881,0.6114272228614966
M5_YHUR_SHUR,5,HUR,HUR,LSTM,Yd,step_1,57.15371297200521,74.40376977084105,7.7862212780174715,0.07697184584017012,0.6811394563237051
M5_YHUR_SHUR,5,HUR,HUR,LSTM,TSE,step_1,53.071171061197916,63.20586831596824,7.049511056101632,0.07031942813768398,0.6401603347878736
M5_YHUR_SHUR,5,HUR,HUR,LSTM,TSEC,step_1,3.499961259629991,4.399624584398706,6.980633785748756,0.06954681749918248,0.6056025910819002
M5_YHUR_SHUR,5,HUR,HUR,LSTM,Yd,step_2,59.08621148003472,75.41802825213766,8.054132491658637,0.0796812816192479,0.7041703481880769
M5_YHUR_SHUR,5,HUR,HUR,LSTM,TSE,step_2,53.68211669921875,64.20667679347498,7.118740669775894,0.07099400355015122,0.6475297437598674
M5_YHUR_SHUR,5,HUR,HUR,LSTM,TSEC,step_2,3.5517658233642577,4.436508007842951,7.091512159056642,0.07070944186289921,0.6145663983071996
M5_YHUR_SHUR,5,HUR,HUR,LSTM,Yd,step_3,60.922001139322916,76.66798537663178,8.2852786862577,0.08199116954357806,0.7260486952880233
M5_YHUR_SHUR,5,HUR,HUR,LSTM,TSE,step_3,54.01451958550347,64.48971498431514,7.164049898640942,0.07145773288824167,0.6515392867700095
M5_YHUR_SHUR,5,HUR,HUR,LSTM,TSEC,step_3,3.5491436428493923,4.415013997869196,7.084558594546792,0.07062593465137136,0.6141126791953901
M5_YHUR_SLUR,5,HUR,LUR,MEAN,Yd,ALL,57.47351119429977,71.27420038320882,7.765207828672921,0.076871323182465,0.6607487747154726
M5_YHUR_SLUR,5,HUR,LUR,MEAN,TSE,ALL,5.429005940755208,6.941998986062523,0.7238516257362095,0.007241243459473965,0.6187382046638672
M5_YHUR_SLUR,5,HUR,LUR,MEAN,TSEC,ALL,0.3879897506148727,0.5127630005039754,0.7772223206734629,0.007775240692148792,0.6970442646070271
M5_YHUR_SLUR,5,HUR,LUR,MEAN,Yd,step_1,56.701667616102434,70.83092777576658,7.665351386810247,0.07587219140202338,0.6518752138703422
M5_YHUR_SLUR,5,HUR,LUR,MEAN,TSE,step_1,5.4452324761284725,6.97232375889434,0.7259764198821023,0.007262714080728095,0.6205875261555603
M5_YHUR_SLUR,5,HUR,LUR,MEAN,TSEC,step_1,0.39568697611490883,0.5217021868767456,0.7924310102913146,0.007928100723292515,0.7108727404357942
M5_YHUR_SLUR,5,HUR,LUR,MEAN,Yd,step_2,57.594375949435765,71.35816971421204,7.7778025283805095,0.07697221327394636,0.6621383059482592
M5_YHUR_SLUR,5,HUR,LUR,MEAN,TSE,step_2,5.418588595920139,6.9264474138465975,0.7224823177049483,0.00722745042011593,0.6175509506230807
M5_YHUR_SLUR,5,HUR,LUR,MEAN,TSEC,step_2,0.3850379943847656,0.5085764600823215,0.771400667033388,0.007716401193201318,0.6917412772279699
M5_YHUR_SLUR,5,HUR,LUR,MEAN,Yd,step_3,58.12449001736111,71.63118180135844,7.852469570828001,0.07776936364652244,0.6682328043278162
M5_YHUR_SLUR,5,HUR,LUR,MEAN,TSE,step_3,5.423196750217014,6.92712620008143,0.7230961396215783,0.007233565099471734,0.6180761372129606
M5_YHUR_SLUR,5,HUR,LUR,MEAN,TSEC,step_3,0.3832442813449436,0.5078922095441861,0.7678352846956857,0.007681178269369809,0.688518776157317
M5_YHUR_SLUR,5,HUR,LUR,ARIMA,Yd,ALL,58.14499421296296,71.878932050481,7.854131610154151,0.07776943758450132,0.6684685324369732
M5_YHUR_SLUR,5,HUR,LUR,ARIMA,TSE,ALL,5.435062210648148,6.919892832358463,0.7246516968498729,0.007249321351675526,0.6194284314938634
M5_YHUR_SLUR,5,HUR,LUR,ARIMA,TSEC,ALL,0.3854409959581163,0.5082642515761692,0.7721111397906241,0.007724164134352844,0.6924652910321659
M5_YHUR_SLUR,5,HUR,LUR,ARIMA,Yd,step_1,57.265315755208334,70.91328420193085,7.740017191863506,0.07662640589502874,0.6583552393559231
M5_YHUR_SLUR,5,HUR,LUR,ARIMA,TSE,step_1,5.457322184244791,6.969036533703934,0.7275812728331745,0.007278839029250167,0.6219653777137336
M5_YHUR_SLUR,5,HUR,LUR,ARIMA,TSEC,step_1,0.3915766398111979,0.5095363333130808,0.7842049351385633,0.00784574481524018,0.7034883022088377
M5_YHUR_SLUR,5,HUR,LUR,ARIMA,Yd,step_2,57.88316582573785,71.7700833891477,7.816085744642473,0.07735816755478789,0.6654584016401988
M5_YHUR_SLUR,5,HUR,LUR,ARIMA,TSE,step_2,5.41789076063368,6.921325837352147,0.7223810343387567,0.007226519629773573,0.6174714190556068
M5_YHUR_SLUR,5,HUR,LUR,ARIMA,TSEC,step_2,0.3872292836507161,0.5088038543605539,0.7757734701161668,0.007760315994735249,0.6956780451773942
M5_YHUR_SLUR,5,HUR,LUR,ARIMA,Yd,step_3,59.28650105794271,72.93904216648286,8.006291893956469,0.07932411034880357,0.6815919563147977
M5_YHUR_SLUR,5,HUR,LUR,ARIMA,TSE,step_3,5.4299736870659725,6.868953987258872,0.7239927833776874,0.007242604309393444,0.6188484977122497
M5_YHUR_SLUR,5,HUR,LUR,ARIMA,TSEC,step_3,0.3775170644124349,0.5064474416092506,0.7563550141171422,0.007566390452858706,0.6782295257102656
M5_YHUR_SLUR,5,HUR,LUR,RNN,Yd,ALL,57.55349957501447,70.35432766259939,7.776803551584961,0.07697830834027057,0.6616683674713429
M5_YHUR_SLUR,5,HUR,LUR,RNN,TSE,ALL,5.517679172092014,7.04257372932709,0.7357015125562405,0.00735951639257721,0.6288442013339403
M5_YHUR_SLUR,5,HUR,LUR,RNN,TSEC,ALL,0.39132937678584345,0.5150129775971342,0.783871373456722,0.007842166164432394,0.7030440810060881
M5_YHUR_SLUR,5,HUR,LUR,RNN,Yd,step_1,59.38516438802083,71.2936448110948,8.026517845169472,0.07946296375962306,0.6827262471055253
M5_YHUR_SLUR,5,HUR,LUR,RNN,TSE,step_1,5.548983425564236,7.171358219017748,0.7397862509779103,0.007401094486828181,0.6324119147980835
M5_YHUR_SLUR,5,HUR,LUR,RNN,TSEC,step_1,0.40308477613661026,0.5287352969689262,0.8071941809922671,0.008076325222058407,0.7241632824350731
M5_YHUR_SLUR,5,HUR,LUR,RNN,Yd,step_2,56.162100558810764,69.3522781434912,7.59079103616754,0.07505804361732918,0.6456720384496336
M5_YHUR_SLUR,5,HUR,LUR,RNN,TSE,step_2,5.418874782986111,6.909166522375593,0.722560519254846,0.007227832143657693,0.617583567067662
M5_YHUR_SLUR,5,HUR,LUR,RNN,TSEC,step_2,0.375492435031467,0.49883356073461027,0.7522916998108532,0.007525102239181829,0.6745921711262282
M5_YHUR_SLUR,5,HUR,LUR,RNN,Yd,step_3,57.11323377821181,70.40363618753281,7.713101773417868,0.07641632374580716,0.6566068168588698
M5_YHUR_SLUR,5,HUR,LUR,RNN,TSE,step_3,5.585179307725695,7.044755031910987,0.7447577674359649,0.007449620579050467,0.6365371221360755
M5_YHUR_SLUR,5,HUR,LUR,RNN,TSEC,step_3,0.39541091918945315,0.5170291729722896,0.792128239567046,0.00792502825949771,0.7103767894569629
M5_YHUR_SLUR,5,HUR,LUR,LSTM,Yd,ALL,57.386889422381365,71.60845258371722,7.7533419642434795,0.07675546580599002,0.6597529206521063
M5_YHUR_SLUR,5,HUR,LUR,LSTM,TSE,ALL,5.397903781467014,6.914276682490063,0.7197038951060759,0.007199759196981184,0.6151935236653289
M5_YHUR_SLUR,5,HUR,LUR,LSTM,TSEC,ALL,0.39432234587492765,0.5191865471816667,0.7898834884282323,0.007902144694831487,0.7084211094827064
M5_YHUR_SLUR,5,HUR,LUR,LSTM,Yd,step_1,56.72388712565104,71.14445514703539,7.667961266787968,0.07590192320625788,0.6521306622221819
M5_YHUR_SLUR,5,HUR,LUR,LSTM,TSE,step_1,5.435832383897569,6.967830200151231,0.7247229597568546,0.007250176474206278,0.6195162073443279
M5_YHUR_SLUR,5,HUR,LUR,LSTM,TSEC,step_1,0.39931187099880644,0.5252539388008415,0.7996800350158111,0.008000730184168532,0.7173850572808137
M5_YHUR_SLUR,5,HUR,LUR,LSTM,Yd,step_2,57.37814466688368,71.60849198023197,7.748856569255998,0.07668323018970026,0.6596523858777343
M5_YHUR_SLUR,5,HUR,LUR,LSTM,TSE,step_2,5.389925808376736,6.894665133944685,0.7186601024116483,0.007189219269659474,0.614284282305013
M5_YHUR_SLUR,5,HUR,LUR,LSTM,TSEC,step_2,0.3911490546332465,0.5153715578571486,0.7836193737049703,0.007838870646296332,0.7027201226488116
M5_YHUR_SLUR,5,HUR,LUR,LSTM,Yd,step_3,58.05863647460937,72.06942363063519,7.843208056686475,0.07768125297041772,0.6674757138564026
M5_YHUR_SLUR,5,HUR,LUR,LSTM,TSE,step_3,5.367953152126736,6.880014616169455,0.715728623149725,0.007159880115961023,0.6117800813466456
M5_YHUR_SLUR,5,HUR,LUR,LSTM,TSEC,step_3,0.39250611199273006,0.5168795502332826,0.7863510565639156,0.007866808625174984,0.7051581485184942
M5_YLUR_SHUR,5,LUR,HUR,MEAN,Yd,ALL,5.3549985532407405,6.5994447066939825,0.7139322731181901,0.007139790616875465,0.6509725113917564
M5_YLUR_SHUR,5,LUR,HUR,MEAN,TSE,ALL,64.17199141890914,78.36350604945396,8.450059915101605,0.08462440064970482,0.8075743591855017
M5_YLUR_SHUR,5,LUR,HUR,MEAN,TSEC,ALL,3.6961206365514685,4.605838585198197,7.4557338424758495,0.07420564931490016,0.6448366143445047
M5_YLUR_SHUR,5,LUR,HUR,MEAN,Yd,step_1,5.483846028645833,6.772041043905887,0.7312090814287884,0.007312260310021313,0.6666356649513742
M5_YLUR_SHUR,5,LUR,HUR,MEAN,TSE,step_1,64.12680189344618,78.58608691765477,8.432850406872507,0.08443555555434909,0.8070056702409836
M5_YLUR_SHUR,5,LUR,HUR,MEAN,TSEC,step_1,3.686421627468533,4.600850903431633,7.452812210766056,0.0741850573343436,0.6431444952838637
M5_YLUR_SHUR,5,LUR,HUR,MEAN,Yd,step_2,5.342076958550347,6.580396311297698,0.7120640835048946,0.00712130567305804,0.6494017167662935
M5_YLUR_SHUR,5,LUR,HUR,MEAN,TSE,step_2,64.59353298611111,78.94631461724444,8.503567320727043,0.08520169284824901,0.8128792617368485
M5_YLUR_SHUR,5,LUR,HUR,MEAN,TSEC,step_2,3.6883995056152346,4.604267887713201,7.432764829180051,0.07398238127562204,0.6434895620100665
M5_YLUR_SHUR,5,LUR,HUR,MEAN,Yd,step_3,5.239072672526041,6.441727702724432,0.698523654420887,0.006985812228740525,0.6368801524576014
M5_YLUR_SHUR,5,LUR,HUR,MEAN,TSE,step_3,63.79563937717014,77.55142546990541,8.41376201770526,0.08423589048177614,0.802838145578673
M5_YLUR_SHUR,5,LUR,HUR,MEAN,TSEC,step_3,3.713540776570638,4.6123893375632266,7.48162448748144,0.07444931982493497,0.6478757857395837
M5_YLUR_SHUR,5,LUR,HUR,ARIMA,Yd,ALL,5.675483760127315,7.03995327226324,0.7567647651450448,0.007567091810372778,0.6899318235029805
M5_YLUR_SHUR,5,LUR,HUR,ARIMA,TSE,ALL,64.93203079788773,80.12254083029647,8.552891139895136,0.08562667400127304,0.8171390976463611
M5_YLUR_SHUR,5,LUR,HUR,ARIMA,TSEC,ALL,3.6448727077907987,4.542951647195578,7.351645357600009,0.07317676357125803,0.6358957425159727
M5_YLUR_SHUR,5,LUR,HUR,ARIMA,Yd,step_1,5.886416286892361,7.270604337551517,0.7849885054888324,0.00784905483452003,0.7155735254226483
M5_YLUR_SHUR,5,LUR,HUR,ARIMA,TSE,step_1,64.8509745279948,80.96006620134241,8.5287126764024,0.085389071352891,0.8161190425760821
M5_YLUR_SHUR,5,LUR,HUR,ARIMA,TSEC,step_1,3.6340636783175997,4.537815596517658,7.346206735819127,0.07313141294632011,0.6340099658719639
M5_YLUR_SHUR,5,LUR,HUR,ARIMA,Yd,step_2,5.637191433376736,6.972377713398636,0.7515218874621661,0.007514710784981588,0.6852768732048572
M5_YLUR_SHUR,5,LUR,HUR,ARIMA,TSE,step_2,65.77357245551215,80.97580513626438,8.664050039205115,0.08675821647798045,0.8277295039880862
M5_YLUR_SHUR,5,LUR,HUR,ARIMA,TSEC,step_2,3.6327372656928167,4.5297544754397805,7.319713035468518,0.07286590106507919,0.6337785558314661
M5_YLUR_SHUR,5,LUR,HUR,ARIMA,Yd,step_3,5.502843560112847,6.870741431274268,0.7337839024841355,0.007337525977960423,0.6689450718814361
M5_YLUR_SHUR,5,LUR,HUR,ARIMA,TSE,step_3,64.17154541015626,78.40440874412337,8.465910704077888,0.08473223756341364,0.8075687463749149
M5_YLUR_SHUR,5,LUR,HUR,ARIMA,TSEC,step_3,3.6678171793619794,4.561226042469878,7.389016301512383,0.07353265001653783,0.6398987058444879
M5_YLUR_SHUR,5,LUR,HUR,RNN,Yd,ALL,5.488237847222222,6.774214335922425,0.7316885190476798,0.007317437847123993,0.6671695499076117
M5_YLUR_SHUR,5,LUR,HUR,RNN,TSE,ALL,64.63491640444155,78.95781275231735,8.512238116366506,0.08523486556719076,0.813400052611499
M5_YLUR_SHUR,5,LUR,HUR,RNN,TSEC,ALL,3.707341370759187,4.6195533405124,7.478949254355573,0.07443092385259775,0.646794218267226
M5_YLUR_SHUR,5,LUR,HUR,RNN,Yd,step_1,5.481785074869792,6.7845793239498775,0.7309474314726703,0.0073095121966682735,0.6663851281413053
M5_YLUR_SHUR,5,LUR,HUR,RNN,TSE,step_1,64.43580390082465,80.17518391218009,8.47301570566476,0.08484241751206473,0.8108943153114896
M5_YLUR_SHUR,5,LUR,HUR,RNN,TSEC,step_1,3.7042533450656467,4.595040141826875,7.488075944219674,0.07454390044183157,0.6462554717735268
M5_YLUR_SHUR,5,LUR,HUR,RNN,Yd,step_2,5.618727620442709,6.897986154463462,0.748912219442348,0.007490097426392113,0.6830323469821082
M5_YLUR_SHUR,5,LUR,HUR,RNN,TSE,step_2,64.82922905815973,78.21274138308378,8.538298454536573,0.08551258626757231,0.8158453860558628
M5_YLUR_SHUR,5,LUR,HUR,RNN,TSEC,step_2,3.6870203230116103,4.574816489818645,7.430009506776937,0.07395471745746061,0.6432489455561854
M5_YLUR_SHUR,5,LUR,HUR,RNN,Yd,step_3,5.364200846354167,6.637560547137245,0.7152059062280212,0.007152658917367774,0.6520911745994215
M5_YLUR_SHUR,5,LUR,HUR,RNN,TSE,step_3,64.63971625434027,78.47111286251125,8.525400188898182,0.08535041128723651,0.8134604564671444
M5_YLUR_SHUR,5,LUR,HUR,RNN,TSEC,step_3,3.7307504442003037,4.68801443865107,7.5187623120701055,0.07479434042024537,0.6508782374719659
M5_YLUR_SHUR,5,LUR,HUR,LSTM,Yd,ALL,5.341974329065393,6.621192613081567,0.7121961163181193,0.0071224254892036844,0.6493892407641249
M5_YLUR_SHUR,5,LUR,HUR,LSTM,TSE,ALL,63.89478375470197,77.80058170999496,8.413222168541843,0.08425884346626163,0.8040858309844359
M5_YLUR_SHUR,5,LUR,HUR,LSTM,TSEC,ALL,3.6909931748001665,4.603864702245551,7.4455840974970595,0.07410270715851328,0.6439420615414404
M5_YLUR_SHUR,5,LUR,HUR,LSTM,Yd,step_1,5.473101806640625,6.788191994441743,0.7297767631053381,0.007297933768444408,0.665329559429189
M5_YLUR_SHUR,5,LUR,HUR,LSTM,TSE,step_1,63.81110568576389,78.17302917341654,8.390928458451583,0.08401987936444105,0.803032781805092
M5_YLUR_SHUR,5,LUR,HUR,LSTM,TSEC,step_1,3.683389409383138,4.599595662972318,7.446835585319994,0.07412403738186742,0.642615485157732
M5_YLUR_SHUR,5,LUR,HUR,LSTM,Yd,step_2,5.319806586371528,6.590541462587137,0.7090955437267723,0.007091617945050996,0.6466944517758854
M5_YLUR_SHUR,5,LUR,HUR,LSTM,TSE,step_2,64.2490715874566,78.32517957560005,8.457791041315767,0.0847473332099157,0.8085443768886188
M5_YLUR_SHUR,5,LUR,HUR,LSTM,TSEC,step_2,3.686149427625868,4.598792513404099,7.428498389229662,0.0739372489282568,0.6430970064591665
M5_YLUR_SHUR,5,LUR,HUR,LSTM,Yd,step_3,5.233014594184028,6.481187201053103,0.6977160421222475,0.006977734349235962,0.6361437110873004
M5_YLUR_SHUR,5,LUR,HUR,LSTM,TSE,step_3,63.62417399088542,76.89561299282929,8.390947005858184,0.0840094872410295,0.8006803342595968
M5_YLUR_SHUR,5,LUR,HUR,LSTM,TSEC,step_3,3.703440687391493,4.613191709171884,7.46141831794152,0.07424683254532768,0.6461136930074227
M5_YLUR_SLUR,5,LUR,LUR,MEAN,Yd,ALL,5.859226481119792,7.35565914278693,0.7807098221123029,0.007805455227291154,0.648666873477111
M5_YLUR_SLUR,5,LUR,LUR,MEAN,TSE,ALL,6.159540020978009,7.918729575853992,0.8216948180858349,0.008220101420185751,0.6985973206238116
M5_YLUR_SLUR,5,LUR,LUR,MEAN,TSEC,ALL,0.41379035667136865,0.5218168732807693,0.8272358786773463,0.008277525087383802,0.7143796748537065
M5_YLUR_SLUR,5,LUR,LUR,MEAN,Yd,step_1,5.874870469835069,7.358577159189756,0.7827926410068881,0.00782636401327797,0.6503987978670198
M5_YLUR_SLUR,5,LUR,LUR,MEAN,TSE,step_1,6.220267740885417,7.95598506272454,0.8297398158007492,0.008300443032406426,0.7054848840247183
M5_YLUR_SLUR,5,LUR,LUR,MEAN,TSEC,step_1,0.4224007076687283,0.5304133402885532,0.8444428379003314,0.00845016228834126,0.7292448345818129
M5_YLUR_SLUR,5,LUR,LUR,MEAN,Yd,step_2,5.837226019965278,7.343762521186371,0.777749710809681,0.0077755153942275935,0.6462312328002848
M5_YLUR_SLUR,5,LUR,LUR,MEAN,TSE,step_2,6.119247775607639,7.897132825811704,0.8163506200033829,0.0081667677071184,0.6940274899933113
M5_YLUR_SLUR,5,LUR,LUR,MEAN,TSEC,step_2,0.4149002499050564,0.5247800477558201,0.8293159450209787,0.008298640082745659,0.7162958267277674
M5_YLUR_SLUR,5,LUR,LUR,MEAN,Yd,step_3,5.865582953559028,7.364622088014025,0.7815871145203395,0.007814489543980839,0.6493705897640287
M5_YLUR_SLUR,5,LUR,LUR,MEAN,TSE,step_3,6.139104546440972,7.902938004293434,0.8189940184533726,0.008193083038293534,0.6962795878534053
M5_YLUR_SLUR,5,LUR,LUR,MEAN,TSEC,step_3,0.4040701124403212,0.5100452309775027,0.8079488531107291,0.008083761835490599,0.6975983632515389
M5_YLUR_SLUR,5,LUR,LUR,ARIMA,Yd,ALL,5.943875461154514,7.41779354299065,0.7919876530439484,0.007918221618183525,0.6580382451759323
M5_YLUR_SLUR,5,LUR,LUR,ARIMA,TSE,ALL,6.261554859302662,8.124888181515557,0.8353169878736476,0.008356243455879408,0.7101675502959549
M5_YLUR_SLUR,5,LUR,LUR,ARIMA,TSEC,ALL,0.4123521734167028,0.5244488900141574,0.8243526866304985,0.008248755451313703,0.7118967535644987
M5_YLUR_SLUR,5,LUR,LUR,ARIMA,Yd,step_1,6.042703586154514,7.454967252616833,0.8051512386274535,0.008049947336270905,0.6689793704357129
M5_YLUR_SLUR,5,LUR,LUR,ARIMA,TSE,step_1,6.510165066189236,8.30947498654098,0.8684403090054826,0.008687287511481666,0.7383642052116114
M5_YLUR_SLUR,5,LUR,LUR,ARIMA,TSEC,step_1,0.42014766269259984,0.5286730978475129,0.839911254501822,0.008405089930872226,0.725355112379428
M5_YLUR_SLUR,5,LUR,LUR,ARIMA,Yd,step_2,5.876384141710069,7.360876641438259,0.7829832105759456,0.007827676228396814,0.6505663743902674
M5_YLUR_SLUR,5,LUR,LUR,ARIMA,TSE,step_2,6.123822021484375,8.051208665495754,0.8169606691704535,0.00817287251033612,0.6945462878097844
M5_YLUR_SLUR,5,LUR,LUR,ARIMA,TSEC,step_2,0.4133873833550347,0.5304605998496279,0.8262917784509484,0.008268380436011948,0.7136839700310684
M5_YLUR_SLUR,5,LUR,LUR,ARIMA,Yd,step_3,5.912538655598959,7.437199840749244,0.7878285099284461,0.007877046811609058,0.6545689907018166
M5_YLUR_SLUR,5,LUR,LUR,ARIMA,TSE,step_3,6.150677490234375,8.01074830206825,0.8205499854450062,0.008208527976358944,0.6975921578664689
M5_YLUR_SLUR,5,LUR,LUR,ARIMA,TSEC,step_3,0.403521474202474,0.5140585786957866,0.8068550269387251,0.008072785866934511,0.6966511782829996
M5_YLUR_SLUR,5,LUR,LUR,RNN,Yd,ALL,5.9428595648871525,7.508750122158125,0.7918794616461636,0.007916868276943686,0.6579257767028924
M5_YLUR_SLUR,5,LUR,LUR,RNN,TSE,ALL,6.026034206814236,7.8327980081212845,0.8039060641104487,0.008041933678946457,0.6834554750079269
M5_YLUR_SLUR,5,LUR,LUR,RNN,TSEC,ALL,0.419024983158818,0.5278045615054752,0.8376628105217632,0.008382239349991324,0.7234168858659837
M5_YLUR_SLUR,5,LUR,LUR,RNN,Yd,step_1,5.976260715060764,7.574160992367347,0.7963390315589405,0.007961433708959971,0.6616235719192868
M5_YLUR_SLUR,5,LUR,LUR,RNN,TSE,step_1,6.11915283203125,7.861684353088621,0.8162796920722536,0.008165513383775013,0.6940167217658382
M5_YLUR_SLUR,5,LUR,LUR,RNN,TSEC,step_1,0.4312278323703342,0.5270474513288375,0.8620738768838512,0.008626749673053916,0.7444842387210314
M5_YLUR_SLUR,5,LUR,LUR,RNN,Yd,step_2,5.894854736328125,7.459023235957647,0.7854810616721328,0.007852280105701206,0.6526112284167784
M5_YLUR_SLUR,5,LUR,LUR,RNN,TSE,step_2,5.994253200954861,7.939496958607562,0.7996600564914407,0.007999949546901324,0.6798509646931188
M5_YLUR_SLUR,5,LUR,LUR,RNN,TSEC,step_2,0.4347315894232856,0.5451029031503395,0.8689254957909289,0.008695297228790219,0.7505332265330932
M5_YLUR_SLUR,5,LUR,LUR,RNN,Yd,step_3,5.95746324327257,7.492599203091926,0.793818291707418,0.00793689810404199,0.6595425297726122
M5_YLUR_SLUR,5,LUR,LUR,RNN,TSE,step_3,5.964696587456597,7.695224563633547,0.7957784437676523,0.007960322889042342,0.6764987385648238
M5_YLUR_SLUR,5,LUR,LUR,RNN,TSEC,step_3,0.3911155276828342,0.5107022365946804,0.7819890588905096,0.007824594491425606,0.6752331923438266
M5_YLUR_SLUR,5,LUR,LUR,LSTM,Yd,ALL,5.8423466435185185,7.323530182482453,0.7784593174953092,0.007782968501941786,0.6467981299634576
M5_YLUR_SLUR,5,LUR,LUR,LSTM,TSE,ALL,6.140286820023148,7.890301188244444,0.819128564328114,0.008194407413170103,0.6964136779240825
M5_YLUR_SLUR,5,LUR,LUR,LSTM,TSEC,ALL,0.4115310245090061,0.5214474438988841,0.8227146493849343,0.008232329063955102,0.7104790982706302
M5_YLUR_SLUR,5,LUR,LUR,LSTM,Yd,step_1,5.859280734592014,7.336354908374284,0.7807140391028314,0.007805595735320309,0.6486728798041093
M5_YLUR_SLUR,5,LUR,LUR,LSTM,TSE,step_1,6.206351047092014,7.933905817175741,0.8278840722725387,0.008281872332744687,0.7039064926248895
M5_YLUR_SLUR,5,LUR,LUR,LSTM,TSEC,step_1,0.4206854502360026,0.5299579741092157,0.8410109005920523,0.008415848416679418,0.726283564394325
M5_YLUR_SLUR,5,LUR,LUR,LSTM,Yd,step_2,5.816947428385417,7.310609537370695,0.7750461388435513,0.007748503162653356,0.6439862179265614
M5_YLUR_SLUR,5,LUR,LUR,LSTM,TSE,step_2,6.114059109157986,7.88081783561836,0.8156592272846992,0.008159842896233484,0.6934390063619049
M5_YLUR_SLUR,5,LUR,LUR,LSTM,TSEC,step_2,0.41254052056206597,0.5241507387294594,0.8245939093899387,0.00825144188386616,0.7122219215397664
M5_YLUR_SLUR,5,LUR,LUR,LSTM,Yd,step_3,5.850811767578125,7.323603474497481,0.7796177745395451,0.007794810463604023,0.6477352921597023
M5_YLUR_SLUR,5,LUR,LUR,LSTM,TSE,step_3,6.100450303819445,7.85597907644996,0.8138423934271045,0.008141496130596365,0.6918955347854533
M5_YLUR_SLUR,5,LUR,LUR,LSTM,TSEC,step_3,0.40136710272894965,0.5100322137017007,0.802539138172812,0.008029685856909103,0.6929318088777993
M6_YHUR_SHUR,6,HUR,HUR,MEAN,Yd,ALL,70.8349028410735,88.36156735808045,7.920483215376381,0.07825409642186115,0.7162550677055517
M6_YHUR_SHUR,6,HUR,HUR,MEAN,TSE,ALL,76.69888215241609,94.12446046604205,8.476881270784697,0.08451779826194648,0.7446408454613003
M6_YHUR_SHUR,6,HUR,HUR,MEAN,TSEC,ALL,5.178912720856843,6.959287819361944,8.651752588019065,0.08655366806553517,0.7594047660185144
M6_YHUR_SHUR,6,HUR,HUR,MEAN,Yd,step_1,70.53773600260416,88.2713191626636,7.886757665556394,0.0779249215388257,0.7132502318764513
M6_YHUR_SHUR,6,HUR,HUR,MEAN,TSE,step_1,77.21849297417535,94.83101632967815,8.550625063886876,0.08526409033367982,0.7496855531645594
M6_YHUR_SHUR,6,HUR,HUR,MEAN,TSEC,step_1,5.082350540161133,6.8557409183246305,8.470624841307158,0.08480089728331566,0.7452454657580282
M6_YHUR_SHUR,6,HUR,HUR,MEAN,Yd,step_2,70.68395114474826,88.30041362656276,7.902755843048402,0.07806185226558639,0.7147287026914811
M6_YHUR_SHUR,6,HUR,HUR,MEAN,TSE,step_2,76.6107170952691,93.96541013040307,8.456996781958507,0.0843189225369738,0.7437848837986046
M6_YHUR_SHUR,6,HUR,HUR,MEAN,TSEC,step_2,5.19482053120931,6.9939958190133344,8.691582345536379,0.0869496971513211,0.7617373921216597
M6_YHUR_SHUR,6,HUR,HUR,MEAN,Yd,step_3,71.28302137586806,88.51277266355899,7.971936137524346,0.07877575814434211,0.7207862685487224
M6_YHUR_SHUR,6,HUR,HUR,MEAN,TSE,step_3,76.26743638780383,93.57255054221828,8.42302196650871,0.0839725952973471,0.7404520994207369
M6_YHUR_SHUR,6,HUR,HUR,MEAN,TSEC,step_3,5.259567091200087,7.026940998940573,8.793050577213652,0.08791406731982092,0.7712314401758553
M6_YHUR_SHUR,6,HUR,HUR,ARIMA,Yd,ALL,73.19934466326679,90.90311103264044,8.186520883684729,0.08086618807324557,0.7401633864794273
M6_YHUR_SHUR,6,HUR,HUR,ARIMA,TSE,ALL,75.76742440682871,93.42859434634615,8.374243470502131,0.08349138489552166,0.7355976695541555
M6_YHUR_SHUR,6,HUR,HUR,ARIMA,TSEC,ALL,5.207183993304217,7.002450961367468,8.69783205153892,0.08702615765226748,0.7635502962089501
M6_YHUR_SHUR,6,HUR,HUR,ARIMA,Yd,step_1,72.75054456922743,90.60833890061707,8.136042795188091,0.08036947028261006,0.7356252939734823
M6_YHUR_SHUR,6,HUR,HUR,ARIMA,TSE,step_1,76.15968695746528,94.04818264987198,8.434018607355325,0.08409496454039604,0.7394060003818249
M6_YHUR_SHUR,6,HUR,HUR,ARIMA,TSEC,step_1,5.068808322482639,6.889725285935917,8.446505091565552,0.0845749403759226,0.743259716006716
M6_YHUR_SHUR,6,HUR,HUR,ARIMA,Yd,step_2,73.30333862304687,90.98945844322965,8.198177615535295,0.08095464808480349,0.7412149330717953
M6_YHUR_SHUR,6,HUR,HUR,ARIMA,TSE,step_2,75.99026692708334,93.67735346466787,8.388336330395834,0.08363604562819549,0.7377611644843344
M6_YHUR_SHUR,6,HUR,HUR,ARIMA,TSEC,step_2,5.23439801534017,7.0168594827404815,8.757410336325334,0.0876121358705252,0.767540797526612
M6_YHUR_SHUR,6,HUR,HUR,ARIMA,Yd,step_3,73.54415079752604,91.11077960437157,8.225342240330804,0.08127456053817396,0.743649932393004
M6_YHUR_SHUR,6,HUR,HUR,ARIMA,TSE,step_3,75.1523193359375,92.5537655242309,8.300375473755233,0.08274482001944992,0.7296258437963073
M6_YHUR_SHUR,6,HUR,HUR,ARIMA,TSEC,step_3,5.318345642089843,7.099177901903767,8.889580726725873,0.0888965553060526,0.7798503750935223
M6_YHUR_SHUR,6,HUR,HUR,RNN,Yd,ALL,69.99945723922164,88.01532963208496,7.827234750682489,0.07733114688624569,0.7078073657659969
M6_YHUR_SHUR,6,HUR,HUR,RNN,TSE,ALL,76.48711570457176,93.85038507835898,8.452829497708713,0.08428444370168067,0.7425848839878362
M6_YHUR_SHUR,6,HUR,HUR,RNN,TSEC,ALL,5.213925114384404,7.015622279635133,8.707735601361106,0.08713882005609876,0.7645387738590919
M6_YHUR_SHUR,6,HUR,HUR,RNN,Yd,step_1,70.13006252712674,87.89285288380132,7.841022276679693,0.07747455375853762,0.709127995788474
M6_YHUR_SHUR,6,HUR,HUR,RNN,TSE,step_1,76.35839301215277,93.65764534715308,8.455819713859423,0.08431437430021083,0.7413351633684084
M6_YHUR_SHUR,6,HUR,HUR,RNN,TSEC,step_1,5.157735358344184,6.97394622824796,8.592407575587973,0.08605872083817413,0.7562994443244361
M6_YHUR_SHUR,6,HUR,HUR,RNN,Yd,step_2,70.16224636501737,88.10223318262479,7.843034181929899,0.07748569260300321,0.7094534262763099
M6_YHUR_SHUR,6,HUR,HUR,RNN,TSE,step_2,77.63108520507812,94.46277936223747,8.568282451651024,0.08544195522577105,0.7536912572769044
M6_YHUR_SHUR,6,HUR,HUR,RNN,TSEC,step_2,5.237574852837456,7.031512092088813,8.760609109774254,0.08766530903726477,0.7680066299641022
M6_YHUR_SHUR,6,HUR,HUR,RNN,Yd,step_3,69.70606282552083,88.05076757708919,7.7976477934378785,0.0770330415342987,0.704840675233207
M6_YHUR_SHUR,6,HUR,HUR,RNN,TSE,step_3,75.47186889648438,93.42758222953721,8.334386327615691,0.08309665308472834,0.7327282313181953
M6_YHUR_SHUR,6,HUR,HUR,RNN,TSEC,step_3,5.246465131971571,7.041220037454691,8.77019011872109,0.0876950670664418,0.7693102472887372
M6_YHUR_SHUR,6,HUR,HUR,LSTM,Yd,ALL,70.93690931532117,89.23214257505099,7.932081290503866,0.07836678697625271,0.7172865176149642
M6_YHUR_SHUR,6,HUR,HUR,LSTM,TSE,ALL,76.52529794198496,94.08322238453599,8.457592788710594,0.08432651835190133,0.7429555810925536
M6_YHUR_SHUR,6,HUR,HUR,LSTM,TSEC,ALL,5.303684644345884,7.060635017426805,8.860338417668753,0.08863894507861873,0.7777005741292172
M6_YHUR_SHUR,6,HUR,HUR,LSTM,Yd,step_1,70.51122029622395,88.6858836800911,7.883797168418926,0.07789562892955981,0.7129821153363436
M6_YHUR_SHUR,6,HUR,HUR,LSTM,TSE,step_1,77.05889146592882,94.57269424520737,8.533062770044321,0.08508785952558733,0.7481360416371108
M6_YHUR_SHUR,6,HUR,HUR,LSTM,TSEC,step_1,5.14534657796224,6.8850574939678415,8.576078938171511,0.08585200945840349,0.7544828277150624
M6_YHUR_SHUR,6,HUR,HUR,LSTM,Yd,step_2,70.89761691623264,89.10245453870483,7.926936236183576,0.07829782019915126,0.7168892081129999
M6_YHUR_SHUR,6,HUR,HUR,LSTM,TSE,step_2,76.55552503797743,94.05459023903191,8.450753131426257,0.08425817731776844,0.7432490446957251
M6_YHUR_SHUR,6,HUR,HUR,LSTM,TSEC,step_2,5.330438147650825,7.093343406507001,8.918421308052803,0.0892196332553945,0.7816235477363305
M6_YHUR_SHUR,6,HUR,HUR,LSTM,Yd,step_3,71.40189073350695,89.90379545192776,7.985510466909094,0.07890712215764283,0.7219882293955493
M6_YHUR_SHUR,6,HUR,HUR,LSTM,TSE,step_3,75.96147732204861,93.6199645425295,8.388962464661208,0.0836357257495682,0.7374816569448247
M6_YHUR_SHUR,6,HUR,HUR,LSTM,TSEC,step_3,5.435269207424588,7.199872441235455,9.086515006781944,0.09085094166825161,0.7969953469362591
M6_YHUR_SLUR,6,HUR,LUR,MEAN,Yd,ALL,75.72690248842592,92.46198186722334,8.466499936081998,0.08433070382862824,0.7317284303558064
M6_YHUR_SLUR,6,HUR,LUR,MEAN,TSE,ALL,5.97780603479456,7.483603458382056,0.664186487660782,0.006642629044697875,0.5807858783355314
M6_YHUR_SLUR,6,HUR,LUR,MEAN,TSEC,ALL,0.4481218126085069,0.5748505063720257,0.7472017517989614,0.0074709700893038165,0.6587381447973275
M6_YHUR_SLUR,6,HUR,LUR,MEAN,Yd,step_1,76.47986653645833,93.11216917217376,8.559527772596667,0.08528549776485013,0.7390041168407424
M6_YHUR_SLUR,6,HUR,LUR,MEAN,TSE,step_1,6.015861002604167,7.517074534782031,0.6683680727661064,0.006684168261846052,0.5844831859724281
M6_YHUR_SLUR,6,HUR,LUR,MEAN,TSEC,step_1,0.450474124484592,0.5771316679887933,0.7510388616677185,0.007509840695781408,0.6621960384272249
M6_YHUR_SLUR,6,HUR,LUR,MEAN,Yd,step_2,75.93556722005208,92.47515364197741,8.48121082837599,0.08444923905814061,0.7337447008161856
M6_YHUR_SLUR,6,HUR,LUR,MEAN,TSE,step_2,5.972205946180556,7.473502342273497,0.6635953939537592,0.006636885426165607,0.5802417903598577
M6_YHUR_SLUR,6,HUR,LUR,MEAN,TSEC,step_2,0.44821239047580297,0.5758968176994573,0.7472355426160673,0.007471255677563081,0.6588712940763483
M6_YHUR_SLUR,6,HUR,LUR,MEAN,Yd,step_3,74.76527370876737,91.79392236629492,8.35876120727333,0.08325853322545071,0.7224364734104913
M6_YHUR_SLUR,6,HUR,LUR,MEAN,TSE,step_3,5.945351155598958,7.460114968650796,0.6605959962624806,0.006606826961303767,0.5776326586743085
M6_YHUR_SLUR,6,HUR,LUR,MEAN,TSEC,step_3,0.4456789228651259,0.571507836513756,0.7433308511130986,0.007431803827771257,0.6551471018884095
M6_YHUR_SLUR,6,HUR,LUR,ARIMA,Yd,ALL,76.16154220015915,93.11077475590619,8.515907596569665,0.0848147256438337,0.7359282354922367
M6_YHUR_SLUR,6,HUR,LUR,ARIMA,TSE,ALL,6.090692138671875,7.652334571354748,0.6767253716793251,0.00676806980138914,0.5917535568802427
M6_YHUR_SLUR,6,HUR,LUR,ARIMA,TSEC,ALL,0.4550105200873481,0.5820073485912165,0.7587095232176262,0.007585816825348213,0.6688645306526568
M6_YHUR_SLUR,6,HUR,LUR,ARIMA,Yd,step_1,76.97214626736111,93.68695258226043,8.615889986040584,0.08583445690652929,0.7437608817809765
M6_YHUR_SLUR,6,HUR,LUR,ARIMA,TSE,step_1,6.2119737413194445,7.785466992484005,0.6901474495366812,0.006902067336192504,0.6035369171481425
M6_YHUR_SLUR,6,HUR,LUR,ARIMA,TSEC,step_1,0.4629881540934245,0.585457385607983,0.7719169503247245,0.007718461710211811,0.68059163626808
M6_YHUR_SLUR,6,HUR,LUR,ARIMA,Yd,step_2,76.77093641493056,93.81582204738547,8.575107168379361,0.08537826738337408,0.7418166457875179
M6_YHUR_SLUR,6,HUR,LUR,ARIMA,TSE,step_2,6.10579833984375,7.643116855938859,0.6784382413195695,0.0067853460483443965,0.5932212305158296
M6_YHUR_SLUR,6,HUR,LUR,ARIMA,TSEC,step_2,0.4497369554307726,0.5804860227823312,0.7497972528866582,0.007496668662160716,0.6611124014310957
M6_YHUR_SLUR,6,HUR,LUR,ARIMA,Yd,step_3,74.74154391818577,91.81609649924071,8.35672563528905,0.08323210775464636,0.722207178908216
M6_YHUR_SLUR,6,HUR,LUR,ARIMA,TSE,step_3,5.954304334852431,7.526216952178466,0.6615904241817242,0.006616776265311743,0.5785025229767561
M6_YHUR_SLUR,6,HUR,LUR,ARIMA,TSEC,step_3,0.4523064507378472,0.5800631762437172,0.7544143664414963,0.007542319457939518,0.6648895542587946
M6_YHUR_SLUR,6,HUR,LUR,RNN,Yd,ALL,77.15931441695602,94.59002485200577,8.622925015352026,0.08592586092783652,0.745569436624965
M6_YHUR_SLUR,6,HUR,LUR,RNN,TSE,ALL,6.021195927372685,7.61514844045917,0.6690171786718377,0.0066908445537003656,0.5850015114164961
M6_YHUR_SLUR,6,HUR,LUR,RNN,TSEC,ALL,0.45339683250144674,0.5828444718686586,0.7559853798676284,0.0075589138464069,0.6664924132133573
M6_YHUR_SLUR,6,HUR,LUR,RNN,Yd,step_1,79.33815239800347,96.42862151388134,8.871588138602956,0.08847287692090429,0.7666229545093806
M6_YHUR_SLUR,6,HUR,LUR,RNN,TSE,step_1,6.169335259331597,7.795147830911219,0.6854599829255684,0.006854692107956165,0.5993942888881982
M6_YHUR_SLUR,6,HUR,LUR,RNN,TSEC,step_1,0.456443362765842,0.5822157649934844,0.7609636437597249,0.007609353689160632,0.6709708064492382
M6_YHUR_SLUR,6,HUR,LUR,RNN,Yd,step_2,77.0336886935764,94.51027325601622,8.602277003525206,0.08567047867255996,0.7443555494810278
M6_YHUR_SLUR,6,HUR,LUR,RNN,TSE,step_2,6.027596706814236,7.58534190649836,0.6697622678537714,0.006698440927651454,0.5856233921346652
M6_YHUR_SLUR,6,HUR,LUR,RNN,TSEC,step_2,0.4525760226779514,0.5851830096916214,0.7545050380117493,0.007543993095264742,0.6652858244574711
M6_YHUR_SLUR,6,HUR,LUR,RNN,Yd,step_3,75.1061021592882,92.79626935666636,8.394909903927914,0.08363807944342357,0.7257298058844867
M6_YHUR_SLUR,6,HUR,LUR,RNN,TSE,step_3,5.866655815972222,7.461214094666039,0.651829285236174,0.006519376030657687,0.5699868532266251
M6_YHUR_SLUR,6,HUR,LUR,RNN,TSEC,step_3,0.4511711120605469,0.5811270801854567,0.7524874578314109,0.007523387410909933,0.6632206087333626
M6_YHUR_SLUR,6,HUR,LUR,LSTM,Yd,ALL,76.2009514702691,92.83600757953218,8.518790723663601,0.08485861244464736,0.7363090365340256
M6_YHUR_SLUR,6,HUR,LUR,LSTM,TSE,ALL,5.952107747395833,7.474202661386317,0.661329280618427,0.0066140727166269795,0.5782891090640437
M6_YHUR_SLUR,6,HUR,LUR,LSTM,TSEC,ALL,0.449376466539171,0.5778986819312346,0.7492937023157823,0.007491887352701141,0.6605824835003185
M6_YHUR_SLUR,6,HUR,LUR,LSTM,Yd,step_1,76.66383056640625,93.35821537573456,8.57981002494095,0.0854906427863501,0.7407817111494004
M6_YHUR_SLUR,6,HUR,LUR,LSTM,TSE,step_1,5.9939080132378475,7.50862419088918,0.6659275291314241,0.006659776495694627,0.5823502987330302
M6_YHUR_SLUR,6,HUR,LUR,LSTM,TSEC,step_1,0.452018313937717,0.5809003964341187,0.7536117822330579,0.007535583832105481,0.664465993753983
M6_YHUR_SLUR,6,HUR,LUR,LSTM,Yd,step_2,76.3242689344618,92.74149760121014,8.524191361919462,0.08488152086236249,0.7375006195982209
M6_YHUR_SLUR,6,HUR,LUR,LSTM,TSE,step_2,5.9487060546875,7.4670026742664755,0.6609826225542373,0.006610770103155608,0.5779586107046227
M6_YHUR_SLUR,6,HUR,LUR,LSTM,TSEC,step_2,0.4510803646511502,0.581113496836104,0.7520165096817396,0.007519061960468203,0.6630872102278019
M6_YHUR_SLUR,6,HUR,LUR,LSTM,Yd,step_3,75.61475490993924,92.4057961085968,8.452370784130391,0.08420451463237587,0.7306447788544551
M6_YHUR_SLUR,6,HUR,LUR,LSTM,TSE,step_3,5.913709174262153,7.446848332879759,0.6570776901696194,0.006571664514219678,0.5745584177544784
M6_YHUR_SLUR,6,HUR,LUR,LSTM,TSEC,step_3,0.4450307210286458,0.5716314310385442,0.7422528150325498,0.007420994905378087,0.6541942465191706
M6_YLUR_SHUR,6,LUR,HUR,MEAN,Yd,ALL,8.490772840711806,9.951320441868793,0.9417239799550882,0.009411051588874054,0.8371844419904367
M6_YLUR_SHUR,6,LUR,HUR,MEAN,TSE,ALL,70.58773803710938,84.56421058925419,7.882697924660333,0.07844287384114691,0.698037591906967
M6_YLUR_SHUR,6,LUR,HUR,MEAN,TSEC,ALL,4.712180851123951,6.110456082026872,8.013683894022902,0.07912404192006274,0.7284556853710326
M6_YLUR_SHUR,6,LUR,HUR,MEAN,Yd,step_1,8.389056396484374,9.880433473209195,0.9305093205897217,0.009299366268622353,0.82715526959361
M6_YLUR_SHUR,6,LUR,HUR,MEAN,TSE,step_1,70.14827948676215,83.77801862259115,7.824612757140689,0.07791784231663124,0.6936918146266973
M6_YLUR_SHUR,6,LUR,HUR,MEAN,TSEC,step_1,4.663292778862847,6.072574020443266,7.937604533274818,0.07838778212571658,0.7208980819363222
M6_YLUR_SHUR,6,LUR,HUR,MEAN,Yd,step_2,8.478782145182292,9.932211124291221,0.9404167833008218,0.009397892635156271,0.8360021675456629
M6_YLUR_SHUR,6,LUR,HUR,MEAN,TSE,step_2,69.92420247395833,83.64836156895544,7.798034846183886,0.07764759774681528,0.6914759314893589
M6_YLUR_SHUR,6,LUR,HUR,MEAN,TSEC,step_2,4.702501339382596,6.111433106451133,7.991569987357362,0.07887146655597706,0.7269593303748265
M6_YLUR_SHUR,6,LUR,HUR,MEAN,Yd,step_3,8.60447998046875,10.040645007879734,0.9542458359747208,0.009535867084838943,0.8483958888320372
M6_YLUR_SHUR,6,LUR,HUR,MEAN,TSE,step_3,71.69073215060764,86.24101309848615,8.025446170656426,0.07976563045053275,0.7089450296048448
M6_YLUR_SHUR,6,LUR,HUR,MEAN,TSEC,step_3,4.770748435126411,6.147133538711203,8.111877161436528,0.08011243163822078,0.7375096438019492
M6_YLUR_SHUR,6,LUR,HUR,ARIMA,Yd,ALL,8.47747802734375,9.944568294040886,0.9402503684070239,0.009396315807241632,0.8358735824114907
M6_YLUR_SHUR,6,LUR,HUR,ARIMA,TSE,ALL,72.19104975947627,86.31997622714267,8.063240743587613,0.08022460509735375,0.7138926381923265
M6_YLUR_SHUR,6,LUR,HUR,ARIMA,TSEC,ALL,4.72290891011556,6.109818426374,8.031454696114427,0.0793041808867517,0.730114135208239
M6_YLUR_SHUR,6,LUR,HUR,ARIMA,Yd,step_1,8.323420545789931,9.866584315952167,0.9232424918545488,0.009226608167220622,0.8206836192422164
M6_YLUR_SHUR,6,LUR,HUR,ARIMA,TSE,step_1,71.67467380099826,85.76488176806649,7.996131479256162,0.0796132987463516,0.7087862296205553
M6_YLUR_SHUR,6,LUR,HUR,ARIMA,TSEC,step_1,4.704834450615777,6.107119329485984,8.00592201068454,0.07908607830160043,0.7273200058658804
M6_YLUR_SHUR,6,LUR,HUR,ARIMA,Yd,step_2,8.541898600260417,9.958962789992054,0.9474319087469574,0.009467850992167829,0.8422254071984346
M6_YLUR_SHUR,6,LUR,HUR,ARIMA,TSE,step_2,70.56228569878472,84.4667456179852,7.869966286638765,0.07835615970129395,0.6977858953737363
M6_YLUR_SHUR,6,LUR,HUR,ARIMA,TSEC,step_2,4.745522435506185,6.12553175402448,8.063139628257357,0.07959302657249342,0.7336099584072051
M6_YLUR_SHUR,6,LUR,HUR,ARIMA,Yd,step_3,8.567114935980904,10.007641567736636,0.9500767046195661,0.00949445748208968,0.8447117207938211
M6_YLUR_SHUR,6,LUR,HUR,ARIMA,TSE,step_3,74.33618977864583,88.67451058550921,8.323624464867912,0.08270905966656217,0.7351057895826881
M6_YLUR_SHUR,6,LUR,HUR,ARIMA,TSEC,step_3,4.718369844224718,6.096769458953998,8.025302449401382,0.07923286811899971,0.7294124413516313
M6_YLUR_SHUR,6,LUR,HUR,RNN,Yd,ALL,8.404580801504629,9.85138482716825,0.9321953536056549,0.00931551756120114,0.8286859653969175
M6_YLUR_SHUR,6,LUR,HUR,RNN,TSE,ALL,71.39695366753472,86.3616299696561,7.969903303297099,0.0793421405037841,0.7060398731204354
M6_YLUR_SHUR,6,LUR,HUR,RNN,TSEC,ALL,4.764207825837312,6.12238392674038,8.1006807642323,0.07999764687247285,0.7364985315010921
M6_YLUR_SHUR,6,LUR,HUR,RNN,Yd,step_1,8.334170193142361,9.752088127133014,0.9244561540241398,0.0092385242759299,0.8217435271786516
M6_YLUR_SHUR,6,LUR,HUR,RNN,TSE,step_1,70.85867173936632,85.61153632622181,7.898816315730035,0.07870691700137548,0.7007168378262859
M6_YLUR_SHUR,6,LUR,HUR,RNN,TSEC,step_1,4.769860458374024,6.16025356790908,8.113772254888502,0.08017913524020027,0.7373723715422057
M6_YLUR_SHUR,6,LUR,HUR,RNN,Yd,step_2,8.465912543402778,9.98247438167897,0.9390476580304931,0.00938362795259808,0.8347332335408854
M6_YLUR_SHUR,6,LUR,HUR,RNN,TSE,step_2,70.92557033962673,84.89960481974099,7.906337927883711,0.0787595705184599,0.7013783937724926
M6_YLUR_SHUR,6,LUR,HUR,RNN,TSEC,step_2,4.793174913194444,6.112828103053222,8.14438794866586,0.08039226521785497,0.7409765513693044
M6_YLUR_SHUR,6,LUR,HUR,RNN,Yd,step_3,8.41365966796875,9.818163342430028,0.9330822487623313,0.009324391534751337,0.8295811354712159
M6_YLUR_SHUR,6,LUR,HUR,RNN,TSE,step_3,72.4066189236111,88.530872255746,8.104555666277545,0.08056215125687433,0.7160243877625276
M6_YLUR_SHUR,6,LUR,HUR,RNN,TSEC,step_3,4.729588105943468,6.093879175107842,8.043882089142528,0.07942124992895343,0.7311466715917663
M6_YLUR_SHUR,6,LUR,HUR,LSTM,Yd,ALL,8.574210611979167,10.052226654624855,0.9509966782676331,0.009503532825221908,0.8454113496335737
M6_YLUR_SHUR,6,LUR,HUR,LSTM,TSE,ALL,70.89100319191262,85.0783690051666,7.9158071812769695,0.07877988691084097,0.7010365614766798
M6_YLUR_SHUR,6,LUR,HUR,LSTM,TSEC,ALL,4.705442711159035,6.106115517241286,8.002532603395936,0.07901089921907321,0.7274140368177735
M6_YLUR_SHUR,6,LUR,HUR,LSTM,Yd,step_1,8.422774251302084,9.932031072720447,0.9342557734562766,0.009336742901574005,0.8304798272045886
M6_YLUR_SHUR,6,LUR,HUR,LSTM,TSE,step_1,70.43716701931423,84.19268595534803,7.856346626804454,0.07823872678269832,0.6965486048166392
M6_YLUR_SHUR,6,LUR,HUR,LSTM,TSEC,step_1,4.657306755913629,6.0642988035545855,7.927656424324869,0.07828715986479619,0.719972703096272
M6_YLUR_SHUR,6,LUR,HUR,LSTM,Yd,step_2,8.572056070963542,10.03982605145791,0.9507826999142279,0.00950127757006108,0.8451989133510645
M6_YLUR_SHUR,6,LUR,HUR,LSTM,TSE,step_2,70.21400689019097,84.14018844684624,7.829604893557564,0.07796941216787018,0.6943417886829226
M6_YLUR_SHUR,6,LUR,HUR,LSTM,TSEC,step_2,4.69406000773112,6.1078220120703035,7.977557347409869,0.07872988654164267,0.7256543855461167
M6_YLUR_SHUR,6,LUR,HUR,LSTM,Yd,step_3,8.727801513671874,10.183242792688088,0.9679515614323942,0.009672537488162897,0.8605553083450681
M6_YLUR_SHUR,6,LUR,HUR,LSTM,TSE,step_3,72.02183566623263,86.87351113827063,8.06147002346889,0.08013402786922187,0.7122192909304775
M6_YLUR_SHUR,6,LUR,HUR,LSTM,TSEC,step_3,4.764961369832357,6.145952360681001,8.102384038453076,0.08001525278273088,0.7366150218109317
M6_YLUR_SLUR,6,LUR,LUR,MEAN,Yd,ALL,7.232916711877894,9.399069792282313,0.802530006077545,0.008035929382845966,0.7174589878932262
M6_YLUR_SLUR,6,LUR,LUR,MEAN,TSE,ALL,7.333671513310185,8.981026747297127,0.8154185511161283,0.008152934971619544,0.716698124163135
M6_YLUR_SLUR,6,LUR,LUR,MEAN,TSEC,ALL,0.48206221969039353,0.6044939547968889,0.80342244337974,0.0080344433692073,0.7031985140698479
M6_YLUR_SLUR,6,LUR,LUR,MEAN,Yd,step_1,7.134901258680555,9.281708146847505,0.7918185201620807,0.007929055397762659,0.7077364830379752
M6_YLUR_SLUR,6,LUR,LUR,MEAN,TSE,step_1,7.319436984592014,8.992370211019345,0.8138246632182058,0.008137230541288645,0.7153070255828203
M6_YLUR_SLUR,6,LUR,LUR,MEAN,TSEC,step_1,0.4829184214274089,0.6048460816009475,0.8048310670794405,0.008048252299688507,0.7044474810384685
M6_YLUR_SLUR,6,LUR,LUR,MEAN,Yd,step_2,7.2816148546006945,9.456787432811513,0.8079030670755968,0.008089868634005515,0.7222895315842386
M6_YLUR_SLUR,6,LUR,LUR,MEAN,TSE,step_2,7.400696478949653,9.043534436597856,0.8227942420818002,0.00822683009762519,0.7232482767106989
M6_YLUR_SLUR,6,LUR,LUR,MEAN,TSEC,step_2,0.47972115410698785,0.6037211688474338,0.7995204445090491,0.00799539413318311,0.6997835319941975
M6_YLUR_SLUR,6,LUR,LUR,MEAN,Yd,step_3,7.282234022352431,9.457621487876565,0.8078684309949572,0.008088823325799322,0.7223509490574644
M6_YLUR_SLUR,6,LUR,LUR,MEAN,TSE,step_3,7.280881076388889,8.906642868614409,0.8096367480483787,0.008094734991147228,0.7115390701958858
M6_YLUR_SLUR,6,LUR,LUR,MEAN,TSEC,step_3,0.48354708353678383,0.6049138715680259,0.80591581855073,0.008059684580156604,0.7053645291768778
M6_YLUR_SLUR,6,LUR,LUR,ARIMA,Yd,ALL,7.297527624059606,9.440756396615008,0.8097062692675855,0.008107713525859926,0.7238679763424674
M6_YLUR_SLUR,6,LUR,LUR,ARIMA,TSE,ALL,7.354434995298033,9.038739048567534,0.8177256701777845,0.008176017996012452,0.7187272781230277
M6_YLUR_SLUR,6,LUR,LUR,ARIMA,TSEC,ALL,0.5003204486988209,0.6238752196959461,0.8338633455769721,0.008338749952462142,0.7298323363936946
M6_YLUR_SLUR,6,LUR,LUR,ARIMA,Yd,step_1,7.180067952473959,9.27028379925454,0.7968268971337018,0.007979249395442159,0.7122167296253972
M6_YLUR_SLUR,6,LUR,LUR,ARIMA,TSE,step_1,7.36222669813368,9.061459473138424,0.8185834750798349,0.008184801107797682,0.7194887382997223
M6_YLUR_SLUR,6,LUR,LUR,ARIMA,TSEC,step_1,0.5048665788438585,0.6298616838106086,0.8414262988882563,0.008414037286475181,0.7364639118048767
M6_YLUR_SLUR,6,LUR,LUR,ARIMA,Yd,step_2,7.213644070095486,9.37446310791492,0.8003369677458421,0.008014353143475279,0.7155472653312163
M6_YLUR_SLUR,6,LUR,LUR,ARIMA,TSE,step_2,7.428032090928819,9.11887208946916,0.8258310872064282,0.00825721716133019,0.7259197055840486
M6_YLUR_SLUR,6,LUR,LUR,ARIMA,TSEC,step_2,0.4931254492865668,0.6177660139531471,0.8218810120653117,0.008218800214238186,0.7193367765079189
M6_YLUR_SLUR,6,LUR,LUR,ARIMA,Yd,step_3,7.498870849609375,9.672896347025668,0.8319549429232129,0.008329455117659404,0.7438399340707887
M6_YLUR_SLUR,6,LUR,LUR,ARIMA,TSE,step_3,7.273046196831597,8.934905416223987,0.8087624482470903,0.008086024331951118,0.710773390485312
M6_YLUR_SLUR,6,LUR,LUR,ARIMA,TSEC,step_3,0.5029693179660373,0.6239393243927649,0.8382827257773482,0.008383411242298149,0.7336963208682884
M6_YLUR_SLUR,6,LUR,LUR,RNN,Yd,ALL,7.37122960973669,9.533963474810866,0.8178918219909521,0.00818959805126915,0.7311787410250974
M6_YLUR_SLUR,6,LUR,LUR,RNN,TSE,ALL,7.345745849609375,9.006693514862713,0.81676780220697,0.008166358163331104,0.7178781134986866
M6_YLUR_SLUR,6,LUR,LUR,RNN,TSEC,ALL,0.48708154183846936,0.614669227578349,0.8117905867740959,0.00811809949885883,0.7105203487459436
M6_YLUR_SLUR,6,LUR,LUR,RNN,Yd,step_1,7.264182535807292,9.416425535953783,0.8061742322642481,0.008072726399093512,0.7205603572695934
M6_YLUR_SLUR,6,LUR,LUR,RNN,TSE,step_1,7.331764729817708,8.993012773763319,0.8152017686534488,0.008150935653466933,0.7165117798266368
M6_YLUR_SLUR,6,LUR,LUR,RNN,TSEC,step_1,0.48900460137261287,0.6130419245763575,0.8149862191815374,0.008149683741453603,0.7133255729507073
M6_YLUR_SLUR,6,LUR,LUR,RNN,Yd,step_2,7.470340304904514,9.674895131475274,0.828864061150069,0.008299542467535283,0.7410098868652988
M6_YLUR_SLUR,6,LUR,LUR,RNN,TSE,step_2,7.421755642361111,9.113233978557478,0.8251323422956668,0.008250240078007034,0.725306326745534
M6_YLUR_SLUR,6,LUR,LUR,RNN,TSEC,step_2,0.48497623867458767,0.612202999914778,0.8082766206158434,0.008082979331295507,0.7074492803318726
M6_YLUR_SLUR,6,LUR,LUR,RNN,Yd,step_3,7.379165988498264,9.508770316811558,0.8186371725585393,0.008196491597152503,0.7319659789404
M6_YLUR_SLUR,6,LUR,LUR,RNN,TSE,step_3,7.283717176649305,8.912702840048315,0.8099692956717943,0.008097888109537096,0.7118162339238888
M6_YLUR_SLUR,6,LUR,LUR,RNN,TSEC,step_3,0.4872637854682075,0.6187421624573152,0.8121089205249069,0.00812163396681536,0.710786192955251
M6_YLUR_SLUR,6,LUR,LUR,LSTM,Yd,ALL,7.178019883897569,9.417170511058579,0.7964249278560749,0.007974937800809956,0.7120135743470377
M6_YLUR_SLUR,6,LUR,LUR,LSTM,TSE,ALL,7.345088704427083,8.980338393560386,0.8166867235467477,0.008165627606756758,0.7178138926348809
M6_YLUR_SLUR,6,LUR,LUR,LSTM,TSEC,ALL,0.4824814549198857,0.6059854947922798,0.8041216329506317,0.008041430686553793,0.7038100649825371
M6_YLUR_SLUR,6,LUR,LUR,LSTM,Yd,step_1,7.090506320529514,9.285587175032349,0.7868818787091925,0.007879719056415034,0.7033327896647165
M6_YLUR_SLUR,6,LUR,LUR,LSTM,TSE,step_1,7.336799452039931,9.00469242510355,0.8157529801974184,0.008156532900293405,0.7170038084054735
M6_YLUR_SLUR,6,LUR,LUR,LSTM,TSEC,step_1,0.4838970184326172,0.6059511198232539,0.8064622464443919,0.008064561463406793,0.7058749896293256
M6_YLUR_SLUR,6,LUR,LUR,LSTM,Yd,step_2,7.222235107421875,9.476731063723067,0.8012992398275092,0.008023897779491891,0.7163994411809702
M6_YLUR_SLUR,6,LUR,LUR,LSTM,TSE,step_2,7.41964111328125,9.041355567446795,0.8248983661460146,0.008247889505797244,0.7250996800444546
M6_YLUR_SLUR,6,LUR,LUR,LSTM,TSEC,step_2,0.48025309244791664,0.605483788071268,0.8004075134208916,0.008004259818287604,0.7005594862914626
M6_YLUR_SLUR,6,LUR,LUR,LSTM,Yd,step_3,7.22131822374132,9.487820638260134,0.8010936650315233,0.008021160417521062,0.7163084921954266
M6_YLUR_SLUR,6,LUR,LUR,LSTM,TSE,step_3,7.27882554796007,8.894314859551905,0.8094088242968099,0.008092449696589675,0.7113381894547147
M6_YLUR_SLUR,6,LUR,LUR,LSTM,TSEC,step_3,0.4832942538791233,0.6065211310941645,0.8054951389866111,0.008055470456315036,0.7049957190268231
M7_YHUR_SHUR,7,HUR,HUR,MEAN,Yd,ALL,91.77097687897859,114.31976375824732,8.764527603301072,0.08768011297747069,0.7890214827941413
M7_YHUR_SHUR,7,HUR,HUR,MEAN,TSE,ALL,78.47657289858218,96.53041570520233,7.544183102170892,0.07473964080118992,0.6553951715465038
M7_YHUR_SHUR,7,HUR,HUR,MEAN,TSEC,ALL,5.112256961398654,6.46200361060848,7.493211445791556,0.0742861609062244,0.6294862165905529
M7_YHUR_SHUR,7,HUR,HUR,MEAN,Yd,step_1,92.05438978407118,114.41962856751175,8.792521857979473,0.08797370983948063,0.7914581885830972
M7_YHUR_SHUR,7,HUR,HUR,MEAN,TSE,step_1,77.66173299153645,95.51316216120412,7.454503132676058,0.07385031257972462,0.648590056071452
M7_YHUR_SHUR,7,HUR,HUR,MEAN,TSEC,step_1,5.102624087863498,6.4489779412227355,7.47769208065702,0.07415836749776493,0.6283000944604787
M7_YHUR_SHUR,7,HUR,HUR,MEAN,Yd,step_2,91.50866292317708,114.22022946692611,8.738564489012763,0.08740811468648241,0.7867661799369314
M7_YHUR_SHUR,7,HUR,HUR,MEAN,TSE,step_2,78.98349338107639,97.07627075232668,7.598980357467074,0.07528809914488624,0.6596287055084683
M7_YHUR_SHUR,7,HUR,HUR,MEAN,TSEC,step_2,5.068458133273655,6.432047145540063,7.4260882460432835,0.07359067546049045,0.6240931467946319
M7_YHUR_SHUR,7,HUR,HUR,MEAN,Yd,step_3,91.7498779296875,114.31934629020506,8.762496462910983,0.08765865739660092,0.7888400798623951
M7_YHUR_SHUR,7,HUR,HUR,MEAN,TSE,step_3,78.78449232313368,96.99379866489407,7.579065816369546,0.0750825803151808,0.657966753059591
M7_YHUR_SHUR,7,HUR,HUR,MEAN,TSEC,step_3,5.165688663058811,6.504761719058093,7.575854010674364,0.07511050278056415,0.6360654085165481
M7_YHUR_SHUR,7,HUR,HUR,ARIMA,Yd,ALL,91.03159654405383,113.12507245011474,8.694793871179222,0.08697369191163616,0.7826644951271091
M7_YHUR_SHUR,7,HUR,HUR,ARIMA,TSE,ALL,81.24484049479166,99.11105284538137,7.811925663833598,0.07737608780875298,0.6785142904005984
M7_YHUR_SHUR,7,HUR,HUR,ARIMA,TSEC,ALL,5.175023707637081,6.536175205362551,7.582438133272638,0.07519822394332029,0.6372148581505649
M7_YHUR_SHUR,7,HUR,HUR,ARIMA,Yd,step_1,90.6973870171441,113.05482701192403,8.663962975547559,0.08667686166147366,0.7797910540299963
M7_YHUR_SHUR,7,HUR,HUR,ARIMA,TSE,step_1,79.62613525390626,97.52771232320012,7.643935653577556,0.07571830747914486,0.6649957133291412
M7_YHUR_SHUR,7,HUR,HUR,ARIMA,TSEC,step_1,5.14317881266276,6.522005371242366,7.536286480728386,0.07474776466550606,0.6332937089191256
M7_YHUR_SHUR,7,HUR,HUR,ARIMA,Yd,step_2,91.32102457682292,113.56891314149011,8.721113668041886,0.08722888450680559,0.785152917320531
M7_YHUR_SHUR,7,HUR,HUR,ARIMA,TSE,step_2,81.76438666449653,99.836913527849,7.868482922391211,0.07793888300200601,0.6828532674792751
M7_YHUR_SHUR,7,HUR,HUR,ARIMA,TSEC,step_2,5.208866458468967,6.533210153408012,7.6265213065139354,0.07562931190962403,0.6413820088515251
M7_YHUR_SHUR,7,HUR,HUR,ARIMA,Yd,step_3,91.07637803819445,112.74996278356696,8.699304969948225,0.0870151895514417,0.7830495140307998
M7_YHUR_SHUR,7,HUR,HUR,ARIMA,TSE,step_3,82.34399956597223,99.94967941217148,7.923358415532021,0.0784748340514458,0.6876938903933791
M7_YHUR_SHUR,7,HUR,HUR,ARIMA,TSEC,step_3,5.173025851779514,6.553271700035088,7.584506612575595,0.07521718747833717,0.6369688566810439
M7_YHUR_SHUR,7,HUR,HUR,RNN,Yd,ALL,91.54992969654225,114.83787692168214,8.743031510331114,0.08746891938894728,0.7871209802432816
M7_YHUR_SHUR,7,HUR,HUR,RNN,TSE,ALL,76.5188720703125,95.90984023098358,7.358604849263892,0.07287516263532813,0.6390454811511461
M7_YHUR_SHUR,7,HUR,HUR,RNN,TSEC,ALL,5.21783534862377,6.5013149931312,7.648320694226814,0.07582031952165497,0.6424863728874476
M7_YHUR_SHUR,7,HUR,HUR,RNN,Yd,step_1,92.33518337673611,114.45727481364366,8.818778273120945,0.08824205613023149,0.7938723742480897
M7_YHUR_SHUR,7,HUR,HUR,RNN,TSE,step_1,78.43035888671875,98.35376555537917,7.526638579741476,0.07458121646803044,0.6550092163612254
M7_YHUR_SHUR,7,HUR,HUR,RNN,TSEC,step_1,5.23979246351454,6.556381898166014,7.678573700818438,0.07615188742700991,0.6451900126465988
M7_YHUR_SHUR,7,HUR,HUR,RNN,Yd,step_2,90.70667046440973,114.40072418124369,8.662139293360733,0.0866420599046255,0.7798708705425373
M7_YHUR_SHUR,7,HUR,HUR,RNN,TSE,step_2,76.7620822482639,95.91630484849424,7.387490574972665,0.07317062099281438,0.6410766449802077
M7_YHUR_SHUR,7,HUR,HUR,RNN,TSEC,step_2,5.215921274820963,6.516283794705728,7.640846520801489,0.07573174319877385,0.6422506877320453
M7_YHUR_SHUR,7,HUR,HUR,RNN,Yd,step_3,91.6079352484809,115.65128826208247,8.748176964511668,0.08752304408416274,0.7876196959392175
M7_YHUR_SHUR,7,HUR,HUR,RNN,TSE,step_3,74.36417507595486,93.39535119419284,7.161685393077533,0.07086996416518208,0.6210505821120053
M7_YHUR_SHUR,7,HUR,HUR,RNN,TSEC,step_3,5.197792307535807,6.430644744657735,7.6255418610605155,0.0755772984074473,0.6400184182836988
M7_YHUR_SHUR,7,HUR,HUR,LSTM,Yd,ALL,91.57719749168113,114.20451775046345,8.746086562595464,0.08749497167083131,0.7873554212058245
M7_YHUR_SHUR,7,HUR,HUR,LSTM,TSE,ALL,78.60067319516783,96.47357200162375,7.556537734006258,0.07485783163505978,0.6564315921261186
M7_YHUR_SHUR,7,HUR,HUR,LSTM,TSEC,ALL,5.075460448088469,6.382025751746556,7.441449768453078,0.07375147109520978,0.6249553610169286
M7_YHUR_SHUR,7,HUR,HUR,LSTM,Yd,step_1,92.01881306966146,114.40939434539727,8.7890717531405,0.08793971020559174,0.7911523098302371
M7_YHUR_SHUR,7,HUR,HUR,LSTM,TSE,step_1,77.6007073296441,95.46098992419864,7.448907078908642,0.0737922818864535,0.6480804017546616
M7_YHUR_SHUR,7,HUR,HUR,LSTM,TSEC,step_1,5.07380362616645,6.397683035626155,7.436987188241788,0.0737395088177637,0.6247513519909483
M7_YHUR_SHUR,7,HUR,HUR,LSTM,Yd,step_2,91.2989271375868,114.12651813587435,8.718559952594214,0.08720777726470055,0.7849629296483389
M7_YHUR_SHUR,7,HUR,HUR,LSTM,TSE,step_2,79.08844129774306,96.94105795793295,7.609570063084712,0.07538813687197089,0.6605051754574821
M7_YHUR_SHUR,7,HUR,HUR,LSTM,TSEC,step_2,5.0280780368381075,6.35093201918345,7.36919088798442,0.07300438304301075,0.6191210348052103
M7_YHUR_SHUR,7,HUR,HUR,LSTM,Yd,step_3,91.41385226779514,114.07735957476001,8.73062798205168,0.08733761546132052,0.7859510241388974
M7_YHUR_SHUR,7,HUR,HUR,LSTM,TSE,step_3,79.11287095811632,97.01072605102065,7.611136060025419,0.07539552915203754,0.6607091991662117
M7_YHUR_SHUR,7,HUR,HUR,LSTM,TSEC,step_3,5.1244996812608505,6.397348853332942,7.518171229133026,0.07451160390499151,0.6309936962546274
M7_YHUR_SLUR,7,HUR,LUR,MEAN,Yd,ALL,84.84760696976274,106.73161644410135,8.120381405109603,0.080357765557266,0.7209610043249719
M7_YHUR_SLUR,7,HUR,LUR,MEAN,TSE,ALL,8.502401846426505,11.143107108926209,0.809770533343471,0.008095104698346905,0.6978381910183943
M7_YHUR_SLUR,7,HUR,LUR,MEAN,TSEC,ALL,0.5568220633047598,0.6981673543910579,0.7954351659668765,0.007950720748089722,0.6981430309961748
M7_YHUR_SLUR,7,HUR,LUR,MEAN,Yd,step_1,84.67546725802951,106.70684562322877,8.103550261030415,0.08016593029568769,0.7194983111048835
M7_YHUR_SLUR,7,HUR,LUR,MEAN,TSE,step_1,8.501236300998263,11.137293086658671,0.8096522837129555,0.008093983343114201,0.6977425283894236
M7_YHUR_SLUR,7,HUR,LUR,MEAN,TSEC,step_1,0.5661688062879774,0.7194945725070034,0.8084888881660797,0.008083100658028369,0.7098619694260162
M7_YHUR_SLUR,7,HUR,LUR,MEAN,Yd,step_2,84.84998982747396,106.7103515067185,8.120269229552202,0.0803455564254321,0.7209812517727198
M7_YHUR_SLUR,7,HUR,LUR,MEAN,TSE,step_2,8.483685302734376,11.120817953877593,0.8079657906314246,0.008077136697005247,0.6963020228593085
M7_YHUR_SLUR,7,HUR,LUR,MEAN,TSEC,step_2,0.5495279947916667,0.6851380776373692,0.7851926103016296,0.007847394408022585,0.6889977340770808
M7_YHUR_SLUR,7,HUR,LUR,MEAN,Yd,step_3,85.01736382378472,106.77763728780153,8.137324724746192,0.08056199122837804,0.7224034500973123
M7_YHUR_SLUR,7,HUR,LUR,MEAN,TSE,step_3,8.522283935546875,11.17115118784023,0.811693525686033,0.008114194763256833,0.6994700218064507
M7_YHUR_SLUR,7,HUR,LUR,MEAN,TSEC,step_3,0.5547693888346354,0.6893666215567459,0.7926239994329198,0.007921637813675482,0.6955693894854276
M7_YHUR_SLUR,7,HUR,LUR,ARIMA,Yd,ALL,85.59972443757233,107.92987291019239,8.192363790093658,0.08107008357433519,0.7273518429629503
M7_YHUR_SLUR,7,HUR,LUR,ARIMA,TSE,ALL,9.03678724500868,11.489744195253818,0.8606526805249133,0.008603891018839238,0.7416980963238536
M7_YHUR_SLUR,7,HUR,LUR,ARIMA,TSEC,ALL,0.5706464696813512,0.7154982484226395,0.8151972631633244,0.008148115933826519,0.7154760599932567
M7_YHUR_SLUR,7,HUR,LUR,ARIMA,Yd,step_1,86.10669352213542,108.19601355124121,8.240054502337845,0.08152093415502325,0.7316596243302971
M7_YHUR_SLUR,7,HUR,LUR,ARIMA,TSE,step_1,9.13329332139757,11.55788820396192,0.8698667086102103,0.008695761580287733,0.7496188729450869
M7_YHUR_SLUR,7,HUR,LUR,ARIMA,TSEC,step_1,0.578692626953125,0.7365271946683837,0.8264027041662174,0.008261901224105465,0.7255643251604965
M7_YHUR_SLUR,7,HUR,LUR,ARIMA,Yd,step_2,85.70397203233507,108.03166829960645,8.20170561685172,0.08115420325693433,0.7282376481530176
M7_YHUR_SLUR,7,HUR,LUR,ARIMA,TSE,step_2,9.117333306206596,11.496890483810247,0.8682804021195907,0.008680419510923392,0.7483089480167355
M7_YHUR_SLUR,7,HUR,LUR,ARIMA,TSEC,step_2,0.5670507642957899,0.7047587126439797,0.8102389476633078,0.008097623849876329,0.7109677676286434
M7_YHUR_SLUR,7,HUR,LUR,ARIMA,Yd,step_3,84.98850775824653,107.56093015242233,8.135331251091413,0.08053464737773135,0.7221582564055362
M7_YHUR_SLUR,7,HUR,LUR,ARIMA,TSE,step_3,8.859735107421875,11.413999933638417,0.8438109308449385,0.008435487101366112,0.7271664680097385
M7_YHUR_SLUR,7,HUR,LUR,ARIMA,TSEC,step_3,0.5661960177951388,0.7047383052977303,0.8089501376604484,0.008084800413988572,0.7098960871906301
M7_YHUR_SLUR,7,HUR,LUR,RNN,Yd,ALL,86.2995962637442,107.77650153677018,8.255911049688056,0.08173292060812093,0.7332987436796133
M7_YHUR_SLUR,7,HUR,LUR,RNN,TSE,ALL,8.641363525390625,11.277053372255319,0.8230051233085042,0.00822740958825815,0.7092435289947401
M7_YHUR_SLUR,7,HUR,LUR,RNN,TSEC,ALL,0.5617701495135272,0.7037486293342194,0.8025110978189642,0.00802137321370844,0.7043469372906144
M7_YHUR_SLUR,7,HUR,LUR,RNN,Yd,step_1,85.84882202148438,107.61101981214686,8.21216560454935,0.08127679604258224,0.7294684570984102
M7_YHUR_SLUR,7,HUR,LUR,RNN,TSE,step_1,8.703646511501736,11.359918218567689,0.8289295191722628,0.008286697063129131,0.7143554311541598
M7_YHUR_SLUR,7,HUR,LUR,RNN,TSEC,step_1,0.5809931437174479,0.7333420744995938,0.8296788614620288,0.008294745330606885,0.7284487111296332
M7_YHUR_SLUR,7,HUR,LUR,RNN,Yd,step_2,86.31017320421007,107.43031214813573,8.256740589411839,0.08172822301296588,0.7333886173000169
M7_YHUR_SLUR,7,HUR,LUR,RNN,TSE,step_2,8.574151611328125,11.259101809319812,0.8165861026392232,0.008163267749125918,0.7037270830102478
M7_YHUR_SLUR,7,HUR,LUR,RNN,TSEC,step_2,0.5497241550021701,0.6867766317992094,0.7854711817810025,0.007850195623890697,0.68924367958274
M7_YHUR_SLUR,7,HUR,LUR,RNN,Yd,step_3,86.73979356553819,108.28628397567316,8.29882695510298,0.08219415627685277,0.737039156640413
M7_YHUR_SLUR,7,HUR,LUR,RNN,TSE,step_3,8.646292453342014,11.211631584961681,0.8234997481140263,0.00823226513890995,0.7096480728198126
M7_YHUR_SLUR,7,HUR,LUR,RNN,TSEC,step_3,0.5545931498209635,0.6901692978194139,0.7923832502138615,0.007919121269570766,0.6953484211594699
M7_YHUR_SLUR,7,HUR,LUR,LSTM,Yd,ALL,85.12903962311921,107.32403897097925,8.147238210671832,0.08062430576960973,0.7233523736948356
M7_YHUR_SLUR,7,HUR,LUR,LSTM,TSE,ALL,8.614242666739004,11.307163096968361,0.8204056808175575,0.008201587921126973,0.7070175731669446
M7_YHUR_SLUR,7,HUR,LUR,LSTM,TSEC,ALL,0.5681532400625723,0.712620913554488,0.8116021510676092,0.008112515741653588,0.7123500508105511
M7_YHUR_SLUR,7,HUR,LUR,LSTM,Yd,step_1,84.61500311957465,106.92233126210434,8.097898461379202,0.08010868627843308,0.7189845395614904
M7_YHUR_SLUR,7,HUR,LUR,LSTM,TSE,step_1,8.509001329210069,11.179343729809851,0.8103919875928802,0.008101376386523402,0.6983798463306841
M7_YHUR_SLUR,7,HUR,LUR,LSTM,TSEC,step_1,0.5704510158962673,0.7228055645932525,0.8146027629570926,0.008144237073383931,0.7152310002031897
M7_YHUR_SLUR,7,HUR,LUR,LSTM,Yd,step_2,85.10794067382812,107.25391405203013,8.144870455230633,0.08058981342914981,0.7231730932152279
M7_YHUR_SLUR,7,HUR,LUR,LSTM,TSE,step_2,8.585953097873263,11.28957279877373,0.8176922855400994,0.008174503693960203,0.7046956949590525
M7_YHUR_SLUR,7,HUR,LUR,LSTM,TSEC,step_2,0.5599032931857639,0.6984460643785899,0.7999975293549061,0.007995556211190177,0.7020062744092557
M7_YHUR_SLUR,7,HUR,LUR,LSTM,Yd,step_3,85.66417507595486,107.7940676527673,8.198945715405664,0.08117490605048135,0.7278994883077885
M7_YHUR_SLUR,7,HUR,LUR,LSTM,TSE,step_3,8.747773573133681,11.450922744315362,0.8331327693196925,0.008328886839971609,0.7179771782110971
M7_YHUR_SLUR,7,HUR,LUR,LSTM,TSEC,step_3,0.5741054111056858,0.71638740235489,0.8202061608908293,0.00819773986305168,0.7198128778192082
M7_YLUR_SHUR,7,LUR,HUR,MEAN,Yd,ALL,7.061803294994213,8.939546070861693,0.6731562117484452,0.006728204486376454,0.5700895459705246
M7_YLUR_SHUR,7,LUR,HUR,MEAN,TSE,ALL,83.22425152813946,105.94199108909397,8.086454483281367,0.08020592708148595,0.7118564573395204
M7_YLUR_SHUR,7,LUR,HUR,MEAN,TSEC,ALL,5.00415284898546,6.1644489918628445,7.1857976762727285,0.07144741933912825,0.6514518569940474
M7_YLUR_SHUR,7,LUR,HUR,MEAN,Yd,step_1,7.045547146267361,8.925598518259596,0.6715965036617414,0.006712611546631683,0.5687772097215824
M7_YLUR_SHUR,7,LUR,HUR,MEAN,TSE,step_1,82.7731696234809,105.60436097842025,8.038175092162387,0.07968667803264998,0.7079981400735293
M7_YLUR_SHUR,7,LUR,HUR,MEAN,TSEC,step_1,5.003140767415364,6.163704603179319,7.1866298467517105,0.0714919429452639,0.6513201019421605
M7_YLUR_SHUR,7,LUR,HUR,MEAN,Yd,step_2,7.054404025607639,8.929100877717438,0.6724426488500246,0.006721102407641376,0.5694922132569249
M7_YLUR_SHUR,7,LUR,HUR,MEAN,TSE,step_2,83.41539577907986,106.10737141244877,8.107373293239963,0.08044310677851657,0.7134914046874007
M7_YLUR_SHUR,7,LUR,HUR,MEAN,TSEC,step_2,5.005738830566406,6.165233233594602,7.186996950205376,0.07144206684457603,0.6516583236383017
M7_YLUR_SHUR,7,LUR,HUR,MEAN,Yd,step_3,7.085458713107639,8.963888691051665,0.6754294827335696,0.006750900334328433,0.5719992149330664
M7_YLUR_SHUR,7,LUR,HUR,MEAN,TSE,step_3,83.48418918185764,106.11343506853956,8.113815064441749,0.08048881719486503,0.7140798272576315
M7_YLUR_SHUR,7,LUR,HUR,MEAN,TSEC,step_3,5.003578948974609,6.164409043855157,7.183766231861098,0.07140830399044047,0.65137714540168
M7_YLUR_SHUR,7,LUR,HUR,ARIMA,Yd,ALL,7.113712112991898,9.049664525692844,0.6781049029946502,0.006777661137538359,0.5742800725609698
M7_YLUR_SHUR,7,LUR,HUR,ARIMA,TSE,ALL,84.47758766456887,106.68200575306602,8.204948627874362,0.08141380801668498,0.7225768351807387
M7_YLUR_SHUR,7,LUR,HUR,ARIMA,TSEC,ALL,5.020623807553892,6.238338463131801,7.209831791384751,0.07168258551395737,0.6535960833735538
M7_YLUR_SHUR,7,LUR,HUR,ARIMA,Yd,step_1,7.164031304253472,9.072974375339799,0.6828940232211044,0.006825496764838172,0.5783422707986705
M7_YLUR_SHUR,7,LUR,HUR,ARIMA,TSE,step_1,83.46615193684896,105.42065143609707,8.103836577778733,0.08035382003940014,0.7139255461545121
M7_YLUR_SHUR,7,LUR,HUR,ARIMA,TSEC,step_1,5.050965203179254,6.260139900388687,7.2560894605658275,0.07217532604239543,0.6575459944015394
M7_YLUR_SHUR,7,LUR,HUR,ARIMA,Yd,step_2,7.064066569010417,9.035280748211312,0.6733616495644715,0.0067303084218549945,0.570272256930092
M7_YLUR_SHUR,7,LUR,HUR,ARIMA,TSE,step_2,85.47215440538194,108.12791747613966,8.301298297938043,0.0824265782018428,0.731083835768945
M7_YLUR_SHUR,7,LUR,HUR,ARIMA,TSEC,step_2,5.010497623019749,6.246133447951198,7.193822946965393,0.0715099844847204,0.652277833927922
M7_YLUR_SHUR,7,LUR,HUR,ARIMA,Yd,step_3,7.1130384657118055,9.040692554676323,0.6780590361983746,0.00677717783711477,0.5742256899541469
M7_YLUR_SHUR,7,LUR,HUR,ARIMA,TSE,step_3,84.4944566514757,106.48000172592832,8.209711007906309,0.08146283676044856,0.722721123618759
M7_YLUR_SHUR,7,LUR,HUR,ARIMA,TSEC,step_3,5.000408596462673,6.208628328360114,7.179582966623031,0.07136305847753104,0.6509644217912001
M7_YLUR_SHUR,7,LUR,HUR,RNN,Yd,ALL,7.079451497395834,9.071623821328975,0.6748366961797456,0.00674501898964352,0.5715142607741028
M7_YLUR_SHUR,7,LUR,HUR,RNN,TSE,ALL,87.3096211751302,108.72065461368294,8.475893930892761,0.08414313112947507,0.7468005596946606
M7_YLUR_SHUR,7,LUR,HUR,RNN,TSEC,ALL,5.173834087230541,6.390864356345384,7.4309688951219,0.07387006447982108,0.6735413416855908
M7_YLUR_SHUR,7,LUR,HUR,RNN,Yd,step_1,6.999758572048611,8.948626696893017,0.6672453223162388,0.0066689867002395304,0.5650807618885609
M7_YLUR_SHUR,7,LUR,HUR,RNN,TSE,step_1,85.6038791232639,107.74209661089108,8.307872253984314,0.082411834475725,0.7322105396959101
M7_YLUR_SHUR,7,LUR,HUR,RNN,TSEC,step_1,5.134669070773654,6.363566118352736,7.377846660990345,0.07337140514641158,0.6684427518802826
M7_YLUR_SHUR,7,LUR,HUR,RNN,Yd,step_2,7.036112467447917,9.05051755908385,0.6707020319249314,0.006703675076411049,0.5680155612389112
M7_YLUR_SHUR,7,LUR,HUR,RNN,TSE,step_2,89.00663587782118,109.64062622955869,8.642244682824105,0.08583511769072964,0.7613159305406481
M7_YLUR_SHUR,7,LUR,HUR,RNN,TSEC,step_2,5.191545528835721,6.412739742885142,7.452593078862607,0.07409390606496626,0.6758470569328928
M7_YLUR_SHUR,7,LUR,HUR,RNN,Yd,step_3,7.202483452690972,9.213755391775846,0.6865627342980669,0.006862399446180758,0.5814464591948362
M7_YLUR_SHUR,7,LUR,HUR,RNN,TSE,step_3,87.31834852430555,108.77093323477018,8.477564855869863,0.08418540877028323,0.7468752088474238
M7_YLUR_SHUR,7,LUR,HUR,RNN,TSEC,step_3,5.195287662082248,6.3961892491539185,7.462466945512751,0.07414426443051943,0.6763342162435969
M7_YLUR_SHUR,7,LUR,HUR,LSTM,Yd,ALL,7.125729709201389,8.960096352262564,0.6792454989200385,0.00678911102382866,0.5752502363676538
M7_YLUR_SHUR,7,LUR,HUR,LSTM,TSE,ALL,84.23773735894098,106.43613538914931,8.184778208228586,0.08118265645003905,0.7205252818688012
M7_YLUR_SHUR,7,LUR,HUR,LSTM,TSEC,ALL,5.007476467556423,6.161715086295957,7.190590163678004,0.07149487271973613,0.6518845331243205
M7_YLUR_SHUR,7,LUR,HUR,LSTM,Yd,step_1,7.088914659288195,8.94013344966131,0.6757264573207443,0.006753929738478085,0.572278208655586
M7_YLUR_SHUR,7,LUR,HUR,LSTM,TSE,step_1,83.25308091905382,105.92763219240668,8.08448189418605,0.08014869413120594,0.7121030487801969
M7_YLUR_SHUR,7,LUR,HUR,LSTM,TSEC,step_1,5.0053210788302955,6.157556634854051,7.189794864394917,0.07152309831476585,0.6516039397790423
M7_YLUR_SHUR,7,LUR,HUR,LSTM,Yd,step_2,7.117061360677083,8.948350417106761,0.678410737254973,0.006780799352140577,0.5745504526625429
M7_YLUR_SHUR,7,LUR,HUR,LSTM,TSE,step_2,84.3576917860243,106.55922810386751,8.19878099341696,0.08135182653696926,0.7215513089214669
M7_YLUR_SHUR,7,LUR,HUR,LSTM,TSEC,step_2,5.012623172336155,6.163763299416339,7.1969120745858985,0.07154032039346117,0.6525545427118246
M7_YLUR_SHUR,7,LUR,HUR,LSTM,Yd,step_3,7.171213107638889,8.991719448492539,0.6835993021843977,0.006832605611876686,0.5789220477848327
M7_YLUR_SHUR,7,LUR,HUR,LSTM,TSE,step_3,85.1024393717448,106.81956933890959,8.27107173708275,0.08204900535726846,0.7279214879047395
M7_YLUR_SHUR,7,LUR,HUR,LSTM,TSEC,step_3,5.004485151502821,6.163823220323134,7.185063552053197,0.07142123681038222,0.6514951168820947
M7_YLUR_SLUR,7,LUR,LUR,MEAN,Yd,ALL,9.745347312644675,12.0625981265926,0.9296640812818224,0.00928838690122908,0.832116634812822
M7_YLUR_SLUR,7,LUR,LUR,MEAN,TSE,ALL,7.848716453269676,10.186368488356417,0.748064710069603,0.007481565773694371,0.6436768300442665
M7_YLUR_SLUR,7,LUR,LUR,MEAN,TSEC,ALL,0.5371636284722222,0.6922461936640103,0.7668092637922846,0.007671470644932299,0.6683624055991262
M7_YLUR_SLUR,7,LUR,LUR,MEAN,Yd,step_1,9.67257351345486,11.973989230194622,0.9228507533767888,0.00922031189978485,0.8259027681396661
M7_YLUR_SLUR,7,LUR,LUR,MEAN,TSE,step_1,7.829633246527778,10.170272371758609,0.7462090645014017,0.007462779763552172,0.6421118075216874
M7_YLUR_SLUR,7,LUR,LUR,MEAN,TSEC,step_1,0.5394616868760851,0.6929313953768969,0.770177682653056,0.007705595338821168,0.6712217500550819
M7_YLUR_SLUR,7,LUR,LUR,MEAN,Yd,step_2,9.813525390625,12.120365909899942,0.9360823187362727,0.009352221121946957,0.8379380910418252
M7_YLUR_SLUR,7,LUR,LUR,MEAN,TSE,step_2,7.858635796440972,10.19375997086995,0.7490433867033814,0.007491750494006546,0.6444903199195393
M7_YLUR_SLUR,7,LUR,LUR,MEAN,TSEC,step_2,0.5332934061686198,0.68904862513035,0.7613057176783269,0.007616441604598744,0.6635469062765155
M7_YLUR_SLUR,7,LUR,LUR,MEAN,Yd,step_3,9.749943033854167,12.09293731135428,0.9300591717324058,0.00929261028399796,0.8325090452569751
M7_YLUR_SLUR,7,LUR,LUR,MEAN,TSE,step_3,7.857880316840278,10.195054020566777,0.7489416790040259,0.007490169402989907,0.644428362691573
M7_YLUR_SLUR,7,LUR,LUR,MEAN,TSEC,step_3,0.5387357923719618,0.6947463216411676,0.7689443910454717,0.007692374804835456,0.6703185604657813
M7_YLUR_SLUR,7,LUR,LUR,ARIMA,Yd,ALL,10.001027651186343,12.334491828292677,0.9540086976706561,0.009532078360468387,0.8539481669347243
M7_YLUR_SLUR,7,LUR,LUR,ARIMA,TSE,ALL,8.028638599537038,10.22991694540875,0.7651717901295568,0.007653071443373997,0.6584323276410603
M7_YLUR_SLUR,7,LUR,LUR,ARIMA,TSEC,ALL,0.5379265679253472,0.7012669175843919,0.767918193625406,0.007682366519686804,0.6693116881290462
M7_YLUR_SLUR,7,LUR,LUR,ARIMA,Yd,step_1,10.003877766927083,12.395476930444024,0.9544223445791946,0.009536125322809242,0.8541915270370302
M7_YLUR_SLUR,7,LUR,LUR,ARIMA,TSE,step_1,7.965680609809028,10.1513103585821,0.7591430522435529,0.007592452696831671,0.6532691140767325
M7_YLUR_SLUR,7,LUR,LUR,ARIMA,TSEC,step_1,0.5453961690266927,0.7028548789736323,0.7786708656993522,0.007790362652442355,0.6786056914761461
M7_YLUR_SLUR,7,LUR,LUR,ARIMA,Yd,step_2,10.080868869357639,12.328987584657154,0.9615109994320392,0.009606997589026433,0.8607654925417709
M7_YLUR_SLUR,7,LUR,LUR,ARIMA,TSE,step_2,7.98912353515625,10.29534760727915,0.76143347790287,0.007616146331439896,0.6551916791183297
M7_YLUR_SLUR,7,LUR,LUR,ARIMA,TSEC,step_2,0.5362597995334202,0.6989771595414382,0.7655648165967335,0.007658807329691035,0.6672378222286811
M7_YLUR_SLUR,7,LUR,LUR,ARIMA,Yd,step_3,9.918336317274306,12.278732947289644,0.9460927490007343,0.009453104878872284,0.8468874812253718
M7_YLUR_SLUR,7,LUR,LUR,ARIMA,TSE,step_3,8.131111653645833,10.242573786842762,0.7749388402422477,0.007750614830555535,0.6668361897281186
M7_YLUR_SLUR,7,LUR,LUR,ARIMA,TSEC,step_3,0.5321237352159288,0.7019628328033373,0.7595188985801322,0.007597964107429848,0.6620915506823115
M7_YLUR_SLUR,7,LUR,LUR,RNN,Yd,ALL,10.163233326099537,12.355676271003485,0.9695068574173826,0.009686678193376739,0.8677982675033494
M7_YLUR_SLUR,7,LUR,LUR,RNN,TSE,ALL,8.354603407118056,10.66005159237138,0.7961743596271547,0.007963788127095075,0.6851648507611091
M7_YLUR_SLUR,7,LUR,LUR,RNN,TSEC,ALL,0.544276202166522,0.7150947060361595,0.7769939632862808,0.00777304844620847,0.6772121798808357
M7_YLUR_SLUR,7,LUR,LUR,RNN,Yd,step_1,10.147083875868056,12.32540804841061,0.9680826242046254,0.009672635527518838,0.8664193298678214
M7_YLUR_SLUR,7,LUR,LUR,RNN,TSE,step_1,8.343109809027778,10.738102465595578,0.7950625475699438,0.00795219764291232,0.6842222555191226
M7_YLUR_SLUR,7,LUR,LUR,RNN,TSEC,step_1,0.5568709479437934,0.7078410296675048,0.7950998699620127,0.007954266790750373,0.6928831116778159
M7_YLUR_SLUR,7,LUR,LUR,RNN,Yd,step_2,10.161962890625,12.420550531853776,0.9692943048063942,0.009684279624622401,0.8676897900465792
M7_YLUR_SLUR,7,LUR,LUR,RNN,TSE,step_2,8.365718587239583,10.709003365375926,0.7972443380139397,0.007975159809168877,0.6860764117722111
M7_YLUR_SLUR,7,LUR,LUR,RNN,TSEC,step_2,0.5250819736056858,0.7087136345893915,0.7495924100281062,0.0074991667688661745,0.6533298838828234
M7_YLUR_SLUR,7,LUR,LUR,RNN,Yd,step_3,10.180653211805556,12.32081366092993,0.9711436432411278,0.009703117485440706,0.8692856825956478
M7_YLUR_SLUR,7,LUR,LUR,RNN,TSE,step_3,8.354981825086806,10.531880279171236,0.7962161932975803,0.007964008957312042,0.6851958849919935
M7_YLUR_SLUR,7,LUR,LUR,RNN,TSEC,step_3,0.5508756849500868,0.7285378347547676,0.7862896098687236,0.007865715067583216,0.685423544081868
M7_YLUR_SLUR,7,LUR,LUR,LSTM,Yd,ALL,9.743141456886574,12.045984005901808,0.9294545463851358,0.009286284478291012,0.8319282855204442
M7_YLUR_SLUR,7,LUR,LUR,LSTM,TSE,ALL,7.8604139539930555,10.214658182956233,0.7491797000219053,0.007492716083629869,0.6446361474345551
M7_YLUR_SLUR,7,LUR,LUR,LSTM,TSEC,ALL,0.5419462698477285,0.6943887306470583,0.7736377354758615,0.00773977365536096,0.6743131765102968
M7_YLUR_SLUR,7,LUR,LUR,LSTM,Yd,step_1,9.656644694010417,11.94615921825789,0.9213339905993552,0.009205127865952609,0.8245426692937837
M7_YLUR_SLUR,7,LUR,LUR,LSTM,TSE,step_1,7.8373399522569445,10.184310562105772,0.7469435508507664,0.007470125375504658,0.6427438379872252
M7_YLUR_SLUR,7,LUR,LUR,LSTM,TSEC,step_1,0.5432790968153212,0.694842605289557,0.7756293172591987,0.00776012268886244,0.6759715379314548
M7_YLUR_SLUR,7,LUR,LUR,LSTM,Yd,step_2,9.804176161024305,12.095053558771824,0.9351925650789591,0.00934331137146839,0.8371397973305966
M7_YLUR_SLUR,7,LUR,LUR,LSTM,TSE,step_2,7.875212944878472,10.22586655876788,0.7506230692422756,0.007507553727953601,0.6458498194531194
M7_YLUR_SLUR,7,LUR,LUR,LSTM,TSEC,step_2,0.5383087158203125,0.6910127530076241,0.7684665944266675,0.007688069741472839,0.6697871732006995
M7_YLUR_SLUR,7,LUR,LUR,LSTM,Yd,step_3,9.768603515625,12.096121335113981,0.9318370834770929,0.009310395473532494,0.8341023899369522
M7_YLUR_SLUR,7,LUR,LUR,LSTM,TSE,step_3,7.86868896484375,10.233728395885725,0.7499724799726736,0.007500472258378247,0.6453147848633207
M7_YLUR_SLUR,7,LUR,LUR,LSTM,TSEC,step_3,0.5442509969075521,0.6972963909301007,0.7768172947417178,0.007771124019225499,0.6771808183987362
M8_YHUR_SHUR,8,HUR,HUR,MEAN,Yd,ALL,92.90507676866319,118.2970083407345,7.5778726661938425,0.07562850505968337,0.7030019511946283
M8_YHUR_SHUR,8,HUR,HUR,MEAN,TSE,ALL,86.12432341399017,114.08589878486562,7.432863465398008,0.07332697914043897,0.6039746197090625
M8_YHUR_SHUR,8,HUR,HUR,MEAN,TSEC,ALL,7.598275968763564,9.589478743238168,9.399533782586293,0.09345047993231252,0.8224711332630051
M8_YHUR_SHUR,8,HUR,HUR,MEAN,Yd,step_1,93.46409912109375,118.61082747077462,7.620295001151412,0.07602566741974863,0.7072320085627382
M8_YHUR_SHUR,8,HUR,HUR,MEAN,TSE,step_1,85.98212144639757,113.94721070400863,7.420175927015628,0.07322295444735627,0.6029773825071425
M8_YHUR_SHUR,8,HUR,HUR,MEAN,TSEC,step_1,7.775015597873264,9.846552425489902,9.673529121634571,0.09595410822101157,0.8416022155827214
M8_YHUR_SHUR,8,HUR,HUR,MEAN,Yd,step_2,92.31574842664931,117.96168465193233,7.529311704237675,0.07515956659867941,0.698542571914832
M8_YHUR_SHUR,8,HUR,HUR,MEAN,TSE,step_2,85.92908460828993,113.93213390454241,7.414979812765942,0.0731343241257712,0.6026054445591059
M8_YHUR_SHUR,8,HUR,HUR,MEAN,TSEC,step_2,7.584747992621528,9.54401248449103,9.371013193475886,0.09321021451568882,0.8210068050503901
M8_YHUR_SHUR,8,HUR,HUR,MEAN,Yd,step_3,92.93538275824653,118.31761960029297,7.584011293192443,0.07569995544214256,0.7032312731063148
M8_YHUR_SHUR,8,HUR,HUR,MEAN,TSE,step_3,86.46176418728298,114.37779042010511,7.463434656412452,0.07362374239044998,0.6063410320609388
M8_YHUR_SHUR,8,HUR,HUR,MEAN,TSEC,step_3,7.435064315795898,9.371848202409613,9.154059032648421,0.09120186497398379,0.8048043791559036
M8_YHUR_SHUR,8,HUR,HUR,ARIMA,Yd,ALL,94.7038488317419,119.94006112343547,7.729042839274842,0.07709277856125428,0.7166130509760478
M8_YHUR_SHUR,8,HUR,HUR,ARIMA,TSE,ALL,86.52786797417535,113.65100679321822,7.468853440597832,0.07367056040034271,0.6068046062054663
M8_YHUR_SHUR,8,HUR,HUR,ARIMA,TSEC,ALL,7.692825472796405,9.69441420546985,9.515835763839274,0.09461333537025063,0.8327055914547099
M8_YHUR_SHUR,8,HUR,HUR,ARIMA,Yd,step_1,96.66168484157986,121.29953814840623,7.886602892071867,0.07862665101471007,0.7314277692121931
M8_YHUR_SHUR,8,HUR,HUR,ARIMA,TSE,step_1,84.73550686306423,112.27027114435697,7.3165737526916255,0.07216132906159822,0.5942350953222167
M8_YHUR_SHUR,8,HUR,HUR,ARIMA,TSEC,step_1,7.908760918511285,10.020973134194612,9.837582515422842,0.09760470464863351,0.8560794030244507
M8_YHUR_SHUR,8,HUR,HUR,ARIMA,Yd,step_2,93.52449679904514,119.97347371524465,7.6319817250637385,0.07614367825183158,0.7076890307936456
M8_YHUR_SHUR,8,HUR,HUR,ARIMA,TSE,step_2,87.28285522460938,113.79162701001069,7.531525807511327,0.07428651956107903,0.6120991980163555
M8_YHUR_SHUR,8,HUR,HUR,ARIMA,TSEC,step_2,7.648059929741754,9.628756351863593,9.449105219986043,0.09398826531528308,0.827859970279768
M8_YHUR_SHUR,8,HUR,HUR,ARIMA,Yd,step_3,93.9253648546007,118.5311876113673,7.668543900688923,0.07650633938718397,0.7107223529223048
M8_YHUR_SHUR,8,HUR,HUR,ARIMA,TSE,step_3,87.56524183485243,114.87604569675776,7.558460761590546,0.07456337339175936,0.6140795252778265
M8_YHUR_SHUR,8,HUR,HUR,ARIMA,TSEC,step_3,7.5216555701361765,9.42401978573067,9.260819556108935,0.09226403250217746,0.814177401059911
M8_YHUR_SHUR,8,HUR,HUR,RNN,Yd,ALL,97.24831814236111,123.9390170393231,7.945069425673694,0.0791640799026389,0.7358667554272508
M8_YHUR_SHUR,8,HUR,HUR,RNN,TSE,ALL,90.17903532805266,118.1117169850553,7.763848717937129,0.07677919524103771,0.6324095959068307
M8_YHUR_SHUR,8,HUR,HUR,RNN,TSEC,ALL,7.550092499344437,9.547932333919784,9.339152673242204,0.09285787598366257,0.817255540560054
M8_YHUR_SHUR,8,HUR,HUR,RNN,Yd,step_1,97.07367757161458,123.95881737621819,7.924979741314118,0.07896177458159315,0.7345452704636436
M8_YHUR_SHUR,8,HUR,HUR,RNN,TSE,step_1,89.35677286783854,118.00984061227373,7.693055097485803,0.07609683035494161,0.6266432149702672
M8_YHUR_SHUR,8,HUR,HUR,RNN,TSEC,step_1,7.756596204969618,9.812649768748635,9.650847952622104,0.09572678823717447,0.839608418698039
M8_YHUR_SHUR,8,HUR,HUR,RNN,Yd,step_2,96.34219292534722,123.87495976820819,7.87086610439644,0.07843772691924733,0.7290102109009102
M8_YHUR_SHUR,8,HUR,HUR,RNN,TSE,step_2,89.18291083441841,117.00635962924906,7.6805809013972075,0.07590365866430832,0.6254239513365547
M8_YHUR_SHUR,8,HUR,HUR,RNN,TSEC,step_2,7.41991941663954,9.40210798788579,9.164121496591484,0.09118460905845512,0.8031650280157909
M8_YHUR_SHUR,8,HUR,HUR,RNN,Yd,step_3,98.32908393012153,123.98324794557956,8.039362431310524,0.08009336219704118,0.7440447849171983
M8_YHUR_SHUR,8,HUR,HUR,RNN,TSE,step_3,91.99742228190104,119.30767952001239,7.917910154928379,0.07833745450760006,0.6451616214136701
M8_YHUR_SHUR,8,HUR,HUR,RNN,TSEC,step_3,7.473761876424153,9.42344445833604,9.202488570513024,0.09167654677219536,0.8089931749663319
M8_YHUR_SHUR,8,HUR,HUR,LSTM,Yd,ALL,93.97280725549768,120.05723738285715,7.666998241866472,0.07649768103299441,0.7110813440728421
M8_YHUR_SHUR,8,HUR,HUR,LSTM,TSE,ALL,87.01607688621239,115.14405592020005,7.50654735869619,0.07408622560722086,0.6102283287997067
M8_YHUR_SHUR,8,HUR,HUR,LSTM,TSEC,ALL,7.621406173706054,9.607912169614496,9.42854002820422,0.09373495614266532,0.8249748493625338
M8_YHUR_SHUR,8,HUR,HUR,LSTM,Yd,step_1,94.30934516059028,119.92438096091044,7.690750422263487,0.07671320835675982,0.7136278874067458
M8_YHUR_SHUR,8,HUR,HUR,LSTM,TSE,step_1,86.40035739474827,114.59596909674076,7.454629160556577,0.07357912700136125,0.6059103971055798
M8_YHUR_SHUR,8,HUR,HUR,LSTM,TSEC,step_1,7.79501698811849,9.86110747839901,9.69862690751879,0.09620095217135502,0.8437672548849862
M8_YHUR_SHUR,8,HUR,HUR,LSTM,Yd,step_2,93.56024441189236,119.86918005999566,7.633274927122219,0.07617278244190018,0.7079595288380606
M8_YHUR_SHUR,8,HUR,HUR,LSTM,TSE,step_2,86.7707282172309,114.9618492384037,7.484406523645404,0.07385064778702355,0.6085077420575395
M8_YHUR_SHUR,8,HUR,HUR,LSTM,TSEC,step_2,7.60962405734592,9.556610511305516,9.402232776800371,0.09351592056307793,0.8236995007657214
M8_YHUR_SHUR,8,HUR,HUR,LSTM,Yd,step_3,94.04883219401042,120.37750315942716,7.676969376213706,0.07660690896374868,0.7116566159737198
M8_YHUR_SHUR,8,HUR,HUR,LSTM,TSE,step_3,87.87714504665799,115.8706085585462,7.580606391886592,0.0748289645687678,0.6162668472360004
M8_YHUR_SHUR,8,HUR,HUR,LSTM,TSEC,step_3,7.459577475653754,9.40030231491238,9.184760400293499,0.09150255449064233,0.8074577924368941
M8_YHUR_SLUR,8,HUR,LUR,MEAN,Yd,ALL,99.20078531901042,121.18002360739467,8.311526444579014,0.08315204007919247,0.710542815945614
M8_YHUR_SLUR,8,HUR,LUR,MEAN,TSE,ALL,8.786242223668982,10.968176171622055,0.7333825872019618,0.007333132090465046,0.6386173274686829
M8_YHUR_SLUR,8,HUR,LUR,MEAN,TSEC,ALL,0.6947589732982494,0.871012993892486,0.8679773844642386,0.008685204789868417,0.7726454695506338
M8_YHUR_SLUR,8,HUR,LUR,MEAN,Yd,step_1,97.3524197048611,119.51926539779501,8.160965264586313,0.08161322409271991,0.6973035769199224
M8_YHUR_SLUR,8,HUR,LUR,MEAN,TSE,step_1,8.66585693359375,10.795378327616447,0.72320733212257,0.007231940964780265,0.6298672691095721
M8_YHUR_SLUR,8,HUR,LUR,MEAN,TSEC,step_1,0.690700191921658,0.8694661557469849,0.8628838890268677,0.008633938093229376,0.7681316753240803
M8_YHUR_SLUR,8,HUR,LUR,MEAN,Yd,step_2,98.64605034722223,120.2989042784313,8.27619868265233,0.08278925249621831,0.7065694305768354
M8_YHUR_SLUR,8,HUR,LUR,MEAN,TSE,step_2,8.863225640190972,11.060405243366041,0.7398760069514024,0.007397852423721336,0.6442127734474249
M8_YHUR_SLUR,8,HUR,LUR,MEAN,TSEC,step_2,0.6964253743489583,0.8717438655157905,0.8700690551025991,0.008706148717054538,0.7744986837900589
M8_YHUR_SLUR,8,HUR,LUR,MEAN,Yd,step_3,101.60388590494792,123.68149899094227,8.497415386498396,0.08505040921739482,0.727755440340084
M8_YHUR_SLUR,8,HUR,LUR,MEAN,TSE,step_3,8.829644097222221,11.046714815335992,0.7370644225319128,0.007369618297555729,0.6417719398490516
M8_YHUR_SLUR,8,HUR,LUR,MEAN,TSEC,step_3,0.6971513536241319,0.8718268999834788,0.8709792092632486,0.008715532425733549,0.7753060495377623
M8_YHUR_SLUR,8,HUR,LUR,ARIMA,Yd,ALL,98.64110152633101,121.22051387505206,8.264424793786572,0.08268290216853086,0.7065339837895913
M8_YHUR_SLUR,8,HUR,LUR,ARIMA,TSE,ALL,9.05981490523727,11.275400896792917,0.7562015987269464,0.007561460033084098,0.6585016250243478
M8_YHUR_SLUR,8,HUR,LUR,ARIMA,TSEC,ALL,0.692689796730324,0.8800542781095053,0.865394430853434,0.008659337945495739,0.7703443263306793
M8_YHUR_SLUR,8,HUR,LUR,ARIMA,Yd,step_1,97.2731960720486,119.7550025425324,8.153673662818086,0.08154680873172769,0.696736123920765
M8_YHUR_SLUR,8,HUR,LUR,ARIMA,TSE,step_1,8.927747938368055,11.067375350356167,0.7450538847650154,0.007450497571501134,0.6489024981983526
M8_YHUR_SLUR,8,HUR,LUR,ARIMA,TSEC,step_1,0.6948309156629774,0.8812649002475288,0.86805709348421,0.00868557325053773,0.7727254770702373
M8_YHUR_SLUR,8,HUR,LUR,ARIMA,Yd,step_2,97.25174018012153,119.65703485001265,8.159559115957963,0.08161906984748753,0.6965824423766174
M8_YHUR_SLUR,8,HUR,LUR,ARIMA,TSE,step_2,9.105202907986111,11.322545406545023,0.7600547115549937,0.00759982314969793,0.6618005967891512
M8_YHUR_SLUR,8,HUR,LUR,ARIMA,TSEC,step_2,0.6912438286675348,0.880251491119787,0.8635913390103241,0.008641373209228078,0.7687362568911077
M8_YHUR_SLUR,8,HUR,LUR,ARIMA,Yd,step_3,101.39836832682292,124.19409136241542,8.480041602583668,0.08487837491019075,0.7262833850713918
M8_YHUR_SLUR,8,HUR,LUR,ARIMA,TSE,step_3,9.14649386935764,11.433160740637318,0.76349619986083,0.007634075375620759,0.6648017800855396
M8_YHUR_SLUR,8,HUR,LUR,ARIMA,TSEC,step_3,0.6919946458604601,0.8786444589420871,0.8645348600657682,0.008651065142566592,0.769571245030693
M8_YHUR_SLUR,8,HUR,LUR,RNN,Yd,ALL,100.35156114366319,121.95867816772802,8.404414784998123,0.0841166429014985,0.7187854472145241
M8_YHUR_SLUR,8,HUR,LUR,RNN,TSE,ALL,9.459398057725695,11.808168106391921,0.7894128555810959,0.007894958241274683,0.687544840365742
M8_YHUR_SLUR,8,HUR,LUR,RNN,TSEC,ALL,0.69151286372432,0.8685095416251083,0.8638938466704693,0.008644625067254564,0.7690354523326413
M8_YHUR_SLUR,8,HUR,LUR,RNN,Yd,step_1,97.96825629340277,119.85136609074968,8.210685040873352,0.0821294969255629,0.7017146132073627
M8_YHUR_SLUR,8,HUR,LUR,RNN,TSE,step_1,9.212175835503473,11.163509427888398,0.7687504743937654,0.007687861951802172,0.6695757938920271
M8_YHUR_SLUR,8,HUR,LUR,RNN,TSEC,step_1,0.7003932529025607,0.8802594979836844,0.8749842316685359,0.008755103961462557,0.7789113844617952
M8_YHUR_SLUR,8,HUR,LUR,RNN,Yd,step_2,100.39249810112847,121.21850546619527,8.417686867457663,0.08425496859494369,0.7190786652665797
M8_YHUR_SLUR,8,HUR,LUR,RNN,TSE,step_2,9.630097113715278,12.050238450636074,0.8036970752162723,0.008037935641660521,0.6999518935930971
M8_YHUR_SLUR,8,HUR,LUR,RNN,TSEC,step_2,0.6994070265028212,0.8803795844639839,0.873750399666186,0.008743422929095307,0.777814596382769
M8_YHUR_SLUR,8,HUR,LUR,RNN,Yd,step_3,102.69392903645833,124.75368339244126,8.584872446663352,0.08596286068097665,0.7355630631696298
M8_YHUR_SLUR,8,HUR,LUR,RNN,TSE,step_3,9.535921223958333,12.18467531872281,0.7957910171332497,0.007959108970002765,0.693106833612102
M8_YHUR_SLUR,8,HUR,LUR,RNN,TSEC,step_3,0.6747383117675781,0.8443941468000011,0.8429469086766861,0.008435332735889102,0.7503803761533597
M8_YHUR_SLUR,8,HUR,LUR,LSTM,Yd,ALL,99.27410572193287,121.27357056955074,8.317553136596366,0.08321349867614636,0.7110679860376777
M8_YHUR_SLUR,8,HUR,LUR,LSTM,TSE,ALL,8.803252043547454,10.979791586023929,0.7348010905126168,0.007347328746194368,0.6398536655339198
M8_YHUR_SLUR,8,HUR,LUR,LSTM,TSEC,ALL,0.7002221849229601,0.8733339909719664,0.874801207043808,0.008753500578184394,0.7787211387729973
M8_YHUR_SLUR,8,HUR,LUR,LSTM,Yd,step_1,97.32144639756945,119.48044883350019,8.158357254357144,0.08158725831316815,0.6970817252388959
M8_YHUR_SLUR,8,HUR,LUR,LSTM,TSE,step_1,8.679047309027778,10.809961454642146,0.7243075363906528,0.007242948764375061,0.6308259955017601
M8_YHUR_SLUR,8,HUR,LUR,LSTM,TSEC,step_1,0.6942410786946615,0.8705559829037423,0.8673071660654329,0.00867820012985657,0.7720695159688221
M8_YHUR_SLUR,8,HUR,LUR,LSTM,Yd,step_2,98.72357313368056,120.38209320960345,8.282575649449898,0.08285431393070777,0.7071247009692312
M8_YHUR_SLUR,8,HUR,LUR,LSTM,TSE,step_2,8.882252332899306,11.065033232634438,0.7414628893094027,0.007413733398716429,0.6455957054607526
M8_YHUR_SLUR,8,HUR,LUR,LSTM,TSEC,step_2,0.701214090983073,0.873898137545424,0.8760504600494939,0.008766013392748481,0.7798242432351502
M8_YHUR_SLUR,8,HUR,LUR,LSTM,Yd,step_3,101.77729763454862,123.91291594132997,8.51172650598205,0.08519556841513881,0.7289975319049062
M8_YHUR_SLUR,8,HUR,LUR,LSTM,TSE,step_3,8.848456488715279,11.06242481228289,0.7386328458377946,0.007385319966053514,0.6431392956392467
M8_YHUR_SLUR,8,HUR,LUR,LSTM,TSEC,step_3,0.7052113850911458,0.8755404646195438,0.881045995016497,0.008816296004887505,0.7842696571150197
M8_YLUR_SHUR,8,LUR,HUR,MEAN,Yd,ALL,8.76691578052662,11.132697416524962,0.7300582132293015,0.00730005085448439,0.6461191446596926
M8_YLUR_SHUR,8,LUR,HUR,MEAN,TSE,ALL,102.41859085648149,130.77129828520708,8.519236660551991,0.08504431600907159,0.7512059331509116
M8_YLUR_SHUR,8,LUR,HUR,MEAN,TSEC,ALL,6.057779100206163,7.6992498580344355,7.5840644700711595,0.07541714270713175,0.6631151822657342
M8_YLUR_SHUR,8,LUR,HUR,MEAN,Yd,step_1,8.886774359809028,11.231584417526902,0.740097914492479,0.0074004280890445015,0.6549526871123409
M8_YLUR_SHUR,8,LUR,HUR,MEAN,TSE,step_1,100.48327297634549,128.65539279938616,8.372056124425907,0.0835536107909178,0.7370110271096008
M8_YLUR_SHUR,8,LUR,HUR,MEAN,TSEC,step_1,6.0331364949544275,7.67461775568452,7.556040544586818,0.07513420080303376,0.6604176778829066
M8_YLUR_SHUR,8,LUR,HUR,MEAN,Yd,step_2,8.753701443142361,11.114512686808798,0.7289043683811279,0.007288274548668238,0.6451452518356132
M8_YLUR_SHUR,8,LUR,HUR,MEAN,TSE,step_2,103.1889139811198,131.526382170641,8.57348508216621,0.0856102498314879,0.7568559943051656
M8_YLUR_SHUR,8,LUR,HUR,MEAN,TSEC,step_2,6.056993611653646,7.698471273818389,7.583105549870661,0.07540755646337195,0.6630291987103661
M8_YLUR_SHUR,8,LUR,HUR,MEAN,Yd,step_3,8.660271538628471,11.051243120592268,0.7211723568142975,0.007211456415021327,0.6382594950311233
M8_YLUR_SHUR,8,LUR,HUR,MEAN,TSE,step_3,103.58358561197916,132.10601069721983,8.612168775063859,0.08596603567579,0.7597507780379681
M8_YLUR_SHUR,8,LUR,HUR,MEAN,TSEC,step_3,6.083207194010416,7.724579437073244,7.613047315756003,0.07570948747203216,0.6658986702039298
M8_YLUR_SHUR,8,LUR,HUR,ARIMA,Yd,ALL,9.011418547453705,11.35492509856837,0.7504447471421192,0.0075036438485672685,0.664138927510209
M8_YLUR_SHUR,8,LUR,HUR,ARIMA,TSE,ALL,104.68723234953704,132.54207329249817,8.704042490996281,0.0869281054894118,0.7678456558372331
M8_YLUR_SHUR,8,LUR,HUR,ARIMA,TSEC,ALL,6.141973198784722,7.7724501975910805,7.690742182179035,0.07646532855916809,0.6723314947296073
M8_YLUR_SHUR,8,LUR,HUR,ARIMA,Yd,step_1,9.075511338975694,11.431259064518414,0.7558360946490894,0.0075575981020903175,0.6688625476149013
M8_YLUR_SHUR,8,LUR,HUR,ARIMA,TSE,step_1,103.67715861002604,131.8546451180275,8.63181303666507,0.08620938293331279,0.7604371045215461
M8_YLUR_SHUR,8,LUR,HUR,ARIMA,TSEC,step_1,6.140142991807726,7.749673840341398,7.69094688229943,0.07646681570881764,0.6721311510041166
M8_YLUR_SHUR,8,LUR,HUR,ARIMA,Yd,step_2,9.029608832465279,11.330456066193904,0.7519112727426113,0.007517993235837657,0.665479546228014
M8_YLUR_SHUR,8,LUR,HUR,ARIMA,TSE,step_2,105.34952189127604,132.8300330742365,8.7498001653013,0.08740278912510048,0.7727033269793336
M8_YLUR_SHUR,8,LUR,HUR,ARIMA,TSEC,step_2,6.125985209147135,7.77377842303866,7.6708562595644,0.07626647891187495,0.6705813684065411
M8_YLUR_SHUR,8,LUR,HUR,ARIMA,Yd,step_3,8.929135470920139,11.3026569227863,0.7435868740346568,0.007435340911095646,0.6580746886877115
M8_YLUR_SHUR,8,LUR,HUR,ARIMA,TSE,step_3,105.03501654730903,132.93885230555492,8.730514271022477,0.08717060648525117,0.7703965360108194
M8_YLUR_SHUR,8,LUR,HUR,ARIMA,TSEC,step_3,6.1597913953993055,7.793835424226485,7.710423404673274,0.07666262788804767,0.6742819647781643
M8_YLUR_SHUR,8,LUR,HUR,RNN,Yd,ALL,9.328667534722221,11.793665901229886,0.7769766148913791,0.007767811293375863,0.687520085654034
M8_YLUR_SHUR,8,LUR,HUR,RNN,TSE,ALL,104.12319516782408,132.47675925155195,8.655245794355958,0.0864597514931175,0.7637086327257333
M8_YLUR_SHUR,8,LUR,HUR,RNN,TSEC,ALL,6.185492875840929,7.815527960711952,7.744570169047414,0.07700713268256448,0.6770953790023584
M8_YLUR_SHUR,8,LUR,HUR,RNN,Yd,step_1,9.537027994791666,11.984471162244159,0.7943650041040399,0.007941924369977668,0.7028761909949801
M8_YLUR_SHUR,8,LUR,HUR,RNN,TSE,step_1,101.58988240559896,130.42326171805337,8.465502489890095,0.08447377601653869,0.7451276352564637
M8_YLUR_SHUR,8,LUR,HUR,RNN,TSEC,step_1,6.121209886338976,7.685528263910586,7.66892316101188,0.07623103059947961,0.6700586373854971
M8_YLUR_SHUR,8,LUR,HUR,RNN,Yd,step_2,9.561433919270833,12.134969985515196,0.7963991458708377,0.007960787323536951,0.704674900534786
M8_YLUR_SHUR,8,LUR,HUR,RNN,TSE,step_2,105.73740030924479,131.6400555228747,8.77562172199812,0.08772459082826234,0.7755482847793058
M8_YLUR_SHUR,8,LUR,HUR,RNN,TSEC,step_2,6.268015374077691,7.936628521536789,7.848720804736907,0.07803470723902665,0.6861287096263542
M8_YLUR_SHUR,8,LUR,HUR,RNN,Yd,step_3,8.887540690104167,11.242180419361771,0.7401656946992601,0.007400704705105014,0.655009165432336
M8_YLUR_SHUR,8,LUR,HUR,RNN,TSE,step_3,105.04230278862848,135.31793602527196,8.724613171179659,0.08717665347886999,0.7704499781414302
M8_YLUR_SHUR,8,LUR,HUR,RNN,TSEC,step_3,6.167253367106119,7.822404676937348,7.716066541393454,0.07675549700057929,0.675098789995224
M8_YLUR_SHUR,8,LUR,HUR,LSTM,Yd,ALL,8.903398075810186,11.266754212003473,0.7414374841007544,0.007413697172214493,0.6561778501494482
M8_YLUR_SHUR,8,LUR,HUR,LSTM,TSE,ALL,102.3343347620081,130.63818002528214,8.512254379623565,0.08497435310620245,0.7505879430229159
M8_YLUR_SHUR,8,LUR,HUR,LSTM,TSEC,ALL,6.070716970938223,7.735497861713302,7.600323173066766,0.07557821448396379,0.6645314271248985
M8_YLUR_SHUR,8,LUR,HUR,LSTM,Yd,step_1,8.948471408420138,11.292983752347403,0.7452405504286919,0.007451806075371886,0.6594997416608954
M8_YLUR_SHUR,8,LUR,HUR,LSTM,TSE,step_1,100.35214369032118,128.57605414483177,8.361178865768442,0.08344457448066202,0.7360492378792711
M8_YLUR_SHUR,8,LUR,HUR,LSTM,TSEC,step_1,6.0503427293565535,7.710863026768888,7.577655831318044,0.07534848017027743,0.6623011594481695
M8_YLUR_SHUR,8,LUR,HUR,LSTM,Yd,step_2,8.910957845052083,11.257671181955635,0.7420153268401564,0.00741920520001592,0.656735002945104
M8_YLUR_SHUR,8,LUR,HUR,LSTM,TSE,step_2,103.09030015733507,131.40073876812707,8.56533079884427,0.0855284352860553,0.7561326950594106
M8_YLUR_SHUR,8,LUR,HUR,LSTM,TSEC,step_2,6.077800920274522,7.742290091575122,7.609243768272138,0.07566660053709538,0.6653068720986417
M8_YLUR_SHUR,8,LUR,HUR,LSTM,Yd,step_3,8.850764973958333,11.24956038915642,0.7370565750334153,0.00737008136114473,0.6522988058423449
M8_YLUR_SHUR,8,LUR,HUR,LSTM,TSE,step_3,103.56056043836806,131.91302586435432,8.610253474257984,0.08594692663564238,0.759581896130066
M8_YLUR_SHUR,8,LUR,HUR,LSTM,TSEC,step_3,6.084007263183594,7.753277824637745,7.614069919610117,0.07571944485554903,0.6659862498278846
M8_YLUR_SLUR,8,LUR,LUR,MEAN,Yd,ALL,9.010518844039352,11.558938646319836,0.7498549246838296,0.007501410968252378,0.6619727898771935
M8_YLUR_SLUR,8,LUR,LUR,MEAN,TSE,ALL,9.735128671151621,12.1441972806823,0.8103999261096333,0.008110710953443678,0.7363619233736143
M8_YLUR_SLUR,8,LUR,LUR,MEAN,TSEC,ALL,0.619042573151765,0.7527891987163602,0.7734947618021979,0.007734343803125716,0.7182113951582031
M8_YLUR_SLUR,8,LUR,LUR,MEAN,Yd,step_1,9.075099012586806,11.595217031176308,0.7552980480750007,0.007556282576386365,0.66671727963234
M8_YLUR_SLUR,8,LUR,LUR,MEAN,TSE,step_1,9.718326822916667,12.159668645761007,0.8088397011376487,0.00809542339972837,0.7350910371120711
M8_YLUR_SLUR,8,LUR,LUR,MEAN,TSEC,step_1,0.6306575351291233,0.7629291124681546,0.7881271846070265,0.007880631107375658,0.7316870403048622
M8_YLUR_SLUR,8,LUR,LUR,MEAN,Yd,step_2,8.980307345920139,11.542915272431946,0.7473482075206247,0.007476429453093645,0.6597532517970336
M8_YLUR_SLUR,8,LUR,LUR,MEAN,TSE,step_2,9.872722710503472,12.288481169803095,0.8218174516418266,0.008225113061050521,0.7467694911505165
M8_YLUR_SLUR,8,LUR,LUR,MEAN,TSEC,step_2,0.6214559766981337,0.7562356762263762,0.7765505861342925,0.007764762389406485,0.7210114189421768
M8_YLUR_SLUR,8,LUR,LUR,MEAN,Yd,step_3,8.976150173611112,11.538597700827207,0.7469185184558641,0.007471533408220092,0.6594478382022074
M8_YLUR_SLUR,8,LUR,LUR,MEAN,TSE,step_3,9.614336480034723,11.982498560028521,0.8005426255494243,0.008011577002498643,0.7272252418582553
M8_YLUR_SLUR,8,LUR,LUR,MEAN,TSEC,step_3,0.6050142076280381,0.7390003413145683,0.7558065146652747,0.007557692914749858,0.7019357262275704
M8_YLUR_SLUR,8,LUR,LUR,ARIMA,Yd,ALL,9.056288881655092,11.620059408209196,0.7536605341933368,0.007539515306984788,0.6653353620018077
M8_YLUR_SLUR,8,LUR,LUR,ARIMA,TSE,ALL,9.703825321903935,12.250141269381693,0.8077964622790734,0.00808463092654326,0.7339941483560772
M8_YLUR_SLUR,8,LUR,LUR,ARIMA,TSEC,ALL,0.6246837757251881,0.7604850388270755,0.7805406999104092,0.007804825224046075,0.7247563019971629
M8_YLUR_SLUR,8,LUR,LUR,ARIMA,Yd,step_1,9.152958170572917,11.596021597059933,0.7617728071281757,0.007621111158210825,0.6724373324863052
M8_YLUR_SLUR,8,LUR,LUR,ARIMA,TSE,step_1,9.823784722222221,12.418331673189234,0.8176523304955446,0.00818327045007774,0.7430678378499695
M8_YLUR_SLUR,8,LUR,LUR,ARIMA,TSEC,step_1,0.6403122795952692,0.7784693585023459,0.8001745431895058,0.008001275792225248,0.7428884467891084
M8_YLUR_SLUR,8,LUR,LUR,ARIMA,Yd,step_2,9.046451822916667,11.714362041633429,0.7528461521828913,0.007531497113578671,0.6646126660805213
M8_YLUR_SLUR,8,LUR,LUR,ARIMA,TSE,step_2,9.785423448350695,12.358591879229138,0.8145381187133911,0.00815238273909091,0.7401662037406221
M8_YLUR_SLUR,8,LUR,LUR,ARIMA,TSEC,step_2,0.6263731214735243,0.764710857799682,0.7826937882760948,0.007826199502004673,0.726716276027123
M8_YLUR_SLUR,8,LUR,LUR,ARIMA,Yd,step_3,8.969456651475694,11.549170837293497,0.7463626432689435,0.0074659618799717735,0.6589560874385965
M8_YLUR_SLUR,8,LUR,LUR,ARIMA,TSE,step_3,9.50226779513889,11.968631023502324,0.7911989376282844,0.007918190745373544,0.7187484034776399
M8_YLUR_SLUR,8,LUR,LUR,ARIMA,TSEC,step_3,0.6073659261067709,0.7377094581714918,0.7587537682656271,0.007587070020047741,0.7046641831752574
M8_YLUR_SLUR,8,LUR,LUR,RNN,Yd,ALL,9.478552698206018,12.263472067318096,0.788966200168363,0.007891057152665144,0.6963576773140187
M8_YLUR_SLUR,8,LUR,LUR,RNN,TSE,ALL,9.815736671730324,12.305210683683228,0.8170883538326827,0.008177868585901716,0.7424590859639074
M8_YLUR_SLUR,8,LUR,LUR,RNN,TSEC,ALL,0.6408284787778501,0.7782844961637673,0.8006951124572406,0.008006537819308967,0.7434873395812687
M8_YLUR_SLUR,8,LUR,LUR,RNN,Yd,step_1,9.35541720920139,12.132949213208995,0.7787203521472906,0.0077896864766617245,0.6873113233137483
M8_YLUR_SLUR,8,LUR,LUR,RNN,TSE,step_1,9.800153266059027,12.482443864075117,0.8156113145443638,0.008163585308110496,0.7412803622962036
M8_YLUR_SLUR,8,LUR,LUR,RNN,TSEC,step_1,0.6513259039984809,0.7826260757045531,0.8139494141183284,0.008138900899739633,0.7556664218290251
M8_YLUR_SLUR,8,LUR,LUR,RNN,Yd,step_2,9.453773328993055,12.209709990482054,0.7869207308054411,0.007870606944412188,0.6945372196408012
M8_YLUR_SLUR,8,LUR,LUR,RNN,TSE,step_2,9.96054416232639,12.404671652309492,0.8290922512818004,0.008298278427040251,0.7534122768149135
M8_YLUR_SLUR,8,LUR,LUR,RNN,TSEC,step_2,0.6476051330566406,0.7905307309608636,0.8091781286078717,0.008091482210955276,0.7513495941905033
M8_YLUR_SLUR,8,LUR,LUR,RNN,Yd,step_3,9.626467556423611,12.44559226295348,0.8012575175523575,0.008012842093753718,0.7072244889875066
M8_YLUR_SLUR,8,LUR,LUR,RNN,TSE,step_3,9.686512586805556,12.023616190152538,0.8065614956718845,0.0080717209800197,0.732684618780605
M8_YLUR_SLUR,8,LUR,LUR,RNN,TSEC,step_3,0.6235543992784288,0.7614051877551407,0.7789577946455214,0.007789292558704679,0.7234460027242776
M8_YLUR_SLUR,8,LUR,LUR,LSTM,Yd,ALL,9.05067771629051,11.599251757982184,0.7532039680863128,0.007534843915898534,0.6649231283829509
M8_YLUR_SLUR,8,LUR,LUR,LSTM,TSE,ALL,9.75657958984375,12.17721786942059,0.8121873437712505,0.008128582540669152,0.7379844637919114
M8_YLUR_SLUR,8,LUR,LUR,LSTM,TSEC,ALL,0.6192771346480758,0.7529661038199378,0.7737878903384555,0.007737274424272186,0.718483532724862
M8_YLUR_SLUR,8,LUR,LUR,LSTM,Yd,step_1,9.085418023003472,11.596516818610558,0.7561586531617152,0.007564874588276138,0.6674753829372135
M8_YLUR_SLUR,8,LUR,LUR,LSTM,TSE,step_1,9.711903211805556,12.145819996294296,0.8083044661833853,0.008090072493893733,0.7346051572852539
M8_YLUR_SLUR,8,LUR,LUR,LSTM,TSEC,step_1,0.6308609008789062,0.7627569961100789,0.7883814219081908,0.007883172344679017,0.7319229846570178
M8_YLUR_SLUR,8,LUR,LUR,LSTM,Yd,step_2,9.018443467881944,11.580740766603096,0.7505284088743753,0.007508179148786582,0.6625549855803055
M8_YLUR_SLUR,8,LUR,LUR,LSTM,TSE,step_2,9.906012641059029,12.326628600942493,0.8245904370750821,0.008252847400466603,0.7492875305232785
M8_YLUR_SLUR,8,LUR,LUR,LSTM,TSEC,step_2,0.6222866482204861,0.7572430517355898,0.777588773136714,0.007775141188929796,0.7219751616294517
M8_YLUR_SLUR,8,LUR,LUR,LSTM,Yd,step_3,9.048171657986112,11.620463201076712,0.7529248422228485,0.00753148237478255,0.6647390166313335
M8_YLUR_SLUR,8,LUR,LUR,LSTM,TSE,step_3,9.651822916666667,12.057661011574863,0.8036671280552845,0.008042814256806287,0.7300607035672022
M8_YLUR_SLUR,8,LUR,LUR,LSTM,TSEC,step_3,0.6046838548448351,0.7386870690547059,0.7553934759704618,0.0075535662267192235,0.7015524518881164
M9_YHUR_SHUR,9,HUR,HUR,MEAN,Yd,ALL,109.60390964084202,134.9337337855049,8.176874061394447,0.08126874946836911,0.7245911377438555
M9_YHUR_SHUR,9,HUR,HUR,MEAN,TSE,ALL,109.41444001374421,137.19750448596025,8.107644348175832,0.08114194679536697,0.7906858329604138
M9_YHUR_SHUR,9,HUR,HUR,MEAN,TSEC,ALL,8.442924287584093,10.058835639467913,9.577768508184533,0.09515846722088188,0.8321587391354052
M9_YHUR_SHUR,9,HUR,HUR,MEAN,Yd,step_1,111.8754659016927,137.40710241955244,8.328386501016176,0.08281205016633857,0.7396083897825149
M9_YHUR_SHUR,9,HUR,HUR,MEAN,TSE,step_1,109.56655544704861,137.21742009747223,8.119280522717665,0.08122742311967106,0.7917850984510869
M9_YHUR_SHUR,9,HUR,HUR,MEAN,TSEC,step_1,8.40907105339898,10.04307661455521,9.543607352355325,0.09489120769503157,0.8288220676557655
M9_YHUR_SHUR,9,HUR,HUR,MEAN,Yd,step_2,108.95955471462673,133.91926295193318,8.135761156164008,0.0808291958780138,0.7203313091426027
M9_YHUR_SHUR,9,HUR,HUR,MEAN,TSE,step_2,108.90359429253472,136.64435102870976,8.078669496414216,0.08089092564703847,0.7869941952338207
M9_YHUR_SHUR,9,HUR,HUR,MEAN,TSEC,step_2,8.452113384670682,10.063695111198687,9.587656915088917,0.09525825559435137,0.8330644427974189
M9_YHUR_SHUR,9,HUR,HUR,MEAN,Yd,step_3,107.9767083062066,133.4400867616854,8.066474527003157,0.08016080409407701,0.7138337143064488
M9_YHUR_SHUR,9,HUR,HUR,MEAN,TSE,step_3,109.7731703016493,137.72859784831115,8.124983025395615,0.08130686109332319,0.7932782051963339
M9_YHUR_SHUR,9,HUR,HUR,MEAN,TSEC,step_3,8.467588424682617,10.069715789857206,9.602041257109358,0.0953254180463663,0.8345897069530313
M9_YHUR_SHUR,9,HUR,HUR,ARIMA,Yd,ALL,111.01275431315104,136.19677488756986,8.282358008810927,0.0823133750213162,0.733905005902007
M9_YHUR_SHUR,9,HUR,HUR,ARIMA,TSE,ALL,110.47946506076389,137.39501082520326,8.18689489617284,0.08193177129833155,0.7983822596507179
M9_YHUR_SHUR,9,HUR,HUR,ARIMA,TSEC,ALL,8.501620695326064,10.07417619945998,9.64376125952458,0.09582002238848082,0.8379440247775098
M9_YHUR_SHUR,9,HUR,HUR,ARIMA,Yd,step_1,114.01549004448785,139.15716182509627,8.487906138814859,0.08439613104807589,0.7537560833594001
M9_YHUR_SHUR,9,HUR,HUR,ARIMA,TSE,step_1,110.22443033854167,137.268270694806,8.168779795342093,0.08171514021502994,0.7965392456778934
M9_YHUR_SHUR,9,HUR,HUR,ARIMA,TSEC,step_1,8.471362601386176,10.049727127011716,9.613719941264703,0.09559412959688764,0.8349617005917195
M9_YHUR_SHUR,9,HUR,HUR,ARIMA,Yd,step_2,110.10416327582465,134.77431530234082,8.222525267261151,0.08167829800438563,0.7278983131148834
M9_YHUR_SHUR,9,HUR,HUR,ARIMA,TSE,step_2,110.23143174913194,136.96429080413012,8.178456163539146,0.08187721082587687,0.7965898415239606
M9_YHUR_SHUR,9,HUR,HUR,ARIMA,TSEC,step_2,8.505957836574979,10.105641014449438,9.64815750457886,0.09586510128233514,0.8383715058101724
M9_YHUR_SHUR,9,HUR,HUR,ARIMA,Yd,step_3,108.91860961914062,134.61000229141712,8.136642620356772,0.08086006199706791,0.7200606212317378
M9_YHUR_SHUR,9,HUR,HUR,ARIMA,TSE,step_3,110.98253309461805,137.95061400353495,8.213448729637284,0.0822026126904497,0.8020176917502997
M9_YHUR_SHUR,9,HUR,HUR,ARIMA,TSEC,step_3,8.527541648017035,10.06707915201723,9.669406332730174,0.09600035237134145,0.8404988679306371
M9_YHUR_SHUR,9,HUR,HUR,RNN,Yd,ALL,112.78559864185475,138.2681817053461,8.410744524090601,0.0836278978523718,0.7456252747627401
M9_YHUR_SHUR,9,HUR,HUR,RNN,TSE,ALL,114.75569932725695,140.9017928670996,8.496966765176692,0.08510303437195071,0.8292845596808711
M9_YHUR_SHUR,9,HUR,HUR,RNN,TSEC,ALL,8.481428174619321,10.157246881803724,9.618974682559951,0.09559243663094831,0.8359537922468214
M9_YHUR_SHUR,9,HUR,HUR,RNN,Yd,step_1,112.93963826497396,138.9406975293778,8.40450206650675,0.0835997679597207,0.7466436302770584
M9_YHUR_SHUR,9,HUR,HUR,RNN,TSE,step_1,114.7592746310764,139.1396654809513,8.499141400420946,0.08507705767815181,0.8293103966917649
M9_YHUR_SHUR,9,HUR,HUR,RNN,TSEC,step_1,8.583682971530491,10.21286989993405,9.733567157276404,0.09686159606304848,0.846032317171329
M9_YHUR_SHUR,9,HUR,HUR,RNN,Yd,step_2,114.21788804796007,138.60429740182636,8.522511534875862,0.08472997223585654,0.7550941359899459
M9_YHUR_SHUR,9,HUR,HUR,RNN,TSE,step_2,115.03446587456597,141.735074672312,8.524708850501888,0.0854447870738842,0.8312990722043813
M9_YHUR_SHUR,9,HUR,HUR,RNN,TSEC,step_2,8.510459348890517,10.197124509112218,9.649166670966492,0.09591583489074748,0.838815187724768
M9_YHUR_SHUR,9,HUR,HUR,RNN,Yd,step_3,111.1992696126302,137.25378511394086,8.30521997088919,0.08255320065457233,0.7351380580212162
M9_YHUR_SHUR,9,HUR,HUR,RNN,TSE,step_3,114.47335747612847,141.81420167589783,8.467050044607245,0.08478819869756522,0.8272442101464672
M9_YHUR_SHUR,9,HUR,HUR,RNN,TSEC,step_3,8.350142203436958,10.06106022278062,9.47419021943696,0.09400324583195235,0.8230138718443676
M9_YHUR_SHUR,9,HUR,HUR,LSTM,Yd,ALL,112.44497590241609,137.6795908499149,8.387815838465748,0.08337533401440854,0.7433734187922729
M9_YHUR_SHUR,9,HUR,HUR,LSTM,TSE,ALL,111.38694797092013,138.41368366947765,8.251880001552392,0.08260476226738787,0.8049402046589279
M9_YHUR_SHUR,9,HUR,HUR,LSTM,TSEC,ALL,8.598142680415402,10.124950752836659,9.751381109299723,0.09690790187683833,0.8474575073902708
M9_YHUR_SHUR,9,HUR,HUR,LSTM,Yd,step_1,113.25191989474827,138.64496028652215,8.430550055985318,0.08383092393107208,0.7487081232514071
M9_YHUR_SHUR,9,HUR,HUR,LSTM,TSE,step_1,110.30817057291667,137.3551293164734,8.173633817217716,0.08177722123438814,0.7971443963048196
M9_YHUR_SHUR,9,HUR,HUR,LSTM,TSEC,step_1,8.540453381008572,10.107579709371606,9.689327216587563,0.09637377665627482,0.8417714852229764
M9_YHUR_SHUR,9,HUR,HUR,LSTM,Yd,step_2,112.03848809136285,136.94235199154932,8.364078912598218,0.08311323337849148,0.7406861290189861
M9_YHUR_SHUR,9,HUR,HUR,LSTM,TSE,step_2,111.08817816840278,138.17699022074513,8.238589344569275,0.08251358110685625,0.8027811381761385
M9_YHUR_SHUR,9,HUR,HUR,LSTM,TSEC,step_2,8.626320351494684,10.136805790614028,9.781873515554903,0.09722162866056397,0.8502347791551723
M9_YHUR_SHUR,9,HUR,HUR,LSTM,Yd,step_3,112.04451972113715,137.4459036420191,8.3688185468137,0.08318070569173625,0.7407260041064254
M9_YHUR_SHUR,9,HUR,HUR,LSTM,TSE,step_3,112.76449517144097,139.698716188996,8.343416842870182,0.08352247748669887,0.814895079495826
M9_YHUR_SHUR,9,HUR,HUR,LSTM,TSEC,step_3,8.627654308742947,10.13044342682867,9.782942595756708,0.09712738887297553,0.8503662577926638
M9_YHUR_SLUR,9,HUR,LUR,MEAN,Yd,ALL,106.33445909288194,133.2449493576527,7.8607636947758674,0.07859018915427601,0.6617044590076036
M9_YHUR_SLUR,9,HUR,LUR,MEAN,TSE,ALL,11.902609592013889,14.153988556427029,0.880826172755283,0.008809671573567485,0.784293645033825
M9_YHUR_SLUR,9,HUR,LUR,MEAN,TSEC,ALL,0.7659080787941261,0.9619046599675708,0.8500212007929967,0.008502595215814694,0.7413686316306414
M9_YHUR_SLUR,9,HUR,LUR,MEAN,Yd,step_1,107.09141981336805,134.22777680393952,7.903277001439574,0.07902366447944553,0.6664149196457843
M9_YHUR_SLUR,9,HUR,LUR,MEAN,TSE,step_1,11.863768174913194,14.133949527283363,0.8779480154324214,0.008780821840936072,0.7817342838819124
M9_YHUR_SLUR,9,HUR,LUR,MEAN,TSEC,step_1,0.7637782626681857,0.96120937065844,0.8476634130190307,0.008479310082767153,0.7393070541246314
M9_YHUR_SLUR,9,HUR,LUR,MEAN,Yd,step_2,106.36712917751736,133.12087672949846,7.875223408692617,0.07875461136468356,0.6619077603725968
M9_YHUR_SLUR,9,HUR,LUR,MEAN,TSE,step_2,11.907538519965279,14.151619323478425,0.8812014537580478,0.008813464620869849,0.7846184248091524
M9_YHUR_SLUR,9,HUR,LUR,MEAN,TSEC,step_2,0.7644605000813802,0.9614875797372234,0.8483982349072052,0.008486024786250407,0.7399674328717306
M9_YHUR_SLUR,9,HUR,LUR,MEAN,Yd,step_3,105.54482828776041,132.37970275314785,7.803790674195408,0.07799200524349091,0.6567906970044294
M9_YHUR_SLUR,9,HUR,LUR,MEAN,TSE,step_3,11.936522081163194,14.176364747351856,0.8833290490753795,0.008834728531789232,0.7865282264104102
M9_YHUR_SLUR,9,HUR,LUR,MEAN,TSEC,step_3,0.7694854736328125,0.9630160457497301,0.8540019544527547,0.008542451434983188,0.7448314078955622
M9_YHUR_SLUR,9,HUR,LUR,ARIMA,Yd,ALL,108.03520688657407,134.7632106021716,7.988135460585166,0.07984718610474932,0.6722879745333693
M9_YHUR_SLUR,9,HUR,LUR,ARIMA,TSE,ALL,12.060984519675927,14.4467584499962,0.8926096116674559,0.008926892178629268,0.7947293774955004
M9_YHUR_SLUR,9,HUR,LUR,ARIMA,TSEC,ALL,0.7794010586208767,0.9664966105085495,0.8650108770991084,0.008652385182650716,0.7544293007471331
M9_YHUR_SLUR,9,HUR,LUR,ARIMA,Yd,step_1,109.72615017361112,137.11403706525172,8.10029535912005,0.08096785429730866,0.6828104779862155
M9_YHUR_SLUR,9,HUR,LUR,ARIMA,TSE,step_1,12.019976128472223,14.336319364773935,0.8895836373965561,0.008896437233121455,0.7920272288309164
M9_YHUR_SLUR,9,HUR,LUR,ARIMA,TSEC,step_1,0.7755395677354601,0.9643191908187436,0.8607213686268431,0.00860988168648765,0.7506915307809476
M9_YHUR_SLUR,9,HUR,LUR,ARIMA,Yd,step_2,107.6382554796007,134.5329444701887,7.969912189111169,0.07969575792650277,0.6698178014752246
M9_YHUR_SLUR,9,HUR,LUR,ARIMA,TSE,step_2,11.856754557291667,14.390561440049387,0.8775032722080465,0.008775876444473779,0.7812721385274222
M9_YHUR_SLUR,9,HUR,LUR,ARIMA,TSEC,step_2,0.7791358100043403,0.9692193708115107,0.8647107053237109,0.00864893057894851,0.7541725506104938
M9_YHUR_SLUR,9,HUR,LUR,ARIMA,Yd,step_3,106.74121500651042,132.60466238886798,7.894198833524281,0.07887607129159319,0.6642356441386679
M9_YHUR_SLUR,9,HUR,LUR,ARIMA,TSE,step_3,12.30622287326389,14.611919026910238,0.9107419253977648,0.009108359838629558,0.8108887651281628
M9_YHUR_SLUR,9,HUR,LUR,ARIMA,TSEC,step_3,0.7835277981228299,0.9659448244263062,0.8696005573467709,0.008698342454502926,0.7584238208499581
M9_YHUR_SLUR,9,HUR,LUR,RNN,Yd,ALL,113.46841860170717,141.09567587094978,8.404743859344526,0.08386279064207586,0.7060980907394016
M9_YHUR_SLUR,9,HUR,LUR,RNN,TSE,ALL,11.711312301070603,14.132252068171342,0.8666486719627352,0.008668083605559672,0.7716885731427272
M9_YHUR_SLUR,9,HUR,LUR,RNN,TSEC,ALL,0.7809447959617332,0.9680318446075961,0.8667338413090548,0.008669522714023287,0.7559235772428058
M9_YHUR_SLUR,9,HUR,LUR,RNN,Yd,step_1,114.70475124782986,145.1525090457518,8.481974727890675,0.0846416061399092,0.7137916157898414
M9_YHUR_SLUR,9,HUR,LUR,RNN,TSE,step_1,11.859955512152778,14.267351516779616,0.8776513793237644,0.008777999945569845,0.7814830576990711
M9_YHUR_SLUR,9,HUR,LUR,RNN,TSEC,step_1,0.7752616882324219,0.9717185312899078,0.8604233142301569,0.008606796725070084,0.7504225544473255
M9_YHUR_SLUR,9,HUR,LUR,RNN,Yd,step_2,114.57074788411458,141.53035745565012,8.501101321836673,0.08482860065082734,0.7129577316092206
M9_YHUR_SLUR,9,HUR,LUR,RNN,TSE,step_2,11.486176215277778,13.883343773907006,0.8499815388729046,0.008501589772956925,0.7568537757825269
M9_YHUR_SLUR,9,HUR,LUR,RNN,TSEC,step_2,0.7920832316080729,0.9822648913379014,0.8791017044950922,0.008792655651251936,0.7667051410130092
M9_YHUR_SLUR,9,HUR,LUR,RNN,Yd,step_3,111.12975667317708,136.4693236029226,8.231155528306235,0.08211896978534758,0.6915449248191428
M9_YHUR_SLUR,9,HUR,LUR,RNN,TSE,step_3,11.78780517578125,14.242790874936116,0.872313097691536,0.008724656814231681,0.7767288859465834
M9_YHUR_SLUR,9,HUR,LUR,RNN,TSEC,step_3,0.7754894680447049,0.9498293192547176,0.8606765052019152,0.008609104844874555,0.7506430362680828
M9_YHUR_SLUR,9,HUR,LUR,LSTM,Yd,ALL,109.6382654260706,136.5636514786275,8.109120876079757,0.08103198240614738,0.6822635835004354
M9_YHUR_SLUR,9,HUR,LUR,LSTM,TSE,ALL,11.792064073350694,14.059325916740933,0.8726376768110735,0.008727851725086036,0.777009515691913
M9_YHUR_SLUR,9,HUR,LUR,LSTM,TSEC,ALL,0.7665545993381077,0.9599396368257872,0.8507399818099481,0.008509772451094464,0.741994437865467
M9_YHUR_SLUR,9,HUR,LUR,LSTM,Yd,step_1,108.9195583767361,136.01918501939528,8.040132408698884,0.08037266338809106,0.6777911701047983
M9_YHUR_SLUR,9,HUR,LUR,LSTM,TSE,step_1,11.783223470052084,14.039510784877097,0.8719812967643452,0.008721207670026047,0.7764269855390281
M9_YHUR_SLUR,9,HUR,LUR,LSTM,TSEC,step_1,0.764239247639974,0.9607625161714861,0.8481757954559785,0.008484427843654498,0.7397532692869979
M9_YHUR_SLUR,9,HUR,LUR,LSTM,Yd,step_2,109.57605929904514,136.3014562222352,8.116452927332618,0.08113051495982133,0.681876483476779
M9_YHUR_SLUR,9,HUR,LUR,LSTM,TSE,step_2,11.776166449652777,14.039842856531214,0.8714710919519102,0.00871622847992197,0.7759619802635662
M9_YHUR_SLUR,9,HUR,LUR,LSTM,TSEC,step_2,0.7648005167643229,0.9588803612341519,0.8487767124222926,0.008489799199707848,0.7402965555301072
M9_YHUR_SLUR,9,HUR,LUR,LSTM,Yd,step_3,110.41917860243055,137.36661549985763,8.170777292207767,0.08159389044684626,0.6871230969197288
M9_YHUR_SLUR,9,HUR,LUR,LSTM,TSE,step_3,11.816802300347222,14.098541952438163,0.8744606417169648,0.008746118821506573,0.7786395812731448
M9_YHUR_SLUR,9,HUR,LUR,LSTM,TSEC,step_3,0.7706240336100261,0.9601750670617154,0.8552674375515734,0.008555091171072348,0.745933488779296
M9_YLUR_SHUR,9,LUR,HUR,MEAN,Yd,ALL,10.629435673466435,13.353951867663227,0.7879773997040653,0.007874434153421163,0.690101927548519
M9_YLUR_SHUR,9,LUR,HUR,MEAN,TSE,ALL,107.31072613751446,134.3182745456352,7.938804532899388,0.07889310555652958,0.7125639593467845
M9_YLUR_SHUR,9,LUR,HUR,MEAN,TSEC,ALL,7.484868508798105,8.82309612568805,8.163525762156532,0.08146640004477339,0.7077445395364789
M9_YLUR_SHUR,9,LUR,HUR,MEAN,Yd,step_1,10.603179253472222,13.341613395219913,0.7860572456264099,0.007855638666683824,0.6883972645160533
M9_YLUR_SHUR,9,LUR,HUR,MEAN,TSE,step_1,107.06378919813368,134.5515990528018,7.917202054932558,0.07868754037480079,0.7109242503487421
M9_YLUR_SHUR,9,LUR,HUR,MEAN,TSEC,step_1,7.503873019748264,8.83544143470358,8.187464053045845,0.08174291819975694,0.7095415435634336
M9_YLUR_SHUR,9,LUR,HUR,MEAN,Yd,step_2,10.666021050347222,13.370549731725495,0.7906846991042422,0.007901351367281022,0.6924771843242427
M9_YLUR_SHUR,9,LUR,HUR,MEAN,TSE,step_2,108.03641832139758,134.885183080473,7.986652939391381,0.0793400270904752,0.7173826956877549
M9_YLUR_SHUR,9,LUR,HUR,MEAN,TSEC,step_2,7.4704833984375,8.815141709155368,8.146006196394232,0.0812718780404274,0.706384330830557
M9_YLUR_SHUR,9,LUR,HUR,MEAN,Yd,step_3,10.61910671657986,13.34967577642028,0.7871902543815439,0.007866310711875773,0.6894313338052609
M9_YLUR_SHUR,9,LUR,HUR,MEAN,TSE,step_3,106.83197089301215,133.51423597665993,7.912558604374229,0.07865098599206512,0.7093849320038567
M9_YLUR_SHUR,9,LUR,HUR,MEAN,TSEC,step_3,7.48024910820855,8.818691911549408,8.157107037029517,0.08138476186879727,0.7073077442154461
M9_YLUR_SHUR,9,LUR,HUR,ARIMA,Yd,ALL,10.702479383680556,13.596549069956165,0.7933986122437238,0.007928545952398267,0.6948441929671705
M9_YLUR_SHUR,9,LUR,HUR,ARIMA,TSE,ALL,107.18971467194734,134.0740833696761,7.929701822480366,0.07880413988953461,0.7117604198299577
M9_YLUR_SHUR,9,LUR,HUR,ARIMA,TSEC,ALL,7.471461260760272,8.9146978052032,8.148238259380138,0.08132047360252985,0.7064767942744434
M9_YLUR_SHUR,9,LUR,HUR,ARIMA,Yd,step_1,10.738309733072917,13.711021610550254,0.796073487502846,0.007955753565736495,0.6971704305906906
M9_YLUR_SHUR,9,LUR,HUR,ARIMA,TSE,step_1,107.63373955620659,134.75930819921902,7.958712384493337,0.07910643075920049,0.714708830869231
M9_YLUR_SHUR,9,LUR,HUR,ARIMA,TSEC,step_1,7.483333926730686,8.949761614943695,8.163934501533019,0.08151917702023344,0.7075994345052536
M9_YLUR_SHUR,9,LUR,HUR,ARIMA,Yd,step_2,10.386351182725694,13.22626096952324,0.7699531009127242,0.0076941729002137065,0.6743199913507124
M9_YLUR_SHUR,9,LUR,HUR,ARIMA,TSE,step_2,107.26048651801216,134.50059948668434,7.929097144406814,0.07877019655316676,0.7122303585644847
M9_YLUR_SHUR,9,LUR,HUR,ARIMA,TSEC,step_2,7.455160861545139,8.902362511920844,8.12891736755261,0.08110518315829349,0.7049354821561056
M9_YLUR_SHUR,9,LUR,HUR,ARIMA,Yd,step_3,10.982777235243056,13.844578252740948,0.8141692483156012,0.008135706751759914,0.7130421569601081
M9_YLUR_SHUR,9,LUR,HUR,ARIMA,TSE,step_3,106.67491794162326,132.955244671457,7.9012959385409465,0.0785353617142722,0.7083420700561576
M9_YLUR_SHUR,9,LUR,HUR,ARIMA,TSEC,step_3,7.4758889940049915,8.891862550462141,8.151862909054783,0.0813373240293558,0.706895466161971
M9_YLUR_SHUR,9,LUR,HUR,RNN,Yd,ALL,10.679163501880787,13.4630172871009,0.7917073392594007,0.007911273222067009,0.6933304404532266
M9_YLUR_SHUR,9,LUR,HUR,RNN,TSE,ALL,108.39208600079571,135.59514057483918,8.021473591466712,0.07968810379118059,0.7197443978117238
M9_YLUR_SHUR,9,LUR,HUR,RNN,TSEC,ALL,7.44114348800094,8.87334813090606,8.112194793354911,0.08099049054388627,0.7036100454336184
M9_YLUR_SHUR,9,LUR,HUR,RNN,Yd,step_1,10.785274251302083,13.525880493333139,0.7995822037135343,0.007990548439664747,0.7002195392688906
M9_YLUR_SHUR,9,LUR,HUR,RNN,TSE,step_1,106.66213039822048,135.27564234578213,7.8881810713324105,0.07839233745631848,0.7082571582967708
M9_YLUR_SHUR,9,LUR,HUR,RNN,TSEC,step_1,7.456280008951823,8.857208240059801,8.132541067609987,0.08122446705084023,0.7050413050526717
M9_YLUR_SHUR,9,LUR,HUR,RNN,Yd,step_2,10.91500515407986,13.758983694967593,0.8091942247592221,0.008085797926984285,0.7086421450233086
M9_YLUR_SHUR,9,LUR,HUR,RNN,TSE,step_2,112.09386054144966,139.40598230204003,8.291193842166972,0.08231974060429512,0.7443248961294533
M9_YLUR_SHUR,9,LUR,HUR,RNN,TSEC,step_2,7.453440348307292,8.915705959857771,8.122211315710016,0.08108646558212398,0.704772796085154
M9_YLUR_SHUR,9,LUR,HUR,RNN,Yd,step_3,10.337211100260417,13.095779013866224,0.7663455893054462,0.007657491028123817,0.6711296370674806
M9_YLUR_SHUR,9,LUR,HUR,RNN,TSE,step_3,106.42026706271702,132.00226940803154,7.8850458609007505,0.07834788466463712,0.7066511390089476
M9_YLUR_SHUR,9,LUR,HUR,RNN,TSEC,step_3,7.413710106743706,8.846975222432556,8.08183199674473,0.08066082063223319,0.7010160351630295
M9_YLUR_SHUR,9,LUR,HUR,LSTM,Yd,ALL,10.705372450086806,13.398242955228366,0.7936100551038028,0.007930689176330122,0.6950320214431884
M9_YLUR_SHUR,9,LUR,HUR,LSTM,TSE,ALL,107.67730916341146,134.84162049310297,7.9662927610702425,0.07916261145214958,0.7149981414808962
M9_YLUR_SHUR,9,LUR,HUR,LSTM,TSEC,ALL,7.3827677126284,8.716962024811448,8.051276101679724,0.08035512009431416,0.6980902241819077
M9_YLUR_SHUR,9,LUR,HUR,LSTM,Yd,step_1,10.61700439453125,13.354152443676634,0.787082582871481,0.007865881378806238,0.6892948433515207
M9_YLUR_SHUR,9,LUR,HUR,LSTM,TSE,step_1,107.28519626193577,134.75846177757842,7.933869866211,0.07885026558191961,0.7123944360392944
M9_YLUR_SHUR,9,LUR,HUR,LSTM,TSEC,step_1,7.456321546766493,8.76919113178769,8.135095514106663,0.0812249195401318,0.7050452327317596
M9_YLUR_SHUR,9,LUR,HUR,LSTM,Yd,step_2,10.757047526041667,13.421901767036907,0.7974364348102478,0.007968783464479412,0.698386956796124
M9_YLUR_SHUR,9,LUR,HUR,LSTM,TSE,step_2,108.5402323404948,135.42950339269524,8.024356343623722,0.07971001915930535,0.7207281181366002
M9_YLUR_SHUR,9,LUR,HUR,LSTM,TSEC,step_2,7.349202643500434,8.69593354165593,8.012692199574948,0.07995245676630239,0.6949164216806937
M9_YLUR_SHUR,9,LUR,HUR,LSTM,Yd,step_3,10.7420654296875,13.418565807456343,0.7963111476296799,0.007957394780230309,0.6974142641819208
M9_YLUR_SHUR,9,LUR,HUR,LSTM,TSE,step_3,107.20649888780382,134.33463604657928,7.940652073376009,0.0789267180208367,0.7118718702667938
M9_YLUR_SHUR,9,LUR,HUR,LSTM,TSEC,step_3,7.342778947618273,8.68552287195735,8.006040591357563,0.07988909292490771,0.6943090181332701
M9_YLUR_SLUR,9,LUR,LUR,MEAN,Yd,ALL,11.76029640480324,13.92999470292903,0.8711711463848341,0.008710308729089747,0.74076230912299
M9_YLUR_SLUR,9,LUR,LUR,MEAN,TSE,ALL,10.297400806568287,12.804652812458563,0.762764222229208,0.007631172948529359,0.6594838805419029
M9_YLUR_SLUR,9,LUR,LUR,MEAN,TSEC,ALL,0.6611382095902054,0.8652693682512033,0.7356103488528308,0.007347794443692802,0.6274787446944613
M9_YLUR_SLUR,9,LUR,LUR,MEAN,Yd,step_1,11.865157063802084,14.001890102335752,0.8788876785980958,0.00878734442427917,0.7473673147472034
M9_YLUR_SLUR,9,LUR,LUR,MEAN,TSE,step_1,10.41286892361111,12.91620208041878,0.7712405829628809,0.0077159859465575605,0.6668788885965272
M9_YLUR_SLUR,9,LUR,LUR,MEAN,TSEC,step_1,0.660381571451823,0.8651698596651866,0.7347713828863418,0.007339465877534775,0.6267606280550456
M9_YLUR_SLUR,9,LUR,LUR,MEAN,Yd,step_2,11.713690863715279,13.899085307914177,0.8677478160232778,0.008676139760028009,0.7378267004405299
M9_YLUR_SLUR,9,LUR,LUR,MEAN,TSE,step_2,10.190386284722223,12.721386413780632,0.7548937496215625,0.007552509976081667,0.652630272192856
M9_YLUR_SLUR,9,LUR,LUR,MEAN,TSEC,step_2,0.6607983907063802,0.8652011079957452,0.735235462297161,0.007344157591509715,0.6271562264621868
M9_YLUR_SLUR,9,LUR,LUR,MEAN,Yd,step_3,11.702041286892362,13.888727747217484,0.8668779445331293,0.008667433760237073,0.737092912181237
M9_YLUR_SLUR,9,LUR,LUR,MEAN,TSE,step_3,10.288947211371529,12.775580318399324,0.7621583341031807,0.007625007814270133,0.6589424808363255
M9_YLUR_SLUR,9,LUR,LUR,MEAN,TSEC,step_3,0.6622346666124131,0.8654371124185545,0.7368242013749899,0.007359759342089855,0.6285193795661513
M9_YLUR_SLUR,9,LUR,LUR,ARIMA,Yd,ALL,11.889307544849537,14.297344488226411,0.8807486563104072,0.008805861325777372,0.7488885150206791
M9_YLUR_SLUR,9,LUR,LUR,ARIMA,TSE,ALL,10.352365903501157,12.959122989723115,0.7668411195416476,0.0076719063499678915,0.6630040499614063
M9_YLUR_SLUR,9,LUR,LUR,ARIMA,TSEC,ALL,0.6625736660427517,0.8732949719231372,0.7371993945993042,0.007363747899102255,0.6288411200644548
M9_YLUR_SLUR,9,LUR,LUR,ARIMA,Yd,step_1,12.062179904513888,14.392471011553484,0.8935100625180067,0.008933259691264244,0.7597774691695051
M9_YLUR_SLUR,9,LUR,LUR,ARIMA,TSE,step_1,10.49447970920139,13.08779572996115,0.7773119609547732,0.007776459931135841,0.6721055471083354
M9_YLUR_SLUR,9,LUR,LUR,ARIMA,TSEC,step_1,0.6626550462510851,0.8747655022303013,0.7372877628744633,0.007364733225131917,0.6289183570933048
M9_YLUR_SLUR,9,LUR,LUR,ARIMA,Yd,step_2,11.922740342881944,14.352536008607734,0.8832762231650276,0.008830979299427957,0.7509943936327874
M9_YLUR_SLUR,9,LUR,LUR,ARIMA,TSE,step_2,10.162037489149306,12.804654957333828,0.7527773010747993,0.007531499530020819,0.6508147097937318
M9_YLUR_SLUR,9,LUR,LUR,ARIMA,TSEC,step_2,0.6694043477376302,0.8748503103835972,0.7447887141829251,0.007439804774602424,0.6353240422630771
M9_YLUR_SLUR,9,LUR,LUR,ARIMA,Yd,step_3,11.683002387152778,14.145800314873151,0.8654596832481878,0.008653332083588105,0.7358936822597449
M9_YLUR_SLUR,9,LUR,LUR,ARIMA,TSE,step_3,10.400580512152779,12.983336256245826,0.77043409659537,0.007707737832541491,0.6660918929821517
M9_YLUR_SLUR,9,LUR,LUR,ARIMA,TSEC,step_3,0.6556616041395399,0.8702612104926838,0.729521706740524,0.00728670946962043,0.6222809608369824
M9_YLUR_SLUR,9,LUR,LUR,RNN,Yd,ALL,11.899449327256944,14.100471401742844,0.881511945818364,0.008813372875894059,0.7495273297151511
M9_YLUR_SLUR,9,LUR,LUR,RNN,TSE,ALL,11.494104908130787,14.10538198451094,0.8511831188618375,0.008518023537215078,0.7361252660316709
M9_YLUR_SLUR,9,LUR,LUR,RNN,TSEC,ALL,0.699253816957827,0.8989974986396099,0.7779753525396754,0.007771405791473442,0.6636538335297086
M9_YLUR_SLUR,9,LUR,LUR,RNN,Yd,step_1,12.255900065104166,14.436771247663222,0.9078578706674794,0.009076728990817533,0.7719795930397777
M9_YLUR_SLUR,9,LUR,LUR,RNN,TSE,step_1,11.460753038194444,14.046805939453339,0.848720856349299,0.008492473114605185,0.7339892881259727
M9_YLUR_SLUR,9,LUR,LUR,RNN,TSEC,step_1,0.7153755187988281,0.9264645689257262,0.7958405189789374,0.007950667366905431,0.678954757129027
M9_YLUR_SLUR,9,LUR,LUR,RNN,Yd,step_2,11.777332899305556,13.9441828638662,0.8725093464411742,0.008723278377720604,0.7418354107330601
M9_YLUR_SLUR,9,LUR,LUR,RNN,TSE,step_2,11.573996310763889,14.212296430934531,0.8570498253390549,0.008577959672758317,0.7412418088583623
M9_YLUR_SLUR,9,LUR,LUR,RNN,TSEC,step_2,0.6750539143880209,0.869549828512029,0.7510904190413071,0.007502594436907524,0.6406859816252751
M9_YLUR_SLUR,9,LUR,LUR,RNN,Yd,step_3,11.665115017361112,13.91435522961119,0.8641686203464388,0.00864008331877749,0.7347669853726155
M9_YLUR_SLUR,9,LUR,LUR,RNN,TSE,step_3,11.447565375434028,14.0564318319224,0.8477786748971587,0.008483644988048988,0.7331447011106776
M9_YLUR_SLUR,9,LUR,LUR,RNN,TSEC,step_3,0.7073320176866319,0.9000755556845188,0.7869951195987818,0.007860949732151755,0.671320761834824
M9_YLUR_SLUR,9,LUR,LUR,LSTM,Yd,ALL,11.80481273509838,13.954013956797523,0.8744690603870949,0.00874327992020687,0.7435663217505665
M9_YLUR_SLUR,9,LUR,LUR,LSTM,TSE,ALL,10.33509837962963,12.82909595826143,0.765556289370743,0.00765910977503294,0.6618981734529497
M9_YLUR_SLUR,9,LUR,LUR,LSTM,TSEC,ALL,0.6588446723090278,0.860981033591222,0.7330632353893853,0.007322304402054632,0.6253019745831174
M9_YLUR_SLUR,9,LUR,LUR,LSTM,Yd,step_1,11.889714898003472,14.011116458233767,0.8807068954755649,0.008805531975129238,0.7489141735459877
M9_YLUR_SLUR,9,LUR,LUR,LSTM,TSE,step_1,10.440920681423611,12.927500314606474,0.7733182649908606,0.007736772433993957,0.6686754275917277
M9_YLUR_SLUR,9,LUR,LUR,LSTM,TSEC,step_1,0.6585977342393663,0.8623022398970784,0.7327904063662162,0.007319640351024217,0.6250676084737007
M9_YLUR_SLUR,9,LUR,LUR,LSTM,Yd,step_2,11.769203016493055,13.93044720207231,0.8718603507823954,0.0087172567061284,0.7413233223844512
M9_YLUR_SLUR,9,LUR,LUR,LSTM,TSE,step_2,10.231590440538195,12.744282911634198,0.757945581925256,0.007583048052770939,0.655269139717041
M9_YLUR_SLUR,9,LUR,LUR,LSTM,TSEC,step_2,0.658649190266927,0.860895108253166,0.7328474246793464,0.007320271233817147,0.6251164448034006
M9_YLUR_SLUR,9,LUR,LUR,LSTM,Yd,step_3,11.75552029079861,13.920300746161583,0.870839934903324,0.00870704443264515,0.7404614693212603
M9_YLUR_SLUR,9,LUR,LUR,LSTM,TSE,step_3,10.332784016927084,12.814838976862614,0.7654050211961124,0.007657494712885409,0.6617499530500804
M9_YLUR_SLUR,9,LUR,LUR,LSTM,TSEC,step_3,0.65928709242079,0.8597438457271317,0.7335518751225933,0.007327001412330194,0.6257218704722511
M10_YHUR_SHUR,10,HUR,HUR,MEAN,Yd,ALL,124.3604248046875,160.32656179040578,8.256208451195155,0.08250233615840888,0.7815476789075625
M10_YHUR_SHUR,10,HUR,HUR,MEAN,TSE,ALL,124.84254421657987,157.1140673269015,8.297381775950324,0.08283289533091262,0.7650185755879638
M10_YHUR_SHUR,10,HUR,HUR,MEAN,TSEC,ALL,7.792659053096065,10.189792666066793,7.950664765104966,0.07868476734716882,0.6918259134782379
M10_YHUR_SHUR,10,HUR,HUR,MEAN,Yd,step_1,123.7277804904514,159.68676236558034,8.221485493674678,0.08221420498343222,0.7775718023685282
M10_YHUR_SHUR,10,HUR,HUR,MEAN,TSE,step_1,124.20960557725695,156.73225510678466,8.24750355114799,0.08230734370193409,0.7611400114387954
M10_YHUR_SHUR,10,HUR,HUR,MEAN,TSEC,step_1,7.854759555392795,10.300436177122863,8.034103088992289,0.07944620937008988,0.697339145410517
M10_YHUR_SHUR,10,HUR,HUR,MEAN,Yd,step_2,123.74447157118055,159.69058276538988,8.219463867338293,0.0821285139152308,0.7776766980813148
M10_YHUR_SHUR,10,HUR,HUR,MEAN,TSE,step_2,125.66686197916667,157.75343952887778,8.353494028102476,0.08340652600909056,0.7700698856563648
M10_YHUR_SHUR,10,HUR,HUR,MEAN,TSEC,step_2,7.838873969184028,10.297219522571737,8.017997783273408,0.07927506437030256,0.6959288360263727
M10_YHUR_SHUR,10,HUR,HUR,MEAN,Yd,step_3,125.60902235243056,161.59478626443138,8.327675992572495,0.08316233404430862,0.7893945362728445
M10_YHUR_SHUR,10,HUR,HUR,MEAN,TSE,step_3,124.65116509331597,156.85452808878964,8.291147748600503,0.08278562864149859,0.763845829668731
M10_YHUR_SHUR,10,HUR,HUR,MEAN,TSEC,step_3,7.684343634711372,9.968144681798705,7.799893423049202,0.07733961080052104,0.6822097589978239
M10_YHUR_SHUR,10,HUR,HUR,ARIMA,Yd,ALL,125.78638373480902,163.30180369758133,8.34916944808896,0.08344833600671864,0.7905091704254974
M10_YHUR_SHUR,10,HUR,HUR,ARIMA,TSE,ALL,124.89632523148148,158.09464914528505,8.300604802154188,0.08286857897710945,0.7653481385239957
M10_YHUR_SHUR,10,HUR,HUR,ARIMA,TSEC,ALL,7.825408087836371,10.254668636002425,7.9846024000825855,0.07901544397010687,0.6947333460658014
M10_YHUR_SHUR,10,HUR,HUR,ARIMA,Yd,step_1,125.14416368272569,164.29593780547813,8.311880309646117,0.08315535835774426,0.7864731148085926
M10_YHUR_SHUR,10,HUR,HUR,ARIMA,TSE,step_1,124.74261881510417,159.63954528520296,8.282091631811728,0.08266054427415459,0.7644062459628211
M10_YHUR_SHUR,10,HUR,HUR,ARIMA,TSEC,step_1,7.81392093234592,10.2879507378146,7.9933604322383385,0.0790331510486877,0.6937135257725869
M10_YHUR_SHUR,10,HUR,HUR,ARIMA,Yd,step_2,125.25149739583334,162.3487550800225,8.318969993591622,0.0831287185291348,0.7871476574895103
M10_YHUR_SHUR,10,HUR,HUR,ARIMA,TSE,step_2,124.55926784939236,157.56763863763115,8.279701323287776,0.08267140318404659,0.7632826955297397
M10_YHUR_SHUR,10,HUR,HUR,ARIMA,TSEC,step_2,7.8550257364908855,10.32895421341395,8.036057229451131,0.07943840828908208,0.6973627767512547
M10_YHUR_SHUR,10,HUR,HUR,ARIMA,Yd,step_3,126.96349012586805,163.25490442015976,8.416658041029144,0.084059090497924,0.7979067389783894
M10_YHUR_SHUR,10,HUR,HUR,ARIMA,TSE,step_3,125.38708902994792,157.06498368639288,8.340021451363059,0.08327438400676768,0.7683554740794263
M10_YHUR_SHUR,10,HUR,HUR,ARIMA,TSEC,step_3,7.807277594672309,10.146204264459385,7.924389538558281,0.07857688818809103,0.6931237356735623
M10_YHUR_SHUR,10,HUR,HUR,RNN,Yd,ALL,126.38655418113426,161.07206682700078,8.390137962821305,0.08384649694893827,0.7942809637432758
M10_YHUR_SHUR,10,HUR,HUR,RNN,TSE,ALL,124.956133807147,157.81169809557193,8.305261745047797,0.08290826190346344,0.7657146375540395
M10_YHUR_SHUR,10,HUR,HUR,RNN,TSEC,ALL,7.896003073233145,10.22175227363165,8.057950654751032,0.07972826227307304,0.7010007112778982
M10_YHUR_SHUR,10,HUR,HUR,RNN,Yd,step_1,126.95092637803819,163.48815669941237,8.433880910868007,0.08435590974563814,0.7978277816415177
M10_YHUR_SHUR,10,HUR,HUR,RNN,TSE,step_1,124.2178724500868,157.5764925138608,8.247202352601498,0.08231282173513599,0.7611906697405509
M10_YHUR_SHUR,10,HUR,HUR,RNN,TSEC,step_1,7.950576612684462,10.322988285605382,8.131007466775934,0.08041534177206051,0.705845705589262
M10_YHUR_SHUR,10,HUR,HUR,RNN,Yd,step_2,124.71296115451389,159.74453636611312,8.283833458623345,0.08277129503677604,0.7837632066075529
M10_YHUR_SHUR,10,HUR,HUR,RNN,TSE,step_2,128.6240437825521,161.04252623231542,8.553343758211447,0.08536924121589318,0.7881911040693432
M10_YHUR_SHUR,10,HUR,HUR,RNN,TSEC,step_2,7.954019588894314,10.295187369076649,8.140847961733483,0.0804395398358319,0.7061513702083908
M10_YHUR_SHUR,10,HUR,HUR,RNN,Yd,step_3,127.49577501085069,159.95604976358152,8.45269951897256,0.08441150191378123,0.8012519029807568
M10_YHUR_SHUR,10,HUR,HUR,RNN,TSE,step_3,122.02648518880208,154.7531903359895,8.115239124330447,0.08104247785975317,0.7477621388522242
M10_YHUR_SHUR,10,HUR,HUR,RNN,TSEC,step_3,7.78341301812066,10.044784145084455,7.901996535743687,0.07833670149809364,0.691005058036042
M10_YHUR_SHUR,10,HUR,HUR,LSTM,Yd,ALL,129.11272424768518,164.6462563961142,8.562466306707464,0.08565507391069128,0.8114136801292674
M10_YHUR_SHUR,10,HUR,HUR,LSTM,TSE,ALL,123.30680881076388,155.87831828594685,8.194911877192606,0.08181393652224524,0.7556077924289859
M10_YHUR_SHUR,10,HUR,HUR,LSTM,TSEC,ALL,7.949903417516638,10.222856417427725,8.11489436140751,0.08027250988110793,0.7057859398714555
M10_YHUR_SHUR,10,HUR,HUR,LSTM,Yd,step_1,126.03237982855903,161.1255190942164,8.371979848909458,0.08374555713116177,0.7920551419545637
M10_YHUR_SHUR,10,HUR,HUR,LSTM,TSE,step_1,122.73418646918402,155.27265321737374,8.149440843460642,0.08132965902877065,0.7520988385635047
M10_YHUR_SHUR,10,HUR,HUR,LSTM,TSEC,step_1,7.815874820285373,10.173908437569008,7.996842481935215,0.07905291346015668,0.6938869903498688
M10_YHUR_SHUR,10,HUR,HUR,LSTM,Yd,step_2,128.3820298936632,164.21499932779818,8.518485621978753,0.0852064354448534,0.8068216044968978
M10_YHUR_SHUR,10,HUR,HUR,LSTM,TSE,step_2,124.01168212890624,156.48155777551776,8.243031708809735,0.08230796431147011,0.7599271627622253
M10_YHUR_SHUR,10,HUR,HUR,LSTM,TSEC,step_2,7.998656039767795,10.308621227799419,8.184503944862719,0.08089095129239667,0.7101141579024967
M10_YHUR_SHUR,10,HUR,HUR,LSTM,Yd,step_3,132.92376302083332,168.51459974778297,8.796933449234176,0.08800522586466224,0.8353642939363407
M10_YHUR_SHUR,10,HUR,HUR,LSTM,TSE,step_3,123.1745578342014,155.8783999595497,8.192263079307438,0.0818049570199306,0.7547973759612276
M10_YHUR_SHUR,10,HUR,HUR,LSTM,TSEC,step_3,8.035179392496746,10.18549436599692,8.163336657424598,0.08087062167820491,0.7133566713620012
M10_YHUR_SLUR,10,HUR,LUR,MEAN,Yd,ALL,106.91739230685764,139.84458993050103,7.103863050941907,0.07111344917049287,0.649762983756243
M10_YHUR_SLUR,10,HUR,LUR,MEAN,TSE,ALL,12.921389431423611,15.586330677191025,0.8620080502314492,0.008617657335264923,0.7708665479670352
M10_YHUR_SLUR,10,HUR,LUR,MEAN,TSEC,ALL,0.7395954273365162,0.9719078290397463,0.7391163976626366,0.0073913295879094905,0.6538765446011943
M10_YHUR_SLUR,10,HUR,LUR,MEAN,Yd,step_1,106.90599636501736,139.44692088180662,7.105195600144127,0.07110577403484189,0.6496937278474232
M10_YHUR_SLUR,10,HUR,LUR,MEAN,TSE,step_1,12.81220431857639,15.465183608287953,0.8548857574493622,0.008546512267707912,0.7643527630929997
M10_YHUR_SLUR,10,HUR,LUR,MEAN,TSEC,step_1,0.7491521199544271,0.9768570329747851,0.7487183039357072,0.007487560393027229,0.6623256194816588
M10_YHUR_SLUR,10,HUR,LUR,MEAN,Yd,step_2,107.4129869249132,140.35123924326143,7.134043547293935,0.07141984940803968,0.6527748327249974
M10_YHUR_SLUR,10,HUR,LUR,MEAN,TSE,step_2,12.925362141927083,15.625847948849366,0.8621784593542207,0.00861916398496616,0.7711035526365514
M10_YHUR_SLUR,10,HUR,LUR,MEAN,TSEC,step_2,0.7392208523220486,0.9721811978202559,0.7387436421597716,0.007387551924633877,0.6535453827157889
M10_YHUR_SLUR,10,HUR,LUR,MEAN,Yd,step_3,106.43319363064236,139.73408280714455,7.07235000538766,0.07081452677193213,0.6468203906963085
M10_YHUR_SLUR,10,HUR,LUR,MEAN,TSE,step_3,13.02660183376736,15.667229613994293,0.8689599338907646,0.008687277217777128,0.7771433281715545
M10_YHUR_SLUR,10,HUR,LUR,MEAN,TSEC,step_3,0.730413309733073,0.9666584402873282,0.7298872468924306,0.007298894268648559,0.6457586316061354
M10_YHUR_SLUR,10,HUR,LUR,ARIMA,Yd,ALL,108.10861138237847,140.95251323932703,7.1832570368835915,0.07190575896546847,0.6570023116533948
M10_YHUR_SLUR,10,HUR,LUR,ARIMA,TSE,ALL,13.351131184895833,15.910282635780181,0.8906938970926568,0.008904264839336679,0.7965041578985806
M10_YHUR_SLUR,10,HUR,LUR,ARIMA,TSEC,ALL,0.7699655320909288,0.9930638168467105,0.7695278311660599,0.007694840731383698,0.6807267635479322
M10_YHUR_SLUR,10,HUR,LUR,ARIMA,Yd,step_1,108.04690212673611,141.23718781335418,7.181237783254965,0.07186461816001921,0.6566272895058618
M10_YHUR_SLUR,10,HUR,LUR,ARIMA,TSE,step_1,13.28205295138889,15.76910122249973,0.8862408493366104,0.008859929616077518,0.7923830763627469
M10_YHUR_SLUR,10,HUR,LUR,ARIMA,TSEC,step_1,0.7759369744194878,0.9870327583358504,0.7755608721505991,0.0077552673247486366,0.686006117545759
M10_YHUR_SLUR,10,HUR,LUR,ARIMA,Yd,step_2,108.52063395182292,141.28863376070225,7.207636552723232,0.07215633375806017,0.6595062729670863
M10_YHUR_SLUR,10,HUR,LUR,ARIMA,TSE,step_2,13.33148193359375,15.919566621278442,0.8892839846203381,0.008889981393676182,0.7953319193710011
M10_YHUR_SLUR,10,HUR,LUR,ARIMA,TSEC,step_2,0.7712574428982205,1.0023538176896818,0.770830772596902,0.007707716021231354,0.6818689422896898
M10_YHUR_SLUR,10,HUR,LUR,ARIMA,Yd,step_3,107.7582980685764,140.32965372314385,7.160896774672578,0.07169617506693049,0.6548733724872366
M10_YHUR_SLUR,10,HUR,LUR,ARIMA,TSE,step_3,13.439858669704861,16.041013866849557,0.8965568573210226,0.008962873013345574,0.8017974779619942
M10_YHUR_SLUR,10,HUR,LUR,ARIMA,TSEC,step_3,0.7627021789550781,0.9897375364839477,0.7621918487506786,0.007621551371641059,0.6743052308083478
M10_YHUR_SLUR,10,HUR,LUR,RNN,Yd,ALL,112.52681613498264,146.4344298236733,7.479007879323826,0.07484441817067426,0.6838528159629166
M10_YHUR_SLUR,10,HUR,LUR,RNN,TSE,ALL,13.264907497829862,16.215137765598385,0.8849428463157971,0.008846759708540866,0.7913602098460676
M10_YHUR_SLUR,10,HUR,LUR,RNN,TSEC,ALL,0.7711117779767072,0.9984830860390184,0.7706630454933022,0.007706296022773321,0.6817401598878139
M10_YHUR_SLUR,10,HUR,LUR,RNN,Yd,step_1,110.62314453125,149.5417344964669,7.356188930868532,0.0735781395386412,0.6722837408606798
M10_YHUR_SLUR,10,HUR,LUR,RNN,TSE,step_1,12.783513726128472,15.723018139909605,0.8530191427806678,0.00852737391382072,0.7626411346279006
M10_YHUR_SLUR,10,HUR,LUR,RNN,TSEC,step_1,0.7811517503526476,1.0156997869345357,0.7807047337443553,0.007807387513286598,0.6906165025508741
M10_YHUR_SLUR,10,HUR,LUR,RNN,Yd,step_2,116.79725477430556,146.40697931787568,7.764087677599678,0.07765953248357717,0.7098053096813444
M10_YHUR_SLUR,10,HUR,LUR,RNN,TSE,step_2,13.379886881510417,16.38530858305427,0.8925573898485174,0.008922259807170234,0.7982196703596295
M10_YHUR_SLUR,10,HUR,LUR,RNN,TSEC,step_2,0.7629508972167969,0.9884850443451686,0.7624871701936431,0.007624702890117562,0.6745251226999697
M10_YHUR_SLUR,10,HUR,LUR,RNN,Yd,step_3,110.16004909939237,143.28779698270273,7.316747029503272,0.07329416209399896,0.6694693973467255
M10_YHUR_SLUR,10,HUR,LUR,RNN,TSE,step_3,13.631321885850694,16.52575085986009,0.9092520063182066,0.009090557428428753,0.8132198245506723
M10_YHUR_SLUR,10,HUR,LUR,RNN,TSEC,step_3,0.7692326863606771,0.9910381825364117,0.7687972325419081,0.0076868096061761225,0.680078854412598
M10_YHUR_SLUR,10,HUR,LUR,LSTM,Yd,ALL,106.78033492476852,140.0370651608031,7.094675470518223,0.07102228885537162,0.6489300527278051
M10_YHUR_SLUR,10,HUR,LUR,LSTM,TSE,ALL,12.903597457320602,15.50523407567197,0.8608220897403657,0.008605791340748514,0.7698051112127996
M10_YHUR_SLUR,10,HUR,LUR,LSTM,TSEC,ALL,0.7446435998987269,0.9784562164659152,0.744164987105136,0.007441779747340997,0.6583396355148526
M10_YHUR_SLUR,10,HUR,LUR,LSTM,Yd,step_1,106.97595350477431,139.84754550718029,7.109756396359599,0.07115230422716802,0.650118874391711
M10_YHUR_SLUR,10,HUR,LUR,LSTM,TSE,step_1,12.81612820095486,15.431582563078306,0.8551473122641737,0.008549129733684165,0.7645868547655535
M10_YHUR_SLUR,10,HUR,LUR,LSTM,TSEC,step_1,0.7508384704589843,0.9795322101722242,0.7504044723797074,0.007504414982249312,0.6638165224809882
M10_YHUR_SLUR,10,HUR,LUR,LSTM,Yd,step_2,107.29239095052084,140.591036055638,7.125985681111545,0.07133966407312911,0.6520419416727607
M10_YHUR_SLUR,10,HUR,LUR,LSTM,TSE,step_2,12.883671061197917,15.525956900789755,0.8593992561358543,0.008591362654715651,0.7686163387302396
M10_YHUR_SLUR,10,HUR,LUR,LSTM,TSEC,step_2,0.7444920857747396,0.9785733424126056,0.7440150191934696,0.00744023105390397,0.6582056818312721
M10_YHUR_SLUR,10,HUR,LUR,LSTM,Yd,step_3,106.07266031901041,139.67091126276964,7.048284334083525,0.0705746486382614,0.6446293421189436
M10_YHUR_SLUR,10,HUR,LUR,LSTM,TSE,step_3,13.010993109809029,15.55788459713769,0.8679197008210688,0.008676867955732264,0.7762121401426055
M10_YHUR_SLUR,10,HUR,LUR,LSTM,TSEC,step_3,0.7386002434624566,0.9772617691166068,0.7380754697422308,0.0073807048858415035,0.6529967022322977
M10_YLUR_SHUR,10,LUR,HUR,MEAN,Yd,ALL,11.94642333984375,14.962149295077635,0.7966604520775326,0.007967321162978444,0.6909760367094596
M10_YLUR_SHUR,10,LUR,HUR,MEAN,TSE,ALL,117.24415509259259,148.11714033561282,7.913372289933577,0.07871642404790918,0.684388286421115
M10_YLUR_SHUR,10,LUR,HUR,MEAN,TSEC,ALL,7.962427125153718,10.33295441762655,7.9426844265615415,0.07916674345168517,0.7369948769307083
M10_YLUR_SHUR,10,LUR,HUR,MEAN,Yd,step_1,11.831368001302083,14.807667479222504,0.788866314289079,0.007889553345861987,0.6843212849426579
M10_YLUR_SHUR,10,LUR,HUR,MEAN,TSE,step_1,118.0142564561632,148.29287062171284,7.965871542329962,0.07931105477377047,0.6888835924103
M10_YLUR_SHUR,10,LUR,HUR,MEAN,TSEC,step_1,8.005038197835287,10.36582087261669,7.980863688420134,0.07952347571843153,0.7409389183358259
M10_YLUR_SHUR,10,LUR,HUR,MEAN,Yd,step_2,11.99832492404514,15.034827732200384,0.8001507059666698,0.008001789495422525,0.6939780022291987
M10_YLUR_SHUR,10,LUR,HUR,MEAN,TSE,step_2,116.30870632595486,146.84463148640907,7.841002757450627,0.07802035783648742,0.6789277994746371
M10_YLUR_SHUR,10,LUR,HUR,MEAN,TSEC,step_2,7.908799828423394,10.307297347778267,7.890350184470907,0.07864179160865707,0.7320311840349785
M10_YLUR_SHUR,10,LUR,HUR,MEAN,Yd,step_3,12.009577094184028,15.042761497557924,0.8009643359768494,0.008010636693301479,0.6946288229565221
M10_YLUR_SHUR,10,LUR,HUR,MEAN,TSE,step_3,117.40950249565972,149.20435821379854,7.933242570020144,0.07881903716391521,0.6853534673784083
M10_YLUR_SHUR,10,LUR,HUR,MEAN,TSEC,step_3,7.973443349202474,10.32565833308227,7.956839406793582,0.07933473157125176,0.7380145284213204
M10_YLUR_SHUR,10,LUR,HUR,ARIMA,Yd,ALL,11.88561107494213,14.918445548691945,0.7926066443348798,0.007926764183593376,0.6874586812140367
M10_YLUR_SHUR,10,LUR,HUR,ARIMA,TSE,ALL,118.8958826135706,149.32763282355108,8.02255178396945,0.0798253755674986,0.6940299011082097
M10_YLUR_SHUR,10,LUR,HUR,ARIMA,TSEC,ALL,8.05408469306098,10.451842160527653,8.033486659002012,0.08007805240935172,0.7454786164887363
M10_YLUR_SHUR,10,LUR,HUR,ARIMA,Yd,step_1,11.780841742621528,14.801313583488621,0.7854933824200128,0.007855860740477453,0.6813988676651446
M10_YLUR_SHUR,10,LUR,HUR,ARIMA,TSE,step_1,119.44879828559027,148.80490301304,8.06119626312642,0.08027513342854908,0.6972574309497619
M10_YLUR_SHUR,10,LUR,HUR,ARIMA,TSEC,step_1,8.122730170355903,10.502011512439696,8.097273941005401,0.08069264874268124,0.7518323782620779
M10_YLUR_SHUR,10,LUR,HUR,ARIMA,Yd,step_2,11.896266004774306,14.888130083756984,0.7933445360896944,0.00793372549538041,0.6880749578164487
M10_YLUR_SHUR,10,LUR,HUR,ARIMA,TSE,step_2,119.01302218967014,149.32326404400013,8.018932883622831,0.07983442402340425,0.6947136789365845
M10_YLUR_SHUR,10,LUR,HUR,ARIMA,TSEC,step_2,7.956369272867838,10.37791853736813,7.937218283533665,0.07911480223202562,0.7364341677361723
M10_YLUR_SHUR,10,LUR,HUR,ARIMA,Yd,step_3,11.979725477430556,15.064685578538475,0.7989820144949321,0.007990725046567844,0.6929022181605168
M10_YLUR_SHUR,10,LUR,HUR,ARIMA,TSE,step_3,118.2258273654514,149.85289262667393,7.987526205159096,0.07936705021977768,0.6901185934382826
M10_YLUR_SHUR,10,LUR,HUR,ARIMA,TSEC,step_3,8.083154635959202,10.475188526708486,8.06596775246697,0.08042634470550099,0.7481693034679585
M10_YLUR_SHUR,10,LUR,HUR,RNN,Yd,ALL,12.310591182002314,15.447438308638016,0.8208956760324342,0.008210192361593115,0.7120393495616435
M10_YLUR_SHUR,10,LUR,HUR,RNN,TSE,ALL,118.06653012876157,151.1011040829345,7.966711171136315,0.07926855751692834,0.6891887290645433
M10_YLUR_SHUR,10,LUR,HUR,RNN,TSEC,ALL,8.067264980740017,10.28099712314905,8.050470438250452,0.08020909793565982,0.7466985717038033
M10_YLUR_SHUR,10,LUR,HUR,RNN,Yd,step_1,12.08468017578125,15.317163267563634,0.805705795420049,0.008058470407142622,0.698972753201622
M10_YLUR_SHUR,10,LUR,HUR,RNN,TSE,step_1,118.98505316840277,150.9390850868531,8.030904622180927,0.07996347519763027,0.6945504156120893
M10_YLUR_SHUR,10,LUR,HUR,RNN,TSEC,step_1,8.07613788180881,10.378038053778708,8.05179352370919,0.08022979264688612,0.7475198392053363
M10_YLUR_SHUR,10,LUR,HUR,RNN,Yd,step_2,12.143580457899306,15.252232443633998,0.8098423235689408,0.008098661701526642,0.7023795204273627
M10_YLUR_SHUR,10,LUR,HUR,RNN,TSE,step_2,117.62340630425348,150.2410155120015,7.928216102335242,0.0789022639808737,0.6866020862192095
M10_YLUR_SHUR,10,LUR,HUR,RNN,TSEC,step_2,7.985517883300782,10.204490085571862,7.971733306755098,0.07940464380054163,0.7391321361095172
M10_YLUR_SHUR,10,LUR,HUR,RNN,Yd,step_3,12.703512912326389,15.767814237163307,0.847138909108313,0.008473506258483705,0.7347657750559456
M10_YLUR_SHUR,10,LUR,HUR,RNN,TSE,step_3,117.59113091362848,152.11726008678855,7.941012788892773,0.07894096747382714,0.6864136853623312
M10_YLUR_SHUR,10,LUR,HUR,RNN,TSEC,step_3,8.14013917711046,10.259698523172293,8.127884484287069,0.08099333353052326,0.7534437397965563
M10_YLUR_SHUR,10,LUR,HUR,LSTM,Yd,ALL,11.958192274305556,14.995821808430499,0.7974410973676963,0.007975170113073032,0.691656746865075
M10_YLUR_SHUR,10,LUR,HUR,LSTM,TSE,ALL,117.80778311270255,148.2394404117194,7.951065727543042,0.07909483764303656,0.6876783473589704
M10_YLUR_SHUR,10,LUR,HUR,LSTM,TSEC,ALL,7.985914950900607,10.35520405725011,7.966225923911534,0.07940027207881292,0.7391688883186448
M10_YLUR_SHUR,10,LUR,HUR,LSTM,Yd,step_1,11.744803873697917,14.731180177058135,0.7830957512671861,0.007831829479737975,0.6793144526790089
M10_YLUR_SHUR,10,LUR,HUR,LSTM,TSE,step_1,118.37307535807291,148.36746206606225,7.989816083255081,0.07955219772071431,0.6909781228644583
M10_YLUR_SHUR,10,LUR,HUR,LSTM,TSEC,step_1,8.011115349663628,10.365886437556444,7.987008243792765,0.07958384722746306,0.7415014138781297
M10_YLUR_SHUR,10,LUR,HUR,LSTM,Yd,step_2,11.98342556423611,15.049096316572422,0.799155172387386,0.007991852979986985,0.693116229605085
M10_YLUR_SHUR,10,LUR,HUR,LSTM,TSE,step_2,116.97564154730902,147.17682847570387,7.885518106170942,0.07846774072180628,0.6828208946394749
M10_YLUR_SHUR,10,LUR,HUR,LSTM,TSEC,step_2,7.936090087890625,10.328409446050037,7.917669234338217,0.07891315451384215,0.7345571451648357
M10_YLUR_SHUR,10,LUR,HUR,LSTM,Yd,step_3,12.146347384982638,15.203323510870087,0.8100723684485164,0.008101865310382046,0.7025395583111308
M10_YLUR_SHUR,10,LUR,HUR,LSTM,TSE,step_3,118.07463243272569,149.16726330079234,7.977862993203101,0.07926555043681127,0.6892360245729777
M10_YLUR_SHUR,10,LUR,HUR,LSTM,TSEC,step_3,8.01053941514757,10.37126365879757,7.9940002936036185,0.07970383263652714,0.741448105912969
M10_YLUR_SLUR,10,LUR,LUR,MEAN,Yd,ALL,9.883388038917824,12.752273168181143,0.6587193079173911,0.006583709872254954,0.5705668935331989
M10_YLUR_SLUR,10,LUR,LUR,MEAN,TSE,ALL,10.517078993055556,13.699923058644822,0.70006482612756,0.007000949137829268,0.6211723053085567
M10_YLUR_SLUR,10,LUR,LUR,MEAN,TSEC,ALL,0.8211653250235098,1.0823876169753133,0.8225428123476758,0.008218541730335819,0.7318747826850034
M10_YLUR_SLUR,10,LUR,LUR,MEAN,Yd,step_1,9.685464138454861,12.362603707659877,0.6457664333557004,0.006453334648611604,0.5591407687469974
M10_YLUR_SLUR,10,LUR,LUR,MEAN,TSE,step_1,10.66791720920139,13.795828459795567,0.7101514713708498,0.007101440412394619,0.6300812925391182
M10_YLUR_SLUR,10,LUR,LUR,MEAN,TSEC,step_1,0.8247242397732205,1.0835135767680841,0.82609660172789,0.008254056524255152,0.7350467139388766
M10_YLUR_SLUR,10,LUR,LUR,MEAN,Yd,step_2,10.003333875868055,12.963767519235475,0.6665834062453092,0.0066627633544190535,0.5774913533754562
M10_YLUR_SLUR,10,LUR,LUR,MEAN,TSE,step_2,10.567032877604166,13.759290417540152,0.7034468409437111,0.007034779718210645,0.6241227414177337
M10_YLUR_SLUR,10,LUR,LUR,MEAN,TSEC,step_2,0.8227591620551216,1.0828787072938808,0.8241283994962071,0.00823426492894018,0.733295311652313
M10_YLUR_SLUR,10,LUR,LUR,MEAN,Yd,step_3,9.961366102430556,12.921616545243388,0.6638080841511639,0.006634986715094878,0.5750685584771431
M10_YLUR_SLUR,10,LUR,LUR,MEAN,TSE,step_3,10.316286892361111,13.54329058065457,0.686596166068119,0.006866643803228519,0.6093128819688183
M10_YLUR_SLUR,10,LUR,LUR,MEAN,TSEC,step_3,0.8160125732421875,1.0807686590539434,0.8174034358189302,0.00816730078392538,0.7272823224638206
M10_YLUR_SLUR,10,LUR,LUR,ARIMA,Yd,ALL,10.00445556640625,12.827180803997052,0.6667933967242579,0.006664357669629338,0.5775561084456167
M10_YLUR_SLUR,10,LUR,LUR,ARIMA,TSE,ALL,10.547828504774305,13.904390305884943,0.7021263007155651,0.007021418297345727,0.6229884697677246
M10_YLUR_SLUR,10,LUR,LUR,ARIMA,TSEC,ALL,0.8450111954300492,1.080943185956263,0.8464110668816565,0.008457200469398763,0.7531277395377798
M10_YLUR_SLUR,10,LUR,LUR,ARIMA,Yd,step_1,9.818712022569445,12.451936566336379,0.6546428427598284,0.006542116474151254,0.5668331542943176
M10_YLUR_SLUR,10,LUR,LUR,ARIMA,TSE,step_1,10.57242160373264,13.939220477700387,0.7037838085593819,0.007037870707213841,0.6244410168090387
M10_YLUR_SLUR,10,LUR,LUR,ARIMA,TSEC,step_1,0.856766594780816,1.088920388873231,0.8581734390335272,0.008574744818169817,0.7636048993532792
M10_YLUR_SLUR,10,LUR,LUR,ARIMA,Yd,step_2,10.072150336371529,13.010568441668092,0.6711758971231077,0.006708598852555276,0.5814641199954458
M10_YLUR_SLUR,10,LUR,LUR,ARIMA,TSE,step_2,10.723396809895833,14.003079977081144,0.7138751241507857,0.007138875714909624,0.6333580951079418
M10_YLUR_SLUR,10,LUR,LUR,ARIMA,TSEC,step_2,0.8438935173882378,1.0791777111494005,0.8452806199291127,0.008445779900685436,0.7521315937568567
M10_YLUR_SLUR,10,LUR,LUR,ARIMA,Yd,step_3,10.122504340277779,13.010921823909966,0.6745614502898372,0.00674231637815678,0.5843710510470868
M10_YLUR_SLUR,10,LUR,LUR,ARIMA,TSE,step_3,10.347667100694444,13.769825451496796,0.6887199694365274,0.006887530844791473,0.6111662973861932
M10_YLUR_SLUR,10,LUR,LUR,ARIMA,TSEC,step_3,0.8343734741210938,1.0746824499592147,0.8357791416823291,0.008351071236807067,0.7436467255032033
M10_YLUR_SLUR,10,LUR,LUR,RNN,Yd,ALL,10.411164460358796,13.393117462643602,0.6939713697756669,0.006935282311028165,0.601035367711879
M10_YLUR_SLUR,10,LUR,LUR,RNN,TSE,ALL,10.525540726273148,13.851563425249926,0.7006231974706606,0.007006581896118272,0.6216720823220363
M10_YLUR_SLUR,10,LUR,LUR,RNN,TSEC,ALL,0.8368268896032263,1.0833671222686851,0.8382256552415578,0.008375288755737877,0.7458333654746006
M10_YLUR_SLUR,10,LUR,LUR,RNN,Yd,step_1,10.42782931857639,13.124899970183082,0.6953490678650537,0.0069479656616758196,0.6019974281254682
M10_YLUR_SLUR,10,LUR,LUR,RNN,TSE,step_1,10.526946343315972,13.980054731255677,0.700787471580848,0.0070075986451276695,0.6217551025579258
M10_YLUR_SLUR,10,LUR,LUR,RNN,TSEC,step_1,0.8370493570963542,1.083412723333601,0.8384434075978682,0.008377409531414486,0.7460316426585316
M10_YLUR_SLUR,10,LUR,LUR,RNN,Yd,step_2,10.433978949652778,13.611894642056782,0.695349011512643,0.006949596349496402,0.6023524456443405
M10_YLUR_SLUR,10,LUR,LUR,RNN,TSE,step_2,10.720499674479166,13.99753512650608,0.7136591291230645,0.007136947007986295,0.6331869810289518
M10_YLUR_SLUR,10,LUR,LUR,RNN,TSEC,step_2,0.8298772176106771,1.0715688110323025,0.8312387303230753,0.008305503218255555,0.7396393756356685
M10_YLUR_SLUR,10,LUR,LUR,RNN,Yd,step_3,10.371685112847222,13.438009939374986,0.6912160299493036,0.0069082887055117535,0.5987562293658283
M10_YLUR_SLUR,10,LUR,LUR,RNN,TSE,step_3,10.329176161024305,13.572932920503533,0.6874229917080695,0.006875223054437576,0.6100741633792313
M10_YLUR_SLUR,10,LUR,LUR,RNN,TSEC,step_3,0.8435540941026476,1.094993204992562,0.8449948278037303,0.00844295816015967,0.7518290781296016
M10_YLUR_SLUR,10,LUR,LUR,LSTM,Yd,ALL,10.070088704427084,12.909229683620973,0.6711763125229886,0.006708078460215857,0.5813451022123214
M10_YLUR_SLUR,10,LUR,LUR,LSTM,TSE,ALL,10.431051522714121,13.647117915362328,0.6943301751418266,0.006943682862210897,0.6160912479059131
M10_YLUR_SLUR,10,LUR,LUR,LSTM,TSEC,ALL,0.8264554906774451,1.0757968978781864,0.8278272649272106,0.008271487764297994,0.7365897148921453
M10_YLUR_SLUR,10,LUR,LUR,LSTM,Yd,step_1,9.814501953125,12.466648445465632,0.6543746113667035,0.006539311344047986,0.5665901074529898
M10_YLUR_SLUR,10,LUR,LUR,LSTM,TSE,step_1,10.584738498263889,13.761591774135168,0.7046071759941258,0.007046069842140008,0.6251684919735089
M10_YLUR_SLUR,10,LUR,LUR,LSTM,TSEC,step_1,0.8233897738986545,1.0774879123586945,0.824760971632789,0.008240700839740064,0.7338573530487043
M10_YLUR_SLUR,10,LUR,LUR,LSTM,Yd,step_2,10.225556098090278,13.15288580888484,0.6814118598985316,0.0068107754169107,0.5903202175774998
M10_YLUR_SLUR,10,LUR,LUR,LSTM,TSE,step_2,10.491899956597223,13.72034097005162,0.6984385176377854,0.0069847615574845845,0.6196851509254244
M10_YLUR_SLUR,10,LUR,LUR,LSTM,TSEC,step_2,0.827278815375434,1.0748616857509932,0.8286408463884714,0.008279498120550538,0.737323514245403
M10_YLUR_SLUR,10,LUR,LUR,LSTM,Yd,step_3,10.170208062065972,13.096904386497126,0.6777424663037311,0.00677409048996741,0.5871249816064744
M10_YLUR_SLUR,10,LUR,LUR,LSTM,TSE,step_3,10.21651611328125,13.457426117017642,0.6799448317935686,0.0068002351807212,0.6034201008188059
M10_YLUR_SLUR,10,LUR,LUR,LSTM,TSEC,step_3,0.8286978827582465,1.0750390930930944,0.8300799767603716,0.008294265418726535,0.7385882773823286
