case_id,M,yd_level,solar_level,origin_date,target_date,step,variable,true,MEAN,ARIMA,RNN,LSTM
M8_YHUR_SLUR,8,HUR,LUR,2024-12-31,2024-12-31,1,Yd,1182.98779296875,1197.00390625,1189.624755859375,1192.871826171875,1198.9808349609375
M8_YHUR_SLUR,8,HUR,LUR,2024-12-31,2024-12-31,1,TSE,1192.5823974609375,1198.60888671875,1200.5045166015625,1201.2071533203125,1198.7459716796875
M8_YHUR_SLUR,8,HUR,LUR,2024-12-31,2024-12-31,1,TSEC,79.95832824707031,80.02964782714844,79.86534118652344,79.9608154296875,80.07343292236328
M8_YHUR_SLUR,8,HUR,LUR,2024-12-31,2025-01-01,2,Yd,1190.688720703125,1197.00390625,1198.412353515625,1206.2647705078125,1197.85986328125
M8_YHUR_SLUR,8,HUR,LUR,2024-12-31,2025-01-01,2,TSE,1192.8590087890625,1198.60888671875,1196.0694580078125,1197.6995849609375,1198.90380859375
M8_YHUR_SLUR,8,HUR,LUR,2024-12-31,2025-01-01,2,TSEC,80.12294006347656,80.02964782714844,79.88590240478516,79.97700500488281,80.08572387695312
M8_YHUR_SLUR,8,HUR,LUR,2024-12-31,2025-01-02,3,Yd,1231.640380859375,1197.00390625,1190.3863525390625,1215.1947021484375,1196.576171875
M8_YHUR_SLUR,8,HUR,LUR,2024-12-31,2025-01-02,3,TSE,1212.009033203125,1198.60888671875,1200.6065673828125,1195.696044921875,1198.9951171875
M8_YHUR_SLUR,8,HUR,LUR,2024-12-31,2025-01-02,3,TSEC,80.28829193115234,80.02964782714844,79.99909973144531,79.90869903564453,80.10181427001953
M8_YHUR_SLUR,8,HUR,LUR,2025-01-01,2025-01-01,1,Yd,1190.688720703125,1196.9847412109375,1198.9365234375,1210.3057861328125,1197.4390869140625
M8_YHUR_SLUR,8,HUR,LUR,2025-01-01,2025-01-01,1,TSE,1192.8590087890625,1198.6007080078125,1198.156494140625,1200.7000732421875,1198.8140869140625
M8_YHUR_SLUR,8,HUR,LUR,2025-01-01,2025-01-01,1,TSEC,80.12294006347656,80.02954864501953,79.91439056396484,79.91551208496094,80.06897735595703
M8_YHUR_SLUR,8,HUR,LUR,2025-01-01,2025-01-02,2,Yd,1231.640380859375,1196.9847412109375,1190.0615234375,1216.206787109375,1197.1083984375
M8_YHUR_SLUR,8,HUR,LUR,2025-01-01,2025-01-02,2,TSE,1212.009033203125,1198.6007080078125,1197.1351318359375,1201.5889892578125,1198.9349365234375
M8_YHUR_SLUR,8,HUR,LUR,2025-01-01,2025-01-02,2,TSEC,80.28829193115234,80.02954864501953,80.0250244140625,79.85929870605469,80.08736419677734
M8_YHUR_SLUR,8,HUR,LUR,2025-01-01,2025-01-03,3,Yd,983.4874267578125,1196.9847412109375,1196.10107421875,1197.410400390625,1196.68310546875
M8_YHUR_SLUR,8,HUR,LUR,2025-01-01,2025-01-03,3,TSE,1197.8448486328125,1198.6007080078125,1197.4638671875,1198.6165771484375,1198.960693359375
M8_YHUR_SLUR,8,HUR,LUR,2025-01-01,2025-01-03,3,TSEC,79.00996398925781,80.02954864501953,80.00428771972656,79.77749633789062,80.10762023925781
M8_YHUR_SLUR,8,HUR,LUR,2025-01-02,2025-01-02,1,Yd,1231.640380859375,1196.9761962890625,1191.181396484375,1204.9930419921875,1196.79833984375
M8_YHUR_SLUR,8,HUR,LUR,2025-01-02,2025-01-02,1,TSE,1212.009033203125,1198.5927734375,1200.3968505859375,1200.563232421875,1198.7547607421875
M8_YHUR_SLUR,8,HUR,LUR,2025-01-02,2025-01-02,1,TSEC,80.28829193115234,80.02967834472656,80.01791381835938,80.12554168701172,80.07097625732422
M8_YHUR_SLUR,8,HUR,LUR,2025-01-02,2025-01-03,2,Yd,983.4874267578125,1196.9761962890625,1196.55712890625,1177.3511962890625,1196.732666015625
M8_YHUR_SLUR,8,HUR,LUR,2025-01-02,2025-01-03,2,TSE,1197.8448486328125,1198.5927734375,1195.359619140625,1202.0528564453125,1198.8017578125
M8_YHUR_SLUR,8,HUR,LUR,2025-01-02,2025-01-03,2,TSEC,79.00996398925781,80.02967834472656,79.99198913574219,80.01025390625,80.08982849121094
M8_YHUR_SLUR,8,HUR,LUR,2025-01-02,2025-01-04,3,Yd,1139.7596435546875,1196.9761962890625,1197.0023193359375,1197.13134765625,1196.1478271484375
M8_YHUR_SLUR,8,HUR,LUR,2025-01-02,2025-01-04,3,TSE,1176.366943359375,1198.5927734375,1200.99365234375,1202.134521484375,1198.73828125
M8_YHUR_SLUR,8,HUR,LUR,2025-01-02,2025-01-04,3,TSEC,80.26475524902344,80.02967834472656,80.0104751586914,79.91522979736328,80.09427642822266
M8_YHUR_SLUR,8,HUR,LUR,2025-01-03,2025-01-03,1,Yd,983.4874267578125,1197.0234375,1196.166015625,1182.8538818359375,1194.9124755859375
M8_YHUR_SLUR,8,HUR,LUR,2025-01-03,2025-01-03,1,TSE,1197.8448486328125,1198.6112060546875,1196.2623291015625,1199.6072998046875,1198.6424560546875
M8_YHUR_SLUR,8,HUR,LUR,2025-01-03,2025-01-03,1,TSEC,79.00996398925781,80.03003692626953,80.00885009765625,80.2717056274414,80.06394958496094
M8_YHUR_SLUR,8,HUR,LUR,2025-01-03,2025-01-04,2,Yd,1139.7596435546875,1197.0234375,1197.653076171875,1169.9024658203125,1193.27880859375
M8_YHUR_SLUR,8,HUR,LUR,2025-01-03,2025-01-04,2,TSE,1176.366943359375,1198.6112060546875,1200.8468017578125,1201.30859375,1198.4989013671875
M8_YHUR_SLUR,8,HUR,LUR,2025-01-03,2025-01-04,2,TSEC,80.26475524902344,80.03003692626953,80.01761627197266,80.01610565185547,80.07715606689453
M8_YHUR_SLUR,8,HUR,LUR,2025-01-03,2025-01-05,3,Yd,1228.93115234375,1197.0234375,1194.0726318359375,1184.189697265625,1194.1990966796875
M8_YHUR_SLUR,8,HUR,LUR,2025-01-03,2025-01-05,3,TSE,1199.84765625,1198.6112060546875,1200.0050048828125,1201.66650390625,1198.377685546875
M8_YHUR_SLUR,8,HUR,LUR,2025-01-03,2025-01-05,3,TSEC,79.83411407470703,80.03003692626953,79.8702163696289,79.9174575805664,80.08757781982422
M8_YHUR_SLUR,8,HUR,LUR,2025-01-04,2025-01-04,1,Yd,1139.7596435546875,1196.7325439453125,1198.3172607421875,1197.864013671875,1194.229248046875
M8_YHUR_SLUR,8,HUR,LUR,2025-01-04,2025-01-04,1,TSE,1176.366943359375,1198.610107421875,1200.4937744140625,1198.3123779296875,1198.6297607421875
M8_YHUR_SLUR,8,HUR,LUR,2025-01-04,2025-01-04,1,TSEC,80.26475524902344,80.02864074707031,79.99028015136719,80.0178451538086,80.06037902832031
M8_YHUR_SLUR,8,HUR,LUR,2025-01-04,2025-01-05,2,Yd,1228.93115234375,1196.7325439453125,1181.898193359375,1203.8614501953125,1195.1551513671875
M8_YHUR_SLUR,8,HUR,LUR,2025-01-04,2025-01-05,2,TSE,1199.84765625,1198.610107421875,1199.4859619140625,1200.674072265625,1198.4920654296875
M8_YHUR_SLUR,8,HUR,LUR,2025-01-04,2025-01-05,2,TSEC,79.83411407470703,80.02864074707031,79.87091827392578,79.93650817871094,80.07617950439453
M8_YHUR_SLUR,8,HUR,LUR,2025-01-04,2025-01-06,3,Yd,1082.6075439453125,1196.7325439453125,1186.3983154296875,1242.4102783203125,1197.5828857421875
M8_YHUR_SLUR,8,HUR,LUR,2025-01-04,2025-01-06,3,TSE,1187.869384765625,1198.610107421875,1201.3616943359375,1201.9688720703125,1198.527587890625
M8_YHUR_SLUR,8,HUR,LUR,2025-01-04,2025-01-06,3,TSEC,80.49210357666016,80.02864074707031,80.05016326904297,79.99111938476562,80.07433319091797
M8_YHUR_SLUR,8,HUR,LUR,2025-01-05,2025-01-05,1,Yd,1228.93115234375,1196.655029296875,1190.473876953125,1198.982177734375,1196.5093994140625
M8_YHUR_SLUR,8,HUR,LUR,2025-01-05,2025-01-05,1,TSE,1199.84765625,1198.579833984375,1202.369873046875,1198.522216796875,1198.6572265625
M8_YHUR_SLUR,8,HUR,LUR,2025-01-05,2025-01-05,1,TSEC,79.83411407470703,80.02896118164062,79.8830795288086,79.93859100341797,80.06353759765625
M8_YHUR_SLUR,8,HUR,LUR,2025-01-05,2025-01-06,2,Yd,1082.6075439453125,1196.655029296875,1176.9688720703125,1212.8040771484375,1199.12255859375
M8_YHUR_SLUR,8,HUR,LUR,2025-01-05,2025-01-06,2,TSE,1187.869384765625,1198.579833984375,1201.39599609375,1202.294677734375,1198.715087890625
M8_YHUR_SLUR,8,HUR,LUR,2025-01-05,2025-01-06,2,TSEC,80.49210357666016,80.02896118164062,80.05189514160156,79.86597442626953,80.07319641113281
M8_YHUR_SLUR,8,HUR,LUR,2025-01-05,2025-01-07,3,Yd,1310.4300537109375,1196.655029296875,1202.4407958984375,1219.7384033203125,1201.82958984375
M8_YHUR_SLUR,8,HUR,LUR,2025-01-05,2025-01-07,3,TSE,1178.2176513671875,1198.579833984375,1196.4122314453125,1197.855224609375,1198.8194580078125
M8_YHUR_SLUR,8,HUR,LUR,2025-01-05,2025-01-07,3,TSEC,79.70217895507812,80.02896118164062,79.88355255126953,79.98262786865234,80.08238983154297
M8_YHUR_SLUR,8,HUR,LUR,2025-01-06,2025-01-06,1,Yd,1082.6075439453125,1196.6988525390625,1205.2249755859375,1180.4879150390625,1198.8499755859375
M8_YHUR_SLUR,8,HUR,LUR,2025-01-06,2025-01-06,1,TSE,1187.869384765625,1198.5816650390625,1198.738037109375,1198.8587646484375,1198.7506103515625
M8_YHUR_SLUR,8,HUR,LUR,2025-01-06,2025-01-06,1,TSEC,80.49210357666016,80.02870178222656,80.03546142578125,80.0594253540039,80.06549072265625
M8_YHUR_SLUR,8,HUR,LUR,2025-01-06,2025-01-07,2,Yd,1310.4300537109375,1196.6988525390625,1187.2635498046875,1204.197509765625,1200.840087890625
M8_YHUR_SLUR,8,HUR,LUR,2025-01-06,2025-01-07,2,TSE,1178.2176513671875,1198.5816650390625,1196.9478759765625,1198.815673828125,1198.8741455078125
M8_YHUR_SLUR,8,HUR,LUR,2025-01-06,2025-01-07,2,TSEC,79.70217895507812,80.02870178222656,79.86772155761719,80.10018920898438,80.0742416381836
M8_YHUR_SLUR,8,HUR,LUR,2025-01-06,2025-01-08,3,Yd,1141.6116943359375,1196.6988525390625,1199.5294189453125,1192.956787109375,1200.4404296875
M8_YHUR_SLUR,8,HUR,LUR,2025-01-06,2025-01-08,3,TSE,1189.093505859375,1198.5816650390625,1197.3939208984375,1196.0537109375,1199.0404052734375
M8_YHUR_SLUR,8,HUR,LUR,2025-01-06,2025-01-08,3,TSEC,82.49724578857422,80.02870178222656,79.88518524169922,80.033935546875,80.08039855957031
M8_YHUR_SLUR,8,HUR,LUR,2025-01-07,2025-01-07,1,Yd,1310.4300537109375,1196.5440673828125,1186.764892578125,1207.4678955078125,1199.337890625
M8_YHUR_SLUR,8,HUR,LUR,2025-01-07,2025-01-07,1,TSE,1178.2176513671875,1198.5670166015625,1199.3057861328125,1200.4647216796875,1198.8526611328125
M8_YHUR_SLUR,8,HUR,LUR,2025-01-07,2025-01-07,1,TSEC,79.70217895507812,80.02933502197266,79.88499450683594,80.06287384033203,80.06775665283203
M8_YHUR_SLUR,8,HUR,LUR,2025-01-07,2025-01-08,2,Yd,1141.6116943359375,1196.5440673828125,1198.110107421875,1195.325439453125,1199.8853759765625
M8_YHUR_SLUR,8,HUR,LUR,2025-01-07,2025-01-08,2,TSE,1189.093505859375,1198.5670166015625,1196.032958984375,1200.803955078125,1199.1055908203125
M8_YHUR_SLUR,8,HUR,LUR,2025-01-07,2025-01-08,2,TSEC,82.49724578857422,80.02933502197266,79.89158630371094,79.88323974609375,80.0782241821289
M8_YHUR_SLUR,8,HUR,LUR,2025-01-07,2025-01-09,3,Yd,1012.982666015625,1196.5440673828125,1185.6846923828125,1215.709716796875,1199.8680419921875
M8_YHUR_SLUR,8,HUR,LUR,2025-01-07,2025-01-09,3,TSE,1189.919921875,1198.5670166015625,1199.7305908203125,1202.3592529296875,1199.2689208984375
M8_YHUR_SLUR,8,HUR,LUR,2025-01-07,2025-01-09,3,TSEC,79.72663879394531,80.02933502197266,80.01184844970703,79.86377716064453,80.09408569335938
M8_YHUR_SLUR,8,HUR,LUR,2025-01-08,2025-01-08,1,Yd,1141.6116943359375,1196.6983642578125,1185.5098876953125,1204.1199951171875,1198.485595703125
M8_YHUR_SLUR,8,HUR,LUR,2025-01-08,2025-01-08,1,TSE,1189.093505859375,1198.5394287109375,1197.1885986328125,1202.1649169921875,1198.9219970703125
M8_YHUR_SLUR,8,HUR,LUR,2025-01-08,2025-01-08,1,TSEC,82.49724578857422,80.02889251708984,79.91915130615234,80.22728729248047,80.06497955322266
M8_YHUR_SLUR,8,HUR,LUR,2025-01-08,2025-01-09,2,Yd,1012.982666015625,1196.6983642578125,1213.2353515625,1213.0882568359375,1199.6968994140625
M8_YHUR_SLUR,8,HUR,LUR,2025-01-08,2025-01-09,2,TSE,1189.919921875,1198.5394287109375,1197.84423828125,1204.03076171875,1199.18505859375
M8_YHUR_SLUR,8,HUR,LUR,2025-01-08,2025-01-09,2,TSEC,79.72663879394531,80.02889251708984,80.02009582519531,79.87744903564453,80.08148956298828
M8_YHUR_SLUR,8,HUR,LUR,2025-01-08,2025-01-10,3,Yd,1370.31689453125,1196.6983642578125,1185.0377197265625,1208.4371337890625,1199.981689453125
M8_YHUR_SLUR,8,HUR,LUR,2025-01-08,2025-01-10,3,TSE,1182.8504638671875,1198.5394287109375,1196.8216552734375,1205.034912109375,1199.293212890625
M8_YHUR_SLUR,8,HUR,LUR,2025-01-08,2025-01-10,3,TSEC,78.8555679321289,80.02889251708984,79.98955535888672,79.8182373046875,80.098876953125
M8_YHUR_SLUR,8,HUR,LUR,2025-01-09,2025-01-09,1,Yd,1012.982666015625,1196.623779296875,1212.993408203125,1177.9471435546875,1197.719482421875
M8_YHUR_SLUR,8,HUR,LUR,2025-01-09,2025-01-09,1,TSE,1189.919921875,1198.5267333984375,1199.0169677734375,1199.305908203125,1198.7598876953125
M8_YHUR_SLUR,8,HUR,LUR,2025-01-09,2025-01-09,1,TSEC,79.72663879394531,80.0322265625,80.02893829345703,80.06167602539062,80.07112121582031
M8_YHUR_SLUR,8,HUR,LUR,2025-01-09,2025-01-10,2,Yd,1370.31689453125,1196.623779296875,1184.670654296875,1174.9664306640625,1197.9267578125
M8_YHUR_SLUR,8,HUR,LUR,2025-01-09,2025-01-10,2,TSE,1182.8504638671875,1198.5267333984375,1196.7056884765625,1201.2337646484375,1198.891845703125
M8_YHUR_SLUR,8,HUR,LUR,2025-01-09,2025-01-10,2,TSEC,78.8555679321289,80.0322265625,79.94779968261719,79.81857299804688,80.08789825439453
M8_YHUR_SLUR,8,HUR,LUR,2025-01-09,2025-01-11,3,Yd,1148.564453125,1196.623779296875,1195.72509765625,1169.4471435546875,1197.1673583984375
M8_YHUR_SLUR,8,HUR,LUR,2025-01-09,2025-01-11,3,TSE,1196.88916015625,1198.5267333984375,1198.298828125,1198.9019775390625,1198.8179931640625
M8_YHUR_SLUR,8,HUR,LUR,2025-01-09,2025-01-11,3,TSEC,78.55599212646484,80.0322265625,79.99612426757812,79.85232543945312,80.09878540039062
M8_YHUR_SLUR,8,HUR,LUR,2025-01-10,2025-01-10,1,Yd,1370.31689453125,1196.375732421875,1181.7039794921875,1203.77978515625,1196.389892578125
M8_YHUR_SLUR,8,HUR,LUR,2025-01-10,2025-01-10,1,TSE,1182.8504638671875,1198.5150146484375,1195.3887939453125,1200.017822265625,1198.8343505859375
M8_YHUR_SLUR,8,HUR,LUR,2025-01-10,2025-01-10,1,TSEC,78.8555679321289,80.03181457519531,79.98124694824219,80.20768737792969,80.05934143066406
M8_YHUR_SLUR,8,HUR,LUR,2025-01-10,2025-01-11,2,Yd,1148.564453125,1196.375732421875,1188.633056640625,1198.6802978515625,1196.295654296875
M8_YHUR_SLUR,8,HUR,LUR,2025-01-10,2025-01-11,2,TSE,1196.88916015625,1198.5150146484375,1197.49560546875,1201.916748046875,1198.8602294921875
M8_YHUR_SLUR,8,HUR,LUR,2025-01-10,2025-01-11,2,TSEC,78.55599212646484,80.03181457519531,80.02452850341797,79.95974731445312,80.07063293457031
M8_YHUR_SLUR,8,HUR,LUR,2025-01-10,2025-01-12,3,Yd,1240.2933349609375,1196.375732421875,1195.8355712890625,1185.3824462890625,1197.994384765625
M8_YHUR_SLUR,8,HUR,LUR,2025-01-10,2025-01-12,3,TSE,1190.4486083984375,1198.5150146484375,1201.396484375,1199.80517578125,1198.7294921875
M8_YHUR_SLUR,8,HUR,LUR,2025-01-10,2025-01-12,3,TSEC,79.3094482421875,80.03181457519531,79.86573028564453,79.99278259277344,80.07225036621094
M8_YHUR_SLUR,8,HUR,LUR,2025-01-11,2025-01-11,1,Yd,1148.564453125,1196.6104736328125,1196.4053955078125,1217.7962646484375,1195.117919921875
M8_YHUR_SLUR,8,HUR,LUR,2025-01-11,2025-01-11,1,TSE,1196.88916015625,1198.493896484375,1194.9857177734375,1201.027587890625,1198.741455078125
M8_YHUR_SLUR,8,HUR,LUR,2025-01-11,2025-01-11,1,TSEC,78.55599212646484,80.03022766113281,80.00791931152344,80.00853729248047,80.054931640625
M8_YHUR_SLUR,8,HUR,LUR,2025-01-11,2025-01-12,2,Yd,1240.2933349609375,1196.6104736328125,1192.56787109375,1206.6363525390625,1196.315185546875
M8_YHUR_SLUR,8,HUR,LUR,2025-01-11,2025-01-12,2,TSE,1190.4486083984375,1198.493896484375,1202.18115234375,1204.5928955078125,1198.7427978515625
M8_YHUR_SLUR,8,HUR,LUR,2025-01-11,2025-01-12,2,TSEC,79.3094482421875,80.03022766113281,79.86360168457031,80.17696380615234,80.0663833618164
M8_YHUR_SLUR,8,HUR,LUR,2025-01-11,2025-01-13,3,Yd,1239.0289306640625,1196.6104736328125,1174.9193115234375,1191.99072265625,1200.3197021484375
M8_YHUR_SLUR,8,HUR,LUR,2025-01-11,2025-01-13,3,TSE,1206.0634765625,1198.493896484375,1197.27880859375,1203.1138916015625,1198.7974853515625
M8_YHUR_SLUR,8,HUR,LUR,2025-01-11,2025-01-13,3,TSEC,81.01380920410156,80.03022766113281,80.0621566772461,80.16020965576172,80.07637023925781
M8_YHUR_SLUR,8,HUR,LUR,2025-01-12,2025-01-12,1,Yd,1240.2933349609375,1196.545654296875,1191.5869140625,1195.4071044921875,1197.13623046875
M8_YHUR_SLUR,8,HUR,LUR,2025-01-12,2025-01-12,1,TSE,1190.4486083984375,1198.49169921875,1201.870361328125,1196.462890625,1198.6961669921875
M8_YHUR_SLUR,8,HUR,LUR,2025-01-12,2025-01-12,1,TSEC,79.3094482421875,80.02823638916016,79.85345458984375,80.03136444091797,80.05889892578125
M8_YHUR_SLUR,8,HUR,LUR,2025-01-12,2025-01-13,2,Yd,1239.0289306640625,1196.545654296875,1203.591552734375,1219.5242919921875,1200.031005859375
M8_YHUR_SLUR,8,HUR,LUR,2025-01-12,2025-01-13,2,TSE,1206.0634765625,1198.49169921875,1197.264892578125,1197.6641845703125,1198.8701171875
M8_YHUR_SLUR,8,HUR,LUR,2025-01-12,2025-01-13,2,TSEC,81.01380920410156,80.02823638916016,80.05621337890625,79.99340057373047,80.06748962402344
M8_YHUR_SLUR,8,HUR,LUR,2025-01-12,2025-01-14,3,Yd,1418.610107421875,1196.545654296875,1185.550048828125,1237.4232177734375,1201.7852783203125
M8_YHUR_SLUR,8,HUR,LUR,2025-01-12,2025-01-14,3,TSE,1194.32177734375,1198.49169921875,1195.83837890625,1202.072265625,1198.98095703125
M8_YHUR_SLUR,8,HUR,LUR,2025-01-12,2025-01-14,3,TSEC,79.92044067382812,80.02823638916016,79.88257598876953,80.06842803955078,80.06832885742188
M8_YHUR_SLUR,8,HUR,LUR,2025-01-13,2025-01-13,1,Yd,1239.0289306640625,1196.6046142578125,1206.1766357421875,1188.94287109375,1198.583251953125
M8_YHUR_SLUR,8,HUR,LUR,2025-01-13,2025-01-13,1,TSE,1206.0634765625,1198.48095703125,1201.0439453125,1196.2489013671875,1198.7958984375
M8_YHUR_SLUR,8,HUR,LUR,2025-01-13,2025-01-13,1,TSEC,81.01380920410156,80.02727508544922,80.10114288330078,80.16024780273438,80.05774688720703
M8_YHUR_SLUR,8,HUR,LUR,2025-01-13,2025-01-14,2,Yd,1418.610107421875,1196.6046142578125,1184.9315185546875,1183.3712158203125,1200.369873046875
M8_YHUR_SLUR,8,HUR,LUR,2025-01-13,2025-01-14,2,TSE,1194.32177734375,1198.48095703125,1194.0498046875,1198.6785888671875,1198.9989013671875
M8_YHUR_SLUR,8,HUR,LUR,2025-01-13,2025-01-14,2,TSEC,79.92044067382812,80.02727508544922,79.87413787841797,79.95760345458984,80.05952453613281
M8_YHUR_SLUR,8,HUR,LUR,2025-01-13,2025-01-15,3,Yd,1219.5828857421875,1196.6046142578125,1199.4791259765625,1197.447998046875,1201.658935546875
M8_YHUR_SLUR,8,HUR,LUR,2025-01-13,2025-01-15,3,TSE,1181.6480712890625,1198.48095703125,1197.5277099609375,1198.8782958984375,1199.232177734375
M8_YHUR_SLUR,8,HUR,LUR,2025-01-13,2025-01-15,3,TSEC,80.49398803710938,80.02727508544922,79.94213104248047,79.95822143554688,80.0665283203125
M8_YHUR_SLUR,8,HUR,LUR,2025-01-14,2025-01-14,1,Yd,1418.610107421875,1196.66162109375,1198.4857177734375,1192.8094482421875,1199.0408935546875
M8_YHUR_SLUR,8,HUR,LUR,2025-01-14,2025-01-14,1,TSE,1194.32177734375,1198.4910888671875,1194.77734375,1200.4622802734375,1198.7991943359375
M8_YHUR_SLUR,8,HUR,LUR,2025-01-14,2025-01-14,1,TSEC,79.92044067382812,80.02860260009766,79.88835144042969,80.19188690185547,80.06609344482422
M8_YHUR_SLUR,8,HUR,LUR,2025-01-14,2025-01-15,2,Yd,1219.5828857421875,1196.66162109375,1191.7230224609375,1197.6148681640625,1199.560791015625
M8_YHUR_SLUR,8,HUR,LUR,2025-01-14,2025-01-15,2,TSE,1181.6480712890625,1198.4910888671875,1197.480712890625,1201.5174560546875,1198.9483642578125
M8_YHUR_SLUR,8,HUR,LUR,2025-01-14,2025-01-15,2,TSEC,80.49398803710938,80.02860260009766,79.93841552734375,79.85202026367188,80.07543182373047
M8_YHUR_SLUR,8,HUR,LUR,2025-01-14,2025-01-16,3,Yd,1098.6324462890625,1196.66162109375,1186.04150390625,1218.49462890625,1199.896484375
M8_YHUR_SLUR,8,HUR,LUR,2025-01-14,2025-01-16,3,TSE,1193.5479736328125,1198.4910888671875,1196.373779296875,1201.7681884765625,1199.054443359375
M8_YHUR_SLUR,8,HUR,LUR,2025-01-14,2025-01-16,3,TSEC,79.876953125,80.02860260009766,80.01512908935547,79.76387023925781,80.09203338623047
M8_YHUR_SLUR,8,HUR,LUR,2025-01-15,2025-01-15,1,Yd,1219.5828857421875,1196.9595947265625,1186.4129638671875,1193.1572265625,1198.1995849609375
M8_YHUR_SLUR,8,HUR,LUR,2025-01-15,2025-01-15,1,TSE,1181.6480712890625,1198.485595703125,1197.857177734375,1201.2135009765625,1198.7523193359375
M8_YHUR_SLUR,8,HUR,LUR,2025-01-15,2025-01-15,1,TSEC,80.49398803710938,80.02845764160156,79.91342163085938,80.2723617553711,80.0678482055664
M8_YHUR_SLUR,8,HUR,LUR,2025-01-15,2025-01-16,2,Yd,1098.6324462890625,1196.9595947265625,1209.188232421875,1193.351318359375,1198.5421142578125
M8_YHUR_SLUR,8,HUR,LUR,2025-01-15,2025-01-16,2,TSE,1193.5479736328125,1198.485595703125,1196.50634765625,1200.330322265625,1198.8018798828125
M8_YHUR_SLUR,8,HUR,LUR,2025-01-15,2025-01-16,2,TSEC,79.876953125,80.02845764160156,80.01467895507812,79.82546997070312,80.0863037109375
M8_YHUR_SLUR,8,HUR,LUR,2025-01-15,2025-01-17,3,Yd,1161.4422607421875,1196.9595947265625,1192.2974853515625,1191.8011474609375,1198.7630615234375
M8_YHUR_SLUR,8,HUR,LUR,2025-01-15,2025-01-17,3,TSE,1205.66796875,1198.485595703125,1195.7066650390625,1201.0743408203125,1198.7735595703125
M8_YHUR_SLUR,8,HUR,LUR,2025-01-15,2025-01-17,3,TSEC,80.04656982421875,80.02845764160156,79.95640563964844,79.99237060546875,80.10395050048828
M8_YHUR_SLUR,8,HUR,LUR,2025-01-16,2025-01-16,1,Yd,1098.6324462890625,1196.98974609375,1196.5963134765625,1199.490478515625,1197.7608642578125
M8_YHUR_SLUR,8,HUR,LUR,2025-01-16,2025-01-16,1,TSE,1193.5479736328125,1198.4630126953125,1196.570068359375,1203.1014404296875,1198.6920166015625
M8_YHUR_SLUR,8,HUR,LUR,2025-01-16,2025-01-16,1,TSEC,79.876953125,80.02908325195312,80.02911376953125,80.2147445678711,80.07147979736328
M8_YHUR_SLUR,8,HUR,LUR,2025-01-16,2025-01-17,2,Yd,1161.4422607421875,1196.98974609375,1190.262451171875,1218.0419921875,1198.47314453125
M8_YHUR_SLUR,8,HUR,LUR,2025-01-16,2025-01-17,2,TSE,1205.66796875,1198.4630126953125,1195.30029296875,1206.0830078125,1198.7156982421875
M8_YHUR_SLUR,8,HUR,LUR,2025-01-16,2025-01-17,2,TSEC,80.04656982421875,80.02908325195312,79.92977142333984,79.86688995361328,80.08934020996094
M8_YHUR_SLUR,8,HUR,LUR,2025-01-16,2025-01-18,3,Yd,1352.673583984375,1196.98974609375,1206.734375,1229.18212890625,1197.9449462890625
M8_YHUR_SLUR,8,HUR,LUR,2025-01-16,2025-01-18,3,TSE,1210.211181640625,1198.4630126953125,1197.8721923828125,1205.995849609375,1198.624755859375
M8_YHUR_SLUR,8,HUR,LUR,2025-01-16,2025-01-18,3,TSEC,81.34256744384766,80.02908325195312,80.0300521850586,79.97932434082031,80.10252380371094
M8_YHUR_SLUR,8,HUR,LUR,2025-01-17,2025-01-17,1,Yd,1161.4422607421875,1196.858154296875,1197.0972900390625,1203.5506591796875,1196.418701171875
M8_YHUR_SLUR,8,HUR,LUR,2025-01-17,2025-01-17,1,TSE,1205.66796875,1198.456298828125,1195.08544921875,1199.0225830078125,1198.72314453125
M8_YHUR_SLUR,8,HUR,LUR,2025-01-17,2025-01-17,1,TSEC,80.04656982421875,80.02887725830078,79.88589477539062,80.16973876953125,80.06124114990234
M8_YHUR_SLUR,8,HUR,LUR,2025-01-17,2025-01-18,2,Yd,1352.673583984375,1196.858154296875,1197.7158203125,1199.2734375,1196.247314453125
M8_YHUR_SLUR,8,HUR,LUR,2025-01-17,2025-01-18,2,TSE,1210.211181640625,1198.456298828125,1197.5172119140625,1201.031982421875,1198.6568603515625
M8_YHUR_SLUR,8,HUR,LUR,2025-01-17,2025-01-18,2,TSEC,81.34256744384766,80.02887725830078,80.0436782836914,80.32113647460938,80.0763168334961
M8_YHUR_SLUR,8,HUR,LUR,2025-01-17,2025-01-19,3,Yd,1265.444091796875,1196.858154296875,1192.8404541015625,1215.416748046875,1197.9293212890625
M8_YHUR_SLUR,8,HUR,LUR,2025-01-17,2025-01-19,3,TSE,1193.8233642578125,1198.456298828125,1200.857177734375,1199.9932861328125,1198.6212158203125
M8_YHUR_SLUR,8,HUR,LUR,2025-01-17,2025-01-19,3,TSEC,81.32794189453125,80.02887725830078,79.90115356445312,80.28893280029297,80.08897399902344
M8_YHUR_SLUR,8,HUR,LUR,2025-01-18,2025-01-18,1,Yd,1352.673583984375,1196.810791015625,1198.1451416015625,1179.48388671875,1194.94580078125
M8_YHUR_SLUR,8,HUR,LUR,2025-01-18,2025-01-18,1,TSE,1210.211181640625,1198.466064453125,1198.6109619140625,1197.9207763671875,1198.621337890625
M8_YHUR_SLUR,8,HUR,LUR,2025-01-18,2025-01-18,1,TSEC,81.34256744384766,80.02890014648438,80.05437469482422,79.8697280883789,80.05854034423828
M8_YHUR_SLUR,8,HUR,LUR,2025-01-18,2025-01-19,2,Yd,1265.444091796875,1196.810791015625,1192.5328369140625,1184.311767578125,1196.6201171875
M8_YHUR_SLUR,8,HUR,LUR,2025-01-18,2025-01-19,2,TSE,1193.8233642578125,1198.466064453125,1198.0660400390625,1200.095458984375,1198.64453125
M8_YHUR_SLUR,8,HUR,LUR,2025-01-18,2025-01-19,2,TSEC,81.32794189453125,80.02890014648438,79.90911865234375,79.82679748535156,80.07271575927734
M8_YHUR_SLUR,8,HUR,LUR,2025-01-18,2025-01-20,3,Yd,950.3554077148438,1196.810791015625,1214.2274169921875,1179.5198974609375,1200.314697265625
M8_YHUR_SLUR,8,HUR,LUR,2025-01-18,2025-01-20,3,TSE,1197.448486328125,1198.466064453125,1200.0804443359375,1198.15625,1198.659423828125
M8_YHUR_SLUR,8,HUR,LUR,2025-01-18,2025-01-20,3,TSEC,80.01386260986328,80.02890014648438,80.10391998291016,79.90153503417969,80.08094787597656
M8_YHUR_SLUR,8,HUR,LUR,2025-01-19,2025-01-19,1,Yd,1265.444091796875,1197.018798828125,1193.4613037109375,1188.87646484375,1196.6448974609375
M8_YHUR_SLUR,8,HUR,LUR,2025-01-19,2025-01-19,1,TSE,1193.8233642578125,1198.481689453125,1200.983154296875,1200.0662841796875,1198.6834716796875
M8_YHUR_SLUR,8,HUR,LUR,2025-01-19,2025-01-19,1,TSEC,81.32794189453125,80.03065490722656,79.86199188232422,80.07386779785156,80.06856536865234
M8_YHUR_SLUR,8,HUR,LUR,2025-01-19,2025-01-20,2,Yd,950.3554077148438,1197.018798828125,1210.562255859375,1169.606201171875,1199.5928955078125
M8_YHUR_SLUR,8,HUR,LUR,2025-01-19,2025-01-20,2,TSE,1197.448486328125,1198.481689453125,1200.6492919921875,1204.3502197265625,1198.771484375
M8_YHUR_SLUR,8,HUR,LUR,2025-01-19,2025-01-20,2,TSEC,80.01386260986328,80.03065490722656,80.03911590576172,79.95286560058594,80.08451843261719
M8_YHUR_SLUR,8,HUR,LUR,2025-01-19,2025-01-21,3,Yd,1226.42724609375,1197.018798828125,1182.37646484375,1196.2164306640625,1201.28076171875
M8_YHUR_SLUR,8,HUR,LUR,2025-01-19,2025-01-21,3,TSE,1198.82763671875,1198.481689453125,1194.3880615234375,1207.34814453125,1198.76611328125
M8_YHUR_SLUR,8,HUR,LUR,2025-01-19,2025-01-21,3,TSEC,79.70824432373047,80.03065490722656,79.85480499267578,79.90008544921875,80.10047912597656
M8_YHUR_SLUR,8,HUR,LUR,2025-01-20,2025-01-20,1,Yd,950.3554077148438,1197.110107421875,1199.0225830078125,1204.9052734375,1199.5582275390625
M8_YHUR_SLUR,8,HUR,LUR,2025-01-20,2025-01-20,1,TSE,1197.448486328125,1198.4754638671875,1199.7591552734375,1200.3568115234375,1198.7476806640625
M8_YHUR_SLUR,8,HUR,LUR,2025-01-20,2025-01-20,1,TSEC,80.01386260986328,80.03238677978516,80.10688781738281,80.13642883300781,80.0743637084961
M8_YHUR_SLUR,8,HUR,LUR,2025-01-20,2025-01-21,2,Yd,1226.42724609375,1197.110107421875,1202.83154296875,1185.481689453125,1201.1063232421875
M8_YHUR_SLUR,8,HUR,LUR,2025-01-20,2025-01-21,2,TSE,1198.82763671875,1198.4754638671875,1194.2232666015625,1203.98486328125,1198.8031005859375
M8_YHUR_SLUR,8,HUR,LUR,2025-01-20,2025-01-21,2,TSEC,79.70824432373047,80.03238677978516,79.88416290283203,79.92841339111328,80.09300231933594
M8_YHUR_SLUR,8,HUR,LUR,2025-01-20,2025-01-22,3,Yd,1378.29833984375,1197.110107421875,1197.4688720703125,1217.631103515625,1201.345947265625
M8_YHUR_SLUR,8,HUR,LUR,2025-01-20,2025-01-22,3,TSE,1189.3883056640625,1198.4754638671875,1197.0220947265625,1203.5780029296875,1198.790771484375
M8_YHUR_SLUR,8,HUR,LUR,2025-01-20,2025-01-22,3,TSEC,80.95845794677734,80.03238677978516,79.95720672607422,79.96546936035156,80.10160064697266
M8_YHUR_SLUR,8,HUR,LUR,2025-01-21,2025-01-21,1,Yd,1226.42724609375,1196.7816162109375,1216.5623779296875,1233.9300537109375,1199.78515625
M8_YHUR_SLUR,8,HUR,LUR,2025-01-21,2025-01-21,1,TSE,1198.82763671875,1198.47412109375,1195.7401123046875,1202.0404052734375,1198.673583984375
M8_YHUR_SLUR,8,HUR,LUR,2025-01-21,2025-01-21,1,TSEC,79.70824432373047,80.03235626220703,79.9134292602539,80.1833267211914,80.06786346435547
M8_YHUR_SLUR,8,HUR,LUR,2025-01-21,2025-01-22,2,Yd,1378.29833984375,1196.7816162109375,1185.46728515625,1231.2161865234375,1199.9237060546875
M8_YHUR_SLUR,8,HUR,LUR,2025-01-21,2025-01-22,2,TSE,1189.3883056640625,1198.47412109375,1196.567138671875,1202.1287841796875,1198.7574462890625
M8_YHUR_SLUR,8,HUR,LUR,2025-01-21,2025-01-22,2,TSEC,80.95845794677734,80.03235626220703,79.96981048583984,80.18563079833984,80.07952880859375
M8_YHUR_SLUR,8,HUR,LUR,2025-01-21,2025-01-23,3,Yd,1213.1419677734375,1196.7816162109375,1205.68896484375,1252.7200927734375,1199.25341796875
M8_YHUR_SLUR,8,HUR,LUR,2025-01-21,2025-01-23,3,TSE,1211.3914794921875,1198.47412109375,1196.7816162109375,1202.2562255859375,1198.7503662109375
M8_YHUR_SLUR,8,HUR,LUR,2025-01-21,2025-01-23,3,TSEC,79.32738494873047,80.03235626220703,80.03607940673828,80.33525085449219,80.0978775024414
M8_YHUR_SLUR,8,HUR,LUR,2025-01-22,2025-01-22,1,Yd,1378.29833984375,1196.8209228515625,1194.2833251953125,1191.369140625,1197.978515625
M8_YHUR_SLUR,8,HUR,LUR,2025-01-22,2025-01-22,1,TSE,1189.3883056640625,1198.474609375,1196.7977294921875,1200.2181396484375,1198.6566162109375
M8_YHUR_SLUR,8,HUR,LUR,2025-01-22,2025-01-22,1,TSEC,80.95845794677734,80.03192901611328,79.93240356445312,80.2501220703125,80.07061004638672
M8_YHUR_SLUR,8,HUR,LUR,2025-01-22,2025-01-23,2,Yd,1213.1419677734375,1196.8209228515625,1196.5474853515625,1195.8267822265625,1198.0028076171875
M8_YHUR_SLUR,8,HUR,LUR,2025-01-22,2025-01-23,2,TSE,1211.3914794921875,1198.474609375,1197.248046875,1200.3382568359375,1198.6126708984375
M8_YHUR_SLUR,8,HUR,LUR,2025-01-22,2025-01-23,2,TSEC,79.32738494873047,80.03192901611328,80.00028228759766,80.4039535522461,80.09004974365234
M8_YHUR_SLUR,8,HUR,LUR,2025-01-22,2025-01-24,3,Yd,1324.5867919921875,1196.8209228515625,1194.0111083984375,1192.10205078125,1198.6231689453125
M8_YHUR_SLUR,8,HUR,LUR,2025-01-22,2025-01-24,3,TSE,1204.83203125,1198.474609375,1196.9212646484375,1198.1173095703125,1198.53125
M8_YHUR_SLUR,8,HUR,LUR,2025-01-22,2025-01-24,3,TSEC,80.54276275634766,80.03192901611328,79.96649169921875,80.16858673095703,80.11148834228516
M8_YHUR_SLUR,8,HUR,LUR,2025-01-23,2025-01-23,1,Yd,1213.1419677734375,1197.0618896484375,1193.7171630859375,1204.2291259765625,1197.386962890625
M8_YHUR_SLUR,8,HUR,LUR,2025-01-23,2025-01-23,1,TSE,1211.3914794921875,1198.4625244140625,1196.658935546875,1197.196044921875,1198.5548095703125
M8_YHUR_SLUR,8,HUR,LUR,2025-01-23,2025-01-23,1,TSEC,79.32738494873047,80.03315734863281,80.01457214355469,80.31067657470703,80.07382202148438
M8_YHUR_SLUR,8,HUR,LUR,2025-01-23,2025-01-24,2,Yd,1324.5867919921875,1197.0618896484375,1198.3681640625,1195.9327392578125,1198.3056640625
M8_YHUR_SLUR,8,HUR,LUR,2025-01-23,2025-01-24,2,TSE,1204.83203125,1198.4625244140625,1196.1705322265625,1201.3575439453125,1198.4664306640625
M8_YHUR_SLUR,8,HUR,LUR,2025-01-23,2025-01-24,2,TSEC,80.54276275634766,80.03315734863281,79.94075012207031,80.01070404052734,80.0970687866211
M8_YHUR_SLUR,8,HUR,LUR,2025-01-23,2025-01-25,3,Yd,1398.203857421875,1197.0618896484375,1192.3187255859375,1196.9669189453125,1198.4022216796875
M8_YHUR_SLUR,8,HUR,LUR,2025-01-23,2025-01-25,3,TSE,1196.4744873046875,1198.4625244140625,1197.3355712890625,1200.4910888671875,1198.389404296875
M8_YHUR_SLUR,8,HUR,LUR,2025-01-23,2025-01-25,3,TSEC,79.11644744873047,80.03315734863281,80.00235748291016,79.83499145507812,80.11490631103516
M8_YHUR_SLUR,8,HUR,LUR,2025-01-24,2025-01-24,1,Yd,1324.5867919921875,1197.083251953125,1191.116455078125,1183.9039306640625,1196.454833984375
M8_YHUR_SLUR,8,HUR,LUR,2025-01-24,2025-01-24,1,TSE,1204.83203125,1198.479736328125,1198.8248291015625,1200.1171875,1198.462646484375
M8_YHUR_SLUR,8,HUR,LUR,2025-01-24,2025-01-24,1,TSEC,80.54276275634766,80.0322265625,79.93260192871094,80.2521743774414,80.06827545166016
M8_YHUR_SLUR,8,HUR,LUR,2025-01-24,2025-01-25,2,Yd,1398.203857421875,1197.083251953125,1202.3837890625,1176.3363037109375,1197.1983642578125
M8_YHUR_SLUR,8,HUR,LUR,2025-01-24,2025-01-25,2,TSE,1196.4744873046875,1198.479736328125,1195.9635009765625,1199.7686767578125,1198.3948974609375
M8_YHUR_SLUR,8,HUR,LUR,2025-01-24,2025-01-25,2,TSEC,79.11644744873047,80.0322265625,80.01476287841797,79.92410278320312,80.08580017089844
M8_YHUR_SLUR,8,HUR,LUR,2025-01-24,2025-01-26,3,Yd,1086.92822265625,1197.083251953125,1198.27197265625,1198.307861328125,1198.857177734375
M8_YHUR_SLUR,8,HUR,LUR,2025-01-24,2025-01-26,3,TSE,1187.732421875,1198.479736328125,1200.5755615234375,1199.6221923828125,1198.4422607421875
M8_YHUR_SLUR,8,HUR,LUR,2025-01-24,2025-01-26,3,TSEC,79.69599914550781,80.0322265625,79.85948944091797,79.99223327636719,80.0940933227539
M8_YHUR_SLUR,8,HUR,LUR,2025-01-25,2025-01-25,1,Yd,1398.203857421875,1197.252197265625,1199.3746337890625,1185.52734375,1195.300048828125
M8_YHUR_SLUR,8,HUR,LUR,2025-01-25,2025-01-25,1,TSE,1196.4744873046875,1198.488037109375,1198.9918212890625,1197.7557373046875,1198.51123046875
M8_YHUR_SLUR,8,HUR,LUR,2025-01-25,2025-01-25,1,TSEC,79.11644744873047,80.03289794921875,80.0102310180664,80.08783721923828,80.06643676757812
M8_YHUR_SLUR,8,HUR,LUR,2025-01-25,2025-01-26,2,Yd,1086.92822265625,1197.252197265625,1193.4267578125,1171.8155517578125,1196.8828125
M8_YHUR_SLUR,8,HUR,LUR,2025-01-25,2025-01-26,2,TSE,1187.732421875,1198.488037109375,1200.6409912109375,1203.05126953125,1198.5565185546875
M8_YHUR_SLUR,8,HUR,LUR,2025-01-25,2025-01-26,2,TSEC,79.69599914550781,80.03289794921875,79.83548736572266,79.72225189208984,80.08184814453125
M8_YHUR_SLUR,8,HUR,LUR,2025-01-25,2025-01-27,3,Yd,1409.45458984375,1197.252197265625,1219.141357421875,1176.78955078125,1198.396240234375
M8_YHUR_SLUR,8,HUR,LUR,2025-01-25,2025-01-27,3,TSE,1191.84130859375,1198.488037109375,1201.0052490234375,1200.21826171875,1198.6246337890625
M8_YHUR_SLUR,8,HUR,LUR,2025-01-25,2025-01-27,3,TSEC,79.9012451171875,80.03289794921875,80.0534439086914,80.0085678100586,80.08346557617188
M8_YHUR_SLUR,8,HUR,LUR,2025-01-26,2025-01-26,1,Yd,1086.92822265625,1197.51806640625,1198.9365234375,1195.8966064453125,1196.2840576171875
M8_YHUR_SLUR,8,HUR,LUR,2025-01-26,2025-01-26,1,TSE,1187.732421875,1198.4854736328125,1200.7421875,1201.68115234375,1198.6396484375
M8_YHUR_SLUR,8,HUR,LUR,2025-01-26,2025-01-26,1,TSEC,79.69599914550781,80.03168487548828,79.84561920166016,80.31761169433594,80.06712341308594
M8_YHUR_SLUR,8,HUR,LUR,2025-01-26,2025-01-27,2,Yd,1409.45458984375,1197.51806640625,1241.56591796875,1204.1717529296875,1196.8826904296875
M8_YHUR_SLUR,8,HUR,LUR,2025-01-26,2025-01-27,2,TSE,1191.84130859375,1198.4854736328125,1201.0672607421875,1200.285400390625,1198.7081298828125
M8_YHUR_SLUR,8,HUR,LUR,2025-01-26,2025-01-27,2,TSEC,79.9012451171875,80.03168487548828,80.07986450195312,80.22513580322266,80.07798767089844
M8_YHUR_SLUR,8,HUR,LUR,2025-01-26,2025-01-28,3,Yd,1160.9124755859375,1197.51806640625,1179.9288330078125,1212.923583984375,1197.82080078125
M8_YHUR_SLUR,8,HUR,LUR,2025-01-26,2025-01-28,3,TSE,1210.3570556640625,1198.4854736328125,1195.382080078125,1200.9088134765625,1198.6798095703125
M8_YHUR_SLUR,8,HUR,LUR,2025-01-26,2025-01-28,3,TSEC,81.75098419189453,80.03168487548828,79.85907745361328,80.30816650390625,80.0934829711914
M8_YHUR_SLUR,8,HUR,LUR,2025-01-27,2025-01-27,1,Yd,1409.45458984375,1197.371826171875,1210.6146240234375,1223.04296875,1198.0977783203125
M8_YHUR_SLUR,8,HUR,LUR,2025-01-27,2025-01-27,1,TSE,1191.84130859375,1198.4713134765625,1197.101318359375,1200.0107421875,1198.7108154296875
M8_YHUR_SLUR,8,HUR,LUR,2025-01-27,2025-01-27,1,TSEC,79.9012451171875,80.03124237060547,80.08265686035156,80.07858276367188,80.06867980957031
M8_YHUR_SLUR,8,HUR,LUR,2025-01-27,2025-01-28,2,Yd,1160.9124755859375,1197.371826171875,1186.414794921875,1226.998779296875,1199.312255859375
M8_YHUR_SLUR,8,HUR,LUR,2025-01-27,2025-01-28,2,TSE,1210.3570556640625,1198.4713134765625,1196.4320068359375,1199.1121826171875,1198.7578125
M8_YHUR_SLUR,8,HUR,LUR,2025-01-27,2025-01-28,2,TSEC,81.75098419189453,80.03124237060547,79.897216796875,80.15077209472656,80.0792007446289
M8_YHUR_SLUR,8,HUR,LUR,2025-01-27,2025-01-29,3,Yd,1146.9388427734375,1197.371826171875,1200.4556884765625,1235.0645751953125,1199.5313720703125
M8_YHUR_SLUR,8,HUR,LUR,2025-01-27,2025-01-29,3,TSE,1229.036376953125,1198.4713134765625,1194.60107421875,1199.6016845703125,1198.77490234375
M8_YHUR_SLUR,8,HUR,LUR,2025-01-27,2025-01-29,3,TSEC,79.0720443725586,80.03124237060547,79.96429443359375,80.28406524658203,80.07927703857422
M8_YHUR_SLUR,8,HUR,LUR,2025-01-28,2025-01-28,1,Yd,1160.9124755859375,1197.6517333984375,1193.6920166015625,1194.35009765625,1198.6624755859375
M8_YHUR_SLUR,8,HUR,LUR,2025-01-28,2025-01-28,1,TSE,1210.3570556640625,1198.4625244140625,1195.277099609375,1200.5419921875,1198.73046875
M8_YHUR_SLUR,8,HUR,LUR,2025-01-28,2025-01-28,1,TSEC,81.75098419189453,80.03106689453125,79.84785461425781,80.34113311767578,80.06853485107422
M8_YHUR_SLUR,8,HUR,LUR,2025-01-28,2025-01-29,2,Yd,1146.9388427734375,1197.6517333984375,1197.3604736328125,1211.0301513671875,1198.848876953125
M8_YHUR_SLUR,8,HUR,LUR,2025-01-28,2025-01-29,2,TSE,1229.036376953125,1198.4625244140625,1196.74365234375,1201.2310791015625,1198.7852783203125
M8_YHUR_SLUR,8,HUR,LUR,2025-01-28,2025-01-29,2,TSEC,79.0720443725586,80.03106689453125,79.93460083007812,80.18594360351562,80.0757064819336
M8_YHUR_SLUR,8,HUR,LUR,2025-01-28,2025-01-30,3,Yd,1211.6610107421875,1197.6517333984375,1200.832275390625,1220.539306640625,1199.440673828125
M8_YHUR_SLUR,8,HUR,LUR,2025-01-28,2025-01-30,3,TSE,1194.87353515625,1198.4625244140625,1197.2628173828125,1200.98779296875,1198.7030029296875
M8_YHUR_SLUR,8,HUR,LUR,2025-01-28,2025-01-30,3,TSEC,80.00231170654297,80.03106689453125,79.98409271240234,80.098876953125,80.09004974365234
M8_YHUR_SLUR,8,HUR,LUR,2025-01-29,2025-01-29,1,Yd,1146.9388427734375,1197.603271484375,1204.0389404296875,1201.3924560546875,1198.885986328125
M8_YHUR_SLUR,8,HUR,LUR,2025-01-29,2025-01-29,1,TSE,1229.036376953125,1198.4781494140625,1196.3277587890625,1201.5396728515625,1198.6265869140625
M8_YHUR_SLUR,8,HUR,LUR,2025-01-29,2025-01-29,1,TSEC,79.0720443725586,80.03334045410156,79.96395874023438,80.02163696289062,80.07685089111328
M8_YHUR_SLUR,8,HUR,LUR,2025-01-29,2025-01-30,2,Yd,1211.6610107421875,1197.603271484375,1197.508056640625,1191.89404296875,1198.8199462890625
M8_YHUR_SLUR,8,HUR,LUR,2025-01-29,2025-01-30,2,TSE,1194.87353515625,1198.4781494140625,1197.3497314453125,1199.9332275390625,1198.5882568359375
M8_YHUR_SLUR,8,HUR,LUR,2025-01-29,2025-01-30,2,TSEC,80.00231170654297,80.03334045410156,79.98747253417969,79.96226501464844,80.095703125
M8_YHUR_SLUR,8,HUR,LUR,2025-01-29,2025-01-31,3,Yd,985.3140869140625,1197.603271484375,1203.1373291015625,1204.9635009765625,1199.953125
M8_YHUR_SLUR,8,HUR,LUR,2025-01-29,2025-01-31,3,TSE,1214.9049072265625,1198.4781494140625,1196.95166015625,1200.6761474609375,1198.5250244140625
M8_YHUR_SLUR,8,HUR,LUR,2025-01-29,2025-01-31,3,TSEC,79.13609313964844,80.03334045410156,79.97285461425781,79.74726867675781,80.12040710449219
M8_YHUR_SLUR,8,HUR,LUR,2025-01-30,2025-01-30,1,Yd,1211.6610107421875,1197.53662109375,1194.1943359375,1194.5467529296875,1197.9337158203125
M8_YHUR_SLUR,8,HUR,LUR,2025-01-30,2025-01-30,1,TSE,1194.87353515625,1198.518310546875,1200.583251953125,1201.198974609375,1198.4853515625
M8_YHUR_SLUR,8,HUR,LUR,2025-01-30,2025-01-30,1,TSEC,80.00231170654297,80.03207397460938,79.99864959716797,80.18677520751953,80.0713882446289
M8_YHUR_SLUR,8,HUR,LUR,2025-01-30,2025-01-31,2,Yd,985.3140869140625,1197.53662109375,1201.7191162109375,1181.872802734375,1199.1102294921875
M8_YHUR_SLUR,8,HUR,LUR,2025-01-30,2025-01-31,2,TSE,1214.9049072265625,1198.518310546875,1195.38623046875,1196.3536376953125,1198.3912353515625
M8_YHUR_SLUR,8,HUR,LUR,2025-01-30,2025-01-31,2,TSEC,79.13609313964844,80.03207397460938,79.99797058105469,79.92339324951172,80.09355926513672
M8_YHUR_SLUR,8,HUR,LUR,2025-01-30,2025-02-01,3,Yd,1018.1182861328125,1197.53662109375,1191.0921630859375,1204.5916748046875,1200.2542724609375
M8_YHUR_SLUR,8,HUR,LUR,2025-01-30,2025-02-01,3,TSE,1200.857177734375,1198.518310546875,1199.965087890625,1199.287841796875,1198.348388671875
M8_YHUR_SLUR,8,HUR,LUR,2025-01-30,2025-02-01,3,TSEC,79.70831298828125,80.03207397460938,80.00616455078125,79.96987915039062,80.10163879394531
M8_YHUR_SLUR,8,HUR,LUR,2025-01-31,2025-01-31,1,Yd,985.3140869140625,1197.55517578125,1199.427734375,1225.216796875,1196.9932861328125
M8_YHUR_SLUR,8,HUR,LUR,2025-01-31,2025-01-31,1,TSE,1214.9049072265625,1198.5135498046875,1195.79833984375,1199.1214599609375,1198.447265625
M8_YHUR_SLUR,8,HUR,LUR,2025-01-31,2025-01-31,1,TSEC,79.13609313964844,80.03202819824219,79.9555435180664,80.05772399902344,80.06904602050781
M8_YHUR_SLUR,8,HUR,LUR,2025-01-31,2025-02-01,2,Yd,1018.1182861328125,1197.55517578125,1194.453857421875,1192.3131103515625,1197.994873046875
M8_YHUR_SLUR,8,HUR,LUR,2025-01-31,2025-02-01,2,TSE,1200.857177734375,1198.5135498046875,1198.0655517578125,1201.22119140625,1198.3741455078125
M8_YHUR_SLUR,8,HUR,LUR,2025-01-31,2025-02-01,2,TSEC,79.70831298828125,80.03202819824219,79.87627410888672,80.07335662841797,80.08531188964844
M8_YHUR_SLUR,8,HUR,LUR,2025-01-31,2025-02-02,3,Yd,1117.193115234375,1197.55517578125,1198.16015625,1191.58203125,1199.9654541015625
M8_YHUR_SLUR,8,HUR,LUR,2025-01-31,2025-02-02,3,TSE,1190.5166015625,1198.5135498046875,1198.8671875,1196.6307373046875,1198.434326171875
M8_YHUR_SLUR,8,HUR,LUR,2025-01-31,2025-02-02,3,TSEC,79.3525390625,80.03202819824219,79.92853546142578,79.97132110595703,80.09220886230469
M8_YHUR_SLUR,8,HUR,LUR,2025-02-01,2025-02-01,1,Yd,1018.1182861328125,1197.276611328125,1192.2825927734375,1200.5318603515625,1196.54052734375
M8_YHUR_SLUR,8,HUR,LUR,2025-02-01,2025-02-01,1,TSE,1200.857177734375,1198.53515625,1200.7080078125,1197.3565673828125,1198.4365234375
M8_YHUR_SLUR,8,HUR,LUR,2025-02-01,2025-02-01,1,TSEC,79.70831298828125,80.03085327148438,80.01258850097656,79.97688293457031,80.06617736816406
M8_YHUR_SLUR,8,HUR,LUR,2025-02-01,2025-02-02,2,Yd,1117.193115234375,1197.276611328125,1197.5714111328125,1205.3358154296875,1198.9617919921875
M8_YHUR_SLUR,8,HUR,LUR,2025-02-01,2025-02-02,2,TSE,1190.5166015625,1198.53515625,1196.690185546875,1197.85498046875,1198.4552001953125
M8_YHUR_SLUR,8,HUR,LUR,2025-02-01,2025-02-02,2,TSEC,79.3525390625,80.03085327148438,79.8694839477539,80.06840515136719,80.0779037475586
M8_YHUR_SLUR,8,HUR,LUR,2025-02-01,2025-02-03,3,Yd,1364.7716064453125,1197.276611328125,1210.863525390625,1206.0223388671875,1202.1246337890625
M8_YHUR_SLUR,8,HUR,LUR,2025-02-01,2025-02-03,3,TSE,1196.9495849609375,1198.53515625,1200.992431640625,1197.2686767578125,1198.537841796875
M8_YHUR_SLUR,8,HUR,LUR,2025-02-01,2025-02-03,3,TSEC,80.32943725585938,80.03085327148438,80.07882690429688,80.05931854248047,80.07685089111328
M8_YHUR_SLUR,8,HUR,LUR,2025-02-02,2025-02-02,1,Yd,1117.193115234375,1197.0418701171875,1191.0318603515625,1201.50244140625,1197.9576416015625
M8_YHUR_SLUR,8,HUR,LUR,2025-02-02,2025-02-02,1,TSE,1190.5166015625,1198.5382080078125,1196.8209228515625,1198.99267578125,1198.6015625
M8_YHUR_SLUR,8,HUR,LUR,2025-02-02,2025-02-02,1,TSEC,79.3525390625,80.03043365478516,79.87944793701172,79.8363265991211,80.06714630126953
M8_YHUR_SLUR,8,HUR,LUR,2025-02-02,2025-02-03,2,Yd,1364.7716064453125,1197.0418701171875,1204.3792724609375,1188.9705810546875,1200.610595703125
M8_YHUR_SLUR,8,HUR,LUR,2025-02-02,2025-02-03,2,TSE,1196.9495849609375,1198.5382080078125,1200.07275390625,1199.7939453125,1198.6558837890625
M8_YHUR_SLUR,8,HUR,LUR,2025-02-02,2025-02-03,2,TSEC,80.32943725585938,80.03043365478516,80.07579040527344,79.75743103027344,80.0687255859375
M8_YHUR_SLUR,8,HUR,LUR,2025-02-02,2025-02-04,3,Yd,1180.323486328125,1197.0418701171875,1194.12109375,1206.9095458984375,1202.722412109375
M8_YHUR_SLUR,8,HUR,LUR,2025-02-02,2025-02-04,3,TSE,1201.8795166015625,1198.5382080078125,1195.177978515625,1198.6431884765625,1198.644287109375
M8_YHUR_SLUR,8,HUR,LUR,2025-02-02,2025-02-04,3,TSEC,81.34182739257812,80.03043365478516,79.90994262695312,79.82492065429688,80.06520080566406
M8_YHUR_SLUR,8,HUR,LUR,2025-02-03,2025-02-03,1,Yd,1364.7716064453125,1196.9373779296875,1205.3262939453125,1216.045166015625,1199.2906494140625
M8_YHUR_SLUR,8,HUR,LUR,2025-02-03,2025-02-03,1,TSE,1196.9495849609375,1198.5277099609375,1199.5887451171875,1197.464599609375,1198.69775390625
M8_YHUR_SLUR,8,HUR,LUR,2025-02-03,2025-02-03,1,TSEC,80.32943725585938,80.02954864501953,80.0451431274414,80.0362548828125,80.05716705322266
M8_YHUR_SLUR,8,HUR,LUR,2025-02-03,2025-02-04,2,Yd,1180.323486328125,1196.9373779296875,1185.4725341796875,1236.248291015625,1200.4661865234375
M8_YHUR_SLUR,8,HUR,LUR,2025-02-03,2025-02-04,2,TSE,1201.8795166015625,1198.5277099609375,1195.361572265625,1201.240478515625,1198.755126953125
M8_YHUR_SLUR,8,HUR,LUR,2025-02-03,2025-02-04,2,TSEC,81.34182739257812,80.02954864501953,79.88499450683594,80.06037902832031,80.0628662109375
M8_YHUR_SLUR,8,HUR,LUR,2025-02-03,2025-02-05,3,Yd,1189.8258056640625,1196.9373779296875,1197.472412109375,1219.0267333984375,1199.607666015625
M8_YHUR_SLUR,8,HUR,LUR,2025-02-03,2025-02-05,3,TSE,1187.8433837890625,1198.5277099609375,1198.568603515625,1199.1099853515625,1198.791259765625
M8_YHUR_SLUR,8,HUR,LUR,2025-02-03,2025-02-05,3,TSEC,80.4742202758789,80.02954864501953,79.92345428466797,79.97785186767578,80.0627212524414
M8_YHUR_SLUR,8,HUR,LUR,2025-02-04,2025-02-04,1,Yd,1180.323486328125,1197.15673828125,1186.632568359375,1192.7484130859375,1198.7149658203125
M8_YHUR_SLUR,8,HUR,LUR,2025-02-04,2025-02-04,1,TSE,1201.8795166015625,1198.5255126953125,1197.039794921875,1198.53515625,1198.6904296875
M8_YHUR_SLUR,8,HUR,LUR,2025-02-04,2025-02-04,1,TSEC,81.34182739257812,80.02993774414062,79.90258026123047,80.063232421875,80.06721496582031
M8_YHUR_SLUR,8,HUR,LUR,2025-02-04,2025-02-05,2,Yd,1189.8258056640625,1197.15673828125,1200.40576171875,1175.03173828125,1198.4932861328125
M8_YHUR_SLUR,8,HUR,LUR,2025-02-04,2025-02-05,2,TSE,1187.8433837890625,1198.5255126953125,1197.9488525390625,1198.5977783203125,1198.703125
M8_YHUR_SLUR,8,HUR,LUR,2025-02-04,2025-02-05,2,TSEC,80.4742202758789,80.02993774414062,79.95018005371094,80.01295471191406,80.07137298583984
M8_YHUR_SLUR,8,HUR,LUR,2025-02-04,2025-02-06,3,Yd,1040.707275390625,1197.15673828125,1193.71142578125,1206.255615234375,1199.3875732421875
M8_YHUR_SLUR,8,HUR,LUR,2025-02-04,2025-02-06,3,TSE,1182.0328369140625,1198.5255126953125,1197.85791015625,1197.4630126953125,1198.72265625
M8_YHUR_SLUR,8,HUR,LUR,2025-02-04,2025-02-06,3,TSEC,80.87355041503906,80.02993774414062,80.00984954833984,79.8880386352539,80.08238983154297
M8_YHUR_SLUR,8,HUR,LUR,2025-02-05,2025-02-05,1,Yd,1189.8258056640625,1197.134765625,1201.702392578125,1198.325927734375,1198.261962890625
M8_YHUR_SLUR,8,HUR,LUR,2025-02-05,2025-02-05,1,TSE,1187.8433837890625,1198.5299072265625,1199.203857421875,1201.4713134765625,1198.599609375
M8_YHUR_SLUR,8,HUR,LUR,2025-02-05,2025-02-05,1,TSEC,80.4742202758789,80.03165435791016,79.96573638916016,80.24811553955078,80.07275390625
M8_YHUR_SLUR,8,HUR,LUR,2025-02-05,2025-02-06,2,Yd,1040.707275390625,1197.134765625,1192.0772705078125,1207.3944091796875,1198.738525390625
M8_YHUR_SLUR,8,HUR,LUR,2025-02-05,2025-02-06,2,TSE,1182.0328369140625,1198.5299072265625,1196.4088134765625,1200.4241943359375,1198.5870361328125
M8_YHUR_SLUR,8,HUR,LUR,2025-02-05,2025-02-06,2,TSEC,80.87355041503906,80.03165435791016,79.9336929321289,79.99252319335938,80.09115600585938
M8_YHUR_SLUR,8,HUR,LUR,2025-02-05,2025-02-07,3,Yd,1277.0726318359375,1197.134765625,1200.26220703125,1223.3165283203125,1200.1080322265625
M8_YHUR_SLUR,8,HUR,LUR,2025-02-05,2025-02-07,3,TSE,1186.3497314453125,1198.5299072265625,1199.1072998046875,1198.212646484375,1198.5267333984375
M8_YHUR_SLUR,8,HUR,LUR,2025-02-05,2025-02-07,3,TSEC,78.54904174804688,80.03165435791016,79.96728515625,79.8648452758789,80.11534118652344
M8_YHUR_SLUR,8,HUR,LUR,2025-02-06,2025-02-06,1,Yd,1040.707275390625,1197.125244140625,1198.4967041015625,1221.3345947265625,1197.610107421875
M8_YHUR_SLUR,8,HUR,LUR,2025-02-06,2025-02-06,1,TSE,1182.0328369140625,1198.51611328125,1197.7108154296875,1199.0347900390625,1198.5208740234375
M8_YHUR_SLUR,8,HUR,LUR,2025-02-06,2025-02-06,1,TSEC,80.87355041503906,80.0322265625,79.92902374267578,80.3991470336914,80.0732421875
M8_YHUR_SLUR,8,HUR,LUR,2025-02-06,2025-02-07,2,Yd,1277.0726318359375,1197.125244140625,1194.9779052734375,1219.213134765625,1199.425537109375
M8_YHUR_SLUR,8,HUR,LUR,2025-02-06,2025-02-07,2,TSE,1186.3497314453125,1198.51611328125,1198.4925537109375,1201.713623046875,1198.462890625
M8_YHUR_SLUR,8,HUR,LUR,2025-02-06,2025-02-07,2,TSEC,78.54904174804688,80.0322265625,79.9600601196289,79.9681396484375,80.09899139404297
M8_YHUR_SLUR,8,HUR,LUR,2025-02-06,2025-02-08,3,Yd,1222.3197021484375,1197.125244140625,1196.287841796875,1214.4945068359375,1201.4554443359375
M8_YHUR_SLUR,8,HUR,LUR,2025-02-06,2025-02-08,3,TSE,1193.7652587890625,1198.51611328125,1197.7833251953125,1199.091552734375,1198.464599609375
M8_YHUR_SLUR,8,HUR,LUR,2025-02-06,2025-02-08,3,TSEC,79.85420227050781,80.0322265625,79.90126037597656,79.9961166381836,80.10795593261719
M8_YHUR_SLUR,8,HUR,LUR,2025-02-07,2025-02-07,1,Yd,1277.0726318359375,1196.9215087890625,1203.3331298828125,1203.03076171875,1197.806884765625
M8_YHUR_SLUR,8,HUR,LUR,2025-02-07,2025-02-07,1,TSE,1186.3497314453125,1198.4945068359375,1197.2921142578125,1197.9630126953125,1198.52978515625
M8_YHUR_SLUR,8,HUR,LUR,2025-02-07,2025-02-07,1,TSEC,78.54904174804688,80.0333251953125,80.00030517578125,79.93681335449219,80.07119750976562
M8_YHUR_SLUR,8,HUR,LUR,2025-02-07,2025-02-08,2,Yd,1222.3197021484375,1196.9215087890625,1191.033447265625,1191.2188720703125,1200.008544921875
M8_YHUR_SLUR,8,HUR,LUR,2025-02-07,2025-02-08,2,TSE,1193.7652587890625,1198.4945068359375,1197.7261962890625,1203.22412109375,1198.5386962890625
M8_YHUR_SLUR,8,HUR,LUR,2025-02-07,2025-02-08,2,TSEC,79.85420227050781,80.0333251953125,80.02428436279297,79.81144714355469,80.08668518066406
M8_YHUR_SLUR,8,HUR,LUR,2025-02-07,2025-02-09,3,Yd,1047.0341796875,1196.9215087890625,1198.4239501953125,1209.19580078125,1203.188232421875
M8_YHUR_SLUR,8,HUR,LUR,2025-02-07,2025-02-09,3,TSE,1200.8663330078125,1198.4945068359375,1197.975341796875,1200.042236328125,1198.547119140625
M8_YHUR_SLUR,8,HUR,LUR,2025-02-07,2025-02-09,3,TSEC,80.83183288574219,80.0333251953125,79.88585662841797,79.9671401977539,80.08280181884766
M8_YHUR_SLUR,8,HUR,LUR,2025-02-08,2025-02-08,1,Yd,1222.3197021484375,1197.0257568359375,1199.8101806640625,1180.189208984375,1197.488037109375
M8_YHUR_SLUR,8,HUR,LUR,2025-02-08,2025-02-08,1,TSE,1193.7652587890625,1198.478759765625,1196.8345947265625,1201.072998046875,1198.56689453125
M8_YHUR_SLUR,8,HUR,LUR,2025-02-08,2025-02-08,1,TSEC,79.85420227050781,80.0313949584961,80.03402709960938,80.10675811767578,80.0570297241211
M8_YHUR_SLUR,8,HUR,LUR,2025-02-08,2025-02-09,2,Yd,1047.0341796875,1197.0257568359375,1193.4085693359375,1203.938232421875,1200.21533203125
M8_YHUR_SLUR,8,HUR,LUR,2025-02-08,2025-02-09,2,TSE,1200.8663330078125,1198.478759765625,1197.9210205078125,1202.8914794921875,1198.642822265625
M8_YHUR_SLUR,8,HUR,LUR,2025-02-08,2025-02-09,2,TSEC,80.83183288574219,80.0313949584961,79.92692565917969,80.13941955566406,80.06669616699219
M8_YHUR_SLUR,8,HUR,LUR,2025-02-08,2025-02-10,3,Yd,1206.99365234375,1197.0257568359375,1218.510009765625,1189.4053955078125,1201.9293212890625
M8_YHUR_SLUR,8,HUR,LUR,2025-02-08,2025-02-10,3,TSE,1202.1038818359375,1198.478759765625,1197.2269287109375,1204.1270751953125,1198.6505126953125
M8_YHUR_SLUR,8,HUR,LUR,2025-02-08,2025-02-10,3,TSEC,80.349609375,80.0313949584961,80.0965576171875,80.0919189453125,80.0677261352539
M8_YHUR_SLUR,8,HUR,LUR,2025-02-09,2025-02-09,1,Yd,1047.0341796875,1197.05859375,1194.197021484375,1187.0938720703125,1198.0628662109375
M8_YHUR_SLUR,8,HUR,LUR,2025-02-09,2025-02-09,1,TSE,1200.8663330078125,1198.4725341796875,1197.680419921875,1199.1700439453125,1198.69580078125
M8_YHUR_SLUR,8,HUR,LUR,2025-02-09,2025-02-09,1,TSEC,80.83183288574219,80.03116607666016,79.85435485839844,80.08674621582031,80.06050872802734
M8_YHUR_SLUR,8,HUR,LUR,2025-02-09,2025-02-10,2,Yd,1206.99365234375,1197.05859375,1196.320068359375,1187.263916015625,1199.6846923828125
M8_YHUR_SLUR,8,HUR,LUR,2025-02-09,2025-02-10,2,TSE,1202.1038818359375,1198.4725341796875,1198.2237548828125,1201.5723876953125,1198.7470703125
M8_YHUR_SLUR,8,HUR,LUR,2025-02-09,2025-02-10,2,TSEC,80.349609375,80.03116607666016,80.0461196899414,80.03907012939453,80.06542205810547
M8_YHUR_SLUR,8,HUR,LUR,2025-02-09,2025-02-11,3,Yd,1173.6021728515625,1197.05859375,1194.4027099609375,1179.38916015625,1200.501220703125
M8_YHUR_SLUR,8,HUR,LUR,2025-02-09,2025-02-11,3,TSE,1202.5633544921875,1198.4725341796875,1196.8067626953125,1203.4404296875,1198.688232421875
M8_YHUR_SLUR,8,HUR,LUR,2025-02-09,2025-02-11,3,TSEC,79.59757232666016,80.03116607666016,79.89556121826172,80.01885986328125,80.06901550292969
M8_YHUR_SLUR,8,HUR,LUR,2025-02-10,2025-02-10,1,Yd,1206.99365234375,1196.864013671875,1204.746826171875,1197.625,1199.1162109375
M8_YHUR_SLUR,8,HUR,LUR,2025-02-10,2025-02-10,1,TSE,1202.1038818359375,1198.4757080078125,1197.813720703125,1200.07470703125,1198.6767578125
M8_YHUR_SLUR,8,HUR,LUR,2025-02-10,2025-02-10,1,TSEC,80.349609375,80.0322036743164,80.04058837890625,80.11083221435547,80.0601577758789
M8_YHUR_SLUR,8,HUR,LUR,2025-02-10,2025-02-11,2,Yd,1173.6021728515625,1196.864013671875,1183.1954345703125,1181.7462158203125,1200.6915283203125
M8_YHUR_SLUR,8,HUR,LUR,2025-02-10,2025-02-11,2,TSE,1202.5633544921875,1198.4757080078125,1196.9329833984375,1203.5499267578125,1198.682861328125
M8_YHUR_SLUR,8,HUR,LUR,2025-02-10,2025-02-11,2,TSEC,79.59757232666016,80.0322036743164,79.93893432617188,79.83641815185547,80.06565856933594
M8_YHUR_SLUR,8,HUR,LUR,2025-02-10,2025-02-12,3,Yd,1340.8394775390625,1196.864013671875,1199.0882568359375,1186.2947998046875,1200.8428955078125
M8_YHUR_SLUR,8,HUR,LUR,2025-02-10,2025-02-12,3,TSE,1204.7835693359375,1198.4757080078125,1197.3525390625,1205.8114013671875,1198.715576171875
M8_YHUR_SLUR,8,HUR,LUR,2025-02-10,2025-02-12,3,TSEC,80.22511291503906,80.0322036743164,79.95389556884766,79.92681884765625,80.06822967529297
M8_YHUR_SLUR,8,HUR,LUR,2025-02-11,2025-02-11,1,Yd,1173.6021728515625,1196.8770751953125,1189.737060546875,1205.765380859375,1198.8555908203125
M8_YHUR_SLUR,8,HUR,LUR,2025-02-11,2025-02-11,1,TSE,1202.5633544921875,1198.48046875,1196.2371826171875,1200.2535400390625,1198.633056640625
M8_YHUR_SLUR,8,HUR,LUR,2025-02-11,2025-02-11,1,TSEC,79.59757232666016,80.0326156616211,79.94696807861328,80.0807113647461,80.06763458251953
M8_YHUR_SLUR,8,HUR,LUR,2025-02-11,2025-02-12,2,Yd,1340.8394775390625,1196.8770751953125,1200.432861328125,1165.0833740234375,1199.23974609375
M8_YHUR_SLUR,8,HUR,LUR,2025-02-11,2025-02-12,2,TSE,1204.7835693359375,1198.48046875,1198.52734375,1201.189453125,1198.6636962890625
M8_YHUR_SLUR,8,HUR,LUR,2025-02-11,2025-02-12,2,TSEC,80.22511291503906,80.0326156616211,79.93684387207031,79.87847137451172,80.07723236083984
M8_YHUR_SLUR,8,HUR,LUR,2025-02-11,2025-02-13,3,Yd,1053.2266845703125,1196.8770751953125,1198.7767333984375,1214.911865234375,1199.7275390625
M8_YHUR_SLUR,8,HUR,LUR,2025-02-11,2025-02-13,3,TSE,1210.0111083984375,1198.48046875,1196.203857421875,1199.76171875,1198.677734375
M8_YHUR_SLUR,8,HUR,LUR,2025-02-11,2025-02-13,3,TSEC,78.6600341796875,80.0326156616211,79.9125747680664,79.79368591308594,80.09013366699219
M8_YHUR_SLUR,8,HUR,LUR,2025-02-12,2025-02-12,1,Yd,1340.8394775390625,1196.8470458984375,1204.2581787109375,1230.20703125,1197.7242431640625
M8_YHUR_SLUR,8,HUR,LUR,2025-02-12,2025-02-12,1,TSE,1204.7835693359375,1198.4857177734375,1196.7476806640625,1200.9669189453125,1198.5528564453125
M8_YHUR_SLUR,8,HUR,LUR,2025-02-12,2025-02-12,1,TSEC,80.22511291503906,80.03205108642578,79.96640014648438,79.9938735961914,80.06678009033203
M8_YHUR_SLUR,8,HUR,LUR,2025-02-12,2025-02-13,2,Yd,1053.2266845703125,1196.8470458984375,1189.5540771484375,1222.971923828125,1198.8895263671875
M8_YHUR_SLUR,8,HUR,LUR,2025-02-12,2025-02-13,2,TSE,1210.0111083984375,1198.4857177734375,1196.8922119140625,1200.9351806640625,1198.5189208984375
M8_YHUR_SLUR,8,HUR,LUR,2025-02-12,2025-02-13,2,TSEC,78.6600341796875,80.03205108642578,80.03012084960938,80.15740966796875,80.0860595703125
M8_YHUR_SLUR,8,HUR,LUR,2025-02-12,2025-02-14,3,Yd,1441.9451904296875,1196.8470458984375,1198.268310546875,1233.3592529296875,1200.5498046875
M8_YHUR_SLUR,8,HUR,LUR,2025-02-12,2025-02-14,3,TSE,1210.5411376953125,1198.4857177734375,1197.010009765625,1198.5478515625,1198.493408203125
M8_YHUR_SLUR,8,HUR,LUR,2025-02-12,2025-02-14,3,TSEC,80.10061645507812,80.03205108642578,79.97610473632812,80.28097534179688,80.10747528076172
M8_YHUR_SLUR,8,HUR,LUR,2025-02-13,2025-02-13,1,Yd,1053.2266845703125,1197.0330810546875,1195.7041015625,1202.478515625,1197.77197265625
M8_YHUR_SLUR,8,HUR,LUR,2025-02-13,2025-02-13,1,TSE,1210.0111083984375,1198.4937744140625,1195.7882080078125,1198.1669921875,1198.4833984375
M8_YHUR_SLUR,8,HUR,LUR,2025-02-13,2025-02-13,1,TSEC,78.6600341796875,80.03230285644531,80.02153778076172,80.41056060791016,80.06914520263672
M8_YHUR_SLUR,8,HUR,LUR,2025-02-13,2025-02-14,2,Yd,1441.9451904296875,1197.0330810546875,1199.2412109375,1217.8306884765625,1199.6778564453125
M8_YHUR_SLUR,8,HUR,LUR,2025-02-13,2025-02-14,2,TSE,1210.5411376953125,1198.4937744140625,1195.919189453125,1201.731689453125,1198.4322509765625
M8_YHUR_SLUR,8,HUR,LUR,2025-02-13,2025-02-14,2,TSEC,80.10061645507812,80.03230285644531,79.94700622558594,80.34110260009766,80.09101867675781
M8_YHUR_SLUR,8,HUR,LUR,2025-02-13,2025-02-15,3,Yd,1109.5693359375,1197.0330810546875,1192.942138671875,1205.7938232421875,1201.7880859375
M8_YHUR_SLUR,8,HUR,LUR,2025-02-13,2025-02-15,3,TSE,1202.65673828125,1198.4937744140625,1197.6456298828125,1199.7247314453125,1198.43115234375
M8_YHUR_SLUR,8,HUR,LUR,2025-02-13,2025-02-15,3,TSEC,80.6160888671875,80.03230285644531,80.00724029541016,80.08745574951172,80.10286712646484
M8_YHUR_SLUR,8,HUR,LUR,2025-02-14,2025-02-14,1,Yd,1441.9451904296875,1196.8475341796875,1200.619873046875,1208.9669189453125,1197.898681640625
M8_YHUR_SLUR,8,HUR,LUR,2025-02-14,2025-02-14,1,TSE,1210.5411376953125,1198.5086669921875,1196.8509521484375,1199.05322265625,1198.47900390625
M8_YHUR_SLUR,8,HUR,LUR,2025-02-14,2025-02-14,1,TSEC,80.10061645507812,80.03053283691406,79.93749237060547,79.97319030761719,80.06497192382812
M8_YHUR_SLUR,8,HUR,LUR,2025-02-14,2025-02-15,2,Yd,1109.5693359375,1196.8475341796875,1189.406005859375,1216.3175048828125,1200.34716796875
M8_YHUR_SLUR,8,HUR,LUR,2025-02-14,2025-02-15,2,TSE,1202.65673828125,1198.5086669921875,1198.749755859375,1199.8271484375,1198.3702392578125
M8_YHUR_SLUR,8,HUR,LUR,2025-02-14,2025-02-15,2,TSEC,80.6160888671875,80.03053283691406,79.96672058105469,80.0810775756836,80.07440948486328
M8_YHUR_SLUR,8,HUR,LUR,2025-02-14,2025-02-16,3,Yd,1305.11962890625,1196.8475341796875,1200.5137939453125,1213.6988525390625,1203.278564453125
M8_YHUR_SLUR,8,HUR,LUR,2025-02-14,2025-02-16,3,TSE,1178.723876953125,1198.5086669921875,1199.6826171875,1197.6573486328125,1198.4315185546875
M8_YHUR_SLUR,8,HUR,LUR,2025-02-14,2025-02-16,3,TSEC,80.52536010742188,80.03053283691406,79.92382049560547,79.9886245727539,80.07923889160156
M8_YHUR_SLUR,8,HUR,LUR,2025-02-15,2025-02-15,1,Yd,1109.5693359375,1197.163330078125,1201.6668701171875,1166.5291748046875,1196.949462890625
M8_YHUR_SLUR,8,HUR,LUR,2025-02-15,2025-02-15,1,TSE,1202.65673828125,1198.524169921875,1197.3218994140625,1198.2808837890625,1198.5029296875
M8_YHUR_SLUR,8,HUR,LUR,2025-02-15,2025-02-15,1,TSEC,80.6160888671875,80.0306167602539,79.9571304321289,79.97026824951172,80.0620346069336
M8_YHUR_SLUR,8,HUR,LUR,2025-02-15,2025-02-16,2,Yd,1305.11962890625,1197.163330078125,1195.9356689453125,1172.32373046875,1199.267333984375
M8_YHUR_SLUR,8,HUR,LUR,2025-02-15,2025-02-16,2,TSE,1178.723876953125,1198.524169921875,1197.741455078125,1202.704345703125,1198.5787353515625
M8_YHUR_SLUR,8,HUR,LUR,2025-02-15,2025-02-16,2,TSEC,80.52536010742188,80.0306167602539,79.92082977294922,79.82959747314453,80.0694580078125
M8_YHUR_SLUR,8,HUR,LUR,2025-02-15,2025-02-17,3,Yd,1090.185791015625,1197.163330078125,1212.4046630859375,1161.469482421875,1200.834228515625
M8_YHUR_SLUR,8,HUR,LUR,2025-02-15,2025-02-17,3,TSE,1196.603515625,1198.524169921875,1197.8375244140625,1199.0089111328125,1198.6234130859375
M8_YHUR_SLUR,8,HUR,LUR,2025-02-15,2025-02-17,3,TSEC,79.31925201416016,80.0306167602539,79.97956085205078,80.05155181884766,80.06924438476562
M8_YHUR_SLUR,8,HUR,LUR,2025-02-16,2025-02-16,1,Yd,1305.11962890625,1197.0506591796875,1188.0469970703125,1206.897705078125,1197.766357421875
M8_YHUR_SLUR,8,HUR,LUR,2025-02-16,2025-02-16,1,TSE,1178.723876953125,1198.5294189453125,1197.8553466796875,1199.806884765625,1198.650390625
M8_YHUR_SLUR,8,HUR,LUR,2025-02-16,2025-02-16,1,TSEC,80.52536010742188,80.0313720703125,79.96944427490234,79.96662902832031,80.06413269042969
M8_YHUR_SLUR,8,HUR,LUR,2025-02-16,2025-02-17,2,Yd,1090.185791015625,1197.0506591796875,1189.4425048828125,1198.1627197265625,1199.8270263671875
M8_YHUR_SLUR,8,HUR,LUR,2025-02-16,2025-02-17,2,TSE,1196.603515625,1198.5294189453125,1197.7947998046875,1202.0733642578125,1198.703857421875
M8_YHUR_SLUR,8,HUR,LUR,2025-02-16,2025-02-17,2,TSEC,79.31925201416016,80.0313720703125,79.89498138427734,79.90178680419922,80.07167053222656
M8_YHUR_SLUR,8,HUR,LUR,2025-02-16,2025-02-18,3,Yd,996.752685546875,1197.0506591796875,1205.7518310546875,1201.9156494140625,1201.1683349609375
M8_YHUR_SLUR,8,HUR,LUR,2025-02-16,2025-02-18,3,TSE,1188.0677490234375,1198.5294189453125,1197.436767578125,1199.9879150390625,1198.65625
M8_YHUR_SLUR,8,HUR,LUR,2025-02-16,2025-02-18,3,TSEC,78.83113098144531,80.0313720703125,80.00022888183594,79.88568115234375,80.07398223876953
M8_YHUR_SLUR,8,HUR,LUR,2025-02-17,2025-02-17,1,Yd,1090.185791015625,1197.1895751953125,1224.233642578125,1205.640625,1198.6834716796875
M8_YHUR_SLUR,8,HUR,LUR,2025-02-17,2025-02-17,1,TSE,1196.603515625,1198.5040283203125,1200.5560302734375,1200.114501953125,1198.6859130859375
M8_YHUR_SLUR,8,HUR,LUR,2025-02-17,2025-02-17,1,TSEC,79.31925201416016,80.0320053100586,79.97217559814453,80.12857055664062,80.06761169433594
M8_YHUR_SLUR,8,HUR,LUR,2025-02-17,2025-02-18,2,Yd,996.752685546875,1197.1895751953125,1174.445068359375,1229.3262939453125,1199.7750244140625
M8_YHUR_SLUR,8,HUR,LUR,2025-02-17,2025-02-18,2,TSE,1188.0677490234375,1198.5040283203125,1196.8016357421875,1202.8236083984375,1198.6676025390625
M8_YHUR_SLUR,8,HUR,LUR,2025-02-17,2025-02-18,2,TSEC,78.83113098144531,80.0320053100586,79.97228240966797,80.16521453857422,80.07865905761719
M8_YHUR_SLUR,8,HUR,LUR,2025-02-17,2025-02-19,3,Yd,1193.4686279296875,1197.1895751953125,1211.2298583984375,1216.77294921875,1199.9176025390625
M8_YHUR_SLUR,8,HUR,LUR,2025-02-17,2025-02-19,3,TSE,1198.4322509765625,1198.5040283203125,1198.2041015625,1198.6575927734375,1198.664306640625
M8_YHUR_SLUR,8,HUR,LUR,2025-02-17,2025-02-19,3,TSEC,79.03933715820312,80.0320053100586,79.97331237792969,80.43487548828125,80.0782470703125
M8_YHUR_SLUR,8,HUR,LUR,2025-02-18,2025-02-18,1,Yd,996.752685546875,1197.0521240234375,1175.2052001953125,1211.981689453125,1198.3819580078125
M8_YHUR_SLUR,8,HUR,LUR,2025-02-18,2025-02-18,1,TSE,1188.0677490234375,1198.5015869140625,1196.8023681640625,1202.4947509765625,1198.595947265625
M8_YHUR_SLUR,8,HUR,LUR,2025-02-18,2025-02-18,1,TSEC,78.83113098144531,80.03108978271484,79.97498321533203,80.08130645751953,80.0675277709961
M8_YHUR_SLUR,8,HUR,LUR,2025-02-18,2025-02-19,2,Yd,1193.4686279296875,1197.0521240234375,1207.3111572265625,1214.4212646484375,1198.6192626953125
M8_YHUR_SLUR,8,HUR,LUR,2025-02-18,2025-02-19,2,TSE,1198.4322509765625,1198.5015869140625,1197.497314453125,1201.25732421875,1198.5899658203125
M8_YHUR_SLUR,8,HUR,LUR,2025-02-18,2025-02-19,2,TSEC,79.03933715820312,80.03108978271484,79.95366668701172,80.37896728515625,80.07460021972656
M8_YHUR_SLUR,8,HUR,LUR,2025-02-18,2025-02-20,3,Yd,1169.2857666015625,1197.0521240234375,1189.896728515625,1208.747802734375,1199.7255859375
M8_YHUR_SLUR,8,HUR,LUR,2025-02-18,2025-02-20,3,TSE,1211.91650390625,1198.5015869140625,1197.368408203125,1199.3359375,1198.5791015625
M8_YHUR_SLUR,8,HUR,LUR,2025-02-18,2025-02-20,3,TSEC,80.1443099975586,80.03108978271484,79.9241714477539,80.31219482421875,80.08345794677734
M8_YHUR_SLUR,8,HUR,LUR,2025-02-19,2025-02-19,1,Yd,1193.4686279296875,1196.79541015625,1216.928955078125,1191.30126953125,1197.465087890625
M8_YHUR_SLUR,8,HUR,LUR,2025-02-19,2025-02-19,1,TSE,1198.4322509765625,1198.48828125,1197.27783203125,1198.4619140625,1198.5250244140625
M8_YHUR_SLUR,8,HUR,LUR,2025-02-19,2025-02-19,1,TSEC,79.03933715820312,80.02955627441406,79.9314193725586,79.9748764038086,80.06319427490234
M8_YHUR_SLUR,8,HUR,LUR,2025-02-19,2025-02-20,2,Yd,1169.2857666015625,1196.79541015625,1174.766845703125,1192.76025390625,1199.2578125
M8_YHUR_SLUR,8,HUR,LUR,2025-02-19,2025-02-20,2,TSE,1211.91650390625,1198.48828125,1196.931640625,1199.25390625,1198.5753173828125
M8_YHUR_SLUR,8,HUR,LUR,2025-02-19,2025-02-20,2,TSEC,80.1443099975586,80.02955627441406,79.96324920654297,80.14785766601562,80.07575988769531
M8_YHUR_SLUR,8,HUR,LUR,2025-02-19,2025-02-21,3,Yd,1299.931640625,1196.79541015625,1186.724609375,1211.1949462890625,1201.2923583984375
M8_YHUR_SLUR,8,HUR,LUR,2025-02-19,2025-02-21,3,TSE,1212.7076416015625,1198.48828125,1197.123779296875,1198.03955078125,1198.6038818359375
M8_YHUR_SLUR,8,HUR,LUR,2025-02-19,2025-02-21,3,TSEC,81.32842254638672,80.02955627441406,79.92635345458984,80.12299346923828,80.09293365478516
M8_YHUR_SLUR,8,HUR,LUR,2025-02-20,2025-02-20,1,Yd,1169.2857666015625,1196.7911376953125,1204.8828125,1214.049560546875,1198.0550537109375
M8_YHUR_SLUR,8,HUR,LUR,2025-02-20,2025-02-20,1,TSE,1211.91650390625,1198.4881591796875,1196.9876708984375,1198.9822998046875,1198.5330810546875
M8_YHUR_SLUR,8,HUR,LUR,2025-02-20,2025-02-20,1,TSEC,80.1443099975586,80.02828979492188,79.94878387451172,79.96427154541016,80.05947875976562
M8_YHUR_SLUR,8,HUR,LUR,2025-02-20,2025-02-21,2,Yd,1299.931640625,1196.7911376953125,1185.964599609375,1219.2852783203125,1200.6572265625
M8_YHUR_SLUR,8,HUR,LUR,2025-02-20,2025-02-21,2,TSE,1212.7076416015625,1198.4881591796875,1197.369873046875,1201.341796875,1198.49267578125
M8_YHUR_SLUR,8,HUR,LUR,2025-02-20,2025-02-21,2,TSEC,81.32842254638672,80.02828979492188,79.91738891601562,79.98934173583984,80.07855224609375
M8_YHUR_SLUR,8,HUR,LUR,2025-02-20,2025-02-22,3,Yd,991.4854736328125,1196.7911376953125,1199.6822509765625,1203.6656494140625,1203.1168212890625
M8_YHUR_SLUR,8,HUR,LUR,2025-02-20,2025-02-22,3,TSE,1203.9678955078125,1198.4881591796875,1198.649658203125,1199.3515625,1198.416748046875
M8_YHUR_SLUR,8,HUR,LUR,2025-02-20,2025-02-22,3,TSEC,79.51272583007812,80.02828979492188,79.96295928955078,79.84840393066406,80.08562469482422
M8_YHUR_SLUR,8,HUR,LUR,2025-02-21,2025-02-21,1,Yd,1299.931640625,1196.7559814453125,1189.3572998046875,1181.716796875,1198.190673828125
M8_YHUR_SLUR,8,HUR,LUR,2025-02-21,2025-02-21,1,TSE,1212.7076416015625,1198.5052490234375,1197.7591552734375,1198.3619384765625,1198.494873046875
M8_YHUR_SLUR,8,HUR,LUR,2025-02-21,2025-02-21,1,TSEC,81.32842254638672,80.02843475341797,79.959716796875,79.85797882080078,80.06075286865234
M8_YHUR_SLUR,8,HUR,LUR,2025-02-21,2025-02-22,2,Yd,991.4854736328125,1196.7559814453125,1197.7269287109375,1137.041748046875,1200.80517578125
M8_YHUR_SLUR,8,HUR,LUR,2025-02-21,2025-02-22,2,TSE,1203.9678955078125,1198.5052490234375,1197.6600341796875,1198.5552978515625,1198.37939453125
M8_YHUR_SLUR,8,HUR,LUR,2025-02-21,2025-02-22,2,TSEC,79.51272583007812,80.02843475341797,79.8615951538086,79.85260772705078,80.0710220336914
M8_YHUR_SLUR,8,HUR,LUR,2025-02-21,2025-02-23,3,Yd,1277.558349609375,1196.7559814453125,1193.46875,1162.0977783203125,1203.822998046875
M8_YHUR_SLUR,8,HUR,LUR,2025-02-21,2025-02-23,3,TSE,1220.4820556640625,1198.5052490234375,1197.4927978515625,1198.2947998046875,1198.4300537109375
M8_YHUR_SLUR,8,HUR,LUR,2025-02-21,2025-02-23,3,TSEC,78.89177703857422,80.02843475341797,79.90745544433594,79.7545166015625,80.07522583007812
M8_YHUR_SLUR,8,HUR,LUR,2025-02-22,2025-02-22,1,Yd,991.4854736328125,1196.8878173828125,1193.8997802734375,1180.4215087890625,1197.906494140625
M8_YHUR_SLUR,8,HUR,LUR,2025-02-22,2025-02-22,1,TSE,1203.9678955078125,1198.5234375,1198.80224609375,1198.5625,1198.571044921875
M8_YHUR_SLUR,8,HUR,LUR,2025-02-22,2025-02-22,1,TSEC,79.51272583007812,80.03009033203125,80.01107788085938,79.76260375976562,80.05938720703125
M8_YHUR_SLUR,8,HUR,LUR,2025-02-22,2025-02-23,2,Yd,1277.558349609375,1196.8878173828125,1199.1231689453125,1175.3035888671875,1201.1234130859375
M8_YHUR_SLUR,8,HUR,LUR,2025-02-22,2025-02-23,2,TSE,1220.4820556640625,1198.5234375,1199.0401611328125,1203.6060791015625,1198.6708984375
M8_YHUR_SLUR,8,HUR,LUR,2025-02-22,2025-02-23,2,TSEC,78.89177703857422,80.03009033203125,79.88372802734375,79.5973129272461,80.06935119628906
M8_YHUR_SLUR,8,HUR,LUR,2025-02-22,2025-02-24,3,Yd,1288.3134765625,1196.8878173828125,1211.3062744140625,1198.9547119140625,1203.24755859375
M8_YHUR_SLUR,8,HUR,LUR,2025-02-22,2025-02-24,3,TSE,1198.5638427734375,1198.5234375,1200.3087158203125,1202.27587890625,1198.653564453125
M8_YHUR_SLUR,8,HUR,LUR,2025-02-22,2025-02-24,3,TSEC,78.76586151123047,80.03009033203125,80.07672119140625,79.84041595458984,80.07411193847656
M8_YHUR_SLUR,8,HUR,LUR,2025-02-23,2025-02-23,1,Yd,1277.558349609375,1196.6258544921875,1200.1092529296875,1234.7535400390625,1198.2784423828125
M8_YHUR_SLUR,8,HUR,LUR,2025-02-23,2025-02-23,1,TSE,1220.4820556640625,1198.5303955078125,1196.6834716796875,1201.63427734375,1198.5924072265625
M8_YHUR_SLUR,8,HUR,LUR,2025-02-23,2025-02-23,1,TSEC,78.89177703857422,80.02943420410156,79.93738555908203,80.14945983886719,80.05950927734375
M8_YHUR_SLUR,8,HUR,LUR,2025-02-23,2025-02-24,2,Yd,1288.3134765625,1196.6258544921875,1198.5732421875,1232.5152587890625,1200.445556640625
M8_YHUR_SLUR,8,HUR,LUR,2025-02-23,2025-02-24,2,TSE,1198.5638427734375,1198.5303955078125,1197.5433349609375,1205.304931640625,1198.5576171875
M8_YHUR_SLUR,8,HUR,LUR,2025-02-23,2025-02-24,2,TSEC,78.76586151123047,80.02943420410156,79.97134399414062,80.19242858886719,80.05865478515625
M8_YHUR_SLUR,8,HUR,LUR,2025-02-23,2025-02-25,3,Yd,1132.28857421875,1196.6258544921875,1192.6287841796875,1226.90380859375,1201.7679443359375
M8_YHUR_SLUR,8,HUR,LUR,2025-02-23,2025-02-25,3,TSE,1172.89453125,1198.5303955078125,1196.9427490234375,1205.3516845703125,1198.4461669921875
M8_YHUR_SLUR,8,HUR,LUR,2025-02-23,2025-02-25,3,TSEC,82.1517562866211,80.02943420410156,79.95668029785156,80.2213134765625,80.05756378173828
M8_YHUR_SLUR,8,HUR,LUR,2025-02-24,2025-02-24,1,Yd,1288.3134765625,1196.7288818359375,1186.97900390625,1200.1240234375,1198.7332763671875
M8_YHUR_SLUR,8,HUR,LUR,2025-02-24,2025-02-24,1,TSE,1198.5638427734375,1198.5584716796875,1197.43994140625,1202.036376953125,1198.5771484375
M8_YHUR_SLUR,8,HUR,LUR,2025-02-24,2025-02-24,1,TSEC,78.76586151123047,80.02798461914062,79.97879028320312,80.0987319946289,80.05955505371094
M8_YHUR_SLUR,8,HUR,LUR,2025-02-24,2025-02-25,2,Yd,1132.28857421875,1196.7288818359375,1200.843017578125,1197.305419921875,1200.1236572265625
M8_YHUR_SLUR,8,HUR,LUR,2025-02-24,2025-02-25,2,TSE,1172.89453125,1198.5584716796875,1197.7318115234375,1203.9920654296875,1198.523193359375
M8_YHUR_SLUR,8,HUR,LUR,2025-02-24,2025-02-25,2,TSEC,82.1517562866211,80.02798461914062,79.91218566894531,80.24481201171875,80.06108093261719
M8_YHUR_SLUR,8,HUR,LUR,2025-02-24,2025-02-26,3,Yd,1244.114990234375,1196.7288818359375,1195.9208984375,1204.8831787109375,1199.8438720703125
M8_YHUR_SLUR,8,HUR,LUR,2025-02-24,2025-02-26,3,TSE,1205.93310546875,1198.5584716796875,1197.3104248046875,1206.1373291015625,1198.456298828125
M8_YHUR_SLUR,8,HUR,LUR,2025-02-24,2025-02-26,3,TSEC,80.77952575683594,80.02798461914062,79.92440032958984,80.3792495727539,80.05659484863281
M8_YHUR_SLUR,8,HUR,LUR,2025-02-25,2025-02-25,1,Yd,1132.28857421875,1196.845458984375,1185.6134033203125,1233.75537109375,1198.5313720703125
M8_YHUR_SLUR,8,HUR,LUR,2025-02-25,2025-02-25,1,TSE,1172.89453125,1198.558349609375,1198.12841796875,1200.6287841796875,1198.5604248046875
M8_YHUR_SLUR,8,HUR,LUR,2025-02-25,2025-02-25,1,TSEC,82.1517562866211,80.02638244628906,79.90668487548828,80.12957000732422,80.06346130371094
M8_YHUR_SLUR,8,HUR,LUR,2025-02-25,2025-02-26,2,Yd,1244.114990234375,1196.845458984375,1191.4990234375,1240.0447998046875,1198.020263671875
M8_YHUR_SLUR,8,HUR,LUR,2025-02-25,2025-02-26,2,TSE,1205.93310546875,1198.558349609375,1197.0233154296875,1201.1044921875,1198.468994140625
M8_YHUR_SLUR,8,HUR,LUR,2025-02-25,2025-02-26,2,TSEC,80.77952575683594,80.02638244628906,79.93061065673828,80.23336029052734,80.062744140625
M8_YHUR_SLUR,8,HUR,LUR,2025-02-25,2025-02-27,3,Yd,1262.7705078125,1196.845458984375,1194.590576171875,1236.9451904296875,1198.882568359375
M8_YHUR_SLUR,8,HUR,LUR,2025-02-25,2025-02-27,3,TSE,1216.419921875,1198.558349609375,1198.5125732421875,1199.38134765625,1198.4244384765625
M8_YHUR_SLUR,8,HUR,LUR,2025-02-25,2025-02-27,3,TSEC,80.75130462646484,80.02638244628906,79.93965148925781,80.15196990966797,80.0665283203125
M8_YHUR_SLUR,8,HUR,LUR,2025-02-26,2025-02-26,1,Yd,1244.114990234375,1196.7633056640625,1190.312255859375,1191.3697509765625,1198.3055419921875
M8_YHUR_SLUR,8,HUR,LUR,2025-02-26,2025-02-26,1,TSE,1205.93310546875,1198.5257568359375,1197.5142822265625,1198.185546875,1198.5234375
M8_YHUR_SLUR,8,HUR,LUR,2025-02-26,2025-02-26,1,TSEC,80.77952575683594,80.02908325195312,79.95025634765625,80.13420104980469,80.07056427001953
M8_YHUR_SLUR,8,HUR,LUR,2025-02-26,2025-02-27,2,Yd,1262.7705078125,1196.7633056640625,1200.5718994140625,1188.150146484375,1199.24462890625
M8_YHUR_SLUR,8,HUR,LUR,2025-02-26,2025-02-27,2,TSE,1216.419921875,1198.5257568359375,1197.927978515625,1198.78076171875,1198.4696044921875
M8_YHUR_SLUR,8,HUR,LUR,2025-02-26,2025-02-27,2,TSEC,80.75130462646484,80.02908325195312,80.0097427368164,79.89228057861328,80.08131408691406
M8_YHUR_SLUR,8,HUR,LUR,2025-02-26,2025-02-28,3,Yd,1115.7159423828125,1196.7633056640625,1187.7926025390625,1192.822509765625,1201.8316650390625
M8_YHUR_SLUR,8,HUR,LUR,2025-02-26,2025-02-28,3,TSE,1202.72900390625,1198.5257568359375,1198.318603515625,1200.02392578125,1198.4427490234375
M8_YHUR_SLUR,8,HUR,LUR,2025-02-26,2025-02-28,3,TSEC,81.91104888916016,80.02908325195312,79.98014068603516,79.91435241699219,80.10416412353516
M8_YHUR_SLUR,8,HUR,LUR,2025-02-27,2025-02-27,1,Yd,1262.7705078125,1196.823486328125,1193.2772216796875,1215.99462890625,1198.420654296875
M8_YHUR_SLUR,8,HUR,LUR,2025-02-27,2025-02-27,1,TSE,1216.419921875,1198.53515625,1198.16552734375,1198.6181640625,1198.4803466796875
M8_YHUR_SLUR,8,HUR,LUR,2025-02-27,2025-02-27,1,TSEC,80.75130462646484,80.030029296875,79.89009094238281,80.00346374511719,80.0673828125
M8_YHUR_SLUR,8,HUR,LUR,2025-02-27,2025-02-28,2,Yd,1115.7159423828125,1196.823486328125,1196.72998046875,1208.224365234375,1200.9073486328125
M8_YHUR_SLUR,8,HUR,LUR,2025-02-27,2025-02-28,2,TSE,1202.72900390625,1198.53515625,1198.6904296875,1196.8505859375,1198.430908203125
M8_YHUR_SLUR,8,HUR,LUR,2025-02-27,2025-02-28,2,TSEC,81.91104888916016,80.030029296875,79.98396301269531,79.9164047241211,80.08858489990234
M8_YHUR_SLUR,8,HUR,LUR,2025-02-27,2025-03-01,3,Yd,1294.16162109375,1196.823486328125,1184.6884765625,1221.3848876953125,1204.0511474609375
M8_YHUR_SLUR,8,HUR,LUR,2025-02-27,2025-03-01,3,TSE,1210.79931640625,1198.53515625,1197.94384765625,1197.581787109375,1198.460205078125
M8_YHUR_SLUR,8,HUR,LUR,2025-02-27,2025-03-01,3,TSEC,79.98738861083984,80.030029296875,79.82431030273438,79.79606628417969,80.09954833984375
M8_YHUR_SLUR,8,HUR,LUR,2025-02-28,2025-02-28,1,Yd,1115.7159423828125,1196.9071044921875,1188.4317626953125,1217.21923828125,1198.5042724609375
M8_YHUR_SLUR,8,HUR,LUR,2025-02-28,2025-02-28,1,TSE,1202.72900390625,1198.557861328125,1198.7391357421875,1200.3687744140625,1198.4864501953125
M8_YHUR_SLUR,8,HUR,LUR,2025-02-28,2025-02-28,1,TSEC,81.91104888916016,80.03094482421875,80.03446197509766,79.98941040039062,80.06366729736328
M8_YHUR_SLUR,8,HUR,LUR,2025-02-28,2025-03-01,2,Yd,1294.16162109375,1196.9071044921875,1200.315185546875,1194.01220703125,1201.933349609375
M8_YHUR_SLUR,8,HUR,LUR,2025-02-28,2025-03-01,2,TSE,1210.79931640625,1198.557861328125,1197.8892822265625,1198.4273681640625,1198.496826171875
M8_YHUR_SLUR,8,HUR,LUR,2025-02-28,2025-03-01,2,TSEC,79.98738861083984,80.03094482421875,79.822509765625,79.8994369506836,80.080078125
M8_YHUR_SLUR,8,HUR,LUR,2025-02-28,2025-03-02,3,Yd,1145.2716064453125,1196.9071044921875,1196.8114013671875,1200.30224609375,1204.9178466796875
M8_YHUR_SLUR,8,HUR,LUR,2025-02-28,2025-03-02,3,TSE,1216.9752197265625,1198.557861328125,1197.97412109375,1196.557373046875,1198.54638671875
M8_YHUR_SLUR,8,HUR,LUR,2025-02-28,2025-03-02,3,TSEC,79.91622161865234,80.03094482421875,80.05758666992188,79.70178985595703,80.08051300048828
M8_YHUR_SLUR,8,HUR,LUR,2025-03-01,2025-03-01,1,Yd,1294.16162109375,1196.8043212890625,1194.8946533203125,1185.94287109375,1198.79541015625
M8_YHUR_SLUR,8,HUR,LUR,2025-03-01,2025-03-01,1,TSE,1210.79931640625,1198.5631103515625,1198.217529296875,1202.2213134765625,1198.6131591796875
M8_YHUR_SLUR,8,HUR,LUR,2025-03-01,2025-03-01,1,TSEC,79.98738861083984,80.0333251953125,79.94520568847656,79.92701721191406,80.06099700927734
M8_YHUR_SLUR,8,HUR,LUR,2025-03-01,2025-03-02,2,Yd,1145.2716064453125,1196.8043212890625,1190.3668212890625,1161.97021484375,1202.4127197265625
M8_YHUR_SLUR,8,HUR,LUR,2025-03-01,2025-03-02,2,TSE,1216.9752197265625,1198.5631103515625,1197.8916015625,1203.978271484375,1198.6468505859375
M8_YHUR_SLUR,8,HUR,LUR,2025-03-01,2025-03-02,2,TSEC,79.91622161865234,80.0333251953125,79.97187042236328,80.09606170654297,80.06201171875
M8_YHUR_SLUR,8,HUR,LUR,2025-03-01,2025-03-03,3,Yd,1038.3233642578125,1196.8043212890625,1191.5306396484375,1204.793701171875,1205.4122314453125
M8_YHUR_SLUR,8,HUR,LUR,2025-03-01,2025-03-03,3,TSE,1205.9888916015625,1198.5631103515625,1198.189697265625,1205.8526611328125,1198.603515625
M8_YHUR_SLUR,8,HUR,LUR,2025-03-01,2025-03-03,3,TSEC,79.49018096923828,80.0333251953125,79.94535827636719,79.96863555908203,80.07048797607422
M8_YHUR_SLUR,8,HUR,LUR,2025-03-02,2025-03-02,1,Yd,1145.2716064453125,1196.9273681640625,1199.8170166015625,1193.85693359375,1198.3001708984375
M8_YHUR_SLUR,8,HUR,LUR,2025-03-02,2025-03-02,1,TSE,1216.9752197265625,1198.5784912109375,1198.039306640625,1205.2113037109375,1198.65087890625
M8_YHUR_SLUR,8,HUR,LUR,2025-03-02,2025-03-02,1,TSEC,79.91622161865234,80.03326416015625,79.95185852050781,80.17302703857422,80.05843353271484
M8_YHUR_SLUR,8,HUR,LUR,2025-03-02,2025-03-03,2,Yd,1038.3233642578125,1196.9273681640625,1217.2020263671875,1168.8082275390625,1200.6397705078125
M8_YHUR_SLUR,8,HUR,LUR,2025-03-02,2025-03-03,2,TSE,1205.9888916015625,1198.5784912109375,1198.5196533203125,1207.74951171875,1198.6265869140625
M8_YHUR_SLUR,8,HUR,LUR,2025-03-02,2025-03-03,2,TSEC,79.49018096923828,80.03326416015625,79.93400573730469,80.1790542602539,80.06680297851562
M8_YHUR_SLUR,8,HUR,LUR,2025-03-02,2025-03-04,3,Yd,1157.5440673828125,1196.9273681640625,1187.5416259765625,1178.1171875,1201.6116943359375
M8_YHUR_SLUR,8,HUR,LUR,2025-03-02,2025-03-04,3,TSE,1192.2989501953125,1198.5784912109375,1195.0682373046875,1208.779052734375,1198.5377197265625
M8_YHUR_SLUR,8,HUR,LUR,2025-03-02,2025-03-04,3,TSEC,78.17422485351562,80.03326416015625,79.95353698730469,80.19275665283203,80.06770324707031
M8_YHUR_SLUR,8,HUR,LUR,2025-03-03,2025-03-03,1,Yd,1038.3233642578125,1196.8621826171875,1208.40234375,1214.525390625,1198.580810546875
M8_YHUR_SLUR,8,HUR,LUR,2025-03-03,2025-03-03,1,TSE,1205.9888916015625,1198.601806640625,1198.118408203125,1201.2855224609375,1198.581298828125
M8_YHUR_SLUR,8,HUR,LUR,2025-03-03,2025-03-03,1,TSEC,79.49018096923828,80.03312683105469,79.93343353271484,80.08428955078125,80.06121826171875
M8_YHUR_SLUR,8,HUR,LUR,2025-03-03,2025-03-04,2,Yd,1157.5440673828125,1196.8621826171875,1189.9949951171875,1206.966064453125,1199.3892822265625
M8_YHUR_SLUR,8,HUR,LUR,2025-03-03,2025-03-04,2,TSE,1192.2989501953125,1198.601806640625,1197.85302734375,1204.932861328125,1198.506591796875
M8_YHUR_SLUR,8,HUR,LUR,2025-03-03,2025-03-04,2,TSEC,78.17422485351562,80.03312683105469,79.9594955444336,80.11769104003906,80.06500244140625
M8_YHUR_SLUR,8,HUR,LUR,2025-03-03,2025-03-05,3,Yd,1211.0899658203125,1196.8621826171875,1196.6387939453125,1194.53857421875,1199.113037109375
M8_YHUR_SLUR,8,HUR,LUR,2025-03-03,2025-03-05,3,TSE,1197.56298828125,1198.601806640625,1198.0924072265625,1203.9803466796875,1198.455810546875
M8_YHUR_SLUR,8,HUR,LUR,2025-03-03,2025-03-05,3,TSEC,80.3147964477539,80.03312683105469,79.9697494506836,80.31895446777344,80.05973052978516
M8_YHUR_SLUR,8,HUR,LUR,2025-03-04,2025-03-04,1,Yd,1157.5440673828125,1196.6622314453125,1186.496337890625,1229.1761474609375,1198.0975341796875
M8_YHUR_SLUR,8,HUR,LUR,2025-03-04,2025-03-04,1,TSE,1192.2989501953125,1198.611083984375,1196.2806396484375,1200.861328125,1198.473876953125
M8_YHUR_SLUR,8,HUR,LUR,2025-03-04,2025-03-04,1,TSEC,78.17422485351562,80.03244018554688,79.95857238769531,80.28746795654297,80.06488037109375
M8_YHUR_SLUR,8,HUR,LUR,2025-03-04,2025-03-05,2,Yd,1211.0899658203125,1196.6622314453125,1197.927001953125,1224.9996337890625,1197.9205322265625
M8_YHUR_SLUR,8,HUR,LUR,2025-03-04,2025-03-05,2,TSE,1197.56298828125,1198.611083984375,1199.010498046875,1202.9364013671875,1198.38330078125
M8_YHUR_SLUR,8,HUR,LUR,2025-03-04,2025-03-05,2,TSEC,80.3147964477539,80.03244018554688,79.97563171386719,80.17353820800781,80.06956481933594
M8_YHUR_SLUR,8,HUR,LUR,2025-03-04,2025-03-06,3,Yd,1132.5999755859375,1196.6622314453125,1190.6790771484375,1221.802490234375,1198.8135986328125
M8_YHUR_SLUR,8,HUR,LUR,2025-03-04,2025-03-06,3,TSE,1190.408447265625,1198.611083984375,1200.038818359375,1202.292236328125,1198.389892578125
M8_YHUR_SLUR,8,HUR,LUR,2025-03-04,2025-03-06,3,TSEC,79.7154541015625,80.03244018554688,79.95347595214844,80.29798889160156,80.07366943359375
M8_YHUR_SLUR,8,HUR,LUR,2025-03-05,2025-03-05,1,Yd,1211.0899658203125,1196.6129150390625,1194.1832275390625,1238.1846923828125,1197.1661376953125
M8_YHUR_SLUR,8,HUR,LUR,2025-03-05,2025-03-05,1,TSE,1197.56298828125,1198.6031494140625,1198.2222900390625,1199.1025390625,1198.419677734375
M8_YHUR_SLUR,8,HUR,LUR,2025-03-05,2025-03-05,1,TSEC,80.3147964477539,80.03009796142578,79.94506072998047,79.97282409667969,80.06083679199219
M8_YHUR_SLUR,8,HUR,LUR,2025-03-05,2025-03-06,2,Yd,1132.5999755859375,1196.6129150390625,1195.1951904296875,1248.4210205078125,1197.93359375
M8_YHUR_SLUR,8,HUR,LUR,2025-03-05,2025-03-06,2,TSE,1190.408447265625,1198.6031494140625,1198.8970947265625,1199.7684326171875,1198.2816162109375
M8_YHUR_SLUR,8,HUR,LUR,2025-03-05,2025-03-06,2,TSEC,79.7154541015625,80.03009796142578,79.88534545898438,80.12234497070312,80.06986999511719
M8_YHUR_SLUR,8,HUR,LUR,2025-03-05,2025-03-07,3,Yd,1142.845947265625,1196.6129150390625,1190.9022216796875,1247.5389404296875,1200.4434814453125
M8_YHUR_SLUR,8,HUR,LUR,2025-03-05,2025-03-07,3,TSE,1199.1790771484375,1198.6031494140625,1198.822021484375,1197.24072265625,1198.2286376953125
M8_YHUR_SLUR,8,HUR,LUR,2025-03-05,2025-03-07,3,TSEC,78.54376983642578,80.03009796142578,79.90864562988281,79.9639663696289,80.08255767822266
M8_YHUR_SLUR,8,HUR,LUR,2025-03-06,2025-03-06,1,Yd,1132.5999755859375,1196.631103515625,1189.5418701171875,1202.650146484375,1197.976806640625
M8_YHUR_SLUR,8,HUR,LUR,2025-03-06,2025-03-06,1,TSE,1190.408447265625,1198.6019287109375,1199.156982421875,1198.7105712890625,1198.4132080078125
M8_YHUR_SLUR,8,HUR,LUR,2025-03-06,2025-03-06,1,TSEC,79.7154541015625,80.03045654296875,79.93893432617188,79.99484252929688,80.0618667602539
M8_YHUR_SLUR,8,HUR,LUR,2025-03-06,2025-03-07,2,Yd,1142.845947265625,1196.631103515625,1187.1903076171875,1200.7899169921875,1200.47265625
M8_YHUR_SLUR,8,HUR,LUR,2025-03-06,2025-03-07,2,TSE,1199.1790771484375,1198.6019287109375,1198.9825439453125,1200.362060546875,1198.32763671875
M8_YHUR_SLUR,8,HUR,LUR,2025-03-06,2025-03-07,2,TSEC,78.54376983642578,80.03045654296875,79.95291900634766,79.87861633300781,80.08004760742188
M8_YHUR_SLUR,8,HUR,LUR,2025-03-06,2025-03-08,3,Yd,1237.138916015625,1196.631103515625,1195.501220703125,1210.763916015625,1203.3280029296875
M8_YHUR_SLUR,8,HUR,LUR,2025-03-06,2025-03-08,3,TSE,1211.60595703125,1198.6019287109375,1198.703857421875,1199.3077392578125,1198.3087158203125
M8_YHUR_SLUR,8,HUR,LUR,2025-03-06,2025-03-08,3,TSEC,80.48448181152344,80.03045654296875,79.88699340820312,79.81531524658203,80.08766174316406
M8_YHUR_SLUR,8,HUR,LUR,2025-03-07,2025-03-07,1,Yd,1142.845947265625,1196.55078125,1189.292236328125,1197.6876220703125,1198.04150390625
M8_YHUR_SLUR,8,HUR,LUR,2025-03-07,2025-03-07,1,TSE,1199.1790771484375,1198.591552734375,1198.800537109375,1198.961669921875,1198.396484375
M8_YHUR_SLUR,8,HUR,LUR,2025-03-07,2025-03-07,1,TSEC,78.54376983642578,80.03005981445312,79.9461898803711,79.91464233398438,80.05830383300781
M8_YHUR_SLUR,8,HUR,LUR,2025-03-07,2025-03-08,2,Yd,1237.138916015625,1196.55078125,1196.280029296875,1201.9925537109375,1201.045654296875
M8_YHUR_SLUR,8,HUR,LUR,2025-03-07,2025-03-08,2,TSE,1211.60595703125,1198.591552734375,1198.42822265625,1197.64208984375,1198.321533203125
M8_YHUR_SLUR,8,HUR,LUR,2025-03-07,2025-03-08,2,TSEC,80.48448181152344,80.03005981445312,79.88430786132812,79.78897094726562,80.06684875488281
M8_YHUR_SLUR,8,HUR,LUR,2025-03-07,2025-03-09,3,Yd,1156.063720703125,1196.55078125,1193.166748046875,1219.39599609375,1203.22509765625
M8_YHUR_SLUR,8,HUR,LUR,2025-03-07,2025-03-09,3,TSE,1207.4759521484375,1198.591552734375,1198.7308349609375,1197.418701171875,1198.3062744140625
M8_YHUR_SLUR,8,HUR,LUR,2025-03-07,2025-03-09,3,TSEC,79.74825286865234,80.03005981445312,80.0181655883789,79.88418579101562,80.06836700439453
M8_YHUR_SLUR,8,HUR,LUR,2025-03-08,2025-03-08,1,Yd,1237.138916015625,1196.4833984375,1193.0941162109375,1200.1328125,1197.583740234375
M8_YHUR_SLUR,8,HUR,LUR,2025-03-08,2025-03-08,1,TSE,1211.60595703125,1198.59228515625,1199.6363525390625,1198.9833984375,1198.3857421875
M8_YHUR_SLUR,8,HUR,LUR,2025-03-08,2025-03-08,1,TSEC,80.48448181152344,80.02819061279297,79.82574462890625,79.85993194580078,80.04864501953125
M8_YHUR_SLUR,8,HUR,LUR,2025-03-08,2025-03-09,2,Yd,1156.063720703125,1196.4833984375,1194.82666015625,1238.618408203125,1199.2464599609375
M8_YHUR_SLUR,8,HUR,LUR,2025-03-08,2025-03-09,2,TSE,1207.4759521484375,1198.59228515625,1200.6141357421875,1200.670654296875,1198.305419921875
M8_YHUR_SLUR,8,HUR,LUR,2025-03-08,2025-03-09,2,TSEC,79.74825286865234,80.02819061279297,79.9794692993164,79.7892837524414,80.04642486572266
M8_YHUR_SLUR,8,HUR,LUR,2025-03-08,2025-03-10,3,Yd,1239.318603515625,1196.4833984375,1196.6038818359375,1214.7308349609375,1199.5767822265625
M8_YHUR_SLUR,8,HUR,LUR,2025-03-08,2025-03-10,3,TSE,1205.009521484375,1198.59228515625,1200.69140625,1200.885009765625,1198.1978759765625
M8_YHUR_SLUR,8,HUR,LUR,2025-03-08,2025-03-10,3,TSEC,80.46454620361328,80.02819061279297,79.84477996826172,79.98128509521484,80.04496765136719
M8_YHUR_SLUR,8,HUR,LUR,2025-03-09,2025-03-09,1,Yd,1156.063720703125,1196.5343017578125,1193.597412109375,1189.3387451171875,1197.23486328125
M8_YHUR_SLUR,8,HUR,LUR,2025-03-09,2025-03-09,1,TSE,1207.4759521484375,1198.6085205078125,1198.6875,1201.0772705078125,1198.5518798828125
M8_YHUR_SLUR,8,HUR,LUR,2025-03-09,2025-03-09,1,TSEC,79.74825286865234,80.02876281738281,79.88438415527344,80.02752685546875,80.05359649658203
M8_YHUR_SLUR,8,HUR,LUR,2025-03-09,2025-03-10,2,Yd,1239.318603515625,1196.5343017578125,1196.8408203125,1186.7587890625,1198.04931640625
M8_YHUR_SLUR,8,HUR,LUR,2025-03-09,2025-03-10,2,TSE,1205.009521484375,1198.6085205078125,1198.3890380859375,1205.78857421875,1198.4970703125
M8_YHUR_SLUR,8,HUR,LUR,2025-03-09,2025-03-10,2,TSEC,80.46454620361328,80.02876281738281,80.05335998535156,80.0701904296875,80.05634307861328
M8_YHUR_SLUR,8,HUR,LUR,2025-03-09,2025-03-11,3,Yd,1115.7791748046875,1196.5343017578125,1194.3009033203125,1186.5570068359375,1198.8013916015625
M8_YHUR_SLUR,8,HUR,LUR,2025-03-09,2025-03-11,3,TSE,1170.01708984375,1198.6085205078125,1196.3128662109375,1206.6458740234375,1198.369873046875
M8_YHUR_SLUR,8,HUR,LUR,2025-03-09,2025-03-11,3,TSEC,78.69820404052734,80.02876281738281,79.917724609375,80.02609252929688,80.0537338256836
M8_YHUR_SLUR,8,HUR,LUR,2025-03-10,2025-03-10,1,Yd,1239.318603515625,1196.483642578125,1200.843505859375,1207.785888671875,1197.7239990234375
M8_YHUR_SLUR,8,HUR,LUR,2025-03-10,2025-03-10,1,TSE,1205.009521484375,1198.61962890625,1201.027587890625,1201.6402587890625,1198.526611328125
M8_YHUR_SLUR,8,HUR,LUR,2025-03-10,2025-03-10,1,TSEC,80.46454620361328,80.02841186523438,79.79827880859375,80.17790985107422,80.0567398071289
M8_YHUR_SLUR,8,HUR,LUR,2025-03-10,2025-03-11,2,Yd,1115.7791748046875,1196.483642578125,1190.82470703125,1198.4715576171875,1198.206787109375
M8_YHUR_SLUR,8,HUR,LUR,2025-03-10,2025-03-11,2,TSE,1170.01708984375,1198.61962890625,1195.766357421875,1204.606689453125,1198.414306640625
M8_YHUR_SLUR,8,HUR,LUR,2025-03-10,2025-03-11,2,TSEC,78.69820404052734,80.02841186523438,80.07540130615234,80.07135009765625,80.05670928955078
M8_YHUR_SLUR,8,HUR,LUR,2025-03-10,2025-03-12,3,Yd,1072.598388671875,1196.483642578125,1191.562744140625,1201.9378662109375,1197.662353515625
M8_YHUR_SLUR,8,HUR,LUR,2025-03-10,2025-03-12,3,TSE,1195.2889404296875,1198.61962890625,1198.6455078125,1203.82568359375,1198.3546142578125
M8_YHUR_SLUR,8,HUR,LUR,2025-03-10,2025-03-12,3,TSEC,80.75482177734375,80.02841186523438,79.95967102050781,80.10039520263672,80.05302429199219
M8_YHUR_SLUR,8,HUR,LUR,2025-03-11,2025-03-11,1,Yd,1115.7791748046875,1196.537109375,1188.8306884765625,1187.754638671875,1197.863037109375
M8_YHUR_SLUR,8,HUR,LUR,2025-03-11,2025-03-11,1,TSE,1170.01708984375,1198.627685546875,1196.428466796875,1199.9141845703125,1198.506103515625
M8_YHUR_SLUR,8,HUR,LUR,2025-03-11,2025-03-11,1,TSEC,78.69820404052734,80.02896118164062,79.92169952392578,80.11762237548828,80.06591796875
M8_YHUR_SLUR,8,HUR,LUR,2025-03-11,2025-03-12,2,Yd,1072.598388671875,1196.537109375,1195.3494873046875,1184.95556640625,1197.8223876953125
M8_YHUR_SLUR,8,HUR,LUR,2025-03-11,2025-03-12,2,TSE,1195.2889404296875,1198.627685546875,1198.189208984375,1203.0054931640625,1198.42578125
M8_YHUR_SLUR,8,HUR,LUR,2025-03-11,2025-03-12,2,TSEC,80.75482177734375,80.02896118164062,79.95784759521484,80.19662475585938,80.06852722167969
M8_YHUR_SLUR,8,HUR,LUR,2025-03-11,2025-03-13,3,Yd,1172.3853759765625,1196.537109375,1194.4793701171875,1190.0611572265625,1198.51806640625
M8_YHUR_SLUR,8,HUR,LUR,2025-03-11,2025-03-13,3,TSE,1189.4320068359375,1198.627685546875,1198.3876953125,1201.344970703125,1198.3564453125
M8_YHUR_SLUR,8,HUR,LUR,2025-03-11,2025-03-13,3,TSEC,81.2367172241211,80.02896118164062,80.01646423339844,80.35204315185547,80.06920623779297
M8_YHUR_SLUR,8,HUR,LUR,2025-03-12,2025-03-12,1,Yd,1072.598388671875,1196.436279296875,1197.8514404296875,1222.0228271484375,1196.2667236328125
M8_YHUR_SLUR,8,HUR,LUR,2025-03-12,2025-03-12,1,TSE,1195.2889404296875,1198.5919189453125,1199.235107421875,1202.101806640625,1198.3824462890625
M8_YHUR_SLUR,8,HUR,LUR,2025-03-12,2025-03-12,1,TSEC,80.75482177734375,80.02729797363281,79.90503692626953,80.06856536865234,80.05769348144531
M8_YHUR_SLUR,8,HUR,LUR,2025-03-12,2025-03-13,2,Yd,1172.3853759765625,1196.436279296875,1194.99755859375,1245.6871337890625,1197.28076171875
M8_YHUR_SLUR,8,HUR,LUR,2025-03-12,2025-03-13,2,TSE,1189.4320068359375,1198.5919189453125,1198.497314453125,1201.2596435546875,1198.2830810546875
M8_YHUR_SLUR,8,HUR,LUR,2025-03-12,2025-03-13,2,TSEC,81.2367172241211,80.02729797363281,79.941650390625,80.1411361694336,80.06670379638672
M8_YHUR_SLUR,8,HUR,LUR,2025-03-12,2025-03-14,3,Yd,1008.8148803710938,1196.436279296875,1193.260498046875,1252.3492431640625,1200.4185791015625
M8_YHUR_SLUR,8,HUR,LUR,2025-03-12,2025-03-14,3,TSE,1207.3428955078125,1198.5919189453125,1199.9495849609375,1199.8343505859375,1198.27783203125
M8_YHUR_SLUR,8,HUR,LUR,2025-03-12,2025-03-14,3,TSEC,79.60765838623047,80.02729797363281,79.93302917480469,80.22997283935547,80.0801773071289
M8_YHUR_SLUR,8,HUR,LUR,2025-03-13,2025-03-13,1,Yd,1172.3853759765625,1196.281982421875,1194.1658935546875,1198.5771484375,1197.8045654296875
M8_YHUR_SLUR,8,HUR,LUR,2025-03-13,2025-03-13,1,TSE,1189.4320068359375,1198.587890625,1198.5572509765625,1198.819580078125,1198.3905029296875
M8_YHUR_SLUR,8,HUR,LUR,2025-03-13,2025-03-13,1,TSEC,81.2367172241211,80.02820587158203,79.95269012451172,79.92453002929688,80.05918884277344
M8_YHUR_SLUR,8,HUR,LUR,2025-03-13,2025-03-14,2,Yd,1008.8148803710938,1196.281982421875,1190.4219970703125,1188.8623046875,1200.6324462890625
M8_YHUR_SLUR,8,HUR,LUR,2025-03-13,2025-03-14,2,TSE,1207.3428955078125,1198.587890625,1198.263671875,1199.226318359375,1198.29150390625
M8_YHUR_SLUR,8,HUR,LUR,2025-03-13,2025-03-14,2,TSEC,79.60765838623047,80.02820587158203,79.95930480957031,80.1380844116211,80.07618713378906
M8_YHUR_SLUR,8,HUR,LUR,2025-03-13,2025-03-15,3,Yd,1069.876953125,1196.281982421875,1192.4444580078125,1217.5797119140625,1203.554443359375
M8_YHUR_SLUR,8,HUR,LUR,2025-03-13,2025-03-15,3,TSE,1196.746337890625,1198.587890625,1200.189697265625,1200.019775390625,1198.2598876953125
M8_YHUR_SLUR,8,HUR,LUR,2025-03-13,2025-03-15,3,TSEC,81.30150604248047,80.02820587158203,79.89700317382812,80.02294158935547,80.08232879638672
M8_YHUR_SLUR,8,HUR,LUR,2025-03-14,2025-03-14,1,Yd,1008.8148803710938,1196.252197265625,1183.3973388671875,1201.591552734375,1198.6693115234375
M8_YHUR_SLUR,8,HUR,LUR,2025-03-14,2025-03-14,1,TSE,1207.3428955078125,1198.576416015625,1198.3060302734375,1195.133056640625,1198.4661865234375
M8_YHUR_SLUR,8,HUR,LUR,2025-03-14,2025-03-14,1,TSEC,79.60765838623047,80.02971649169922,79.9762191772461,80.01686096191406,80.0574951171875
M8_YHUR_SLUR,8,HUR,LUR,2025-03-14,2025-03-15,2,Yd,1069.876953125,1196.252197265625,1188.940185546875,1183.891845703125,1201.78466796875
M8_YHUR_SLUR,8,HUR,LUR,2025-03-14,2025-03-15,2,TSE,1196.746337890625,1198.576416015625,1199.1171875,1196.30419921875,1198.4554443359375
M8_YHUR_SLUR,8,HUR,LUR,2025-03-14,2025-03-15,2,TSEC,81.30150604248047,80.02971649169922,79.96051788330078,79.77503967285156,80.06953430175781
M8_YHUR_SLUR,8,HUR,LUR,2025-03-14,2025-03-16,3,Yd,1257.7354736328125,1196.252197265625,1193.4708251953125,1206.033935546875,1204.5052490234375
M8_YHUR_SLUR,8,HUR,LUR,2025-03-14,2025-03-16,3,TSE,1203.0775146484375,1198.576416015625,1199.124267578125,1201.0283203125,1198.35693359375
M8_YHUR_SLUR,8,HUR,LUR,2025-03-14,2025-03-16,3,TSEC,79.93519592285156,80.02971649169922,79.88894653320312,79.8410873413086,80.06743621826172
M8_YHUR_SLUR,8,HUR,LUR,2025-03-15,2025-03-15,1,Yd,1069.876953125,1196.0189208984375,1181.9892578125,1201.020751953125,1198.4713134765625
M8_YHUR_SLUR,8,HUR,LUR,2025-03-15,2025-03-15,1,TSE,1196.746337890625,1198.58740234375,1198.5623779296875,1201.2164306640625,1198.4713134765625
M8_YHUR_SLUR,8,HUR,LUR,2025-03-15,2025-03-15,1,TSEC,81.30150604248047,80.02918243408203,79.97026062011719,79.91802215576172,80.04985046386719
M8_YHUR_SLUR,8,HUR,LUR,2025-03-15,2025-03-16,2,Yd,1257.7354736328125,1196.0189208984375,1192.419921875,1201.7330322265625,1200.1082763671875
M8_YHUR_SLUR,8,HUR,LUR,2025-03-15,2025-03-16,2,TSE,1203.0775146484375,1198.58740234375,1199.0047607421875,1203.47021484375,1198.33984375
M8_YHUR_SLUR,8,HUR,LUR,2025-03-15,2025-03-16,2,TSEC,79.93519592285156,80.02918243408203,79.85315704345703,80.07945251464844,80.04134368896484
M8_YHUR_SLUR,8,HUR,LUR,2025-03-15,2025-03-17,3,Yd,1232.6951904296875,1196.0189208984375,1211.232666015625,1201.7965087890625,1200.635986328125
M8_YHUR_SLUR,8,HUR,LUR,2025-03-15,2025-03-17,3,TSE,1192.8282470703125,1198.58740234375,1198.1192626953125,1206.3560791015625,1198.1680908203125
M8_YHUR_SLUR,8,HUR,LUR,2025-03-15,2025-03-17,3,TSEC,80.51880645751953,80.02918243408203,80.02462768554688,80.12994384765625,80.03390502929688
M8_YHUR_SLUR,8,HUR,LUR,2025-03-16,2025-03-16,1,Yd,1257.7354736328125,1195.8623046875,1190.7021484375,1199.681884765625,1198.1181640625
M8_YHUR_SLUR,8,HUR,LUR,2025-03-16,2025-03-16,1,TSE,1203.0775146484375,1198.5850830078125,1198.2984619140625,1200.928955078125,1198.528076171875
M8_YHUR_SLUR,8,HUR,LUR,2025-03-16,2025-03-16,1,TSEC,79.93519592285156,80.03076171875,79.89370727539062,79.80136108398438,80.04458618164062
M8_YHUR_SLUR,8,HUR,LUR,2025-03-16,2025-03-17,2,Yd,1232.6951904296875,1195.8623046875,1209.4755859375,1177.456298828125,1200.0155029296875
M8_YHUR_SLUR,8,HUR,LUR,2025-03-16,2025-03-17,2,TSE,1192.8282470703125,1198.5850830078125,1197.5743408203125,1205.9530029296875,1198.4210205078125
M8_YHUR_SLUR,8,HUR,LUR,2025-03-16,2025-03-17,2,TSEC,80.51880645751953,80.03076171875,80.01458740234375,79.8985366821289,80.04547882080078
M8_YHUR_SLUR,8,HUR,LUR,2025-03-16,2025-03-18,3,Yd,1189.2847900390625,1195.8623046875,1182.03173828125,1180.9058837890625,1200.9144287109375
M8_YHUR_SLUR,8,HUR,LUR,2025-03-16,2025-03-18,3,TSE,1194.88134765625,1198.5850830078125,1198.861328125,1205.6087646484375,1198.2572021484375
M8_YHUR_SLUR,8,HUR,LUR,2025-03-16,2025-03-18,3,TSEC,79.59326934814453,80.03076171875,79.85748291015625,80.04316711425781,80.04039764404297
M8_YHUR_SLUR,8,HUR,LUR,2025-03-17,2025-03-17,1,Yd,1232.6951904296875,1195.9390869140625,1196.9947509765625,1200.8946533203125,1197.91259765625
M8_YHUR_SLUR,8,HUR,LUR,2025-03-17,2025-03-17,1,TSE,1192.8282470703125,1198.5906982421875,1200.565673828125,1203.8150634765625,1198.5047607421875
M8_YHUR_SLUR,8,HUR,LUR,2025-03-17,2025-03-17,1,TSEC,80.51880645751953,80.03064727783203,80.00919342041016,80.09767150878906,80.05117797851562
M8_YHUR_SLUR,8,HUR,LUR,2025-03-17,2025-03-18,2,Yd,1189.2847900390625,1195.9390869140625,1190.550048828125,1192.858154296875,1198.201904296875
M8_YHUR_SLUR,8,HUR,LUR,2025-03-17,2025-03-18,2,TSE,1194.88134765625,1198.5906982421875,1196.304931640625,1207.2630615234375,1198.3599853515625
M8_YHUR_SLUR,8,HUR,LUR,2025-03-17,2025-03-18,2,TSEC,79.59326934814453,80.03064727783203,79.88275909423828,80.22811889648438,80.04891967773438
M8_YHUR_SLUR,8,HUR,LUR,2025-03-17,2025-03-19,3,Yd,1474.8656005859375,1195.9390869140625,1190.359619140625,1195.8707275390625,1198.010498046875
M8_YHUR_SLUR,8,HUR,LUR,2025-03-17,2025-03-19,3,TSE,1191.1839599609375,1198.5906982421875,1200.01513671875,1207.6357421875,1198.2037353515625
M8_YHUR_SLUR,8,HUR,LUR,2025-03-17,2025-03-19,3,TSEC,79.54312133789062,80.03064727783203,79.93388366699219,80.22769927978516,80.0425033569336
M8_YHUR_SLUR,8,HUR,LUR,2025-03-18,2025-03-18,1,Yd,1189.2847900390625,1195.984619140625,1179.75537109375,1201.966064453125,1197.6614990234375
M8_YHUR_SLUR,8,HUR,LUR,2025-03-18,2025-03-18,1,TSE,1194.88134765625,1198.58349609375,1197.02490234375,1201.9681396484375,1198.4102783203125
M8_YHUR_SLUR,8,HUR,LUR,2025-03-18,2025-03-18,1,TSEC,79.59326934814453,80.03125762939453,79.87311553955078,80.1166000366211,80.05858612060547
M8_YHUR_SLUR,8,HUR,LUR,2025-03-18,2025-03-19,2,Yd,1474.8656005859375,1195.984619140625,1200.7535400390625,1187.6611328125,1197.4903564453125
M8_YHUR_SLUR,8,HUR,LUR,2025-03-18,2025-03-19,2,TSE,1191.1839599609375,1198.58349609375,1196.888916015625,1201.3721923828125,1198.243896484375
M8_YHUR_SLUR,8,HUR,LUR,2025-03-18,2025-03-19,2,TSEC,79.54312133789062,80.03125762939453,79.94709777832031,80.1346435546875,80.05973052978516
M8_YHUR_SLUR,8,HUR,LUR,2025-03-18,2025-03-20,3,Yd,1275.966796875,1195.984619140625,1176.88427734375,1196.6849365234375,1198.4522705078125
M8_YHUR_SLUR,8,HUR,LUR,2025-03-18,2025-03-20,3,TSE,1206.4422607421875,1198.58349609375,1197.9234619140625,1200.6812744140625,1198.215576171875
M8_YHUR_SLUR,8,HUR,LUR,2025-03-18,2025-03-20,3,TSEC,80.37432098388672,80.03125762939453,80.02163696289062,80.1544189453125,80.06099700927734
M8_YHUR_SLUR,8,HUR,LUR,2025-03-19,2025-03-19,1,Yd,1474.8656005859375,1195.976318359375,1190.16259765625,1195.7052001953125,1196.481689453125
M8_YHUR_SLUR,8,HUR,LUR,2025-03-19,2025-03-19,1,TSE,1191.1839599609375,1198.578857421875,1197.903076171875,1201.3375244140625,1198.3304443359375
M8_YHUR_SLUR,8,HUR,LUR,2025-03-19,2025-03-19,1,TSEC,79.54312133789062,80.03071594238281,79.93453216552734,80.37550354003906,80.05949401855469
M8_YHUR_SLUR,8,HUR,LUR,2025-03-19,2025-03-20,2,Yd,1275.966796875,1195.976318359375,1194.91455078125,1210.368408203125,1198.3795166015625
M8_YHUR_SLUR,8,HUR,LUR,2025-03-19,2025-03-20,2,TSE,1206.4422607421875,1198.578857421875,1197.1224365234375,1202.0325927734375,1198.228271484375
M8_YHUR_SLUR,8,HUR,LUR,2025-03-19,2025-03-20,2,TSEC,80.37432098388672,80.03071594238281,80.01558685302734,80.23983001708984,80.07139587402344
M8_YHUR_SLUR,8,HUR,LUR,2025-03-19,2025-03-21,3,Yd,1107.97900390625,1195.976318359375,1192.77880859375,1215.00244140625,1201.38623046875
M8_YHUR_SLUR,8,HUR,LUR,2025-03-19,2025-03-21,3,TSE,1210.867431640625,1198.578857421875,1197.8778076171875,1199.7734375,1198.251708984375
M8_YHUR_SLUR,8,HUR,LUR,2025-03-19,2025-03-21,3,TSEC,80.76140594482422,80.03071594238281,79.91905975341797,80.23979949951172,80.08470153808594
M8_YHUR_SLUR,8,HUR,LUR,2025-03-20,2025-03-20,1,Yd,1275.966796875,1196.321044921875,1190.08203125,1198.65478515625,1197.7197265625
M8_YHUR_SLUR,8,HUR,LUR,2025-03-20,2025-03-20,1,TSE,1206.4422607421875,1198.56982421875,1199.1539306640625,1196.91455078125,1198.3665771484375
M8_YHUR_SLUR,8,HUR,LUR,2025-03-20,2025-03-20,1,TSEC,80.37432098388672,80.03011322021484,80.00138092041016,80.30897521972656,80.05778503417969
M8_YHUR_SLUR,8,HUR,LUR,2025-03-20,2025-03-21,2,Yd,1107.97900390625,1196.321044921875,1200.4407958984375,1188.7657470703125,1200.75
M8_YHUR_SLUR,8,HUR,LUR,2025-03-20,2025-03-21,2,TSE,1210.867431640625,1198.56982421875,1197.46875,1198.5023193359375,1198.28173828125
M8_YHUR_SLUR,8,HUR,LUR,2025-03-20,2025-03-21,2,TSEC,80.76140594482422,80.03011322021484,79.9192123413086,80.21424865722656,80.07042694091797
M8_YHUR_SLUR,8,HUR,LUR,2025-03-20,2025-03-22,3,Yd,1315.744384765625,1196.321044921875,1191.215576171875,1187.91357421875,1203.128173828125
M8_YHUR_SLUR,8,HUR,LUR,2025-03-20,2025-03-22,3,TSE,1195.08447265625,1198.56982421875,1199.07470703125,1198.4892578125,1198.2818603515625
M8_YHUR_SLUR,8,HUR,LUR,2025-03-20,2025-03-22,3,TSEC,79.00448608398438,80.03011322021484,80.03614044189453,80.16254425048828,80.08102416992188
M8_YHUR_SLUR,8,HUR,LUR,2025-03-21,2025-03-21,1,Yd,1107.97900390625,1196.41943359375,1193.891357421875,1179.2760009765625,1198.5653076171875
M8_YHUR_SLUR,8,HUR,LUR,2025-03-21,2025-03-21,1,TSE,1210.867431640625,1198.5794677734375,1198.31982421875,1200.3134765625,1198.41259765625
M8_YHUR_SLUR,8,HUR,LUR,2025-03-21,2025-03-21,1,TSEC,80.76140594482422,80.03053283691406,79.92735290527344,80.15670776367188,80.05426788330078
M8_YHUR_SLUR,8,HUR,LUR,2025-03-21,2025-03-22,2,Yd,1315.744384765625,1196.41943359375,1199.9200439453125,1185.831298828125,1200.9376220703125
M8_YHUR_SLUR,8,HUR,LUR,2025-03-21,2025-03-22,2,TSE,1195.08447265625,1198.5794677734375,1200.3468017578125,1200.4002685546875,1198.3555908203125
M8_YHUR_SLUR,8,HUR,LUR,2025-03-21,2025-03-22,2,TSEC,79.00448608398438,80.03053283691406,80.04904174804688,79.82122802734375,80.06796264648438
M8_YHUR_SLUR,8,HUR,LUR,2025-03-21,2025-03-23,3,Yd,1145.3670654296875,1196.41943359375,1191.6116943359375,1213.9302978515625,1202.4420166015625
M8_YHUR_SLUR,8,HUR,LUR,2025-03-21,2025-03-23,3,TSE,1186.3270263671875,1198.5794677734375,1200.7926025390625,1199.177001953125,1198.3597412109375
M8_YHUR_SLUR,8,HUR,LUR,2025-03-21,2025-03-23,3,TSEC,80.29278564453125,80.03053283691406,79.89813995361328,79.9061279296875,80.07685089111328
M8_YHUR_SLUR,8,HUR,LUR,2025-03-22,2025-03-22,1,Yd,1315.744384765625,1196.310302734375,1194.97705078125,1211.3739013671875,1197.9019775390625
M8_YHUR_SLUR,8,HUR,LUR,2025-03-22,2025-03-22,1,TSE,1195.08447265625,1198.5946044921875,1200.1165771484375,1200.3961181640625,1198.49072265625
M8_YHUR_SLUR,8,HUR,LUR,2025-03-22,2025-03-22,1,TSEC,79.00448608398438,80.03144073486328,80.05343627929688,79.88383483886719,80.05401611328125
M8_YHUR_SLUR,8,HUR,LUR,2025-03-22,2025-03-23,2,Yd,1145.3670654296875,1196.310302734375,1191.92431640625,1186.2159423828125,1199.394287109375
M8_YHUR_SLUR,8,HUR,LUR,2025-03-22,2025-03-23,2,TSE,1186.3270263671875,1198.5946044921875,1201.1820068359375,1202.4044189453125,1198.423583984375
M8_YHUR_SLUR,8,HUR,LUR,2025-03-22,2025-03-23,2,TSEC,80.29278564453125,80.03144073486328,79.88064575195312,79.91442108154297,80.05329132080078
M8_YHUR_SLUR,8,HUR,LUR,2025-03-22,2025-03-24,3,Yd,1050.4354248046875,1196.310302734375,1215.507568359375,1190.252197265625,1199.4013671875
M8_YHUR_SLUR,8,HUR,LUR,2025-03-22,2025-03-24,3,TSE,1202.1436767578125,1198.5946044921875,1200.38330078125,1200.5086669921875,1198.2783203125
M8_YHUR_SLUR,8,HUR,LUR,2025-03-22,2025-03-24,3,TSEC,79.07576751708984,80.03144073486328,80.0320053100586,79.99050903320312,80.04842376708984
M8_YHUR_SLUR,8,HUR,LUR,2025-03-23,2025-03-23,1,Yd,1145.3670654296875,1196.4573974609375,1193.61572265625,1204.1156005859375,1196.1737060546875
M8_YHUR_SLUR,8,HUR,LUR,2025-03-23,2025-03-23,1,TSE,1186.3270263671875,1198.59033203125,1197.09033203125,1201.4853515625,1198.4820556640625
M8_YHUR_SLUR,8,HUR,LUR,2025-03-23,2025-03-23,1,TSEC,80.29278564453125,80.0301742553711,79.85163116455078,80.04344177246094,80.0488510131836
M8_YHUR_SLUR,8,HUR,LUR,2025-03-23,2025-03-24,2,Yd,1050.4354248046875,1196.4573974609375,1198.4140625,1215.589111328125,1195.579833984375
M8_YHUR_SLUR,8,HUR,LUR,2025-03-23,2025-03-24,2,TSE,1202.1436767578125,1198.59033203125,1197.3704833984375,1203.29248046875,1198.3253173828125
M8_YHUR_SLUR,8,HUR,LUR,2025-03-23,2025-03-24,2,TSEC,79.07576751708984,80.0301742553711,80.0443344116211,80.0556640625,80.04936981201172
M8_YHUR_SLUR,8,HUR,LUR,2025-03-23,2025-03-25,3,Yd,1130.5115966796875,1196.4573974609375,1193.3187255859375,1207.513916015625,1195.238525390625
M8_YHUR_SLUR,8,HUR,LUR,2025-03-23,2025-03-25,3,TSE,1191.2318115234375,1198.59033203125,1198.0712890625,1203.1573486328125,1198.130126953125
M8_YHUR_SLUR,8,HUR,LUR,2025-03-23,2025-03-25,3,TSEC,80.45002746582031,80.0301742553711,79.8360595703125,80.25023651123047,80.04638671875
M8_YHUR_SLUR,8,HUR,LUR,2025-03-24,2025-03-24,1,Yd,1050.4354248046875,1196.3946533203125,1200.3829345703125,1216.0767822265625,1196.85107421875
M8_YHUR_SLUR,8,HUR,LUR,2025-03-24,2025-03-24,1,TSE,1202.1436767578125,1198.5753173828125,1197.474365234375,1198.59130859375,1198.435546875
M8_YHUR_SLUR,8,HUR,LUR,2025-03-24,2025-03-24,1,TSEC,79.07576751708984,80.0304946899414,80.04937744140625,79.88675689697266,80.05093383789062
M8_YHUR_SLUR,8,HUR,LUR,2025-03-24,2025-03-25,2,Yd,1130.5115966796875,1196.3946533203125,1190.15185546875,1222.6800537109375,1196.48974609375
M8_YHUR_SLUR,8,HUR,LUR,2025-03-24,2025-03-25,2,TSE,1191.2318115234375,1198.5753173828125,1196.66162109375,1199.45263671875,1198.2303466796875
M8_YHUR_SLUR,8,HUR,LUR,2025-03-24,2025-03-25,2,TSEC,80.45002746582031,80.0304946899414,79.8313217163086,80.0149154663086,80.05030059814453
M8_YHUR_SLUR,8,HUR,LUR,2025-03-24,2025-03-26,3,Yd,1450.4676513671875,1196.3946533203125,1188.280029296875,1214.92724609375,1195.5697021484375
M8_YHUR_SLUR,8,HUR,LUR,2025-03-24,2025-03-26,3,TSE,1191.506103515625,1198.5753173828125,1197.1558837890625,1197.7916259765625,1198.0760498046875
M8_YHUR_SLUR,8,HUR,LUR,2025-03-24,2025-03-26,3,TSEC,79.23836517333984,80.0304946899414,79.9332275390625,80.1421127319336,80.04505920410156
M8_YHUR_SLUR,8,HUR,LUR,2025-03-25,2025-03-25,1,Yd,1130.5115966796875,1196.21533203125,1184.74755859375,1215.982421875,1196.406005859375
M8_YHUR_SLUR,8,HUR,LUR,2025-03-25,2025-03-25,1,TSE,1191.2318115234375,1198.5797119140625,1196.6693115234375,1200.5286865234375,1198.3167724609375
M8_YHUR_SLUR,8,HUR,LUR,2025-03-25,2025-03-25,1,TSEC,80.45002746582031,80.0293197631836,79.9068832397461,79.84765625,80.05247497558594
M8_YHUR_SLUR,8,HUR,LUR,2025-03-25,2025-03-26,2,Yd,1450.4676513671875,1196.21533203125,1192.362548828125,1209.6182861328125,1195.432861328125
M8_YHUR_SLUR,8,HUR,LUR,2025-03-25,2025-03-26,2,TSE,1191.506103515625,1198.5797119140625,1198.1749267578125,1199.5601806640625,1198.1187744140625
M8_YHUR_SLUR,8,HUR,LUR,2025-03-25,2025-03-26,2,TSEC,79.23836517333984,80.0293197631836,79.96127319335938,80.14981842041016,80.04926300048828
M8_YHUR_SLUR,8,HUR,LUR,2025-03-25,2025-03-27,3,Yd,1064.929443359375,1196.21533203125,1183.2100830078125,1199.0675048828125,1196.625732421875
M8_YHUR_SLUR,8,HUR,LUR,2025-03-25,2025-03-27,3,TSE,1191.344482421875,1198.5797119140625,1197.8006591796875,1198.125732421875,1198.0421142578125
M8_YHUR_SLUR,8,HUR,LUR,2025-03-25,2025-03-27,3,TSEC,79.87384033203125,80.0293197631836,79.9814682006836,80.15022277832031,80.05467987060547
M8_YHUR_SLUR,8,HUR,LUR,2025-03-26,2025-03-26,1,Yd,1450.4676513671875,1196.1346435546875,1188.6710205078125,1216.611328125,1196.7518310546875
M8_YHUR_SLUR,8,HUR,LUR,2025-03-26,2025-03-26,1,TSE,1191.506103515625,1198.5706787109375,1198.0528564453125,1198.477783203125,1198.2880859375
M8_YHUR_SLUR,8,HUR,LUR,2025-03-26,2025-03-26,1,TSEC,79.23836517333984,80.02983856201172,79.96351623535156,79.97704315185547,80.05608367919922
M8_YHUR_SLUR,8,HUR,LUR,2025-03-26,2025-03-27,2,Yd,1064.929443359375,1196.1346435546875,1187.626708984375,1192.95654296875,1197.828857421875
M8_YHUR_SLUR,8,HUR,LUR,2025-03-26,2025-03-27,2,TSE,1191.344482421875,1198.5706787109375,1197.794189453125,1197.502197265625,1198.1302490234375
M8_YHUR_SLUR,8,HUR,LUR,2025-03-26,2025-03-27,2,TSEC,79.87384033203125,80.02983856201172,79.93028259277344,79.88352966308594,80.06476593017578
M8_YHUR_SLUR,8,HUR,LUR,2025-03-26,2025-03-28,3,Yd,1373.9329833984375,1196.1346435546875,1195.11962890625,1211.492431640625,1200.8104248046875
M8_YHUR_SLUR,8,HUR,LUR,2025-03-26,2025-03-28,3,TSE,1193.939453125,1198.5706787109375,1199.1978759765625,1195.927978515625,1198.087158203125
M8_YHUR_SLUR,8,HUR,LUR,2025-03-26,2025-03-28,3,TSEC,79.9514389038086,80.02983856201172,79.96280670166016,79.99118041992188,80.0772705078125
M8_YHUR_SLUR,8,HUR,LUR,2025-03-27,2025-03-27,1,Yd,1064.929443359375,1196.4464111328125,1185.85302734375,1204.6666259765625,1197.230712890625
M8_YHUR_SLUR,8,HUR,LUR,2025-03-27,2025-03-27,1,TSE,1191.344482421875,1198.56201171875,1198.3642578125,1198.9017333984375,1198.2860107421875
M8_YHUR_SLUR,8,HUR,LUR,2025-03-27,2025-03-27,1,TSEC,79.87384033203125,80.02886962890625,79.962646484375,80.05074310302734,80.05403900146484
M8_YHUR_SLUR,8,HUR,LUR,2025-03-27,2025-03-28,2,Yd,1373.9329833984375,1196.4464111328125,1192.4666748046875,1218.712158203125,1199.962158203125
M8_YHUR_SLUR,8,HUR,LUR,2025-03-27,2025-03-28,2,TSE,1193.939453125,1198.56201171875,1199.0570068359375,1197.078369140625,1198.135986328125
M8_YHUR_SLUR,8,HUR,LUR,2025-03-27,2025-03-28,2,TSEC,79.9514389038086,80.02886962890625,79.97296905517578,79.98184204101562,80.06355285644531
M8_YHUR_SLUR,8,HUR,LUR,2025-03-27,2025-03-29,3,Yd,1335.9049072265625,1196.4464111328125,1194.177978515625,1209.3134765625,1202.6102294921875
M8_YHUR_SLUR,8,HUR,LUR,2025-03-27,2025-03-29,3,TSE,1203.9483642578125,1198.56201171875,1199.68115234375,1198.7034912109375,1198.0863037109375
M8_YHUR_SLUR,8,HUR,LUR,2025-03-27,2025-03-29,3,TSEC,78.86023712158203,80.02886962890625,79.95989227294922,79.9508056640625,80.06928253173828
M8_YHUR_SLUR,8,HUR,LUR,2025-03-28,2025-03-28,1,Yd,1373.9329833984375,1196.285400390625,1193.1925048828125,1204.326171875,1198.5301513671875
M8_YHUR_SLUR,8,HUR,LUR,2025-03-28,2025-03-28,1,TSE,1193.939453125,1198.55322265625,1199.361572265625,1199.986328125,1198.34521484375
M8_YHUR_SLUR,8,HUR,LUR,2025-03-28,2025-03-28,1,TSEC,79.9514389038086,80.02867889404297,79.99131774902344,79.90201568603516,80.04833984375
M8_YHUR_SLUR,8,HUR,LUR,2025-03-28,2025-03-29,2,Yd,1335.9049072265625,1196.285400390625,1197.3974609375,1176.4296875,1201.0096435546875
M8_YHUR_SLUR,8,HUR,LUR,2025-03-28,2025-03-29,2,TSE,1203.9483642578125,1198.55322265625,1197.9725341796875,1197.9072265625,1198.1810302734375
M8_YHUR_SLUR,8,HUR,LUR,2025-03-28,2025-03-29,2,TSEC,78.86023712158203,80.02867889404297,80.00994110107422,79.69562530517578,80.05198669433594
M8_YHUR_SLUR,8,HUR,LUR,2025-03-28,2025-03-30,3,Yd,1094.48828125,1196.285400390625,1191.0032958984375,1208.1492919921875,1201.6495361328125
M8_YHUR_SLUR,8,HUR,LUR,2025-03-28,2025-03-30,3,TSE,1213.4954833984375,1198.55322265625,1198.2833251953125,1196.569091796875,1198.02685546875
M8_YHUR_SLUR,8,HUR,LUR,2025-03-28,2025-03-30,3,TSEC,79.25236511230469,80.02867889404297,79.87850189208984,79.83063507080078,80.053955078125
M8_YHUR_SLUR,8,HUR,LUR,2025-03-29,2025-03-29,1,Yd,1335.9049072265625,1196.5025634765625,1191.376708984375,1217.0296630859375,1197.6246337890625
M8_YHUR_SLUR,8,HUR,LUR,2025-03-29,2025-03-29,1,TSE,1203.9483642578125,1198.5474853515625,1197.5526123046875,1198.8714599609375,1198.4283447265625
M8_YHUR_SLUR,8,HUR,LUR,2025-03-29,2025-03-29,1,TSEC,78.86023712158203,80.0285873413086,79.93376922607422,80.05276489257812,80.04711151123047
M8_YHUR_SLUR,8,HUR,LUR,2025-03-29,2025-03-30,2,Yd,1094.48828125,1196.5025634765625,1197.364013671875,1223.51513671875,1197.9058837890625
M8_YHUR_SLUR,8,HUR,LUR,2025-03-29,2025-03-30,2,TSE,1213.4954833984375,1198.5474853515625,1199.0340576171875,1201.761962890625,1198.305419921875
M8_YHUR_SLUR,8,HUR,LUR,2025-03-29,2025-03-30,2,TSEC,79.25236511230469,80.0285873413086,79.92269897460938,79.97039031982422,80.0496826171875
M8_YHUR_SLUR,8,HUR,LUR,2025-03-29,2025-03-31,3,Yd,1064.281005859375,1196.5025634765625,1204.5126953125,1205.0579833984375,1196.9132080078125
M8_YHUR_SLUR,8,HUR,LUR,2025-03-29,2025-03-31,3,TSE,1175.0770263671875,1198.5474853515625,1197.623046875,1200.9417724609375,1198.1064453125
M8_YHUR_SLUR,8,HUR,LUR,2025-03-29,2025-03-31,3,TSEC,79.42549896240234,80.0285873413086,79.957275390625,80.09298706054688,80.0428695678711
M8_YHUR_SLUR,8,HUR,LUR,2025-03-30,2025-03-30,1,Yd,1094.48828125,1196.6727294921875,1198.468994140625,1194.890625,1195.6348876953125
M8_YHUR_SLUR,8,HUR,LUR,2025-03-30,2025-03-30,1,TSE,1213.4954833984375,1198.55419921875,1198.6998291015625,1200.203369140625,1198.4056396484375
M8_YHUR_SLUR,8,HUR,LUR,2025-03-30,2025-03-30,1,TSEC,79.25236511230469,80.02716064453125,79.91661834716797,80.06002807617188,80.04299926757812
M8_YHUR_SLUR,8,HUR,LUR,2025-03-30,2025-03-31,2,Yd,1064.281005859375,1196.6727294921875,1195.2059326171875,1205.7132568359375,1194.397216796875
M8_YHUR_SLUR,8,HUR,LUR,2025-03-30,2025-03-31,2,TSE,1175.0770263671875,1198.55419921875,1198.5726318359375,1202.619140625,1198.2252197265625
M8_YHUR_SLUR,8,HUR,LUR,2025-03-30,2025-03-31,2,TSEC,79.42549896240234,80.02716064453125,79.94491577148438,80.14879608154297,80.0433578491211
M8_YHUR_SLUR,8,HUR,LUR,2025-03-30,2025-04-01,3,Yd,1469.6236572265625,1196.6727294921875,1197.9398193359375,1195.561279296875,1193.8143310546875
M8_YHUR_SLUR,8,HUR,LUR,2025-03-30,2025-04-01,3,TSE,1195.853759765625,1198.55419921875,1195.493408203125,1202.7635498046875,1198.0047607421875
M8_YHUR_SLUR,8,HUR,LUR,2025-03-30,2025-04-01,3,TSEC,79.86843872070312,80.02716064453125,79.90636444091797,80.29590606689453,80.0393295288086
