case_id,M,yd_level,solar_level,origin_date,target_date,step,variable,true,MEAN,ARIMA,RNN,LSTM
M10_YLUR_SHUR,10,LUR,HUR,2024-12-31,2024-12-31,1,Yd,1487.3865966796875,1499.906494140625,1499.961669921875,1504.3173828125,1499.5537109375
M10_YLUR_SHUR,10,LUR,HUR,2024-12-31,2024-12-31,1,TSE,1299.6690673828125,1501.2760009765625,1512.4351806640625,1544.8250732421875,1496.8685302734375
M10_YLUR_SHUR,10,LUR,HUR,2024-12-31,2024-12-31,1,TSEC,110.62539672851562,100.03082275390625,99.19450378417969,102.83515930175781,100.14435577392578
M10_YLUR_SHUR,10,LUR,HUR,2024-12-31,2025-01-01,2,Yd,1510.60205078125,1499.906494140625,1500.66455078125,1505.7926025390625,1499.0037841796875
M10_YLUR_SHUR,10,LUR,HUR,2024-12-31,2025-01-01,2,TSE,1237.3370361328125,1501.2760009765625,1500.5057373046875,1520.6236572265625,1496.6986083984375
M10_YLUR_SHUR,10,LUR,HUR,2024-12-31,2025-01-01,2,TSEC,100.03728485107422,100.03082275390625,99.99755096435547,99.29618835449219,100.05683135986328
M10_YLUR_SHUR,10,LUR,HUR,2024-12-31,2025-01-02,3,Yd,1492.02685546875,1499.906494140625,1500.0146484375,1499.3756103515625,1498.6744384765625
M10_YLUR_SHUR,10,LUR,HUR,2024-12-31,2025-01-02,3,TSE,1430.0052490234375,1501.2760009765625,1522.225830078125,1513.8717041015625,1500.6982421875
M10_YLUR_SHUR,10,LUR,HUR,2024-12-31,2025-01-02,3,TSEC,94.22614288330078,100.03082275390625,99.24777221679688,99.08031463623047,99.78072357177734
M10_YLUR_SHUR,10,LUR,HUR,2025-01-01,2025-01-01,1,Yd,1510.60205078125,1499.889404296875,1498.4573974609375,1500.1405029296875,1499.37939453125
M10_YLUR_SHUR,10,LUR,HUR,2025-01-01,2025-01-01,1,TSE,1237.3370361328125,1501.0003662109375,1508.4664306640625,1512.4736328125,1501.600341796875
M10_YLUR_SHUR,10,LUR,HUR,2025-01-01,2025-01-01,1,TSEC,100.03728485107422,100.0453109741211,100.95052337646484,102.82018280029297,99.97026824951172
M10_YLUR_SHUR,10,LUR,HUR,2025-01-01,2025-01-02,2,Yd,1492.02685546875,1499.889404296875,1501.029296875,1498.2020263671875,1498.84033203125
M10_YLUR_SHUR,10,LUR,HUR,2025-01-01,2025-01-02,2,TSE,1430.0052490234375,1501.0003662109375,1513.6568603515625,1531.6854248046875,1504.88916015625
M10_YLUR_SHUR,10,LUR,HUR,2025-01-01,2025-01-02,2,TSEC,94.22614288330078,100.0453109741211,97.79015350341797,104.44121551513672,99.79606628417969
M10_YLUR_SHUR,10,LUR,HUR,2025-01-01,2025-01-03,3,Yd,1521.640869140625,1499.889404296875,1498.2869873046875,1495.99560546875,1498.770263671875
M10_YLUR_SHUR,10,LUR,HUR,2025-01-01,2025-01-03,3,TSE,1645.66748046875,1501.0003662109375,1517.2451171875,1554.7384033203125,1505.8843994140625
M10_YLUR_SHUR,10,LUR,HUR,2025-01-01,2025-01-03,3,TSEC,90.5760726928711,100.0453109741211,100.85997009277344,103.98657989501953,99.64933776855469
M10_YLUR_SHUR,10,LUR,HUR,2025-01-02,2025-01-02,1,Yd,1492.02685546875,1499.904052734375,1498.4901123046875,1499.0352783203125,1499.408447265625
M10_YLUR_SHUR,10,LUR,HUR,2025-01-02,2025-01-02,1,TSE,1430.0052490234375,1500.6400146484375,1508.6072998046875,1495.89892578125,1505.3558349609375
M10_YLUR_SHUR,10,LUR,HUR,2025-01-02,2025-01-02,1,TSEC,94.22614288330078,100.04529571533203,99.13355255126953,102.16938781738281,99.91152954101562
M10_YLUR_SHUR,10,LUR,HUR,2025-01-02,2025-01-03,2,Yd,1521.640869140625,1499.904052734375,1500.93017578125,1499.5740966796875,1499.16259765625
M10_YLUR_SHUR,10,LUR,HUR,2025-01-02,2025-01-03,2,TSE,1645.66748046875,1500.6400146484375,1505.85498046875,1494.6947021484375,1506.1102294921875
M10_YLUR_SHUR,10,LUR,HUR,2025-01-02,2025-01-03,2,TSEC,90.5760726928711,100.04529571533203,100.8389663696289,101.77745056152344,99.86293029785156
M10_YLUR_SHUR,10,LUR,HUR,2025-01-02,2025-01-04,3,Yd,1508.333984375,1499.904052734375,1499.262939453125,1504.9024658203125,1499.5953369140625
M10_YLUR_SHUR,10,LUR,HUR,2025-01-02,2025-01-04,3,TSE,1460.2630615234375,1500.6400146484375,1504.9993896484375,1492.775390625,1504.86865234375
M10_YLUR_SHUR,10,LUR,HUR,2025-01-02,2025-01-04,3,TSEC,91.70935821533203,100.04529571533203,99.14900207519531,101.35508728027344,99.93360137939453
M10_YLUR_SHUR,10,LUR,HUR,2025-01-03,2025-01-03,1,Yd,1521.640869140625,1499.8931884765625,1499.482177734375,1500.269775390625,1499.7265625
M10_YLUR_SHUR,10,LUR,HUR,2025-01-03,2025-01-03,1,TSE,1645.66748046875,1500.543701171875,1521.0567626953125,1496.0234375,1503.7398681640625
M10_YLUR_SHUR,10,LUR,HUR,2025-01-03,2025-01-03,1,TSEC,90.5760726928711,100.03736877441406,100.61418914794922,101.09002685546875,99.91119384765625
M10_YLUR_SHUR,10,LUR,HUR,2025-01-03,2025-01-04,2,Yd,1508.333984375,1499.8931884765625,1501.07666015625,1496.3621826171875,1499.9796142578125
M10_YLUR_SHUR,10,LUR,HUR,2025-01-03,2025-01-04,2,TSE,1460.2630615234375,1500.543701171875,1511.7679443359375,1481.1708984375,1501.4969482421875
M10_YLUR_SHUR,10,LUR,HUR,2025-01-03,2025-01-04,2,TSEC,91.70935821533203,100.03736877441406,99.14461517333984,102.95185852050781,99.95023345947266
M10_YLUR_SHUR,10,LUR,HUR,2025-01-03,2025-01-05,3,Yd,1521.5498046875,1499.8931884765625,1501.0762939453125,1500.1851806640625,1500.30126953125
M10_YLUR_SHUR,10,LUR,HUR,2025-01-03,2025-01-05,3,TSE,1596.6727294921875,1500.543701171875,1535.805419921875,1523.3939208984375,1498.6123046875
M10_YLUR_SHUR,10,LUR,HUR,2025-01-03,2025-01-05,3,TSEC,97.15372467041016,100.03736877441406,100.39030456542969,101.40727996826172,100.13633728027344
M10_YLUR_SHUR,10,LUR,HUR,2025-01-04,2025-01-04,1,Yd,1508.333984375,1499.9228515625,1497.9371337890625,1504.425537109375,1500.218505859375
M10_YLUR_SHUR,10,LUR,HUR,2025-01-04,2025-01-04,1,TSE,1460.2630615234375,1500.741455078125,1499.9866943359375,1465.6494140625,1500.450439453125
M10_YLUR_SHUR,10,LUR,HUR,2025-01-04,2025-01-04,1,TSEC,91.70935821533203,100.02448272705078,99.43363952636719,102.50847625732422,100.01966857910156
M10_YLUR_SHUR,10,LUR,HUR,2025-01-04,2025-01-05,2,Yd,1521.5498046875,1499.9228515625,1501.8424072265625,1508.2745361328125,1500.338134765625
M10_YLUR_SHUR,10,LUR,HUR,2025-01-04,2025-01-05,2,TSE,1596.6727294921875,1500.741455078125,1508.4759521484375,1451.71142578125,1497.3489990234375
M10_YLUR_SHUR,10,LUR,HUR,2025-01-04,2025-01-05,2,TSEC,97.15372467041016,100.02448272705078,100.05032348632812,99.34220123291016,100.16048431396484
M10_YLUR_SHUR,10,LUR,HUR,2025-01-04,2025-01-06,3,Yd,1494.6353759765625,1499.9228515625,1499.320556640625,1508.564453125,1500.10986328125
M10_YLUR_SHUR,10,LUR,HUR,2025-01-04,2025-01-06,3,TSE,1758.8187255859375,1500.741455078125,1504.864990234375,1496.508056640625,1493.147216796875
M10_YLUR_SHUR,10,LUR,HUR,2025-01-04,2025-01-06,3,TSEC,81.05242156982422,100.02448272705078,99.40309143066406,99.24064636230469,100.31328582763672
M10_YLUR_SHUR,10,LUR,HUR,2025-01-05,2025-01-05,1,Yd,1521.5498046875,1499.934326171875,1501.5169677734375,1503.175048828125,1500.181396484375
M10_YLUR_SHUR,10,LUR,HUR,2025-01-05,2025-01-05,1,TSE,1596.6727294921875,1500.6864013671875,1499.4576416015625,1477.89892578125,1497.5224609375
M10_YLUR_SHUR,10,LUR,HUR,2025-01-05,2025-01-05,1,TSEC,97.15372467041016,100.0131607055664,100.56452178955078,101.52913665771484,100.09475708007812
M10_YLUR_SHUR,10,LUR,HUR,2025-01-05,2025-01-06,2,Yd,1494.6353759765625,1499.934326171875,1500.0238037109375,1502.505859375,1499.9161376953125
M10_YLUR_SHUR,10,LUR,HUR,2025-01-05,2025-01-06,2,TSE,1758.8187255859375,1500.6864013671875,1516.16455078125,1482.968994140625,1493.0701904296875
M10_YLUR_SHUR,10,LUR,HUR,2025-01-05,2025-01-06,2,TSEC,81.05242156982422,100.0131607055664,99.1530532836914,101.85757446289062,100.21882629394531
M10_YLUR_SHUR,10,LUR,HUR,2025-01-05,2025-01-07,3,Yd,1494.48681640625,1499.934326171875,1501.1241455078125,1501.7310791015625,1499.3621826171875
M10_YLUR_SHUR,10,LUR,HUR,2025-01-05,2025-01-07,3,TSE,1288.0950927734375,1500.6864013671875,1502.7376708984375,1500.7322998046875,1489.416015625
M10_YLUR_SHUR,10,LUR,HUR,2025-01-05,2025-01-07,3,TSEC,100.10477447509766,100.0131607055664,100.54098510742188,98.28933715820312,100.41387176513672
M10_YLUR_SHUR,10,LUR,HUR,2025-01-06,2025-01-06,1,Yd,1494.6353759765625,1499.963623046875,1498.364501953125,1503.2269287109375,1499.82373046875
M10_YLUR_SHUR,10,LUR,HUR,2025-01-06,2025-01-06,1,TSE,1758.8187255859375,1500.81689453125,1511.826904296875,1513.6751708984375,1497.1363525390625
M10_YLUR_SHUR,10,LUR,HUR,2025-01-06,2025-01-06,1,TSEC,81.05242156982422,100.00927734375,99.0428466796875,99.52745819091797,100.13001251220703
M10_YLUR_SHUR,10,LUR,HUR,2025-01-06,2025-01-07,2,Yd,1494.48681640625,1499.963623046875,1501.896240234375,1507.6646728515625,1499.3662109375
M10_YLUR_SHUR,10,LUR,HUR,2025-01-06,2025-01-07,2,TSE,1288.0950927734375,1500.81689453125,1501.36865234375,1474.6988525390625,1493.3642578125
M10_YLUR_SHUR,10,LUR,HUR,2025-01-06,2025-01-07,2,TSEC,100.10477447509766,100.00927734375,100.60032653808594,98.38063049316406,100.15805053710938
M10_YLUR_SHUR,10,LUR,HUR,2025-01-06,2025-01-08,3,Yd,1483.8184814453125,1499.963623046875,1499.2540283203125,1504.4547119140625,1498.9224853515625
M10_YLUR_SHUR,10,LUR,HUR,2025-01-06,2025-01-08,3,TSE,1291.959716796875,1500.81689453125,1500.113525390625,1541.7020263671875,1495.22119140625
M10_YLUR_SHUR,10,LUR,HUR,2025-01-06,2025-01-08,3,TSEC,104.22451782226562,100.00927734375,99.0707778930664,99.00467681884766,99.923828125
M10_YLUR_SHUR,10,LUR,HUR,2025-01-07,2025-01-07,1,Yd,1494.48681640625,1499.9564208984375,1503.2515869140625,1498.78271484375,1499.6156005859375
M10_YLUR_SHUR,10,LUR,HUR,2025-01-07,2025-01-07,1,TSE,1288.0950927734375,1501.1668701171875,1506.0858154296875,1477.140869140625,1496.82080078125
M10_YLUR_SHUR,10,LUR,HUR,2025-01-07,2025-01-07,1,TSEC,100.10477447509766,99.98355865478516,99.3332748413086,101.75161743164062,100.10985565185547
M10_YLUR_SHUR,10,LUR,HUR,2025-01-07,2025-01-08,2,Yd,1483.8184814453125,1499.9564208984375,1498.4432373046875,1498.9609375,1499.2059326171875
M10_YLUR_SHUR,10,LUR,HUR,2025-01-07,2025-01-08,2,TSE,1291.959716796875,1501.1668701171875,1514.390625,1455.970947265625,1496.874755859375
M10_YLUR_SHUR,10,LUR,HUR,2025-01-07,2025-01-08,2,TSEC,104.22451782226562,99.98355865478516,100.65170288085938,101.53598022460938,99.92520904541016
M10_YLUR_SHUR,10,LUR,HUR,2025-01-07,2025-01-09,3,Yd,1503.872802734375,1499.9564208984375,1504.1478271484375,1496.9954833984375,1498.9703369140625
M10_YLUR_SHUR,10,LUR,HUR,2025-01-07,2025-01-09,3,TSE,1626.1151123046875,1501.1668701171875,1512.4976806640625,1489.7286376953125,1500.9073486328125
M10_YLUR_SHUR,10,LUR,HUR,2025-01-07,2025-01-09,3,TSEC,110.8434829711914,99.98355865478516,97.57279968261719,104.78304290771484,99.61091613769531
M10_YLUR_SHUR,10,LUR,HUR,2025-01-08,2025-01-08,1,Yd,1483.8184814453125,1499.9488525390625,1500.0516357421875,1501.89794921875,1499.48974609375
M10_YLUR_SHUR,10,LUR,HUR,2025-01-08,2025-01-08,1,TSE,1291.959716796875,1500.878173828125,1521.0111083984375,1495.1788330078125,1500.1036376953125
M10_YLUR_SHUR,10,LUR,HUR,2025-01-08,2025-01-08,1,TSEC,104.22451782226562,99.98371887207031,100.75392150878906,102.49414825439453,99.95054626464844
M10_YLUR_SHUR,10,LUR,HUR,2025-01-08,2025-01-09,2,Yd,1503.872802734375,1499.9488525390625,1501.1578369140625,1500.21875,1499.1300048828125
M10_YLUR_SHUR,10,LUR,HUR,2025-01-08,2025-01-09,2,TSE,1626.1151123046875,1500.878173828125,1509.687255859375,1518.302734375,1501.642822265625
M10_YLUR_SHUR,10,LUR,HUR,2025-01-08,2025-01-09,2,TSEC,110.8434829711914,99.98371887207031,97.49882507324219,106.20938110351562,99.70128631591797
M10_YLUR_SHUR,10,LUR,HUR,2025-01-08,2025-01-10,3,Yd,1481.0699462890625,1499.9488525390625,1500.2969970703125,1493.391845703125,1499.2271728515625
M10_YLUR_SHUR,10,LUR,HUR,2025-01-08,2025-01-10,3,TSE,1417.83251953125,1500.878173828125,1506.8487548828125,1482.6131591796875,1501.1649169921875
M10_YLUR_SHUR,10,LUR,HUR,2025-01-08,2025-01-10,3,TSEC,99.87698364257812,99.98371887207031,100.56773376464844,105.0370101928711,99.47188568115234
M10_YLUR_SHUR,10,LUR,HUR,2025-01-09,2025-01-09,1,Yd,1503.872802734375,1499.9271240234375,1501.97119140625,1501.39599609375,1499.5516357421875
M10_YLUR_SHUR,10,LUR,HUR,2025-01-09,2025-01-09,1,TSE,1626.1151123046875,1500.5955810546875,1515.2628173828125,1496.3682861328125,1503.6727294921875
M10_YLUR_SHUR,10,LUR,HUR,2025-01-09,2025-01-09,1,TSEC,110.8434829711914,99.98946380615234,99.78561401367188,101.46971893310547,99.81185150146484
M10_YLUR_SHUR,10,LUR,HUR,2025-01-09,2025-01-10,2,Yd,1481.0699462890625,1499.9271240234375,1499.1614990234375,1499.589111328125,1499.4371337890625
M10_YLUR_SHUR,10,LUR,HUR,2025-01-09,2025-01-10,2,TSE,1417.83251953125,1500.5955810546875,1508.769775390625,1473.6746826171875,1503.0406494140625
M10_YLUR_SHUR,10,LUR,HUR,2025-01-09,2025-01-10,2,TSEC,99.87698364257812,99.98946380615234,100.04720306396484,102.3292007446289,99.67686462402344
M10_YLUR_SHUR,10,LUR,HUR,2025-01-09,2025-01-11,3,Yd,1520.421875,1499.9271240234375,1501.2645263671875,1501.4271240234375,1499.8892822265625
M10_YLUR_SHUR,10,LUR,HUR,2025-01-09,2025-01-11,3,TSE,1399.71533203125,1500.5955810546875,1503.2598876953125,1467.3873291015625,1499.622802734375
M10_YLUR_SHUR,10,LUR,HUR,2025-01-09,2025-01-11,3,TSEC,117.06761932373047,99.98946380615234,99.91356658935547,103.1385498046875,99.65132141113281
M10_YLUR_SHUR,10,LUR,HUR,2025-01-10,2025-01-10,1,Yd,1481.0699462890625,1499.932373046875,1498.754638671875,1500.441162109375,1499.970458984375
M10_YLUR_SHUR,10,LUR,HUR,2025-01-10,2025-01-10,1,TSE,1417.83251953125,1500.7652587890625,1504.6126708984375,1470.5032958984375,1503.2862548828125
M10_YLUR_SHUR,10,LUR,HUR,2025-01-10,2025-01-10,1,TSEC,99.87698364257812,100.0041275024414,99.69576263427734,104.68780517578125,99.74153900146484
M10_YLUR_SHUR,10,LUR,HUR,2025-01-10,2025-01-11,2,Yd,1520.421875,1499.932373046875,1501.068603515625,1501.3109130859375,1500.2623291015625
M10_YLUR_SHUR,10,LUR,HUR,2025-01-10,2025-01-11,2,TSE,1399.71533203125,1500.7652587890625,1506.460693359375,1462.0882568359375,1500.665771484375
M10_YLUR_SHUR,10,LUR,HUR,2025-01-10,2025-01-11,2,TSEC,117.06761932373047,100.0041275024414,100.05986022949219,102.24136352539062,99.68386840820312
M10_YLUR_SHUR,10,LUR,HUR,2025-01-10,2025-01-12,3,Yd,1506.28466796875,1499.932373046875,1499.241943359375,1502.292724609375,1500.6163330078125
M10_YLUR_SHUR,10,LUR,HUR,2025-01-10,2025-01-12,3,TSE,1655.93701171875,1500.7652587890625,1505.486083984375,1521.8001708984375,1497.951171875
M10_YLUR_SHUR,10,LUR,HUR,2025-01-10,2025-01-12,3,TSEC,101.4656982421875,100.0041275024414,99.52155303955078,101.28903198242188,99.80420684814453
M10_YLUR_SHUR,10,LUR,HUR,2025-01-11,2025-01-11,1,Yd,1520.421875,1499.9068603515625,1502.2288818359375,1497.490234375,1500.380126953125
M10_YLUR_SHUR,10,LUR,HUR,2025-01-11,2025-01-11,1,TSE,1399.71533203125,1500.6531982421875,1504.9283447265625,1498.7159423828125,1499.3812255859375
M10_YLUR_SHUR,10,LUR,HUR,2025-01-11,2025-01-11,1,TSEC,117.06761932373047,100.00396728515625,99.73829650878906,100.65960693359375,99.78943634033203
M10_YLUR_SHUR,10,LUR,HUR,2025-01-11,2025-01-12,2,Yd,1506.28466796875,1499.9068603515625,1498.2098388671875,1498.968505859375,1500.6925048828125
M10_YLUR_SHUR,10,LUR,HUR,2025-01-11,2025-01-12,2,TSE,1655.93701171875,1500.6531982421875,1496.18505859375,1487.8758544921875,1496.183837890625
M10_YLUR_SHUR,10,LUR,HUR,2025-01-11,2025-01-12,2,TSEC,101.4656982421875,100.00396728515625,99.83523559570312,99.54389190673828,99.78841400146484
M10_YLUR_SHUR,10,LUR,HUR,2025-01-11,2025-01-13,3,Yd,1513.5760498046875,1499.9068603515625,1501.397705078125,1499.5220947265625,1500.39013671875
M10_YLUR_SHUR,10,LUR,HUR,2025-01-11,2025-01-13,3,TSE,1187.35107421875,1500.6531982421875,1496.9815673828125,1537.4329833984375,1493.1806640625
M10_YLUR_SHUR,10,LUR,HUR,2025-01-11,2025-01-13,3,TSEC,101.42807006835938,100.00396728515625,99.7083511352539,97.73223114013672,99.9634780883789
M10_YLUR_SHUR,10,LUR,HUR,2025-01-12,2025-01-12,1,Yd,1506.28466796875,1499.9346923828125,1498.62255859375,1502.657958984375,1500.4710693359375
M10_YLUR_SHUR,10,LUR,HUR,2025-01-12,2025-01-12,1,TSE,1655.93701171875,1500.5172119140625,1497.9593505859375,1482.5345458984375,1499.27197265625
M10_YLUR_SHUR,10,LUR,HUR,2025-01-12,2025-01-12,1,TSEC,101.4656982421875,100.0269546508789,100.8480453491211,101.03565216064453,99.87226867675781
M10_YLUR_SHUR,10,LUR,HUR,2025-01-12,2025-01-13,2,Yd,1513.5760498046875,1499.9346923828125,1502.2750244140625,1502.637939453125,1500.241943359375
M10_YLUR_SHUR,10,LUR,HUR,2025-01-12,2025-01-13,2,TSE,1187.35107421875,1500.5172119140625,1501.4046630859375,1523.89404296875,1497.2733154296875
M10_YLUR_SHUR,10,LUR,HUR,2025-01-12,2025-01-13,2,TSEC,101.42807006835938,100.0269546508789,98.83653259277344,101.16360473632812,99.95792388916016
M10_YLUR_SHUR,10,LUR,HUR,2025-01-12,2025-01-14,3,Yd,1478.005859375,1499.9346923828125,1498.349609375,1504.4600830078125,1499.619873046875
M10_YLUR_SHUR,10,LUR,HUR,2025-01-12,2025-01-14,3,TSE,1538.0755615234375,1500.5172119140625,1514.3104248046875,1513.3480224609375,1494.7623291015625
M10_YLUR_SHUR,10,LUR,HUR,2025-01-12,2025-01-14,3,TSEC,100.50752258300781,100.0269546508789,100.6264419555664,102.7743148803711,100.11734008789062
M10_YLUR_SHUR,10,LUR,HUR,2025-01-13,2025-01-13,1,Yd,1513.5760498046875,1499.943115234375,1502.07568359375,1497.71142578125,1500.0003662109375
M10_YLUR_SHUR,10,LUR,HUR,2025-01-13,2025-01-13,1,TSE,1187.35107421875,1500.726318359375,1500.35498046875,1537.955322265625,1498.620361328125
M10_YLUR_SHUR,10,LUR,HUR,2025-01-13,2025-01-13,1,TSEC,101.42807006835938,100.02889251708984,99.95255279541016,99.39811706542969,99.98316955566406
M10_YLUR_SHUR,10,LUR,HUR,2025-01-13,2025-01-14,2,Yd,1478.005859375,1499.943115234375,1499.299560546875,1502.120849609375,1499.5794677734375
M10_YLUR_SHUR,10,LUR,HUR,2025-01-13,2025-01-14,2,TSE,1538.0755615234375,1500.726318359375,1515.3583984375,1508.0111083984375,1496.7681884765625
M10_YLUR_SHUR,10,LUR,HUR,2025-01-13,2025-01-14,2,TSEC,100.50752258300781,100.02889251708984,100.21554565429688,100.75562286376953,99.91213989257812
M10_YLUR_SHUR,10,LUR,HUR,2025-01-13,2025-01-15,3,Yd,1494.3619384765625,1499.943115234375,1501.2740478515625,1501.2811279296875,1499.1158447265625
M10_YLUR_SHUR,10,LUR,HUR,2025-01-13,2025-01-15,3,TSE,1526.8741455078125,1500.726318359375,1508.1820068359375,1523.3160400390625,1499.26708984375
M10_YLUR_SHUR,10,LUR,HUR,2025-01-13,2025-01-15,3,TSEC,106.327880859375,100.02889251708984,99.8001937866211,103.05443572998047,99.70765686035156
M10_YLUR_SHUR,10,LUR,HUR,2025-01-14,2025-01-14,1,Yd,1478.005859375,1499.9615478515625,1498.3797607421875,1504.347412109375,1499.5899658203125
M10_YLUR_SHUR,10,LUR,HUR,2025-01-14,2025-01-14,1,TSE,1538.0755615234375,1500.3050537109375,1518.01806640625,1515.67529296875,1498.431884765625
M10_YLUR_SHUR,10,LUR,HUR,2025-01-14,2025-01-14,1,TSEC,100.50752258300781,100.03076934814453,100.58069610595703,98.95835876464844,99.91653442382812
M10_YLUR_SHUR,10,LUR,HUR,2025-01-14,2025-01-15,2,Yd,1494.3619384765625,1499.9615478515625,1501.78173828125,1503.7974853515625,1498.9957275390625
M10_YLUR_SHUR,10,LUR,HUR,2025-01-14,2025-01-15,2,TSE,1526.8741455078125,1500.3050537109375,1504.72802734375,1488.2783203125,1499.56884765625
M10_YLUR_SHUR,10,LUR,HUR,2025-01-14,2025-01-15,2,TSEC,106.327880859375,100.03076934814453,99.6811752319336,99.42304992675781,99.64778137207031
M10_YLUR_SHUR,10,LUR,HUR,2025-01-14,2025-01-16,3,Yd,1517.5748291015625,1499.9615478515625,1499.6334228515625,1497.438720703125,1498.6959228515625
M10_YLUR_SHUR,10,LUR,HUR,2025-01-14,2025-01-16,3,TSE,1416.239501953125,1500.3050537109375,1518.3057861328125,1502.3463134765625,1504.6600341796875
M10_YLUR_SHUR,10,LUR,HUR,2025-01-14,2025-01-16,3,TSEC,114.54814910888672,100.03076934814453,98.73822021484375,94.61617279052734,99.2039794921875
M10_YLUR_SHUR,10,LUR,HUR,2025-01-15,2025-01-15,1,Yd,1494.3619384765625,1499.9320068359375,1504.489990234375,1502.6473388671875,1499.428955078125
M10_YLUR_SHUR,10,LUR,HUR,2025-01-15,2025-01-15,1,TSE,1526.8741455078125,1500.3558349609375,1495.6395263671875,1518.1365966796875,1502.4727783203125
M10_YLUR_SHUR,10,LUR,HUR,2025-01-15,2025-01-15,1,TSEC,106.327880859375,100.03141784667969,99.66250610351562,100.18367767333984,99.78472137451172
M10_YLUR_SHUR,10,LUR,HUR,2025-01-15,2025-01-16,2,Yd,1517.5748291015625,1499.9320068359375,1497.669189453125,1500.6044921875,1498.9599609375
M10_YLUR_SHUR,10,LUR,HUR,2025-01-15,2025-01-16,2,TSE,1416.239501953125,1500.3558349609375,1508.9307861328125,1479.8919677734375,1505.414306640625
M10_YLUR_SHUR,10,LUR,HUR,2025-01-15,2025-01-16,2,TSEC,114.54814910888672,100.03141784667969,100.06221008300781,99.64960479736328,99.38397216796875
M10_YLUR_SHUR,10,LUR,HUR,2025-01-15,2025-01-17,3,Yd,1513.376953125,1499.9320068359375,1502.58251953125,1500.896728515625,1499.195556640625
M10_YLUR_SHUR,10,LUR,HUR,2025-01-15,2025-01-17,3,TSE,1111.55029296875,1500.3558349609375,1500.640625,1478.8057861328125,1505.4913330078125
M10_YLUR_SHUR,10,LUR,HUR,2025-01-15,2025-01-17,3,TSEC,110.0597152709961,100.03141784667969,99.88947296142578,102.2640609741211,99.02486419677734
M10_YLUR_SHUR,10,LUR,HUR,2025-01-16,2025-01-16,1,Yd,1517.5748291015625,1499.924560546875,1499.9610595703125,1499.3148193359375,1499.6124267578125
M10_YLUR_SHUR,10,LUR,HUR,2025-01-16,2025-01-16,1,TSE,1416.239501953125,1500.3914794921875,1514.892578125,1486.013427734375,1504.83251953125
M10_YLUR_SHUR,10,LUR,HUR,2025-01-16,2025-01-16,1,TSEC,114.54814910888672,100.03985595703125,100.8439712524414,102.99530029296875,99.61996459960938
M10_YLUR_SHUR,10,LUR,HUR,2025-01-16,2025-01-17,2,Yd,1513.376953125,1499.924560546875,1499.47705078125,1499.0321044921875,1499.6265869140625
M10_YLUR_SHUR,10,LUR,HUR,2025-01-16,2025-01-17,2,TSE,1111.55029296875,1500.3914794921875,1506.0020751953125,1480.18408203125,1504.51513671875
M10_YLUR_SHUR,10,LUR,HUR,2025-01-16,2025-01-17,2,TSEC,110.0597152709961,100.03985595703125,99.25328063964844,100.71092987060547,99.29847717285156
M10_YLUR_SHUR,10,LUR,HUR,2025-01-16,2025-01-18,3,Yd,1518.8214111328125,1499.924560546875,1502.09033203125,1499.208740234375,1500.1610107421875
M10_YLUR_SHUR,10,LUR,HUR,2025-01-16,2025-01-18,3,TSE,1472.9761962890625,1500.3914794921875,1509.1038818359375,1513.1104736328125,1501.78515625
M10_YLUR_SHUR,10,LUR,HUR,2025-01-16,2025-01-18,3,TSEC,90.05158233642578,100.03985595703125,100.54663848876953,102.11930084228516,99.18989562988281
M10_YLUR_SHUR,10,LUR,HUR,2025-01-17,2025-01-17,1,Yd,1513.376953125,1499.9482421875,1499.1392822265625,1504.960693359375,1500.111083984375
M10_YLUR_SHUR,10,LUR,HUR,2025-01-17,2025-01-17,1,TSE,1111.55029296875,1500.27880859375,1500.4188232421875,1476.3702392578125,1503.7098388671875
M10_YLUR_SHUR,10,LUR,HUR,2025-01-17,2025-01-17,1,TSEC,110.0597152709961,100.05928039550781,99.93621063232422,101.5291976928711,99.58667755126953
M10_YLUR_SHUR,10,LUR,HUR,2025-01-17,2025-01-18,2,Yd,1518.8214111328125,1499.9482421875,1503.7479248046875,1501.499267578125,1500.5728759765625
M10_YLUR_SHUR,10,LUR,HUR,2025-01-17,2025-01-18,2,TSE,1472.9761962890625,1500.27880859375,1511.95849609375,1488.259521484375,1502.8502197265625
M10_YLUR_SHUR,10,LUR,HUR,2025-01-17,2025-01-18,2,TSEC,90.05158233642578,100.05928039550781,100.07323455810547,98.91624450683594,99.4258041381836
M10_YLUR_SHUR,10,LUR,HUR,2025-01-17,2025-01-19,3,Yd,1502.2042236328125,1499.9482421875,1501.87646484375,1503.5318603515625,1501.0267333984375
M10_YLUR_SHUR,10,LUR,HUR,2025-01-17,2025-01-19,3,TSE,1321.3031005859375,1500.27880859375,1496.425048828125,1508.694580078125,1501.63037109375
M10_YLUR_SHUR,10,LUR,HUR,2025-01-17,2025-01-19,3,TSEC,97.93953704833984,100.05928039550781,99.70478820800781,101.56486511230469,99.45693969726562
M10_YLUR_SHUR,10,LUR,HUR,2025-01-18,2025-01-18,1,Yd,1518.8214111328125,1499.9661865234375,1503.4942626953125,1506.0758056640625,1500.625244140625
M10_YLUR_SHUR,10,LUR,HUR,2025-01-18,2025-01-18,1,TSE,1472.9761962890625,1499.759033203125,1512.6884765625,1496.1353759765625,1500.8955078125
M10_YLUR_SHUR,10,LUR,HUR,2025-01-18,2025-01-18,1,TSEC,90.05158233642578,100.07263946533203,100.35474395751953,100.60877227783203,99.7357177734375
M10_YLUR_SHUR,10,LUR,HUR,2025-01-18,2025-01-19,2,Yd,1502.2042236328125,1499.9661865234375,1503.2119140625,1503.5604248046875,1501.0701904296875
M10_YLUR_SHUR,10,LUR,HUR,2025-01-18,2025-01-19,2,TSE,1321.3031005859375,1499.759033203125,1495.17724609375,1511.2318115234375,1499.4842529296875
M10_YLUR_SHUR,10,LUR,HUR,2025-01-18,2025-01-19,2,TSEC,97.93953704833984,100.07263946533203,99.46514892578125,99.88202667236328,99.62257385253906
M10_YLUR_SHUR,10,LUR,HUR,2025-01-18,2025-01-20,3,Yd,1500.2861328125,1499.9661865234375,1500.8365478515625,1506.994140625,1500.79248046875
M10_YLUR_SHUR,10,LUR,HUR,2025-01-18,2025-01-20,3,TSE,1451.7164306640625,1499.759033203125,1506.6600341796875,1537.7279052734375,1499.3804931640625
M10_YLUR_SHUR,10,LUR,HUR,2025-01-18,2025-01-20,3,TSEC,110.71734619140625,100.07263946533203,100.12298583984375,99.70576477050781,99.64118957519531
M10_YLUR_SHUR,10,LUR,HUR,2025-01-19,2025-01-19,1,Yd,1502.2042236328125,1499.9913330078125,1500.22607421875,1501.3787841796875,1500.5712890625
M10_YLUR_SHUR,10,LUR,HUR,2025-01-19,2025-01-19,1,TSE,1321.3031005859375,1499.7232666015625,1484.8692626953125,1522.6392822265625,1498.9425048828125
M10_YLUR_SHUR,10,LUR,HUR,2025-01-19,2025-01-19,1,TSEC,97.93953704833984,100.05926513671875,99.61331176757812,100.51033782958984,99.8139877319336
M10_YLUR_SHUR,10,LUR,HUR,2025-01-19,2025-01-20,2,Yd,1500.2861328125,1499.9913330078125,1501.3555908203125,1504.133544921875,1500.5009765625
M10_YLUR_SHUR,10,LUR,HUR,2025-01-19,2025-01-20,2,TSE,1451.7164306640625,1499.7232666015625,1509.5390625,1511.56591796875,1497.8885498046875
M10_YLUR_SHUR,10,LUR,HUR,2025-01-19,2025-01-20,2,TSEC,110.71734619140625,100.05926513671875,100.50509643554688,101.89665985107422,99.74111938476562
M10_YLUR_SHUR,10,LUR,HUR,2025-01-19,2025-01-21,3,Yd,1472.95166015625,1499.9913330078125,1500.3642578125,1507.8665771484375,1499.8106689453125
M10_YLUR_SHUR,10,LUR,HUR,2025-01-19,2025-01-21,3,TSE,1377.064208984375,1499.7232666015625,1500.4066162109375,1534.5009765625,1495.867919921875
M10_YLUR_SHUR,10,LUR,HUR,2025-01-19,2025-01-21,3,TSEC,110.22576141357422,100.05926513671875,99.66665649414062,100.7656478881836,99.85244750976562
M10_YLUR_SHUR,10,LUR,HUR,2025-01-20,2025-01-20,1,Yd,1500.2861328125,1499.994384765625,1500.9700927734375,1501.5848388671875,1500.102294921875
M10_YLUR_SHUR,10,LUR,HUR,2025-01-20,2025-01-20,1,TSE,1451.7164306640625,1499.4853515625,1523.6483154296875,1495.137939453125,1498.99755859375
M10_YLUR_SHUR,10,LUR,HUR,2025-01-20,2025-01-20,1,TSEC,110.71734619140625,100.05643463134766,100.8198013305664,97.04515075683594,99.8233642578125
M10_YLUR_SHUR,10,LUR,HUR,2025-01-20,2025-01-21,2,Yd,1472.95166015625,1499.994384765625,1500.1507568359375,1498.7838134765625,1499.5218505859375
M10_YLUR_SHUR,10,LUR,HUR,2025-01-20,2025-01-21,2,TSE,1377.064208984375,1499.4853515625,1486.3148193359375,1484.9178466796875,1495.779541015625
M10_YLUR_SHUR,10,LUR,HUR,2025-01-20,2025-01-21,2,TSEC,110.22576141357422,100.05643463134766,99.26776885986328,101.33036041259766,99.81275177001953
M10_YLUR_SHUR,10,LUR,HUR,2025-01-20,2025-01-22,3,Yd,1468.559326171875,1499.994384765625,1500.496337890625,1499.756103515625,1498.9376220703125
M10_YLUR_SHUR,10,LUR,HUR,2025-01-20,2025-01-22,3,TSE,1599.1136474609375,1499.4853515625,1504.16357421875,1517.277099609375,1497.5113525390625
M10_YLUR_SHUR,10,LUR,HUR,2025-01-20,2025-01-22,3,TSEC,84.33096313476562,100.05643463134766,100.46611785888672,100.9655532836914,99.51647186279297
M10_YLUR_SHUR,10,LUR,HUR,2025-01-21,2025-01-21,1,Yd,1472.95166015625,1499.99462890625,1500.47265625,1506.5899658203125,1499.584716796875
M10_YLUR_SHUR,10,LUR,HUR,2025-01-21,2025-01-21,1,TSE,1377.064208984375,1499.4217529296875,1505.735107421875,1533.712158203125,1499.10400390625
M10_YLUR_SHUR,10,LUR,HUR,2025-01-21,2025-01-21,1,TSEC,110.22576141357422,100.07063293457031,99.68173217773438,102.0478744506836,99.8115005493164
M10_YLUR_SHUR,10,LUR,HUR,2025-01-21,2025-01-22,2,Yd,1468.559326171875,1499.99462890625,1500.849609375,1507.3050537109375,1498.9608154296875
M10_YLUR_SHUR,10,LUR,HUR,2025-01-21,2025-01-22,2,TSE,1599.1136474609375,1499.4217529296875,1506.799072265625,1552.2166748046875,1500.5201416015625
M10_YLUR_SHUR,10,LUR,HUR,2025-01-21,2025-01-22,2,TSEC,84.33096313476562,100.07063293457031,100.0608139038086,101.50067138671875,99.46591186523438
M10_YLUR_SHUR,10,LUR,HUR,2025-01-21,2025-01-23,3,Yd,1487.369140625,1499.99462890625,1500.751953125,1505.349365234375,1498.675537109375
M10_YLUR_SHUR,10,LUR,HUR,2025-01-21,2025-01-23,3,TSE,1525.822509765625,1499.4217529296875,1504.623779296875,1560.46044921875,1506.321533203125
M10_YLUR_SHUR,10,LUR,HUR,2025-01-21,2025-01-23,3,TSEC,120.15786743164062,100.07063293457031,99.75186157226562,102.2690658569336,98.95399475097656
M10_YLUR_SHUR,10,LUR,HUR,2025-01-22,2025-01-22,1,Yd,1468.559326171875,1499.958740234375,1502.588134765625,1499.6781005859375,1499.3133544921875
M10_YLUR_SHUR,10,LUR,HUR,2025-01-22,2025-01-22,1,TSE,1599.1136474609375,1499.259033203125,1507.3763427734375,1543.7305908203125,1503.112548828125
M10_YLUR_SHUR,10,LUR,HUR,2025-01-22,2025-01-22,1,TSEC,84.33096313476562,100.0841293334961,100.61148834228516,104.35640716552734,99.65209197998047
M10_YLUR_SHUR,10,LUR,HUR,2025-01-22,2025-01-23,2,Yd,1487.369140625,1499.958740234375,1499.215576171875,1494.97412109375,1498.8846435546875
M10_YLUR_SHUR,10,LUR,HUR,2025-01-22,2025-01-23,2,TSE,1525.822509765625,1499.259033203125,1495.41357421875,1543.6285400390625,1506.47021484375
M10_YLUR_SHUR,10,LUR,HUR,2025-01-22,2025-01-23,2,TSEC,120.15786743164062,100.0841293334961,99.32573699951172,104.74337005615234,99.16646575927734
M10_YLUR_SHUR,10,LUR,HUR,2025-01-22,2025-01-24,3,Yd,1521.912109375,1499.958740234375,1501.834716796875,1497.5274658203125,1499.15673828125
M10_YLUR_SHUR,10,LUR,HUR,2025-01-22,2025-01-24,3,TSE,1427.3607177734375,1499.259033203125,1507.798583984375,1548.7510986328125,1507.314208984375
M10_YLUR_SHUR,10,LUR,HUR,2025-01-22,2025-01-24,3,TSEC,116.65306091308594,100.0841293334961,100.74746704101562,103.88573455810547,98.85167694091797
M10_YLUR_SHUR,10,LUR,HUR,2025-01-23,2025-01-23,1,Yd,1487.369140625,1499.9169921875,1501.6502685546875,1496.8193359375,1499.4866943359375
M10_YLUR_SHUR,10,LUR,HUR,2025-01-23,2025-01-23,1,TSE,1525.822509765625,1499.3917236328125,1490.73779296875,1535.5010986328125,1503.791748046875
M10_YLUR_SHUR,10,LUR,HUR,2025-01-23,2025-01-23,1,TSEC,120.15786743164062,100.06320190429688,99.593994140625,102.8336410522461,99.53068542480469
M10_YLUR_SHUR,10,LUR,HUR,2025-01-23,2025-01-24,2,Yd,1521.912109375,1499.9169921875,1497.0906982421875,1500.1317138671875,1499.504150390625
M10_YLUR_SHUR,10,LUR,HUR,2025-01-23,2025-01-24,2,TSE,1427.3607177734375,1499.3917236328125,1503.663330078125,1485.68603515625,1501.4970703125
M10_YLUR_SHUR,10,LUR,HUR,2025-01-23,2025-01-24,2,TSEC,116.65306091308594,100.06320190429688,100.79434967041016,103.66180419921875,99.17071533203125
M10_YLUR_SHUR,10,LUR,HUR,2025-01-23,2025-01-25,3,Yd,1500.759521484375,1499.9169921875,1502.9161376953125,1502.424560546875,1500.106689453125
M10_YLUR_SHUR,10,LUR,HUR,2025-01-23,2025-01-25,3,TSE,1854.5189208984375,1499.3917236328125,1478.14013671875,1526.3013916015625,1497.2164306640625
M10_YLUR_SHUR,10,LUR,HUR,2025-01-23,2025-01-25,3,TSEC,92.02941131591797,100.06320190429688,99.55278015136719,102.34175872802734,99.03874969482422
M10_YLUR_SHUR,10,LUR,HUR,2025-01-24,2025-01-24,1,Yd,1521.912109375,1499.9005126953125,1497.14794921875,1498.4058837890625,1500.0657958984375
M10_YLUR_SHUR,10,LUR,HUR,2025-01-24,2025-01-24,1,TSE,1427.3607177734375,1499.4267578125,1503.3660888671875,1477.0582275390625,1501.390869140625
M10_YLUR_SHUR,10,LUR,HUR,2025-01-24,2025-01-24,1,TSEC,116.65306091308594,100.0898666381836,101.94988250732422,98.76416015625,99.5027084350586
M10_YLUR_SHUR,10,LUR,HUR,2025-01-24,2025-01-25,2,Yd,1500.759521484375,1499.9005126953125,1501.5614013671875,1498.2813720703125,1500.534912109375
M10_YLUR_SHUR,10,LUR,HUR,2025-01-24,2025-01-25,2,TSE,1854.5189208984375,1499.4267578125,1479.0113525390625,1495.74755859375,1498.2818603515625
M10_YLUR_SHUR,10,LUR,HUR,2025-01-24,2025-01-25,2,TSEC,92.02941131591797,100.0898666381836,99.1469497680664,100.57540130615234,99.27469635009766
M10_YLUR_SHUR,10,LUR,HUR,2025-01-24,2025-01-26,3,Yd,1497.4464111328125,1499.9005126953125,1500.232421875,1492.3690185546875,1501.021728515625
M10_YLUR_SHUR,10,LUR,HUR,2025-01-24,2025-01-26,3,TSE,1572.36962890625,1499.4267578125,1526.168701171875,1573.7435302734375,1495.7557373046875
M10_YLUR_SHUR,10,LUR,HUR,2025-01-24,2025-01-26,3,TSEC,86.28988647460938,100.0898666381836,101.65210723876953,100.9407958984375,99.27438354492188
M10_YLUR_SHUR,10,LUR,HUR,2025-01-25,2025-01-25,1,Yd,1500.759521484375,1499.9296875,1501.34814453125,1501.9742431640625,1500.6378173828125
M10_YLUR_SHUR,10,LUR,HUR,2025-01-25,2025-01-25,1,TSE,1854.5189208984375,1499.331298828125,1503.563232421875,1461.880615234375,1499.96533203125
M10_YLUR_SHUR,10,LUR,HUR,2025-01-25,2025-01-25,1,TSEC,92.02941131591797,100.1117935180664,100.5950927734375,99.96435546875,99.67357635498047
M10_YLUR_SHUR,10,LUR,HUR,2025-01-25,2025-01-26,2,Yd,1497.4464111328125,1499.9296875,1502.5927734375,1499.6802978515625,1501.14697265625
M10_YLUR_SHUR,10,LUR,HUR,2025-01-25,2025-01-26,2,TSE,1572.36962890625,1499.331298828125,1500.6632080078125,1502.516357421875,1499.116943359375
M10_YLUR_SHUR,10,LUR,HUR,2025-01-25,2025-01-26,2,TSEC,86.28988647460938,100.1117935180664,102.05360412597656,101.39286804199219,99.5318374633789
M10_YLUR_SHUR,10,LUR,HUR,2025-01-25,2025-01-27,3,Yd,1500.13330078125,1499.9296875,1499.01953125,1505.681884765625,1500.9591064453125
M10_YLUR_SHUR,10,LUR,HUR,2025-01-25,2025-01-27,3,TSE,1540.85302734375,1499.331298828125,1505.2916259765625,1502.7034912109375,1499.3414306640625
M10_YLUR_SHUR,10,LUR,HUR,2025-01-25,2025-01-27,3,TSEC,125.52619171142578,100.1117935180664,99.84827423095703,103.65839385986328,99.58747863769531
M10_YLUR_SHUR,10,LUR,HUR,2025-01-26,2025-01-26,1,Yd,1497.4464111328125,1499.9306640625,1501.5439453125,1496.035888671875,1500.494873046875
M10_YLUR_SHUR,10,LUR,HUR,2025-01-26,2025-01-26,1,TSE,1572.36962890625,1499.80126953125,1496.967529296875,1531.4609375,1499.136962890625
M10_YLUR_SHUR,10,LUR,HUR,2025-01-26,2025-01-26,1,TSEC,86.28988647460938,100.10110473632812,101.7934341430664,102.03068542480469,99.8285903930664
M10_YLUR_SHUR,10,LUR,HUR,2025-01-26,2025-01-27,2,Yd,1500.13330078125,1499.9306640625,1499.21875,1502.171630859375,1500.4403076171875
M10_YLUR_SHUR,10,LUR,HUR,2025-01-26,2025-01-27,2,TSE,1540.85302734375,1499.80126953125,1507.65869140625,1499.6568603515625,1497.645751953125
M10_YLUR_SHUR,10,LUR,HUR,2025-01-26,2025-01-27,2,TSEC,125.52619171142578,100.10110473632812,99.93435668945312,102.36534881591797,99.85352325439453
M10_YLUR_SHUR,10,LUR,HUR,2025-01-26,2025-01-28,3,Yd,1492.215087890625,1499.9306640625,1500.8321533203125,1503.488037109375,1500.186767578125
M10_YLUR_SHUR,10,LUR,HUR,2025-01-26,2025-01-28,3,TSE,1866.396728515625,1499.80126953125,1503.7152099609375,1543.0592041015625,1497.5030517578125
M10_YLUR_SHUR,10,LUR,HUR,2025-01-26,2025-01-28,3,TSEC,95.80470275878906,100.10110473632812,100.7204360961914,101.98821258544922,99.73099517822266
M10_YLUR_SHUR,10,LUR,HUR,2025-01-27,2025-01-27,1,Yd,1500.13330078125,1499.9273681640625,1498.9921875,1500.512939453125,1500.1324462890625
M10_YLUR_SHUR,10,LUR,HUR,2025-01-27,2025-01-27,1,TSE,1540.85302734375,1499.89697265625,1506.321533203125,1498.8997802734375,1497.8726806640625
M10_YLUR_SHUR,10,LUR,HUR,2025-01-27,2025-01-27,1,TSEC,125.52619171142578,100.0828628540039,97.54779052734375,95.88153076171875,99.94451904296875
M10_YLUR_SHUR,10,LUR,HUR,2025-01-27,2025-01-28,2,Yd,1492.215087890625,1499.9273681640625,1500.0560302734375,1502.8795166015625,1499.9202880859375
M10_YLUR_SHUR,10,LUR,HUR,2025-01-27,2025-01-28,2,TSE,1866.396728515625,1499.89697265625,1511.409423828125,1455.3133544921875,1496.0162353515625
M10_YLUR_SHUR,10,LUR,HUR,2025-01-27,2025-01-28,2,TSEC,95.80470275878906,100.0828628540039,102.0142593383789,96.38652038574219,99.74644470214844
M10_YLUR_SHUR,10,LUR,HUR,2025-01-27,2025-01-29,3,Yd,1491.00830078125,1499.9273681640625,1499.0126953125,1498.5888671875,1499.6153564453125
M10_YLUR_SHUR,10,LUR,HUR,2025-01-27,2025-01-29,3,TSE,1338.5830078125,1499.89697265625,1504.29443359375,1477.8087158203125,1498.624267578125
M10_YLUR_SHUR,10,LUR,HUR,2025-01-27,2025-01-29,3,TSEC,111.98030090332031,100.0828628540039,97.73639678955078,94.04735565185547,99.40962219238281
M10_YLUR_SHUR,10,LUR,HUR,2025-01-28,2025-01-28,1,Yd,1492.215087890625,1499.927734375,1500.251220703125,1503.1334228515625,1499.9000244140625
M10_YLUR_SHUR,10,LUR,HUR,2025-01-28,2025-01-28,1,TSE,1866.396728515625,1499.9510498046875,1510.9703369140625,1511.610107421875,1500.1529541015625
M10_YLUR_SHUR,10,LUR,HUR,2025-01-28,2025-01-28,1,TSEC,95.80470275878906,100.1164321899414,103.34140014648438,100.63114929199219,99.65835571289062
M10_YLUR_SHUR,10,LUR,HUR,2025-01-28,2025-01-29,2,Yd,1491.00830078125,1499.927734375,1499.32666015625,1501.6920166015625,1499.53955078125
M10_YLUR_SHUR,10,LUR,HUR,2025-01-28,2025-01-29,2,TSE,1338.5830078125,1499.9510498046875,1504.1864013671875,1545.3963623046875,1502.21923828125
M10_YLUR_SHUR,10,LUR,HUR,2025-01-28,2025-01-29,2,TSEC,111.98030090332031,100.1164321899414,97.29547119140625,101.70545196533203,99.2884521484375
M10_YLUR_SHUR,10,LUR,HUR,2025-01-28,2025-01-30,3,Yd,1504.9378662109375,1499.927734375,1500.494140625,1503.8642578125,1499.44482421875
M10_YLUR_SHUR,10,LUR,HUR,2025-01-28,2025-01-30,3,TSE,1461.336181640625,1499.9510498046875,1508.1480712890625,1512.406982421875,1505.8546142578125
M10_YLUR_SHUR,10,LUR,HUR,2025-01-28,2025-01-30,3,TSEC,100.93232727050781,100.1164321899414,102.4104995727539,101.57969665527344,98.777099609375
M10_YLUR_SHUR,10,LUR,HUR,2025-01-29,2025-01-29,1,Yd,1491.00830078125,1499.9176025390625,1499.8695068359375,1496.8651123046875,1499.7935791015625
M10_YLUR_SHUR,10,LUR,HUR,2025-01-29,2025-01-29,1,TSE,1338.5830078125,1500.433837890625,1501.2210693359375,1524.3072509765625,1503.6444091796875
M10_YLUR_SHUR,10,LUR,HUR,2025-01-29,2025-01-29,1,TSEC,111.98030090332031,100.11075592041016,97.18745422363281,102.26683044433594,99.57281494140625
M10_YLUR_SHUR,10,LUR,HUR,2025-01-29,2025-01-30,2,Yd,1504.9378662109375,1499.9176025390625,1499.9830322265625,1503.1912841796875,1499.7415771484375
M10_YLUR_SHUR,10,LUR,HUR,2025-01-29,2025-01-30,2,TSE,1461.336181640625,1500.433837890625,1516.199951171875,1521.2244873046875,1506.3023681640625
M10_YLUR_SHUR,10,LUR,HUR,2025-01-29,2025-01-30,2,TSEC,100.93232727050781,100.11075592041016,102.48729705810547,100.67081451416016,99.06007385253906
M10_YLUR_SHUR,10,LUR,HUR,2025-01-29,2025-01-31,3,Yd,1527.6556396484375,1499.9176025390625,1500.1224365234375,1502.0640869140625,1500.216552734375
M10_YLUR_SHUR,10,LUR,HUR,2025-01-29,2025-01-31,3,TSE,1619.2406005859375,1500.433837890625,1510.611328125,1500.5308837890625,1505.3446044921875
M10_YLUR_SHUR,10,LUR,HUR,2025-01-29,2025-01-31,3,TSEC,119.64933776855469,100.11075592041016,97.64859008789062,105.44200897216797,98.62944793701172
M10_YLUR_SHUR,10,LUR,HUR,2025-01-30,2025-01-30,1,Yd,1504.9378662109375,1499.9058837890625,1500.3919677734375,1501.3143310546875,1500.0257568359375
M10_YLUR_SHUR,10,LUR,HUR,2025-01-30,2025-01-30,1,TSE,1461.336181640625,1500.220703125,1512.1097412109375,1513.6463623046875,1504.0843505859375
M10_YLUR_SHUR,10,LUR,HUR,2025-01-30,2025-01-30,1,TSEC,100.93232727050781,100.1263656616211,101.29048156738281,100.70829010009766,99.39865112304688
M10_YLUR_SHUR,10,LUR,HUR,2025-01-30,2025-01-31,2,Yd,1527.6556396484375,1499.9058837890625,1499.6605224609375,1501.6787109375,1500.395263671875
M10_YLUR_SHUR,10,LUR,HUR,2025-01-30,2025-01-31,2,TSE,1619.2406005859375,1500.220703125,1493.8719482421875,1519.355712890625,1501.888671875
M10_YLUR_SHUR,10,LUR,HUR,2025-01-30,2025-01-31,2,TSEC,119.64933776855469,100.1263656616211,99.23917388916016,99.06381225585938,98.9249038696289
M10_YLUR_SHUR,10,LUR,HUR,2025-01-30,2025-02-01,3,Yd,1498.565185546875,1499.9058837890625,1500.30908203125,1500.2344970703125,1501.12255859375
M10_YLUR_SHUR,10,LUR,HUR,2025-01-30,2025-02-01,3,TSE,1340.0380859375,1500.220703125,1497.595703125,1527.0732421875,1496.7762451171875
M10_YLUR_SHUR,10,LUR,HUR,2025-01-30,2025-02-01,3,TSEC,101.20368194580078,100.1263656616211,101.29503631591797,99.00260925292969,98.75276184082031
M10_YLUR_SHUR,10,LUR,HUR,2025-01-31,2025-01-31,1,Yd,1527.6556396484375,1499.9124755859375,1498.9053955078125,1501.7486572265625,1500.3914794921875
M10_YLUR_SHUR,10,LUR,HUR,2025-01-31,2025-01-31,1,TSE,1619.2406005859375,1500.1697998046875,1494.7158203125,1477.465087890625,1501.0030517578125
M10_YLUR_SHUR,10,LUR,HUR,2025-01-31,2025-01-31,1,TSEC,119.64933776855469,100.12742614746094,98.71147155761719,99.32850646972656,99.43643951416016
M10_YLUR_SHUR,10,LUR,HUR,2025-01-31,2025-02-01,2,Yd,1498.565185546875,1499.9124755859375,1503.679443359375,1501.9346923828125,1501.033935546875
M10_YLUR_SHUR,10,LUR,HUR,2025-01-31,2025-02-01,2,TSE,1340.0380859375,1500.1697998046875,1496.2310791015625,1468.800537109375,1496.9886474609375
M10_YLUR_SHUR,10,LUR,HUR,2025-01-31,2025-02-01,2,TSEC,101.20368194580078,100.12742614746094,102.12051391601562,96.89361572265625,99.18502044677734
M10_YLUR_SHUR,10,LUR,HUR,2025-01-31,2025-02-02,3,Yd,1504.08642578125,1499.9124755859375,1500.896484375,1504.5423583984375,1501.6968994140625
M10_YLUR_SHUR,10,LUR,HUR,2025-01-31,2025-02-02,3,TSE,1442.14404296875,1500.1697998046875,1521.6103515625,1475.3701171875,1494.284423828125
M10_YLUR_SHUR,10,LUR,HUR,2025-01-31,2025-02-02,3,TSEC,98.94213104248047,100.12742614746094,99.32967376708984,100.00564575195312,99.19511413574219
M10_YLUR_SHUR,10,LUR,HUR,2025-02-01,2025-02-01,1,Yd,1498.565185546875,1499.9488525390625,1497.6451416015625,1504.42236328125,1500.783447265625
M10_YLUR_SHUR,10,LUR,HUR,2025-02-01,2025-02-01,1,TSE,1340.0380859375,1500.325927734375,1496.9930419921875,1488.5257568359375,1498.9283447265625
M10_YLUR_SHUR,10,LUR,HUR,2025-02-01,2025-02-01,1,TSEC,101.20368194580078,100.1530532836914,101.91415405273438,102.65621185302734,99.57913208007812
M10_YLUR_SHUR,10,LUR,HUR,2025-02-01,2025-02-02,2,Yd,1504.08642578125,1499.9488525390625,1500.34716796875,1504.5810546875,1501.342529296875
M10_YLUR_SHUR,10,LUR,HUR,2025-02-01,2025-02-02,2,TSE,1442.14404296875,1500.325927734375,1503.9476318359375,1486.94921875,1497.0172119140625
M10_YLUR_SHUR,10,LUR,HUR,2025-02-01,2025-02-02,2,TSEC,98.94213104248047,100.1530532836914,99.16429901123047,99.28437042236328,99.41858673095703
M10_YLUR_SHUR,10,LUR,HUR,2025-02-01,2025-02-03,3,Yd,1475.355224609375,1499.9488525390625,1499.739013671875,1503.8934326171875,1501.359375
M10_YLUR_SHUR,10,LUR,HUR,2025-02-01,2025-02-03,3,TSE,1743.2794189453125,1500.325927734375,1503.25732421875,1500.1259765625,1496.735595703125
M10_YLUR_SHUR,10,LUR,HUR,2025-02-01,2025-02-03,3,TSEC,100.4310302734375,100.1530532836914,101.4328384399414,100.63702392578125,99.37701416015625
M10_YLUR_SHUR,10,LUR,HUR,2025-02-02,2025-02-02,1,Yd,1504.08642578125,1499.9468994140625,1500.10302734375,1503.0025634765625,1500.7733154296875
M10_YLUR_SHUR,10,LUR,HUR,2025-02-02,2025-02-02,1,TSE,1442.14404296875,1500.115966796875,1505.4608154296875,1494.4659423828125,1497.94873046875
M10_YLUR_SHUR,10,LUR,HUR,2025-02-02,2025-02-02,1,TSEC,98.94213104248047,100.15442657470703,101.22643280029297,100.31620025634766,99.6630859375
M10_YLUR_SHUR,10,LUR,HUR,2025-02-02,2025-02-03,2,Yd,1475.355224609375,1499.9468994140625,1499.9678955078125,1504.32958984375,1500.8515625
M10_YLUR_SHUR,10,LUR,HUR,2025-02-02,2025-02-03,2,TSE,1743.2794189453125,1500.115966796875,1501.2640380859375,1496.0633544921875,1496.47705078125
M10_YLUR_SHUR,10,LUR,HUR,2025-02-02,2025-02-03,2,TSEC,100.4310302734375,100.15442657470703,99.96314239501953,98.80659484863281,99.52970123291016
M10_YLUR_SHUR,10,LUR,HUR,2025-02-02,2025-02-04,3,Yd,1520.140625,1499.9468994140625,1501.2520751953125,1508.81201171875,1500.443603515625
M10_YLUR_SHUR,10,LUR,HUR,2025-02-02,2025-02-04,3,TSE,1663.95654296875,1500.115966796875,1498.4754638671875,1507.8040771484375,1496.7694091796875
M10_YLUR_SHUR,10,LUR,HUR,2025-02-02,2025-02-04,3,TSEC,97.98445892333984,100.15442657470703,101.23564147949219,96.8034439086914,99.35897827148438
M10_YLUR_SHUR,10,LUR,HUR,2025-02-03,2025-02-03,1,Yd,1475.355224609375,1499.9525146484375,1499.6396484375,1502.4022216796875,1500.35693359375
M10_YLUR_SHUR,10,LUR,HUR,2025-02-03,2025-02-03,1,TSE,1743.2794189453125,1500.0399169921875,1512.4105224609375,1500.4727783203125,1498.287353515625
M10_YLUR_SHUR,10,LUR,HUR,2025-02-03,2025-02-03,1,TSEC,100.4310302734375,100.15283203125,102.30720520019531,98.52420043945312,99.72940826416016
M10_YLUR_SHUR,10,LUR,HUR,2025-02-03,2025-02-04,2,Yd,1520.140625,1499.9525146484375,1501.7576904296875,1509.9578857421875,1500.1072998046875
M10_YLUR_SHUR,10,LUR,HUR,2025-02-03,2025-02-04,2,TSE,1663.95654296875,1500.0399169921875,1497.1614990234375,1466.4605712890625,1496.92529296875
M10_YLUR_SHUR,10,LUR,HUR,2025-02-03,2025-02-04,2,TSEC,97.98445892333984,100.15283203125,99.13770294189453,97.10846710205078,99.41984558105469
M10_YLUR_SHUR,10,LUR,HUR,2025-02-03,2025-02-05,3,Yd,1494.5390625,1499.9525146484375,1502.3909912109375,1506.474853515625,1499.6844482421875
M10_YLUR_SHUR,10,LUR,HUR,2025-02-03,2025-02-05,3,TSE,1476.9884033203125,1500.0399169921875,1497.55322265625,1537.8519287109375,1499.193115234375
M10_YLUR_SHUR,10,LUR,HUR,2025-02-03,2025-02-05,3,TSEC,100.38813781738281,100.15283203125,101.8604965209961,97.509033203125,99.02485656738281
M10_YLUR_SHUR,10,LUR,HUR,2025-02-04,2025-02-04,1,Yd,1520.140625,1499.9202880859375,1504.2752685546875,1499.1175537109375,1499.946533203125
M10_YLUR_SHUR,10,LUR,HUR,2025-02-04,2025-02-04,1,TSE,1663.95654296875,1500.3577880859375,1493.8768310546875,1524.4864501953125,1499.76318359375
M10_YLUR_SHUR,10,LUR,HUR,2025-02-04,2025-02-04,1,TSEC,97.98445892333984,100.15320587158203,99.92019653320312,99.60868072509766,99.63749694824219
M10_YLUR_SHUR,10,LUR,HUR,2025-02-04,2025-02-05,2,Yd,1494.5390625,1499.9202880859375,1502.069091796875,1498.4603271484375,1499.62744140625
M10_YLUR_SHUR,10,LUR,HUR,2025-02-04,2025-02-05,2,TSE,1476.9884033203125,1500.3577880859375,1502.6075439453125,1512.6129150390625,1501.371337890625
M10_YLUR_SHUR,10,LUR,HUR,2025-02-04,2025-02-05,2,TSEC,100.38813781738281,100.15320587158203,101.01439666748047,98.3990249633789,99.15222930908203
M10_YLUR_SHUR,10,LUR,HUR,2025-02-04,2025-02-06,3,Yd,1502.7625732421875,1499.9202880859375,1499.2542724609375,1494.66064453125,1499.5799560546875
M10_YLUR_SHUR,10,LUR,HUR,2025-02-04,2025-02-06,3,TSE,1302.4404296875,1500.3577880859375,1501.6876220703125,1555.791748046875,1504.4317626953125
M10_YLUR_SHUR,10,LUR,HUR,2025-02-04,2025-02-06,3,TSEC,82.45501708984375,100.15320587158203,99.0271987915039,101.50338745117188,98.58969116210938
M10_YLUR_SHUR,10,LUR,HUR,2025-02-05,2025-02-05,1,Yd,1494.5390625,1499.94677734375,1496.3160400390625,1503.3306884765625,1499.86083984375
M10_YLUR_SHUR,10,LUR,HUR,2025-02-05,2025-02-05,1,TSE,1476.9884033203125,1500.571533203125,1517.2958984375,1507.33154296875,1503.0491943359375
M10_YLUR_SHUR,10,LUR,HUR,2025-02-05,2025-02-05,1,TSEC,100.38813781738281,100.15037536621094,101.62798309326172,100.61641693115234,99.4820556640625
M10_YLUR_SHUR,10,LUR,HUR,2025-02-05,2025-02-06,2,Yd,1502.7625732421875,1499.94677734375,1503.1826171875,1504.2891845703125,1499.909423828125
M10_YLUR_SHUR,10,LUR,HUR,2025-02-05,2025-02-06,2,TSE,1302.4404296875,1500.571533203125,1496.6671142578125,1510.5823974609375,1504.861572265625
M10_YLUR_SHUR,10,LUR,HUR,2025-02-05,2025-02-06,2,TSEC,82.45501708984375,100.15037536621094,99.67540740966797,99.18904113769531,98.83463287353516
M10_YLUR_SHUR,10,LUR,HUR,2025-02-05,2025-02-07,3,Yd,1490.3138427734375,1499.94677734375,1498.28759765625,1505.84130859375,1500.5089111328125
M10_YLUR_SHUR,10,LUR,HUR,2025-02-05,2025-02-07,3,TSE,1436.66650390625,1500.571533203125,1515.8975830078125,1481.5450439453125,1502.3438720703125
M10_YLUR_SHUR,10,LUR,HUR,2025-02-05,2025-02-07,3,TSEC,101.03669738769531,100.15037536621094,101.41000366210938,98.80094146728516,98.46170043945312
M10_YLUR_SHUR,10,LUR,HUR,2025-02-06,2025-02-06,1,Yd,1502.7625732421875,1499.939697265625,1501.705078125,1500.8072509765625,1500.1177978515625
M10_YLUR_SHUR,10,LUR,HUR,2025-02-06,2025-02-06,1,TSE,1302.4404296875,1500.540771484375,1509.964111328125,1515.541015625,1502.9627685546875
M10_YLUR_SHUR,10,LUR,HUR,2025-02-06,2025-02-06,1,TSEC,82.45501708984375,100.15068054199219,97.92334747314453,100.63162994384766,99.33940124511719
M10_YLUR_SHUR,10,LUR,HUR,2025-02-06,2025-02-07,2,Yd,1490.3138427734375,1499.939697265625,1498.485107421875,1499.1375732421875,1500.5545654296875
M10_YLUR_SHUR,10,LUR,HUR,2025-02-06,2025-02-07,2,TSE,1436.66650390625,1500.540771484375,1520.5447998046875,1524.0186767578125,1500.0247802734375
M10_YLUR_SHUR,10,LUR,HUR,2025-02-06,2025-02-07,2,TSEC,101.03669738769531,100.15068054199219,101.94941711425781,98.24266052246094,98.88408660888672
M10_YLUR_SHUR,10,LUR,HUR,2025-02-06,2025-02-08,3,Yd,1476.697998046875,1499.939697265625,1501.187744140625,1500.9578857421875,1501.3485107421875
M10_YLUR_SHUR,10,LUR,HUR,2025-02-06,2025-02-08,3,TSE,1726.058349609375,1500.540771484375,1498.74462890625,1484.1182861328125,1493.9271240234375
M10_YLUR_SHUR,10,LUR,HUR,2025-02-06,2025-02-08,3,TSEC,86.98558044433594,100.15068054199219,100.92092895507812,100.50878143310547,98.72216033935547
M10_YLUR_SHUR,10,LUR,HUR,2025-02-07,2025-02-07,1,Yd,1490.3138427734375,1499.9432373046875,1497.8721923828125,1501.8631591796875,1500.4224853515625
M10_YLUR_SHUR,10,LUR,HUR,2025-02-07,2025-02-07,1,TSE,1436.66650390625,1500.2828369140625,1515.8612060546875,1497.9188232421875,1499.9638671875
M10_YLUR_SHUR,10,LUR,HUR,2025-02-07,2025-02-07,1,TSEC,101.03669738769531,100.12763214111328,100.90202331542969,101.3398666381836,99.4914321899414
M10_YLUR_SHUR,10,LUR,HUR,2025-02-07,2025-02-08,2,Yd,1476.697998046875,1499.9432373046875,1501.8726806640625,1505.401611328125,1501.1580810546875
M10_YLUR_SHUR,10,LUR,HUR,2025-02-07,2025-02-08,2,TSE,1726.058349609375,1500.2828369140625,1498.827880859375,1494.6263427734375,1494.550537109375
M10_YLUR_SHUR,10,LUR,HUR,2025-02-07,2025-02-08,2,TSEC,86.98558044433594,100.12763214111328,99.57489013671875,102.6003646850586,99.34457397460938
M10_YLUR_SHUR,10,LUR,HUR,2025-02-07,2025-02-09,3,Yd,1510.016845703125,1499.9432373046875,1498.721435546875,1507.9324951171875,1501.9339599609375
M10_YLUR_SHUR,10,LUR,HUR,2025-02-07,2025-02-09,3,TSE,1566.430419921875,1500.2828369140625,1506.3704833984375,1519.013427734375,1490.16015625
M10_YLUR_SHUR,10,LUR,HUR,2025-02-07,2025-02-09,3,TSEC,103.25985717773438,100.12763214111328,100.89701843261719,102.4892349243164,99.32989501953125
M10_YLUR_SHUR,10,LUR,HUR,2025-02-08,2025-02-08,1,Yd,1476.697998046875,1499.9307861328125,1502.4776611328125,1499.4952392578125,1500.899169921875
M10_YLUR_SHUR,10,LUR,HUR,2025-02-08,2025-02-08,1,TSE,1726.058349609375,1500.2003173828125,1503.361328125,1480.6248779296875,1496.007080078125
M10_YLUR_SHUR,10,LUR,HUR,2025-02-08,2025-02-08,1,TSEC,86.98558044433594,100.12882232666016,102.1015625,99.89091491699219,99.6843032836914
M10_YLUR_SHUR,10,LUR,HUR,2025-02-08,2025-02-09,2,Yd,1510.016845703125,1499.9307861328125,1498.281494140625,1495.5966796875,1501.673828125
M10_YLUR_SHUR,10,LUR,HUR,2025-02-08,2025-02-09,2,TSE,1566.430419921875,1500.2003173828125,1503.6524658203125,1485.658203125,1490.8399658203125
M10_YLUR_SHUR,10,LUR,HUR,2025-02-08,2025-02-09,2,TSEC,103.25985717773438,100.12882232666016,100.51583862304688,98.13719177246094,99.50332641601562
M10_YLUR_SHUR,10,LUR,HUR,2025-02-08,2025-02-10,3,Yd,1487.095458984375,1499.9307861328125,1501.538818359375,1493.79296875,1501.76318359375
M10_YLUR_SHUR,10,LUR,HUR,2025-02-08,2025-02-10,3,TSE,1482.4671630859375,1500.2003173828125,1500.09716796875,1530.975830078125,1488.6412353515625
M10_YLUR_SHUR,10,LUR,HUR,2025-02-08,2025-02-10,3,TSEC,98.36949920654297,100.12882232666016,101.05909729003906,97.18605041503906,99.38810729980469
M10_YLUR_SHUR,10,LUR,HUR,2025-02-09,2025-02-09,1,Yd,1510.016845703125,1499.9005126953125,1500.438232421875,1502.0125732421875,1500.760986328125
M10_YLUR_SHUR,10,LUR,HUR,2025-02-09,2025-02-09,1,TSE,1566.430419921875,1500.4935302734375,1499.266845703125,1510.5596923828125,1494.3392333984375
M10_YLUR_SHUR,10,LUR,HUR,2025-02-09,2025-02-09,1,TSEC,103.25985717773438,100.11174774169922,101.21989440917969,99.11457824707031,99.75560760498047
M10_YLUR_SHUR,10,LUR,HUR,2025-02-09,2025-02-10,2,Yd,1487.095458984375,1499.9005126953125,1498.0498046875,1504.96533203125,1500.9102783203125
M10_YLUR_SHUR,10,LUR,HUR,2025-02-09,2025-02-10,2,TSE,1482.4671630859375,1500.4935302734375,1490.992431640625,1477.124755859375,1490.0634765625
M10_YLUR_SHUR,10,LUR,HUR,2025-02-09,2025-02-10,2,TSEC,98.36949920654297,100.11174774169922,100.87871551513672,98.77465057373047,99.74578857421875
M10_YLUR_SHUR,10,LUR,HUR,2025-02-09,2025-02-11,3,Yd,1485.89990234375,1499.9005126953125,1497.94189453125,1503.5118408203125,1500.6240234375
M10_YLUR_SHUR,10,LUR,HUR,2025-02-09,2025-02-11,3,TSE,1690.76171875,1500.4935302734375,1504.7613525390625,1535.103759765625,1490.0372314453125
M10_YLUR_SHUR,10,LUR,HUR,2025-02-09,2025-02-11,3,TSEC,114.06491088867188,100.11174774169922,99.4432144165039,99.88806915283203,99.61702728271484
M10_YLUR_SHUR,10,LUR,HUR,2025-02-10,2025-02-10,1,Yd,1487.095458984375,1499.9136962890625,1497.8680419921875,1501.871337890625,1500.34375
M10_YLUR_SHUR,10,LUR,HUR,2025-02-10,2025-02-10,1,TSE,1482.4671630859375,1500.5791015625,1495.96484375,1484.8798828125,1496.1043701171875
M10_YLUR_SHUR,10,LUR,HUR,2025-02-10,2025-02-10,1,TSEC,98.36949920654297,100.11583709716797,101.04742431640625,100.91863250732422,99.85089111328125
M10_YLUR_SHUR,10,LUR,HUR,2025-02-10,2025-02-11,2,Yd,1485.89990234375,1499.9136962890625,1498.8173828125,1502.6348876953125,1500.1768798828125
M10_YLUR_SHUR,10,LUR,HUR,2025-02-10,2025-02-11,2,TSE,1690.76171875,1500.5791015625,1503.9276123046875,1512.39599609375,1493.712890625
M10_YLUR_SHUR,10,LUR,HUR,2025-02-10,2025-02-11,2,TSEC,114.06491088867188,100.11583709716797,99.91680908203125,100.43052673339844,99.59107208251953
M10_YLUR_SHUR,10,LUR,HUR,2025-02-10,2025-02-12,3,Yd,1528.96142578125,1499.9136962890625,1495.52880859375,1502.912109375,1499.98046875
M10_YLUR_SHUR,10,LUR,HUR,2025-02-10,2025-02-12,3,TSE,1380.7706298828125,1500.5791015625,1502.51416015625,1503.559814453125,1495.6522216796875
M10_YLUR_SHUR,10,LUR,HUR,2025-02-10,2025-02-12,3,TSEC,95.80355072021484,100.11583709716797,100.85328674316406,98.93151092529297,99.14571380615234
M10_YLUR_SHUR,10,LUR,HUR,2025-02-11,2025-02-11,1,Yd,1485.89990234375,1499.89697265625,1501.37451171875,1503.783447265625,1500.0377197265625
M10_YLUR_SHUR,10,LUR,HUR,2025-02-11,2025-02-11,1,TSE,1690.76171875,1500.5555419921875,1500.30517578125,1513.8101806640625,1497.319091796875
M10_YLUR_SHUR,10,LUR,HUR,2025-02-11,2025-02-11,1,TSEC,114.06491088867188,100.11356353759766,100.5508804321289,101.83524322509766,99.68755340576172
M10_YLUR_SHUR,10,LUR,HUR,2025-02-11,2025-02-12,2,Yd,1528.96142578125,1499.89697265625,1498.91552734375,1503.479248046875,1499.8072509765625
M10_YLUR_SHUR,10,LUR,HUR,2025-02-11,2025-02-12,2,TSE,1380.7706298828125,1500.5555419921875,1505.740478515625,1498.0213623046875,1497.805419921875
M10_YLUR_SHUR,10,LUR,HUR,2025-02-11,2025-02-12,2,TSEC,95.80355072021484,100.11356353759766,99.98306274414062,101.45063018798828,99.22250366210938
M10_YLUR_SHUR,10,LUR,HUR,2025-02-11,2025-02-13,3,Yd,1478.3438720703125,1499.89697265625,1500.5550537109375,1500.3240966796875,1499.9744873046875
M10_YLUR_SHUR,10,LUR,HUR,2025-02-11,2025-02-13,3,TSE,1240.116455078125,1500.5555419921875,1509.0411376953125,1511.8292236328125,1498.807373046875
M10_YLUR_SHUR,10,LUR,HUR,2025-02-11,2025-02-13,3,TSEC,92.35674285888672,100.11356353759766,98.741455078125,102.44042205810547,98.6282958984375
M10_YLUR_SHUR,10,LUR,HUR,2025-02-12,2025-02-12,1,Yd,1528.96142578125,1499.8790283203125,1503.767822265625,1499.5950927734375,1499.9674072265625
M10_YLUR_SHUR,10,LUR,HUR,2025-02-12,2025-02-12,1,TSE,1380.7706298828125,1500.8016357421875,1516.890869140625,1532.1258544921875,1501.8936767578125
M10_YLUR_SHUR,10,LUR,HUR,2025-02-12,2025-02-12,1,TSEC,95.80355072021484,100.13162231445312,100.06532287597656,101.79771423339844,99.44132232666016
M10_YLUR_SHUR,10,LUR,HUR,2025-02-12,2025-02-13,2,Yd,1478.3438720703125,1499.8790283203125,1497.0970458984375,1502.0445556640625,1500.1219482421875
M10_YLUR_SHUR,10,LUR,HUR,2025-02-12,2025-02-13,2,TSE,1240.116455078125,1500.8016357421875,1554.6971435546875,1536.7005615234375,1501.66845703125
M10_YLUR_SHUR,10,LUR,HUR,2025-02-12,2025-02-13,2,TSEC,92.35674285888672,100.13162231445312,100.14952087402344,97.26351928710938,98.865478515625
M10_YLUR_SHUR,10,LUR,HUR,2025-02-12,2025-02-14,3,Yd,1500.781005859375,1499.8790283203125,1499.14990234375,1500.077880859375,1500.7933349609375
M10_YLUR_SHUR,10,LUR,HUR,2025-02-12,2025-02-14,3,TSE,1559.5338134765625,1500.8016357421875,1494.22021484375,1528.3319091796875,1497.78857421875
M10_YLUR_SHUR,10,LUR,HUR,2025-02-12,2025-02-14,3,TSEC,96.87257385253906,100.13162231445312,100.09806823730469,101.42437744140625,98.46878051757812
M10_YLUR_SHUR,10,LUR,HUR,2025-02-13,2025-02-13,1,Yd,1478.3438720703125,1499.91650390625,1497.4437255859375,1499.1446533203125,1500.203857421875
M10_YLUR_SHUR,10,LUR,HUR,2025-02-13,2025-02-13,1,TSE,1240.116455078125,1500.6466064453125,1502.0330810546875,1475.7568359375,1501.9586181640625
M10_YLUR_SHUR,10,LUR,HUR,2025-02-13,2025-02-13,1,TSEC,92.35674285888672,100.12602996826172,100.15132141113281,98.16421508789062,99.35136413574219
M10_YLUR_SHUR,10,LUR,HUR,2025-02-13,2025-02-14,2,Yd,1500.781005859375,1499.91650390625,1501.241943359375,1499.52685546875,1500.6907958984375
M10_YLUR_SHUR,10,LUR,HUR,2025-02-13,2025-02-14,2,TSE,1559.5338134765625,1500.6466064453125,1493.35107421875,1505.5780029296875,1498.98583984375
M10_YLUR_SHUR,10,LUR,HUR,2025-02-13,2025-02-14,2,TSEC,96.87257385253906,100.12602996826172,100.0695571899414,99.18049621582031,98.93443298339844
M10_YLUR_SHUR,10,LUR,HUR,2025-02-13,2025-02-15,3,Yd,1513.1424560546875,1499.91650390625,1498.601318359375,1503.365966796875,1501.5267333984375
M10_YLUR_SHUR,10,LUR,HUR,2025-02-13,2025-02-15,3,TSE,1499.8753662109375,1500.6466064453125,1509.1470947265625,1475.9443359375,1493.522216796875
M10_YLUR_SHUR,10,LUR,HUR,2025-02-13,2025-02-15,3,TSEC,91.34101104736328,100.12602996826172,100.30318450927734,102.25261688232422,98.8289794921875
M10_YLUR_SHUR,10,LUR,HUR,2025-02-14,2025-02-14,1,Yd,1500.781005859375,1499.888671875,1502.214599609375,1501.778076171875,1500.5882568359375
M10_YLUR_SHUR,10,LUR,HUR,2025-02-14,2025-02-14,1,TSE,1559.5338134765625,1500.310302734375,1510.14990234375,1506.153076171875,1498.8311767578125
M10_YLUR_SHUR,10,LUR,HUR,2025-02-14,2025-02-14,1,TSEC,96.87257385253906,100.11600494384766,99.83922576904297,100.33856201171875,99.48943328857422
M10_YLUR_SHUR,10,LUR,HUR,2025-02-14,2025-02-15,2,Yd,1513.1424560546875,1499.888671875,1497.1253662109375,1500.6156005859375,1501.46240234375
M10_YLUR_SHUR,10,LUR,HUR,2025-02-14,2025-02-15,2,TSE,1499.8753662109375,1500.310302734375,1500.3055419921875,1492.0953369140625,1492.5906982421875
M10_YLUR_SHUR,10,LUR,HUR,2025-02-14,2025-02-15,2,TSEC,91.34101104736328,100.11600494384766,100.54330444335938,101.86959075927734,99.34681701660156
M10_YLUR_SHUR,10,LUR,HUR,2025-02-14,2025-02-16,3,Yd,1538.774658203125,1499.888671875,1500.2037353515625,1502.9893798828125,1502.363525390625
M10_YLUR_SHUR,10,LUR,HUR,2025-02-14,2025-02-16,3,TSE,1726.2808837890625,1500.310302734375,1500.2021484375,1513.5858154296875,1487.45654296875
M10_YLUR_SHUR,10,LUR,HUR,2025-02-14,2025-02-16,3,TSEC,100.28570556640625,100.11600494384766,100.0191421508789,101.67399597167969,99.31629943847656
M10_YLUR_SHUR,10,LUR,HUR,2025-02-15,2025-02-15,1,Yd,1513.1424560546875,1499.8897705078125,1496.8311767578125,1504.840576171875,1500.9852294921875
M10_YLUR_SHUR,10,LUR,HUR,2025-02-15,2025-02-15,1,TSE,1499.8753662109375,1500.38671875,1497.244384765625,1459.28759765625,1494.84716796875
M10_YLUR_SHUR,10,LUR,HUR,2025-02-15,2025-02-15,1,TSEC,91.34101104736328,100.11182403564453,100.42334747314453,100.66773986816406,99.7225112915039
M10_YLUR_SHUR,10,LUR,HUR,2025-02-15,2025-02-16,2,Yd,1538.774658203125,1499.8897705078125,1499.7830810546875,1509.377197265625,1501.8035888671875
M10_YLUR_SHUR,10,LUR,HUR,2025-02-15,2025-02-16,2,TSE,1726.2808837890625,1500.38671875,1501.93603515625,1464.6978759765625,1488.9464111328125
M10_YLUR_SHUR,10,LUR,HUR,2025-02-15,2025-02-16,2,TSEC,100.28570556640625,100.11182403564453,100.03883361816406,97.83531951904297,99.58708953857422
M10_YLUR_SHUR,10,LUR,HUR,2025-02-15,2025-02-17,3,Yd,1493.587890625,1499.8897705078125,1499.0224609375,1508.9227294921875,1502.015869140625
M10_YLUR_SHUR,10,LUR,HUR,2025-02-15,2025-02-17,3,TSE,1489.934814453125,1500.38671875,1502.6226806640625,1511.9119873046875,1487.3372802734375
M10_YLUR_SHUR,10,LUR,HUR,2025-02-15,2025-02-17,3,TSEC,87.5865249633789,100.11182403564453,100.01445770263672,97.55451965332031,99.44844055175781
M10_YLUR_SHUR,10,LUR,HUR,2025-02-16,2025-02-16,1,Yd,1538.774658203125,1499.9068603515625,1500.3475341796875,1503.02099609375,1500.8843994140625
M10_YLUR_SHUR,10,LUR,HUR,2025-02-16,2025-02-16,1,TSE,1726.2808837890625,1500.3861083984375,1520.287353515625,1487.920654296875,1494.489990234375
M10_YLUR_SHUR,10,LUR,HUR,2025-02-16,2025-02-16,1,TSEC,100.28570556640625,100.10054016113281,99.84761047363281,99.25032806396484,99.81303405761719
M10_YLUR_SHUR,10,LUR,HUR,2025-02-16,2025-02-17,2,Yd,1493.587890625,1499.9068603515625,1499.38525390625,1502.3836669921875,1501.161865234375
M10_YLUR_SHUR,10,LUR,HUR,2025-02-16,2025-02-17,2,TSE,1489.934814453125,1500.3861083984375,1527.5736083984375,1481.878173828125,1491.72412109375
M10_YLUR_SHUR,10,LUR,HUR,2025-02-16,2025-02-17,2,TSEC,87.5865249633789,100.10054016113281,100.41602325439453,100.77593994140625,99.6844711303711
M10_YLUR_SHUR,10,LUR,HUR,2025-02-16,2025-02-18,3,Yd,1469.4930419921875,1499.9068603515625,1500.0303955078125,1501.93359375,1500.7357177734375
M10_YLUR_SHUR,10,LUR,HUR,2025-02-16,2025-02-18,3,TSE,1206.7969970703125,1500.3861083984375,1503.205810546875,1490.3734130859375,1489.8291015625
M10_YLUR_SHUR,10,LUR,HUR,2025-02-16,2025-02-18,3,TSEC,104.30184936523438,100.10054016113281,99.90365600585938,100.17089080810547,99.5088119506836
M10_YLUR_SHUR,10,LUR,HUR,2025-02-17,2025-02-17,1,Yd,1493.587890625,1499.9569091796875,1498.2091064453125,1499.045654296875,1500.3470458984375
M10_YLUR_SHUR,10,LUR,HUR,2025-02-17,2025-02-17,1,TSE,1489.934814453125,1500.6763916015625,1489.046875,1489.701904296875,1498.599609375
M10_YLUR_SHUR,10,LUR,HUR,2025-02-17,2025-02-17,1,TSEC,87.5865249633789,100.10077667236328,100.7791519165039,98.49380493164062,99.78984069824219
M10_YLUR_SHUR,10,LUR,HUR,2025-02-17,2025-02-18,2,Yd,1469.4930419921875,1499.9569091796875,1503.0511474609375,1501.8092041015625,1500.284423828125
M10_YLUR_SHUR,10,LUR,HUR,2025-02-17,2025-02-18,2,TSE,1206.7969970703125,1500.6763916015625,1499.360107421875,1492.5030517578125,1495.8756103515625
M10_YLUR_SHUR,10,LUR,HUR,2025-02-17,2025-02-18,2,TSEC,104.30184936523438,100.10077667236328,100.16822052001953,99.27542877197266,99.42584991455078
M10_YLUR_SHUR,10,LUR,HUR,2025-02-17,2025-02-19,3,Yd,1498.132080078125,1499.9569091796875,1501.3299560546875,1502.100830078125,1500.1466064453125
M10_YLUR_SHUR,10,LUR,HUR,2025-02-17,2025-02-19,3,TSE,1617.30419921875,1500.6763916015625,1510.052490234375,1498.350830078125,1497.24755859375
M10_YLUR_SHUR,10,LUR,HUR,2025-02-17,2025-02-19,3,TSEC,104.246826171875,100.10077667236328,100.60423278808594,100.10023498535156,98.868408203125
M10_YLUR_SHUR,10,LUR,HUR,2025-02-18,2025-02-18,1,Yd,1469.4930419921875,1499.9486083984375,1502.068603515625,1505.984619140625,1500.00537109375
M10_YLUR_SHUR,10,LUR,HUR,2025-02-18,2025-02-18,1,TSE,1206.7969970703125,1500.66259765625,1500.9415283203125,1483.3935546875,1497.411865234375
M10_YLUR_SHUR,10,LUR,HUR,2025-02-18,2025-02-18,1,TSEC,104.30184936523438,100.08470153808594,99.92362976074219,100.16487884521484,99.70880889892578
M10_YLUR_SHUR,10,LUR,HUR,2025-02-18,2025-02-19,2,Yd,1498.132080078125,1499.9486083984375,1496.87158203125,1504.8428955078125,1499.8505859375
M10_YLUR_SHUR,10,LUR,HUR,2025-02-18,2025-02-19,2,TSE,1617.30419921875,1500.66259765625,1507.235595703125,1448.62890625,1497.614013671875
M10_YLUR_SHUR,10,LUR,HUR,2025-02-18,2025-02-19,2,TSEC,104.246826171875,100.08470153808594,100.65294647216797,99.17285919189453,99.15552520751953
M10_YLUR_SHUR,10,LUR,HUR,2025-02-18,2025-02-20,3,Yd,1505.6336669921875,1499.9486083984375,1504.023681640625,1497.55810546875,1500.109130859375
M10_YLUR_SHUR,10,LUR,HUR,2025-02-18,2025-02-20,3,TSE,1500.1707763671875,1500.66259765625,1512.0361328125,1505.0826416015625,1498.2269287109375
M10_YLUR_SHUR,10,LUR,HUR,2025-02-18,2025-02-20,3,TSEC,93.48119354248047,100.08470153808594,100.06884765625,98.24434661865234,98.50827026367188
M10_YLUR_SHUR,10,LUR,HUR,2025-02-19,2025-02-19,1,Yd,1498.132080078125,1499.90966796875,1497.614990234375,1504.8651123046875,1499.976806640625
M10_YLUR_SHUR,10,LUR,HUR,2025-02-19,2025-02-19,1,TSE,1617.30419921875,1500.285888671875,1516.3311767578125,1442.6622314453125,1499.8448486328125
M10_YLUR_SHUR,10,LUR,HUR,2025-02-19,2025-02-19,1,TSEC,104.246826171875,100.0901107788086,100.6683349609375,100.01356506347656,99.42493438720703
M10_YLUR_SHUR,10,LUR,HUR,2025-02-19,2025-02-20,2,Yd,1505.6336669921875,1499.90966796875,1501.1986083984375,1500.3291015625,1500.073974609375
M10_YLUR_SHUR,10,LUR,HUR,2025-02-19,2025-02-20,2,TSE,1500.1707763671875,1500.285888671875,1512.33349609375,1492.531005859375,1498.2811279296875
M10_YLUR_SHUR,10,LUR,HUR,2025-02-19,2025-02-20,2,TSEC,93.48119354248047,100.0901107788086,100.02474975585938,103.16609954833984,98.79430389404297
M10_YLUR_SHUR,10,LUR,HUR,2025-02-19,2025-02-21,3,Yd,1497.5379638671875,1499.90966796875,1500.3304443359375,1498.236572265625,1500.7884521484375
M10_YLUR_SHUR,10,LUR,HUR,2025-02-19,2025-02-21,3,TSE,1585.20556640625,1500.285888671875,1515.0947265625,1499.5062255859375,1494.198486328125
M10_YLUR_SHUR,10,LUR,HUR,2025-02-19,2025-02-21,3,TSEC,98.21479797363281,100.0901107788086,100.57830810546875,102.2730484008789,98.37031555175781
M10_YLUR_SHUR,10,LUR,HUR,2025-02-20,2025-02-20,1,Yd,1505.6336669921875,1499.9073486328125,1498.23828125,1502.11474609375,1500.2344970703125
M10_YLUR_SHUR,10,LUR,HUR,2025-02-20,2025-02-20,1,TSE,1500.1707763671875,1500.4356689453125,1467.166748046875,1457.9564208984375,1501.030517578125
M10_YLUR_SHUR,10,LUR,HUR,2025-02-20,2025-02-20,1,TSEC,93.48119354248047,100.09544372558594,99.40961456298828,99.89723205566406,99.3215103149414
M10_YLUR_SHUR,10,LUR,HUR,2025-02-20,2025-02-21,2,Yd,1497.5379638671875,1499.9073486328125,1499.4454345703125,1500.650146484375,1500.7608642578125
M10_YLUR_SHUR,10,LUR,HUR,2025-02-20,2025-02-21,2,TSE,1585.20556640625,1500.4356689453125,1508.2021484375,1457.4083251953125,1496.7327880859375
M10_YLUR_SHUR,10,LUR,HUR,2025-02-20,2025-02-21,2,TSEC,98.21479797363281,100.09544372558594,100.2004623413086,98.00406646728516,98.86679077148438
M10_YLUR_SHUR,10,LUR,HUR,2025-02-20,2025-02-22,3,Yd,1529.2164306640625,1499.9073486328125,1498.633056640625,1502.7933349609375,1501.6199951171875
M10_YLUR_SHUR,10,LUR,HUR,2025-02-20,2025-02-22,3,TSE,1343.466064453125,1500.4356689453125,1511.1170654296875,1467.21240234375,1488.8846435546875
M10_YLUR_SHUR,10,LUR,HUR,2025-02-20,2025-02-22,3,TSEC,106.12712860107422,100.09544372558594,99.42903137207031,100.34757232666016,98.77222442626953
M10_YLUR_SHUR,10,LUR,HUR,2025-02-21,2025-02-21,1,Yd,1497.5379638671875,1499.9146728515625,1500.2877197265625,1497.79443359375,1500.6087646484375
M10_YLUR_SHUR,10,LUR,HUR,2025-02-21,2025-02-21,1,TSE,1585.20556640625,1500.4354248046875,1503.9305419921875,1467.51171875,1498.0556640625
M10_YLUR_SHUR,10,LUR,HUR,2025-02-21,2025-02-21,1,TSEC,98.21479797363281,100.08697509765625,100.38513946533203,100.59501647949219,99.50201416015625
M10_YLUR_SHUR,10,LUR,HUR,2025-02-21,2025-02-22,2,Yd,1529.2164306640625,1499.9146728515625,1503.04296875,1499.4903564453125,1501.4322509765625
M10_YLUR_SHUR,10,LUR,HUR,2025-02-21,2025-02-22,2,TSE,1343.466064453125,1500.4354248046875,1501.03125,1493.878173828125,1490.4481201171875
M10_YLUR_SHUR,10,LUR,HUR,2025-02-21,2025-02-22,2,TSEC,106.12712860107422,100.08697509765625,100.56161499023438,99.40225219726562,99.360595703125
M10_YLUR_SHUR,10,LUR,HUR,2025-02-21,2025-02-23,3,Yd,1496.231201171875,1499.9146728515625,1503.003173828125,1500.0279541015625,1502.2840576171875
M10_YLUR_SHUR,10,LUR,HUR,2025-02-21,2025-02-23,3,TSE,1419.311767578125,1500.4354248046875,1498.191650390625,1531.99072265625,1484.790283203125
M10_YLUR_SHUR,10,LUR,HUR,2025-02-21,2025-02-23,3,TSEC,103.57683563232422,100.08697509765625,100.317138671875,98.43843841552734,99.41803741455078
M10_YLUR_SHUR,10,LUR,HUR,2025-02-22,2025-02-22,1,Yd,1529.2164306640625,1499.9114990234375,1500.447021484375,1500.8790283203125,1500.9949951171875
M10_YLUR_SHUR,10,LUR,HUR,2025-02-22,2025-02-22,1,TSE,1343.466064453125,1500.5435791015625,1497.6468505859375,1459.9979248046875,1493.8114013671875
M10_YLUR_SHUR,10,LUR,HUR,2025-02-22,2025-02-22,1,TSEC,106.12712860107422,100.08458709716797,101.04993438720703,100.20307159423828,99.7197265625
M10_YLUR_SHUR,10,LUR,HUR,2025-02-22,2025-02-23,2,Yd,1496.231201171875,1499.9114990234375,1499.984375,1503.8544921875,1501.7857666015625
M10_YLUR_SHUR,10,LUR,HUR,2025-02-22,2025-02-23,2,TSE,1419.311767578125,1500.5435791015625,1504.9754638671875,1462.9119873046875,1487.65234375
M10_YLUR_SHUR,10,LUR,HUR,2025-02-22,2025-02-23,2,TSEC,103.57683563232422,100.08458709716797,100.9107894897461,98.73221588134766,99.63607788085938
M10_YLUR_SHUR,10,LUR,HUR,2025-02-22,2025-02-24,3,Yd,1483.826171875,1499.9114990234375,1499.9501953125,1505.007080078125,1501.98193359375
M10_YLUR_SHUR,10,LUR,HUR,2025-02-22,2025-02-24,3,TSE,1542.4967041015625,1500.5435791015625,1499.397216796875,1506.84130859375,1486.3277587890625
M10_YLUR_SHUR,10,LUR,HUR,2025-02-22,2025-02-24,3,TSEC,103.87540435791016,100.08458709716797,100.61849975585938,97.93109893798828,99.53028869628906
M10_YLUR_SHUR,10,LUR,HUR,2025-02-23,2025-02-23,1,Yd,1496.231201171875,1499.9490966796875,1498.0853271484375,1503.1602783203125,1500.997314453125
M10_YLUR_SHUR,10,LUR,HUR,2025-02-23,2025-02-23,1,TSE,1419.311767578125,1500.3431396484375,1504.2877197265625,1488.5787353515625,1494.4112548828125
M10_YLUR_SHUR,10,LUR,HUR,2025-02-23,2025-02-23,1,TSEC,103.57683563232422,100.09229278564453,100.48841857910156,99.82086181640625,99.81816101074219
M10_YLUR_SHUR,10,LUR,HUR,2025-02-23,2025-02-24,2,Yd,1483.826171875,1499.9490966796875,1501.617919921875,1501.3922119140625,1501.308349609375
M10_YLUR_SHUR,10,LUR,HUR,2025-02-23,2025-02-24,2,TSE,1542.4967041015625,1500.3431396484375,1501.428955078125,1498.153076171875,1492.8131103515625
M10_YLUR_SHUR,10,LUR,HUR,2025-02-23,2025-02-24,2,TSEC,103.87540435791016,100.09229278564453,99.38753509521484,100.21234130859375,99.63439178466797
M10_YLUR_SHUR,10,LUR,HUR,2025-02-23,2025-02-25,3,Yd,1509.8804931640625,1499.9490966796875,1498.48486328125,1503.7225341796875,1500.9278564453125
M10_YLUR_SHUR,10,LUR,HUR,2025-02-23,2025-02-25,3,TSE,1279.08642578125,1500.3431396484375,1506.6158447265625,1489.4178466796875,1492.958984375
M10_YLUR_SHUR,10,LUR,HUR,2025-02-23,2025-02-25,3,TSEC,89.50947570800781,100.09229278564453,100.3056869506836,99.970703125,99.29524993896484
M10_YLUR_SHUR,10,LUR,HUR,2025-02-24,2025-02-24,1,Yd,1483.826171875,1499.9442138671875,1501.1474609375,1503.25390625,1500.538818359375
M10_YLUR_SHUR,10,LUR,HUR,2025-02-24,2025-02-24,1,TSE,1542.4967041015625,1500.239990234375,1501.271484375,1511.4444580078125,1497.52490234375
M10_YLUR_SHUR,10,LUR,HUR,2025-02-24,2025-02-24,1,TSEC,103.87540435791016,100.09673309326172,99.66668701171875,101.34199523925781,99.67939758300781
M10_YLUR_SHUR,10,LUR,HUR,2025-02-24,2025-02-25,2,Yd,1509.8804931640625,1499.9442138671875,1498.1396484375,1508.41796875,1500.3485107421875
M10_YLUR_SHUR,10,LUR,HUR,2025-02-24,2025-02-25,2,TSE,1279.08642578125,1500.239990234375,1505.8533935546875,1473.365966796875,1494.9630126953125
M10_YLUR_SHUR,10,LUR,HUR,2025-02-24,2025-02-25,2,TSEC,89.50947570800781,100.09673309326172,100.16069793701172,100.00448608398438,99.29945373535156
M10_YLUR_SHUR,10,LUR,HUR,2025-02-24,2025-02-26,3,Yd,1487.2720947265625,1499.9442138671875,1500.4202880859375,1502.023681640625,1500.132568359375
M10_YLUR_SHUR,10,LUR,HUR,2025-02-24,2025-02-26,3,TSE,1687.33056640625,1500.239990234375,1506.2471923828125,1530.35107421875,1496.115478515625
M10_YLUR_SHUR,10,LUR,HUR,2025-02-24,2025-02-26,3,TSEC,94.51512908935547,100.09673309326172,99.55010986328125,99.22803497314453,98.69947814941406
M10_YLUR_SHUR,10,LUR,HUR,2025-02-25,2025-02-25,1,Yd,1509.8804931640625,1499.923828125,1499.2491455078125,1503.90087890625,1500.1053466796875
M10_YLUR_SHUR,10,LUR,HUR,2025-02-25,2025-02-25,1,TSE,1279.08642578125,1500.293701171875,1508.699462890625,1522.3687744140625,1497.9993896484375
M10_YLUR_SHUR,10,LUR,HUR,2025-02-25,2025-02-25,1,TSEC,89.50947570800781,100.1015396118164,100.5302734375,100.08537292480469,99.52229309082031
M10_YLUR_SHUR,10,LUR,HUR,2025-02-25,2025-02-26,2,Yd,1487.2720947265625,1499.923828125,1499.780517578125,1505.9468994140625,1499.952880859375
M10_YLUR_SHUR,10,LUR,HUR,2025-02-25,2025-02-26,2,TSE,1687.33056640625,1500.293701171875,1503.835693359375,1526.6884765625,1498.8441162109375
M10_YLUR_SHUR,10,LUR,HUR,2025-02-25,2025-02-26,2,TSEC,94.51512908935547,100.1015396118164,100.20279693603516,98.20216369628906,98.87090301513672
M10_YLUR_SHUR,10,LUR,HUR,2025-02-25,2025-02-27,3,Yd,1508.938720703125,1499.923828125,1499.9949951171875,1501.490966796875,1500.137939453125
M10_YLUR_SHUR,10,LUR,HUR,2025-02-25,2025-02-27,3,TSE,1462.2174072265625,1500.293701171875,1523.7340087890625,1543.1265869140625,1498.5279541015625
M10_YLUR_SHUR,10,LUR,HUR,2025-02-25,2025-02-27,3,TSEC,99.92577362060547,100.1015396118164,100.46501922607422,102.74883270263672,98.27610778808594
M10_YLUR_SHUR,10,LUR,HUR,2025-02-26,2025-02-26,1,Yd,1487.2720947265625,1499.9365234375,1502.2198486328125,1502.56005859375,1500.0343017578125
M10_YLUR_SHUR,10,LUR,HUR,2025-02-26,2025-02-26,1,TSE,1687.33056640625,1500.0126953125,1501.4674072265625,1503.1986083984375,1499.4322509765625
M10_YLUR_SHUR,10,LUR,HUR,2025-02-26,2025-02-26,1,TSEC,94.51512908935547,100.08808898925781,99.03511047363281,101.13623809814453,99.3792724609375
M10_YLUR_SHUR,10,LUR,HUR,2025-02-26,2025-02-27,2,Yd,1508.938720703125,1499.9365234375,1500.89501953125,1501.6644287109375,1500.1708984375
M10_YLUR_SHUR,10,LUR,HUR,2025-02-26,2025-02-27,2,TSE,1462.2174072265625,1500.0126953125,1521.2459716796875,1509.2332763671875,1497.4337158203125
M10_YLUR_SHUR,10,LUR,HUR,2025-02-26,2025-02-27,2,TSEC,99.92577362060547,100.08808898925781,100.73308563232422,103.31892395019531,98.72665405273438
M10_YLUR_SHUR,10,LUR,HUR,2025-02-26,2025-02-28,3,Yd,1490.2764892578125,1499.9365234375,1500.85693359375,1503.6781005859375,1500.948974609375
M10_YLUR_SHUR,10,LUR,HUR,2025-02-26,2025-02-28,3,TSE,1368.4681396484375,1500.0126953125,1500.9898681640625,1496.10205078125,1494.134521484375
M10_YLUR_SHUR,10,LUR,HUR,2025-02-26,2025-02-28,3,TSEC,102.76331329345703,100.08808898925781,99.25586700439453,101.21499633789062,98.32095336914062
M10_YLUR_SHUR,10,LUR,HUR,2025-02-27,2025-02-27,1,Yd,1508.938720703125,1499.92041015625,1501.115234375,1499.77099609375,1500.30322265625
M10_YLUR_SHUR,10,LUR,HUR,2025-02-27,2025-02-27,1,TSE,1462.2174072265625,1500.2503662109375,1522.8355712890625,1506.5440673828125,1500.3909912109375
M10_YLUR_SHUR,10,LUR,HUR,2025-02-27,2025-02-27,1,TSEC,99.92577362060547,100.08101654052734,100.18729400634766,100.61326599121094,99.29449462890625
M10_YLUR_SHUR,10,LUR,HUR,2025-02-27,2025-02-28,2,Yd,1490.2764892578125,1499.92041015625,1498.916015625,1499.305908203125,1500.876708984375
M10_YLUR_SHUR,10,LUR,HUR,2025-02-27,2025-02-28,2,TSE,1368.4681396484375,1500.2503662109375,1503.2198486328125,1493.7320556640625,1495.27001953125
M10_YLUR_SHUR,10,LUR,HUR,2025-02-27,2025-02-28,2,TSEC,102.76331329345703,100.08101654052734,99.7254867553711,100.98521423339844,98.82184600830078
M10_YLUR_SHUR,10,LUR,HUR,2025-02-27,2025-03-01,3,Yd,1489.7454833984375,1499.92041015625,1500.81689453125,1500.173583984375,1501.8145751953125
M10_YLUR_SHUR,10,LUR,HUR,2025-02-27,2025-03-01,3,TSE,1688.826416015625,1500.2503662109375,1508.4544677734375,1531.607421875,1487.0379638671875
M10_YLUR_SHUR,10,LUR,HUR,2025-02-27,2025-03-01,3,TSEC,114.540283203125,100.08101654052734,100.22305297851562,101.8230972290039,98.72830963134766
M10_YLUR_SHUR,10,LUR,HUR,2025-02-28,2025-02-28,1,Yd,1490.2764892578125,1499.931884765625,1498.47607421875,1500.912109375,1500.7012939453125
M10_YLUR_SHUR,10,LUR,HUR,2025-02-28,2025-02-28,1,TSE,1368.4681396484375,1500.2021484375,1505.789306640625,1503.2908935546875,1497.202392578125
M10_YLUR_SHUR,10,LUR,HUR,2025-02-28,2025-02-28,1,TSEC,102.76331329345703,100.08081817626953,99.35173797607422,101.09575653076172,99.49551391601562
M10_YLUR_SHUR,10,LUR,HUR,2025-02-28,2025-03-01,2,Yd,1489.7454833984375,1499.931884765625,1501.2685546875,1503.5892333984375,1501.6458740234375
M10_YLUR_SHUR,10,LUR,HUR,2025-02-28,2025-03-01,2,TSE,1688.826416015625,1500.2021484375,1503.753662109375,1484.03173828125,1489.3980712890625
M10_YLUR_SHUR,10,LUR,HUR,2025-02-28,2025-03-01,2,TSEC,114.540283203125,100.08081817626953,100.58828735351562,99.5080337524414,99.3580551147461
M10_YLUR_SHUR,10,LUR,HUR,2025-02-28,2025-03-02,3,Yd,1516.346435546875,1499.931884765625,1499.290771484375,1501.379150390625,1502.5682373046875
M10_YLUR_SHUR,10,LUR,HUR,2025-02-28,2025-03-02,3,TSE,1414.6693115234375,1500.2021484375,1496.319091796875,1519.3997802734375,1483.73388671875
M10_YLUR_SHUR,10,LUR,HUR,2025-02-28,2025-03-02,3,TSEC,87.85900115966797,100.08081817626953,99.49360656738281,99.98774719238281,99.42459106445312
M10_YLUR_SHUR,10,LUR,HUR,2025-03-01,2025-03-01,1,Yd,1489.7454833984375,1499.919677734375,1497.50927734375,1501.40380859375,1501.1732177734375
M10_YLUR_SHUR,10,LUR,HUR,2025-03-01,2025-03-01,1,TSE,1688.826416015625,1500.035400390625,1498.7613525390625,1474.2210693359375,1493.53662109375
M10_YLUR_SHUR,10,LUR,HUR,2025-03-01,2025-03-01,1,TSEC,114.540283203125,100.08421325683594,100.56768798828125,100.17272186279297,99.73279571533203
M10_YLUR_SHUR,10,LUR,HUR,2025-03-01,2025-03-02,2,Yd,1516.346435546875,1499.919677734375,1495.325927734375,1500.244873046875,1502.1510009765625
M10_YLUR_SHUR,10,LUR,HUR,2025-03-01,2025-03-02,2,TSE,1414.6693115234375,1500.035400390625,1519.8912353515625,1482.4505615234375,1487.352294921875
M10_YLUR_SHUR,10,LUR,HUR,2025-03-01,2025-03-02,2,TSEC,87.85900115966797,100.08421325683594,100.04181671142578,100.06645965576172,99.6151123046875
M10_YLUR_SHUR,10,LUR,HUR,2025-03-01,2025-03-03,3,Yd,1498.2303466796875,1499.919677734375,1503.463623046875,1500.2738037109375,1502.4354248046875
M10_YLUR_SHUR,10,LUR,HUR,2025-03-01,2025-03-03,3,TSE,1449.6751708984375,1500.035400390625,1512.8321533203125,1506.0635986328125,1485.5557861328125
M10_YLUR_SHUR,10,LUR,HUR,2025-03-01,2025-03-03,3,TSEC,105.78620147705078,100.08421325683594,100.50012969970703,100.18107604980469,99.45429992675781
M10_YLUR_SHUR,10,LUR,HUR,2025-03-02,2025-03-02,1,Yd,1516.346435546875,1499.90673828125,1499.1812744140625,1503.0115966796875,1501.039306640625
M10_YLUR_SHUR,10,LUR,HUR,2025-03-02,2025-03-02,1,TSE,1414.6693115234375,1500.2740478515625,1515.0799560546875,1500.9764404296875,1494.03515625
M10_YLUR_SHUR,10,LUR,HUR,2025-03-02,2025-03-02,1,TSEC,87.85900115966797,100.10249328613281,101.03482055664062,100.10015869140625,99.82111358642578
M10_YLUR_SHUR,10,LUR,HUR,2025-03-02,2025-03-03,2,Yd,1498.2303466796875,1499.90673828125,1499.8232421875,1504.421630859375,1501.3360595703125
M10_YLUR_SHUR,10,LUR,HUR,2025-03-02,2025-03-03,2,TSE,1449.6751708984375,1500.2740478515625,1519.94873046875,1516.940673828125,1492.223388671875
M10_YLUR_SHUR,10,LUR,HUR,2025-03-02,2025-03-03,2,TSEC,105.78620147705078,100.10249328613281,100.66937255859375,95.71920776367188,99.61029052734375
M10_YLUR_SHUR,10,LUR,HUR,2025-03-02,2025-03-04,3,Yd,1485.107421875,1499.90673828125,1499.1617431640625,1505.0888671875,1501.0477294921875
M10_YLUR_SHUR,10,LUR,HUR,2025-03-02,2025-03-04,3,TSE,1517.9573974609375,1500.2740478515625,1490.2965087890625,1529.545654296875,1492.1070556640625
M10_YLUR_SHUR,10,LUR,HUR,2025-03-02,2025-03-04,3,TSEC,90.44662475585938,100.10249328613281,100.14221954345703,99.67774200439453,99.27356719970703
M10_YLUR_SHUR,10,LUR,HUR,2025-03-03,2025-03-03,1,Yd,1498.2303466796875,1499.9276123046875,1498.614990234375,1502.1776123046875,1500.611572265625
M10_YLUR_SHUR,10,LUR,HUR,2025-03-03,2025-03-03,1,TSE,1449.6751708984375,1500.166015625,1504.01708984375,1507.1942138671875,1496.437255859375
M10_YLUR_SHUR,10,LUR,HUR,2025-03-03,2025-03-03,1,TSEC,105.78620147705078,100.0870361328125,99.52008056640625,100.22868347167969,99.75956726074219
M10_YLUR_SHUR,10,LUR,HUR,2025-03-03,2025-03-04,2,Yd,1485.107421875,1499.9276123046875,1499.900146484375,1504.024169921875,1500.5382080078125
M10_YLUR_SHUR,10,LUR,HUR,2025-03-03,2025-03-04,2,TSE,1517.9573974609375,1500.166015625,1506.6544189453125,1512.986572265625,1493.7637939453125
M10_YLUR_SHUR,10,LUR,HUR,2025-03-03,2025-03-04,2,TSEC,90.44662475585938,100.0870361328125,100.20915222167969,97.52558135986328,99.34979248046875
M10_YLUR_SHUR,10,LUR,HUR,2025-03-03,2025-03-05,3,Yd,1496.54052734375,1499.9276123046875,1498.9088134765625,1504.50537109375,1500.3885498046875
M10_YLUR_SHUR,10,LUR,HUR,2025-03-03,2025-03-05,3,TSE,1337.711181640625,1500.166015625,1504.4696044921875,1499.0576171875,1494.4017333984375
M10_YLUR_SHUR,10,LUR,HUR,2025-03-03,2025-03-05,3,TSEC,96.74225616455078,100.0870361328125,99.50562286376953,96.34178924560547,98.78032684326172
M10_YLUR_SHUR,10,LUR,HUR,2025-03-04,2025-03-04,1,Yd,1485.107421875,1499.9254150390625,1498.30859375,1502.993408203125,1500.2158203125
M10_YLUR_SHUR,10,LUR,HUR,2025-03-04,2025-03-04,1,TSE,1517.9573974609375,1500.102294921875,1510.2666015625,1508.453369140625,1497.5050048828125
M10_YLUR_SHUR,10,LUR,HUR,2025-03-04,2025-03-04,1,TSEC,90.44662475585938,100.09422302246094,100.54148864746094,99.0705795288086,99.50712585449219
M10_YLUR_SHUR,10,LUR,HUR,2025-03-04,2025-03-05,2,Yd,1496.54052734375,1499.9254150390625,1497.017333984375,1501.3475341796875,1500.1544189453125
M10_YLUR_SHUR,10,LUR,HUR,2025-03-04,2025-03-05,2,TSE,1337.711181640625,1500.102294921875,1497.6451416015625,1516.552490234375,1497.08251953125
M10_YLUR_SHUR,10,LUR,HUR,2025-03-04,2025-03-05,2,TSEC,96.74225616455078,100.09422302246094,99.41609191894531,99.44868469238281,98.86038970947266
M10_YLUR_SHUR,10,LUR,HUR,2025-03-04,2025-03-06,3,Yd,1507.65869140625,1499.9254150390625,1502.42431640625,1501.1749267578125,1500.4278564453125
M10_YLUR_SHUR,10,LUR,HUR,2025-03-04,2025-03-06,3,TSE,1423.8692626953125,1500.102294921875,1505.5947265625,1539.574462890625,1496.1236572265625
M10_YLUR_SHUR,10,LUR,HUR,2025-03-04,2025-03-06,3,TSEC,84.66866302490234,100.09422302246094,100.62673950195312,100.15159606933594,98.250244140625
M10_YLUR_SHUR,10,LUR,HUR,2025-03-05,2025-03-05,1,Yd,1496.54052734375,1499.9068603515625,1500.759521484375,1503.352294921875,1500.17919921875
M10_YLUR_SHUR,10,LUR,HUR,2025-03-05,2025-03-05,1,TSE,1337.711181640625,1500.1248779296875,1508.5426025390625,1526.4599609375,1499.391357421875
M10_YLUR_SHUR,10,LUR,HUR,2025-03-05,2025-03-05,1,TSEC,96.74225616455078,100.08206176757812,99.54298400878906,100.4999008178711,99.36188507080078
M10_YLUR_SHUR,10,LUR,HUR,2025-03-05,2025-03-06,2,Yd,1507.65869140625,1499.9068603515625,1499.376220703125,1503.72607421875,1500.446533203125
M10_YLUR_SHUR,10,LUR,HUR,2025-03-05,2025-03-06,2,TSE,1423.8692626953125,1500.1248779296875,1515.2816162109375,1518.0205078125,1497.0650634765625
M10_YLUR_SHUR,10,LUR,HUR,2025-03-05,2025-03-06,2,TSEC,84.66866302490234,100.08206176757812,100.89900207519531,98.83672332763672,98.71997833251953
M10_YLUR_SHUR,10,LUR,HUR,2025-03-05,2025-03-07,3,Yd,1513.7713623046875,1499.9068603515625,1500.1800537109375,1503.281982421875,1501.234130859375
M10_YLUR_SHUR,10,LUR,HUR,2025-03-05,2025-03-07,3,TSE,1366.118896484375,1500.1248779296875,1514.4869384765625,1548.3638916015625,1491.8031005859375
M10_YLUR_SHUR,10,LUR,HUR,2025-03-05,2025-03-07,3,TSEC,98.54544067382812,100.08206176757812,99.70803833007812,102.60169982910156,98.32262420654297
M10_YLUR_SHUR,10,LUR,HUR,2025-03-06,2025-03-06,1,Yd,1507.65869140625,1499.9024658203125,1499.942626953125,1501.55908203125,1500.4056396484375
M10_YLUR_SHUR,10,LUR,HUR,2025-03-06,2025-03-06,1,TSE,1423.8692626953125,1499.92041015625,1501.4222412109375,1498.910400390625,1498.969482421875
M10_YLUR_SHUR,10,LUR,HUR,2025-03-06,2025-03-06,1,TSEC,84.66866302490234,100.07787322998047,100.60795593261719,101.73469543457031,99.31769561767578
M10_YLUR_SHUR,10,LUR,HUR,2025-03-06,2025-03-07,2,Yd,1513.7713623046875,1499.9024658203125,1499.9677734375,1499.8555908203125,1501.11181640625
M10_YLUR_SHUR,10,LUR,HUR,2025-03-06,2025-03-07,2,TSE,1366.118896484375,1499.92041015625,1506.9102783203125,1528.31640625,1494.2418212890625
M10_YLUR_SHUR,10,LUR,HUR,2025-03-06,2025-03-07,2,TSEC,98.54544067382812,100.07787322998047,99.25626373291016,100.71443176269531,98.91053771972656
M10_YLUR_SHUR,10,LUR,HUR,2025-03-06,2025-03-08,3,Yd,1510.757568359375,1499.9024658203125,1500.094970703125,1502.673828125,1502.236572265625
M10_YLUR_SHUR,10,LUR,HUR,2025-03-06,2025-03-08,3,TSE,1445.1798095703125,1499.92041015625,1496.2568359375,1523.6336669921875,1485.387939453125
M10_YLUR_SHUR,10,LUR,HUR,2025-03-06,2025-03-08,3,TSEC,105.93050384521484,100.07787322998047,100.44271087646484,101.72785186767578,98.91473388671875
M10_YLUR_SHUR,10,LUR,HUR,2025-03-07,2025-03-07,1,Yd,1513.7713623046875,1499.9122314453125,1499.0482177734375,1502.958740234375,1500.7564697265625
M10_YLUR_SHUR,10,LUR,HUR,2025-03-07,2025-03-07,1,TSE,1366.118896484375,1499.8250732421875,1514.1611328125,1463.278076171875,1496.206787109375
M10_YLUR_SHUR,10,LUR,HUR,2025-03-07,2025-03-07,1,TSEC,98.54544067382812,100.05851745605469,98.62532806396484,98.9050064086914,99.60995483398438
M10_YLUR_SHUR,10,LUR,HUR,2025-03-07,2025-03-08,2,Yd,1510.757568359375,1499.9122314453125,1499.637939453125,1503.355224609375,1501.77978515625
M10_YLUR_SHUR,10,LUR,HUR,2025-03-07,2025-03-08,2,TSE,1445.1798095703125,1499.8250732421875,1488.9573974609375,1481.9498291015625,1487.35986328125
M10_YLUR_SHUR,10,LUR,HUR,2025-03-07,2025-03-08,2,TSEC,105.93050384521484,100.05851745605469,100.84762573242188,98.71990966796875,99.56885528564453
M10_YLUR_SHUR,10,LUR,HUR,2025-03-07,2025-03-09,3,Yd,1499.5064697265625,1499.9122314453125,1498.378173828125,1507.76416015625,1502.8199462890625
M10_YLUR_SHUR,10,LUR,HUR,2025-03-07,2025-03-09,3,TSE,1518.4141845703125,1499.8250732421875,1502.460693359375,1508.627197265625,1481.4979248046875
M10_YLUR_SHUR,10,LUR,HUR,2025-03-07,2025-03-09,3,TSEC,103.8497085571289,100.05851745605469,98.94756317138672,100.59490966796875,99.66065979003906
M10_YLUR_SHUR,10,LUR,HUR,2025-03-08,2025-03-08,1,Yd,1510.757568359375,1499.9296875,1498.816650390625,1502.0966796875,1501.1466064453125
M10_YLUR_SHUR,10,LUR,HUR,2025-03-08,2025-03-08,1,TSE,1445.1798095703125,1499.6571044921875,1492.4578857421875,1494.128173828125,1493.2646484375
M10_YLUR_SHUR,10,LUR,HUR,2025-03-08,2025-03-08,1,TSEC,105.93050384521484,100.0566177368164,99.78011322021484,101.47406005859375,99.93058013916016
M10_YLUR_SHUR,10,LUR,HUR,2025-03-08,2025-03-09,2,Yd,1499.5064697265625,1499.9296875,1498.1636962890625,1501.146728515625,1502.064697265625
M10_YLUR_SHUR,10,LUR,HUR,2025-03-08,2025-03-09,2,TSE,1518.4141845703125,1499.6571044921875,1506.7239990234375,1506.5408935546875,1487.275634765625
M10_YLUR_SHUR,10,LUR,HUR,2025-03-08,2025-03-09,2,TSEC,103.8497085571289,100.0566177368164,99.96390533447266,99.56108093261719,99.89710235595703
M10_YLUR_SHUR,10,LUR,HUR,2025-03-08,2025-03-10,3,Yd,1485.9312744140625,1499.9296875,1501.4161376953125,1502.7774658203125,1502.5491943359375
M10_YLUR_SHUR,10,LUR,HUR,2025-03-08,2025-03-10,3,TSE,1567.0654296875,1499.6571044921875,1497.057861328125,1543.4405517578125,1484.76513671875
M10_YLUR_SHUR,10,LUR,HUR,2025-03-08,2025-03-10,3,TSEC,113.70140075683594,100.0566177368164,99.57344055175781,100.42823791503906,99.78773498535156
M10_YLUR_SHUR,10,LUR,HUR,2025-03-09,2025-03-09,1,Yd,1499.5064697265625,1499.9432373046875,1504.1773681640625,1503.676025390625,1501.0826416015625
M10_YLUR_SHUR,10,LUR,HUR,2025-03-09,2025-03-09,1,TSE,1518.4141845703125,1499.5889892578125,1500.28076171875,1476.2244873046875,1493.552001953125
M10_YLUR_SHUR,10,LUR,HUR,2025-03-09,2025-03-09,1,TSEC,103.8497085571289,100.06396484375,99.61917114257812,98.70445251464844,99.91232299804688
M10_YLUR_SHUR,10,LUR,HUR,2025-03-09,2025-03-10,2,Yd,1485.9312744140625,1499.9432373046875,1498.9468994140625,1504.986572265625,1501.5816650390625
M10_YLUR_SHUR,10,LUR,HUR,2025-03-09,2025-03-10,2,TSE,1567.0654296875,1499.5889892578125,1499.596435546875,1471.7574462890625,1490.3115234375
M10_YLUR_SHUR,10,LUR,HUR,2025-03-09,2025-03-10,2,TSEC,113.70140075683594,100.06396484375,99.91148376464844,98.84039306640625,99.77708435058594
M10_YLUR_SHUR,10,LUR,HUR,2025-03-09,2025-03-11,3,Yd,1507.279296875,1499.9432373046875,1497.8631591796875,1508.0963134765625,1501.358154296875
M10_YLUR_SHUR,10,LUR,HUR,2025-03-09,2025-03-11,3,TSE,1577.149658203125,1499.5889892578125,1505.91064453125,1529.7720947265625,1490.9134521484375
M10_YLUR_SHUR,10,LUR,HUR,2025-03-09,2025-03-11,3,TSEC,91.29750061035156,100.06396484375,99.65548706054688,102.5873794555664,99.3209457397461
M10_YLUR_SHUR,10,LUR,HUR,2025-03-10,2025-03-10,1,Yd,1485.9312744140625,1499.9427490234375,1499.793701171875,1503.4422607421875,1500.6539306640625
M10_YLUR_SHUR,10,LUR,HUR,2025-03-10,2025-03-10,1,TSE,1567.0654296875,1499.6124267578125,1492.835693359375,1521.4217529296875,1496.3641357421875
M10_YLUR_SHUR,10,LUR,HUR,2025-03-10,2025-03-10,1,TSEC,113.70140075683594,100.06871032714844,100.433837890625,100.62651062011719,99.76705932617188
M10_YLUR_SHUR,10,LUR,HUR,2025-03-10,2025-03-11,2,Yd,1507.279296875,1499.9427490234375,1499.27783203125,1506.636474609375,1500.599853515625
M10_YLUR_SHUR,10,LUR,HUR,2025-03-10,2025-03-11,2,TSE,1577.149658203125,1499.6124267578125,1508.0205078125,1498.800537109375,1494.5194091796875
M10_YLUR_SHUR,10,LUR,HUR,2025-03-10,2025-03-11,2,TSEC,91.29750061035156,100.06871032714844,99.18853759765625,97.93592834472656,99.28150177001953
M10_YLUR_SHUR,10,LUR,HUR,2025-03-10,2025-03-12,3,Yd,1497.0888671875,1499.9427490234375,1499.6351318359375,1504.398681640625,1500.4244384765625
M10_YLUR_SHUR,10,LUR,HUR,2025-03-10,2025-03-12,3,TSE,1478.8658447265625,1499.6124267578125,1500.33984375,1555.809326171875,1493.2626953125
M10_YLUR_SHUR,10,LUR,HUR,2025-03-10,2025-03-12,3,TSEC,99.84742736816406,100.06871032714844,100.30073547363281,100.2216567993164,98.68653106689453
M10_YLUR_SHUR,10,LUR,HUR,2025-03-11,2025-03-11,1,Yd,1507.279296875,1499.9251708984375,1502.28515625,1503.43701171875,1500.1922607421875
M10_YLUR_SHUR,10,LUR,HUR,2025-03-11,2025-03-11,1,TSE,1577.149658203125,1499.6968994140625,1511.8839111328125,1540.0889892578125,1497.6639404296875
M10_YLUR_SHUR,10,LUR,HUR,2025-03-11,2025-03-11,1,TSEC,91.29750061035156,100.08573913574219,99.83985137939453,101.47328186035156,99.48139953613281
M10_YLUR_SHUR,10,LUR,HUR,2025-03-11,2025-03-12,2,Yd,1497.0888671875,1499.9251708984375,1501.644775390625,1504.479248046875,1500.1129150390625
M10_YLUR_SHUR,10,LUR,HUR,2025-03-11,2025-03-12,2,TSE,1478.8658447265625,1499.6968994140625,1499.83056640625,1538.609375,1497.257080078125
M10_YLUR_SHUR,10,LUR,HUR,2025-03-11,2025-03-12,2,TSEC,99.84742736816406,100.08573913574219,100.10015869140625,101.29977416992188,98.81900787353516
M10_YLUR_SHUR,10,LUR,HUR,2025-03-11,2025-03-13,3,Yd,1492.09912109375,1499.9251708984375,1498.0732421875,1503.388916015625,1500.38525390625
M10_YLUR_SHUR,10,LUR,HUR,2025-03-11,2025-03-13,3,TSE,1344.515380859375,1499.6968994140625,1518.5831298828125,1560.43310546875,1496.4908447265625
M10_YLUR_SHUR,10,LUR,HUR,2025-03-11,2025-03-13,3,TSEC,83.27078247070312,100.08573913574219,100.02655029296875,101.56847381591797,98.20160675048828
M10_YLUR_SHUR,10,LUR,HUR,2025-03-12,2025-03-12,1,Yd,1497.0888671875,1499.9344482421875,1500.0428466796875,1497.830322265625,1500.1561279296875
M10_YLUR_SHUR,10,LUR,HUR,2025-03-12,2025-03-12,1,TSE,1478.8658447265625,1499.7935791015625,1503.298095703125,1521.52490234375,1499.7159423828125
M10_YLUR_SHUR,10,LUR,HUR,2025-03-12,2025-03-12,1,TSEC,99.84742736816406,100.07476806640625,100.50041961669922,100.73898315429688,99.35391235351562
M10_YLUR_SHUR,10,LUR,HUR,2025-03-12,2025-03-13,2,Yd,1492.09912109375,1499.9344482421875,1500.1981201171875,1501.68115234375,1500.4505615234375
M10_YLUR_SHUR,10,LUR,HUR,2025-03-12,2025-03-13,2,TSE,1344.515380859375,1499.7935791015625,1522.995361328125,1510.096923828125,1497.3875732421875
M10_YLUR_SHUR,10,LUR,HUR,2025-03-12,2025-03-13,2,TSEC,83.27078247070312,100.07476806640625,98.22406005859375,99.19099426269531,98.7086410522461
M10_YLUR_SHUR,10,LUR,HUR,2025-03-12,2025-03-14,3,Yd,1477.0181884765625,1499.9344482421875,1499.0797119140625,1500.8446044921875,1501.224853515625
M10_YLUR_SHUR,10,LUR,HUR,2025-03-12,2025-03-14,3,TSE,1608.4471435546875,1499.7935791015625,1509.6201171875,1527.2154541015625,1492.1956787109375
M10_YLUR_SHUR,10,LUR,HUR,2025-03-12,2025-03-14,3,TSEC,106.09233093261719,100.07476806640625,100.81842041015625,101.01802825927734,98.29794311523438
M10_YLUR_SHUR,10,LUR,HUR,2025-03-13,2025-03-13,1,Yd,1492.09912109375,1499.9307861328125,1499.13037109375,1499.41357421875,1500.437744140625
M10_YLUR_SHUR,10,LUR,HUR,2025-03-13,2025-03-13,1,TSE,1344.515380859375,1499.7674560546875,1516.9814453125,1496.2236328125,1499.1751708984375
M10_YLUR_SHUR,10,LUR,HUR,2025-03-13,2025-03-13,1,TSEC,83.27078247070312,100.07449340820312,100.11283874511719,99.02888488769531,99.28723907470703
M10_YLUR_SHUR,10,LUR,HUR,2025-03-13,2025-03-14,2,Yd,1477.0181884765625,1499.9307861328125,1498.56396484375,1498.504638671875,1501.1439208984375
M10_YLUR_SHUR,10,LUR,HUR,2025-03-13,2025-03-14,2,TSE,1608.4471435546875,1499.7674560546875,1505.85302734375,1514.2386474609375,1493.9000244140625
M10_YLUR_SHUR,10,LUR,HUR,2025-03-13,2025-03-14,2,TSEC,106.09233093261719,100.07449340820312,99.8506088256836,98.56991577148438,98.8203353881836
M10_YLUR_SHUR,10,LUR,HUR,2025-03-13,2025-03-15,3,Yd,1502.2718505859375,1499.9307861328125,1499.1546630859375,1501.4990234375,1502.2828369140625
M10_YLUR_SHUR,10,LUR,HUR,2025-03-13,2025-03-15,3,TSE,1544.212890625,1499.7674560546875,1503.2120361328125,1530.39697265625,1485.3291015625
M10_YLUR_SHUR,10,LUR,HUR,2025-03-13,2025-03-15,3,TSEC,118.32793426513672,100.07449340820312,99.93791961669922,100.91929626464844,98.7845687866211
M10_YLUR_SHUR,10,LUR,HUR,2025-03-14,2025-03-14,1,Yd,1477.0181884765625,1499.9210205078125,1499.9200439453125,1501.124755859375,1500.84228515625
M10_YLUR_SHUR,10,LUR,HUR,2025-03-14,2025-03-14,1,TSE,1608.4471435546875,1499.5740966796875,1505.6533203125,1512.6468505859375,1495.9034423828125
M10_YLUR_SHUR,10,LUR,HUR,2025-03-14,2025-03-14,1,TSEC,106.09233093261719,100.0535659790039,99.68301391601562,100.45153045654297,99.56137084960938
M10_YLUR_SHUR,10,LUR,HUR,2025-03-14,2025-03-15,2,Yd,1502.2718505859375,1499.9210205078125,1500.25634765625,1501.682861328125,1501.9285888671875
M10_YLUR_SHUR,10,LUR,HUR,2025-03-14,2025-03-15,2,TSE,1544.212890625,1499.5740966796875,1498.655517578125,1518.949462890625,1486.87109375
M10_YLUR_SHUR,10,LUR,HUR,2025-03-14,2025-03-15,2,TSEC,118.32793426513672,100.0535659790039,100.56523132324219,102.11849212646484,99.4921646118164
M10_YLUR_SHUR,10,LUR,HUR,2025-03-14,2025-03-16,3,Yd,1509.037109375,1499.9210205078125,1500.3248291015625,1508.0987548828125,1503.0006103515625
M10_YLUR_SHUR,10,LUR,HUR,2025-03-14,2025-03-16,3,TSE,1586.08642578125,1499.5740966796875,1501.73486328125,1520.433837890625,1480.961669921875
M10_YLUR_SHUR,10,LUR,HUR,2025-03-14,2025-03-16,3,TSEC,101.08038330078125,100.0535659790039,99.81885528564453,102.15419006347656,99.57234954833984
M10_YLUR_SHUR,10,LUR,HUR,2025-03-15,2025-03-15,1,Yd,1502.2718505859375,1499.892578125,1501.512939453125,1500.231689453125,1501.2552490234375
M10_YLUR_SHUR,10,LUR,HUR,2025-03-15,2025-03-15,1,TSE,1544.212890625,1499.7095947265625,1495.81640625,1490.401123046875,1491.4478759765625
M10_YLUR_SHUR,10,LUR,HUR,2025-03-15,2025-03-15,1,TSEC,118.32793426513672,100.06108093261719,100.08335876464844,101.29654693603516,99.76153564453125
M10_YLUR_SHUR,10,LUR,HUR,2025-03-15,2025-03-16,2,Yd,1509.037109375,1499.892578125,1498.95068359375,1501.5867919921875,1502.3150634765625
M10_YLUR_SHUR,10,LUR,HUR,2025-03-15,2025-03-16,2,TSE,1586.08642578125,1499.7095947265625,1497.4833984375,1479.1964111328125,1484.145751953125
M10_YLUR_SHUR,10,LUR,HUR,2025-03-15,2025-03-16,2,TSEC,101.08038330078125,100.06108093261719,99.54728698730469,96.7483139038086,99.70169830322266
M10_YLUR_SHUR,10,LUR,HUR,2025-03-15,2025-03-17,3,Yd,1475.5531005859375,1499.892578125,1499.8502197265625,1498.232177734375,1502.6773681640625
M10_YLUR_SHUR,10,LUR,HUR,2025-03-15,2025-03-17,3,TSE,1517.9495849609375,1499.7095947265625,1496.6522216796875,1526.748046875,1482.1595458984375
M10_YLUR_SHUR,10,LUR,HUR,2025-03-15,2025-03-17,3,TSEC,76.24181365966797,100.06108093261719,99.83683776855469,97.26209259033203,99.5905990600586
M10_YLUR_SHUR,10,LUR,HUR,2025-03-16,2025-03-16,1,Yd,1509.037109375,1499.8955078125,1497.6116943359375,1501.14599609375,1501.2178955078125
M10_YLUR_SHUR,10,LUR,HUR,2025-03-16,2025-03-16,1,TSE,1586.08642578125,1499.764892578125,1500.9342041015625,1490.2789306640625,1492.8359375
M10_YLUR_SHUR,10,LUR,HUR,2025-03-16,2025-03-16,1,TSEC,101.08038330078125,100.08377075195312,100.21588134765625,99.11253356933594,99.88424682617188
M10_YLUR_SHUR,10,LUR,HUR,2025-03-16,2025-03-17,2,Yd,1475.5531005859375,1499.8955078125,1500.863525390625,1500.536865234375,1501.6885986328125
M10_YLUR_SHUR,10,LUR,HUR,2025-03-16,2025-03-17,2,TSE,1517.9495849609375,1499.764892578125,1500.672119140625,1498.2415771484375,1490.134765625
M10_YLUR_SHUR,10,LUR,HUR,2025-03-16,2025-03-17,2,TSEC,76.24181365966797,100.08377075195312,100.48469543457031,99.41114807128906,99.75840759277344
M10_YLUR_SHUR,10,LUR,HUR,2025-03-16,2025-03-18,3,Yd,1498.4820556640625,1499.8955078125,1498.6444091796875,1504.934326171875,1501.496337890625
M10_YLUR_SHUR,10,LUR,HUR,2025-03-16,2025-03-18,3,TSE,1668.00244140625,1499.764892578125,1503.532958984375,1501.5142822265625,1490.676513671875
M10_YLUR_SHUR,10,LUR,HUR,2025-03-16,2025-03-18,3,TSEC,100.57904815673828,100.08377075195312,100.16116333007812,101.37870788574219,99.33502960205078
M10_YLUR_SHUR,10,LUR,HUR,2025-03-17,2025-03-17,1,Yd,1475.5531005859375,1499.906982421875,1501.7379150390625,1500.927734375,1500.755126953125
M10_YLUR_SHUR,10,LUR,HUR,2025-03-17,2025-03-17,1,TSE,1517.9495849609375,1499.8719482421875,1498.34814453125,1505.4423828125,1496.055908203125
M10_YLUR_SHUR,10,LUR,HUR,2025-03-17,2025-03-17,1,TSEC,76.24181365966797,100.08500671386719,100.01142120361328,100.22265625,99.78736114501953
M10_YLUR_SHUR,10,LUR,HUR,2025-03-17,2025-03-18,2,Yd,1498.4820556640625,1499.906982421875,1499.95947265625,1499.6383056640625,1500.813232421875
M10_YLUR_SHUR,10,LUR,HUR,2025-03-17,2025-03-18,2,TSE,1668.00244140625,1499.8719482421875,1504.1282958984375,1515.2542724609375,1493.731201171875
M10_YLUR_SHUR,10,LUR,HUR,2025-03-17,2025-03-18,2,TSEC,100.57904815673828,100.08500671386719,99.77635192871094,99.34495544433594,99.36995697021484
M10_YLUR_SHUR,10,LUR,HUR,2025-03-17,2025-03-19,3,Yd,1503.3985595703125,1499.906982421875,1503.9027099609375,1506.28076171875,1500.706787109375
M10_YLUR_SHUR,10,LUR,HUR,2025-03-17,2025-03-19,3,TSE,1521.126953125,1499.8719482421875,1504.7677001953125,1511.0814208984375,1493.4930419921875
M10_YLUR_SHUR,10,LUR,HUR,2025-03-17,2025-03-19,3,TSEC,97.13418579101562,100.08500671386719,100.10505676269531,97.87127685546875,98.83153533935547
M10_YLUR_SHUR,10,LUR,HUR,2025-03-18,2025-03-18,1,Yd,1498.4820556640625,1499.876708984375,1500.918701171875,1500.8599853515625,1500.4482421875
M10_YLUR_SHUR,10,LUR,HUR,2025-03-18,2025-03-18,1,TSE,1668.00244140625,1499.8944091796875,1496.576171875,1489.03369140625,1496.302978515625
M10_YLUR_SHUR,10,LUR,HUR,2025-03-18,2025-03-18,1,TSEC,100.57904815673828,100.05546569824219,99.53056335449219,101.29340362548828,99.62178039550781
M10_YLUR_SHUR,10,LUR,HUR,2025-03-18,2025-03-19,2,Yd,1503.3985595703125,1499.876708984375,1502.3746337890625,1504.85400390625,1500.558837890625
M10_YLUR_SHUR,10,LUR,HUR,2025-03-18,2025-03-19,2,TSE,1521.126953125,1499.8944091796875,1495.482177734375,1466.0863037109375,1494.5391845703125
M10_YLUR_SHUR,10,LUR,HUR,2025-03-18,2025-03-19,2,TSEC,97.13418579101562,100.05546569824219,100.12591552734375,99.48080444335938,99.03641510009766
M10_YLUR_SHUR,10,LUR,HUR,2025-03-18,2025-03-20,3,Yd,1510.2415771484375,1499.876708984375,1498.00390625,1502.9171142578125,1500.950439453125
M10_YLUR_SHUR,10,LUR,HUR,2025-03-18,2025-03-20,3,TSE,1524.6015625,1499.8944091796875,1495.6170654296875,1485.5428466796875,1492.4442138671875
M10_YLUR_SHUR,10,LUR,HUR,2025-03-18,2025-03-20,3,TSEC,77.24922180175781,100.05546569824219,99.7901382446289,99.07271575927734,98.4635238647461
M10_YLUR_SHUR,10,LUR,HUR,2025-03-19,2025-03-19,1,Yd,1503.3985595703125,1499.875,1495.4046630859375,1504.25341796875,1500.374755859375
M10_YLUR_SHUR,10,LUR,HUR,2025-03-19,2025-03-19,1,TSE,1521.126953125,1500.1024169921875,1508.962646484375,1502.4091796875,1498.40673828125
M10_YLUR_SHUR,10,LUR,HUR,2025-03-19,2025-03-19,1,TSEC,97.13418579101562,100.05610656738281,99.86261749267578,99.65110778808594,99.42320251464844
M10_YLUR_SHUR,10,LUR,HUR,2025-03-19,2025-03-20,2,Yd,1510.2415771484375,1499.875,1501.854736328125,1501.8765869140625,1500.83935546875
M10_YLUR_SHUR,10,LUR,HUR,2025-03-19,2025-03-20,2,TSE,1524.6015625,1500.1024169921875,1512.4287109375,1479.3829345703125,1495.020263671875
M10_YLUR_SHUR,10,LUR,HUR,2025-03-19,2025-03-20,2,TSEC,77.24922180175781,100.05610656738281,100.00955200195312,98.41405487060547,98.83563995361328
M10_YLUR_SHUR,10,LUR,HUR,2025-03-19,2025-03-21,3,Yd,1494.096923828125,1499.875,1498.5535888671875,1505.0372314453125,1501.7613525390625
M10_YLUR_SHUR,10,LUR,HUR,2025-03-19,2025-03-21,3,TSE,1534.556884765625,1500.1024169921875,1509.6268310546875,1511.614013671875,1488.8131103515625
M10_YLUR_SHUR,10,LUR,HUR,2025-03-19,2025-03-21,3,TSEC,115.70599365234375,100.05610656738281,99.7880630493164,99.95162963867188,98.46512603759766
M10_YLUR_SHUR,10,LUR,HUR,2025-03-20,2025-03-20,1,Yd,1510.2415771484375,1499.8792724609375,1500.3843994140625,1500.1058349609375,1500.6153564453125
M10_YLUR_SHUR,10,LUR,HUR,2025-03-20,2025-03-20,1,TSE,1524.6015625,1500.1282958984375,1543.4593505859375,1469.71533203125,1498.1781005859375
M10_YLUR_SHUR,10,LUR,HUR,2025-03-20,2025-03-20,1,TSEC,77.24922180175781,100.05249786376953,99.38519287109375,97.9989013671875,99.36579132080078
M10_YLUR_SHUR,10,LUR,HUR,2025-03-20,2025-03-21,2,Yd,1494.096923828125,1499.8792724609375,1499.474853515625,1498.54296875,1501.4473876953125
M10_YLUR_SHUR,10,LUR,HUR,2025-03-20,2025-03-21,2,TSE,1534.556884765625,1500.1282958984375,1510.7017822265625,1499.8232421875,1491.3909912109375
M10_YLUR_SHUR,10,LUR,HUR,2025-03-20,2025-03-21,2,TSEC,115.70599365234375,100.05249786376953,100.7977523803711,97.61812591552734,98.92191314697266
M10_YLUR_SHUR,10,LUR,HUR,2025-03-20,2025-03-22,3,Yd,1525.866943359375,1499.8792724609375,1500.4803466796875,1502.57568359375,1502.5543212890625
M10_YLUR_SHUR,10,LUR,HUR,2025-03-20,2025-03-22,3,TSE,1509.6346435546875,1500.1282958984375,1497.2841796875,1470.4061279296875,1480.6365966796875
M10_YLUR_SHUR,10,LUR,HUR,2025-03-20,2025-03-22,3,TSEC,111.91009521484375,100.05249786376953,99.69091796875,100.4968490600586,98.9643783569336
M10_YLUR_SHUR,10,LUR,HUR,2025-03-21,2025-03-21,1,Yd,1494.096923828125,1499.89208984375,1498.6927490234375,1504.6800537109375,1500.91552734375
M10_YLUR_SHUR,10,LUR,HUR,2025-03-21,2025-03-21,1,TSE,1534.556884765625,1500.15869140625,1506.23681640625,1477.0408935546875,1494.95361328125
M10_YLUR_SHUR,10,LUR,HUR,2025-03-21,2025-03-21,1,TSEC,115.70599365234375,100.02434539794922,100.05768585205078,103.2528305053711,99.61234283447266
M10_YLUR_SHUR,10,LUR,HUR,2025-03-21,2025-03-22,2,Yd,1525.866943359375,1499.89208984375,1500.8262939453125,1504.8922119140625,1501.94775390625
M10_YLUR_SHUR,10,LUR,HUR,2025-03-21,2025-03-22,2,TSE,1509.6346435546875,1500.15869140625,1501.8203125,1501.16357421875,1484.3773193359375
M10_YLUR_SHUR,10,LUR,HUR,2025-03-21,2025-03-22,2,TSEC,111.91009521484375,100.02434539794922,100.11495971679688,101.55769348144531,99.63984680175781
M10_YLUR_SHUR,10,LUR,HUR,2025-03-21,2025-03-23,3,Yd,1509.4547119140625,1499.89208984375,1500.031494140625,1508.5164794921875,1502.854736328125
M10_YLUR_SHUR,10,LUR,HUR,2025-03-21,2025-03-23,3,TSE,1408.7110595703125,1500.15869140625,1499.1343994140625,1523.821533203125,1477.9508056640625
M10_YLUR_SHUR,10,LUR,HUR,2025-03-21,2025-03-23,3,TSEC,116.3048095703125,100.02434539794922,100.03390502929688,102.2292709350586,99.84390258789062
M10_YLUR_SHUR,10,LUR,HUR,2025-03-22,2025-03-22,1,Yd,1525.866943359375,1499.885009765625,1500.755615234375,1500.6798095703125,1501.3480224609375
M10_YLUR_SHUR,10,LUR,HUR,2025-03-22,2025-03-22,1,TSE,1509.6346435546875,1500.200927734375,1493.8802490234375,1473.5545654296875,1490.8033447265625
M10_YLUR_SHUR,10,LUR,HUR,2025-03-22,2025-03-22,1,TSEC,111.91009521484375,100.0436782836914,99.53785705566406,97.11499786376953,99.82860565185547
M10_YLUR_SHUR,10,LUR,HUR,2025-03-22,2025-03-23,2,Yd,1509.4547119140625,1499.885009765625,1499.315673828125,1501.6802978515625,1502.313720703125
M10_YLUR_SHUR,10,LUR,HUR,2025-03-22,2025-03-23,2,TSE,1408.7110595703125,1500.200927734375,1522.979248046875,1481.8848876953125,1484.052001953125
M10_YLUR_SHUR,10,LUR,HUR,2025-03-22,2025-03-23,2,TSEC,116.3048095703125,100.0436782836914,99.7616958618164,95.43036651611328,99.7818374633789
M10_YLUR_SHUR,10,LUR,HUR,2025-03-22,2025-03-24,3,Yd,1475.197265625,1499.885009765625,1499.3148193359375,1501.2308349609375,1502.7486572265625
M10_YLUR_SHUR,10,LUR,HUR,2025-03-22,2025-03-24,3,TSE,1393.480712890625,1500.200927734375,1515.1357421875,1532.4940185546875,1481.34814453125
M10_YLUR_SHUR,10,LUR,HUR,2025-03-22,2025-03-24,3,TSEC,112.04185485839844,100.0436782836914,99.5608901977539,99.44155883789062,99.73361206054688
M10_YLUR_SHUR,10,LUR,HUR,2025-03-23,2025-03-23,1,Yd,1509.4547119140625,1499.9168701171875,1502.59326171875,1503.3980712890625,1501.2005615234375
M10_YLUR_SHUR,10,LUR,HUR,2025-03-23,2025-03-23,1,TSE,1408.7110595703125,1500.212646484375,1501.033203125,1464.796875,1492.7166748046875
M10_YLUR_SHUR,10,LUR,HUR,2025-03-23,2025-03-23,1,TSEC,116.3048095703125,100.05828857421875,101.03329467773438,99.50812530517578,99.85562133789062
M10_YLUR_SHUR,10,LUR,HUR,2025-03-23,2025-03-24,2,Yd,1475.197265625,1499.9168701171875,1497.420166015625,1499.395263671875,1501.7159423828125
M10_YLUR_SHUR,10,LUR,HUR,2025-03-23,2025-03-24,2,TSE,1393.480712890625,1500.212646484375,1501.693115234375,1495.141357421875,1489.485595703125
M10_YLUR_SHUR,10,LUR,HUR,2025-03-23,2025-03-24,2,TSEC,112.04185485839844,100.05828857421875,99.06461334228516,101.98430633544922,99.73944091796875
M10_YLUR_SHUR,10,LUR,HUR,2025-03-23,2025-03-25,3,Yd,1487.8250732421875,1499.9168701171875,1496.8961181640625,1502.4263916015625,1501.62548828125
M10_YLUR_SHUR,10,LUR,HUR,2025-03-23,2025-03-25,3,TSE,1674.8017578125,1500.212646484375,1498.109130859375,1496.133544921875,1490.73486328125
M10_YLUR_SHUR,10,LUR,HUR,2025-03-23,2025-03-25,3,TSEC,100.59187316894531,100.05828857421875,100.94054412841797,102.40199279785156,99.31597137451172
M10_YLUR_SHUR,10,LUR,HUR,2025-03-24,2025-03-24,1,Yd,1475.197265625,1499.9287109375,1499.5335693359375,1503.1220703125,1500.8514404296875
M10_YLUR_SHUR,10,LUR,HUR,2025-03-24,2025-03-24,1,TSE,1393.480712890625,1500.10009765625,1503.2513427734375,1531.52099609375,1496.34521484375
M10_YLUR_SHUR,10,LUR,HUR,2025-03-24,2025-03-24,1,TSEC,112.04185485839844,100.07827758789062,101.41171264648438,100.97917938232422,99.71768951416016
M10_YLUR_SHUR,10,LUR,HUR,2025-03-24,2025-03-25,2,Yd,1487.8250732421875,1499.9287109375,1498.212646484375,1501.9232177734375,1500.883056640625
M10_YLUR_SHUR,10,LUR,HUR,2025-03-24,2025-03-25,2,TSE,1674.8017578125,1500.10009765625,1499.5924072265625,1551.374267578125,1494.9105224609375
M10_YLUR_SHUR,10,LUR,HUR,2025-03-24,2025-03-25,2,TSEC,100.59187316894531,100.07827758789062,99.1161880493164,100.30760955810547,99.2720947265625
M10_YLUR_SHUR,10,LUR,HUR,2025-03-24,2025-03-26,3,Yd,1506.71337890625,1499.9287109375,1499.6265869140625,1503.3885498046875,1500.7666015625
M10_YLUR_SHUR,10,LUR,HUR,2025-03-24,2025-03-26,3,TSE,1613.2352294921875,1500.10009765625,1507.2191162109375,1559.42138671875,1493.7550048828125
M10_YLUR_SHUR,10,LUR,HUR,2025-03-24,2025-03-26,3,TSEC,121.68498229980469,100.07827758789062,100.96363830566406,98.17302703857422,98.68486022949219
M10_YLUR_SHUR,10,LUR,HUR,2025-03-25,2025-03-25,1,Yd,1487.8250732421875,1499.8983154296875,1500.491455078125,1506.1058349609375,1500.3992919921875
M10_YLUR_SHUR,10,LUR,HUR,2025-03-25,2025-03-25,1,TSE,1674.8017578125,1499.968994140625,1499.7884521484375,1532.8331298828125,1497.4100341796875
M10_YLUR_SHUR,10,LUR,HUR,2025-03-25,2025-03-25,1,TSEC,100.59187316894531,100.09297180175781,99.84930419921875,102.60794830322266,99.4862060546875
M10_YLUR_SHUR,10,LUR,HUR,2025-03-25,2025-03-26,2,Yd,1506.71337890625,1499.8983154296875,1499.89892578125,1508.723876953125,1500.447265625
M10_YLUR_SHUR,10,LUR,HUR,2025-03-25,2025-03-26,2,TSE,1613.2352294921875,1499.968994140625,1486.6749267578125,1530.1923828125,1496.114501953125
M10_YLUR_SHUR,10,LUR,HUR,2025-03-25,2025-03-26,2,TSEC,121.68498229980469,100.09297180175781,100.5609359741211,101.3132553100586,98.8056411743164
M10_YLUR_SHUR,10,LUR,HUR,2025-03-25,2025-03-27,3,Yd,1500.39306640625,1499.8983154296875,1499.30810546875,1505.609130859375,1500.8388671875
M10_YLUR_SHUR,10,LUR,HUR,2025-03-25,2025-03-27,3,TSE,1557.5948486328125,1499.968994140625,1488.54931640625,1561.6597900390625,1495.5338134765625
M10_YLUR_SHUR,10,LUR,HUR,2025-03-25,2025-03-27,3,TSEC,96.15653991699219,100.09297180175781,97.73760986328125,100.8290786743164,98.14947509765625
M10_YLUR_SHUR,10,LUR,HUR,2025-03-26,2025-03-26,1,Yd,1506.71337890625,1499.8834228515625,1503.4007568359375,1500.758544921875,1500.3359375
M10_YLUR_SHUR,10,LUR,HUR,2025-03-26,2025-03-26,1,TSE,1613.2352294921875,1500.18359375,1494.952880859375,1526.109375,1499.1199951171875
M10_YLUR_SHUR,10,LUR,HUR,2025-03-26,2025-03-26,1,TSEC,121.68498229980469,100.09358978271484,99.89891815185547,101.39185333251953,99.32255554199219
M10_YLUR_SHUR,10,LUR,HUR,2025-03-26,2025-03-27,2,Yd,1500.39306640625,1499.8834228515625,1497.153076171875,1504.3468017578125,1500.747314453125
M10_YLUR_SHUR,10,LUR,HUR,2025-03-26,2025-03-27,2,TSE,1557.5948486328125,1500.18359375,1498.6163330078125,1538.152587890625,1496.583251953125
M10_YLUR_SHUR,10,LUR,HUR,2025-03-26,2025-03-27,2,TSEC,96.15653991699219,100.09358978271484,99.9019775390625,98.23741912841797,98.64167022705078
M10_YLUR_SHUR,10,LUR,HUR,2025-03-26,2025-03-28,3,Yd,1504.9521484375,1499.8834228515625,1500.4268798828125,1503.58203125,1501.655517578125
M10_YLUR_SHUR,10,LUR,HUR,2025-03-26,2025-03-28,3,TSE,1324.6744384765625,1500.18359375,1497.8004150390625,1522.4462890625,1491.5325927734375
M10_YLUR_SHUR,10,LUR,HUR,2025-03-26,2025-03-28,3,TSEC,103.22711181640625,100.09358978271484,99.90015411376953,100.5145492553711,98.20397186279297
M10_YLUR_SHUR,10,LUR,HUR,2025-03-27,2025-03-27,1,Yd,1500.39306640625,1499.891845703125,1499.4984130859375,1503.3541259765625,1500.5809326171875
M10_YLUR_SHUR,10,LUR,HUR,2025-03-27,2025-03-27,1,TSE,1557.5948486328125,1500.322021484375,1516.999755859375,1486.9853515625,1499.0245361328125
M10_YLUR_SHUR,10,LUR,HUR,2025-03-27,2025-03-27,1,TSEC,96.15653991699219,100.12004852294922,100.82625579833984,99.98017120361328,99.22914123535156
M10_YLUR_SHUR,10,LUR,HUR,2025-03-27,2025-03-28,2,Yd,1504.9521484375,1499.891845703125,1499.696533203125,1501.376220703125,1501.4334716796875
M10_YLUR_SHUR,10,LUR,HUR,2025-03-27,2025-03-28,2,TSE,1324.6744384765625,1500.322021484375,1507.490966796875,1501.95361328125,1493.7110595703125
M10_YLUR_SHUR,10,LUR,HUR,2025-03-27,2025-03-28,2,TSEC,103.22711181640625,100.12004852294922,99.75218200683594,98.79756164550781,98.68595123291016
M10_YLUR_SHUR,10,LUR,HUR,2025-03-27,2025-03-29,3,Yd,1480.1104736328125,1499.891845703125,1500.3297119140625,1502.1182861328125,1502.6817626953125
M10_YLUR_SHUR,10,LUR,HUR,2025-03-27,2025-03-29,3,TSE,1234.039794921875,1500.322021484375,1502.0867919921875,1525.0999755859375,1485.624755859375
M10_YLUR_SHUR,10,LUR,HUR,2025-03-27,2025-03-29,3,TSEC,92.96173095703125,100.12004852294922,100.42200469970703,101.88653564453125,98.58161163330078
M10_YLUR_SHUR,10,LUR,HUR,2025-03-28,2025-03-28,1,Yd,1504.9521484375,1499.8924560546875,1499.1910400390625,1501.742919921875,1501.0235595703125
M10_YLUR_SHUR,10,LUR,HUR,2025-03-28,2025-03-28,1,TSE,1324.6744384765625,1500.39208984375,1498.8369140625,1489.5684814453125,1495.5845947265625
M10_YLUR_SHUR,10,LUR,HUR,2025-03-28,2025-03-28,1,TSEC,103.22711181640625,100.11519622802734,99.80113983154297,101.38182830810547,99.365966796875
M10_YLUR_SHUR,10,LUR,HUR,2025-03-28,2025-03-29,2,Yd,1480.1104736328125,1499.8924560546875,1497.846923828125,1502.9732666015625,1502.2410888671875
M10_YLUR_SHUR,10,LUR,HUR,2025-03-28,2025-03-29,2,TSE,1234.039794921875,1500.39208984375,1492.9818115234375,1506.5255126953125,1487.18994140625
M10_YLUR_SHUR,10,LUR,HUR,2025-03-28,2025-03-29,2,TSEC,92.96173095703125,100.11519622802734,100.92546844482422,99.39366912841797,99.15240478515625
M10_YLUR_SHUR,10,LUR,HUR,2025-03-28,2025-03-30,3,Yd,1500.746826171875,1499.8924560546875,1497.79638671875,1506.25,1503.3095703125
M10_YLUR_SHUR,10,LUR,HUR,2025-03-28,2025-03-30,3,TSE,1471.721435546875,1500.39208984375,1522.3839111328125,1502.118408203125,1482.15625
M10_YLUR_SHUR,10,LUR,HUR,2025-03-28,2025-03-30,3,TSEC,91.82852172851562,100.11519622802734,99.98690032958984,100.84671783447266,99.20492553710938
M10_YLUR_SHUR,10,LUR,HUR,2025-03-29,2025-03-29,1,Yd,1480.1104736328125,1499.8985595703125,1499.1761474609375,1499.5736083984375,1501.575439453125
M10_YLUR_SHUR,10,LUR,HUR,2025-03-29,2025-03-29,1,TSE,1234.039794921875,1500.17724609375,1494.3482666015625,1505.927001953125,1492.30859375
M10_YLUR_SHUR,10,LUR,HUR,2025-03-29,2025-03-29,1,TSEC,92.96173095703125,100.11900329589844,101.02436828613281,98.1009750366211,99.6871337890625
M10_YLUR_SHUR,10,LUR,HUR,2025-03-29,2025-03-30,2,Yd,1500.746826171875,1499.8985595703125,1499.90234375,1498.839599609375,1502.764892578125
M10_YLUR_SHUR,10,LUR,HUR,2025-03-29,2025-03-30,2,TSE,1471.721435546875,1500.17724609375,1521.302978515625,1541.7022705078125,1486.27001953125
M10_YLUR_SHUR,10,LUR,HUR,2025-03-29,2025-03-30,2,TSEC,91.82852172851562,100.11900329589844,100.02667999267578,97.92511749267578,99.58317565917969
M10_YLUR_SHUR,10,LUR,HUR,2025-03-29,2025-03-31,3,Yd,1472.1444091796875,1499.8985595703125,1499.335693359375,1502.809814453125,1503.041748046875
M10_YLUR_SHUR,10,LUR,HUR,2025-03-29,2025-03-31,3,TSE,1547.6781005859375,1500.17724609375,1514.84765625,1543.349365234375,1484.5118408203125
M10_YLUR_SHUR,10,LUR,HUR,2025-03-29,2025-03-31,3,TSEC,102.05845642089844,100.11900329589844,100.9656982421875,99.86338806152344,99.44468688964844
M10_YLUR_SHUR,10,LUR,HUR,2025-03-30,2025-03-30,1,Yd,1500.746826171875,1499.87451171875,1504.9102783203125,1502.475341796875,1501.4930419921875
M10_YLUR_SHUR,10,LUR,HUR,2025-03-30,2025-03-30,1,TSE,1471.721435546875,1499.8524169921875,1504.5809326171875,1508.029052734375,1492.78076171875
M10_YLUR_SHUR,10,LUR,HUR,2025-03-30,2025-03-30,1,TSEC,91.82852172851562,100.11026000976562,99.1474609375,98.5062484741211,99.77763366699219
M10_YLUR_SHUR,10,LUR,HUR,2025-03-30,2025-03-31,2,Yd,1472.1444091796875,1499.87451171875,1494.2735595703125,1504.173828125,1502.1676025390625
M10_YLUR_SHUR,10,LUR,HUR,2025-03-30,2025-03-31,2,TSE,1547.6781005859375,1499.8524169921875,1502.9730224609375,1501.15673828125,1489.0257568359375
M10_YLUR_SHUR,10,LUR,HUR,2025-03-30,2025-03-31,2,TSEC,102.05845642089844,100.11026000976562,100.94318389892578,98.1848373413086,99.48970031738281
M10_YLUR_SHUR,10,LUR,HUR,2025-03-30,2025-04-01,3,Yd,1487.976806640625,1499.87451171875,1497.8182373046875,1505.615478515625,1501.9781494140625
M10_YLUR_SHUR,10,LUR,HUR,2025-03-30,2025-04-01,3,TSE,1134.760009765625,1499.8524169921875,1495.024658203125,1568.6702880859375,1490.136962890625
M10_YLUR_SHUR,10,LUR,HUR,2025-03-30,2025-04-01,3,TSEC,94.31560516357422,100.11026000976562,99.31698608398438,101.04588317871094,99.12542724609375
