case_id,M,yd_level,solar_level,origin_date,target_date,step,variable,true,MEAN,ARIMA,RNN,LSTM
M7_YHUR_SLUR,7,HUR,LUR,2024-12-31,2024-12-31,1,Yd,1053.686767578125,1056.99072265625,1023.043701171875,1058.171142578125,1054.7742919921875
M7_YHUR_SLUR,7,HUR,LUR,2024-12-31,2024-12-31,1,TSE,1039.9537353515625,1050.03369140625,1054.590087890625,1051.1787109375,1049.90576171875
M7_YHUR_SLUR,7,HUR,LUR,2024-12-31,2024-12-31,1,TSEC,72.17164611816406,69.97383880615234,69.96481323242188,70.08760833740234,69.97676849365234
M7_YHUR_SLUR,7,HUR,LUR,2024-12-31,2025-01-01,2,Yd,1083.7039794921875,1056.99072265625,1073.463623046875,1058.2750244140625,1051.787353515625
M7_YHUR_SLUR,7,HUR,LUR,2024-12-31,2025-01-01,2,TSE,1037.705810546875,1050.03369140625,1055.827392578125,1050.254150390625,1049.9755859375
M7_YHUR_SLUR,7,HUR,LUR,2024-12-31,2025-01-01,2,TSEC,70.2778549194336,69.97383880615234,69.95537567138672,70.02800750732422,69.9712142944336
M7_YHUR_SLUR,7,HUR,LUR,2024-12-31,2025-01-02,3,Yd,1040.993408203125,1056.99072265625,1038.969970703125,1063.8084716796875,1050.49755859375
M7_YHUR_SLUR,7,HUR,LUR,2024-12-31,2025-01-02,3,TSE,1047.6787109375,1050.03369140625,1047.0941162109375,1050.8834228515625,1050.4136962890625
M7_YHUR_SLUR,7,HUR,LUR,2024-12-31,2025-01-02,3,TSEC,70.36315155029297,69.97383880615234,69.848388671875,70.04847717285156,69.9665298461914
M7_YHUR_SLUR,7,HUR,LUR,2025-01-01,2025-01-01,1,Yd,1083.7039794921875,1056.9862060546875,1071.8695068359375,1072.0386962890625,1053.0517578125
M7_YHUR_SLUR,7,HUR,LUR,2025-01-01,2025-01-01,1,TSE,1037.705810546875,1050.0198974609375,1052.1395263671875,1050.58056640625,1050.273193359375
M7_YHUR_SLUR,7,HUR,LUR,2025-01-01,2025-01-01,1,TSEC,70.2778549194336,69.97684478759766,69.98246765136719,69.98515319824219,69.96332550048828
M7_YHUR_SLUR,7,HUR,LUR,2025-01-01,2025-01-02,2,Yd,1040.993408203125,1056.9862060546875,1037.171875,1075.7203369140625,1049.9918212890625
M7_YHUR_SLUR,7,HUR,LUR,2025-01-01,2025-01-02,2,TSE,1047.6787109375,1050.0198974609375,1049.137451171875,1051.81689453125,1050.8143310546875
M7_YHUR_SLUR,7,HUR,LUR,2025-01-01,2025-01-02,2,TSEC,70.36315155029297,69.97684478759766,69.96270751953125,70.0276107788086,69.95707702636719
M7_YHUR_SLUR,7,HUR,LUR,2025-01-01,2025-01-03,3,Yd,1075.2674560546875,1056.9862060546875,1069.1212158203125,1066.1593017578125,1049.79296875
M7_YHUR_SLUR,7,HUR,LUR,2025-01-01,2025-01-03,3,TSE,1052.943359375,1050.0198974609375,1050.9703369140625,1049.5067138671875,1051.5048828125
M7_YHUR_SLUR,7,HUR,LUR,2025-01-01,2025-01-03,3,TSEC,69.76758575439453,69.97684478759766,69.81354522705078,69.97712707519531,69.96932983398438
M7_YHUR_SLUR,7,HUR,LUR,2025-01-02,2025-01-02,1,Yd,1040.993408203125,1057.0225830078125,1046.5885009765625,1075.9346923828125,1053.021484375
M7_YHUR_SLUR,7,HUR,LUR,2025-01-02,2025-01-02,1,TSE,1047.6787109375,1050.0030517578125,1047.650390625,1049.26513671875,1050.7628173828125
M7_YHUR_SLUR,7,HUR,LUR,2025-01-02,2025-01-02,1,TSEC,70.36315155029297,69.97725677490234,69.86491394042969,69.6882095336914,69.98338317871094
M7_YHUR_SLUR,7,HUR,LUR,2025-01-02,2025-01-03,2,Yd,1075.2674560546875,1057.0225830078125,1052.2275390625,1063.6571044921875,1051.309326171875
M7_YHUR_SLUR,7,HUR,LUR,2025-01-02,2025-01-03,2,TSE,1052.943359375,1050.0030517578125,1049.7264404296875,1051.1087646484375,1051.7017822265625
M7_YHUR_SLUR,7,HUR,LUR,2025-01-02,2025-01-03,2,TSEC,69.76758575439453,69.97725677490234,70.13715362548828,69.83089447021484,70.01454162597656
M7_YHUR_SLUR,7,HUR,LUR,2025-01-02,2025-01-04,3,Yd,1186.201171875,1057.0225830078125,1049.3450927734375,1077.0723876953125,1050.560791015625
M7_YHUR_SLUR,7,HUR,LUR,2025-01-02,2025-01-04,3,TSE,1057.01416015625,1050.0030517578125,1050.843994140625,1051.4686279296875,1052.5689697265625
M7_YHUR_SLUR,7,HUR,LUR,2025-01-02,2025-01-04,3,TSEC,69.7685775756836,69.97725677490234,69.920654296875,69.93004608154297,70.07012939453125
M7_YHUR_SLUR,7,HUR,LUR,2025-01-03,2025-01-03,1,Yd,1075.2674560546875,1057.000732421875,1051.928955078125,1059.0478515625,1053.9783935546875
M7_YHUR_SLUR,7,HUR,LUR,2025-01-03,2025-01-03,1,TSE,1052.943359375,1049.9998779296875,1052.7642822265625,1052.6510009765625,1051.1700439453125
M7_YHUR_SLUR,7,HUR,LUR,2025-01-03,2025-01-03,1,TSEC,69.76758575439453,69.977783203125,69.83431243896484,69.90613555908203,70.01776123046875
M7_YHUR_SLUR,7,HUR,LUR,2025-01-03,2025-01-04,2,Yd,1186.201171875,1057.000732421875,1048.841552734375,1078.1153564453125,1052.1923828125
M7_YHUR_SLUR,7,HUR,LUR,2025-01-03,2025-01-04,2,TSE,1057.01416015625,1049.9998779296875,1051.4071044921875,1052.8692626953125,1052.3492431640625
M7_YHUR_SLUR,7,HUR,LUR,2025-01-03,2025-01-04,2,TSEC,69.7685775756836,69.977783203125,70.03286743164062,69.9752197265625,70.0804214477539
M7_YHUR_SLUR,7,HUR,LUR,2025-01-03,2025-01-05,3,Yd,939.224609375,1057.000732421875,1048.9786376953125,1069.6171875,1050.419921875
M7_YHUR_SLUR,7,HUR,LUR,2025-01-03,2025-01-05,3,TSE,1050.2344970703125,1049.9998779296875,1050.7978515625,1053.41162109375,1052.9979248046875
M7_YHUR_SLUR,7,HUR,LUR,2025-01-03,2025-01-05,3,TSEC,69.09668731689453,69.977783203125,70.02544403076172,70.03360748291016,70.12984466552734
M7_YHUR_SLUR,7,HUR,LUR,2025-01-04,2025-01-04,1,Yd,1186.201171875,1057.025634765625,1037.059814453125,1086.4937744140625,1054.397216796875
M7_YHUR_SLUR,7,HUR,LUR,2025-01-04,2025-01-04,1,TSE,1057.01416015625,1050.00390625,1050.6956787109375,1050.913818359375,1051.4249267578125
M7_YHUR_SLUR,7,HUR,LUR,2025-01-04,2025-01-04,1,TSEC,69.7685775756836,69.97750091552734,70.00794982910156,70.00489044189453,70.05132293701172
M7_YHUR_SLUR,7,HUR,LUR,2025-01-04,2025-01-05,2,Yd,939.224609375,1057.025634765625,1067.0679931640625,1063.673828125,1051.9923095703125
M7_YHUR_SLUR,7,HUR,LUR,2025-01-04,2025-01-05,2,TSE,1050.2344970703125,1050.00390625,1053.102294921875,1050.5018310546875,1052.3018798828125
M7_YHUR_SLUR,7,HUR,LUR,2025-01-04,2025-01-05,2,TSEC,69.09668731689453,69.97750091552734,69.9714584350586,70.02770233154297,70.11434936523438
M7_YHUR_SLUR,7,HUR,LUR,2025-01-04,2025-01-06,3,Yd,1225.542724609375,1057.025634765625,1058.906005859375,1064.8995361328125,1050.071044921875
M7_YHUR_SLUR,7,HUR,LUR,2025-01-04,2025-01-06,3,TSE,1046.322509765625,1050.00390625,1051.734130859375,1051.61865234375,1052.3734130859375
M7_YHUR_SLUR,7,HUR,LUR,2025-01-04,2025-01-06,3,TSEC,69.2777328491211,69.97750091552734,69.97207641601562,70.04303741455078,70.13993072509766
M7_YHUR_SLUR,7,HUR,LUR,2025-01-05,2025-01-05,1,Yd,939.224609375,1057.201416015625,1067.1239013671875,1063.07177734375,1055.4837646484375
M7_YHUR_SLUR,7,HUR,LUR,2025-01-05,2025-01-05,1,TSE,1050.2344970703125,1050.0135498046875,1053.636474609375,1050.669189453125,1051.07763671875
M7_YHUR_SLUR,7,HUR,LUR,2025-01-05,2025-01-05,1,TSEC,69.09668731689453,69.97721099853516,69.95177459716797,70.0123062133789,70.0506362915039
M7_YHUR_SLUR,7,HUR,LUR,2025-01-05,2025-01-06,2,Yd,1225.542724609375,1057.201416015625,1069.1146240234375,1061.1744384765625,1054.189208984375
M7_YHUR_SLUR,7,HUR,LUR,2025-01-05,2025-01-06,2,TSE,1046.322509765625,1050.0135498046875,1052.358642578125,1049.7296142578125,1051.534912109375
M7_YHUR_SLUR,7,HUR,LUR,2025-01-05,2025-01-06,2,TSEC,69.2777328491211,69.97721099853516,69.97541809082031,69.99150085449219,70.09093475341797
M7_YHUR_SLUR,7,HUR,LUR,2025-01-05,2025-01-07,3,Yd,1145.4073486328125,1057.201416015625,1035.004638671875,1059.390380859375,1051.0426025390625
M7_YHUR_SLUR,7,HUR,LUR,2025-01-05,2025-01-07,3,TSE,1044.1539306640625,1050.0135498046875,1053.8023681640625,1049.6744384765625,1051.3492431640625
M7_YHUR_SLUR,7,HUR,LUR,2025-01-05,2025-01-07,3,TSEC,69.59735870361328,69.97721099853516,70.01439666748047,69.98272705078125,70.09095001220703
M7_YHUR_SLUR,7,HUR,LUR,2025-01-06,2025-01-06,1,Yd,1225.542724609375,1057.0411376953125,1051.4290771484375,1060.988525390625,1054.7196044921875
M7_YHUR_SLUR,7,HUR,LUR,2025-01-06,2025-01-06,1,TSE,1046.322509765625,1050.0137939453125,1052.4996337890625,1051.342041015625,1050.6639404296875
M7_YHUR_SLUR,7,HUR,LUR,2025-01-06,2025-01-06,1,TSEC,69.2777328491211,69.97602081298828,69.9371566772461,70.0604019165039,70.02320098876953
M7_YHUR_SLUR,7,HUR,LUR,2025-01-06,2025-01-07,2,Yd,1145.4073486328125,1057.0411376953125,1048.2252197265625,1055.878662109375,1050.53857421875
M7_YHUR_SLUR,7,HUR,LUR,2025-01-06,2025-01-07,2,TSE,1044.1539306640625,1050.0137939453125,1053.830322265625,1049.6431884765625,1050.7864990234375
M7_YHUR_SLUR,7,HUR,LUR,2025-01-06,2025-01-07,2,TSEC,69.59735870361328,69.97602081298828,69.93457794189453,69.98920440673828,70.03935241699219
M7_YHUR_SLUR,7,HUR,LUR,2025-01-06,2025-01-08,3,Yd,1139.26806640625,1057.0411376953125,1050.3729248046875,1059.4466552734375,1045.47705078125
M7_YHUR_SLUR,7,HUR,LUR,2025-01-06,2025-01-08,3,TSE,1043.629638671875,1050.0137939453125,1054.4718017578125,1049.7982177734375,1050.7515869140625
M7_YHUR_SLUR,7,HUR,LUR,2025-01-06,2025-01-08,3,TSEC,69.68269348144531,69.97602081298828,69.9430923461914,69.95854949951172,70.04492950439453
M7_YHUR_SLUR,7,HUR,LUR,2025-01-07,2025-01-07,1,Yd,1145.4073486328125,1057.269775390625,1048.14599609375,1059.476806640625,1055.69873046875
M7_YHUR_SLUR,7,HUR,LUR,2025-01-07,2025-01-07,1,TSE,1044.1539306640625,1050.0087890625,1053.7579345703125,1049.7479248046875,1050.3992919921875
M7_YHUR_SLUR,7,HUR,LUR,2025-01-07,2025-01-07,1,TSEC,69.59735870361328,69.9750747680664,69.9221420288086,69.98357391357422,70.0057601928711
M7_YHUR_SLUR,7,HUR,LUR,2025-01-07,2025-01-08,2,Yd,1139.26806640625,1057.269775390625,1052.7451171875,1059.390380859375,1052.2408447265625
M7_YHUR_SLUR,7,HUR,LUR,2025-01-07,2025-01-08,2,TSE,1043.629638671875,1050.0087890625,1054.0780029296875,1049.6744384765625,1050.659423828125
M7_YHUR_SLUR,7,HUR,LUR,2025-01-07,2025-01-08,2,TSEC,69.68269348144531,69.9750747680664,70.00666809082031,69.98272705078125,70.02735900878906
M7_YHUR_SLUR,7,HUR,LUR,2025-01-07,2025-01-09,3,Yd,1123.5126953125,1057.269775390625,1048.6627197265625,1059.390380859375,1051.0166015625
M7_YHUR_SLUR,7,HUR,LUR,2025-01-07,2025-01-09,3,TSE,1048.71142578125,1050.0087890625,1047.5235595703125,1049.6744384765625,1051.205322265625
M7_YHUR_SLUR,7,HUR,LUR,2025-01-07,2025-01-09,3,TSEC,70.17646026611328,69.9750747680664,69.96292114257812,69.98272705078125,70.06028747558594
M7_YHUR_SLUR,7,HUR,LUR,2025-01-08,2025-01-08,1,Yd,1139.26806640625,1057.3892822265625,1052.1544189453125,1050.6678466796875,1056.4490966796875
M7_YHUR_SLUR,7,HUR,LUR,2025-01-08,2025-01-08,1,TSE,1043.629638671875,1050.0008544921875,1053.6864013671875,1050.8052978515625,1050.5352783203125
M7_YHUR_SLUR,7,HUR,LUR,2025-01-08,2025-01-08,1,TSEC,69.68269348144531,69.97456359863281,70.02741241455078,69.98548126220703,70.00801849365234
M7_YHUR_SLUR,7,HUR,LUR,2025-01-08,2025-01-09,2,Yd,1123.5126953125,1057.3892822265625,1049.939697265625,1052.877685546875,1055.878173828125
M7_YHUR_SLUR,7,HUR,LUR,2025-01-08,2025-01-09,2,TSE,1048.71142578125,1050.0008544921875,1047.0283203125,1050.1304931640625,1051.279296875
M7_YHUR_SLUR,7,HUR,LUR,2025-01-08,2025-01-09,2,TSEC,70.17646026611328,69.97456359863281,69.9788818359375,70.06967163085938,70.05303192138672
M7_YHUR_SLUR,7,HUR,LUR,2025-01-08,2025-01-10,3,Yd,1122.90380859375,1057.3892822265625,1051.9464111328125,1050.4266357421875,1056.1165771484375
M7_YHUR_SLUR,7,HUR,LUR,2025-01-08,2025-01-10,3,TSE,1062.009765625,1050.0008544921875,1049.1295166015625,1050.5499267578125,1052.1748046875
M7_YHUR_SLUR,7,HUR,LUR,2025-01-08,2025-01-10,3,TSEC,70.28527069091797,69.97456359863281,69.86170959472656,70.09525299072266,70.1117935180664
M7_YHUR_SLUR,7,HUR,LUR,2025-01-09,2025-01-09,1,Yd,1123.5126953125,1057.5,1048.3707275390625,1056.776611328125,1058.133056640625
M7_YHUR_SLUR,7,HUR,LUR,2025-01-09,2025-01-09,1,TSE,1048.71142578125,1049.9921875,1051.4698486328125,1049.8863525390625,1050.93701171875
M7_YHUR_SLUR,7,HUR,LUR,2025-01-09,2025-01-09,1,TSEC,70.17646026611328,69.97415924072266,69.87716674804688,69.95610046386719,70.0307846069336
M7_YHUR_SLUR,7,HUR,LUR,2025-01-09,2025-01-10,2,Yd,1122.90380859375,1057.5,1054.8961181640625,1064.13818359375,1058.4737548828125
M7_YHUR_SLUR,7,HUR,LUR,2025-01-09,2025-01-10,2,TSE,1062.009765625,1049.9921875,1052.5762939453125,1049.4554443359375,1052.094482421875
M7_YHUR_SLUR,7,HUR,LUR,2025-01-09,2025-01-10,2,TSEC,70.28527069091797,69.97415924072266,69.74346160888672,70.01036071777344,70.10433197021484
M7_YHUR_SLUR,7,HUR,LUR,2025-01-09,2025-01-11,3,Yd,983.1406860351562,1057.5,1054.0865478515625,1064.452880859375,1058.51416015625
M7_YHUR_SLUR,7,HUR,LUR,2025-01-09,2025-01-11,3,TSE,1049.161376953125,1049.9921875,1051.566162109375,1049.429931640625,1053.2095947265625
M7_YHUR_SLUR,7,HUR,LUR,2025-01-09,2025-01-11,3,TSEC,69.71400451660156,69.97415924072266,69.93697357177734,70.01189422607422,70.18254089355469
M7_YHUR_SLUR,7,HUR,LUR,2025-01-10,2025-01-10,1,Yd,1122.90380859375,1057.5892333984375,1052.5533447265625,1074.7369384765625,1058.142333984375
M7_YHUR_SLUR,7,HUR,LUR,2025-01-10,2025-01-10,1,TSE,1062.009765625,1049.9906005859375,1048.93798828125,1049.9385986328125,1051.35205078125
M7_YHUR_SLUR,7,HUR,LUR,2025-01-10,2025-01-10,1,TSEC,70.28527069091797,69.97444152832031,70.23738098144531,69.92655944824219,70.0604476928711
M7_YHUR_SLUR,7,HUR,LUR,2025-01-10,2025-01-11,2,Yd,983.1406860351562,1057.5892333984375,1053.5919189453125,1060.1466064453125,1058.4051513671875
M7_YHUR_SLUR,7,HUR,LUR,2025-01-10,2025-01-11,2,TSE,1049.161376953125,1049.9906005859375,1050.5157470703125,1051.3665771484375,1052.7109375
M7_YHUR_SLUR,7,HUR,LUR,2025-01-10,2025-01-11,2,TSEC,69.71400451660156,69.97444152832031,69.89801025390625,70.03931427001953,70.15230560302734
M7_YHUR_SLUR,7,HUR,LUR,2025-01-10,2025-01-12,3,Yd,962.6306762695312,1057.5892333984375,1049.2806396484375,1055.025634765625,1058.1708984375
M7_YHUR_SLUR,7,HUR,LUR,2025-01-10,2025-01-12,3,TSE,1043.716796875,1049.9906005859375,1052.6829833984375,1050.8807373046875,1053.4244384765625
M7_YHUR_SLUR,7,HUR,LUR,2025-01-10,2025-01-12,3,TSEC,68.74329376220703,69.97444152832031,69.97157287597656,70.03959655761719,70.21797943115234
M7_YHUR_SLUR,7,HUR,LUR,2025-01-11,2025-01-11,1,Yd,983.1406860351562,1057.67724609375,1053.5728759765625,1066.9432373046875,1057.770263671875
M7_YHUR_SLUR,7,HUR,LUR,2025-01-11,2025-01-11,1,TSE,1049.161376953125,1050.0067138671875,1050.781494140625,1051.0284423828125,1051.4300537109375
M7_YHUR_SLUR,7,HUR,LUR,2025-01-11,2025-01-11,1,TSEC,69.71400451660156,69.974853515625,69.88985443115234,70.02494049072266,70.07290649414062
M7_YHUR_SLUR,7,HUR,LUR,2025-01-11,2025-01-12,2,Yd,962.6306762695312,1057.67724609375,1076.7498779296875,1067.8292236328125,1057.419921875
M7_YHUR_SLUR,7,HUR,LUR,2025-01-11,2025-01-12,2,TSE,1043.716796875,1050.0067138671875,1052.9913330078125,1049.594970703125,1052.365478515625
M7_YHUR_SLUR,7,HUR,LUR,2025-01-11,2025-01-12,2,TSEC,68.74329376220703,69.974853515625,69.91348266601562,70.0132064819336,70.1464614868164
M7_YHUR_SLUR,7,HUR,LUR,2025-01-11,2025-01-13,3,Yd,1170.8248291015625,1057.67724609375,1072.5953369140625,1067.109375,1057.529541015625
M7_YHUR_SLUR,7,HUR,LUR,2025-01-11,2025-01-13,3,TSE,1039.869384765625,1050.0067138671875,1051.6678466796875,1049.985595703125,1052.6201171875
M7_YHUR_SLUR,7,HUR,LUR,2025-01-11,2025-01-13,3,TSEC,70.4874267578125,69.974853515625,69.91121673583984,70.02516174316406,70.17269897460938
M7_YHUR_SLUR,7,HUR,LUR,2025-01-12,2025-01-12,1,Yd,962.6306762695312,1057.576904296875,1054.1513671875,1076.9444580078125,1056.8154296875
M7_YHUR_SLUR,7,HUR,LUR,2025-01-12,2025-01-12,1,TSE,1043.716796875,1050.005615234375,1051.66015625,1051.1514892578125,1051.2310791015625
M7_YHUR_SLUR,7,HUR,LUR,2025-01-12,2025-01-12,1,TSEC,68.74329376220703,69.9745101928711,69.97673034667969,70.05367279052734,70.06275939941406
M7_YHUR_SLUR,7,HUR,LUR,2025-01-12,2025-01-13,2,Yd,1170.8248291015625,1057.576904296875,1053.785400390625,1061.9638671875,1056.413330078125
M7_YHUR_SLUR,7,HUR,LUR,2025-01-12,2025-01-13,2,TSE,1039.869384765625,1050.005615234375,1050.6932373046875,1049.846923828125,1051.8206787109375
M7_YHUR_SLUR,7,HUR,LUR,2025-01-12,2025-01-13,2,TSEC,70.4874267578125,69.9745101928711,69.94107055664062,70.01042175292969,70.1099624633789
M7_YHUR_SLUR,7,HUR,LUR,2025-01-12,2025-01-14,3,Yd,1137.0819091796875,1057.576904296875,1055.6756591796875,1067.62646484375,1053.93359375
M7_YHUR_SLUR,7,HUR,LUR,2025-01-12,2025-01-14,3,TSE,1046.7386474609375,1050.005615234375,1051.6180419921875,1050.5394287109375,1051.751220703125
M7_YHUR_SLUR,7,HUR,LUR,2025-01-12,2025-01-14,3,TSEC,69.49951934814453,69.9745101928711,70.01287841796875,70.02259063720703,70.1172866821289
M7_YHUR_SLUR,7,HUR,LUR,2025-01-13,2025-01-13,1,Yd,1170.8248291015625,1057.4490966796875,1054.759521484375,1061.21484375,1056.659912109375
M7_YHUR_SLUR,7,HUR,LUR,2025-01-13,2025-01-13,1,TSE,1039.869384765625,1049.9971923828125,1051.571044921875,1050.57470703125,1050.8502197265625
M7_YHUR_SLUR,7,HUR,LUR,2025-01-13,2025-01-13,1,TSEC,70.4874267578125,69.97284698486328,69.95411682128906,70.05714416503906,70.03578186035156
M7_YHUR_SLUR,7,HUR,LUR,2025-01-13,2025-01-14,2,Yd,1137.0819091796875,1057.4490966796875,1052.533447265625,1050.487548828125,1053.77734375
M7_YHUR_SLUR,7,HUR,LUR,2025-01-13,2025-01-14,2,TSE,1046.7386474609375,1049.9971923828125,1052.686279296875,1049.9617919921875,1051.1373291015625
M7_YHUR_SLUR,7,HUR,LUR,2025-01-13,2025-01-14,2,TSEC,69.49951934814453,69.97284698486328,69.94029998779297,70.00535583496094,70.0627212524414
M7_YHUR_SLUR,7,HUR,LUR,2025-01-13,2025-01-15,3,Yd,976.3554077148438,1057.4490966796875,1052.940673828125,1059.3917236328125,1049.7589111328125
M7_YHUR_SLUR,7,HUR,LUR,2025-01-13,2025-01-15,3,TSE,1060.9642333984375,1049.9971923828125,1052.928466796875,1050.0733642578125,1051.237060546875
M7_YHUR_SLUR,7,HUR,LUR,2025-01-13,2025-01-15,3,TSEC,71.0649185180664,69.97284698486328,69.95342254638672,69.98670959472656,70.07611846923828
M7_YHUR_SLUR,7,HUR,LUR,2025-01-14,2025-01-14,1,Yd,1137.0819091796875,1057.6014404296875,1052.7142333984375,1054.9412841796875,1055.8148193359375
M7_YHUR_SLUR,7,HUR,LUR,2025-01-14,2025-01-14,1,TSE,1046.7386474609375,1049.9835205078125,1050.3714599609375,1050.144775390625,1050.57177734375
M7_YHUR_SLUR,7,HUR,LUR,2025-01-14,2025-01-14,1,TSEC,69.49951934814453,69.97354125976562,69.9317626953125,69.9874267578125,70.01366424560547
M7_YHUR_SLUR,7,HUR,LUR,2025-01-14,2025-01-15,2,Yd,976.3554077148438,1057.6014404296875,1054.6202392578125,1055.944580078125,1052.1378173828125
M7_YHUR_SLUR,7,HUR,LUR,2025-01-14,2025-01-15,2,TSE,1060.9642333984375,1049.9835205078125,1049.103515625,1049.9237060546875,1050.955810546875
M7_YHUR_SLUR,7,HUR,LUR,2025-01-14,2025-01-15,2,TSEC,71.0649185180664,69.97354125976562,69.92623138427734,70.0093002319336,70.04127502441406
M7_YHUR_SLUR,7,HUR,LUR,2025-01-14,2025-01-16,3,Yd,921.8535766601562,1057.6014404296875,1052.9771728515625,1059.444580078125,1050.1680908203125
M7_YHUR_SLUR,7,HUR,LUR,2025-01-14,2025-01-16,3,TSE,1068.225341796875,1049.9835205078125,1051.452880859375,1050.1424560546875,1051.5755615234375
M7_YHUR_SLUR,7,HUR,LUR,2025-01-14,2025-01-16,3,TSEC,69.30720520019531,69.97354125976562,69.89798736572266,70.01927185058594,70.0791015625
M7_YHUR_SLUR,7,HUR,LUR,2025-01-15,2025-01-15,1,Yd,976.3554077148438,1057.708251953125,1054.3333740234375,1057.3154296875,1055.9971923828125
M7_YHUR_SLUR,7,HUR,LUR,2025-01-15,2025-01-15,1,TSE,1060.9642333984375,1049.979248046875,1052.7320556640625,1050.4739990234375,1050.6695556640625
M7_YHUR_SLUR,7,HUR,LUR,2025-01-15,2025-01-15,1,TSEC,71.0649185180664,69.972900390625,70.04023742675781,69.91790771484375,70.01548767089844
M7_YHUR_SLUR,7,HUR,LUR,2025-01-15,2025-01-16,2,Yd,921.8535766601562,1057.708251953125,1053.5882568359375,1058.0198974609375,1055.0634765625
M7_YHUR_SLUR,7,HUR,LUR,2025-01-15,2025-01-16,2,TSE,1068.225341796875,1049.979248046875,1047.6544189453125,1049.20703125,1051.51171875
M7_YHUR_SLUR,7,HUR,LUR,2025-01-15,2025-01-16,2,TSEC,69.30720520019531,69.972900390625,69.64120483398438,70.05211639404297,70.06612396240234
M7_YHUR_SLUR,7,HUR,LUR,2025-01-15,2025-01-17,3,Yd,853.3552856445312,1057.708251953125,1054.0848388671875,1060.6024169921875,1055.094482421875
M7_YHUR_SLUR,7,HUR,LUR,2025-01-15,2025-01-17,3,TSE,1057.2913818359375,1049.979248046875,1048.93896484375,1050.9510498046875,1052.4844970703125
M7_YHUR_SLUR,7,HUR,LUR,2025-01-15,2025-01-17,3,TSEC,69.45716857910156,69.972900390625,70.25714111328125,70.02364349365234,70.12932586669922
M7_YHUR_SLUR,7,HUR,LUR,2025-01-16,2025-01-16,1,Yd,921.8535766601562,1057.59912109375,1053.4989013671875,1042.6470947265625,1055.106689453125
M7_YHUR_SLUR,7,HUR,LUR,2025-01-16,2025-01-16,1,TSE,1068.225341796875,1049.993896484375,1046.71484375,1049.8953857421875,1050.83203125
M7_YHUR_SLUR,7,HUR,LUR,2025-01-16,2025-01-16,1,TSEC,69.30720520019531,69.97437286376953,69.99317932128906,69.89910888671875,70.0126953125
M7_YHUR_SLUR,7,HUR,LUR,2025-01-16,2025-01-17,2,Yd,853.3552856445312,1057.59912109375,1053.158935546875,1073.436279296875,1053.8765869140625
M7_YHUR_SLUR,7,HUR,LUR,2025-01-16,2025-01-17,2,TSE,1057.2913818359375,1049.993896484375,1048.3944091796875,1051.5533447265625,1051.8541259765625
M7_YHUR_SLUR,7,HUR,LUR,2025-01-16,2025-01-17,2,TSEC,69.45716857910156,69.97437286376953,69.92428588867188,70.15966796875,70.07408905029297
M7_YHUR_SLUR,7,HUR,LUR,2025-01-16,2025-01-18,3,Yd,1093.8497314453125,1057.59912109375,1051.1728515625,1065.9031982421875,1054.0810546875
M7_YHUR_SLUR,7,HUR,LUR,2025-01-16,2025-01-18,3,TSE,1028.5772705078125,1049.993896484375,1050.15185546875,1048.997802734375,1052.8519287109375
M7_YHUR_SLUR,7,HUR,LUR,2025-01-16,2025-01-18,3,TSEC,70.62835693359375,69.97437286376953,69.97676849365234,70.20960998535156,70.14193725585938
M7_YHUR_SLUR,7,HUR,LUR,2025-01-17,2025-01-17,1,Yd,853.3552856445312,1057.4173583984375,1053.4981689453125,1080.0111083984375,1056.044189453125
M7_YHUR_SLUR,7,HUR,LUR,2025-01-17,2025-01-17,1,TSE,1057.2913818359375,1050.018310546875,1050.2208251953125,1049.2115478515625,1051.0567626953125
M7_YHUR_SLUR,7,HUR,LUR,2025-01-17,2025-01-17,1,TSEC,69.45716857910156,69.97348022460938,69.79027557373047,69.97735595703125,70.02317810058594
M7_YHUR_SLUR,7,HUR,LUR,2025-01-17,2025-01-18,2,Yd,1093.8497314453125,1057.4173583984375,1049.860595703125,1068.8935546875,1055.60205078125
M7_YHUR_SLUR,7,HUR,LUR,2025-01-17,2025-01-18,2,TSE,1028.5772705078125,1050.018310546875,1051.1087646484375,1051.0960693359375,1052.113525390625
M7_YHUR_SLUR,7,HUR,LUR,2025-01-17,2025-01-18,2,TSEC,70.62835693359375,69.97348022460938,69.9580307006836,69.98861694335938,70.10154724121094
M7_YHUR_SLUR,7,HUR,LUR,2025-01-17,2025-01-19,3,Yd,1148.278564453125,1057.4173583984375,1048.4495849609375,1067.07080078125,1054.3153076171875
M7_YHUR_SLUR,7,HUR,LUR,2025-01-17,2025-01-19,3,TSE,1056.585205078125,1050.018310546875,1051.180908203125,1052.0408935546875,1052.623779296875
M7_YHUR_SLUR,7,HUR,LUR,2025-01-17,2025-01-19,3,TSEC,68.67662811279297,69.97348022460938,69.95123291015625,70.03440856933594,70.15785217285156
M7_YHUR_SLUR,7,HUR,LUR,2025-01-18,2025-01-18,1,Yd,1093.8497314453125,1057.14453125,1049.59130859375,1068.0391845703125,1056.1776123046875
M7_YHUR_SLUR,7,HUR,LUR,2025-01-18,2025-01-18,1,TSE,1028.5772705078125,1050.0279541015625,1051.29150390625,1051.42431640625,1051.120361328125
M7_YHUR_SLUR,7,HUR,LUR,2025-01-18,2025-01-18,1,TSEC,70.62835693359375,69.97278594970703,69.89971160888672,70.05160522460938,70.04193878173828
M7_YHUR_SLUR,7,HUR,LUR,2025-01-18,2025-01-19,2,Yd,1148.278564453125,1057.14453125,1046.679931640625,1064.887939453125,1054.2943115234375
M7_YHUR_SLUR,7,HUR,LUR,2025-01-18,2025-01-19,2,TSE,1056.585205078125,1050.0279541015625,1050.145263671875,1050.7025146484375,1051.8409423828125
M7_YHUR_SLUR,7,HUR,LUR,2025-01-18,2025-01-19,2,TSEC,68.67662811279297,69.97278594970703,69.97967529296875,70.03812408447266,70.1032485961914
M7_YHUR_SLUR,7,HUR,LUR,2025-01-18,2025-01-20,3,Yd,1047.5509033203125,1057.14453125,1053.1314697265625,1063.63330078125,1050.0277099609375
M7_YHUR_SLUR,7,HUR,LUR,2025-01-18,2025-01-20,3,TSE,1032.2274169921875,1050.0279541015625,1050.037841796875,1051.5596923828125,1051.888916015625
M7_YHUR_SLUR,7,HUR,LUR,2025-01-18,2025-01-20,3,TSEC,70.17234802246094,69.97278594970703,69.90638732910156,69.98590850830078,70.11666107177734
M7_YHUR_SLUR,7,HUR,LUR,2025-01-19,2025-01-19,1,Yd,1148.278564453125,1057.193603515625,1046.094970703125,1059.6500244140625,1054.527099609375
M7_YHUR_SLUR,7,HUR,LUR,2025-01-19,2025-01-19,1,TSE,1056.585205078125,1049.9993896484375,1050.8406982421875,1052.7352294921875,1051.105224609375
M7_YHUR_SLUR,7,HUR,LUR,2025-01-19,2025-01-19,1,TSEC,68.67662811279297,69.97366333007812,69.97491455078125,70.0259017944336,70.05109405517578
M7_YHUR_SLUR,7,HUR,LUR,2025-01-19,2025-01-20,2,Yd,1047.5509033203125,1057.193603515625,1053.701171875,1047.6522216796875,1051.779052734375
M7_YHUR_SLUR,7,HUR,LUR,2025-01-19,2025-01-20,2,TSE,1032.2274169921875,1049.9993896484375,1050.0435791015625,1050.030029296875,1051.5960693359375
M7_YHUR_SLUR,7,HUR,LUR,2025-01-19,2025-01-20,2,TSEC,70.17234802246094,69.97366333007812,69.90673828125,70.00630950927734,70.09004974365234
M7_YHUR_SLUR,7,HUR,LUR,2025-01-19,2025-01-21,3,Yd,1018.1859741210938,1057.193603515625,1050.110107421875,1055.3397216796875,1047.8887939453125
M7_YHUR_SLUR,7,HUR,LUR,2025-01-19,2025-01-21,3,TSE,1045.317626953125,1049.9993896484375,1050.3111572265625,1049.998779296875,1051.453125
M7_YHUR_SLUR,7,HUR,LUR,2025-01-19,2025-01-21,3,TSEC,70.25837707519531,69.97366333007812,69.8817367553711,69.99201965332031,70.08943939208984
M7_YHUR_SLUR,7,HUR,LUR,2025-01-20,2025-01-20,1,Yd,1047.5509033203125,1057.31494140625,1059.4739990234375,1054.4083251953125,1055.4373779296875
M7_YHUR_SLUR,7,HUR,LUR,2025-01-20,2025-01-20,1,TSE,1032.2274169921875,1050.0081787109375,1050.434814453125,1050.68505859375,1050.6270751953125
M7_YHUR_SLUR,7,HUR,LUR,2025-01-20,2025-01-20,1,TSEC,70.17234802246094,69.97193145751953,69.8896255493164,70.00286102294922,70.02308654785156
M7_YHUR_SLUR,7,HUR,LUR,2025-01-20,2025-01-21,2,Yd,1018.1859741210938,1057.31494140625,1034.950439453125,1053.798095703125,1051.9063720703125
M7_YHUR_SLUR,7,HUR,LUR,2025-01-20,2025-01-21,2,TSE,1045.317626953125,1050.0081787109375,1051.6650390625,1049.7530517578125,1050.763427734375
M7_YHUR_SLUR,7,HUR,LUR,2025-01-20,2025-01-21,2,TSEC,70.25837707519531,69.97193145751953,69.92925262451172,70.00032043457031,70.04029083251953
M7_YHUR_SLUR,7,HUR,LUR,2025-01-20,2025-01-22,3,Yd,1049.940673828125,1057.31494140625,1066.93603515625,1059.014404296875,1047.4720458984375
M7_YHUR_SLUR,7,HUR,LUR,2025-01-20,2025-01-22,3,TSE,1051.709228515625,1050.0081787109375,1050.67333984375,1050.0130615234375,1050.7587890625
M7_YHUR_SLUR,7,HUR,LUR,2025-01-20,2025-01-22,3,TSEC,69.79199981689453,69.97193145751953,69.86981964111328,69.99842834472656,70.04627990722656
M7_YHUR_SLUR,7,HUR,LUR,2025-01-21,2025-01-21,1,Yd,1018.1859741210938,1057.302001953125,1052.5556640625,1062.8868408203125,1054.1461181640625
M7_YHUR_SLUR,7,HUR,LUR,2025-01-21,2025-01-21,1,TSE,1045.317626953125,1049.9844970703125,1051.589111328125,1050.12255859375,1050.4840087890625
M7_YHUR_SLUR,7,HUR,LUR,2025-01-21,2025-01-21,1,TSEC,70.25837707519531,69.97220611572266,69.92217254638672,70.00786590576172,70.00662231445312
M7_YHUR_SLUR,7,HUR,LUR,2025-01-21,2025-01-22,2,Yd,1049.940673828125,1057.302001953125,1049.70654296875,1064.1136474609375,1049.276611328125
M7_YHUR_SLUR,7,HUR,LUR,2025-01-21,2025-01-22,2,TSE,1051.709228515625,1049.9844970703125,1049.7257080078125,1049.9102783203125,1050.8170166015625
M7_YHUR_SLUR,7,HUR,LUR,2025-01-21,2025-01-22,2,TSEC,69.79199981689453,69.97220611572266,69.84219360351562,69.99939727783203,70.02924346923828
M7_YHUR_SLUR,7,HUR,LUR,2025-01-21,2025-01-23,3,Yd,983.710205078125,1057.302001953125,1048.7442626953125,1070.072265625,1046.734619140625
M7_YHUR_SLUR,7,HUR,LUR,2025-01-21,2025-01-23,3,TSE,1052.561767578125,1049.9844970703125,1051.1890869140625,1048.973388671875,1051.419189453125
M7_YHUR_SLUR,7,HUR,LUR,2025-01-21,2025-01-23,3,TSEC,70.37144470214844,69.97220611572266,69.81291961669922,70.0190658569336,70.06391143798828
M7_YHUR_SLUR,7,HUR,LUR,2025-01-22,2025-01-22,1,Yd,1049.940673828125,1057.25,1049.8443603515625,1061.01416015625,1052.73779296875
M7_YHUR_SLUR,7,HUR,LUR,2025-01-22,2025-01-22,1,TSE,1051.709228515625,1049.978271484375,1049.7999267578125,1049.0078125,1050.5478515625
M7_YHUR_SLUR,7,HUR,LUR,2025-01-22,2025-01-22,1,TSEC,69.79199981689453,69.97257995605469,70.01943969726562,69.97209167480469,70.00332641601562
M7_YHUR_SLUR,7,HUR,LUR,2025-01-22,2025-01-23,2,Yd,983.710205078125,1057.25,1048.6204833984375,1053.96484375,1049.1767578125
M7_YHUR_SLUR,7,HUR,LUR,2025-01-22,2025-01-23,2,TSE,1052.561767578125,1049.978271484375,1051.9228515625,1047.951904296875,1051.289306640625
M7_YHUR_SLUR,7,HUR,LUR,2025-01-22,2025-01-23,2,TSEC,70.37144470214844,69.97257995605469,69.96438598632812,70.03221130371094,70.03972625732422
M7_YHUR_SLUR,7,HUR,LUR,2025-01-22,2025-01-24,3,Yd,1209.4935302734375,1057.25,1047.6925048828125,1060.871337890625,1048.0430908203125
M7_YHUR_SLUR,7,HUR,LUR,2025-01-22,2025-01-24,3,TSE,1027.8179931640625,1049.978271484375,1051.3209228515625,1050.8192138671875,1052.234619140625
M7_YHUR_SLUR,7,HUR,LUR,2025-01-22,2025-01-24,3,TSEC,70.92890167236328,69.97257995605469,69.84954071044922,70.02560424804688,70.09239959716797
M7_YHUR_SLUR,7,HUR,LUR,2025-01-23,2025-01-23,1,Yd,983.710205078125,1057.2403564453125,1048.54931640625,1058.7095947265625,1053.974365234375
M7_YHUR_SLUR,7,HUR,LUR,2025-01-23,2025-01-23,1,TSE,1052.561767578125,1049.9805908203125,1050.5081787109375,1049.8533935546875,1050.880615234375
M7_YHUR_SLUR,7,HUR,LUR,2025-01-23,2025-01-23,1,TSEC,70.37144470214844,69.97234344482422,69.87999725341797,69.94523620605469,70.0167465209961
M7_YHUR_SLUR,7,HUR,LUR,2025-01-23,2025-01-24,2,Yd,1209.4935302734375,1057.2403564453125,1047.8206787109375,1067.0914306640625,1051.9112548828125
M7_YHUR_SLUR,7,HUR,LUR,2025-01-23,2025-01-24,2,TSE,1027.8179931640625,1049.9805908203125,1050.401611328125,1050.6715087890625,1051.9981689453125
M7_YHUR_SLUR,7,HUR,LUR,2025-01-23,2025-01-24,2,TSEC,70.92890167236328,69.97234344482422,69.94309997558594,70.037353515625,70.08143615722656
M7_YHUR_SLUR,7,HUR,LUR,2025-01-23,2025-01-25,3,Yd,920.2539672851562,1057.2403564453125,1050.875732421875,1064.371826171875,1051.5400390625
M7_YHUR_SLUR,7,HUR,LUR,2025-01-23,2025-01-25,3,TSE,1045.4705810546875,1049.9805908203125,1051.1712646484375,1051.570556640625,1053.071044921875
M7_YHUR_SLUR,7,HUR,LUR,2025-01-23,2025-01-25,3,TSEC,69.31206512451172,69.97234344482422,69.88642120361328,70.04303741455078,70.15396118164062
M7_YHUR_SLUR,7,HUR,LUR,2025-01-24,2025-01-24,1,Yd,1209.4935302734375,1057.142822265625,1047.605712890625,1072.863037109375,1054.481689453125
M7_YHUR_SLUR,7,HUR,LUR,2025-01-24,2025-01-24,1,TSE,1027.8179931640625,1049.98388671875,1052.5382080078125,1051.2789306640625,1051.2728271484375
M7_YHUR_SLUR,7,HUR,LUR,2025-01-24,2025-01-24,1,TSEC,70.92890167236328,69.9728775024414,70.00508117675781,69.94554901123047,70.04161834716797
M7_YHUR_SLUR,7,HUR,LUR,2025-01-24,2025-01-25,2,Yd,920.2539672851562,1057.142822265625,1050.433837890625,1079.252197265625,1053.011962890625
M7_YHUR_SLUR,7,HUR,LUR,2025-01-24,2025-01-25,2,TSE,1045.4705810546875,1049.98388671875,1051.3438720703125,1049.510498046875,1052.5616455078125
M7_YHUR_SLUR,7,HUR,LUR,2025-01-24,2025-01-25,2,TSEC,69.31206512451172,69.9728775024414,69.9024429321289,70.06705474853516,70.12601470947266
M7_YHUR_SLUR,7,HUR,LUR,2025-01-24,2025-01-26,3,Yd,1209.333984375,1057.142822265625,1051.57373046875,1068.821533203125,1051.3558349609375
M7_YHUR_SLUR,7,HUR,LUR,2025-01-24,2025-01-26,3,TSE,1057.1815185546875,1049.98388671875,1050.420166015625,1050.786376953125,1053.2313232421875
M7_YHUR_SLUR,7,HUR,LUR,2025-01-24,2025-01-26,3,TSEC,69.55726623535156,69.9728775024414,69.93035888671875,70.04479217529297,70.18404388427734
M7_YHUR_SLUR,7,HUR,LUR,2025-01-25,2025-01-25,1,Yd,920.2539672851562,1057.3446044921875,1044.572998046875,1068.0743408203125,1054.623291015625
M7_YHUR_SLUR,7,HUR,LUR,2025-01-25,2025-01-25,1,TSE,1045.4705810546875,1049.95458984375,1051.4114990234375,1050.6636962890625,1051.694091796875
M7_YHUR_SLUR,7,HUR,LUR,2025-01-25,2025-01-25,1,TSEC,69.31206512451172,69.97412872314453,69.90345764160156,70.02457427978516,70.0842514038086
M7_YHUR_SLUR,7,HUR,LUR,2025-01-25,2025-01-26,2,Yd,1209.333984375,1057.3446044921875,1057.006591796875,1064.2103271484375,1053.9501953125
M7_YHUR_SLUR,7,HUR,LUR,2025-01-25,2025-01-26,2,TSE,1057.1815185546875,1049.95458984375,1050.490234375,1050.387939453125,1052.890625
M7_YHUR_SLUR,7,HUR,LUR,2025-01-25,2025-01-26,2,TSEC,69.55726623535156,69.97412872314453,69.93547058105469,70.00718688964844,70.1663818359375
M7_YHUR_SLUR,7,HUR,LUR,2025-01-25,2025-01-27,3,Yd,1065.3580322265625,1057.3446044921875,1049.1971435546875,1066.7423095703125,1053.01025390625
M7_YHUR_SLUR,7,HUR,LUR,2025-01-25,2025-01-27,3,TSE,1045.3360595703125,1049.95458984375,1051.9775390625,1049.8604736328125,1053.2808837890625
M7_YHUR_SLUR,7,HUR,LUR,2025-01-25,2025-01-27,3,TSEC,69.18756103515625,69.97412872314453,69.8902587890625,70.00675201416016,70.20010375976562
M7_YHUR_SLUR,7,HUR,LUR,2025-01-26,2025-01-26,1,Yd,1209.333984375,1057.163330078125,1054.2396240234375,1065.94384765625,1054.868896484375
M7_YHUR_SLUR,7,HUR,LUR,2025-01-26,2025-01-26,1,TSE,1057.1815185546875,1049.94873046875,1050.0740966796875,1051.2755126953125,1051.5601806640625
M7_YHUR_SLUR,7,HUR,LUR,2025-01-26,2025-01-26,1,TSEC,69.55726623535156,69.97325897216797,69.99969482421875,70.08305358886719,70.07854461669922
M7_YHUR_SLUR,7,HUR,LUR,2025-01-26,2025-01-27,2,Yd,1065.3580322265625,1057.163330078125,1049.223388671875,1057.4161376953125,1052.7281494140625
M7_YHUR_SLUR,7,HUR,LUR,2025-01-26,2025-01-27,2,TSE,1045.3360595703125,1049.94873046875,1050.16845703125,1050.6422119140625,1052.3756103515625
M7_YHUR_SLUR,7,HUR,LUR,2025-01-26,2025-01-27,2,TSEC,69.18756103515625,69.97325897216797,69.9816665649414,70.038818359375,70.13677978515625
M7_YHUR_SLUR,7,HUR,LUR,2025-01-26,2025-01-28,3,Yd,1234.718994140625,1057.163330078125,1050.966796875,1061.9951171875,1048.9317626953125
M7_YHUR_SLUR,7,HUR,LUR,2025-01-26,2025-01-28,3,TSE,1046.8587646484375,1049.94873046875,1049.69580078125,1051.46533203125,1052.4373779296875
M7_YHUR_SLUR,7,HUR,LUR,2025-01-26,2025-01-28,3,TSEC,70.30841064453125,69.97325897216797,69.91644287109375,70.00492095947266,70.1497802734375
M7_YHUR_SLUR,7,HUR,LUR,2025-01-27,2025-01-27,1,Yd,1065.3580322265625,1057.3642578125,1047.007568359375,1066.5987548828125,1055.922119140625
M7_YHUR_SLUR,7,HUR,LUR,2025-01-27,2025-01-27,1,TSE,1045.3360595703125,1049.958251953125,1050.089599609375,1050.3314208984375,1050.980224609375
M7_YHUR_SLUR,7,HUR,LUR,2025-01-27,2025-01-27,1,TSEC,69.18756103515625,69.97270965576172,69.92442321777344,70.01313781738281,70.04432678222656
M7_YHUR_SLUR,7,HUR,LUR,2025-01-27,2025-01-28,2,Yd,1234.718994140625,1057.3642578125,1053.723876953125,1060.4715576171875,1052.5474853515625
M7_YHUR_SLUR,7,HUR,LUR,2025-01-27,2025-01-28,2,TSE,1046.8587646484375,1049.958251953125,1049.86572265625,1049.93505859375,1051.357666015625
M7_YHUR_SLUR,7,HUR,LUR,2025-01-27,2025-01-28,2,TSEC,70.30841064453125,69.97270965576172,69.9269027709961,69.98663330078125,70.07563781738281
M7_YHUR_SLUR,7,HUR,LUR,2025-01-27,2025-01-29,3,Yd,867.296875,1057.3642578125,1050.064453125,1059.7691650390625,1048.218994140625
M7_YHUR_SLUR,7,HUR,LUR,2025-01-27,2025-01-29,3,TSE,1057.6995849609375,1049.958251953125,1049.39990234375,1050.0074462890625,1051.501708984375
M7_YHUR_SLUR,7,HUR,LUR,2025-01-27,2025-01-29,3,TSEC,70.21556091308594,69.97270965576172,69.92012786865234,69.9912109375,70.09092712402344
M7_YHUR_SLUR,7,HUR,LUR,2025-01-28,2025-01-28,1,Yd,1234.718994140625,1057.3748779296875,1047.1466064453125,1054.412353515625,1055.316650390625
M7_YHUR_SLUR,7,HUR,LUR,2025-01-28,2025-01-28,1,TSE,1046.8587646484375,1049.9521484375,1052.20263671875,1050.5006103515625,1050.6708984375
M7_YHUR_SLUR,7,HUR,LUR,2025-01-28,2025-01-28,1,TSEC,70.30841064453125,69.9716796875,69.94253540039062,70.01274871826172,70.02047729492188
M7_YHUR_SLUR,7,HUR,LUR,2025-01-28,2025-01-29,2,Yd,867.296875,1057.3748779296875,1067.5496826171875,1053.1881103515625,1051.2972412109375
M7_YHUR_SLUR,7,HUR,LUR,2025-01-28,2025-01-29,2,TSE,1057.6995849609375,1049.9521484375,1051.881591796875,1048.954833984375,1051.146728515625
M7_YHUR_SLUR,7,HUR,LUR,2025-01-28,2025-01-29,2,TSEC,70.21556091308594,69.9716796875,69.91349029541016,70.06404113769531,70.05411529541016
M7_YHUR_SLUR,7,HUR,LUR,2025-01-28,2025-01-30,3,Yd,1245.217529296875,1057.3748779296875,1037.6494140625,1045.5198974609375,1048.1551513671875
M7_YHUR_SLUR,7,HUR,LUR,2025-01-28,2025-01-30,3,TSE,1057.01806640625,1049.9521484375,1044.59619140625,1048.163330078125,1051.810302734375
M7_YHUR_SLUR,7,HUR,LUR,2025-01-28,2025-01-30,3,TSEC,70.66435241699219,69.9716796875,69.95980072021484,70.05471801757812,70.09723663330078
M7_YHUR_SLUR,7,HUR,LUR,2025-01-29,2025-01-29,1,Yd,867.296875,1057.6085205078125,1048.539794921875,1055.942626953125,1055.6865234375
M7_YHUR_SLUR,7,HUR,LUR,2025-01-29,2025-01-29,1,TSE,1057.6995849609375,1049.9481201171875,1051.8609619140625,1048.893310546875,1050.70849609375
M7_YHUR_SLUR,7,HUR,LUR,2025-01-29,2025-01-29,1,TSEC,70.21556091308594,69.97211456298828,69.90015411376953,69.93992614746094,70.02001953125
M7_YHUR_SLUR,7,HUR,LUR,2025-01-29,2025-01-30,2,Yd,1245.217529296875,1057.6085205078125,1051.5091552734375,1060.50048828125,1053.74462890625
M7_YHUR_SLUR,7,HUR,LUR,2025-01-29,2025-01-30,2,TSE,1057.01806640625,1049.9481201171875,1043.9378662109375,1049.183349609375,1051.5291748046875
M7_YHUR_SLUR,7,HUR,LUR,2025-01-29,2025-01-30,2,TSEC,70.66435241699219,69.97211456298828,69.89180755615234,69.98748779296875,70.0728530883789
M7_YHUR_SLUR,7,HUR,LUR,2025-01-29,2025-01-31,3,Yd,1052.3245849609375,1057.6085205078125,1051.93798828125,1061.8868408203125,1053.2908935546875
M7_YHUR_SLUR,7,HUR,LUR,2025-01-29,2025-01-31,3,TSE,1015.3703002929688,1049.9481201171875,1047.136474609375,1048.1070556640625,1052.517822265625
M7_YHUR_SLUR,7,HUR,LUR,2025-01-29,2025-01-31,3,TSEC,71.44010162353516,69.97211456298828,69.91261291503906,69.98969268798828,70.13851928710938
M7_YHUR_SLUR,7,HUR,LUR,2025-01-30,2025-01-30,1,Yd,1245.217529296875,1057.3580322265625,1052.982421875,1063.1070556640625,1054.621826171875
M7_YHUR_SLUR,7,HUR,LUR,2025-01-30,2025-01-30,1,TSE,1057.01806640625,1049.958251953125,1043.17041015625,1049.25634765625,1050.9117431640625
M7_YHUR_SLUR,7,HUR,LUR,2025-01-30,2025-01-30,1,TSEC,70.66435241699219,69.97244262695312,69.93095397949219,69.9670181274414,70.0203628540039
M7_YHUR_SLUR,7,HUR,LUR,2025-01-30,2025-01-31,2,Yd,1052.3245849609375,1057.3580322265625,1049.33837890625,1074.0145263671875,1053.0498046875
M7_YHUR_SLUR,7,HUR,LUR,2025-01-30,2025-01-31,2,TSE,1015.3703002929688,1049.958251953125,1046.7213134765625,1051.269775390625,1052.01025390625
M7_YHUR_SLUR,7,HUR,LUR,2025-01-30,2025-01-31,2,TSEC,71.44010162353516,69.97244262695312,69.92626953125,70.13104248046875,70.09041595458984
M7_YHUR_SLUR,7,HUR,LUR,2025-01-30,2025-02-01,3,Yd,1063.9078369140625,1057.3580322265625,1050.1309814453125,1059.9248046875,1052.5313720703125
M7_YHUR_SLUR,7,HUR,LUR,2025-01-30,2025-02-01,3,TSE,1072.8193359375,1049.958251953125,1048.9765625,1051.046630859375,1053.1024169921875
M7_YHUR_SLUR,7,HUR,LUR,2025-01-30,2025-02-01,3,TSEC,71.09772491455078,69.97244262695312,69.92970275878906,70.07090759277344,70.16313934326172
M7_YHUR_SLUR,7,HUR,LUR,2025-01-31,2025-01-31,1,Yd,1052.3245849609375,1057.60498046875,1046.1806640625,1069.5361328125,1055.949951171875
M7_YHUR_SLUR,7,HUR,LUR,2025-01-31,2025-01-31,1,TSE,1015.3703002929688,1049.967529296875,1048.4337158203125,1049.9066162109375,1051.1820068359375
M7_YHUR_SLUR,7,HUR,LUR,2025-01-31,2025-01-31,1,TSEC,71.44010162353516,69.97335052490234,69.92738342285156,69.84391784667969,70.04997253417969
M7_YHUR_SLUR,7,HUR,LUR,2025-01-31,2025-02-01,2,Yd,1063.9078369140625,1057.60498046875,1053.6209716796875,1069.08984375,1054.886962890625
M7_YHUR_SLUR,7,HUR,LUR,2025-01-31,2025-02-01,2,TSE,1072.8193359375,1049.967529296875,1050.7484130859375,1050.3182373046875,1052.41162109375
M7_YHUR_SLUR,7,HUR,LUR,2025-01-31,2025-02-01,2,TSEC,71.09772491455078,69.97335052490234,69.90444946289062,69.87906646728516,70.13291931152344
M7_YHUR_SLUR,7,HUR,LUR,2025-01-31,2025-02-02,3,Yd,1055.1226806640625,1057.60498046875,1051.234375,1073.7471923828125,1053.47412109375
M7_YHUR_SLUR,7,HUR,LUR,2025-01-31,2025-02-02,3,TSE,1049.105224609375,1049.967529296875,1051.6756591796875,1050.516357421875,1053.0589599609375
M7_YHUR_SLUR,7,HUR,LUR,2025-01-31,2025-02-02,3,TSEC,70.50687408447266,69.97335052490234,69.92310333251953,69.88543701171875,70.19071960449219
M7_YHUR_SLUR,7,HUR,LUR,2025-02-01,2025-02-01,1,Yd,1063.9078369140625,1057.5980224609375,1064.135009765625,1072.5032958984375,1055.3299560546875
M7_YHUR_SLUR,7,HUR,LUR,2025-02-01,2025-02-01,1,TSE,1072.8193359375,1049.922119140625,1051.72119140625,1050.5703125,1051.7562255859375
M7_YHUR_SLUR,7,HUR,LUR,2025-02-01,2025-02-01,1,TSEC,71.09772491455078,69.97527313232422,69.94517517089844,69.99655151367188,70.08683013916016
M7_YHUR_SLUR,7,HUR,LUR,2025-02-01,2025-02-02,2,Yd,1055.1226806640625,1057.5980224609375,1047.6817626953125,1071.4654541015625,1055.0162353515625
M7_YHUR_SLUR,7,HUR,LUR,2025-02-01,2025-02-02,2,TSE,1049.105224609375,1049.922119140625,1051.163330078125,1051.359375,1053.0152587890625
M7_YHUR_SLUR,7,HUR,LUR,2025-02-01,2025-02-02,2,TSEC,70.50687408447266,69.97527313232422,70.0118408203125,70.0378646850586,70.17093658447266
M7_YHUR_SLUR,7,HUR,LUR,2025-02-01,2025-02-03,3,Yd,1055.3013916015625,1057.5980224609375,1057.328857421875,1069.0809326171875,1054.437744140625
M7_YHUR_SLUR,7,HUR,LUR,2025-02-01,2025-02-03,3,TSE,1037.8326416015625,1049.922119140625,1053.059326171875,1050.9835205078125,1053.4515380859375
M7_YHUR_SLUR,7,HUR,LUR,2025-02-01,2025-02-03,3,TSEC,69.98548889160156,69.97527313232422,69.96538543701172,70.0401611328125,70.20476531982422
M7_YHUR_SLUR,7,HUR,LUR,2025-02-02,2025-02-02,1,Yd,1055.1226806640625,1057.6063232421875,1051.487548828125,1063.8936767578125,1055.2755126953125
M7_YHUR_SLUR,7,HUR,LUR,2025-02-02,2025-02-02,1,TSE,1049.105224609375,1049.9521484375,1050.1070556640625,1051.749267578125,1051.2628173828125
M7_YHUR_SLUR,7,HUR,LUR,2025-02-02,2025-02-02,1,TSEC,70.50687408447266,69.97674560546875,69.95769500732422,70.03298950195312,70.0611343383789
M7_YHUR_SLUR,7,HUR,LUR,2025-02-02,2025-02-03,2,Yd,1055.3013916015625,1057.6063232421875,1053.1158447265625,1061.5638427734375,1053.6822509765625
M7_YHUR_SLUR,7,HUR,LUR,2025-02-02,2025-02-03,2,TSE,1037.8326416015625,1049.9521484375,1051.98046875,1050.35693359375,1051.8499755859375
M7_YHUR_SLUR,7,HUR,LUR,2025-02-02,2025-02-03,2,TSEC,69.98548889160156,69.97674560546875,69.95006561279297,70.00801849365234,70.10330200195312
M7_YHUR_SLUR,7,HUR,LUR,2025-02-02,2025-02-04,3,Yd,959.2288208007812,1057.6063232421875,1052.993408203125,1074.0189208984375,1050.47998046875
M7_YHUR_SLUR,7,HUR,LUR,2025-02-02,2025-02-04,3,TSE,1029.201904296875,1049.9521484375,1051.072021484375,1051.3941650390625,1051.7938232421875
M7_YHUR_SLUR,7,HUR,LUR,2025-02-02,2025-02-04,3,TSEC,69.6302719116211,69.97674560546875,69.89102172851562,69.92179107666016,70.1051254272461
M7_YHUR_SLUR,7,HUR,LUR,2025-02-03,2025-02-03,1,Yd,1055.3013916015625,1057.60302734375,1053.256103515625,1066.5706787109375,1054.5625
M7_YHUR_SLUR,7,HUR,LUR,2025-02-03,2025-02-03,1,TSE,1037.8326416015625,1049.9510498046875,1050.4788818359375,1053.30322265625,1050.842529296875
M7_YHUR_SLUR,7,HUR,LUR,2025-02-03,2025-02-03,1,TSEC,69.98548889160156,69.9774398803711,69.98426055908203,70.09990692138672,70.03108215332031
M7_YHUR_SLUR,7,HUR,LUR,2025-02-03,2025-02-04,2,Yd,959.2288208007812,1057.60302734375,1052.9261474609375,1069.717529296875,1050.4190673828125
M7_YHUR_SLUR,7,HUR,LUR,2025-02-03,2025-02-04,2,TSE,1029.201904296875,1049.9510498046875,1049.279052734375,1051.442626953125,1051.1236572265625
M7_YHUR_SLUR,7,HUR,LUR,2025-02-03,2025-02-04,2,TSEC,69.6302719116211,69.9774398803711,69.98039245605469,70.0268783569336,70.05368041992188
M7_YHUR_SLUR,7,HUR,LUR,2025-02-03,2025-02-05,3,Yd,1099.5264892578125,1057.60302734375,1049.735107421875,1065.7294921875,1045.3248291015625
M7_YHUR_SLUR,7,HUR,LUR,2025-02-03,2025-02-05,3,TSE,1054.3726806640625,1049.9510498046875,1049.8782958984375,1051.57763671875,1051.232421875
M7_YHUR_SLUR,7,HUR,LUR,2025-02-03,2025-02-05,3,TSEC,69.64506530761719,69.9774398803711,69.9648208618164,69.9727554321289,70.05850982666016
M7_YHUR_SLUR,7,HUR,LUR,2025-02-04,2025-02-04,1,Yd,959.2288208007812,1057.5999755859375,1052.85302734375,1054.4630126953125,1052.8321533203125
M7_YHUR_SLUR,7,HUR,LUR,2025-02-04,2025-02-04,1,TSE,1029.201904296875,1049.9351806640625,1051.0028076171875,1050.6390380859375,1050.630615234375
M7_YHUR_SLUR,7,HUR,LUR,2025-02-04,2025-02-04,1,TSEC,69.6302719116211,69.97744750976562,69.88878631591797,70.0235595703125,70.01331329345703
M7_YHUR_SLUR,7,HUR,LUR,2025-02-04,2025-02-05,2,Yd,1099.5264892578125,1057.5999755859375,1049.7396240234375,1060.83056640625,1046.7371826171875
M7_YHUR_SLUR,7,HUR,LUR,2025-02-04,2025-02-05,2,TSE,1054.3726806640625,1049.9351806640625,1051.0677490234375,1049.6424560546875,1051.0699462890625
M7_YHUR_SLUR,7,HUR,LUR,2025-02-04,2025-02-05,2,TSEC,69.64506530761719,69.97744750976562,69.9886474609375,69.97265625,70.03679656982422
M7_YHUR_SLUR,7,HUR,LUR,2025-02-04,2025-02-06,3,Yd,1145.5899658203125,1057.5999755859375,1052.7076416015625,1068.4605712890625,1040.8369140625
M7_YHUR_SLUR,7,HUR,LUR,2025-02-04,2025-02-06,3,TSE,1051.1217041015625,1049.9351806640625,1047.61962890625,1050.1868896484375,1051.658935546875
M7_YHUR_SLUR,7,HUR,LUR,2025-02-04,2025-02-06,3,TSEC,70.86748504638672,69.97744750976562,69.94676971435547,69.85829162597656,70.05757904052734
M7_YHUR_SLUR,7,HUR,LUR,2025-02-05,2025-02-05,1,Yd,1099.5264892578125,1057.4715576171875,1051.608642578125,1064.277099609375,1050.5333251953125
M7_YHUR_SLUR,7,HUR,LUR,2025-02-05,2025-02-05,1,TSE,1054.3726806640625,1049.9080810546875,1051.053466796875,1050.4373779296875,1050.859375
M7_YHUR_SLUR,7,HUR,LUR,2025-02-05,2025-02-05,1,TSEC,69.64506530761719,69.97698974609375,69.91243743896484,69.97125244140625,70.01394653320312
M7_YHUR_SLUR,7,HUR,LUR,2025-02-05,2025-02-06,2,Yd,1145.5899658203125,1057.4715576171875,1050.9705810546875,1054.2642822265625,1044.416748046875
M7_YHUR_SLUR,7,HUR,LUR,2025-02-05,2025-02-06,2,TSE,1051.1217041015625,1049.9080810546875,1046.80078125,1050.4393310546875,1051.6900634765625
M7_YHUR_SLUR,7,HUR,LUR,2025-02-05,2025-02-06,2,TSEC,70.86748504638672,69.97698974609375,69.84626007080078,70.08100891113281,70.0534896850586
M7_YHUR_SLUR,7,HUR,LUR,2025-02-05,2025-02-07,3,Yd,996.2396240234375,1057.4715576171875,1052.1434326171875,1050.0006103515625,1042.236083984375
M7_YHUR_SLUR,7,HUR,LUR,2025-02-05,2025-02-07,3,TSE,1059.8541259765625,1049.9080810546875,1050.7054443359375,1051.735595703125,1052.7872314453125
M7_YHUR_SLUR,7,HUR,LUR,2025-02-05,2025-02-07,3,TSEC,70.47865295410156,69.97698974609375,69.92132568359375,69.96075439453125,70.10881042480469
M7_YHUR_SLUR,7,HUR,LUR,2025-02-06,2025-02-06,1,Yd,1145.5899658203125,1057.5263671875,1050.3489990234375,1056.4815673828125,1051.8111572265625
M7_YHUR_SLUR,7,HUR,LUR,2025-02-06,2025-02-06,1,TSE,1051.1217041015625,1049.9139404296875,1046.9681396484375,1049.4495849609375,1051.0467529296875
M7_YHUR_SLUR,7,HUR,LUR,2025-02-06,2025-02-06,1,TSEC,70.86748504638672,69.9765625,69.96028137207031,69.87625122070312,70.02899169921875
M7_YHUR_SLUR,7,HUR,LUR,2025-02-06,2025-02-07,2,Yd,996.2396240234375,1057.5263671875,1052.679931640625,1054.891845703125,1048.4189453125
M7_YHUR_SLUR,7,HUR,LUR,2025-02-06,2025-02-07,2,TSE,1059.8541259765625,1049.9139404296875,1051.1368408203125,1050.92724609375,1052.2747802734375
M7_YHUR_SLUR,7,HUR,LUR,2025-02-06,2025-02-07,2,TSEC,70.47865295410156,69.9765625,69.8634262084961,70.01304626464844,70.10245513916016
M7_YHUR_SLUR,7,HUR,LUR,2025-02-06,2025-02-08,3,Yd,1052.836181640625,1057.5263671875,1050.1063232421875,1045.650146484375,1046.9052734375
M7_YHUR_SLUR,7,HUR,LUR,2025-02-06,2025-02-08,3,TSE,1046.419189453125,1049.9139404296875,1049.38671875,1051.9140625,1053.4024658203125
M7_YHUR_SLUR,7,HUR,LUR,2025-02-06,2025-02-08,3,TSEC,69.48551177978516,69.9765625,70.03729248046875,70.08504486083984,70.17739868164062
M7_YHUR_SLUR,7,HUR,LUR,2025-02-07,2025-02-07,1,Yd,996.2396240234375,1057.64111328125,1051.77197265625,1046.62255859375,1053.29541015625
M7_YHUR_SLUR,7,HUR,LUR,2025-02-07,2025-02-07,1,TSE,1059.8541259765625,1049.91552734375,1047.165283203125,1051.9876708984375,1051.4053955078125
M7_YHUR_SLUR,7,HUR,LUR,2025-02-07,2025-02-07,1,TSEC,70.47865295410156,69.97772216796875,69.83098602294922,69.95268249511719,70.06096649169922
M7_YHUR_SLUR,7,HUR,LUR,2025-02-07,2025-02-08,2,Yd,1052.836181640625,1057.64111328125,1051.826416015625,1065.3221435546875,1050.871826171875
M7_YHUR_SLUR,7,HUR,LUR,2025-02-07,2025-02-08,2,TSE,1046.419189453125,1049.91552734375,1046.50146484375,1050.9677734375,1052.7427978515625
M7_YHUR_SLUR,7,HUR,LUR,2025-02-07,2025-02-08,2,TSEC,69.48551177978516,69.97772216796875,69.99797821044922,70.08052062988281,70.15312194824219
M7_YHUR_SLUR,7,HUR,LUR,2025-02-07,2025-02-09,3,Yd,963.7067260742188,1057.64111328125,1052.4266357421875,1065.8377685546875,1049.22607421875
M7_YHUR_SLUR,7,HUR,LUR,2025-02-07,2025-02-09,3,TSE,1073.1043701171875,1049.91552734375,1048.9229736328125,1050.2451171875,1053.5692138671875
M7_YHUR_SLUR,7,HUR,LUR,2025-02-07,2025-02-09,3,TSEC,67.72518157958984,69.97772216796875,69.95664978027344,70.0390396118164,70.21399688720703
M7_YHUR_SLUR,7,HUR,LUR,2025-02-08,2025-02-08,1,Yd,1052.836181640625,1057.561279296875,1057.5164794921875,1077.9078369140625,1053.416748046875
M7_YHUR_SLUR,7,HUR,LUR,2025-02-08,2025-02-08,1,TSE,1046.419189453125,1049.928466796875,1049.1536865234375,1051.2999267578125,1051.5234375
M7_YHUR_SLUR,7,HUR,LUR,2025-02-08,2025-02-08,1,TSEC,69.48551177978516,69.9783706665039,70.04521179199219,70.07037353515625,70.07559967041016
M7_YHUR_SLUR,7,HUR,LUR,2025-02-08,2025-02-09,2,Yd,963.7067260742188,1057.561279296875,1050.7010498046875,1067.46435546875,1050.82763671875
M7_YHUR_SLUR,7,HUR,LUR,2025-02-08,2025-02-09,2,TSE,1073.1043701171875,1049.928466796875,1051.2064208984375,1049.9976806640625,1052.508056640625
M7_YHUR_SLUR,7,HUR,LUR,2025-02-08,2025-02-09,2,TSEC,67.72518157958984,69.9783706665039,69.99669647216797,70.02640533447266,70.1489028930664
M7_YHUR_SLUR,7,HUR,LUR,2025-02-08,2025-02-10,3,Yd,999.143310546875,1057.561279296875,1054.6690673828125,1074.94287109375,1049.2552490234375
M7_YHUR_SLUR,7,HUR,LUR,2025-02-08,2025-02-10,3,TSE,1050.9688720703125,1049.928466796875,1049.9600830078125,1049.8359375,1052.7708740234375
M7_YHUR_SLUR,7,HUR,LUR,2025-02-08,2025-02-10,3,TSEC,70.5533676147461,69.9783706665039,69.97968292236328,70.02674102783203,70.17396545410156
M7_YHUR_SLUR,7,HUR,LUR,2025-02-09,2025-02-09,1,Yd,963.7067260742188,1057.5550537109375,1051.7989501953125,1080.6092529296875,1054.1602783203125
M7_YHUR_SLUR,7,HUR,LUR,2025-02-09,2025-02-09,1,TSE,1073.1043701171875,1049.9239501953125,1050.5838623046875,1049.9949951171875,1051.320556640625
M7_YHUR_SLUR,7,HUR,LUR,2025-02-09,2025-02-09,1,TSEC,67.72518157958984,69.97772979736328,69.99884033203125,70.05723571777344,70.06816864013672
M7_YHUR_SLUR,7,HUR,LUR,2025-02-09,2025-02-10,2,Yd,999.143310546875,1057.5550537109375,1051.701904296875,1069.432373046875,1051.90673828125
M7_YHUR_SLUR,7,HUR,LUR,2025-02-09,2025-02-10,2,TSE,1050.9688720703125,1049.9239501953125,1050.3790283203125,1049.7662353515625,1051.9599609375
M7_YHUR_SLUR,7,HUR,LUR,2025-02-09,2025-02-10,2,TSEC,70.5533676147461,69.97772979736328,69.99022674560547,70.00884246826172,70.11607360839844
M7_YHUR_SLUR,7,HUR,LUR,2025-02-09,2025-02-11,3,Yd,1163.98095703125,1057.5550537109375,1051.0982666015625,1073.5753173828125,1048.4677734375
M7_YHUR_SLUR,7,HUR,LUR,2025-02-09,2025-02-11,3,TSE,1048.409423828125,1049.9239501953125,1052.514404296875,1050.025146484375,1051.982177734375
M7_YHUR_SLUR,7,HUR,LUR,2025-02-09,2025-02-11,3,TSEC,69.29107666015625,69.97772979736328,69.9227294921875,70.02465057373047,70.1219711303711
M7_YHUR_SLUR,7,HUR,LUR,2025-02-10,2025-02-10,1,Yd,999.143310546875,1057.433349609375,1068.4117431640625,1048.7928466796875,1054.4351806640625
M7_YHUR_SLUR,7,HUR,LUR,2025-02-10,2025-02-10,1,TSE,1050.9688720703125,1049.9539794921875,1051.203125,1050.932373046875,1050.4146728515625
M7_YHUR_SLUR,7,HUR,LUR,2025-02-10,2025-02-10,1,TSEC,70.5533676147461,69.97480773925781,69.77110290527344,70.04316711425781,70.01029205322266
M7_YHUR_SLUR,7,HUR,LUR,2025-02-10,2025-02-11,2,Yd,1163.98095703125,1057.433349609375,1028.792724609375,1046.7412109375,1050.3641357421875
M7_YHUR_SLUR,7,HUR,LUR,2025-02-10,2025-02-11,2,TSE,1048.409423828125,1049.9539794921875,1054.7623291015625,1050.446044921875,1050.452392578125
M7_YHUR_SLUR,7,HUR,LUR,2025-02-10,2025-02-11,2,TSEC,69.29107666015625,69.97480773925781,69.9889144897461,70.02482604980469,70.01889038085938
M7_YHUR_SLUR,7,HUR,LUR,2025-02-10,2025-02-12,3,Yd,1116.180419921875,1057.433349609375,1065.7745361328125,1050.4388427734375,1046.1632080078125
M7_YHUR_SLUR,7,HUR,LUR,2025-02-10,2025-02-12,3,TSE,1049.8043212890625,1049.9539794921875,1051.296875,1050.8040771484375,1050.47802734375
M7_YHUR_SLUR,7,HUR,LUR,2025-02-10,2025-02-12,3,TSEC,68.83562469482422,69.97480773925781,69.83679962158203,69.98258209228516,70.02481842041016
M7_YHUR_SLUR,7,HUR,LUR,2025-02-11,2025-02-11,1,Yd,1163.98095703125,1057.3577880859375,1050.265869140625,1070.2269287109375,1052.4058837890625
M7_YHUR_SLUR,7,HUR,LUR,2025-02-11,2025-02-11,1,TSE,1048.409423828125,1049.955322265625,1052.4588623046875,1050.0543212890625,1050.0321044921875
M7_YHUR_SLUR,7,HUR,LUR,2025-02-11,2025-02-11,1,TSEC,69.29107666015625,69.9755630493164,69.9189682006836,69.96993255615234,69.97870635986328
M7_YHUR_SLUR,7,HUR,LUR,2025-02-11,2025-02-12,2,Yd,1116.180419921875,1057.3577880859375,1050.2303466796875,1059.406494140625,1048.47119140625
M7_YHUR_SLUR,7,HUR,LUR,2025-02-11,2025-02-12,2,TSE,1049.8043212890625,1049.955322265625,1049.766357421875,1049.9073486328125,1050.2420654296875
M7_YHUR_SLUR,7,HUR,LUR,2025-02-11,2025-02-12,2,TSEC,68.83562469482422,69.9755630493164,69.93321228027344,69.98907470703125,69.98321533203125
M7_YHUR_SLUR,7,HUR,LUR,2025-02-11,2025-02-13,3,Yd,1090.6478271484375,1057.3577880859375,1051.79150390625,1058.4705810546875,1045.95556640625
M7_YHUR_SLUR,7,HUR,LUR,2025-02-11,2025-02-13,3,TSE,1049.4559326171875,1049.955322265625,1049.7828369140625,1048.5865478515625,1050.7327880859375
M7_YHUR_SLUR,7,HUR,LUR,2025-02-11,2025-02-13,3,TSEC,71.11073303222656,69.9755630493164,69.7554931640625,70.00054168701172,69.99510955810547
M7_YHUR_SLUR,7,HUR,LUR,2025-02-12,2025-02-12,1,Yd,1116.180419921875,1057.495849609375,1047.435791015625,1056.9940185546875,1054.1331787109375
M7_YHUR_SLUR,7,HUR,LUR,2025-02-12,2025-02-12,1,TSE,1049.8043212890625,1049.9532470703125,1049.6817626953125,1050.5047607421875,1050.2073974609375
M7_YHUR_SLUR,7,HUR,LUR,2025-02-12,2025-02-12,1,TSEC,68.83562469482422,69.97467041015625,69.96286010742188,69.94764709472656,69.98335266113281
M7_YHUR_SLUR,7,HUR,LUR,2025-02-12,2025-02-13,2,Yd,1090.6478271484375,1057.495849609375,1056.2423095703125,1058.3885498046875,1051.524658203125
M7_YHUR_SLUR,7,HUR,LUR,2025-02-12,2025-02-13,2,TSE,1049.4559326171875,1049.9532470703125,1048.7381591796875,1049.3623046875,1050.77392578125
M7_YHUR_SLUR,7,HUR,LUR,2025-02-12,2025-02-13,2,TSEC,71.11073303222656,69.97467041015625,69.90103912353516,69.9926986694336,70.00889587402344
M7_YHUR_SLUR,7,HUR,LUR,2025-02-12,2025-02-14,3,Yd,990.1880493164062,1057.495849609375,1050.190673828125,1058.9215087890625,1051.3465576171875
M7_YHUR_SLUR,7,HUR,LUR,2025-02-12,2025-02-14,3,TSE,1034.907958984375,1049.9532470703125,1049.8427734375,1050.149169921875,1051.6343994140625
M7_YHUR_SLUR,7,HUR,LUR,2025-02-12,2025-02-14,3,TSEC,70.08576202392578,69.97467041015625,69.94039154052734,70.00257110595703,70.05908966064453
M7_YHUR_SLUR,7,HUR,LUR,2025-02-13,2025-02-13,1,Yd,1090.6478271484375,1057.5716552734375,1052.6121826171875,1053.197021484375,1057.2578125
M7_YHUR_SLUR,7,HUR,LUR,2025-02-13,2025-02-13,1,TSE,1049.4559326171875,1049.953125,1049.0301513671875,1049.399169921875,1050.5987548828125
M7_YHUR_SLUR,7,HUR,LUR,2025-02-13,2025-02-13,1,TSEC,71.11073303222656,69.97319793701172,69.88109588623047,70.01393127441406,70.0055160522461
M7_YHUR_SLUR,7,HUR,LUR,2025-02-13,2025-02-14,2,Yd,990.1880493164062,1057.5716552734375,1051.0748291015625,1062.556640625,1057.594970703125
M7_YHUR_SLUR,7,HUR,LUR,2025-02-13,2025-02-14,2,TSE,1034.907958984375,1049.953125,1050.192138671875,1049.1280517578125,1051.560302734375
M7_YHUR_SLUR,7,HUR,LUR,2025-02-13,2025-02-14,2,TSEC,70.08576202392578,69.97319793701172,69.89805603027344,69.99911499023438,70.07349395751953
M7_YHUR_SLUR,7,HUR,LUR,2025-02-13,2025-02-15,3,Yd,1042.9298095703125,1057.5716552734375,1051.1072998046875,1059.83203125,1057.5411376953125
M7_YHUR_SLUR,7,HUR,LUR,2025-02-13,2025-02-15,3,TSE,1039.0245361328125,1049.953125,1051.0338134765625,1048.5645751953125,1052.385498046875
M7_YHUR_SLUR,7,HUR,LUR,2025-02-13,2025-02-15,3,TSEC,69.89387512207031,69.97319793701172,69.90196990966797,69.99496459960938,70.1636734008789
M7_YHUR_SLUR,7,HUR,LUR,2025-02-14,2025-02-14,1,Yd,990.1880493164062,1057.6143798828125,1050.3704833984375,1064.79736328125,1056.90625
M7_YHUR_SLUR,7,HUR,LUR,2025-02-14,2025-02-14,1,TSE,1034.907958984375,1049.952392578125,1049.8048095703125,1051.4385986328125,1051.00439453125
M7_YHUR_SLUR,7,HUR,LUR,2025-02-14,2025-02-14,1,TSEC,70.08576202392578,69.97467041015625,69.94098663330078,69.9836196899414,70.0345230102539
M7_YHUR_SLUR,7,HUR,LUR,2025-02-14,2025-02-15,2,Yd,1042.9298095703125,1057.6143798828125,1051.9432373046875,1067.602783203125,1056.466552734375
M7_YHUR_SLUR,7,HUR,LUR,2025-02-14,2025-02-15,2,TSE,1039.0245361328125,1049.952392578125,1050.671142578125,1049.85546875,1052.0816650390625
M7_YHUR_SLUR,7,HUR,LUR,2025-02-14,2025-02-15,2,TSEC,69.89387512207031,69.97467041015625,69.90833282470703,70.03693389892578,70.1180648803711
M7_YHUR_SLUR,7,HUR,LUR,2025-02-14,2025-02-16,3,Yd,1016.9821166992188,1057.6143798828125,1050.7125244140625,1064.0238037109375,1055.7235107421875
M7_YHUR_SLUR,7,HUR,LUR,2025-02-14,2025-02-16,3,TSE,1060.903564453125,1049.952392578125,1050.098876953125,1048.36328125,1052.62646484375
M7_YHUR_SLUR,7,HUR,LUR,2025-02-14,2025-02-16,3,TSEC,69.8658676147461,69.97467041015625,69.9435806274414,70.03534698486328,70.16895294189453
M7_YHUR_SLUR,7,HUR,LUR,2025-02-15,2025-02-15,1,Yd,1042.9298095703125,1057.52734375,1053.2095947265625,1072.223388671875,1056.05224609375
M7_YHUR_SLUR,7,HUR,LUR,2025-02-15,2025-02-15,1,TSE,1039.0245361328125,1049.93310546875,1051.2772216796875,1050.1939697265625,1051.38623046875
M7_YHUR_SLUR,7,HUR,LUR,2025-02-15,2025-02-15,1,TSEC,69.89387512207031,69.97480773925781,69.88279724121094,70.04322814941406,70.07154083251953
M7_YHUR_SLUR,7,HUR,LUR,2025-02-15,2025-02-16,2,Yd,1016.9821166992188,1057.52734375,1049.8099365234375,1063.603759765625,1054.5386962890625
M7_YHUR_SLUR,7,HUR,LUR,2025-02-15,2025-02-16,2,TSE,1060.903564453125,1049.93310546875,1049.603759765625,1050.07421875,1052.345458984375
M7_YHUR_SLUR,7,HUR,LUR,2025-02-15,2025-02-16,2,TSEC,69.8658676147461,69.97480773925781,70.11432647705078,70.04005432128906,70.13864135742188
M7_YHUR_SLUR,7,HUR,LUR,2025-02-15,2025-02-17,3,Yd,998.0881958007812,1057.52734375,1051.66162109375,1071.73681640625,1054.624267578125
M7_YHUR_SLUR,7,HUR,LUR,2025-02-15,2025-02-17,3,TSE,1044.806884765625,1049.93310546875,1051.5020751953125,1050.7105712890625,1052.6180419921875
M7_YHUR_SLUR,7,HUR,LUR,2025-02-15,2025-02-17,3,TSEC,69.50471496582031,69.97480773925781,69.9216079711914,70.0513687133789,70.15921020507812
M7_YHUR_SLUR,7,HUR,LUR,2025-02-16,2025-02-16,1,Yd,1016.9821166992188,1057.5086669921875,1050.2520751953125,1073.49462890625,1056.0699462890625
M7_YHUR_SLUR,7,HUR,LUR,2025-02-16,2025-02-16,1,TSE,1060.903564453125,1049.9190673828125,1049.7445068359375,1050.3399658203125,1051.2955322265625
M7_YHUR_SLUR,7,HUR,LUR,2025-02-16,2025-02-16,1,TSEC,69.8658676147461,69.97471618652344,69.8931884765625,70.0687026977539,70.06378173828125
M7_YHUR_SLUR,7,HUR,LUR,2025-02-16,2025-02-17,2,Yd,998.0881958007812,1057.5086669921875,1051.074951171875,1066.8323974609375,1055.43994140625
M7_YHUR_SLUR,7,HUR,LUR,2025-02-16,2025-02-17,2,TSE,1044.806884765625,1049.9190673828125,1050.74951171875,1050.0926513671875,1051.94140625
M7_YHUR_SLUR,7,HUR,LUR,2025-02-16,2025-02-17,2,TSEC,69.50471496582031,69.97471618652344,69.92776489257812,70.02877044677734,70.10887908935547
M7_YHUR_SLUR,7,HUR,LUR,2025-02-16,2025-02-18,3,Yd,935.0046997070312,1057.5086669921875,1052.158935546875,1073.920166015625,1053.0135498046875
M7_YHUR_SLUR,7,HUR,LUR,2025-02-16,2025-02-18,3,TSE,1037.478515625,1049.9190673828125,1050.8035888671875,1050.3739013671875,1051.9951171875
M7_YHUR_SLUR,7,HUR,LUR,2025-02-16,2025-02-18,3,TSEC,70.38066864013672,69.97471618652344,69.85620880126953,70.03340911865234,70.11473846435547
M7_YHUR_SLUR,7,HUR,LUR,2025-02-17,2025-02-17,1,Yd,998.0881958007812,1057.45654296875,1051.53466796875,1052.8746337890625,1055.4365234375
M7_YHUR_SLUR,7,HUR,LUR,2025-02-17,2025-02-17,1,TSE,1044.806884765625,1049.93310546875,1050.5517578125,1052.595458984375,1050.6475830078125
M7_YHUR_SLUR,7,HUR,LUR,2025-02-17,2025-02-17,1,TSEC,69.50471496582031,69.97457122802734,69.97872161865234,70.0491714477539,70.02066040039062
M7_YHUR_SLUR,7,HUR,LUR,2025-02-17,2025-02-18,2,Yd,935.0046997070312,1057.45654296875,1051.4554443359375,1049.772216796875,1052.1795654296875
M7_YHUR_SLUR,7,HUR,LUR,2025-02-17,2025-02-18,2,TSE,1037.478515625,1049.93310546875,1051.5533447265625,1050.3546142578125,1050.84716796875
M7_YHUR_SLUR,7,HUR,LUR,2025-02-17,2025-02-18,2,TSEC,70.38066864013672,69.97457122802734,69.98365783691406,70.01729583740234,70.03533935546875
M7_YHUR_SLUR,7,HUR,LUR,2025-02-17,2025-02-19,3,Yd,1067.389404296875,1057.45654296875,1051.703369140625,1052.25732421875,1048.185791015625
M7_YHUR_SLUR,7,HUR,LUR,2025-02-17,2025-02-19,3,TSE,1060.1507568359375,1049.93310546875,1050.319580078125,1049.8349609375,1050.93408203125
M7_YHUR_SLUR,7,HUR,LUR,2025-02-17,2025-02-19,3,TSEC,70.84832000732422,69.97457122802734,70.01532745361328,69.98318481445312,70.04158782958984
M7_YHUR_SLUR,7,HUR,LUR,2025-02-18,2025-02-18,1,Yd,935.0046997070312,1057.3802490234375,1052.0830078125,1061.7584228515625,1053.4783935546875
M7_YHUR_SLUR,7,HUR,LUR,2025-02-18,2025-02-18,1,TSE,1037.478515625,1049.9266357421875,1050.6170654296875,1050.65185546875,1050.3250732421875
M7_YHUR_SLUR,7,HUR,LUR,2025-02-18,2025-02-18,1,TSEC,70.38066864013672,69.97396850585938,69.90845489501953,70.0004653930664,69.993408203125
M7_YHUR_SLUR,7,HUR,LUR,2025-02-18,2025-02-19,2,Yd,1067.389404296875,1057.3802490234375,1050.8414306640625,1059.8883056640625,1048.972412109375
M7_YHUR_SLUR,7,HUR,LUR,2025-02-18,2025-02-19,2,TSE,1060.1507568359375,1049.9266357421875,1049.9686279296875,1050.1121826171875,1050.67138671875
M7_YHUR_SLUR,7,HUR,LUR,2025-02-18,2025-02-19,2,TSEC,70.84832000732422,69.97396850585938,69.98954010009766,69.99388122558594,70.01290130615234
M7_YHUR_SLUR,7,HUR,LUR,2025-02-18,2025-02-20,3,Yd,1138.341064453125,1057.3802490234375,1051.953125,1059.687744140625,1045.8175048828125
M7_YHUR_SLUR,7,HUR,LUR,2025-02-18,2025-02-20,3,TSE,1050.6954345703125,1049.9266357421875,1050.1539306640625,1049.8304443359375,1051.1439208984375
M7_YHUR_SLUR,7,HUR,LUR,2025-02-18,2025-02-20,3,TSEC,70.33888244628906,69.97396850585938,70.0560302734375,69.98699188232422,70.04145812988281
M7_YHUR_SLUR,7,HUR,LUR,2025-02-19,2025-02-19,1,Yd,1067.389404296875,1057.223388671875,1050.7646484375,1066.560546875,1051.8995361328125
M7_YHUR_SLUR,7,HUR,LUR,2025-02-19,2025-02-19,1,TSE,1060.1507568359375,1049.9105224609375,1049.44873046875,1048.013916015625,1050.4560546875
M7_YHUR_SLUR,7,HUR,LUR,2025-02-19,2025-02-19,1,TSEC,70.84832000732422,69.9744873046875,69.93933868408203,69.92848205566406,69.99285888671875
M7_YHUR_SLUR,7,HUR,LUR,2025-02-19,2025-02-20,2,Yd,1138.341064453125,1057.223388671875,1050.7259521484375,1058.283203125,1047.7496337890625
M7_YHUR_SLUR,7,HUR,LUR,2025-02-19,2025-02-20,2,TSE,1050.6954345703125,1049.9105224609375,1042.31640625,1049.2769775390625,1051.103271484375
M7_YHUR_SLUR,7,HUR,LUR,2025-02-19,2025-02-20,2,TSEC,70.33888244628906,69.9744873046875,69.97361755371094,70.0445556640625,70.025634765625
M7_YHUR_SLUR,7,HUR,LUR,2025-02-19,2025-02-21,3,Yd,1156.127197265625,1057.223388671875,1049.239013671875,1053.828369140625,1046.60693359375
M7_YHUR_SLUR,7,HUR,LUR,2025-02-19,2025-02-21,3,TSE,1043.61181640625,1049.9105224609375,1047.226806640625,1048.5330810546875,1052.07421875
M7_YHUR_SLUR,7,HUR,LUR,2025-02-19,2025-02-21,3,TSEC,70.91155242919922,69.9744873046875,69.82858276367188,70.02620697021484,70.08037567138672
M7_YHUR_SLUR,7,HUR,LUR,2025-02-20,2025-02-20,1,Yd,1138.341064453125,1057.2364501953125,1049.8621826171875,1064.0731201171875,1052.84814453125
M7_YHUR_SLUR,7,HUR,LUR,2025-02-20,2025-02-20,1,TSE,1050.6954345703125,1049.9237060546875,1043.2322998046875,1048.5,1050.7113037109375
M7_YHUR_SLUR,7,HUR,LUR,2025-02-20,2025-02-20,1,TSEC,70.33888244628906,69.97560119628906,69.6482925415039,69.89627838134766,69.99848937988281
M7_YHUR_SLUR,7,HUR,LUR,2025-02-20,2025-02-21,2,Yd,1156.127197265625,1057.2364501953125,1050.0594482421875,1065.832275390625,1051.05126953125
M7_YHUR_SLUR,7,HUR,LUR,2025-02-20,2025-02-21,2,TSE,1043.61181640625,1049.9237060546875,1048.353271484375,1049.466064453125,1051.797119140625
M7_YHUR_SLUR,7,HUR,LUR,2025-02-20,2025-02-21,2,TSEC,70.91155242919922,69.97560119628906,70.11318969726562,70.06946563720703,70.05577850341797
M7_YHUR_SLUR,7,HUR,LUR,2025-02-20,2025-02-22,3,Yd,999.5658569335938,1057.2364501953125,1049.453857421875,1057.885498046875,1049.5859375
M7_YHUR_SLUR,7,HUR,LUR,2025-02-20,2025-02-22,3,TSE,1033.1593017578125,1049.9237060546875,1047.8499755859375,1048.518798828125,1052.7421875
M7_YHUR_SLUR,7,HUR,LUR,2025-02-20,2025-02-22,3,TSEC,71.06414031982422,69.97560119628906,69.93830871582031,70.07814025878906,70.12789916992188
M7_YHUR_SLUR,7,HUR,LUR,2025-02-21,2025-02-21,1,Yd,1156.127197265625,1057.3402099609375,1049.1124267578125,1067.4967041015625,1054.6375732421875
M7_YHUR_SLUR,7,HUR,LUR,2025-02-21,2025-02-21,1,TSE,1043.61181640625,1049.9246826171875,1050.806884765625,1050.3516845703125,1051.1524658203125
M7_YHUR_SLUR,7,HUR,LUR,2025-02-21,2025-02-21,1,TSEC,70.91155242919922,69.97607421875,69.93114471435547,69.94183349609375,70.0412826538086
M7_YHUR_SLUR,7,HUR,LUR,2025-02-21,2025-02-22,2,Yd,999.5658569335938,1057.3402099609375,1050.71044921875,1076.646728515625,1052.54931640625
M7_YHUR_SLUR,7,HUR,LUR,2025-02-21,2025-02-22,2,TSE,1033.1593017578125,1049.9246826171875,1050.0272216796875,1049.8792724609375,1052.340576171875
M7_YHUR_SLUR,7,HUR,LUR,2025-02-21,2025-02-22,2,TSEC,71.06414031982422,69.97607421875,69.92716979980469,69.9478759765625,70.12478637695312
M7_YHUR_SLUR,7,HUR,LUR,2025-02-21,2025-02-23,3,Yd,819.1258544921875,1057.3402099609375,1049.6990966796875,1078.6080322265625,1050.462158203125
M7_YHUR_SLUR,7,HUR,LUR,2025-02-21,2025-02-23,3,TSE,1052.060546875,1049.9246826171875,1050.4510498046875,1050.47705078125,1052.9688720703125
M7_YHUR_SLUR,7,HUR,LUR,2025-02-21,2025-02-23,3,TSEC,69.81647491455078,69.97607421875,70.15238952636719,69.97799682617188,70.17328643798828
M7_YHUR_SLUR,7,HUR,LUR,2025-02-22,2025-02-22,1,Yd,999.5658569335938,1057.46630859375,1049.735107421875,1074.2255859375,1055.029052734375
M7_YHUR_SLUR,7,HUR,LUR,2025-02-22,2025-02-22,1,TSE,1033.1593017578125,1049.9166259765625,1048.481201171875,1050.2733154296875,1051.434326171875
M7_YHUR_SLUR,7,HUR,LUR,2025-02-22,2025-02-22,1,TSEC,71.06414031982422,69.97726440429688,69.94346618652344,70.02762603759766,70.07157135009766
M7_YHUR_SLUR,7,HUR,LUR,2025-02-22,2025-02-23,2,Yd,819.1258544921875,1057.46630859375,1051.3931884765625,1063.7926025390625,1054.157470703125
M7_YHUR_SLUR,7,HUR,LUR,2025-02-22,2025-02-23,2,TSE,1052.060546875,1049.9166259765625,1048.35107421875,1049.619384765625,1052.427978515625
M7_YHUR_SLUR,7,HUR,LUR,2025-02-22,2025-02-23,2,TSEC,69.81647491455078,69.97726440429688,69.97130584716797,69.99420166015625,70.13834381103516
M7_YHUR_SLUR,7,HUR,LUR,2025-02-22,2025-02-24,3,Yd,1158.09228515625,1057.46630859375,1050.0672607421875,1069.6435546875,1053.9376220703125
M7_YHUR_SLUR,7,HUR,LUR,2025-02-22,2025-02-24,3,TSE,1047.5902099609375,1049.9166259765625,1050.9320068359375,1049.6634521484375,1052.708251953125
M7_YHUR_SLUR,7,HUR,LUR,2025-02-22,2025-02-24,3,TSEC,69.69261169433594,69.97726440429688,69.95032501220703,69.96832275390625,70.15957641601562
M7_YHUR_SLUR,7,HUR,LUR,2025-02-23,2025-02-23,1,Yd,819.1258544921875,1057.3924560546875,1050.8707275390625,1072.735595703125,1055.3582763671875
M7_YHUR_SLUR,7,HUR,LUR,2025-02-23,2025-02-23,1,TSE,1052.060546875,1049.895263671875,1050.498291015625,1051.314697265625,1051.409912109375
M7_YHUR_SLUR,7,HUR,LUR,2025-02-23,2025-02-23,1,TSEC,69.81647491455078,69.97865295410156,70.03600311279297,70.08465576171875,70.066162109375
M7_YHUR_SLUR,7,HUR,LUR,2025-02-23,2025-02-24,2,Yd,1158.09228515625,1057.3924560546875,1049.576416015625,1067.3187255859375,1054.218994140625
M7_YHUR_SLUR,7,HUR,LUR,2025-02-23,2025-02-24,2,TSE,1047.5902099609375,1049.895263671875,1049.2427978515625,1050.4703369140625,1052.1402587890625
M7_YHUR_SLUR,7,HUR,LUR,2025-02-23,2025-02-24,2,TSEC,69.69261169433594,69.97865295410156,69.9455337524414,70.04779052734375,70.11138916015625
M7_YHUR_SLUR,7,HUR,LUR,2025-02-23,2025-02-25,3,Yd,1129.0887451171875,1057.3924560546875,1050.38232421875,1079.1904296875,1051.5679931640625
M7_YHUR_SLUR,7,HUR,LUR,2025-02-23,2025-02-25,3,TSE,1058.4791259765625,1049.895263671875,1050.1363525390625,1051.0283203125,1052.2242431640625
M7_YHUR_SLUR,7,HUR,LUR,2025-02-23,2025-02-25,3,TSEC,69.7747802734375,69.97865295410156,69.98499298095703,70.03874206542969,70.11400604248047
M7_YHUR_SLUR,7,HUR,LUR,2025-02-24,2025-02-24,1,Yd,1158.09228515625,1057.0889892578125,1050.8260498046875,1064.130859375,1052.8052978515625
M7_YHUR_SLUR,7,HUR,LUR,2025-02-24,2025-02-24,1,TSE,1047.5902099609375,1049.89794921875,1049.00732421875,1050.9656982421875,1050.9066162109375
M7_YHUR_SLUR,7,HUR,LUR,2025-02-24,2025-02-24,1,TSEC,69.69261169433594,69.97844696044922,69.99603271484375,70.04527282714844,70.02517700195312
M7_YHUR_SLUR,7,HUR,LUR,2025-02-24,2025-02-25,2,Yd,1129.0887451171875,1057.0889892578125,1047.571044921875,1053.4276123046875,1047.9876708984375
M7_YHUR_SLUR,7,HUR,LUR,2025-02-24,2025-02-25,2,TSE,1058.4791259765625,1049.89794921875,1049.2891845703125,1051.545166015625,1051.263671875
M7_YHUR_SLUR,7,HUR,LUR,2025-02-24,2025-02-25,2,TSEC,69.7747802734375,69.97844696044922,69.94537353515625,70.0544204711914,70.04461669921875
M7_YHUR_SLUR,7,HUR,LUR,2025-02-24,2025-02-26,3,Yd,1045.6029052734375,1057.0889892578125,1050.5242919921875,1053.869140625,1042.7979736328125
M7_YHUR_SLUR,7,HUR,LUR,2025-02-24,2025-02-26,3,TSE,1050.8382568359375,1049.89794921875,1049.50244140625,1052.089599609375,1051.396240234375
M7_YHUR_SLUR,7,HUR,LUR,2025-02-24,2025-02-26,3,TSEC,69.99785614013672,69.97844696044922,70.0230712890625,69.94314575195312,70.05548858642578
M7_YHUR_SLUR,7,HUR,LUR,2025-02-25,2025-02-25,1,Yd,1129.0887451171875,1057.2174072265625,1019.6582641601562,1066.51318359375,1053.0838623046875
M7_YHUR_SLUR,7,HUR,LUR,2025-02-25,2025-02-25,1,TSE,1058.4791259765625,1049.89501953125,1051.6097412109375,1050.5535888671875,1050.53857421875
M7_YHUR_SLUR,7,HUR,LUR,2025-02-25,2025-02-25,1,TSEC,69.7747802734375,69.97808074951172,69.96925354003906,69.99604034423828,70.0042495727539
M7_YHUR_SLUR,7,HUR,LUR,2025-02-25,2025-02-26,2,Yd,1045.6029052734375,1057.2174072265625,1069.7803955078125,1063.55029296875,1047.2869873046875
M7_YHUR_SLUR,7,HUR,LUR,2025-02-25,2025-02-26,2,TSE,1050.8382568359375,1049.89501953125,1049.3375244140625,1050.407470703125,1050.91357421875
M7_YHUR_SLUR,7,HUR,LUR,2025-02-25,2025-02-26,2,TSEC,69.99785614013672,69.97808074951172,69.96914672851562,70.00936126708984,70.02722930908203
M7_YHUR_SLUR,7,HUR,LUR,2025-02-25,2025-02-27,3,Yd,1073.979736328125,1057.2174072265625,1036.1181640625,1060.729736328125,1040.8499755859375
M7_YHUR_SLUR,7,HUR,LUR,2025-02-25,2025-02-27,3,TSE,1048.643310546875,1049.89501953125,1047.981201171875,1049.916259765625,1051.322021484375
M7_YHUR_SLUR,7,HUR,LUR,2025-02-25,2025-02-27,3,TSEC,68.72599029541016,69.97808074951172,69.97077941894531,69.9914321899414,70.0550537109375
M7_YHUR_SLUR,7,HUR,LUR,2025-02-26,2025-02-26,1,Yd,1045.6029052734375,1057.3087158203125,1051.0908203125,1059.6043701171875,1052.00341796875
M7_YHUR_SLUR,7,HUR,LUR,2025-02-26,2025-02-26,1,TSE,1050.8382568359375,1049.906005859375,1049.0972900390625,1050.2852783203125,1050.3507080078125
M7_YHUR_SLUR,7,HUR,LUR,2025-02-26,2025-02-26,1,TSEC,69.99785614013672,69.97782135009766,69.92802429199219,69.9683609008789,69.99481201171875
M7_YHUR_SLUR,7,HUR,LUR,2025-02-26,2025-02-27,2,Yd,1073.979736328125,1057.3087158203125,1051.445556640625,1057.740478515625,1047.2413330078125
M7_YHUR_SLUR,7,HUR,LUR,2025-02-26,2025-02-27,2,TSE,1048.643310546875,1049.906005859375,1050.004638671875,1049.16064453125,1050.9912109375
M7_YHUR_SLUR,7,HUR,LUR,2025-02-26,2025-02-27,2,TSEC,68.72599029541016,69.97782135009766,70.01732635498047,69.99964904785156,70.02694702148438
M7_YHUR_SLUR,7,HUR,LUR,2025-02-26,2025-02-28,3,Yd,1134.6827392578125,1057.3087158203125,1051.05859375,1057.6470947265625,1045.7998046875
M7_YHUR_SLUR,7,HUR,LUR,2025-02-26,2025-02-28,3,TSE,1056.338623046875,1049.906005859375,1049.500244140625,1048.9454345703125,1051.9156494140625
M7_YHUR_SLUR,7,HUR,LUR,2025-02-26,2025-02-28,3,TSEC,69.74476623535156,69.97782135009766,69.98993682861328,69.98286437988281,70.08181762695312
M7_YHUR_SLUR,7,HUR,LUR,2025-02-27,2025-02-27,1,Yd,1073.979736328125,1057.2939453125,1051.4117431640625,1064.316162109375,1053.137939453125
M7_YHUR_SLUR,7,HUR,LUR,2025-02-27,2025-02-27,1,TSE,1048.643310546875,1049.9072265625,1043.8878173828125,1050.427734375,1050.659912109375
M7_YHUR_SLUR,7,HUR,LUR,2025-02-27,2025-02-27,1,TSEC,68.72599029541016,69.97785186767578,69.92268371582031,69.99687194824219,70.00637817382812
M7_YHUR_SLUR,7,HUR,LUR,2025-02-27,2025-02-28,2,Yd,1134.6827392578125,1057.2939453125,1050.9432373046875,1066.5465087890625,1051.5595703125
M7_YHUR_SLUR,7,HUR,LUR,2025-02-27,2025-02-28,2,TSE,1056.338623046875,1049.9072265625,1047.8056640625,1049.2755126953125,1051.76220703125
M7_YHUR_SLUR,7,HUR,LUR,2025-02-27,2025-02-28,2,TSEC,69.74476623535156,69.97785186767578,69.90812683105469,70.02819061279297,70.06849670410156
M7_YHUR_SLUR,7,HUR,LUR,2025-02-27,2025-03-01,3,Yd,778.777099609375,1057.2939453125,1049.6182861328125,1071.49658203125,1050.305908203125
M7_YHUR_SLUR,7,HUR,LUR,2025-02-27,2025-03-01,3,TSE,1053.9422607421875,1049.9072265625,1049.0828857421875,1048.2520751953125,1052.7384033203125
M7_YHUR_SLUR,7,HUR,LUR,2025-02-27,2025-03-01,3,TSEC,69.77845764160156,69.97785186767578,69.92791748046875,70.02906799316406,70.1431655883789
M7_YHUR_SLUR,7,HUR,LUR,2025-02-28,2025-02-28,1,Yd,1134.6827392578125,1057.3150634765625,1050.8656005859375,1064.38818359375,1055.83154296875
M7_YHUR_SLUR,7,HUR,LUR,2025-02-28,2025-02-28,1,TSE,1056.338623046875,1049.905517578125,1049.53125,1050.4014892578125,1051.1256103515625
M7_YHUR_SLUR,7,HUR,LUR,2025-02-28,2025-02-28,1,TSEC,69.74476623535156,69.97625732421875,69.86199188232422,69.91934204101562,70.05121612548828
M7_YHUR_SLUR,7,HUR,LUR,2025-02-28,2025-03-01,2,Yd,778.777099609375,1057.3150634765625,1049.809814453125,1058.1978759765625,1054.863037109375
M7_YHUR_SLUR,7,HUR,LUR,2025-02-28,2025-03-01,2,TSE,1053.9422607421875,1049.905517578125,1050.0989990234375,1050.3018798828125,1052.2510986328125
M7_YHUR_SLUR,7,HUR,LUR,2025-02-28,2025-03-01,2,TSEC,69.77845764160156,69.97625732421875,70.05218505859375,69.95165252685547,70.15167999267578
M7_YHUR_SLUR,7,HUR,LUR,2025-02-28,2025-03-02,3,Yd,994.0300903320312,1057.3150634765625,1047.830322265625,1062.8851318359375,1053.7340087890625
M7_YHUR_SLUR,7,HUR,LUR,2025-02-28,2025-03-02,3,TSE,1058.3092041015625,1049.905517578125,1049.614990234375,1050.4368896484375,1052.8466796875
M7_YHUR_SLUR,7,HUR,LUR,2025-02-28,2025-03-02,3,TSEC,68.54578399658203,69.97625732421875,69.93449401855469,70.0084457397461,70.21260833740234
M7_YHUR_SLUR,7,HUR,LUR,2025-03-01,2025-03-01,1,Yd,778.777099609375,1057.4129638671875,1049.248779296875,1066.291259765625,1056.802978515625
M7_YHUR_SLUR,7,HUR,LUR,2025-03-01,2025-03-01,1,TSE,1053.9422607421875,1049.9136962890625,1050.1878662109375,1049.789306640625,1051.1224365234375
M7_YHUR_SLUR,7,HUR,LUR,2025-03-01,2025-03-01,1,TSEC,69.77845764160156,69.97596740722656,70.0608139038086,69.96720123291016,70.07976531982422
M7_YHUR_SLUR,7,HUR,LUR,2025-03-01,2025-03-02,2,Yd,994.0300903320312,1057.4129638671875,1048.9857177734375,1060.5972900390625,1055.9532470703125
M7_YHUR_SLUR,7,HUR,LUR,2025-03-01,2025-03-02,2,TSE,1058.3092041015625,1049.9136962890625,1050.110107421875,1049.5009765625,1051.8985595703125
M7_YHUR_SLUR,7,HUR,LUR,2025-03-01,2025-03-02,2,TSEC,68.54578399658203,69.97596740722656,69.99052429199219,70.00257873535156,70.15228271484375
M7_YHUR_SLUR,7,HUR,LUR,2025-03-01,2025-03-03,3,Yd,795.4339599609375,1057.4129638671875,1051.4510498046875,1061.8203125,1055.9832763671875
M7_YHUR_SLUR,7,HUR,LUR,2025-03-01,2025-03-03,3,TSE,1063.793701171875,1049.9136962890625,1050.150146484375,1049.7767333984375,1052.1351318359375
M7_YHUR_SLUR,7,HUR,LUR,2025-03-01,2025-03-03,3,TSEC,69.54183959960938,69.97596740722656,69.99000549316406,70.00617980957031,70.16324615478516
M7_YHUR_SLUR,7,HUR,LUR,2025-03-02,2025-03-02,1,Yd,994.0300903320312,1057.0606689453125,1050.5,1067.277587890625,1055.4234619140625
M7_YHUR_SLUR,7,HUR,LUR,2025-03-02,2025-03-02,1,TSE,1058.3092041015625,1049.9188232421875,1049.6749267578125,1052.50244140625,1050.87548828125
M7_YHUR_SLUR,7,HUR,LUR,2025-03-02,2025-03-02,1,TSEC,68.54578399658203,69.97571563720703,69.95619201660156,70.07376098632812,70.0450439453125
M7_YHUR_SLUR,7,HUR,LUR,2025-03-02,2025-03-03,2,Yd,795.4339599609375,1057.0606689453125,1047.9473876953125,1051.0845947265625,1051.981201171875
M7_YHUR_SLUR,7,HUR,LUR,2025-03-02,2025-03-03,2,TSE,1063.793701171875,1049.9188232421875,1050.5423583984375,1050.27099609375,1051.1876220703125
M7_YHUR_SLUR,7,HUR,LUR,2025-03-02,2025-03-03,2,TSEC,69.54183959960938,69.97571563720703,69.99549102783203,70.02801513671875,70.0586166381836
M7_YHUR_SLUR,7,HUR,LUR,2025-03-02,2025-03-04,3,Yd,1251.7301025390625,1057.0606689453125,1051.89111328125,1054.9039306640625,1048.7955322265625
M7_YHUR_SLUR,7,HUR,LUR,2025-03-02,2025-03-04,3,TSE,1065.0303955078125,1049.9188232421875,1050.7645263671875,1050.374267578125,1050.9952392578125
M7_YHUR_SLUR,7,HUR,LUR,2025-03-02,2025-03-04,3,TSEC,69.6028060913086,69.97571563720703,69.91220092773438,70.00072479248047,70.046142578125
M7_YHUR_SLUR,7,HUR,LUR,2025-03-03,2025-03-03,1,Yd,795.4339599609375,1056.981201171875,1048.573486328125,1061.993896484375,1053.71923828125
M7_YHUR_SLUR,7,HUR,LUR,2025-03-03,2025-03-03,1,TSE,1063.793701171875,1049.929443359375,1050.096923828125,1050.3778076171875,1050.148193359375
M7_YHUR_SLUR,7,HUR,LUR,2025-03-03,2025-03-03,1,TSEC,69.54183959960938,69.97391510009766,69.98566436767578,69.99703979492188,69.9874496459961
M7_YHUR_SLUR,7,HUR,LUR,2025-03-03,2025-03-04,2,Yd,1251.7301025390625,1056.981201171875,1034.2679443359375,1058.3822021484375,1050.158203125
M7_YHUR_SLUR,7,HUR,LUR,2025-03-03,2025-03-04,2,TSE,1065.0303955078125,1049.929443359375,1050.6251220703125,1049.8470458984375,1049.99755859375
M7_YHUR_SLUR,7,HUR,LUR,2025-03-03,2025-03-04,2,TSEC,69.6028060913086,69.97391510009766,69.92888641357422,69.98912048339844,69.97608184814453
M7_YHUR_SLUR,7,HUR,LUR,2025-03-03,2025-03-05,3,Yd,950.291259765625,1056.981201171875,1055.1031494140625,1059.390380859375,1048.0333251953125
M7_YHUR_SLUR,7,HUR,LUR,2025-03-03,2025-03-05,3,TSE,1050.77001953125,1049.929443359375,1049.8714599609375,1049.6744384765625,1049.9310302734375
M7_YHUR_SLUR,7,HUR,LUR,2025-03-03,2025-03-05,3,TSEC,70.50492858886719,69.97391510009766,70.01260375976562,69.98272705078125,69.9712905883789
M7_YHUR_SLUR,7,HUR,LUR,2025-03-04,2025-03-04,1,Yd,1251.7301025390625,1056.6513671875,1053.460693359375,1066.70751953125,1052.8193359375
M7_YHUR_SLUR,7,HUR,LUR,2025-03-04,2025-03-04,1,TSE,1065.0303955078125,1049.9468994140625,1052.0902099609375,1048.6453857421875,1049.679931640625
M7_YHUR_SLUR,7,HUR,LUR,2025-03-04,2025-03-04,1,TSEC,69.6028060913086,69.97337341308594,69.94824981689453,69.96476745605469,69.93502807617188
M7_YHUR_SLUR,7,HUR,LUR,2025-03-04,2025-03-05,2,Yd,950.291259765625,1056.6513671875,1044.8038330078125,1056.77099609375,1048.96923828125
M7_YHUR_SLUR,7,HUR,LUR,2025-03-04,2025-03-05,2,TSE,1050.77001953125,1049.9468994140625,1051.0162353515625,1048.7508544921875,1049.5028076171875
M7_YHUR_SLUR,7,HUR,LUR,2025-03-04,2025-03-05,2,TSEC,70.50492858886719,69.97337341308594,70.03585815429688,70.0131607055664,69.91100311279297
M7_YHUR_SLUR,7,HUR,LUR,2025-03-04,2025-03-06,3,Yd,1190.96826171875,1056.6513671875,1050.646484375,1056.0086669921875,1046.2257080078125
M7_YHUR_SLUR,7,HUR,LUR,2025-03-04,2025-03-06,3,TSE,1076.5323486328125,1049.9468994140625,1046.4573974609375,1048.4478759765625,1049.6722412109375
M7_YHUR_SLUR,7,HUR,LUR,2025-03-04,2025-03-06,3,TSEC,70.16832733154297,69.97337341308594,70.01097106933594,70.0142593383789,69.90308380126953
M7_YHUR_SLUR,7,HUR,LUR,2025-03-05,2025-03-05,1,Yd,950.291259765625,1056.8970947265625,1044.65087890625,1060.45361328125,1055.06591796875
M7_YHUR_SLUR,7,HUR,LUR,2025-03-05,2025-03-05,1,TSE,1050.77001953125,1049.9659423828125,1049.907958984375,1048.9490966796875,1049.535888671875
M7_YHUR_SLUR,7,HUR,LUR,2025-03-05,2025-03-05,1,TSEC,70.50492858886719,69.972900390625,70.01566314697266,69.9912338256836,69.93555450439453
M7_YHUR_SLUR,7,HUR,LUR,2025-03-05,2025-03-06,2,Yd,1190.96826171875,1056.8970947265625,1052.4940185546875,1059.390380859375,1053.969482421875
M7_YHUR_SLUR,7,HUR,LUR,2025-03-05,2025-03-06,2,TSE,1076.5323486328125,1049.9659423828125,1049.3785400390625,1049.6744384765625,1049.73388671875
M7_YHUR_SLUR,7,HUR,LUR,2025-03-05,2025-03-06,2,TSEC,70.16832733154297,69.972900390625,70.04786682128906,69.98272705078125,69.93009185791016
M7_YHUR_SLUR,7,HUR,LUR,2025-03-05,2025-03-07,3,Yd,1129.84326171875,1056.8970947265625,1048.457275390625,1060.9725341796875,1054.8634033203125
M7_YHUR_SLUR,7,HUR,LUR,2025-03-05,2025-03-07,3,TSE,1030.3900146484375,1049.9659423828125,1050.38427734375,1048.68115234375,1050.3623046875
M7_YHUR_SLUR,7,HUR,LUR,2025-03-05,2025-03-07,3,TSEC,70.38277435302734,69.972900390625,69.90763854980469,69.98713684082031,69.967529296875
M7_YHUR_SLUR,7,HUR,LUR,2025-03-06,2025-03-06,1,Yd,1190.96826171875,1056.762939453125,1054.9927978515625,1060.01611328125,1055.6468505859375
M7_YHUR_SLUR,7,HUR,LUR,2025-03-06,2025-03-06,1,TSE,1076.5323486328125,1049.9669189453125,1049.7838134765625,1049.6971435546875,1050.09765625
M7_YHUR_SLUR,7,HUR,LUR,2025-03-06,2025-03-06,1,TSEC,70.16832733154297,69.97357177734375,70.0366439819336,69.95873260498047,69.95225524902344
M7_YHUR_SLUR,7,HUR,LUR,2025-03-06,2025-03-07,2,Yd,1129.84326171875,1056.762939453125,1046.25,1066.0572509765625,1056.481201171875
M7_YHUR_SLUR,7,HUR,LUR,2025-03-06,2025-03-07,2,TSE,1030.3900146484375,1049.9669189453125,1050.429443359375,1050.6146240234375,1050.747314453125
M7_YHUR_SLUR,7,HUR,LUR,2025-03-06,2025-03-07,2,TSEC,70.38277435302734,69.97357177734375,69.8951644897461,70.02566528320312,69.97100830078125
M7_YHUR_SLUR,7,HUR,LUR,2025-03-06,2025-03-08,3,Yd,1164.6419677734375,1056.762939453125,1046.80078125,1060.660888671875,1058.0780029296875
M7_YHUR_SLUR,7,HUR,LUR,2025-03-06,2025-03-08,3,TSE,1063.877197265625,1049.9669189453125,1050.6231689453125,1048.837646484375,1051.376953125
M7_YHUR_SLUR,7,HUR,LUR,2025-03-06,2025-03-08,3,TSEC,69.66825103759766,69.97357177734375,70.02629089355469,70.0361099243164,70.0260009765625
M7_YHUR_SLUR,7,HUR,LUR,2025-03-07,2025-03-07,1,Yd,1129.84326171875,1056.9315185546875,1040.3184814453125,1058.1888427734375,1059.134765625
M7_YHUR_SLUR,7,HUR,LUR,2025-03-07,2025-03-07,1,TSE,1030.3900146484375,1050.0003662109375,1049.8160400390625,1050.07275390625,1050.341552734375
M7_YHUR_SLUR,7,HUR,LUR,2025-03-07,2025-03-07,1,TSEC,70.38277435302734,69.97381591796875,69.89403533935547,69.98182678222656,69.97579193115234
M7_YHUR_SLUR,7,HUR,LUR,2025-03-07,2025-03-08,2,Yd,1164.6419677734375,1056.9315185546875,1044.7606201171875,1062.7369384765625,1060.9620361328125
M7_YHUR_SLUR,7,HUR,LUR,2025-03-07,2025-03-08,2,TSE,1063.877197265625,1050.0003662109375,1052.015625,1050.304931640625,1050.841064453125
M7_YHUR_SLUR,7,HUR,LUR,2025-03-07,2025-03-08,2,TSEC,69.66825103759766,69.97381591796875,70.02743530273438,70.01676940917969,70.02062225341797
M7_YHUR_SLUR,7,HUR,LUR,2025-03-07,2025-03-09,3,Yd,985.9990844726562,1056.9315185546875,1041.948486328125,1060.5333251953125,1060.765869140625
M7_YHUR_SLUR,7,HUR,LUR,2025-03-07,2025-03-09,3,TSE,1055.804931640625,1050.0003662109375,1049.779296875,1049.5347900390625,1050.9522705078125
M7_YHUR_SLUR,7,HUR,LUR,2025-03-07,2025-03-09,3,TSEC,70.76641845703125,69.97381591796875,69.89922332763672,69.99425506591797,70.04490661621094
M7_YHUR_SLUR,7,HUR,LUR,2025-03-08,2025-03-08,1,Yd,1164.6419677734375,1057.0230712890625,1041.6405029296875,1069.0758056640625,1059.02392578125
M7_YHUR_SLUR,7,HUR,LUR,2025-03-08,2025-03-08,1,TSE,1063.877197265625,1049.9757080078125,1052.0230712890625,1050.427001953125,1050.6910400390625
M7_YHUR_SLUR,7,HUR,LUR,2025-03-08,2025-03-08,1,TSEC,69.66825103759766,69.97432708740234,70.06884002685547,70.029052734375,70.03486633300781
M7_YHUR_SLUR,7,HUR,LUR,2025-03-08,2025-03-09,2,Yd,985.9990844726562,1057.0230712890625,1049.94189453125,1066.7119140625,1059.5135498046875
M7_YHUR_SLUR,7,HUR,LUR,2025-03-08,2025-03-09,2,TSE,1055.804931640625,1049.9757080078125,1049.322509765625,1049.812744140625,1051.199462890625
M7_YHUR_SLUR,7,HUR,LUR,2025-03-08,2025-03-09,2,TSEC,70.76641845703125,69.97432708740234,69.88743591308594,70.01272583007812,70.08089447021484
M7_YHUR_SLUR,7,HUR,LUR,2025-03-08,2025-03-10,3,Yd,861.874755859375,1057.0230712890625,1063.193603515625,1067.565673828125,1057.6173095703125
M7_YHUR_SLUR,7,HUR,LUR,2025-03-08,2025-03-10,3,TSE,1051.2247314453125,1049.9757080078125,1051.6099853515625,1050.568603515625,1051.0439453125
M7_YHUR_SLUR,7,HUR,LUR,2025-03-08,2025-03-10,3,TSEC,70.18694305419922,69.97432708740234,69.98584747314453,70.02616119384766,70.06201171875
M7_YHUR_SLUR,7,HUR,LUR,2025-03-09,2025-03-09,1,Yd,985.9990844726562,1057.1578369140625,1040.0322265625,1070.8836669921875,1058.5518798828125
M7_YHUR_SLUR,7,HUR,LUR,2025-03-09,2025-03-09,1,TSE,1055.804931640625,1049.9931640625,1047.5421142578125,1049.910888671875,1050.267578125
M7_YHUR_SLUR,7,HUR,LUR,2025-03-09,2025-03-09,1,TSEC,70.76641845703125,69.97394561767578,69.91673278808594,69.98206329345703,70.0151596069336
M7_YHUR_SLUR,7,HUR,LUR,2025-03-09,2025-03-10,2,Yd,861.874755859375,1057.1578369140625,1055.05908203125,1064.1602783203125,1057.439208984375
M7_YHUR_SLUR,7,HUR,LUR,2025-03-09,2025-03-10,2,TSE,1051.2247314453125,1049.9931640625,1053.5732421875,1049.249267578125,1050.1185302734375
M7_YHUR_SLUR,7,HUR,LUR,2025-03-09,2025-03-10,2,TSEC,70.18694305419922,69.97394561767578,69.95635223388672,69.94522857666016,70.00189971923828
M7_YHUR_SLUR,7,HUR,LUR,2025-03-09,2025-03-11,3,Yd,1159.980224609375,1057.1578369140625,1048.9959716796875,1060.97802734375,1056.38720703125
M7_YHUR_SLUR,7,HUR,LUR,2025-03-09,2025-03-11,3,TSE,1055.7054443359375,1049.9931640625,1051.5556640625,1049.532958984375,1049.6376953125
M7_YHUR_SLUR,7,HUR,LUR,2025-03-09,2025-03-11,3,TSEC,69.96210479736328,69.97394561767578,69.91071319580078,69.97024536132812,69.96148681640625
M7_YHUR_SLUR,7,HUR,LUR,2025-03-10,2025-03-10,1,Yd,861.874755859375,1057.06884765625,1050.2777099609375,1072.8289794921875,1055.7376708984375
M7_YHUR_SLUR,7,HUR,LUR,2025-03-10,2025-03-10,1,TSE,1051.2247314453125,1050.0003662109375,1052.1494140625,1052.6468505859375,1049.7886962890625
M7_YHUR_SLUR,7,HUR,LUR,2025-03-10,2025-03-10,1,TSEC,70.18694305419922,69.97493743896484,69.96717834472656,70.0426254272461,69.95977020263672
M7_YHUR_SLUR,7,HUR,LUR,2025-03-10,2025-03-11,2,Yd,1159.980224609375,1057.06884765625,1049.9429931640625,1058.7376708984375,1054.443603515625
M7_YHUR_SLUR,7,HUR,LUR,2025-03-10,2025-03-11,2,TSE,1055.7054443359375,1050.0003662109375,1050.62451171875,1050.4730224609375,1049.4248046875
M7_YHUR_SLUR,7,HUR,LUR,2025-03-10,2025-03-11,2,TSEC,69.96210479736328,69.97493743896484,69.89786529541016,70.0134048461914,69.93787384033203
M7_YHUR_SLUR,7,HUR,LUR,2025-03-10,2025-03-12,3,Yd,1027.2723388671875,1057.06884765625,1049.673095703125,1062.181640625,1050.685302734375
M7_YHUR_SLUR,7,HUR,LUR,2025-03-10,2025-03-12,3,TSE,1058.122802734375,1050.0003662109375,1051.4212646484375,1049.4698486328125,1049.0726318359375
M7_YHUR_SLUR,7,HUR,LUR,2025-03-10,2025-03-12,3,TSEC,69.88124084472656,69.97493743896484,70.01213073730469,70.00879669189453,69.90769958496094
M7_YHUR_SLUR,7,HUR,LUR,2025-03-11,2025-03-11,1,Yd,1159.980224609375,1056.82470703125,1054.291259765625,1062.601318359375,1053.50634765625
M7_YHUR_SLUR,7,HUR,LUR,2025-03-11,2025-03-11,1,TSE,1055.7054443359375,1050.0018310546875,1049.005615234375,1050.384521484375,1049.5965576171875
M7_YHUR_SLUR,7,HUR,LUR,2025-03-11,2025-03-11,1,TSEC,69.96210479736328,69.97520446777344,69.95952606201172,69.9710693359375,69.93156433105469
M7_YHUR_SLUR,7,HUR,LUR,2025-03-11,2025-03-12,2,Yd,1027.2723388671875,1056.82470703125,1046.080322265625,1054.9141845703125,1048.99951171875
M7_YHUR_SLUR,7,HUR,LUR,2025-03-11,2025-03-12,2,TSE,1058.122802734375,1050.0018310546875,1050.4228515625,1049.6553955078125,1049.3150634765625
M7_YHUR_SLUR,7,HUR,LUR,2025-03-11,2025-03-12,2,TSEC,69.88124084472656,69.97520446777344,69.96260833740234,70.04554748535156,69.89679718017578
M7_YHUR_SLUR,7,HUR,LUR,2025-03-11,2025-03-13,3,Yd,1146.256591796875,1056.82470703125,1052.1734619140625,1056.9290771484375,1045.428466796875
M7_YHUR_SLUR,7,HUR,LUR,2025-03-11,2025-03-13,3,TSE,1045.3385009765625,1050.0018310546875,1052.3826904296875,1050.024658203125,1049.3865966796875
M7_YHUR_SLUR,7,HUR,LUR,2025-03-11,2025-03-13,3,TSEC,71.02041625976562,69.97520446777344,69.90885162353516,69.97269439697266,69.88068389892578
M7_YHUR_SLUR,7,HUR,LUR,2025-03-12,2025-03-12,1,Yd,1027.2723388671875,1056.95361328125,1039.8712158203125,1061.1363525390625,1054.0374755859375
M7_YHUR_SLUR,7,HUR,LUR,2025-03-12,2025-03-12,1,TSE,1058.122802734375,1050.009033203125,1051.188720703125,1049.05517578125,1049.5606689453125
M7_YHUR_SLUR,7,HUR,LUR,2025-03-12,2025-03-12,1,TSEC,69.88124084472656,69.97518920898438,70.0173110961914,69.98985290527344,69.9330062866211
M7_YHUR_SLUR,7,HUR,LUR,2025-03-12,2025-03-13,2,Yd,1146.256591796875,1056.95361328125,1058.461181640625,1059.94384765625,1051.3258056640625
M7_YHUR_SLUR,7,HUR,LUR,2025-03-12,2025-03-13,2,TSE,1045.3385009765625,1050.009033203125,1048.634521484375,1049.3270263671875,1049.6903076171875
M7_YHUR_SLUR,7,HUR,LUR,2025-03-12,2025-03-13,2,TSEC,71.02041625976562,69.97518920898438,69.97716522216797,69.98426818847656,69.91560363769531
M7_YHUR_SLUR,7,HUR,LUR,2025-03-12,2025-03-14,3,Yd,989.5369262695312,1056.95361328125,1048.4176025390625,1057.312255859375,1051.763427734375
M7_YHUR_SLUR,7,HUR,LUR,2025-03-12,2025-03-14,3,TSE,1071.2952880859375,1050.009033203125,1051.5159912109375,1049.330810546875,1050.248046875
M7_YHUR_SLUR,7,HUR,LUR,2025-03-12,2025-03-14,3,TSEC,70.11215209960938,69.97518920898438,69.89674377441406,69.97614288330078,69.93336486816406
M7_YHUR_SLUR,7,HUR,LUR,2025-03-13,2025-03-13,1,Yd,1146.256591796875,1056.91650390625,1054.537353515625,1060.20166015625,1055.49462890625
M7_YHUR_SLUR,7,HUR,LUR,2025-03-13,2025-03-13,1,TSE,1045.3385009765625,1050.0191650390625,1049.5281982421875,1050.39501953125,1049.948974609375
M7_YHUR_SLUR,7,HUR,LUR,2025-03-13,2025-03-13,1,TSEC,71.02041625976562,69.97506713867188,69.97868347167969,69.96831512451172,69.94595336914062
M7_YHUR_SLUR,7,HUR,LUR,2025-03-13,2025-03-14,2,Yd,989.5369262695312,1056.91650390625,1061.192138671875,1063.3599853515625,1056.0877685546875
M7_YHUR_SLUR,7,HUR,LUR,2025-03-13,2025-03-14,2,TSE,1071.2952880859375,1050.0191650390625,1051.0264892578125,1049.3150634765625,1050.4815673828125
M7_YHUR_SLUR,7,HUR,LUR,2025-03-13,2025-03-14,2,TSEC,70.11215209960938,69.97506713867188,69.90045928955078,70.00667572021484,69.95603942871094
M7_YHUR_SLUR,7,HUR,LUR,2025-03-13,2025-03-15,3,Yd,1088.22509765625,1056.91650390625,1035.6153564453125,1054.2115478515625,1057.5726318359375
M7_YHUR_SLUR,7,HUR,LUR,2025-03-13,2025-03-15,3,TSE,1058.04931640625,1050.0191650390625,1050.01318359375,1048.4290771484375,1051.0845947265625
M7_YHUR_SLUR,7,HUR,LUR,2025-03-13,2025-03-15,3,TSEC,70.9351577758789,69.97506713867188,70.03632354736328,69.95926666259766,69.99897766113281
M7_YHUR_SLUR,7,HUR,LUR,2025-03-14,2025-03-14,1,Yd,989.5369262695312,1057.02783203125,1048.9722900390625,1063.3984375,1057.310791015625
M7_YHUR_SLUR,7,HUR,LUR,2025-03-14,2025-03-14,1,TSE,1071.2952880859375,1050.0133056640625,1051.4228515625,1050.5599365234375,1050.4857177734375
M7_YHUR_SLUR,7,HUR,LUR,2025-03-14,2025-03-14,1,TSEC,70.11215209960938,69.97637176513672,70.06292724609375,70.01374816894531,69.98941802978516
M7_YHUR_SLUR,7,HUR,LUR,2025-03-14,2025-03-15,2,Yd,1088.22509765625,1057.02783203125,1050.3411865234375,1057.0950927734375,1058.0848388671875
M7_YHUR_SLUR,7,HUR,LUR,2025-03-14,2025-03-15,2,TSE,1058.04931640625,1050.0133056640625,1050.127197265625,1049.9951171875,1051.2757568359375
M7_YHUR_SLUR,7,HUR,LUR,2025-03-14,2025-03-15,2,TSEC,70.9351577758789,69.97637176513672,69.6868896484375,70.03338623046875,70.03846740722656
M7_YHUR_SLUR,7,HUR,LUR,2025-03-14,2025-03-16,3,Yd,1048.9207763671875,1057.02783203125,1045.0731201171875,1071.8045654296875,1057.6011962890625
M7_YHUR_SLUR,7,HUR,LUR,2025-03-14,2025-03-16,3,TSE,1048.578369140625,1050.0133056640625,1051.0321044921875,1048.9190673828125,1051.572509765625
M7_YHUR_SLUR,7,HUR,LUR,2025-03-14,2025-03-16,3,TSEC,69.00265502929688,69.97637176513672,70.28366088867188,70.02230834960938,70.07087707519531
M7_YHUR_SLUR,7,HUR,LUR,2025-03-15,2025-03-15,1,Yd,1088.22509765625,1056.94384765625,1044.17138671875,1063.217041015625,1058.0909423828125
M7_YHUR_SLUR,7,HUR,LUR,2025-03-15,2025-03-15,1,TSE,1058.04931640625,1050.039794921875,1050.0150146484375,1050.4354248046875,1050.5113525390625
M7_YHUR_SLUR,7,HUR,LUR,2025-03-15,2025-03-15,1,TSEC,70.9351577758789,69.9765396118164,69.90428924560547,70.0064468383789,70.00215911865234
M7_YHUR_SLUR,7,HUR,LUR,2025-03-15,2025-03-16,2,Yd,1048.9207763671875,1056.94384765625,1044.315185546875,1060.7581787109375,1056.7591552734375
M7_YHUR_SLUR,7,HUR,LUR,2025-03-15,2025-03-16,2,TSE,1048.578369140625,1050.039794921875,1052.056396484375,1049.6678466796875,1050.7816162109375
M7_YHUR_SLUR,7,HUR,LUR,2025-03-15,2025-03-16,2,TSEC,69.00265502929688,69.9765396118164,69.99974060058594,69.98584747314453,70.01719665527344
M7_YHUR_SLUR,7,HUR,LUR,2025-03-15,2025-03-17,3,Yd,1030.4031982421875,1056.94384765625,1057.5361328125,1061.383544921875,1053.0823974609375
M7_YHUR_SLUR,7,HUR,LUR,2025-03-15,2025-03-17,3,TSE,1050.147705078125,1050.039794921875,1050.69921875,1050.1539306640625,1050.3848876953125
M7_YHUR_SLUR,7,HUR,LUR,2025-03-15,2025-03-17,3,TSEC,69.76495361328125,69.9765396118164,69.92830657958984,69.9984130859375,69.98284149169922
M7_YHUR_SLUR,7,HUR,LUR,2025-03-16,2025-03-16,1,Yd,1048.9207763671875,1056.9827880859375,1042.1937255859375,1073.45703125,1056.564208984375
M7_YHUR_SLUR,7,HUR,LUR,2025-03-16,2025-03-16,1,TSE,1048.578369140625,1050.0496826171875,1052.5611572265625,1051.048583984375,1050.1898193359375
M7_YHUR_SLUR,7,HUR,LUR,2025-03-16,2025-03-16,1,TSEC,69.00265502929688,69.97772979736328,70.26649475097656,70.0237045288086,69.98660278320312
M7_YHUR_SLUR,7,HUR,LUR,2025-03-16,2025-03-17,2,Yd,1030.4031982421875,1056.9827880859375,1051.962158203125,1062.3682861328125,1053.6904296875
M7_YHUR_SLUR,7,HUR,LUR,2025-03-16,2025-03-17,2,TSE,1050.147705078125,1050.0496826171875,1049.9591064453125,1049.72119140625,1049.9437255859375
M7_YHUR_SLUR,7,HUR,LUR,2025-03-16,2025-03-17,2,TSEC,69.76495361328125,69.97772979736328,70.10411834716797,69.9917221069336,69.96234893798828
M7_YHUR_SLUR,7,HUR,LUR,2025-03-16,2025-03-18,3,Yd,998.0159912109375,1056.9827880859375,1049.2119140625,1067.00634765625,1052.2908935546875
M7_YHUR_SLUR,7,HUR,LUR,2025-03-16,2025-03-18,3,TSE,1044.682861328125,1050.0496826171875,1051.2476806640625,1049.6651611328125,1049.572998046875
M7_YHUR_SLUR,7,HUR,LUR,2025-03-16,2025-03-18,3,TSEC,70.05119323730469,69.97772979736328,70.07506561279297,70.00920104980469,69.93132781982422
M7_YHUR_SLUR,7,HUR,LUR,2025-03-17,2025-03-17,1,Yd,1030.4031982421875,1056.97265625,1045.09814453125,1055.255126953125,1054.4576416015625
M7_YHUR_SLUR,7,HUR,LUR,2025-03-17,2025-03-17,1,TSE,1050.147705078125,1050.0479736328125,1054.1361083984375,1050.2392578125,1049.7021484375
M7_YHUR_SLUR,7,HUR,LUR,2025-03-17,2025-03-17,1,TSEC,69.76495361328125,69.97651672363281,69.92981719970703,70.00199890136719,69.94775390625
M7_YHUR_SLUR,7,HUR,LUR,2025-03-17,2025-03-18,2,Yd,998.0159912109375,1056.97265625,1052.34326171875,1059.390380859375,1053.1199951171875
M7_YHUR_SLUR,7,HUR,LUR,2025-03-17,2025-03-18,2,TSE,1044.682861328125,1050.0479736328125,1055.18115234375,1049.6744384765625,1049.3416748046875
M7_YHUR_SLUR,7,HUR,LUR,2025-03-17,2025-03-18,2,TSEC,70.05119323730469,69.97651672363281,69.98477172851562,69.98272705078125,69.91780090332031
M7_YHUR_SLUR,7,HUR,LUR,2025-03-17,2025-03-19,3,Yd,1020.5706176757812,1056.97265625,1048.33447265625,1059.390380859375,1048.654296875
M7_YHUR_SLUR,7,HUR,LUR,2025-03-17,2025-03-19,3,TSE,1074.3741455078125,1050.0479736328125,1051.68408203125,1049.6744384765625,1048.7841796875
M7_YHUR_SLUR,7,HUR,LUR,2025-03-17,2025-03-19,3,TSEC,70.79505920410156,69.97651672363281,69.93169403076172,69.98272705078125,69.89356231689453
M7_YHUR_SLUR,7,HUR,LUR,2025-03-18,2025-03-18,1,Yd,998.0159912109375,1056.9398193359375,1052.669921875,1061.43408203125,1054.329345703125
M7_YHUR_SLUR,7,HUR,LUR,2025-03-18,2025-03-18,1,TSE,1044.682861328125,1050.0479736328125,1052.630126953125,1050.1668701171875,1049.4619140625
M7_YHUR_SLUR,7,HUR,LUR,2025-03-18,2025-03-18,1,TSEC,70.05119323730469,69.97625732421875,69.9629135131836,69.99148559570312,69.92953491210938
M7_YHUR_SLUR,7,HUR,LUR,2025-03-18,2025-03-19,2,Yd,1020.5706176757812,1056.9398193359375,1048.1490478515625,1059.487548828125,1050.0958251953125
M7_YHUR_SLUR,7,HUR,LUR,2025-03-18,2025-03-19,2,TSE,1074.3741455078125,1050.0479736328125,1050.8497314453125,1049.7598876953125,1048.91357421875
M7_YHUR_SLUR,7,HUR,LUR,2025-03-18,2025-03-19,2,TSEC,70.79505920410156,69.97625732421875,69.98319244384766,69.98490142822266,69.89788818359375
M7_YHUR_SLUR,7,HUR,LUR,2025-03-18,2025-03-20,3,Yd,1051.348388671875,1056.9398193359375,1052.4635009765625,1059.390380859375,1046.7288818359375
M7_YHUR_SLUR,7,HUR,LUR,2025-03-18,2025-03-20,3,TSE,1042.402587890625,1050.0479736328125,1049.537109375,1049.6744384765625,1048.8623046875
M7_YHUR_SLUR,7,HUR,LUR,2025-03-18,2025-03-20,3,TSEC,69.49671936035156,69.97625732421875,69.9012680053711,69.98272705078125,69.87683868408203
M7_YHUR_SLUR,7,HUR,LUR,2025-03-19,2025-03-19,1,Yd,1020.5706176757812,1056.8668212890625,1063.1217041015625,1069.5277099609375,1053.0511474609375
M7_YHUR_SLUR,7,HUR,LUR,2025-03-19,2025-03-19,1,TSE,1074.3741455078125,1050.0413818359375,1049.9163818359375,1049.801025390625,1049.455078125
M7_YHUR_SLUR,7,HUR,LUR,2025-03-19,2025-03-19,1,TSEC,70.79505920410156,69.97634887695312,69.91343688964844,69.94023132324219,69.93018341064453
M7_YHUR_SLUR,7,HUR,LUR,2025-03-19,2025-03-20,2,Yd,1051.348388671875,1056.8668212890625,1044.741943359375,1060.18310546875,1049.483154296875
M7_YHUR_SLUR,7,HUR,LUR,2025-03-19,2025-03-20,2,TSE,1042.402587890625,1050.0413818359375,1052.4271240234375,1049.726318359375,1049.4710693359375
M7_YHUR_SLUR,7,HUR,LUR,2025-03-19,2025-03-20,2,TSEC,69.49671936035156,69.97634887695312,70.05304718017578,69.99359893798828,69.91282653808594
M7_YHUR_SLUR,7,HUR,LUR,2025-03-19,2025-03-21,3,Yd,1165.029052734375,1056.8668212890625,1066.52099609375,1057.5826416015625,1049.71240234375
M7_YHUR_SLUR,7,HUR,LUR,2025-03-19,2025-03-21,3,TSE,1054.4549560546875,1050.0413818359375,1051.73095703125,1048.7879638671875,1050.025390625
M7_YHUR_SLUR,7,HUR,LUR,2025-03-19,2025-03-21,3,TSEC,69.95706176757812,69.97634887695312,69.96844482421875,70.01045989990234,69.93467712402344
M7_YHUR_SLUR,7,HUR,LUR,2025-03-20,2025-03-20,1,Yd,1051.348388671875,1056.822021484375,1051.8814697265625,1059.9620361328125,1054.4576416015625
M7_YHUR_SLUR,7,HUR,LUR,2025-03-20,2025-03-20,1,TSE,1042.402587890625,1050.0714111328125,1049.301513671875,1049.4736328125,1049.7969970703125
M7_YHUR_SLUR,7,HUR,LUR,2025-03-20,2025-03-20,1,TSEC,69.49671936035156,69.97736358642578,69.97227478027344,69.96479797363281,69.92828369140625
M7_YHUR_SLUR,7,HUR,LUR,2025-03-20,2025-03-21,2,Yd,1165.029052734375,1056.822021484375,1049.022705078125,1063.265625,1054.5615234375
M7_YHUR_SLUR,7,HUR,LUR,2025-03-20,2025-03-21,2,TSE,1054.4549560546875,1050.0714111328125,1051.3878173828125,1049.5999755859375,1050.235595703125
M7_YHUR_SLUR,7,HUR,LUR,2025-03-20,2025-03-21,2,TSEC,69.95706176757812,69.97736358642578,69.95113372802734,70.02111053466797,69.92664337158203
M7_YHUR_SLUR,7,HUR,LUR,2025-03-20,2025-03-22,3,Yd,990.8862915039062,1056.822021484375,1048.482421875,1061.65576171875,1055.4052734375
M7_YHUR_SLUR,7,HUR,LUR,2025-03-20,2025-03-22,3,TSE,1054.52978515625,1050.0714111328125,1050.236328125,1048.450927734375,1050.7205810546875
M7_YHUR_SLUR,7,HUR,LUR,2025-03-20,2025-03-22,3,TSEC,70.82078552246094,69.97736358642578,69.97312927246094,70.02677917480469,69.95140075683594
M7_YHUR_SLUR,7,HUR,LUR,2025-03-21,2025-03-21,1,Yd,1165.029052734375,1056.8153076171875,1052.1632080078125,1071.2340087890625,1057.1744384765625
M7_YHUR_SLUR,7,HUR,LUR,2025-03-21,2025-03-21,1,TSE,1054.4549560546875,1050.06201171875,1051.3544921875,1050.2803955078125,1050.3052978515625
M7_YHUR_SLUR,7,HUR,LUR,2025-03-21,2025-03-21,1,TSEC,69.95706176757812,69.97676849365234,69.92426300048828,70.02494049072266,69.98146057128906
M7_YHUR_SLUR,7,HUR,LUR,2025-03-21,2025-03-22,2,Yd,990.8862915039062,1056.8153076171875,1046.8197021484375,1070.49462890625,1058.661865234375
M7_YHUR_SLUR,7,HUR,LUR,2025-03-21,2025-03-22,2,TSE,1054.52978515625,1050.06201171875,1049.9635009765625,1049.6304931640625,1050.943115234375
M7_YHUR_SLUR,7,HUR,LUR,2025-03-21,2025-03-22,2,TSEC,70.82078552246094,69.97676849365234,69.85686492919922,70.0084228515625,70.03218841552734
M7_YHUR_SLUR,7,HUR,LUR,2025-03-21,2025-03-23,3,Yd,1027.865234375,1056.8153076171875,1047.6090087890625,1072.7442626953125,1056.5015869140625
M7_YHUR_SLUR,7,HUR,LUR,2025-03-21,2025-03-23,3,TSE,1054.5572509765625,1050.06201171875,1050.9891357421875,1050.3369140625,1051.1612548828125
M7_YHUR_SLUR,7,HUR,LUR,2025-03-21,2025-03-23,3,TSEC,70.89629364013672,69.97676849365234,70.17152404785156,70.03268432617188,70.04756164550781
M7_YHUR_SLUR,7,HUR,LUR,2025-03-22,2025-03-22,1,Yd,990.8862915039062,1056.94873046875,1047.932861328125,1062.63671875,1058.7615966796875
M7_YHUR_SLUR,7,HUR,LUR,2025-03-22,2025-03-22,1,TSE,1054.52978515625,1050.0673828125,1050.0809326171875,1049.69287109375,1050.4837646484375
M7_YHUR_SLUR,7,HUR,LUR,2025-03-22,2025-03-22,1,TSEC,70.82078552246094,69.97674560546875,70.11714172363281,69.96135711669922,70.02415466308594
M7_YHUR_SLUR,7,HUR,LUR,2025-03-22,2025-03-23,2,Yd,1027.865234375,1056.94873046875,1049.8828125,1065.9261474609375,1058.224365234375
M7_YHUR_SLUR,7,HUR,LUR,2025-03-22,2025-03-23,2,TSE,1054.5572509765625,1050.0673828125,1051.2791748046875,1049.091796875,1050.72900390625
M7_YHUR_SLUR,7,HUR,LUR,2025-03-22,2025-03-23,2,TSEC,70.89629364013672,69.97674560546875,69.96501922607422,69.93134307861328,70.05326843261719
M7_YHUR_SLUR,7,HUR,LUR,2025-03-22,2025-03-24,3,Yd,1208.7554931640625,1056.94873046875,1045.8994140625,1062.876953125,1055.3873291015625
M7_YHUR_SLUR,7,HUR,LUR,2025-03-22,2025-03-24,3,TSE,1035.4129638671875,1050.0673828125,1050.6229248046875,1049.5111083984375,1050.4456787109375
M7_YHUR_SLUR,7,HUR,LUR,2025-03-22,2025-03-24,3,TSEC,70.82635498046875,69.97674560546875,70.15912628173828,69.96621704101562,70.01480102539062
M7_YHUR_SLUR,7,HUR,LUR,2025-03-23,2025-03-23,1,Yd,1027.865234375,1056.867431640625,1055.63720703125,1076.0919189453125,1056.2603759765625
M7_YHUR_SLUR,7,HUR,LUR,2025-03-23,2025-03-23,1,TSE,1054.5572509765625,1050.0728759765625,1051.5391845703125,1051.39697265625,1050.2459716796875
M7_YHUR_SLUR,7,HUR,LUR,2025-03-23,2025-03-23,1,TSEC,70.89629364013672,69.977783203125,69.89022064208984,70.00353240966797,69.99163818359375
M7_YHUR_SLUR,7,HUR,LUR,2025-03-23,2025-03-24,2,Yd,1208.7554931640625,1056.867431640625,1041.391357421875,1060.7056884765625,1053.906005859375
M7_YHUR_SLUR,7,HUR,LUR,2025-03-23,2025-03-24,2,TSE,1035.4129638671875,1050.0728759765625,1051.314453125,1049.8609619140625,1050.04248046875
M7_YHUR_SLUR,7,HUR,LUR,2025-03-23,2025-03-24,2,TSEC,70.82635498046875,69.977783203125,69.88245391845703,70.0130386352539,69.96863555908203
M7_YHUR_SLUR,7,HUR,LUR,2025-03-23,2025-03-25,3,Yd,1196.89599609375,1056.867431640625,1052.642578125,1065.2813720703125,1053.0234375
M7_YHUR_SLUR,7,HUR,LUR,2025-03-23,2025-03-25,3,TSE,1045.3011474609375,1050.0728759765625,1052.2091064453125,1049.859130859375,1049.57958984375
M7_YHUR_SLUR,7,HUR,LUR,2025-03-23,2025-03-25,3,TSEC,69.44038391113281,69.977783203125,70.00113677978516,70.01737976074219,69.93719482421875
M7_YHUR_SLUR,7,HUR,LUR,2025-03-24,2025-03-24,1,Yd,1208.7554931640625,1056.8316650390625,1044.374267578125,1066.0797119140625,1054.3267822265625
M7_YHUR_SLUR,7,HUR,LUR,2025-03-24,2025-03-24,1,TSE,1035.4129638671875,1050.078369140625,1051.7186279296875,1050.802734375,1049.7481689453125
M7_YHUR_SLUR,7,HUR,LUR,2025-03-24,2025-03-24,1,TSEC,70.82635498046875,69.97891235351562,69.94132232666016,70.02256774902344,69.94908142089844
M7_YHUR_SLUR,7,HUR,LUR,2025-03-24,2025-03-25,2,Yd,1196.89599609375,1056.8316650390625,1050.419677734375,1059.775146484375,1052.28076171875
M7_YHUR_SLUR,7,HUR,LUR,2025-03-24,2025-03-25,2,TSE,1045.3011474609375,1050.078369140625,1053.2734375,1050.0126953125,1049.424072265625
M7_YHUR_SLUR,7,HUR,LUR,2025-03-24,2025-03-25,2,TSEC,69.44038391113281,69.97891235351562,69.89683532714844,69.99134826660156,69.9262924194336
M7_YHUR_SLUR,7,HUR,LUR,2025-03-24,2025-03-26,3,Yd,1253.2021484375,1056.8316650390625,1046.92578125,1059.4176025390625,1047.0762939453125
M7_YHUR_SLUR,7,HUR,LUR,2025-03-24,2025-03-26,3,TSE,1052.1708984375,1050.078369140625,1051.0284423828125,1049.6983642578125,1048.9403076171875
M7_YHUR_SLUR,7,HUR,LUR,2025-03-24,2025-03-26,3,TSEC,69.83126831054688,69.97891235351562,69.99391174316406,69.98333740234375,69.89447021484375
M7_YHUR_SLUR,7,HUR,LUR,2025-03-25,2025-03-25,1,Yd,1196.89599609375,1057.018310546875,1042.3887939453125,1059.6534423828125,1055.2027587890625
M7_YHUR_SLUR,7,HUR,LUR,2025-03-25,2025-03-25,1,TSE,1045.3011474609375,1050.060302734375,1052.73974609375,1049.985595703125,1049.7110595703125
M7_YHUR_SLUR,7,HUR,LUR,2025-03-25,2025-03-25,1,TSEC,69.44038391113281,69.9799575805664,69.88357543945312,69.98571014404297,69.95211791992188
M7_YHUR_SLUR,7,HUR,LUR,2025-03-25,2025-03-26,2,Yd,1253.2021484375,1057.018310546875,1054.8734130859375,1059.390380859375,1050.0377197265625
M7_YHUR_SLUR,7,HUR,LUR,2025-03-25,2025-03-26,2,TSE,1052.1708984375,1050.060302734375,1049.6480712890625,1049.6744384765625,1049.3902587890625
M7_YHUR_SLUR,7,HUR,LUR,2025-03-25,2025-03-26,2,TSEC,69.83126831054688,69.9799575805664,69.98885345458984,69.98272705078125,69.935302734375
M7_YHUR_SLUR,7,HUR,LUR,2025-03-25,2025-03-27,3,Yd,975.2615966796875,1057.018310546875,1047.7587890625,1061.2095947265625,1044.6851806640625
M7_YHUR_SLUR,7,HUR,LUR,2025-03-25,2025-03-27,3,TSE,1063.9930419921875,1050.060302734375,1052.2119140625,1049.686279296875,1049.371826171875
M7_YHUR_SLUR,7,HUR,LUR,2025-03-25,2025-03-27,3,TSEC,70.07935333251953,69.9799575805664,69.96651458740234,69.95858764648438,69.92291259765625
M7_YHUR_SLUR,7,HUR,LUR,2025-03-26,2025-03-26,1,Yd,1253.2021484375,1057.18994140625,1048.455810546875,1059.46923828125,1054.31787109375
M7_YHUR_SLUR,7,HUR,LUR,2025-03-26,2025-03-26,1,TSE,1052.1708984375,1050.0545654296875,1049.9931640625,1049.68994140625,1049.693359375
M7_YHUR_SLUR,7,HUR,LUR,2025-03-26,2025-03-26,1,TSEC,69.83126831054688,69.97929382324219,69.96134948730469,69.98328399658203,69.95531463623047
M7_YHUR_SLUR,7,HUR,LUR,2025-03-26,2025-03-27,2,Yd,975.2615966796875,1057.18994140625,1052.9617919921875,1061.7398681640625,1051.44140625
M7_YHUR_SLUR,7,HUR,LUR,2025-03-26,2025-03-27,2,TSE,1063.9930419921875,1050.0545654296875,1048.9486083984375,1049.689697265625,1049.848876953125
M7_YHUR_SLUR,7,HUR,LUR,2025-03-26,2025-03-27,2,TSEC,70.07935333251953,69.97929382324219,69.94249725341797,69.95154571533203,69.9638671875
M7_YHUR_SLUR,7,HUR,LUR,2025-03-26,2025-03-28,3,Yd,951.5930786132812,1057.18994140625,1052.1788330078125,1063.9896240234375,1050.765869140625
M7_YHUR_SLUR,7,HUR,LUR,2025-03-26,2025-03-28,3,TSE,1035.582763671875,1050.0545654296875,1050.818359375,1049.6595458984375,1050.505126953125
M7_YHUR_SLUR,7,HUR,LUR,2025-03-26,2025-03-28,3,TSEC,70.07730865478516,69.97929382324219,69.95856475830078,69.9079818725586,70.00176239013672
M7_YHUR_SLUR,7,HUR,LUR,2025-03-27,2025-03-27,1,Yd,975.2615966796875,1057.43017578125,1040.7620849609375,1064.592529296875,1056.831298828125
M7_YHUR_SLUR,7,HUR,LUR,2025-03-27,2025-03-27,1,TSE,1063.9930419921875,1050.05712890625,1050.01220703125,1049.85107421875,1050.122314453125
M7_YHUR_SLUR,7,HUR,LUR,2025-03-27,2025-03-27,1,TSEC,70.07935333251953,69.97911071777344,69.94328308105469,69.97633361816406,69.98583984375
M7_YHUR_SLUR,7,HUR,LUR,2025-03-27,2025-03-28,2,Yd,951.5930786132812,1057.43017578125,1052.245361328125,1051.8890380859375,1058.09326171875
M7_YHUR_SLUR,7,HUR,LUR,2025-03-27,2025-03-28,2,TSE,1035.582763671875,1050.05712890625,1050.8489990234375,1049.6361083984375,1050.7486572265625
M7_YHUR_SLUR,7,HUR,LUR,2025-03-27,2025-03-28,2,TSEC,70.07730865478516,69.97911071777344,69.9430160522461,70.07133483886719,70.04033660888672
M7_YHUR_SLUR,7,HUR,LUR,2025-03-27,2025-03-29,3,Yd,1058.7349853515625,1057.43017578125,1062.7685546875,1037.968017578125,1060.729736328125
M7_YHUR_SLUR,7,HUR,LUR,2025-03-27,2025-03-29,3,TSE,1040.1605224609375,1050.05712890625,1051.163330078125,1049.5606689453125,1051.4920654296875
M7_YHUR_SLUR,7,HUR,LUR,2025-03-27,2025-03-29,3,TSEC,70.69829559326172,69.97911071777344,69.93321228027344,70.1248779296875,70.11075592041016
M7_YHUR_SLUR,7,HUR,LUR,2025-03-28,2025-03-28,1,Yd,951.5930786132812,1057.32958984375,1090.208740234375,1064.10009765625,1058.050537109375
M7_YHUR_SLUR,7,HUR,LUR,2025-03-28,2025-03-28,1,TSE,1035.582763671875,1050.07421875,1050.377197265625,1050.6163330078125,1050.368408203125
M7_YHUR_SLUR,7,HUR,LUR,2025-03-28,2025-03-28,1,TSEC,70.07730865478516,69.97923278808594,69.8751220703125,70.0176773071289,70.0096435546875
M7_YHUR_SLUR,7,HUR,LUR,2025-03-28,2025-03-29,2,Yd,1058.7349853515625,1057.32958984375,1034.888916015625,1069.873291015625,1060.0675048828125
M7_YHUR_SLUR,7,HUR,LUR,2025-03-28,2025-03-29,2,TSE,1040.1605224609375,1050.07421875,1051.6646728515625,1049.6409912109375,1051.0860595703125
M7_YHUR_SLUR,7,HUR,LUR,2025-03-28,2025-03-29,2,TSEC,70.69829559326172,69.97923278808594,69.84217834472656,70.05067443847656,70.07763671875
M7_YHUR_SLUR,7,HUR,LUR,2025-03-28,2025-03-30,3,Yd,817.3156127929688,1057.32958984375,1065.0506591796875,1057.2093505859375,1060.3944091796875
M7_YHUR_SLUR,7,HUR,LUR,2025-03-28,2025-03-30,3,TSE,1066.646728515625,1050.07421875,1050.3319091796875,1049.2218017578125,1051.332275390625
M7_YHUR_SLUR,7,HUR,LUR,2025-03-28,2025-03-30,3,TSEC,71.01007843017578,69.97923278808594,70.05641174316406,70.06709289550781,70.10908508300781
M7_YHUR_SLUR,7,HUR,LUR,2025-03-29,2025-03-29,1,Yd,1058.7349853515625,1057.2003173828125,1049.2877197265625,1069.6624755859375,1058.11767578125
M7_YHUR_SLUR,7,HUR,LUR,2025-03-29,2025-03-29,1,TSE,1040.1605224609375,1050.0565185546875,1052.520263671875,1050.00927734375,1050.8050537109375
M7_YHUR_SLUR,7,HUR,LUR,2025-03-29,2025-03-29,1,TSEC,70.69829559326172,69.97935485839844,69.93226623535156,70.02970886230469,70.04684448242188
M7_YHUR_SLUR,7,HUR,LUR,2025-03-29,2025-03-30,2,Yd,817.3156127929688,1057.2003173828125,1049.0167236328125,1068.2515869140625,1057.4398193359375
M7_YHUR_SLUR,7,HUR,LUR,2025-03-29,2025-03-30,2,TSE,1066.646728515625,1050.0565185546875,1049.9747314453125,1049.7115478515625,1051.2857666015625
M7_YHUR_SLUR,7,HUR,LUR,2025-03-29,2025-03-30,2,TSEC,71.01007843017578,69.97935485839844,69.99871826171875,70.01022338867188,70.0879898071289
M7_YHUR_SLUR,7,HUR,LUR,2025-03-29,2025-03-31,3,Yd,1036.6513671875,1057.2003173828125,1050.6339111328125,1067.9178466796875,1056.38232421875
M7_YHUR_SLUR,7,HUR,LUR,2025-03-29,2025-03-31,3,TSE,1041.5504150390625,1050.0565185546875,1052.7999267578125,1050.3681640625,1051.2642822265625
M7_YHUR_SLUR,7,HUR,LUR,2025-03-29,2025-03-31,3,TSEC,70.66790008544922,69.97935485839844,69.95759582519531,70.02405548095703,70.06123352050781
M7_YHUR_SLUR,7,HUR,LUR,2025-03-30,2025-03-30,1,Yd,817.3156127929688,1057.2022705078125,1049.0115966796875,1062.8280029296875,1057.31494140625
M7_YHUR_SLUR,7,HUR,LUR,2025-03-30,2025-03-30,1,TSE,1066.646728515625,1050.04443359375,1050.0999755859375,1050.389404296875,1050.6878662109375
M7_YHUR_SLUR,7,HUR,LUR,2025-03-30,2025-03-30,1,TSEC,71.01007843017578,69.98023223876953,69.9875717163086,70.019775390625,70.02531433105469
M7_YHUR_SLUR,7,HUR,LUR,2025-03-30,2025-03-31,2,Yd,1036.6513671875,1057.2022705078125,1050.8326416015625,1056.7294921875,1057.2613525390625
M7_YHUR_SLUR,7,HUR,LUR,2025-03-30,2025-03-31,2,TSE,1041.5504150390625,1050.04443359375,1051.4886474609375,1049.794921875,1050.927490234375
M7_YHUR_SLUR,7,HUR,LUR,2025-03-30,2025-03-31,2,TSEC,70.66790008544922,69.98023223876953,69.94750213623047,70.00216674804688,70.02393341064453
M7_YHUR_SLUR,7,HUR,LUR,2025-03-30,2025-04-01,3,Yd,1015.3400268554688,1057.2022705078125,1052.6917724609375,1059.0809326171875,1056.797607421875
M7_YHUR_SLUR,7,HUR,LUR,2025-03-30,2025-04-01,3,TSE,1034.1044921875,1050.04443359375,1050.94091796875,1049.5159912109375,1050.64453125
M7_YHUR_SLUR,7,HUR,LUR,2025-03-30,2025-04-01,3,TSEC,70.7591781616211,69.98023223876953,69.96694946289062,69.99497985839844,69.99817657470703
