case_id,M,yd_level,solar_level,origin_date,target_date,step,variable,true,MEAN,ARIMA,RNN,LSTM
M7_YLUR_SHUR,7,LUR,HUR,2024-12-31,2024-12-31,1,Yd,1046.814453125,1050.1724853515625,1049.9808349609375,1050.2080078125,1049.5257568359375
M7_YLUR_SHUR,7,LUR,HUR,2024-12-31,2024-12-31,1,TSE,1095.777587890625,1044.0067138671875,1054.113037109375,1065.22021484375,1041.45458984375
M7_YLUR_SHUR,7,LUR,HUR,2024-12-31,2024-12-31,1,TSEC,66.00648498535156,69.7147445678711,70.4765853881836,69.10746002197266,69.73001861572266
M7_YLUR_SHUR,7,LUR,HUR,2024-12-31,2025-01-01,2,Yd,1041.6971435546875,1050.1724853515625,1050.934326171875,1049.820068359375,1049.416015625
M7_YLUR_SHUR,7,LUR,HUR,2024-12-31,2025-01-01,2,TSE,1034.196044921875,1044.0067138671875,1060.656005859375,1055.5069580078125,1040.5753173828125
M7_YLUR_SHUR,7,LUR,HUR,2024-12-31,2025-01-01,2,TSEC,67.3827133178711,69.7147445678711,69.20271301269531,70.40925598144531,69.88372039794922
M7_YLUR_SHUR,7,LUR,HUR,2024-12-31,2025-01-02,3,Yd,1046.64892578125,1050.1724853515625,1050.1944580078125,1051.3843994140625,1049.4630126953125
M7_YLUR_SHUR,7,LUR,HUR,2024-12-31,2025-01-02,3,TSE,1041.1837158203125,1044.0067138671875,1056.9556884765625,1072.589599609375,1038.4188232421875
M7_YLUR_SHUR,7,LUR,HUR,2024-12-31,2025-01-02,3,TSEC,71.06298828125,69.7147445678711,69.67884826660156,70.10599517822266,70.0368423461914
M7_YLUR_SHUR,7,LUR,HUR,2025-01-01,2025-01-01,1,Yd,1041.6971435546875,1050.16796875,1049.115234375,1049.0296630859375,1049.6561279296875
M7_YLUR_SHUR,7,LUR,HUR,2025-01-01,2025-01-01,1,TSE,1034.196044921875,1044.0775146484375,1070.0477294921875,1046.8775634765625,1041.838134765625
M7_YLUR_SHUR,7,LUR,HUR,2025-01-01,2025-01-01,1,TSEC,67.3827133178711,69.70967102050781,68.95195770263672,68.85934448242188,69.83578491210938
M7_YLUR_SHUR,7,LUR,HUR,2025-01-01,2025-01-02,2,Yd,1046.64892578125,1050.16796875,1049.9404296875,1051.1134033203125,1049.5489501953125
M7_YLUR_SHUR,7,LUR,HUR,2025-01-01,2025-01-02,2,TSE,1041.1837158203125,1044.0775146484375,1058.4161376953125,1050.2513427734375,1040.064697265625
M7_YLUR_SHUR,7,LUR,HUR,2025-01-01,2025-01-02,2,TSEC,71.06298828125,69.70967102050781,69.6139144897461,69.96739959716797,69.95220947265625
M7_YLUR_SHUR,7,LUR,HUR,2025-01-01,2025-01-03,3,Yd,1055.7552490234375,1050.16796875,1051.73486328125,1051.8133544921875,1049.3990478515625
M7_YLUR_SHUR,7,LUR,HUR,2025-01-01,2025-01-03,3,TSE,970.5427856445312,1044.0775146484375,1021.046875,1052.979736328125,1037.77001953125
M7_YLUR_SHUR,7,LUR,HUR,2025-01-01,2025-01-03,3,TSEC,64.02162170410156,69.70967102050781,69.82736206054688,69.52410888671875,69.99430084228516
M7_YLUR_SHUR,7,LUR,HUR,2025-01-02,2025-01-02,1,Yd,1046.64892578125,1050.15625,1049.3131103515625,1052.087646484375,1049.733642578125
M7_YLUR_SHUR,7,LUR,HUR,2025-01-02,2025-01-02,1,TSE,1041.1837158203125,1044.0640869140625,1045.9439697265625,1041.46142578125,1041.25244140625
M7_YLUR_SHUR,7,LUR,HUR,2025-01-02,2025-01-02,1,TSEC,71.06298828125,69.70648956298828,69.8515625,70.00691223144531,69.84317016601562
M7_YLUR_SHUR,7,LUR,HUR,2025-01-02,2025-01-03,2,Yd,1055.7552490234375,1050.15625,1049.9471435546875,1053.7548828125,1049.5821533203125
M7_YLUR_SHUR,7,LUR,HUR,2025-01-02,2025-01-03,2,TSE,970.5427856445312,1044.0640869140625,1079.8048095703125,1048.50439453125,1039.5965576171875
M7_YLUR_SHUR,7,LUR,HUR,2025-01-02,2025-01-03,2,TSEC,64.02162170410156,69.70648956298828,69.69824981689453,70.9408950805664,69.85761260986328
M7_YLUR_SHUR,7,LUR,HUR,2025-01-02,2025-01-04,3,Yd,1074.066650390625,1050.15625,1049.5716552734375,1051.6868896484375,1049.348876953125
M7_YLUR_SHUR,7,LUR,HUR,2025-01-02,2025-01-04,3,TSE,772.2058715820312,1044.0640869140625,1043.4345703125,1053.4866943359375,1037.8458251953125
M7_YLUR_SHUR,7,LUR,HUR,2025-01-02,2025-01-04,3,TSEC,74.1294174194336,69.70648956298828,68.0059585571289,68.27222442626953,69.70523071289062
M7_YLUR_SHUR,7,LUR,HUR,2025-01-03,2025-01-03,1,Yd,1055.7552490234375,1050.1514892578125,1049.6009521484375,1051.52001953125,1049.8133544921875
M7_YLUR_SHUR,7,LUR,HUR,2025-01-03,2025-01-03,1,TSE,970.5427856445312,1044.06005859375,1039.53759765625,1037.0570068359375,1039.9888916015625
M7_YLUR_SHUR,7,LUR,HUR,2025-01-03,2025-01-03,1,TSEC,64.02162170410156,69.70834350585938,69.502685546875,70.56813049316406,69.77513885498047
M7_YLUR_SHUR,7,LUR,HUR,2025-01-03,2025-01-04,2,Yd,1074.066650390625,1050.1514892578125,1049.5166015625,1052.1885986328125,1049.5001220703125
M7_YLUR_SHUR,7,LUR,HUR,2025-01-03,2025-01-04,2,TSE,772.2058715820312,1044.06005859375,1058.6923828125,1037.9375,1037.7113037109375
M7_YLUR_SHUR,7,LUR,HUR,2025-01-03,2025-01-04,2,TSEC,74.1294174194336,69.70834350585938,68.35321044921875,70.54682922363281,69.59241485595703
M7_YLUR_SHUR,7,LUR,HUR,2025-01-03,2025-01-05,3,Yd,1051.3603515625,1050.1514892578125,1049.141357421875,1051.0369873046875,1049.1654052734375
M7_YLUR_SHUR,7,LUR,HUR,2025-01-03,2025-01-05,3,TSE,1092.0321044921875,1044.06005859375,1050.7923583984375,1038.7994384765625,1033.0660400390625
M7_YLUR_SHUR,7,LUR,HUR,2025-01-03,2025-01-05,3,TSEC,62.14228439331055,69.70834350585938,68.28538513183594,68.87076568603516,69.48534393310547
M7_YLUR_SHUR,7,LUR,HUR,2025-01-04,2025-01-04,1,Yd,1074.066650390625,1050.1591796875,1050.7515869140625,1049.658935546875,1049.614013671875
M7_YLUR_SHUR,7,LUR,HUR,2025-01-04,2025-01-04,1,TSE,772.2058715820312,1043.9598388671875,1039.9974365234375,1044.886474609375,1039.420654296875
M7_YLUR_SHUR,7,LUR,HUR,2025-01-04,2025-01-04,1,TSEC,74.1294174194336,69.70059204101562,68.1236343383789,69.59672546386719,69.62681579589844
M7_YLUR_SHUR,7,LUR,HUR,2025-01-04,2025-01-05,2,Yd,1051.3603515625,1050.1591796875,1050.2935791015625,1050.37890625,1049.2554931640625
M7_YLUR_SHUR,7,LUR,HUR,2025-01-04,2025-01-05,2,TSE,1092.0321044921875,1043.9598388671875,1060.747314453125,1041.0438232421875,1035.6285400390625
M7_YLUR_SHUR,7,LUR,HUR,2025-01-04,2025-01-05,2,TSEC,62.14228439331055,69.70059204101562,68.1861572265625,70.50038146972656,69.56041717529297
M7_YLUR_SHUR,7,LUR,HUR,2025-01-04,2025-01-06,3,Yd,1042.23291015625,1050.1591796875,1050.2322998046875,1050.926025390625,1048.93798828125
M7_YLUR_SHUR,7,LUR,HUR,2025-01-04,2025-01-06,3,TSE,1009.1719970703125,1043.9598388671875,1042.9451904296875,1045.7293701171875,1032.5760498046875
M7_YLUR_SHUR,7,LUR,HUR,2025-01-04,2025-01-06,3,TSEC,71.03679656982422,69.70059204101562,69.82872009277344,69.5169677734375,69.56739807128906
M7_YLUR_SHUR,7,LUR,HUR,2025-01-05,2025-01-05,1,Yd,1051.3603515625,1050.191650390625,1051.3980712890625,1049.3472900390625,1049.5687255859375
M7_YLUR_SHUR,7,LUR,HUR,2025-01-05,2025-01-05,1,TSE,1092.0321044921875,1043.590087890625,1062.16748046875,1053.9073486328125,1038.9908447265625
M7_YLUR_SHUR,7,LUR,HUR,2025-01-05,2025-01-05,1,TSEC,62.14228439331055,69.70661926269531,68.28016662597656,68.97017669677734,69.63382720947266
M7_YLUR_SHUR,7,LUR,HUR,2025-01-05,2025-01-06,2,Yd,1042.23291015625,1050.191650390625,1049.9361572265625,1048.96630859375,1049.2801513671875
M7_YLUR_SHUR,7,LUR,HUR,2025-01-05,2025-01-06,2,TSE,1009.1719970703125,1043.590087890625,1052.677490234375,1044.8170166015625,1035.8887939453125
M7_YLUR_SHUR,7,LUR,HUR,2025-01-05,2025-01-06,2,TSEC,71.03679656982422,69.70661926269531,70.11515808105469,69.2855453491211,69.58516693115234
M7_YLUR_SHUR,7,LUR,HUR,2025-01-05,2025-01-07,3,Yd,1056.43115234375,1050.191650390625,1050.8692626953125,1051.5347900390625,1049.2052001953125
M7_YLUR_SHUR,7,LUR,HUR,2025-01-05,2025-01-07,3,TSE,898.7833251953125,1043.590087890625,1054.3345947265625,1057.59228515625,1036.12255859375
M7_YLUR_SHUR,7,LUR,HUR,2025-01-05,2025-01-07,3,TSEC,72.76732635498047,69.70661926269531,69.69557189941406,69.00699615478516,69.57683563232422
M7_YLUR_SHUR,7,LUR,HUR,2025-01-06,2025-01-06,1,Yd,1042.23291015625,1050.1932373046875,1050.6265869140625,1049.7720947265625,1049.469482421875
M7_YLUR_SHUR,7,LUR,HUR,2025-01-06,2025-01-06,1,TSE,1009.1719970703125,1043.6561279296875,1048.8314208984375,1061.8837890625,1038.500732421875
M7_YLUR_SHUR,7,LUR,HUR,2025-01-06,2025-01-06,1,TSEC,71.03679656982422,69.69634246826172,69.66517639160156,70.56555938720703,69.73548126220703
M7_YLUR_SHUR,7,LUR,HUR,2025-01-06,2025-01-07,2,Yd,1056.43115234375,1050.1932373046875,1051.462890625,1052.0889892578125,1049.2415771484375
M7_YLUR_SHUR,7,LUR,HUR,2025-01-06,2025-01-07,2,TSE,898.7833251953125,1043.6561279296875,1048.084228515625,1070.65673828125,1037.782958984375
M7_YLUR_SHUR,7,LUR,HUR,2025-01-06,2025-01-07,2,TSEC,72.76732635498047,69.69634246826172,70.1356201171875,70.06047058105469,69.6603775024414
M7_YLUR_SHUR,7,LUR,HUR,2025-01-06,2025-01-08,3,Yd,1059.37548828125,1050.1932373046875,1048.9912109375,1051.793212890625,1049.18603515625
M7_YLUR_SHUR,7,LUR,HUR,2025-01-06,2025-01-08,3,TSE,949.3795776367188,1043.6561279296875,1051.55029296875,1071.414306640625,1038.249755859375
M7_YLUR_SHUR,7,LUR,HUR,2025-01-06,2025-01-08,3,TSEC,64.43856048583984,69.69634246826172,69.07876586914062,69.45280456542969,69.7719497680664
M7_YLUR_SHUR,7,LUR,HUR,2025-01-07,2025-01-07,1,Yd,1056.43115234375,1050.1824951171875,1050.3057861328125,1049.080078125,1049.565673828125
M7_YLUR_SHUR,7,LUR,HUR,2025-01-07,2025-01-07,1,TSE,898.7833251953125,1043.6092529296875,1043.947998046875,1054.3443603515625,1041.35205078125
M7_YLUR_SHUR,7,LUR,HUR,2025-01-07,2025-01-07,1,TSEC,72.76732635498047,69.69815826416016,69.63848876953125,68.7129898071289,69.71869659423828
M7_YLUR_SHUR,7,LUR,HUR,2025-01-07,2025-01-08,2,Yd,1059.37548828125,1050.1824951171875,1050.1439208984375,1050.03466796875,1049.443359375
M7_YLUR_SHUR,7,LUR,HUR,2025-01-07,2025-01-08,2,TSE,949.3795776367188,1043.6092529296875,1049.4527587890625,1036.2960205078125,1040.9664306640625
M7_YLUR_SHUR,7,LUR,HUR,2025-01-07,2025-01-08,2,TSEC,64.43856048583984,69.69815826416016,69.6303482055664,70.88861083984375,69.83516693115234
M7_YLUR_SHUR,7,LUR,HUR,2025-01-07,2025-01-09,3,Yd,1055.019775390625,1050.1824951171875,1050.25048828125,1050.869384765625,1049.4677734375
M7_YLUR_SHUR,7,LUR,HUR,2025-01-07,2025-01-09,3,TSE,956.0375366210938,1043.6092529296875,1046.5028076171875,1052.8817138671875,1039.97900390625
M7_YLUR_SHUR,7,LUR,HUR,2025-01-07,2025-01-09,3,TSEC,78.13920593261719,69.69815826416016,69.64714813232422,69.99365234375,69.96497344970703
M7_YLUR_SHUR,7,LUR,HUR,2025-01-08,2025-01-08,1,Yd,1059.37548828125,1050.19091796875,1049.45166015625,1051.7215576171875,1049.73779296875
M7_YLUR_SHUR,7,LUR,HUR,2025-01-08,2025-01-08,1,TSE,949.3795776367188,1043.4129638671875,1047.1956787109375,1043.1353759765625,1043.157958984375
M7_YLUR_SHUR,7,LUR,HUR,2025-01-08,2025-01-08,1,TSEC,64.43856048583984,69.70231628417969,69.3309326171875,70.0824966430664,69.8084716796875
M7_YLUR_SHUR,7,LUR,HUR,2025-01-08,2025-01-09,2,Yd,1055.019775390625,1050.19091796875,1049.73974609375,1050.675537109375,1049.64892578125
M7_YLUR_SHUR,7,LUR,HUR,2025-01-08,2025-01-09,2,TSE,956.0375366210938,1043.4129638671875,1045.090087890625,1027.6343994140625,1042.9525146484375
M7_YLUR_SHUR,7,LUR,HUR,2025-01-08,2025-01-09,2,TSEC,78.13920593261719,69.70231628417969,69.70455932617188,70.30314636230469,69.8714370727539
M7_YLUR_SHUR,7,LUR,HUR,2025-01-08,2025-01-10,3,Yd,1051.5369873046875,1050.19091796875,1052.0950927734375,1050.8612060546875,1049.6273193359375
M7_YLUR_SHUR,7,LUR,HUR,2025-01-08,2025-01-10,3,TSE,935.0252685546875,1043.4129638671875,1045.8719482421875,1040.44580078125,1042.0731201171875
M7_YLUR_SHUR,7,LUR,HUR,2025-01-08,2025-01-10,3,TSEC,78.29206085205078,69.70231628417969,69.39178466796875,69.05561828613281,69.90729522705078
M7_YLUR_SHUR,7,LUR,HUR,2025-01-09,2025-01-09,1,Yd,1055.019775390625,1050.203369140625,1050.469970703125,1052.6602783203125,1049.80126953125
M7_YLUR_SHUR,7,LUR,HUR,2025-01-09,2025-01-09,1,TSE,956.0375366210938,1043.2857666015625,1045.6639404296875,1059.652587890625,1043.0650634765625
M7_YLUR_SHUR,7,LUR,HUR,2025-01-09,2025-01-09,1,TSEC,78.13920593261719,69.69519805908203,69.66195678710938,70.20806884765625,69.8288345336914
M7_YLUR_SHUR,7,LUR,HUR,2025-01-09,2025-01-10,2,Yd,1051.5369873046875,1050.203369140625,1050.0657958984375,1051.869873046875,1049.72216796875
M7_YLUR_SHUR,7,LUR,HUR,2025-01-09,2025-01-10,2,TSE,935.0252685546875,1043.2857666015625,1049.19482421875,1061.23681640625,1042.787109375
M7_YLUR_SHUR,7,LUR,HUR,2025-01-09,2025-01-10,2,TSEC,78.29206085205078,69.69519805908203,69.419189453125,69.12078857421875,69.81704711914062
M7_YLUR_SHUR,7,LUR,HUR,2025-01-09,2025-01-11,3,Yd,1031.23388671875,1050.203369140625,1050.42919921875,1051.004638671875,1049.5166015625
M7_YLUR_SHUR,7,LUR,HUR,2025-01-09,2025-01-11,3,TSE,1047.712890625,1043.2857666015625,1061.02392578125,1077.6800537109375,1042.205322265625
M7_YLUR_SHUR,7,LUR,HUR,2025-01-09,2025-01-11,3,TSEC,72.46821594238281,69.69519805908203,68.33570861816406,67.37481689453125,69.59245300292969
M7_YLUR_SHUR,7,LUR,HUR,2025-01-10,2025-01-10,1,Yd,1051.5369873046875,1050.2099609375,1050.3436279296875,1051.1865234375,1049.920166015625
M7_YLUR_SHUR,7,LUR,HUR,2025-01-10,2025-01-10,1,TSE,935.0252685546875,1043.1678466796875,1039.4478759765625,1072.1737060546875,1041.339111328125
M7_YLUR_SHUR,7,LUR,HUR,2025-01-10,2025-01-10,1,TSEC,78.29206085205078,69.70660400390625,69.39572143554688,68.98116302490234,69.76107025146484
M7_YLUR_SHUR,7,LUR,HUR,2025-01-10,2025-01-11,2,Yd,1031.23388671875,1050.2099609375,1050.2679443359375,1051.498779296875,1049.7059326171875
M7_YLUR_SHUR,7,LUR,HUR,2025-01-10,2025-01-11,2,TSE,1047.712890625,1043.1678466796875,1066.5948486328125,1076.9862060546875,1040.3629150390625
M7_YLUR_SHUR,7,LUR,HUR,2025-01-10,2025-01-11,2,TSEC,72.46821594238281,69.70660400390625,68.02210235595703,67.77423095703125,69.54379272460938
M7_YLUR_SHUR,7,LUR,HUR,2025-01-10,2025-01-12,3,Yd,1056.172607421875,1050.2099609375,1050.2542724609375,1049.1749267578125,1049.4368896484375
M7_YLUR_SHUR,7,LUR,HUR,2025-01-10,2025-01-12,3,TSE,902.978759765625,1043.1678466796875,1041.2115478515625,1072.59765625,1036.196044921875
M7_YLUR_SHUR,7,LUR,HUR,2025-01-10,2025-01-12,3,TSEC,75.37208557128906,69.70660400390625,67.9986343383789,66.47147369384766,69.45970916748047
M7_YLUR_SHUR,7,LUR,HUR,2025-01-11,2025-01-11,1,Yd,1031.23388671875,1050.211669921875,1050.5203857421875,1050.3934326171875,1049.7979736328125
M7_YLUR_SHUR,7,LUR,HUR,2025-01-11,2025-01-11,1,TSE,1047.712890625,1043.02197265625,1066.1722412109375,1069.3154296875,1039.718994140625
M7_YLUR_SHUR,7,LUR,HUR,2025-01-11,2025-01-11,1,TSEC,72.46821594238281,69.71819305419922,69.0455093383789,68.21681213378906,69.57902526855469
M7_YLUR_SHUR,7,LUR,HUR,2025-01-11,2025-01-12,2,Yd,1056.172607421875,1050.211669921875,1050.4669189453125,1050.4617919921875,1049.6356201171875
M7_YLUR_SHUR,7,LUR,HUR,2025-01-11,2025-01-12,2,TSE,902.978759765625,1043.02197265625,1040.851806640625,1073.9102783203125,1035.4642333984375
M7_YLUR_SHUR,7,LUR,HUR,2025-01-11,2025-01-12,2,TSEC,75.37208557128906,69.71819305419922,68.00299835205078,66.48340606689453,69.46282958984375
M7_YLUR_SHUR,7,LUR,HUR,2025-01-11,2025-01-13,3,Yd,1056.34033203125,1050.211669921875,1050.5008544921875,1050.0869140625,1049.38916015625
M7_YLUR_SHUR,7,LUR,HUR,2025-01-11,2025-01-13,3,TSE,958.0335083007812,1043.02197265625,1049.7225341796875,1081.612548828125,1032.0574951171875
M7_YLUR_SHUR,7,LUR,HUR,2025-01-11,2025-01-13,3,TSEC,78.98485565185547,69.71819305419922,69.59556579589844,66.16465759277344,69.49090576171875
M7_YLUR_SHUR,7,LUR,HUR,2025-01-12,2025-01-12,1,Yd,1056.172607421875,1050.1861572265625,1048.4935302734375,1049.31982421875,1049.7369384765625
M7_YLUR_SHUR,7,LUR,HUR,2025-01-12,2025-01-12,1,TSE,902.978759765625,1043.0281982421875,1060.916015625,1061.8963623046875,1037.721923828125
M7_YLUR_SHUR,7,LUR,HUR,2025-01-12,2025-01-12,1,TSEC,75.37208557128906,69.7219009399414,67.56010437011719,67.26722717285156,69.58330535888672
M7_YLUR_SHUR,7,LUR,HUR,2025-01-12,2025-01-13,2,Yd,1056.34033203125,1050.1861572265625,1051.8023681640625,1049.9432373046875,1049.4998779296875
M7_YLUR_SHUR,7,LUR,HUR,2025-01-12,2025-01-13,2,TSE,958.0335083007812,1043.0281982421875,1058.0146484375,1064.2667236328125,1033.6944580078125
M7_YLUR_SHUR,7,LUR,HUR,2025-01-12,2025-01-13,2,TSEC,78.98485565185547,69.7219009399414,69.2410888671875,67.71222686767578,69.54725646972656
M7_YLUR_SHUR,7,LUR,HUR,2025-01-12,2025-01-14,3,Yd,1069.760009765625,1050.1861572265625,1050.762939453125,1050.022705078125,1049.344482421875
M7_YLUR_SHUR,7,LUR,HUR,2025-01-12,2025-01-14,3,TSE,1017.9826049804688,1043.0281982421875,1053.0216064453125,1070.9085693359375,1033.2940673828125
M7_YLUR_SHUR,7,LUR,HUR,2025-01-12,2025-01-14,3,TSEC,72.90332794189453,69.7219009399414,69.51327514648438,67.70492553710938,69.6078872680664
M7_YLUR_SHUR,7,LUR,HUR,2025-01-13,2025-01-13,1,Yd,1056.34033203125,1050.194091796875,1050.8570556640625,1050.5396728515625,1049.6942138671875
M7_YLUR_SHUR,7,LUR,HUR,2025-01-13,2025-01-13,1,TSE,958.0335083007812,1042.8397216796875,1046.0389404296875,1050.2950439453125,1038.2066650390625
M7_YLUR_SHUR,7,LUR,HUR,2025-01-13,2025-01-13,1,TSEC,78.98485565185547,69.72949981689453,69.98308563232422,67.77623748779297,69.63589477539062
M7_YLUR_SHUR,7,LUR,HUR,2025-01-13,2025-01-14,2,Yd,1069.760009765625,1050.194091796875,1048.785888671875,1049.609375,1049.48583984375
M7_YLUR_SHUR,7,LUR,HUR,2025-01-13,2025-01-14,2,TSE,1017.9826049804688,1042.8397216796875,1051.269775390625,1016.3442993164062,1037.1087646484375
M7_YLUR_SHUR,7,LUR,HUR,2025-01-13,2025-01-14,2,TSEC,72.90332794189453,69.72949981689453,70.12405395507812,70.36373901367188,69.65990447998047
M7_YLUR_SHUR,7,LUR,HUR,2025-01-13,2025-01-15,3,Yd,1053.227294921875,1050.194091796875,1051.01318359375,1049.285888671875,1049.3505859375
M7_YLUR_SHUR,7,LUR,HUR,2025-01-13,2025-01-15,3,TSE,1121.926025390625,1042.8397216796875,1049.064697265625,1016.16845703125,1037.9622802734375
M7_YLUR_SHUR,7,LUR,HUR,2025-01-13,2025-01-15,3,TSEC,73.23987579345703,69.72949981689453,69.23602294921875,69.6630859375,69.83283233642578
M7_YLUR_SHUR,7,LUR,HUR,2025-01-14,2025-01-14,1,Yd,1069.760009765625,1050.202392578125,1050.6961669921875,1051.2960205078125,1049.65478515625
M7_YLUR_SHUR,7,LUR,HUR,2025-01-14,2025-01-14,1,TSE,1017.9826049804688,1042.7257080078125,1044.7127685546875,1044.8424072265625,1040.0089111328125
M7_YLUR_SHUR,7,LUR,HUR,2025-01-14,2025-01-14,1,TSEC,72.90332794189453,69.741943359375,69.0928955078125,69.96971130371094,69.7587661743164
M7_YLUR_SHUR,7,LUR,HUR,2025-01-14,2025-01-15,2,Yd,1053.227294921875,1050.202392578125,1049.764892578125,1050.80859375,1049.543212890625
M7_YLUR_SHUR,7,LUR,HUR,2025-01-14,2025-01-15,2,TSE,1121.926025390625,1042.7257080078125,1049.53857421875,1031.9365234375,1040.001220703125
M7_YLUR_SHUR,7,LUR,HUR,2025-01-14,2025-01-15,2,TSEC,73.23987579345703,69.741943359375,68.58203887939453,70.4480972290039,69.8957748413086
M7_YLUR_SHUR,7,LUR,HUR,2025-01-14,2025-01-16,3,Yd,1051.5572509765625,1050.202392578125,1049.75341796875,1051.5927734375,1049.66162109375
M7_YLUR_SHUR,7,LUR,HUR,2025-01-14,2025-01-16,3,TSE,1187.9315185546875,1042.7257080078125,1044.3028564453125,1030.08447265625,1039.6309814453125
M7_YLUR_SHUR,7,LUR,HUR,2025-01-14,2025-01-16,3,TSEC,61.01076126098633,69.741943359375,69.3426284790039,70.69093322753906,69.97785186767578
M7_YLUR_SHUR,7,LUR,HUR,2025-01-15,2025-01-15,1,Yd,1053.227294921875,1050.2286376953125,1051.782958984375,1052.071533203125,1049.784423828125
M7_YLUR_SHUR,7,LUR,HUR,2025-01-15,2025-01-15,1,TSE,1121.926025390625,1042.6925048828125,1048.61962890625,1066.941650390625,1041.323486328125
M7_YLUR_SHUR,7,LUR,HUR,2025-01-15,2025-01-15,1,TSEC,73.23987579345703,69.74618530273438,69.28108978271484,69.75005340576172,69.85236358642578
M7_YLUR_SHUR,7,LUR,HUR,2025-01-15,2025-01-16,2,Yd,1051.5572509765625,1050.2286376953125,1049.6854248046875,1053.3966064453125,1049.736083984375
M7_YLUR_SHUR,7,LUR,HUR,2025-01-15,2025-01-16,2,TSE,1187.9315185546875,1042.6925048828125,1050.195556640625,1056.58349609375,1039.8968505859375
M7_YLUR_SHUR,7,LUR,HUR,2025-01-15,2025-01-16,2,TSEC,61.01076126098633,69.74618530273438,69.80493927001953,70.35078430175781,69.97046661376953
M7_YLUR_SHUR,7,LUR,HUR,2025-01-15,2025-01-17,3,Yd,1052.69970703125,1050.2286376953125,1051.1844482421875,1053.287109375,1049.746826171875
M7_YLUR_SHUR,7,LUR,HUR,2025-01-15,2025-01-17,3,TSE,1237.4833984375,1042.6925048828125,1047.1434326171875,1066.7490234375,1037.7862548828125
M7_YLUR_SHUR,7,LUR,HUR,2025-01-15,2025-01-17,3,TSEC,74.34645080566406,69.74618530273438,69.77423858642578,69.34294891357422,70.08100891113281
M7_YLUR_SHUR,7,LUR,HUR,2025-01-16,2025-01-16,1,Yd,1051.5572509765625,1050.2327880859375,1051.7694091796875,1052.1351318359375,1049.8558349609375
M7_YLUR_SHUR,7,LUR,HUR,2025-01-16,2025-01-16,1,TSE,1187.9315185546875,1042.7987060546875,1054.2109375,1050.8824462890625,1039.5501708984375
M7_YLUR_SHUR,7,LUR,HUR,2025-01-16,2025-01-16,1,TSEC,61.01076126098633,69.75086975097656,69.13270568847656,70.30938720703125,69.91590118408203
M7_YLUR_SHUR,7,LUR,HUR,2025-01-16,2025-01-17,2,Yd,1052.69970703125,1050.2327880859375,1052.8460693359375,1052.9468994140625,1049.9273681640625
M7_YLUR_SHUR,7,LUR,HUR,2025-01-16,2025-01-17,2,TSE,1237.4833984375,1042.7987060546875,1039.916748046875,1054.1375732421875,1035.8841552734375
M7_YLUR_SHUR,7,LUR,HUR,2025-01-16,2025-01-17,2,TSEC,74.34645080566406,69.75086975097656,68.91494750976562,69.3031997680664,70.03970336914062
M7_YLUR_SHUR,7,LUR,HUR,2025-01-16,2025-01-18,3,Yd,1036.815673828125,1050.2327880859375,1051.99072265625,1051.4095458984375,1049.7376708984375
M7_YLUR_SHUR,7,LUR,HUR,2025-01-16,2025-01-18,3,TSE,1076.73193359375,1042.7987060546875,1061.300537109375,1052.8033447265625,1033.7803955078125
M7_YLUR_SHUR,7,LUR,HUR,2025-01-16,2025-01-18,3,TSEC,79.21540069580078,69.75086975097656,68.0073013305664,67.26400756835938,69.84638977050781
M7_YLUR_SHUR,7,LUR,HUR,2025-01-17,2025-01-17,1,Yd,1052.69970703125,1050.2344970703125,1052.659423828125,1052.39794921875,1049.96044921875
M7_YLUR_SHUR,7,LUR,HUR,2025-01-17,2025-01-17,1,TSE,1237.4833984375,1042.992919921875,1049.069091796875,1042.1597900390625,1037.539306640625
M7_YLUR_SHUR,7,LUR,HUR,2025-01-17,2025-01-17,1,TSEC,74.34645080566406,69.73917388916016,68.91508483886719,70.35875701904297,69.8633804321289
M7_YLUR_SHUR,7,LUR,HUR,2025-01-17,2025-01-18,2,Yd,1036.815673828125,1050.2344970703125,1048.881103515625,1052.6417236328125,1049.7086181640625
M7_YLUR_SHUR,7,LUR,HUR,2025-01-17,2025-01-18,2,TSE,1076.73193359375,1042.992919921875,1056.8790283203125,1064.64306640625,1033.6229248046875
M7_YLUR_SHUR,7,LUR,HUR,2025-01-17,2025-01-18,2,TSEC,79.21540069580078,69.73917388916016,68.15354919433594,70.38272857666016,69.72859191894531
M7_YLUR_SHUR,7,LUR,HUR,2025-01-17,2025-01-19,3,Yd,1051.173583984375,1050.2344970703125,1049.682861328125,1049.8592529296875,1049.325439453125
M7_YLUR_SHUR,7,LUR,HUR,2025-01-17,2025-01-19,3,TSE,1189.607666015625,1042.992919921875,1050.472900390625,1050.5277099609375,1027.3682861328125
M7_YLUR_SHUR,7,LUR,HUR,2025-01-17,2025-01-19,3,TSEC,65.85430145263672,69.73917388916016,67.89408874511719,66.96405029296875,69.62911987304688
M7_YLUR_SHUR,7,LUR,HUR,2025-01-18,2025-01-18,1,Yd,1036.815673828125,1050.23779296875,1048.881591796875,1050.6793212890625,1049.6746826171875
M7_YLUR_SHUR,7,LUR,HUR,2025-01-18,2025-01-18,1,TSE,1076.73193359375,1043.2530517578125,1046.022216796875,1027.4737548828125,1034.026123046875
M7_YLUR_SHUR,7,LUR,HUR,2025-01-18,2025-01-18,1,TSEC,79.21540069580078,69.74533081054688,68.05313110351562,71.14366149902344,69.69123840332031
M7_YLUR_SHUR,7,LUR,HUR,2025-01-18,2025-01-19,2,Yd,1051.173583984375,1050.23779296875,1049.6839599609375,1050.677490234375,1049.341552734375
M7_YLUR_SHUR,7,LUR,HUR,2025-01-18,2025-01-19,2,TSE,1189.607666015625,1043.2530517578125,1047.0299072265625,1030.4024658203125,1027.2130126953125
M7_YLUR_SHUR,7,LUR,HUR,2025-01-18,2025-01-19,2,TSEC,65.85430145263672,69.74533081054688,67.87140655517578,70.32666015625,69.63572692871094
M7_YLUR_SHUR,7,LUR,HUR,2025-01-18,2025-01-20,3,Yd,1049.8331298828125,1050.23779296875,1051.1634521484375,1049.67236328125,1049.2086181640625
M7_YLUR_SHUR,7,LUR,HUR,2025-01-18,2025-01-20,3,TSE,899.6903076171875,1043.2530517578125,1048.7503662109375,1023.0182495117188,1021.3701782226562
M7_YLUR_SHUR,7,LUR,HUR,2025-01-18,2025-01-20,3,TSEC,57.2614860534668,69.74533081054688,69.68421173095703,69.50060272216797,69.64051818847656
M7_YLUR_SHUR,7,LUR,HUR,2025-01-19,2025-01-19,1,Yd,1051.173583984375,1050.2198486328125,1050.23291015625,1049.384033203125,1049.62890625
M7_YLUR_SHUR,7,LUR,HUR,2025-01-19,2025-01-19,1,TSE,1189.607666015625,1043.2977294921875,1053.6788330078125,1047.021240234375,1033.4486083984375
M7_YLUR_SHUR,7,LUR,HUR,2025-01-19,2025-01-19,1,TSEC,65.85430145263672,69.75797271728516,69.06608581542969,69.55425262451172,69.6399917602539
M7_YLUR_SHUR,7,LUR,HUR,2025-01-19,2025-01-20,2,Yd,1049.8331298828125,1050.2198486328125,1050.7408447265625,1050.398681640625,1049.464599609375
M7_YLUR_SHUR,7,LUR,HUR,2025-01-19,2025-01-20,2,TSE,899.6903076171875,1043.2977294921875,1050.6336669921875,1042.9598388671875,1025.995849609375
M7_YLUR_SHUR,7,LUR,HUR,2025-01-19,2025-01-20,2,TSEC,57.2614860534668,69.75797271728516,69.9379653930664,69.82672119140625,69.64192962646484
M7_YLUR_SHUR,7,LUR,HUR,2025-01-19,2025-01-21,3,Yd,1027.413330078125,1050.2198486328125,1050.1357421875,1051.0521240234375,1049.418212890625
M7_YLUR_SHUR,7,LUR,HUR,2025-01-19,2025-01-21,3,TSE,833.1763305664062,1043.2977294921875,1047.676513671875,1044.0654296875,1020.988525390625
M7_YLUR_SHUR,7,LUR,HUR,2025-01-19,2025-01-21,3,TSEC,67.37596130371094,69.75797271728516,69.80014038085938,69.78207397460938,69.76470184326172
M7_YLUR_SHUR,7,LUR,HUR,2025-01-20,2025-01-20,1,Yd,1049.8331298828125,1050.22119140625,1051.5919189453125,1049.7733154296875,1049.5968017578125
M7_YLUR_SHUR,7,LUR,HUR,2025-01-20,2025-01-20,1,TSE,899.6903076171875,1043.4927978515625,1056.05419921875,1025.1932373046875,1033.0084228515625
M7_YLUR_SHUR,7,LUR,HUR,2025-01-20,2025-01-20,1,TSEC,57.2614860534668,69.75276184082031,69.76766967773438,68.40158081054688,69.72508239746094
M7_YLUR_SHUR,7,LUR,HUR,2025-01-20,2025-01-21,2,Yd,1027.413330078125,1050.22119140625,1051.24755859375,1049.956787109375,1049.3486328125
M7_YLUR_SHUR,7,LUR,HUR,2025-01-20,2025-01-21,2,TSE,833.1763305664062,1043.4927978515625,1051.3309326171875,1031.950927734375,1026.3668212890625
M7_YLUR_SHUR,7,LUR,HUR,2025-01-20,2025-01-21,2,TSEC,67.37596130371094,69.75276184082031,70.18768310546875,70.37481689453125,69.7742691040039
M7_YLUR_SHUR,7,LUR,HUR,2025-01-20,2025-01-22,3,Yd,1043.0162353515625,1050.22119140625,1049.69384765625,1050.5869140625,1049.233642578125
M7_YLUR_SHUR,7,LUR,HUR,2025-01-20,2025-01-22,3,TSE,1037.8543701171875,1043.4927978515625,1052.9144287109375,1025.476318359375,1023.0079345703125
M7_YLUR_SHUR,7,LUR,HUR,2025-01-20,2025-01-22,3,TSEC,59.60431671142578,69.75276184082031,69.36750030517578,70.43737030029297,69.96573638916016
M7_YLUR_SHUR,7,LUR,HUR,2025-01-21,2025-01-21,1,Yd,1027.413330078125,1050.2205810546875,1050.4822998046875,1050.7847900390625,1049.4271240234375
M7_YLUR_SHUR,7,LUR,HUR,2025-01-21,2025-01-21,1,TSE,833.1763305664062,1043.3013916015625,1038.327880859375,1024.0411376953125,1037.94970703125
M7_YLUR_SHUR,7,LUR,HUR,2025-01-21,2025-01-21,1,TSEC,67.37596130371094,69.73612976074219,70.04703521728516,70.76295471191406,69.77403259277344
M7_YLUR_SHUR,7,LUR,HUR,2025-01-21,2025-01-22,2,Yd,1043.0162353515625,1050.2205810546875,1051.14306640625,1048.8717041015625,1049.2589111328125
M7_YLUR_SHUR,7,LUR,HUR,2025-01-21,2025-01-22,2,TSE,1037.8543701171875,1043.3013916015625,1052.7686767578125,1023.2993774414062,1034.869140625
M7_YLUR_SHUR,7,LUR,HUR,2025-01-21,2025-01-22,2,TSEC,59.60431671142578,69.73612976074219,69.7178955078125,72.17733001708984,69.92618560791016
M7_YLUR_SHUR,7,LUR,HUR,2025-01-21,2025-01-23,3,Yd,1038.3067626953125,1050.2205810546875,1050.653076171875,1050.3150634765625,1049.27392578125
M7_YLUR_SHUR,7,LUR,HUR,2025-01-21,2025-01-23,3,TSE,880.5565795898438,1043.3013916015625,1042.4820556640625,1037.0538330078125,1031.612548828125
M7_YLUR_SHUR,7,LUR,HUR,2025-01-21,2025-01-23,3,TSEC,79.58875274658203,69.73612976074219,69.78578186035156,71.32621765136719,70.1101303100586
M7_YLUR_SHUR,7,LUR,HUR,2025-01-22,2025-01-22,1,Yd,1043.0162353515625,1050.1903076171875,1049.3916015625,1049.6331787109375,1049.6734619140625
M7_YLUR_SHUR,7,LUR,HUR,2025-01-22,2025-01-22,1,TSE,1037.8543701171875,1043.02197265625,1047.54443359375,1038.5882568359375,1041.8594970703125
M7_YLUR_SHUR,7,LUR,HUR,2025-01-22,2025-01-22,1,TSEC,59.60431671142578,69.73299407958984,69.44005584716797,70.87722778320312,69.80057525634766
M7_YLUR_SHUR,7,LUR,HUR,2025-01-22,2025-01-23,2,Yd,1038.3067626953125,1050.1903076171875,1050.81982421875,1050.520751953125,1049.5400390625
M7_YLUR_SHUR,7,LUR,HUR,2025-01-22,2025-01-23,2,TSE,880.5565795898438,1043.02197265625,1035.927734375,1041.0023193359375,1040.838134765625
M7_YLUR_SHUR,7,LUR,HUR,2025-01-22,2025-01-23,2,TSEC,79.58875274658203,69.73299407958984,69.97757720947266,70.12348175048828,69.93279266357422
M7_YLUR_SHUR,7,LUR,HUR,2025-01-22,2025-01-24,3,Yd,1043.7030029296875,1050.1903076171875,1049.7978515625,1050.830810546875,1049.517333984375
M7_YLUR_SHUR,7,LUR,HUR,2025-01-22,2025-01-24,3,TSE,764.0712280273438,1043.02197265625,1039.5460205078125,1050.519775390625,1039.64892578125
M7_YLUR_SHUR,7,LUR,HUR,2025-01-22,2025-01-24,3,TSEC,67.10172271728516,69.73299407958984,69.54071807861328,69.89904022216797,69.9729232788086
M7_YLUR_SHUR,7,LUR,HUR,2025-01-23,2025-01-23,1,Yd,1038.3067626953125,1050.1807861328125,1050.5958251953125,1051.012939453125,1049.7806396484375
M7_YLUR_SHUR,7,LUR,HUR,2025-01-23,2025-01-23,1,TSE,880.5565795898438,1043.01513671875,1055.0943603515625,1043.7239990234375,1041.968505859375
M7_YLUR_SHUR,7,LUR,HUR,2025-01-23,2025-01-23,1,TSEC,79.58875274658203,69.71955108642578,69.68192291259766,69.7381820678711,69.83631896972656
M7_YLUR_SHUR,7,LUR,HUR,2025-01-23,2025-01-24,2,Yd,1043.7030029296875,1050.1807861328125,1050.0848388671875,1050.3253173828125,1049.7933349609375
M7_YLUR_SHUR,7,LUR,HUR,2025-01-23,2025-01-24,2,TSE,764.0712280273438,1043.01513671875,1079.07568359375,1044.708740234375,1041.7347412109375
M7_YLUR_SHUR,7,LUR,HUR,2025-01-23,2025-01-24,2,TSEC,67.10172271728516,69.71955108642578,69.77124786376953,70.08382415771484,69.78243255615234
M7_YLUR_SHUR,7,LUR,HUR,2025-01-23,2025-01-25,3,Yd,1055.08349609375,1050.1807861328125,1050.5572509765625,1050.919677734375,1049.631591796875
M7_YLUR_SHUR,7,LUR,HUR,2025-01-23,2025-01-25,3,TSE,1008.1998291015625,1043.01513671875,1048.7611083984375,1068.8648681640625,1041.127685546875
M7_YLUR_SHUR,7,LUR,HUR,2025-01-23,2025-01-25,3,TSEC,68.85486602783203,69.71955108642578,68.5465087890625,69.48924255371094,69.50814056396484
M7_YLUR_SHUR,7,LUR,HUR,2025-01-24,2025-01-24,1,Yd,1043.7030029296875,1050.1649169921875,1051.322998046875,1050.97509765625,1049.96728515625
M7_YLUR_SHUR,7,LUR,HUR,2025-01-24,2025-01-24,1,TSE,764.0712280273438,1042.799560546875,1033.9095458984375,1049.6656494140625,1041.78564453125
M7_YLUR_SHUR,7,LUR,HUR,2025-01-24,2025-01-24,1,TSEC,67.10172271728516,69.73263549804688,69.92744445800781,69.90299224853516,69.75391387939453
M7_YLUR_SHUR,7,LUR,HUR,2025-01-24,2025-01-25,2,Yd,1055.08349609375,1050.1649169921875,1049.6873779296875,1052.8212890625,1049.8258056640625
M7_YLUR_SHUR,7,LUR,HUR,2025-01-24,2025-01-25,2,TSE,1008.1998291015625,1042.799560546875,1057.38916015625,1040.5960693359375,1040.9371337890625
M7_YLUR_SHUR,7,LUR,HUR,2025-01-24,2025-01-25,2,TSEC,68.85486602783203,69.73263549804688,68.37703704833984,71.07693481445312,69.5346908569336
M7_YLUR_SHUR,7,LUR,HUR,2025-01-24,2025-01-26,3,Yd,1050.6788330078125,1050.1649169921875,1048.939208984375,1053.1925048828125,1049.5048828125
M7_YLUR_SHUR,7,LUR,HUR,2025-01-24,2025-01-26,3,TSE,1167.4058837890625,1042.799560546875,1040.812255859375,1041.130615234375,1036.350830078125
M7_YLUR_SHUR,7,LUR,HUR,2025-01-24,2025-01-26,3,TSEC,67.34278106689453,69.73263549804688,68.31773376464844,70.25466918945312,69.40900421142578
M7_YLUR_SHUR,7,LUR,HUR,2025-01-25,2025-01-25,1,Yd,1055.08349609375,1050.156494140625,1049.33349609375,1049.456298828125,1049.9241943359375
M7_YLUR_SHUR,7,LUR,HUR,2025-01-25,2025-01-25,1,TSE,1008.1998291015625,1042.430419921875,1051.8455810546875,1040.88818359375,1041.5841064453125
M7_YLUR_SHUR,7,LUR,HUR,2025-01-25,2025-01-25,1,TSEC,68.85486602783203,69.7291488647461,68.18048095703125,67.77371215820312,69.57425689697266
M7_YLUR_SHUR,7,LUR,HUR,2025-01-25,2025-01-26,2,Yd,1050.6788330078125,1050.156494140625,1049.143798828125,1048.2747802734375,1049.621826171875
M7_YLUR_SHUR,7,LUR,HUR,2025-01-25,2025-01-26,2,TSE,1167.4058837890625,1042.430419921875,1040.884521484375,1026.624755859375,1038.8472900390625
M7_YLUR_SHUR,7,LUR,HUR,2025-01-25,2025-01-26,2,TSEC,67.34278106689453,69.7291488647461,68.22740173339844,67.32648468017578,69.45868682861328
M7_YLUR_SHUR,7,LUR,HUR,2025-01-25,2025-01-27,3,Yd,1045.5877685546875,1050.156494140625,1051.3336181640625,1046.1778564453125,1049.245361328125
M7_YLUR_SHUR,7,LUR,HUR,2025-01-25,2025-01-27,3,TSE,1043.5452880859375,1042.430419921875,1053.800537109375,1037.3341064453125,1034.5601806640625
M7_YLUR_SHUR,7,LUR,HUR,2025-01-25,2025-01-27,3,TSEC,66.15936279296875,69.7291488647461,69.5464859008789,67.25108337402344,69.50665283203125
M7_YLUR_SHUR,7,LUR,HUR,2025-01-26,2025-01-26,1,Yd,1050.6788330078125,1050.1630859375,1050.052001953125,1049.217041015625,1049.712646484375
M7_YLUR_SHUR,7,LUR,HUR,2025-01-26,2025-01-26,1,TSE,1167.4058837890625,1042.3851318359375,1043.4014892578125,1039.82373046875,1039.162109375
M7_YLUR_SHUR,7,LUR,HUR,2025-01-26,2025-01-26,1,TSEC,67.34278106689453,69.72798919677734,68.35836791992188,68.17720031738281,69.60181427001953
M7_YLUR_SHUR,7,LUR,HUR,2025-01-26,2025-01-27,2,Yd,1045.5877685546875,1050.1630859375,1049.9908447265625,1048.2247314453125,1049.400634765625
M7_YLUR_SHUR,7,LUR,HUR,2025-01-26,2025-01-27,2,TSE,1043.5452880859375,1042.3851318359375,1038.51025390625,1017.6307983398438,1035.050048828125
M7_YLUR_SHUR,7,LUR,HUR,2025-01-26,2025-01-27,2,TSEC,66.15936279296875,69.72798919677734,69.77169799804688,69.57991790771484,69.58841705322266
M7_YLUR_SHUR,7,LUR,HUR,2025-01-26,2025-01-28,3,Yd,1063.23095703125,1050.1630859375,1049.7947998046875,1047.5980224609375,1049.1202392578125
M7_YLUR_SHUR,7,LUR,HUR,2025-01-26,2025-01-28,3,TSE,1170.63671875,1042.3851318359375,1047.2320556640625,1036.0281982421875,1033.4805908203125
M7_YLUR_SHUR,7,LUR,HUR,2025-01-26,2025-01-28,3,TSEC,65.7397689819336,69.72798919677734,70.07958221435547,68.7227554321289,69.63082122802734
M7_YLUR_SHUR,7,LUR,HUR,2025-01-27,2025-01-27,1,Yd,1045.5877685546875,1050.1636962890625,1050.435791015625,1049.903564453125,1049.580810546875
M7_YLUR_SHUR,7,LUR,HUR,2025-01-27,2025-01-27,1,TSE,1043.5452880859375,1042.55029296875,1051.0963134765625,1043.814453125,1037.129150390625
M7_YLUR_SHUR,7,LUR,HUR,2025-01-27,2025-01-27,1,TSEC,66.15936279296875,69.72483825683594,69.4993667602539,68.97676849365234,69.7326431274414
M7_YLUR_SHUR,7,LUR,HUR,2025-01-27,2025-01-28,2,Yd,1063.23095703125,1050.1636962890625,1050.0926513671875,1048.6072998046875,1049.390380859375
M7_YLUR_SHUR,7,LUR,HUR,2025-01-27,2025-01-28,2,TSE,1170.63671875,1042.55029296875,1058.6558837890625,1025.043212890625,1034.794189453125
M7_YLUR_SHUR,7,LUR,HUR,2025-01-27,2025-01-28,2,TSEC,65.7397689819336,69.72483825683594,70.08384704589844,70.38421630859375,69.72309112548828
M7_YLUR_SHUR,7,LUR,HUR,2025-01-27,2025-01-29,3,Yd,1062.55029296875,1050.1636962890625,1050.4302978515625,1049.24755859375,1049.3790283203125
M7_YLUR_SHUR,7,LUR,HUR,2025-01-27,2025-01-29,3,TSE,883.4276123046875,1042.55029296875,1041.5595703125,1025.563720703125,1035.32275390625
M7_YLUR_SHUR,7,LUR,HUR,2025-01-27,2025-01-29,3,TSEC,62.38765335083008,69.72483825683594,68.53239440917969,70.37516784667969,69.79425048828125
M7_YLUR_SHUR,7,LUR,HUR,2025-01-28,2025-01-28,1,Yd,1063.23095703125,1050.1575927734375,1047.7156982421875,1049.3516845703125,1049.562744140625
M7_YLUR_SHUR,7,LUR,HUR,2025-01-28,2025-01-28,1,TSE,1170.63671875,1042.5516357421875,1059.137939453125,1029.7886962890625,1039.5352783203125
M7_YLUR_SHUR,7,LUR,HUR,2025-01-28,2025-01-28,1,TSEC,65.7397689819336,69.72013854980469,69.83077239990234,69.61431121826172,69.7619857788086
M7_YLUR_SHUR,7,LUR,HUR,2025-01-28,2025-01-29,2,Yd,1062.55029296875,1050.1575927734375,1051.432861328125,1048.1851806640625,1049.4395751953125
M7_YLUR_SHUR,7,LUR,HUR,2025-01-28,2025-01-29,2,TSE,883.4276123046875,1042.5516357421875,1053.069091796875,1023.8324584960938,1038.931396484375
M7_YLUR_SHUR,7,LUR,HUR,2025-01-28,2025-01-29,2,TSEC,62.38765335083008,69.72013854980469,68.98817443847656,70.58531188964844,69.8375473022461
M7_YLUR_SHUR,7,LUR,HUR,2025-01-28,2025-01-30,3,Yd,1049.0921630859375,1050.1575927734375,1049.447998046875,1048.7666015625,1049.45947265625
M7_YLUR_SHUR,7,LUR,HUR,2025-01-28,2025-01-30,3,TSE,890.558837890625,1042.5516357421875,1053.6630859375,1037.2479248046875,1037.4947509765625
M7_YLUR_SHUR,7,LUR,HUR,2025-01-28,2025-01-30,3,TSEC,67.5924072265625,69.72013854980469,69.70143127441406,70.13734436035156,69.95269775390625
M7_YLUR_SHUR,7,LUR,HUR,2025-01-29,2025-01-29,1,Yd,1062.55029296875,1050.1749267578125,1050.0745849609375,1050.479248046875,1049.708251953125
M7_YLUR_SHUR,7,LUR,HUR,2025-01-29,2025-01-29,1,TSE,883.4276123046875,1042.7203369140625,1042.1427001953125,1022.717041015625,1039.818115234375
M7_YLUR_SHUR,7,LUR,HUR,2025-01-29,2025-01-29,1,TSEC,62.38765335083008,69.71488952636719,69.04480743408203,70.63369750976562,69.86519622802734
M7_YLUR_SHUR,7,LUR,HUR,2025-01-29,2025-01-30,2,Yd,1049.0921630859375,1050.1749267578125,1049.31103515625,1049.8262939453125,1049.6849365234375
M7_YLUR_SHUR,7,LUR,HUR,2025-01-29,2025-01-30,2,TSE,890.558837890625,1042.7203369140625,1054.340576171875,1010.0933837890625,1037.101318359375
M7_YLUR_SHUR,7,LUR,HUR,2025-01-29,2025-01-30,2,TSEC,67.5924072265625,69.71488952636719,69.92755126953125,71.32848358154297,69.95430755615234
M7_YLUR_SHUR,7,LUR,HUR,2025-01-29,2025-01-31,3,Yd,1061.052490234375,1050.1749267578125,1052.2952880859375,1049.0135498046875,1049.8641357421875
M7_YLUR_SHUR,7,LUR,HUR,2025-01-29,2025-01-31,3,TSE,918.2883911132812,1042.7203369140625,1059.2645263671875,1013.0300903320312,1035.4920654296875
M7_YLUR_SHUR,7,LUR,HUR,2025-01-29,2025-01-31,3,TSEC,68.99406433105469,69.71488952636719,69.68907928466797,70.81656646728516,69.88639068603516
M7_YLUR_SHUR,7,LUR,HUR,2025-01-30,2025-01-30,1,Yd,1049.0921630859375,1050.191162109375,1050.25341796875,1052.07763671875,1049.8729248046875
M7_YLUR_SHUR,7,LUR,HUR,2025-01-30,2025-01-30,1,TSE,890.558837890625,1042.5107421875,1052.232177734375,1035.5697021484375,1040.8839111328125
M7_YLUR_SHUR,7,LUR,HUR,2025-01-30,2025-01-30,1,TSEC,67.5924072265625,69.70525360107422,69.68252563476562,70.94951629638672,69.856201171875
M7_YLUR_SHUR,7,LUR,HUR,2025-01-30,2025-01-31,2,Yd,1061.052490234375,1050.191162109375,1050.4022216796875,1051.616455078125,1050.009765625
M7_YLUR_SHUR,7,LUR,HUR,2025-01-30,2025-01-31,2,TSE,918.2883911132812,1042.5107421875,1031.6171875,1050.6669921875,1039.6103515625
M7_YLUR_SHUR,7,LUR,HUR,2025-01-30,2025-01-31,2,TSEC,68.99406433105469,69.70525360107422,69.57958984375,70.81665802001953,69.78079223632812
M7_YLUR_SHUR,7,LUR,HUR,2025-01-30,2025-02-01,3,Yd,1059.073486328125,1050.191162109375,1050.5181884765625,1050.6805419921875,1049.805419921875
M7_YLUR_SHUR,7,LUR,HUR,2025-01-30,2025-02-01,3,TSE,1016.370849609375,1042.5107421875,1066.1029052734375,1051.491943359375,1038.5201416015625
M7_YLUR_SHUR,7,LUR,HUR,2025-01-30,2025-02-01,3,TSEC,82.1458511352539,69.70525360107422,68.65853881835938,68.27034759521484,69.51470947265625
M7_YLUR_SHUR,7,LUR,HUR,2025-01-31,2025-01-31,1,Yd,1061.052490234375,1050.189697265625,1050.652587890625,1053.6082763671875,1050.035888671875
M7_YLUR_SHUR,7,LUR,HUR,2025-01-31,2025-01-31,1,TSE,918.2883911132812,1042.3111572265625,1058.212890625,1075.758544921875,1041.4447021484375
M7_YLUR_SHUR,7,LUR,HUR,2025-01-31,2025-01-31,1,TSEC,68.99406433105469,69.70247650146484,69.53050231933594,70.0229721069336,69.71765899658203
M7_YLUR_SHUR,7,LUR,HUR,2025-01-31,2025-02-01,2,Yd,1059.073486328125,1050.189697265625,1050.99658203125,1052.3109130859375,1049.7698974609375
M7_YLUR_SHUR,7,LUR,HUR,2025-01-31,2025-02-01,2,TSE,1016.370849609375,1042.3111572265625,1036.78173828125,1074.94140625,1040.412841796875
M7_YLUR_SHUR,7,LUR,HUR,2025-01-31,2025-02-01,2,TSEC,82.1458511352539,69.70247650146484,68.55536651611328,68.9141616821289,69.48614501953125
M7_YLUR_SHUR,7,LUR,HUR,2025-01-31,2025-02-02,3,Yd,1043.061279296875,1050.189697265625,1050.65234375,1049.670166015625,1049.244873046875
M7_YLUR_SHUR,7,LUR,HUR,2025-01-31,2025-02-02,3,TSE,1008.4631958007812,1042.3111572265625,1047.7144775390625,1069.648681640625,1036.523193359375
M7_YLUR_SHUR,7,LUR,HUR,2025-01-31,2025-02-02,3,TSEC,72.68189239501953,69.70247650146484,68.17261505126953,66.92080688476562,69.5423355102539
M7_YLUR_SHUR,7,LUR,HUR,2025-02-01,2025-02-01,1,Yd,1059.073486328125,1050.203857421875,1050.84765625,1051.065673828125,1049.6986083984375
M7_YLUR_SHUR,7,LUR,HUR,2025-02-01,2025-02-01,1,TSE,1016.370849609375,1042.1483154296875,1035.569580078125,1071.2086181640625,1040.634765625
M7_YLUR_SHUR,7,LUR,HUR,2025-02-01,2025-02-01,1,TSEC,82.1458511352539,69.70154571533203,68.59459686279297,68.16008758544922,69.58771514892578
M7_YLUR_SHUR,7,LUR,HUR,2025-02-01,2025-02-02,2,Yd,1043.061279296875,1050.203857421875,1049.9031982421875,1050.5286865234375,1049.3291015625
M7_YLUR_SHUR,7,LUR,HUR,2025-02-01,2025-02-02,2,TSE,1008.4631958007812,1042.1483154296875,1045.62939453125,1063.4786376953125,1036.6431884765625
M7_YLUR_SHUR,7,LUR,HUR,2025-02-01,2025-02-02,2,TSEC,72.68189239501953,69.70154571533203,68.17333221435547,68.09698486328125,69.61681365966797
M7_YLUR_SHUR,7,LUR,HUR,2025-02-01,2025-02-03,3,Yd,1054.0406494140625,1050.203857421875,1050.556640625,1050.9586181640625,1048.9898681640625
M7_YLUR_SHUR,7,LUR,HUR,2025-02-01,2025-02-03,3,TSE,859.6642456054688,1042.1483154296875,1033.775390625,1081.4947509765625,1032.38330078125
M7_YLUR_SHUR,7,LUR,HUR,2025-02-01,2025-02-03,3,TSEC,71.8394546508789,69.70154571533203,69.68768310546875,66.27326202392578,69.7208023071289
M7_YLUR_SHUR,7,LUR,HUR,2025-02-02,2025-02-02,1,Yd,1043.061279296875,1050.215576171875,1050.1650390625,1050.29296875,1049.6612548828125
M7_YLUR_SHUR,7,LUR,HUR,2025-02-02,2025-02-02,1,TSE,1008.4631958007812,1042.114501953125,1054.4859619140625,1056.3648681640625,1036.3731689453125
M7_YLUR_SHUR,7,LUR,HUR,2025-02-02,2025-02-02,1,TSEC,72.68189239501953,69.71785736083984,68.73622131347656,68.69390869140625,69.65425872802734
M7_YLUR_SHUR,7,LUR,HUR,2025-02-02,2025-02-03,2,Yd,1054.0406494140625,1050.215576171875,1050.0130615234375,1050.3597412109375,1049.3905029296875
M7_YLUR_SHUR,7,LUR,HUR,2025-02-02,2025-02-03,2,TSE,859.6642456054688,1042.114501953125,1037.9385986328125,1033.35498046875,1030.4365234375
M7_YLUR_SHUR,7,LUR,HUR,2025-02-02,2025-02-03,2,TSEC,71.8394546508789,69.71785736083984,69.90562438964844,69.61328125,69.7088623046875
M7_YLUR_SHUR,7,LUR,HUR,2025-02-02,2025-02-04,3,Yd,1055.6038818359375,1050.215576171875,1049.76025390625,1051.19482421875,1049.37646484375
M7_YLUR_SHUR,7,LUR,HUR,2025-02-02,2025-02-04,3,TSE,1188.43212890625,1042.114501953125,1042.65966796875,1036.08740234375,1027.1700439453125
M7_YLUR_SHUR,7,LUR,HUR,2025-02-02,2025-02-04,3,TSEC,67.11162567138672,69.71785736083984,69.6256103515625,69.6662368774414,69.75659942626953
M7_YLUR_SHUR,7,LUR,HUR,2025-02-03,2025-02-03,1,Yd,1054.0406494140625,1050.2061767578125,1050.276123046875,1048.9466552734375,1049.6336669921875
M7_YLUR_SHUR,7,LUR,HUR,2025-02-03,2025-02-03,1,TSE,859.6642456054688,1042.070556640625,1040.3564453125,1052.7352294921875,1035.372314453125
M7_YLUR_SHUR,7,LUR,HUR,2025-02-03,2025-02-03,1,TSEC,71.8394546508789,69.72173309326172,69.37425231933594,67.92610168457031,69.74964141845703
M7_YLUR_SHUR,7,LUR,HUR,2025-02-03,2025-02-04,2,Yd,1055.6038818359375,1050.2061767578125,1049.884521484375,1049.967041015625,1049.52001953125
M7_YLUR_SHUR,7,LUR,HUR,2025-02-03,2025-02-04,2,TSE,1188.43212890625,1042.070556640625,1035.330078125,1053.2911376953125,1031.9024658203125
M7_YLUR_SHUR,7,LUR,HUR,2025-02-03,2025-02-04,2,TSEC,67.11162567138672,69.72173309326172,70.01316833496094,68.83631896972656,69.7691421508789
M7_YLUR_SHUR,7,LUR,HUR,2025-02-03,2025-02-05,3,Yd,1053.7235107421875,1050.2061767578125,1050.9002685546875,1050.9119873046875,1049.499755859375
M7_YLUR_SHUR,7,LUR,HUR,2025-02-03,2025-02-05,3,TSE,1211.41455078125,1042.070556640625,1048.788330078125,1054.0335693359375,1032.6451416015625
M7_YLUR_SHUR,7,LUR,HUR,2025-02-03,2025-02-05,3,TSEC,73.60226440429688,69.72173309326172,68.52352142333984,68.91250610351562,69.8597412109375
M7_YLUR_SHUR,7,LUR,HUR,2025-02-04,2025-02-04,1,Yd,1055.6038818359375,1050.2110595703125,1049.9091796875,1050.5015869140625,1049.704833984375
M7_YLUR_SHUR,7,LUR,HUR,2025-02-04,2025-02-04,1,TSE,1188.43212890625,1041.83203125,1033.5521240234375,1045.4512939453125,1039.2822265625
M7_YLUR_SHUR,7,LUR,HUR,2025-02-04,2025-02-04,1,TSEC,67.11162567138672,69.72450256347656,69.8093490600586,69.26554107666016,69.7661361694336
M7_YLUR_SHUR,7,LUR,HUR,2025-02-04,2025-02-05,2,Yd,1053.7235107421875,1050.2110595703125,1049.2806396484375,1051.0738525390625,1049.65869140625
M7_YLUR_SHUR,7,LUR,HUR,2025-02-04,2025-02-05,2,TSE,1211.41455078125,1041.83203125,1049.7113037109375,1031.04541015625,1038.915283203125
M7_YLUR_SHUR,7,LUR,HUR,2025-02-04,2025-02-05,2,TSEC,73.60226440429688,69.72450256347656,69.19595336914062,70.60421752929688,69.8484878540039
M7_YLUR_SHUR,7,LUR,HUR,2025-02-04,2025-02-06,3,Yd,1039.7720947265625,1050.2110595703125,1050.4456787109375,1051.08935546875,1049.76953125
M7_YLUR_SHUR,7,LUR,HUR,2025-02-04,2025-02-06,3,TSE,1055.1370849609375,1041.83203125,1048.2640380859375,1041.4725341796875,1038.106201171875
M7_YLUR_SHUR,7,LUR,HUR,2025-02-04,2025-02-06,3,TSEC,68.28743743896484,69.72450256347656,69.98001861572266,69.43262481689453,69.95852661132812
M7_YLUR_SHUR,7,LUR,HUR,2025-02-05,2025-02-05,1,Yd,1053.7235107421875,1050.2181396484375,1049.45751953125,1051.0401611328125,1049.795654296875
M7_YLUR_SHUR,7,LUR,HUR,2025-02-05,2025-02-05,1,TSE,1211.41455078125,1042.0235595703125,1049.6812744140625,1047.4346923828125,1039.7803955078125
M7_YLUR_SHUR,7,LUR,HUR,2025-02-05,2025-02-05,1,TSEC,73.60226440429688,69.7210922241211,68.94786834716797,70.25580596923828,69.8642578125
M7_YLUR_SHUR,7,LUR,HUR,2025-02-05,2025-02-06,2,Yd,1039.7720947265625,1050.2181396484375,1049.982177734375,1050.3953857421875,1049.78857421875
M7_YLUR_SHUR,7,LUR,HUR,2025-02-05,2025-02-06,2,TSE,1055.1370849609375,1042.0235595703125,1048.2686767578125,1021.4838256835938,1037.560302734375
M7_YLUR_SHUR,7,LUR,HUR,2025-02-05,2025-02-06,2,TSEC,68.28743743896484,69.7210922241211,69.95220184326172,71.3392333984375,69.96920776367188
M7_YLUR_SHUR,7,LUR,HUR,2025-02-05,2025-02-07,3,Yd,1045.824462890625,1050.2181396484375,1052.044921875,1050.8682861328125,1050.0443115234375
M7_YLUR_SHUR,7,LUR,HUR,2025-02-05,2025-02-07,3,TSE,1022.396240234375,1042.0235595703125,1047.8807373046875,1026.9361572265625,1036.0118408203125
M7_YLUR_SHUR,7,LUR,HUR,2025-02-05,2025-02-07,3,TSEC,68.25491333007812,69.7210922241211,69.57112884521484,71.36474609375,69.90982055664062
M7_YLUR_SHUR,7,LUR,HUR,2025-02-06,2025-02-06,1,Yd,1039.7720947265625,1050.2227783203125,1050.169189453125,1050.3758544921875,1050.0513916015625
M7_YLUR_SHUR,7,LUR,HUR,2025-02-06,2025-02-06,1,TSE,1055.1370849609375,1042.2442626953125,1055.33984375,1026.5880126953125,1037.0562744140625
M7_YLUR_SHUR,7,LUR,HUR,2025-02-06,2025-02-06,1,TSEC,68.28743743896484,69.72615814208984,69.5988998413086,70.62096405029297,69.88843536376953
M7_YLUR_SHUR,7,LUR,HUR,2025-02-06,2025-02-07,2,Yd,1045.824462890625,1050.2227783203125,1051.9195556640625,1050.599609375,1050.28466796875
M7_YLUR_SHUR,7,LUR,HUR,2025-02-06,2025-02-07,2,TSE,1022.396240234375,1042.2442626953125,1049.2310791015625,1036.206298828125,1033.703369140625
M7_YLUR_SHUR,7,LUR,HUR,2025-02-06,2025-02-07,2,TSEC,68.25491333007812,69.72615814208984,69.2477798461914,71.19857788085938,69.85062408447266
M7_YLUR_SHUR,7,LUR,HUR,2025-02-06,2025-02-08,3,Yd,1043.890869140625,1050.2227783203125,1049.46044921875,1051.9654541015625,1050.2386474609375
M7_YLUR_SHUR,7,LUR,HUR,2025-02-06,2025-02-08,3,TSE,1034.521728515625,1042.2442626953125,1054.020751953125,1039.655517578125,1031.4019775390625
M7_YLUR_SHUR,7,LUR,HUR,2025-02-06,2025-02-08,3,TSEC,52.11212921142578,69.72615814208984,68.54522705078125,70.71035766601562,69.61363220214844
M7_YLUR_SHUR,7,LUR,HUR,2025-02-07,2025-02-07,1,Yd,1045.824462890625,1050.2091064453125,1051.4599609375,1051.9786376953125,1050.1080322265625
M7_YLUR_SHUR,7,LUR,HUR,2025-02-07,2025-02-07,1,TSE,1022.396240234375,1042.2611083984375,1048.405029296875,1036.4376220703125,1037.65966796875
M7_YLUR_SHUR,7,LUR,HUR,2025-02-07,2025-02-07,1,TSEC,68.25491333007812,69.72428131103516,69.58332824707031,70.461669921875,69.77489471435547
M7_YLUR_SHUR,7,LUR,HUR,2025-02-07,2025-02-08,2,Yd,1043.890869140625,1050.2091064453125,1049.7728271484375,1053.3919677734375,1050.005859375
M7_YLUR_SHUR,7,LUR,HUR,2025-02-07,2025-02-08,2,TSE,1034.521728515625,1042.2611083984375,1054.5904541015625,1059.4659423828125,1034.0845947265625
M7_YLUR_SHUR,7,LUR,HUR,2025-02-07,2025-02-08,2,TSEC,52.11212921142578,69.72428131103516,68.56315612792969,70.67147827148438,69.53788757324219
M7_YLUR_SHUR,7,LUR,HUR,2025-02-07,2025-02-09,3,Yd,1046.3958740234375,1050.2091064453125,1049.00732421875,1052.4091796875,1049.6680908203125
M7_YLUR_SHUR,7,LUR,HUR,2025-02-07,2025-02-09,3,TSE,1227.320068359375,1042.2611083984375,1039.3739013671875,1053.30908203125,1028.10498046875
M7_YLUR_SHUR,7,LUR,HUR,2025-02-07,2025-02-09,3,TSEC,64.25760650634766,69.72428131103516,68.43453979492188,69.11023712158203,69.54058837890625
M7_YLUR_SHUR,7,LUR,HUR,2025-02-08,2025-02-08,1,Yd,1043.890869140625,1050.2034912109375,1051.1182861328125,1050.2108154296875,1049.81884765625
M7_YLUR_SHUR,7,LUR,HUR,2025-02-08,2025-02-08,1,TSE,1034.521728515625,1042.2352294921875,1052.749267578125,1049.4625244140625,1037.178955078125
M7_YLUR_SHUR,7,LUR,HUR,2025-02-08,2025-02-08,1,TSEC,52.11212921142578,69.72236633300781,69.06878662109375,69.42813110351562,69.5888442993164
M7_YLUR_SHUR,7,LUR,HUR,2025-02-08,2025-02-09,2,Yd,1046.3958740234375,1050.2034912109375,1050.5499267578125,1051.5810546875,1049.447021484375
M7_YLUR_SHUR,7,LUR,HUR,2025-02-08,2025-02-09,2,TSE,1227.320068359375,1042.2352294921875,1040.0213623046875,1042.65234375,1031.1004638671875
M7_YLUR_SHUR,7,LUR,HUR,2025-02-08,2025-02-09,2,TSEC,64.25760650634766,69.72236633300781,68.03426361083984,70.62196350097656,69.5810317993164
M7_YLUR_SHUR,7,LUR,HUR,2025-02-08,2025-02-10,3,Yd,1056.034423828125,1050.2034912109375,1050.443115234375,1052.005859375,1049.156982421875
M7_YLUR_SHUR,7,LUR,HUR,2025-02-08,2025-02-10,3,TSE,1196.3336181640625,1042.2352294921875,1057.40771484375,1042.499267578125,1025.2012939453125
M7_YLUR_SHUR,7,LUR,HUR,2025-02-08,2025-02-10,3,TSEC,82.52667999267578,69.72236633300781,69.74518585205078,70.1571273803711,69.6872329711914
M7_YLUR_SHUR,7,LUR,HUR,2025-02-09,2025-02-09,1,Yd,1046.3958740234375,1050.1953125,1050.1236572265625,1050.239990234375,1049.444091796875
M7_YLUR_SHUR,7,LUR,HUR,2025-02-09,2025-02-09,1,TSE,1227.320068359375,1042.2252197265625,1039.8450927734375,1027.2664794921875,1036.94873046875
M7_YLUR_SHUR,7,LUR,HUR,2025-02-09,2025-02-09,1,TSEC,64.25760650634766,69.69950103759766,67.6774673461914,69.72774505615234,69.72687530517578
M7_YLUR_SHUR,7,LUR,HUR,2025-02-09,2025-02-10,2,Yd,1056.034423828125,1050.1953125,1050.0545654296875,1049.464111328125,1049.0032958984375
M7_YLUR_SHUR,7,LUR,HUR,2025-02-09,2025-02-10,2,TSE,1196.3336181640625,1042.2252197265625,1057.8094482421875,1022.0421142578125,1031.573486328125
M7_YLUR_SHUR,7,LUR,HUR,2025-02-09,2025-02-10,2,TSEC,82.52667999267578,69.69950103759766,69.51324462890625,70.19353485107422,69.81853485107422
M7_YLUR_SHUR,7,LUR,HUR,2025-02-09,2025-02-11,3,Yd,1040.307373046875,1050.1953125,1050.0068359375,1048.8885498046875,1048.8690185546875
M7_YLUR_SHUR,7,LUR,HUR,2025-02-09,2025-02-11,3,TSE,980.879150390625,1042.2252197265625,1045.786376953125,1026.3917236328125,1028.16943359375
M7_YLUR_SHUR,7,LUR,HUR,2025-02-09,2025-02-11,3,TSEC,65.20639038085938,69.69950103759766,70.1815414428711,69.96607208251953,69.85787963867188
M7_YLUR_SHUR,7,LUR,HUR,2025-02-10,2025-02-10,1,Yd,1056.034423828125,1050.1903076171875,1050.547119140625,1048.06640625,1049.4378662109375
M7_YLUR_SHUR,7,LUR,HUR,2025-02-10,2025-02-10,1,TSE,1196.3336181640625,1042.46533203125,1058.2574462890625,1025.2119140625,1035.803466796875
M7_YLUR_SHUR,7,LUR,HUR,2025-02-10,2025-02-10,1,TSEC,82.52667999267578,69.69243621826172,70.40962982177734,68.30925750732422,69.839111328125
M7_YLUR_SHUR,7,LUR,HUR,2025-02-10,2025-02-11,2,Yd,1040.307373046875,1050.1903076171875,1050.0040283203125,1047.5634765625,1049.160400390625
M7_YLUR_SHUR,7,LUR,HUR,2025-02-10,2025-02-11,2,TSE,980.879150390625,1042.46533203125,1044.8150634765625,1018.1929931640625,1030.607666015625
M7_YLUR_SHUR,7,LUR,HUR,2025-02-10,2025-02-11,2,TSEC,65.20639038085938,69.69243621826172,70.46475219726562,69.69527435302734,69.9078140258789
M7_YLUR_SHUR,7,LUR,HUR,2025-02-10,2025-02-12,3,Yd,1062.936767578125,1050.1903076171875,1050.4229736328125,1047.9796142578125,1049.161865234375
M7_YLUR_SHUR,7,LUR,HUR,2025-02-10,2025-02-12,3,TSE,1057.3389892578125,1042.46533203125,1048.3623046875,1021.0679931640625,1027.4010009765625
M7_YLUR_SHUR,7,LUR,HUR,2025-02-10,2025-02-12,3,TSEC,67.09075927734375,69.69243621826172,69.12232971191406,70.0865249633789,69.91021728515625
M7_YLUR_SHUR,7,LUR,HUR,2025-02-11,2025-02-11,1,Yd,1040.307373046875,1050.197998046875,1051.347412109375,1049.353515625,1049.6151123046875
M7_YLUR_SHUR,7,LUR,HUR,2025-02-11,2025-02-11,1,TSE,980.879150390625,1042.66455078125,1041.6204833984375,1026.95849609375,1033.4459228515625
M7_YLUR_SHUR,7,LUR,HUR,2025-02-11,2025-02-11,1,TSEC,65.20639038085938,69.70906829833984,70.13951873779297,69.79692840576172,69.80754089355469
M7_YLUR_SHUR,7,LUR,HUR,2025-02-11,2025-02-12,2,Yd,1062.936767578125,1050.197998046875,1049.5665283203125,1049.8148193359375,1049.566162109375
M7_YLUR_SHUR,7,LUR,HUR,2025-02-11,2025-02-12,2,TSE,1057.3389892578125,1042.66455078125,1041.6202392578125,1015.79541015625,1027.73876953125
M7_YLUR_SHUR,7,LUR,HUR,2025-02-11,2025-02-12,2,TSEC,67.09075927734375,69.70906829833984,68.50083923339844,70.18757629394531,69.9094467163086
M7_YLUR_SHUR,7,LUR,HUR,2025-02-11,2025-02-13,3,Yd,1055.6632080078125,1050.197998046875,1049.8302001953125,1051.2586669921875,1049.7479248046875
M7_YLUR_SHUR,7,LUR,HUR,2025-02-11,2025-02-13,3,TSE,983.2676391601562,1042.66455078125,1052.8245849609375,1029.773681640625,1023.3313598632812
M7_YLUR_SHUR,7,LUR,HUR,2025-02-11,2025-02-13,3,TSEC,70.18943786621094,69.70906829833984,69.76558685302734,70.939208984375,69.9913330078125
M7_YLUR_SHUR,7,LUR,HUR,2025-02-12,2025-02-12,1,Yd,1062.936767578125,1050.1851806640625,1049.96142578125,1050.8323974609375,1049.7286376953125
M7_YLUR_SHUR,7,LUR,HUR,2025-02-12,2025-02-12,1,TSE,1057.3389892578125,1042.5845947265625,1047.21875,1029.7254638671875,1037.423583984375
M7_YLUR_SHUR,7,LUR,HUR,2025-02-12,2025-02-12,1,TSEC,67.09075927734375,69.70323944091797,68.5513916015625,70.21563720703125,69.88057708740234
M7_YLUR_SHUR,7,LUR,HUR,2025-02-12,2025-02-13,2,Yd,1055.6632080078125,1050.1851806640625,1050.861083984375,1051.752685546875,1049.7587890625
M7_YLUR_SHUR,7,LUR,HUR,2025-02-12,2025-02-13,2,TSE,983.2676391601562,1042.5845947265625,1039.9964599609375,1044.4803466796875,1033.491943359375
M7_YLUR_SHUR,7,LUR,HUR,2025-02-12,2025-02-13,2,TSEC,70.18943786621094,69.70323944091797,70.00696563720703,71.62828826904297,69.9229507446289
M7_YLUR_SHUR,7,LUR,HUR,2025-02-12,2025-02-14,3,Yd,1038.525634765625,1050.1851806640625,1050.1978759765625,1052.056884765625,1050.00390625
M7_YLUR_SHUR,7,LUR,HUR,2025-02-12,2025-02-14,3,TSE,1061.76806640625,1042.5845947265625,1053.4678955078125,1039.5279541015625,1031.5411376953125
M7_YLUR_SHUR,7,LUR,HUR,2025-02-12,2025-02-14,3,TSEC,60.10088348388672,69.70323944091797,69.341064453125,70.52903747558594,69.83293914794922
M7_YLUR_SHUR,7,LUR,HUR,2025-02-13,2025-02-13,1,Yd,1055.6632080078125,1050.2015380859375,1050.7576904296875,1051.2908935546875,1050.0504150390625
M7_YLUR_SHUR,7,LUR,HUR,2025-02-13,2025-02-13,1,TSE,983.2676391601562,1042.6036376953125,1043.7613525390625,1037.9893798828125,1037.4822998046875
M7_YLUR_SHUR,7,LUR,HUR,2025-02-13,2025-02-13,1,TSEC,70.18943786621094,69.69986724853516,69.4104995727539,70.53558349609375,69.8534164428711
M7_YLUR_SHUR,7,LUR,HUR,2025-02-13,2025-02-14,2,Yd,1038.525634765625,1050.2015380859375,1051.3111572265625,1052.5343017578125,1050.271484375
M7_YLUR_SHUR,7,LUR,HUR,2025-02-13,2025-02-14,2,TSE,1061.76806640625,1042.6036376953125,1043.8809814453125,1030.436279296875,1034.3619384765625
M7_YLUR_SHUR,7,LUR,HUR,2025-02-13,2025-02-14,2,TSEC,60.10088348388672,69.69986724853516,70.022216796875,71.39588165283203,69.75384521484375
M7_YLUR_SHUR,7,LUR,HUR,2025-02-13,2025-02-15,3,Yd,1048.485107421875,1050.2015380859375,1049.742431640625,1052.1595458984375,1050.1722412109375
M7_YLUR_SHUR,7,LUR,HUR,2025-02-13,2025-02-15,3,TSE,1159.3914794921875,1042.6036376953125,1044.197265625,1041.3251953125,1032.2791748046875
M7_YLUR_SHUR,7,LUR,HUR,2025-02-13,2025-02-15,3,TSEC,75.46969604492188,69.69986724853516,68.33098602294922,70.24119567871094,69.48690795898438
M7_YLUR_SHUR,7,LUR,HUR,2025-02-14,2025-02-14,1,Yd,1038.525634765625,1050.2086181640625,1051.5103759765625,1050.134765625,1050.16357421875
M7_YLUR_SHUR,7,LUR,HUR,2025-02-14,2025-02-14,1,TSE,1061.76806640625,1042.5272216796875,1052.8824462890625,1034.1756591796875,1037.9630126953125
M7_YLUR_SHUR,7,LUR,HUR,2025-02-14,2025-02-14,1,TSEC,60.10088348388672,69.70049285888672,70.00421142578125,70.57173156738281,69.72235107421875
M7_YLUR_SHUR,7,LUR,HUR,2025-02-14,2025-02-15,2,Yd,1048.485107421875,1050.2086181640625,1049.5931396484375,1052.0360107421875,1049.9700927734375
M7_YLUR_SHUR,7,LUR,HUR,2025-02-14,2025-02-15,2,TSE,1159.3914794921875,1042.5272216796875,1041.290283203125,1032.14697265625,1035.0986328125
M7_YLUR_SHUR,7,LUR,HUR,2025-02-14,2025-02-15,2,TSEC,75.46969604492188,69.70049285888672,68.60920715332031,70.4559326171875,69.50099182128906
M7_YLUR_SHUR,7,LUR,HUR,2025-02-14,2025-02-16,3,Yd,1059.373046875,1050.2086181640625,1049.0281982421875,1052.4501953125,1049.5118408203125
M7_YLUR_SHUR,7,LUR,HUR,2025-02-14,2025-02-16,3,TSE,998.9924926757812,1042.5272216796875,1047.1324462890625,1041.66455078125,1029.8907470703125
M7_YLUR_SHUR,7,LUR,HUR,2025-02-14,2025-02-16,3,TSEC,61.63991165161133,69.70049285888672,67.8674087524414,69.95587921142578,69.5748062133789
M7_YLUR_SHUR,7,LUR,HUR,2025-02-15,2025-02-15,1,Yd,1048.485107421875,1050.193603515625,1050.7193603515625,1050.7601318359375,1049.761962890625
M7_YLUR_SHUR,7,LUR,HUR,2025-02-15,2025-02-15,1,TSE,1159.3914794921875,1042.552001953125,1043.940185546875,1034.3577880859375,1038.2412109375
M7_YLUR_SHUR,7,LUR,HUR,2025-02-15,2025-02-15,1,TSEC,75.46969604492188,69.68812561035156,68.13373565673828,69.56059265136719,69.60692596435547
M7_YLUR_SHUR,7,LUR,HUR,2025-02-15,2025-02-16,2,Yd,1059.373046875,1050.193603515625,1050.8023681640625,1049.9725341796875,1049.2672119140625
M7_YLUR_SHUR,7,LUR,HUR,2025-02-15,2025-02-16,2,TSE,998.9924926757812,1042.552001953125,1029.2608642578125,1043.5968017578125,1032.931640625
M7_YLUR_SHUR,7,LUR,HUR,2025-02-15,2025-02-16,2,TSEC,61.63991165161133,69.68812561035156,68.15501403808594,69.69570922851562,69.65403747558594
M7_YLUR_SHUR,7,LUR,HUR,2025-02-15,2025-02-17,3,Yd,1054.103759765625,1050.193603515625,1050.0743408203125,1049.7681884765625,1048.86572265625
M7_YLUR_SHUR,7,LUR,HUR,2025-02-15,2025-02-17,3,TSE,943.4398193359375,1042.552001953125,1033.31298828125,1038.6651611328125,1027.189208984375
M7_YLUR_SHUR,7,LUR,HUR,2025-02-15,2025-02-17,3,TSEC,72.14823150634766,69.68812561035156,69.8833999633789,68.93189239501953,69.81878662109375
M7_YLUR_SHUR,7,LUR,HUR,2025-02-16,2025-02-16,1,Yd,1059.373046875,1050.19140625,1049.1431884765625,1049.7822265625,1049.616455078125
M7_YLUR_SHUR,7,LUR,HUR,2025-02-16,2025-02-16,1,TSE,998.9924926757812,1042.7022705078125,1066.0802001953125,1035.2322998046875,1034.780517578125
M7_YLUR_SHUR,7,LUR,HUR,2025-02-16,2025-02-16,1,TSEC,61.63991165161133,69.69556427001953,68.1744384765625,69.38799285888672,69.68872833251953
M7_YLUR_SHUR,7,LUR,HUR,2025-02-16,2025-02-17,2,Yd,1054.103759765625,1050.19140625,1050.9407958984375,1050.416259765625,1049.3021240234375
M7_YLUR_SHUR,7,LUR,HUR,2025-02-16,2025-02-17,2,TSE,943.4398193359375,1042.7022705078125,1058.4454345703125,1016.2141723632812,1027.221435546875
M7_YLUR_SHUR,7,LUR,HUR,2025-02-16,2025-02-17,2,TSEC,72.14823150634766,69.69556427001953,70.21061706542969,71.64581298828125,69.78092956542969
M7_YLUR_SHUR,7,LUR,HUR,2025-02-16,2025-02-18,3,Yd,1029.7060546875,1050.19140625,1051.039306640625,1051.30859375,1049.26904296875
M7_YLUR_SHUR,7,LUR,HUR,2025-02-16,2025-02-18,3,TSE,1126.06591796875,1042.7022705078125,1054.3463134765625,1013.7532348632812,1021.415283203125
M7_YLUR_SHUR,7,LUR,HUR,2025-02-16,2025-02-18,3,TSEC,70.81059265136719,69.69556427001953,69.52145385742188,71.67838287353516,69.86450958251953
M7_YLUR_SHUR,7,LUR,HUR,2025-02-17,2025-02-17,1,Yd,1054.103759765625,1050.2032470703125,1050.87451171875,1049.8076171875,1049.4273681640625
M7_YLUR_SHUR,7,LUR,HUR,2025-02-17,2025-02-17,1,TSE,943.4398193359375,1042.6461181640625,1032.157958984375,1019.838134765625,1034.595947265625
M7_YLUR_SHUR,7,LUR,HUR,2025-02-17,2025-02-17,1,TSEC,72.14823150634766,69.68521118164062,70.22607421875,68.68526458740234,69.84251403808594
M7_YLUR_SHUR,7,LUR,HUR,2025-02-17,2025-02-18,2,Yd,1029.7060546875,1050.2032470703125,1049.482666015625,1050.885009765625,1049.1849365234375
M7_YLUR_SHUR,7,LUR,HUR,2025-02-17,2025-02-18,2,TSE,1126.06591796875,1042.6461181640625,1048.470703125,1012.14794921875,1028.125244140625
M7_YLUR_SHUR,7,LUR,HUR,2025-02-17,2025-02-18,2,TSEC,70.81059265136719,69.68521118164062,69.5025405883789,70.13613891601562,69.94338989257812
M7_YLUR_SHUR,7,LUR,HUR,2025-02-17,2025-02-19,3,Yd,1043.5504150390625,1050.2032470703125,1050.3206787109375,1049.749755859375,1049.2259521484375
M7_YLUR_SHUR,7,LUR,HUR,2025-02-17,2025-02-19,3,TSE,964.9934692382812,1042.6461181640625,1043.06103515625,1008.2084350585938,1025.2281494140625
M7_YLUR_SHUR,7,LUR,HUR,2025-02-17,2025-02-19,3,TSEC,65.73365020751953,69.68521118164062,69.07923889160156,71.81255340576172,69.92670440673828
M7_YLUR_SHUR,7,LUR,HUR,2025-02-18,2025-02-18,1,Yd,1029.7060546875,1050.208251953125,1047.510009765625,1049.0003662109375,1049.55078125
M7_YLUR_SHUR,7,LUR,HUR,2025-02-18,2025-02-18,1,TSE,1126.06591796875,1042.518798828125,1044.9842529296875,1029.1783447265625,1036.10986328125
M7_YLUR_SHUR,7,LUR,HUR,2025-02-18,2025-02-18,1,TSEC,70.81059265136719,69.68836975097656,70.4835433959961,69.28598022460938,69.83123779296875
M7_YLUR_SHUR,7,LUR,HUR,2025-02-18,2025-02-19,2,Yd,1043.5504150390625,1050.208251953125,1051.568603515625,1049.7899169921875,1049.5340576171875
M7_YLUR_SHUR,7,LUR,HUR,2025-02-18,2025-02-19,2,TSE,964.9934692382812,1042.518798828125,1048.5362548828125,1021.2728271484375,1032.3594970703125
M7_YLUR_SHUR,7,LUR,HUR,2025-02-18,2025-02-19,2,TSEC,65.73365020751953,69.68836975097656,68.51073455810547,71.08238220214844,69.9299087524414
M7_YLUR_SHUR,7,LUR,HUR,2025-02-18,2025-02-20,3,Yd,1050.2314453125,1050.208251953125,1050.7969970703125,1049.3944091796875,1049.6761474609375
M7_YLUR_SHUR,7,LUR,HUR,2025-02-18,2025-02-20,3,TSE,847.98779296875,1042.518798828125,1052.095458984375,1020.0057983398438,1029.1949462890625
M7_YLUR_SHUR,7,LUR,HUR,2025-02-18,2025-02-20,3,TSEC,62.88561248779297,69.68836975097656,70.12670135498047,70.78125,69.97538757324219
M7_YLUR_SHUR,7,LUR,HUR,2025-02-19,2025-02-19,1,Yd,1043.5504150390625,1050.181884765625,1049.3404541015625,1049.15771484375,1049.8082275390625
M7_YLUR_SHUR,7,LUR,HUR,2025-02-19,2025-02-19,1,TSE,964.9934692382812,1042.6258544921875,1052.42919921875,1046.3836669921875,1038.5274658203125
M7_YLUR_SHUR,7,LUR,HUR,2025-02-19,2025-02-19,1,TSEC,65.73365020751953,69.68981170654297,68.80859375,69.16246795654297,69.86882019042969
M7_YLUR_SHUR,7,LUR,HUR,2025-02-19,2025-02-20,2,Yd,1050.2314453125,1050.181884765625,1050.0174560546875,1050.3853759765625,1049.8963623046875
M7_YLUR_SHUR,7,LUR,HUR,2025-02-19,2025-02-20,2,TSE,847.98779296875,1042.6258544921875,1038.2296142578125,1039.9254150390625,1036.017333984375
M7_YLUR_SHUR,7,LUR,HUR,2025-02-19,2025-02-20,2,TSEC,62.88561248779297,69.68981170654297,69.98954772949219,70.09881591796875,69.9137954711914
M7_YLUR_SHUR,7,LUR,HUR,2025-02-19,2025-02-21,3,Yd,1054.41943359375,1050.181884765625,1049.690673828125,1050.3966064453125,1050.2022705078125
M7_YLUR_SHUR,7,LUR,HUR,2025-02-19,2025-02-21,3,TSE,1087.655517578125,1042.6258544921875,1058.8616943359375,1043.1494140625,1034.4080810546875
M7_YLUR_SHUR,7,LUR,HUR,2025-02-19,2025-02-21,3,TSEC,61.498600006103516,69.68981170654297,69.25251007080078,69.83792877197266,69.81853485107422
M7_YLUR_SHUR,7,LUR,HUR,2025-02-20,2025-02-20,1,Yd,1050.2314453125,1050.1734619140625,1050.2972412109375,1050.8121337890625,1050.1031494140625
M7_YLUR_SHUR,7,LUR,HUR,2025-02-20,2025-02-20,1,TSE,847.98779296875,1042.5264892578125,1038.7066650390625,1038.6671142578125,1040.0311279296875
M7_YLUR_SHUR,7,LUR,HUR,2025-02-20,2025-02-20,1,TSEC,62.88561248779297,69.68474578857422,69.88206481933594,70.36443328857422,69.86209869384766
M7_YLUR_SHUR,7,LUR,HUR,2025-02-20,2025-02-21,2,Yd,1054.41943359375,1050.1734619140625,1051.64501953125,1051.8131103515625,1050.3768310546875
M7_YLUR_SHUR,7,LUR,HUR,2025-02-20,2025-02-21,2,TSE,1087.655517578125,1042.5264892578125,1047.05712890625,1041.3724365234375,1038.4876708984375
M7_YLUR_SHUR,7,LUR,HUR,2025-02-20,2025-02-21,2,TSEC,61.498600006103516,69.68474578857422,69.27345275878906,71.74263000488281,69.76679229736328
M7_YLUR_SHUR,7,LUR,HUR,2025-02-20,2025-02-22,3,Yd,1043.0084228515625,1050.1734619140625,1049.4228515625,1051.4515380859375,1050.2298583984375
M7_YLUR_SHUR,7,LUR,HUR,2025-02-20,2025-02-22,3,TSE,1146.594970703125,1042.5264892578125,1029.115234375,1039.524169921875,1037.368408203125
M7_YLUR_SHUR,7,LUR,HUR,2025-02-20,2025-02-22,3,TSEC,77.7342529296875,69.68474578857422,68.71308135986328,69.81170654296875,69.45614624023438
M7_YLUR_SHUR,7,LUR,HUR,2025-02-21,2025-02-21,1,Yd,1054.41943359375,1050.1734619140625,1049.1968994140625,1053.312255859375,1050.1519775390625
M7_YLUR_SHUR,7,LUR,HUR,2025-02-21,2025-02-21,1,TSE,1087.655517578125,1042.2777099609375,1042.1207275390625,1050.5361328125,1041.352294921875
M7_YLUR_SHUR,7,LUR,HUR,2025-02-21,2025-02-21,1,TSEC,61.498600006103516,69.6760482788086,68.92747497558594,69.98763275146484,69.70590209960938
M7_YLUR_SHUR,7,LUR,HUR,2025-02-21,2025-02-22,2,Yd,1043.0084228515625,1050.1734619140625,1049.53515625,1052.4388427734375,1049.9727783203125
M7_YLUR_SHUR,7,LUR,HUR,2025-02-21,2025-02-22,2,TSE,1146.594970703125,1042.2777099609375,1032.8623046875,1037.3399658203125,1040.20947265625
M7_YLUR_SHUR,7,LUR,HUR,2025-02-21,2025-02-22,2,TSEC,77.7342529296875,69.6760482788086,68.56600189208984,71.23680114746094,69.46997833251953
M7_YLUR_SHUR,7,LUR,HUR,2025-02-21,2025-02-23,3,Yd,1040.6119384765625,1050.1734619140625,1049.291259765625,1051.594482421875,1049.6329345703125
M7_YLUR_SHUR,7,LUR,HUR,2025-02-21,2025-02-23,3,TSE,1182.6422119140625,1042.2777099609375,1044.44775390625,1054.005859375,1036.9407958984375
M7_YLUR_SHUR,7,LUR,HUR,2025-02-21,2025-02-23,3,TSEC,68.6267318725586,69.6760482788086,68.25635528564453,68.82369232177734,69.43215942382812
M7_YLUR_SHUR,7,LUR,HUR,2025-02-22,2025-02-22,1,Yd,1043.0084228515625,1050.178955078125,1050.2818603515625,1050.241943359375,1049.791015625
M7_YLUR_SHUR,7,LUR,HUR,2025-02-22,2025-02-22,1,TSE,1146.594970703125,1042.335693359375,1036.597900390625,1035.68603515625,1039.7347412109375
M7_YLUR_SHUR,7,LUR,HUR,2025-02-22,2025-02-22,1,TSEC,77.7342529296875,69.66561126708984,68.62147521972656,70.48184204101562,69.59550476074219
M7_YLUR_SHUR,7,LUR,HUR,2025-02-22,2025-02-23,2,Yd,1040.6119384765625,1050.178955078125,1048.846435546875,1049.53759765625,1049.4078369140625
M7_YLUR_SHUR,7,LUR,HUR,2025-02-22,2025-02-23,2,TSE,1182.6422119140625,1042.335693359375,1040.5023193359375,1024.170654296875,1035.9029541015625
M7_YLUR_SHUR,7,LUR,HUR,2025-02-22,2025-02-23,2,TSEC,68.6267318725586,69.66561126708984,68.20062255859375,70.23005676269531,69.61123657226562
M7_YLUR_SHUR,7,LUR,HUR,2025-02-22,2025-02-24,3,Yd,1041.462646484375,1050.178955078125,1049.80029296875,1050.441650390625,1049.0712890625
M7_YLUR_SHUR,7,LUR,HUR,2025-02-22,2025-02-24,3,TSE,1015.1162719726562,1042.335693359375,1048.034423828125,1037.4918212890625,1030.8743896484375
M7_YLUR_SHUR,7,LUR,HUR,2025-02-22,2025-02-24,3,TSEC,73.53880310058594,69.66561126708984,69.78170013427734,69.56266784667969,69.77183532714844
M7_YLUR_SHUR,7,LUR,HUR,2025-02-23,2025-02-23,1,Yd,1040.6119384765625,1050.169677734375,1049.4215087890625,1048.81787109375,1049.7093505859375
M7_YLUR_SHUR,7,LUR,HUR,2025-02-23,2025-02-23,1,TSE,1182.6422119140625,1042.4686279296875,1043.3675537109375,1046.1920166015625,1035.9783935546875
M7_YLUR_SHUR,7,LUR,HUR,2025-02-23,2025-02-23,1,TSEC,68.6267318725586,69.6759033203125,68.33401489257812,68.51056671142578,69.66900634765625
M7_YLUR_SHUR,7,LUR,HUR,2025-02-23,2025-02-24,2,Yd,1041.462646484375,1050.169677734375,1050.4349365234375,1048.410400390625,1049.4139404296875
M7_YLUR_SHUR,7,LUR,HUR,2025-02-23,2025-02-24,2,TSE,1015.1162719726562,1042.4686279296875,1045.87353515625,1031.287109375,1029.5548095703125
M7_YLUR_SHUR,7,LUR,HUR,2025-02-23,2025-02-24,2,TSEC,73.53880310058594,69.6759033203125,69.87508392333984,69.26264190673828,69.77239990234375
M7_YLUR_SHUR,7,LUR,HUR,2025-02-23,2025-02-25,3,Yd,1056.0599365234375,1050.169677734375,1049.4752197265625,1049.27392578125,1049.3687744140625
M7_YLUR_SHUR,7,LUR,HUR,2025-02-23,2025-02-25,3,TSE,1096.9793701171875,1042.4686279296875,1038.9119873046875,1033.059814453125,1024.147216796875
M7_YLUR_SHUR,7,LUR,HUR,2025-02-23,2025-02-25,3,TSEC,55.94528579711914,69.6759033203125,69.9148178100586,69.77685546875,69.86503601074219
M7_YLUR_SHUR,7,LUR,HUR,2025-02-24,2025-02-24,1,Yd,1041.462646484375,1050.1575927734375,1049.8133544921875,1049.5009765625,1049.5955810546875
M7_YLUR_SHUR,7,LUR,HUR,2025-02-24,2025-02-24,1,TSE,1015.1162719726562,1042.647216796875,1051.7554931640625,1039.615478515625,1034.350830078125
M7_YLUR_SHUR,7,LUR,HUR,2025-02-24,2025-02-24,1,TSEC,73.53880310058594,69.67456817626953,69.54463195800781,68.42953491210938,69.80387878417969
M7_YLUR_SHUR,7,LUR,HUR,2025-02-24,2025-02-25,2,Yd,1056.0599365234375,1050.1575927734375,1049.6468505859375,1050.01416015625,1049.429931640625
M7_YLUR_SHUR,7,LUR,HUR,2025-02-24,2025-02-25,2,TSE,1096.9793701171875,1042.647216796875,1034.7103271484375,1030.148681640625,1027.7205810546875
M7_YLUR_SHUR,7,LUR,HUR,2025-02-24,2025-02-25,2,TSEC,55.94528579711914,69.67456817626953,69.6956558227539,70.6148452758789,69.89813995361328
M7_YLUR_SHUR,7,LUR,HUR,2025-02-24,2025-02-26,3,Yd,1046.8902587890625,1050.1575927734375,1049.8740234375,1050.231689453125,1049.50048828125
M7_YLUR_SHUR,7,LUR,HUR,2025-02-24,2025-02-26,3,TSE,1024.0582275390625,1042.647216796875,1050.410400390625,1027.0611572265625,1024.713134765625
M7_YLUR_SHUR,7,LUR,HUR,2025-02-24,2025-02-26,3,TSEC,77.67776489257812,69.67456817626953,69.07350158691406,70.44335174560547,69.89337921142578
M7_YLUR_SHUR,7,LUR,HUR,2025-02-25,2025-02-25,1,Yd,1056.0599365234375,1050.146484375,1050.5013427734375,1051.14794921875,1049.666015625
M7_YLUR_SHUR,7,LUR,HUR,2025-02-25,2025-02-25,1,TSE,1096.9793701171875,1042.6121826171875,1037.0771484375,1038.3941650390625,1035.881103515625
M7_YLUR_SHUR,7,LUR,HUR,2025-02-25,2025-02-25,1,TSEC,55.94528579711914,69.67948150634766,70.24794006347656,69.52336883544922,69.81226348876953
M7_YLUR_SHUR,7,LUR,HUR,2025-02-25,2025-02-26,2,Yd,1046.8902587890625,1050.146484375,1049.948486328125,1051.24609375,1049.613037109375
M7_YLUR_SHUR,7,LUR,HUR,2025-02-25,2025-02-26,2,TSE,1024.0582275390625,1042.6121826171875,1049.6602783203125,1016.71044921875,1032.4547119140625
M7_YLUR_SHUR,7,LUR,HUR,2025-02-25,2025-02-26,2,TSEC,77.67776489257812,69.67948150634766,68.48275756835938,71.27843475341797,69.9070816040039
M7_YLUR_SHUR,7,LUR,HUR,2025-02-25,2025-02-27,3,Yd,1049.2220458984375,1050.146484375,1049.5615234375,1051.3216552734375,1049.766357421875
M7_YLUR_SHUR,7,LUR,HUR,2025-02-25,2025-02-27,3,TSE,1058.47998046875,1042.6121826171875,1034.9560546875,1019.4900512695312,1029.786376953125
M7_YLUR_SHUR,7,LUR,HUR,2025-02-25,2025-02-27,3,TSEC,68.71707916259766,69.67948150634766,69.76802062988281,71.09949493408203,69.95292663574219
M7_YLUR_SHUR,7,LUR,HUR,2025-02-26,2025-02-26,1,Yd,1046.8902587890625,1050.154052734375,1050.2227783203125,1050.197509765625,1049.74951171875
M7_YLUR_SHUR,7,LUR,HUR,2025-02-26,2025-02-26,1,TSE,1024.0582275390625,1042.6812744140625,1051.0960693359375,1027.592529296875,1038.8800048828125
M7_YLUR_SHUR,7,LUR,HUR,2025-02-26,2025-02-26,1,TSEC,77.67776489257812,69.66202545166016,68.75891876220703,71.60602569580078,69.8597183227539
M7_YLUR_SHUR,7,LUR,HUR,2025-02-26,2025-02-27,2,Yd,1049.2220458984375,1050.154052734375,1049.37744140625,1050.364013671875,1049.9072265625
M7_YLUR_SHUR,7,LUR,HUR,2025-02-26,2025-02-27,2,TSE,1058.47998046875,1042.6812744140625,1051.950927734375,1029.5509033203125,1035.8525390625
M7_YLUR_SHUR,7,LUR,HUR,2025-02-26,2025-02-27,2,TSEC,68.71707916259766,69.66202545166016,69.42837524414062,70.5888671875,69.85676574707031
M7_YLUR_SHUR,7,LUR,HUR,2025-02-26,2025-02-28,3,Yd,1035.8397216796875,1050.154052734375,1052.119140625,1050.0677490234375,1050.280517578125
M7_YLUR_SHUR,7,LUR,HUR,2025-02-26,2025-02-28,3,TSE,1110.89306640625,1042.6812744140625,1042.554931640625,1037.54443359375,1034.2301025390625
M7_YLUR_SHUR,7,LUR,HUR,2025-02-26,2025-02-28,3,TSEC,74.27926635742188,69.66202545166016,69.54451751708984,70.4871826171875,69.75383758544922
M7_YLUR_SHUR,7,LUR,HUR,2025-02-27,2025-02-27,1,Yd,1049.2220458984375,1050.14990234375,1049.2191162109375,1050.6258544921875,1050.2440185546875
M7_YLUR_SHUR,7,LUR,HUR,2025-02-27,2025-02-27,1,TSE,1058.47998046875,1042.65771484375,1055.7275390625,1035.101318359375,1039.03857421875
M7_YLUR_SHUR,7,LUR,HUR,2025-02-27,2025-02-27,1,TSEC,68.71707916259766,69.67220306396484,69.73564910888672,70.15489196777344,69.86465454101562
M7_YLUR_SHUR,7,LUR,HUR,2025-02-27,2025-02-28,2,Yd,1035.8397216796875,1050.14990234375,1052.232666015625,1052.5526123046875,1050.6080322265625
M7_YLUR_SHUR,7,LUR,HUR,2025-02-27,2025-02-28,2,TSE,1110.89306640625,1042.65771484375,1048.446044921875,1036.8123779296875,1036.6937255859375
M7_YLUR_SHUR,7,LUR,HUR,2025-02-27,2025-02-28,2,TSEC,74.27926635742188,69.67220306396484,69.73992156982422,70.50109100341797,69.7768783569336
M7_YLUR_SHUR,7,LUR,HUR,2025-02-27,2025-03-01,3,Yd,1045.4749755859375,1050.14990234375,1048.8096923828125,1053.1778564453125,1050.5374755859375
M7_YLUR_SHUR,7,LUR,HUR,2025-02-27,2025-03-01,3,TSE,919.9385986328125,1042.65771484375,1048.798583984375,1043.342529296875,1034.8087158203125
M7_YLUR_SHUR,7,LUR,HUR,2025-02-27,2025-03-01,3,TSEC,77.47282409667969,69.67220306396484,68.20646667480469,70.4474105834961,69.48782348632812
M7_YLUR_SHUR,7,LUR,HUR,2025-02-28,2025-02-28,1,Yd,1035.8397216796875,1050.148681640625,1051.5335693359375,1051.527099609375,1050.334716796875
M7_YLUR_SHUR,7,LUR,HUR,2025-02-28,2025-02-28,1,TSE,1110.89306640625,1042.677734375,1041.552978515625,1043.10888671875,1038.808349609375
M7_YLUR_SHUR,7,LUR,HUR,2025-02-28,2025-02-28,1,TSEC,74.27926635742188,69.67098999023438,68.70438385009766,69.98385620117188,69.73880767822266
M7_YLUR_SHUR,7,LUR,HUR,2025-02-28,2025-03-01,2,Yd,1045.4749755859375,1050.148681640625,1048.6573486328125,1052.779296875,1050.278564453125
M7_YLUR_SHUR,7,LUR,HUR,2025-02-28,2025-03-01,2,TSE,919.9385986328125,1042.677734375,1039.6971435546875,1044.2735595703125,1035.5162353515625
M7_YLUR_SHUR,7,LUR,HUR,2025-02-28,2025-03-01,2,TSEC,77.47282409667969,69.67098999023438,69.39898681640625,70.18695068359375,69.51008605957031
M7_YLUR_SHUR,7,LUR,HUR,2025-02-28,2025-03-02,3,Yd,1047.45849609375,1050.148681640625,1048.934814453125,1052.79736328125,1049.923828125
M7_YLUR_SHUR,7,LUR,HUR,2025-02-28,2025-03-02,3,TSE,990.56689453125,1042.677734375,1039.477783203125,1042.2974853515625,1030.4586181640625
M7_YLUR_SHUR,7,LUR,HUR,2025-02-28,2025-03-02,3,TSEC,72.1212158203125,69.67098999023438,67.92473602294922,69.83130645751953,69.52594757080078
M7_YLUR_SHUR,7,LUR,HUR,2025-03-01,2025-03-01,1,Yd,1045.4749755859375,1050.1304931640625,1048.02978515625,1050.5794677734375,1050.0777587890625
M7_YLUR_SHUR,7,LUR,HUR,2025-03-01,2025-03-01,1,TSE,919.9385986328125,1042.7640380859375,1041.1622314453125,1055.8768310546875,1037.154052734375
M7_YLUR_SHUR,7,LUR,HUR,2025-03-01,2025-03-01,1,TSEC,77.47282409667969,69.67682647705078,68.57484436035156,68.87740325927734,69.59642791748047
M7_YLUR_SHUR,7,LUR,HUR,2025-03-01,2025-03-02,2,Yd,1047.45849609375,1050.1304931640625,1049.914794921875,1052.5989990234375,1049.7547607421875
M7_YLUR_SHUR,7,LUR,HUR,2025-03-01,2025-03-02,2,TSE,990.56689453125,1042.7640380859375,1050.444580078125,1049.632080078125,1030.832763671875
M7_YLUR_SHUR,7,LUR,HUR,2025-03-01,2025-03-02,2,TSEC,72.1212158203125,69.67682647705078,67.87806701660156,70.49681854248047,69.55596160888672
M7_YLUR_SHUR,7,LUR,HUR,2025-03-01,2025-03-03,3,Yd,1052.475341796875,1050.1304931640625,1050.6173095703125,1053.7734375,1049.384033203125
M7_YLUR_SHUR,7,LUR,HUR,2025-03-01,2025-03-03,3,TSE,898.6631469726562,1042.7640380859375,1038.8135986328125,1049.0587158203125,1023.89306640625
M7_YLUR_SHUR,7,LUR,HUR,2025-03-01,2025-03-03,3,TSEC,73.6458969116211,69.67682647705078,69.86542510986328,70.6057357788086,69.69392395019531
M7_YLUR_SHUR,7,LUR,HUR,2025-03-02,2025-03-02,1,Yd,1047.45849609375,1050.1246337890625,1050.2513427734375,1051.24267578125,1049.79931640625
M7_YLUR_SHUR,7,LUR,HUR,2025-03-02,2025-03-02,1,TSE,990.56689453125,1042.6087646484375,1048.7913818359375,1046.0679931640625,1034.9232177734375
M7_YLUR_SHUR,7,LUR,HUR,2025-03-02,2025-03-02,1,TSEC,72.1212158203125,69.68668365478516,67.56000518798828,68.38347625732422,69.62076568603516
M7_YLUR_SHUR,7,LUR,HUR,2025-03-02,2025-03-03,2,Yd,1052.475341796875,1050.1246337890625,1049.0521240234375,1050.49072265625,1049.648681640625
M7_YLUR_SHUR,7,LUR,HUR,2025-03-02,2025-03-03,2,TSE,898.6631469726562,1042.6087646484375,1037.55126953125,1025.93115234375,1027.4027099609375
M7_YLUR_SHUR,7,LUR,HUR,2025-03-02,2025-03-03,2,TSEC,73.6458969116211,69.68668365478516,69.43103790283203,70.67748260498047,69.6781234741211
M7_YLUR_SHUR,7,LUR,HUR,2025-03-02,2025-03-04,3,Yd,1053.9688720703125,1050.1246337890625,1049.8697509765625,1051.74267578125,1049.6082763671875
M7_YLUR_SHUR,7,LUR,HUR,2025-03-02,2025-03-04,3,TSE,1155.101318359375,1042.6087646484375,1039.419921875,1023.68994140625,1022.046875
M7_YLUR_SHUR,7,LUR,HUR,2025-03-02,2025-03-04,3,TSEC,77.50992584228516,69.68668365478516,69.26861572265625,71.47137451171875,69.76921081542969
M7_YLUR_SHUR,7,LUR,HUR,2025-03-03,2025-03-03,1,Yd,1052.475341796875,1050.121337890625,1048.8585205078125,1051.648193359375,1049.733154296875
M7_YLUR_SHUR,7,LUR,HUR,2025-03-03,2025-03-03,1,TSE,898.6631469726562,1042.5430908203125,1044.544921875,1035.84326171875,1033.5565185546875
M7_YLUR_SHUR,7,LUR,HUR,2025-03-03,2025-03-03,1,TSEC,73.6458969116211,69.68975830078125,70.04136657714844,67.41399383544922,69.7489242553711
M7_YLUR_SHUR,7,LUR,HUR,2025-03-03,2025-03-04,2,Yd,1053.9688720703125,1050.121337890625,1050.0462646484375,1049.442626953125,1049.6474609375
M7_YLUR_SHUR,7,LUR,HUR,2025-03-03,2025-03-04,2,TSE,1155.101318359375,1042.5430908203125,1038.2398681640625,1030.8719482421875,1027.9361572265625
M7_YLUR_SHUR,7,LUR,HUR,2025-03-03,2025-03-04,2,TSEC,77.50992584228516,69.68975830078125,69.59635162353516,70.56690979003906,69.8111343383789
M7_YLUR_SHUR,7,LUR,HUR,2025-03-03,2025-03-05,3,Yd,1028.7464599609375,1050.121337890625,1049.1676025390625,1050.040283203125,1049.6533203125
M7_YLUR_SHUR,7,LUR,HUR,2025-03-03,2025-03-05,3,TSE,1201.5682373046875,1042.5430908203125,1043.85009765625,1021.5692749023438,1027.2061767578125
M7_YLUR_SHUR,7,LUR,HUR,2025-03-03,2025-03-05,3,TSEC,62.068790435791016,69.68975830078125,69.18789672851562,70.84954833984375,69.87999725341797
M7_YLUR_SHUR,7,LUR,HUR,2025-03-04,2025-03-04,1,Yd,1053.9688720703125,1050.124267578125,1051.3204345703125,1050.4676513671875,1049.8192138671875
M7_YLUR_SHUR,7,LUR,HUR,2025-03-04,2025-03-04,1,TSE,1155.101318359375,1042.361572265625,1038.277099609375,1039.943115234375,1036.5390625
M7_YLUR_SHUR,7,LUR,HUR,2025-03-04,2025-03-04,1,TSEC,77.50992584228516,69.69474792480469,69.54071044921875,69.0307388305664,69.8003921508789
M7_YLUR_SHUR,7,LUR,HUR,2025-03-04,2025-03-05,2,Yd,1028.7464599609375,1050.124267578125,1049.164794921875,1049.932373046875,1049.7451171875
M7_YLUR_SHUR,7,LUR,HUR,2025-03-04,2025-03-05,2,TSE,1201.5682373046875,1042.361572265625,1052.4031982421875,1024.0452880859375,1034.7318115234375
M7_YLUR_SHUR,7,LUR,HUR,2025-03-04,2025-03-05,2,TSEC,62.068790435791016,69.69474792480469,68.30414581298828,70.85491943359375,69.90969848632812
M7_YLUR_SHUR,7,LUR,HUR,2025-03-04,2025-03-06,3,Yd,1049.7362060546875,1050.124267578125,1049.871826171875,1050.846923828125,1049.986083984375
M7_YLUR_SHUR,7,LUR,HUR,2025-03-04,2025-03-06,3,TSE,1154.029296875,1042.361572265625,1052.516845703125,1025.9810791015625,1032.822998046875
M7_YLUR_SHUR,7,LUR,HUR,2025-03-04,2025-03-06,3,TSEC,68.4569320678711,69.69474792480469,69.46035766601562,71.3123550415039,70.0452651977539
M7_YLUR_SHUR,7,LUR,HUR,2025-03-05,2025-03-05,1,Yd,1028.7464599609375,1050.129150390625,1048.373291015625,1050.5633544921875,1049.944091796875
M7_YLUR_SHUR,7,LUR,HUR,2025-03-05,2025-03-05,1,TSE,1201.5682373046875,1042.503662109375,1046.9599609375,1035.114501953125,1037.4610595703125
M7_YLUR_SHUR,7,LUR,HUR,2025-03-05,2025-03-05,1,TSEC,62.068790435791016,69.70458984375,68.47532653808594,69.73922729492188,69.87135314941406
M7_YLUR_SHUR,7,LUR,HUR,2025-03-05,2025-03-06,2,Yd,1049.7362060546875,1050.129150390625,1049.146728515625,1051.6192626953125,1050.20556640625
M7_YLUR_SHUR,7,LUR,HUR,2025-03-05,2025-03-06,2,TSE,1154.029296875,1042.503662109375,1041.7587890625,1034.929931640625,1034.1993408203125
M7_YLUR_SHUR,7,LUR,HUR,2025-03-05,2025-03-06,2,TSEC,68.4569320678711,69.70458984375,69.02676391601562,70.54814910888672,69.98513793945312
M7_YLUR_SHUR,7,LUR,HUR,2025-03-05,2025-03-07,3,Yd,1047.4049072265625,1050.129150390625,1049.848876953125,1052.2767333984375,1050.6837158203125
M7_YLUR_SHUR,7,LUR,HUR,2025-03-05,2025-03-07,3,TSE,1009.8817749023438,1042.503662109375,1040.020263671875,1034.4896240234375,1031.3428955078125
M7_YLUR_SHUR,7,LUR,HUR,2025-03-05,2025-03-07,3,TSEC,71.4322280883789,69.70458984375,68.8839340209961,71.43315887451172,69.99078369140625
M7_YLUR_SHUR,7,LUR,HUR,2025-03-06,2025-03-06,1,Yd,1049.7362060546875,1050.102294921875,1048.0211181640625,1051.861328125,1050.2940673828125
M7_YLUR_SHUR,7,LUR,HUR,2025-03-06,2025-03-06,1,TSE,1154.029296875,1042.7037353515625,1040.717041015625,1036.9957275390625,1038.7625732421875
M7_YLUR_SHUR,7,LUR,HUR,2025-03-06,2025-03-06,1,TSEC,68.4569320678711,69.69498443603516,69.62230682373047,69.90597534179688,69.9470443725586
M7_YLUR_SHUR,7,LUR,HUR,2025-03-06,2025-03-07,2,Yd,1047.4049072265625,1050.102294921875,1049.5126953125,1050.749755859375,1050.6712646484375
M7_YLUR_SHUR,7,LUR,HUR,2025-03-06,2025-03-07,2,TSE,1009.8817749023438,1042.7037353515625,1040.593505859375,1063.6451416015625,1036.218505859375
M7_YLUR_SHUR,7,LUR,HUR,2025-03-06,2025-03-07,2,TSEC,71.4322280883789,69.69498443603516,69.01494598388672,70.96969604492188,69.93325805664062
M7_YLUR_SHUR,7,LUR,HUR,2025-03-06,2025-03-08,3,Yd,1055.591064453125,1050.102294921875,1049.6014404296875,1051.879150390625,1050.755615234375
M7_YLUR_SHUR,7,LUR,HUR,2025-03-06,2025-03-08,3,TSE,1072.8157958984375,1042.7037353515625,1048.3905029296875,1058.7615966796875,1033.90625
M7_YLUR_SHUR,7,LUR,HUR,2025-03-06,2025-03-08,3,TSEC,70.6007308959961,69.69498443603516,69.00740814208984,69.18132019042969,69.66178894042969
M7_YLUR_SHUR,7,LUR,HUR,2025-03-07,2025-03-07,1,Yd,1047.4049072265625,1050.101806640625,1052.23779296875,1054.3433837890625,1050.4622802734375
M7_YLUR_SHUR,7,LUR,HUR,2025-03-07,2025-03-07,1,TSE,1009.8817749023438,1042.8436279296875,1041.404541015625,1043.404052734375,1037.82861328125
M7_YLUR_SHUR,7,LUR,HUR,2025-03-07,2025-03-07,1,TSEC,71.4322280883789,69.69342803955078,69.00902557373047,71.09896087646484,69.80326080322266
M7_YLUR_SHUR,7,LUR,HUR,2025-03-07,2025-03-08,2,Yd,1055.591064453125,1050.101806640625,1048.4720458984375,1053.37841796875,1050.5511474609375
M7_YLUR_SHUR,7,LUR,HUR,2025-03-07,2025-03-08,2,TSE,1072.8157958984375,1042.8436279296875,1048.734619140625,1041.4559326171875,1033.9329833984375
M7_YLUR_SHUR,7,LUR,HUR,2025-03-07,2025-03-08,2,TSEC,70.6007308959961,69.69342803955078,69.07564544677734,68.7745361328125,69.581787109375
M7_YLUR_SHUR,7,LUR,HUR,2025-03-07,2025-03-09,3,Yd,1041.030029296875,1050.101806640625,1049.3511962890625,1051.6776123046875,1050.2686767578125
M7_YLUR_SHUR,7,LUR,HUR,2025-03-07,2025-03-09,3,TSE,1249.442626953125,1042.8436279296875,1048.37841796875,1046.4234619140625,1028.407958984375
M7_YLUR_SHUR,7,LUR,HUR,2025-03-07,2025-03-09,3,TSEC,64.23072052001953,69.69342803955078,68.14703369140625,69.25659942626953,69.51993560791016
M7_YLUR_SHUR,7,LUR,HUR,2025-03-08,2025-03-08,1,Yd,1055.591064453125,1050.098388671875,1049.296630859375,1049.767578125,1050.1484375
M7_YLUR_SHUR,7,LUR,HUR,2025-03-08,2025-03-08,1,TSE,1072.8157958984375,1042.80224609375,1050.3592529296875,1025.577880859375,1036.782470703125
M7_YLUR_SHUR,7,LUR,HUR,2025-03-08,2025-03-08,1,TSEC,70.6007308959961,69.69561004638672,69.16643524169922,70.43911743164062,69.62138366699219
M7_YLUR_SHUR,7,LUR,HUR,2025-03-08,2025-03-09,2,Yd,1041.030029296875,1050.098388671875,1049.7772216796875,1051.3480224609375,1049.8597412109375
M7_YLUR_SHUR,7,LUR,HUR,2025-03-08,2025-03-09,2,TSE,1249.442626953125,1042.80224609375,1066.045166015625,1027.92041015625,1030.1949462890625
M7_YLUR_SHUR,7,LUR,HUR,2025-03-08,2025-03-09,2,TSEC,64.23072052001953,69.69561004638672,68.19367218017578,69.8367919921875,69.5671157836914
M7_YLUR_SHUR,7,LUR,HUR,2025-03-08,2025-03-10,3,Yd,1058.0572509765625,1050.098388671875,1048.1075439453125,1050.093017578125,1049.483642578125
M7_YLUR_SHUR,7,LUR,HUR,2025-03-08,2025-03-10,3,TSE,1038.600830078125,1042.80224609375,1047.5848388671875,1023.5419921875,1023.1942138671875
M7_YLUR_SHUR,7,LUR,HUR,2025-03-08,2025-03-10,3,TSEC,67.98424530029297,69.69561004638672,69.8582992553711,70.4981918334961,69.6655502319336
M7_YLUR_SHUR,7,LUR,HUR,2025-03-09,2025-03-09,1,Yd,1041.030029296875,1050.105224609375,1050.20849609375,1049.1043701171875,1049.7440185546875
M7_YLUR_SHUR,7,LUR,HUR,2025-03-09,2025-03-09,1,TSE,1249.442626953125,1042.83984375,1052.0579833984375,1041.3592529296875,1034.1578369140625
M7_YLUR_SHUR,7,LUR,HUR,2025-03-09,2025-03-09,1,TSEC,64.23072052001953,69.69673919677734,68.29037475585938,68.86709594726562,69.66669464111328
M7_YLUR_SHUR,7,LUR,HUR,2025-03-09,2025-03-10,2,Yd,1058.0572509765625,1050.105224609375,1048.8394775390625,1049.5284423828125,1049.4835205078125
M7_YLUR_SHUR,7,LUR,HUR,2025-03-09,2025-03-10,2,TSE,1038.600830078125,1042.83984375,1033.737060546875,1042.3477783203125,1025.321533203125
M7_YLUR_SHUR,7,LUR,HUR,2025-03-09,2025-03-10,2,TSEC,67.98424530029297,69.69673919677734,69.74777221679688,68.869140625,69.73363494873047
M7_YLUR_SHUR,7,LUR,HUR,2025-03-09,2025-03-11,3,Yd,1057.8626708984375,1050.105224609375,1049.491943359375,1050.3746337890625,1049.4407958984375
M7_YLUR_SHUR,7,LUR,HUR,2025-03-09,2025-03-11,3,TSE,1051.4185791015625,1042.83984375,1043.7972412109375,1039.899658203125,1019.3108520507812
M7_YLUR_SHUR,7,LUR,HUR,2025-03-09,2025-03-11,3,TSEC,73.3155746459961,69.69673919677734,69.84197235107422,70.12083435058594,69.80596160888672
M7_YLUR_SHUR,7,LUR,HUR,2025-03-10,2025-03-10,1,Yd,1058.0572509765625,1050.093994140625,1047.746826171875,1049.8326416015625,1049.655029296875
M7_YLUR_SHUR,7,LUR,HUR,2025-03-10,2025-03-10,1,TSE,1038.600830078125,1043.098388671875,1056.65771484375,1037.6353759765625,1032.900390625
M7_YLUR_SHUR,7,LUR,HUR,2025-03-10,2025-03-10,1,TSEC,67.98424530029297,69.68990325927734,69.96358489990234,68.05500030517578,69.80108642578125
M7_YLUR_SHUR,7,LUR,HUR,2025-03-10,2025-03-11,2,Yd,1057.8626708984375,1050.093994140625,1048.7677001953125,1050.3892822265625,1049.4464111328125
M7_YLUR_SHUR,7,LUR,HUR,2025-03-10,2025-03-11,2,TSE,1051.4185791015625,1043.098388671875,1035.0782470703125,1038.0794677734375,1025.3712158203125
M7_YLUR_SHUR,7,LUR,HUR,2025-03-10,2025-03-11,2,TSEC,73.3155746459961,69.68990325927734,69.87025451660156,71.74121856689453,69.89259338378906
M7_YLUR_SHUR,7,LUR,HUR,2025-03-10,2025-03-12,3,Yd,1058.2386474609375,1050.093994140625,1048.94775390625,1051.572509765625,1049.4564208984375
M7_YLUR_SHUR,7,LUR,HUR,2025-03-10,2025-03-12,3,TSE,1049.449462890625,1043.098388671875,1032.4647216796875,1040.099853515625,1022.319091796875
M7_YLUR_SHUR,7,LUR,HUR,2025-03-10,2025-03-12,3,TSEC,80.01395416259766,69.68990325927734,69.0639419555664,70.91502380371094,69.90745544433594
M7_YLUR_SHUR,7,LUR,HUR,2025-03-11,2025-03-11,1,Yd,1057.8626708984375,1050.1038818359375,1050.2215576171875,1052.4327392578125,1049.597900390625
M7_YLUR_SHUR,7,LUR,HUR,2025-03-11,2025-03-11,1,TSE,1051.4185791015625,1043.0927734375,1042.8551025390625,1031.1741943359375,1034.363037109375
M7_YLUR_SHUR,7,LUR,HUR,2025-03-11,2025-03-11,1,TSEC,73.3155746459961,69.6877670288086,69.73843383789062,69.58631896972656,69.83364868164062
M7_YLUR_SHUR,7,LUR,HUR,2025-03-11,2025-03-12,2,Yd,1058.2386474609375,1050.1038818359375,1048.8939208984375,1050.7900390625,1049.54345703125
M7_YLUR_SHUR,7,LUR,HUR,2025-03-11,2025-03-12,2,TSE,1049.449462890625,1043.0927734375,1037.08544921875,1019.8319702148438,1029.300048828125
M7_YLUR_SHUR,7,LUR,HUR,2025-03-11,2025-03-12,2,TSEC,80.01395416259766,69.6877670288086,68.50433349609375,71.73591613769531,69.91071319580078
M7_YLUR_SHUR,7,LUR,HUR,2025-03-11,2025-03-13,3,Yd,1048.6260986328125,1050.1038818359375,1049.8406982421875,1050.905517578125,1049.755859375
M7_YLUR_SHUR,7,LUR,HUR,2025-03-11,2025-03-13,3,TSE,1107.4327392578125,1043.0927734375,1043.9556884765625,1015.4901733398438,1026.22314453125
M7_YLUR_SHUR,7,LUR,HUR,2025-03-11,2025-03-13,3,TSEC,69.45210266113281,69.6877670288086,69.48696899414062,71.17489624023438,69.90007781982422
M7_YLUR_SHUR,7,LUR,HUR,2025-03-12,2025-03-12,1,Yd,1058.2386474609375,1050.1136474609375,1048.4166259765625,1050.0037841796875,1049.8626708984375
M7_YLUR_SHUR,7,LUR,HUR,2025-03-12,2025-03-12,1,TSE,1049.449462890625,1043.1031494140625,1034.034423828125,1021.6758422851562,1036.7392578125
M7_YLUR_SHUR,7,LUR,HUR,2025-03-12,2025-03-12,1,TSEC,80.01395416259766,69.69229888916016,68.44749450683594,70.67658233642578,69.86939239501953
M7_YLUR_SHUR,7,LUR,HUR,2025-03-12,2025-03-13,2,Yd,1048.6260986328125,1050.1136474609375,1048.7352294921875,1052.5968017578125,1050.15966796875
M7_YLUR_SHUR,7,LUR,HUR,2025-03-12,2025-03-13,2,TSE,1107.4327392578125,1043.1031494140625,1035.2947998046875,1025.5843505859375,1032.1053466796875
M7_YLUR_SHUR,7,LUR,HUR,2025-03-12,2025-03-13,2,TSEC,69.45210266113281,69.69229888916016,69.40267181396484,70.40015411376953,69.90574645996094
M7_YLUR_SHUR,7,LUR,HUR,2025-03-12,2025-03-14,3,Yd,1047.3731689453125,1050.1136474609375,1048.7913818359375,1052.5458984375,1050.634765625
M7_YLUR_SHUR,7,LUR,HUR,2025-03-12,2025-03-14,3,TSE,1211.260009765625,1043.1031494140625,1047.4591064453125,1022.9600830078125,1028.7769775390625
M7_YLUR_SHUR,7,LUR,HUR,2025-03-12,2025-03-14,3,TSEC,63.300941467285156,69.69229888916016,68.95591735839844,71.47212982177734,69.84070587158203
M7_YLUR_SHUR,7,LUR,HUR,2025-03-13,2025-03-13,1,Yd,1048.6260986328125,1050.123779296875,1050.1968994140625,1050.490234375,1050.3587646484375
M7_YLUR_SHUR,7,LUR,HUR,2025-03-13,2025-03-13,1,TSE,1107.4327392578125,1043.111083984375,1042.1158447265625,1037.2890625,1036.5123291015625
M7_YLUR_SHUR,7,LUR,HUR,2025-03-13,2025-03-13,1,TSEC,69.45210266113281,69.70516967773438,69.28931427001953,70.14246368408203,69.89278411865234
M7_YLUR_SHUR,7,LUR,HUR,2025-03-13,2025-03-14,2,Yd,1047.3731689453125,1050.123779296875,1048.9764404296875,1052.00634765625,1050.8265380859375
M7_YLUR_SHUR,7,LUR,HUR,2025-03-13,2025-03-14,2,TSE,1211.260009765625,1043.111083984375,1046.2095947265625,1034.7216796875,1032.0948486328125
M7_YLUR_SHUR,7,LUR,HUR,2025-03-13,2025-03-14,2,TSEC,63.300941467285156,69.70516967773438,68.63027954101562,70.36735534667969,69.84202575683594
M7_YLUR_SHUR,7,LUR,HUR,2025-03-13,2025-03-15,3,Yd,1058.4864501953125,1050.123779296875,1050.9010009765625,1053.3326416015625,1050.87060546875
M7_YLUR_SHUR,7,LUR,HUR,2025-03-13,2025-03-15,3,TSE,924.2357177734375,1043.111083984375,1046.135498046875,1026.3089599609375,1029.267333984375
M7_YLUR_SHUR,7,LUR,HUR,2025-03-13,2025-03-15,3,TSEC,71.910888671875,69.70516967773438,68.65694427490234,70.76068115234375,69.57636260986328
M7_YLUR_SHUR,7,LUR,HUR,2025-03-14,2025-03-14,1,Yd,1047.3731689453125,1050.121826171875,1048.8275146484375,1051.5623779296875,1050.465576171875
M7_YLUR_SHUR,7,LUR,HUR,2025-03-14,2025-03-14,1,TSE,1211.260009765625,1043.191162109375,1046.030029296875,1041.310302734375,1036.478759765625
M7_YLUR_SHUR,7,LUR,HUR,2025-03-14,2025-03-14,1,TSEC,63.300941467285156,69.7048568725586,69.471435546875,69.92472076416016,69.7903060913086
M7_YLUR_SHUR,7,LUR,HUR,2025-03-14,2025-03-15,2,Yd,1058.4864501953125,1050.121826171875,1050.5511474609375,1052.3409423828125,1050.51025390625
M7_YLUR_SHUR,7,LUR,HUR,2025-03-14,2025-03-15,2,TSE,924.2357177734375,1043.191162109375,1044.5980224609375,1060.7535400390625,1032.22607421875
M7_YLUR_SHUR,7,LUR,HUR,2025-03-14,2025-03-15,2,TSEC,71.910888671875,69.7048568725586,68.65118408203125,69.8174057006836,69.56181335449219
M7_YLUR_SHUR,7,LUR,HUR,2025-03-14,2025-03-16,3,Yd,1054.88623046875,1050.121826171875,1049.944091796875,1051.7467041015625,1050.215576171875
M7_YLUR_SHUR,7,LUR,HUR,2025-03-14,2025-03-16,3,TSE,1125.365234375,1043.191162109375,1030.97705078125,1048.7783203125,1026.85888671875
M7_YLUR_SHUR,7,LUR,HUR,2025-03-14,2025-03-16,3,TSEC,66.46247100830078,69.7048568725586,68.26363372802734,68.84309387207031,69.53736114501953
M7_YLUR_SHUR,7,LUR,HUR,2025-03-15,2025-03-15,1,Yd,1058.4864501953125,1050.1185302734375,1049.9970703125,1050.2227783203125,1050.12451171875
M7_YLUR_SHUR,7,LUR,HUR,2025-03-15,2025-03-15,1,TSE,924.2357177734375,1043.400146484375,1047.4256591796875,1025.9544677734375,1035.6939697265625
M7_YLUR_SHUR,7,LUR,HUR,2025-03-15,2025-03-15,1,TSEC,71.910888671875,69.69688415527344,68.76433563232422,70.34246826171875,69.65623474121094
M7_YLUR_SHUR,7,LUR,HUR,2025-03-15,2025-03-16,2,Yd,1054.88623046875,1050.1185302734375,1049.60009765625,1051.7689208984375,1049.849365234375
M7_YLUR_SHUR,7,LUR,HUR,2025-03-15,2025-03-16,2,TSE,1125.365234375,1043.400146484375,1031.4307861328125,1044.17236328125,1028.7032470703125
M7_YLUR_SHUR,7,LUR,HUR,2025-03-15,2025-03-16,2,TSEC,66.46247100830078,69.69688415527344,68.25343322753906,70.22357940673828,69.6509017944336
M7_YLUR_SHUR,7,LUR,HUR,2025-03-15,2025-03-17,3,Yd,1045.7315673828125,1050.1185302734375,1050.160400390625,1052.094970703125,1049.346923828125
M7_YLUR_SHUR,7,LUR,HUR,2025-03-15,2025-03-17,3,TSE,1069.8743896484375,1043.400146484375,1049.393798828125,1042.302978515625,1021.8320922851562
M7_YLUR_SHUR,7,LUR,HUR,2025-03-15,2025-03-17,3,TSEC,74.35546112060547,69.69688415527344,69.91445922851562,70.31401062011719,69.75452423095703
M7_YLUR_SHUR,7,LUR,HUR,2025-03-16,2025-03-16,1,Yd,1054.88623046875,1050.12890625,1051.3526611328125,1049.48974609375,1049.68017578125
M7_YLUR_SHUR,7,LUR,HUR,2025-03-16,2025-03-16,1,TSE,1125.365234375,1043.252197265625,1050.328125,1027.7867431640625,1033.7796630859375
M7_YLUR_SHUR,7,LUR,HUR,2025-03-16,2025-03-16,1,TSEC,66.46247100830078,69.69963836669922,67.7060317993164,69.70891571044922,69.68158721923828
M7_YLUR_SHUR,7,LUR,HUR,2025-03-16,2025-03-17,2,Yd,1045.7315673828125,1050.12890625,1048.3206787109375,1049.8492431640625,1049.3748779296875
M7_YLUR_SHUR,7,LUR,HUR,2025-03-16,2025-03-17,2,TSE,1069.8743896484375,1043.252197265625,1039.3746337890625,1015.8157958984375,1024.54443359375
M7_YLUR_SHUR,7,LUR,HUR,2025-03-16,2025-03-17,2,TSEC,74.35546112060547,69.69963836669922,69.71456146240234,70.03045654296875,69.7469253540039
M7_YLUR_SHUR,7,LUR,HUR,2025-03-16,2025-03-18,3,Yd,1051.210693359375,1050.12890625,1047.4520263671875,1049.7967529296875,1049.3173828125
M7_YLUR_SHUR,7,LUR,HUR,2025-03-16,2025-03-18,3,TSE,992.0623168945312,1043.252197265625,1040.1888427734375,1011.4766235351562,1018.5013427734375
M7_YLUR_SHUR,7,LUR,HUR,2025-03-16,2025-03-18,3,TSEC,81.82218170166016,69.69963836669922,69.65631103515625,71.07987976074219,69.80048370361328
M7_YLUR_SHUR,7,LUR,HUR,2025-03-17,2025-03-17,1,Yd,1045.7315673828125,1050.134765625,1049.853759765625,1048.923583984375,1049.56689453125
M7_YLUR_SHUR,7,LUR,HUR,2025-03-17,2025-03-17,1,TSE,1069.8743896484375,1043.35400390625,1061.11962890625,1021.0316162109375,1032.336181640625
M7_YLUR_SHUR,7,LUR,HUR,2025-03-17,2025-03-17,1,TSEC,74.35546112060547,69.69562530517578,69.87323760986328,67.99303436279297,69.80960083007812
M7_YLUR_SHUR,7,LUR,HUR,2025-03-17,2025-03-18,2,Yd,1051.210693359375,1050.134765625,1049.3751220703125,1048.4366455078125,1049.3800048828125
M7_YLUR_SHUR,7,LUR,HUR,2025-03-17,2025-03-18,2,TSE,992.0623168945312,1043.35400390625,1045.021240234375,1034.1531982421875,1024.7723388671875
M7_YLUR_SHUR,7,LUR,HUR,2025-03-17,2025-03-18,2,TSEC,81.82218170166016,69.69562530517578,69.87966918945312,68.62871551513672,69.88848114013672
M7_YLUR_SHUR,7,LUR,HUR,2025-03-17,2025-03-19,3,Yd,1039.671630859375,1050.134765625,1050.0218505859375,1048.41845703125,1049.4144287109375
M7_YLUR_SHUR,7,LUR,HUR,2025-03-17,2025-03-19,3,TSE,1076.0543212890625,1043.35400390625,1053.0906982421875,1023.0547485351562,1022.2010498046875
M7_YLUR_SHUR,7,LUR,HUR,2025-03-17,2025-03-19,3,TSEC,72.70831298828125,69.69562530517578,69.22049713134766,70.17249298095703,69.84563446044922
M7_YLUR_SHUR,7,LUR,HUR,2025-03-18,2025-03-18,1,Yd,1051.210693359375,1050.12939453125,1048.8233642578125,1048.6580810546875,1049.697998046875
M7_YLUR_SHUR,7,LUR,HUR,2025-03-18,2025-03-18,1,TSE,992.0623168945312,1043.386962890625,1034.7611083984375,1034.572998046875,1034.2586669921875
M7_YLUR_SHUR,7,LUR,HUR,2025-03-18,2025-03-18,1,TSEC,81.82218170166016,69.70140075683594,69.68226623535156,68.7886734008789,69.8023681640625
M7_YLUR_SHUR,7,LUR,HUR,2025-03-18,2025-03-19,2,Yd,1039.671630859375,1050.12939453125,1049.522705078125,1049.186279296875,1049.66162109375
M7_YLUR_SHUR,7,LUR,HUR,2025-03-18,2025-03-19,2,TSE,1076.0543212890625,1043.386962890625,1055.23388671875,1020.7085571289062,1029.6585693359375
M7_YLUR_SHUR,7,LUR,HUR,2025-03-18,2025-03-19,2,TSEC,72.70831298828125,69.70140075683594,69.40259552001953,71.04022216796875,69.88632202148438
M7_YLUR_SHUR,7,LUR,HUR,2025-03-18,2025-03-20,3,Yd,1051.521484375,1050.12939453125,1049.2283935546875,1050.5858154296875,1049.8773193359375
M7_YLUR_SHUR,7,LUR,HUR,2025-03-18,2025-03-20,3,TSE,1052.42822265625,1043.386962890625,1035.2464599609375,1028.22119140625,1026.6929931640625
M7_YLUR_SHUR,7,LUR,HUR,2025-03-18,2025-03-20,3,TSEC,81.1829833984375,69.70140075683594,69.71808624267578,70.99160766601562,69.90447235107422
M7_YLUR_SHUR,7,LUR,HUR,2025-03-19,2025-03-19,1,Yd,1039.671630859375,1050.130615234375,1050.0479736328125,1051.4920654296875,1049.98828125
M7_YLUR_SHUR,7,LUR,HUR,2025-03-19,2025-03-19,1,TSE,1076.0543212890625,1043.3233642578125,1054.549072265625,1039.760009765625,1036.912353515625
M7_YLUR_SHUR,7,LUR,HUR,2025-03-19,2025-03-19,1,TSEC,72.70831298828125,69.71640014648438,69.03154754638672,70.0289077758789,69.8648452758789
M7_YLUR_SHUR,7,LUR,HUR,2025-03-19,2025-03-20,2,Yd,1051.521484375,1050.130615234375,1049.299560546875,1052.88037109375,1050.3614501953125
M7_YLUR_SHUR,7,LUR,HUR,2025-03-19,2025-03-20,2,TSE,1052.42822265625,1043.3233642578125,1036.8468017578125,1032.1773681640625,1032.705078125
M7_YLUR_SHUR,7,LUR,HUR,2025-03-19,2025-03-20,2,TSEC,81.1829833984375,69.71640014648438,69.41893005371094,71.07608032226562,69.96544647216797
M7_YLUR_SHUR,7,LUR,HUR,2025-03-19,2025-03-21,3,Yd,1028.0908203125,1050.130615234375,1049.842529296875,1053.496826171875,1050.8914794921875
M7_YLUR_SHUR,7,LUR,HUR,2025-03-19,2025-03-21,3,TSE,957.8451538085938,1043.3233642578125,1061.4744873046875,1029.9345703125,1029.2796630859375
M7_YLUR_SHUR,7,LUR,HUR,2025-03-19,2025-03-21,3,TSEC,76.47199249267578,69.71640014648438,69.30487823486328,71.57122802734375,69.9493179321289
M7_YLUR_SHUR,7,LUR,HUR,2025-03-20,2025-03-20,1,Yd,1051.521484375,1050.1177978515625,1048.4371337890625,1052.0631103515625,1050.423095703125
M7_YLUR_SHUR,7,LUR,HUR,2025-03-20,2025-03-20,1,TSE,1052.42822265625,1043.3638916015625,1037.19482421875,1051.53271484375,1038.2437744140625
M7_YLUR_SHUR,7,LUR,HUR,2025-03-20,2025-03-20,1,TSEC,81.1829833984375,69.72010040283203,69.75718688964844,69.3495864868164,69.94514465332031
M7_YLUR_SHUR,7,LUR,HUR,2025-03-20,2025-03-21,2,Yd,1028.0908203125,1050.1177978515625,1050.3519287109375,1053.171630859375,1050.90185546875
M7_YLUR_SHUR,7,LUR,HUR,2025-03-20,2025-03-21,2,TSE,957.8451538085938,1043.3638916015625,1060.6805419921875,1054.4771728515625,1035.064453125
M7_YLUR_SHUR,7,LUR,HUR,2025-03-20,2025-03-21,2,TSEC,76.47199249267578,69.72010040283203,69.31443786621094,70.69795989990234,69.94397735595703
M7_YLUR_SHUR,7,LUR,HUR,2025-03-20,2025-03-22,3,Yd,1064.48291015625,1050.1177978515625,1048.601318359375,1053.646240234375,1050.9405517578125
M7_YLUR_SHUR,7,LUR,HUR,2025-03-20,2025-03-22,3,TSE,1033.03466796875,1043.3638916015625,1037.93701171875,1053.5245361328125,1032.9224853515625
M7_YLUR_SHUR,7,LUR,HUR,2025-03-20,2025-03-22,3,TSEC,66.04446411132812,69.72010040283203,68.98724365234375,70.08831787109375,69.68730163574219
M7_YLUR_SHUR,7,LUR,HUR,2025-03-21,2025-03-21,1,Yd,1028.0908203125,1050.119384765625,1052.0228271484375,1052.880126953125,1050.6165771484375
M7_YLUR_SHUR,7,LUR,HUR,2025-03-21,2025-03-21,1,TSE,957.8451538085938,1043.3751220703125,1063.806884765625,1057.77392578125,1037.381103515625
M7_YLUR_SHUR,7,LUR,HUR,2025-03-21,2025-03-21,1,TSEC,76.47199249267578,69.7342529296875,69.39855194091797,69.29142761230469,69.8463363647461
M7_YLUR_SHUR,7,LUR,HUR,2025-03-21,2025-03-22,2,Yd,1064.48291015625,1050.119384765625,1048.6893310546875,1054.3050537109375,1050.7813720703125
M7_YLUR_SHUR,7,LUR,HUR,2025-03-21,2025-03-22,2,TSE,1033.03466796875,1043.3751220703125,1037.372802734375,1033.44140625,1033.888427734375
M7_YLUR_SHUR,7,LUR,HUR,2025-03-21,2025-03-22,2,TSEC,66.04446411132812,69.7342529296875,69.26478576660156,70.60258483886719,69.66727447509766
M7_YLUR_SHUR,7,LUR,HUR,2025-03-21,2025-03-23,3,Yd,1058.62646484375,1050.119384765625,1049.2708740234375,1054.45068359375,1050.6329345703125
M7_YLUR_SHUR,7,LUR,HUR,2025-03-21,2025-03-23,3,TSE,1016.9576416015625,1043.3751220703125,1058.92236328125,1041.2435302734375,1028.037109375
M7_YLUR_SHUR,7,LUR,HUR,2025-03-21,2025-03-23,3,TSEC,66.57086181640625,69.7342529296875,68.07268524169922,70.83565521240234,69.44560241699219
M7_YLUR_SHUR,7,LUR,HUR,2025-03-22,2025-03-22,1,Yd,1064.48291015625,1050.09228515625,1046.72216796875,1051.0975341796875,1050.31787109375
M7_YLUR_SHUR,7,LUR,HUR,2025-03-22,2025-03-22,1,TSE,1033.03466796875,1043.26953125,1050.2987060546875,1054.98291015625,1037.2242431640625
M7_YLUR_SHUR,7,LUR,HUR,2025-03-22,2025-03-22,1,TSEC,66.04446411132812,69.7425537109375,69.50715637207031,68.55783081054688,69.68464660644531
M7_YLUR_SHUR,7,LUR,HUR,2025-03-22,2025-03-23,2,Yd,1058.62646484375,1050.09228515625,1050.978759765625,1052.6541748046875,1050.219482421875
M7_YLUR_SHUR,7,LUR,HUR,2025-03-22,2025-03-23,2,TSE,1016.9576416015625,1043.26953125,1039.831787109375,1065.736328125,1030.5970458984375
M7_YLUR_SHUR,7,LUR,HUR,2025-03-22,2025-03-23,2,TSEC,66.57086181640625,69.7425537109375,68.19599151611328,70.12987518310547,69.47452545166016
M7_YLUR_SHUR,7,LUR,HUR,2025-03-22,2025-03-24,3,Yd,1046.4359130859375,1050.09228515625,1048.4161376953125,1052.2855224609375,1050.095458984375
M7_YLUR_SHUR,7,LUR,HUR,2025-03-22,2025-03-24,3,TSE,1097.65771484375,1043.26953125,1051.0439453125,1051.218505859375,1024.47998046875
M7_YLUR_SHUR,7,LUR,HUR,2025-03-22,2025-03-24,3,TSEC,74.65083312988281,69.7425537109375,69.87713623046875,69.87474060058594,69.4984130859375
M7_YLUR_SHUR,7,LUR,HUR,2025-03-23,2025-03-23,1,Yd,1058.62646484375,1050.110107421875,1052.4879150390625,1052.937744140625,1049.8936767578125
M7_YLUR_SHUR,7,LUR,HUR,2025-03-23,2025-03-23,1,TSE,1016.9576416015625,1043.2569580078125,1059.0533447265625,1035.6336669921875,1034.681884765625
M7_YLUR_SHUR,7,LUR,HUR,2025-03-23,2025-03-23,1,TSEC,66.57086181640625,69.73799896240234,67.95864868164062,68.9537353515625,69.61958312988281
M7_YLUR_SHUR,7,LUR,HUR,2025-03-23,2025-03-24,2,Yd,1046.4359130859375,1050.110107421875,1047.491943359375,1050.192626953125,1049.80419921875
M7_YLUR_SHUR,7,LUR,HUR,2025-03-23,2025-03-24,2,TSE,1097.65771484375,1043.2569580078125,1034.0628662109375,1031.9385986328125,1026.443603515625
M7_YLUR_SHUR,7,LUR,HUR,2025-03-23,2025-03-24,2,TSEC,74.65083312988281,69.73799896240234,69.94391632080078,70.45442199707031,69.65736389160156
M7_YLUR_SHUR,7,LUR,HUR,2025-03-23,2025-03-25,3,Yd,1049.146240234375,1050.110107421875,1050.6436767578125,1050.3134765625,1049.854248046875
M7_YLUR_SHUR,7,LUR,HUR,2025-03-23,2025-03-25,3,TSE,1048.7340087890625,1043.2569580078125,1047.189697265625,1025.2935791015625,1021.3970947265625
M7_YLUR_SHUR,7,LUR,HUR,2025-03-23,2025-03-25,3,TSEC,72.91283416748047,69.73799896240234,70.40192413330078,70.712646484375,69.69432830810547
M7_YLUR_SHUR,7,LUR,HUR,2025-03-24,2025-03-24,1,Yd,1046.4359130859375,1050.1204833984375,1050.2081298828125,1050.850830078125,1049.7117919921875
M7_YLUR_SHUR,7,LUR,HUR,2025-03-24,2025-03-24,1,TSE,1097.65771484375,1043.224609375,1042.4228515625,1011.6014404296875,1032.904296875
M7_YLUR_SHUR,7,LUR,HUR,2025-03-24,2025-03-24,1,TSEC,74.65083312988281,69.7341079711914,69.35365295410156,69.60188293457031,69.75447845458984
M7_YLUR_SHUR,7,LUR,HUR,2025-03-24,2025-03-25,2,Yd,1049.146240234375,1050.1204833984375,1051.37841796875,1047.9664306640625,1049.6300048828125
M7_YLUR_SHUR,7,LUR,HUR,2025-03-24,2025-03-25,2,TSE,1048.7340087890625,1043.224609375,1049.00341796875,1009.1795043945312,1027.01123046875
M7_YLUR_SHUR,7,LUR,HUR,2025-03-24,2025-03-25,2,TSEC,72.91283416748047,69.7341079711914,69.39593505859375,70.1087875366211,69.7785873413086
M7_YLUR_SHUR,7,LUR,HUR,2025-03-24,2025-03-26,3,Yd,1052.5579833984375,1050.1204833984375,1048.8489990234375,1048.721435546875,1049.6273193359375
M7_YLUR_SHUR,7,LUR,HUR,2025-03-24,2025-03-26,3,TSE,1061.986328125,1043.224609375,1042.2353515625,1005.117431640625,1025.4530029296875
M7_YLUR_SHUR,7,LUR,HUR,2025-03-24,2025-03-26,3,TSEC,67.29334259033203,69.7341079711914,68.51473999023438,70.84532165527344,69.8079833984375
M7_YLUR_SHUR,7,LUR,HUR,2025-03-25,2025-03-25,1,Yd,1049.146240234375,1050.115966796875,1050.47021484375,1050.834228515625,1049.81201171875
M7_YLUR_SHUR,7,LUR,HUR,2025-03-25,2025-03-25,1,TSE,1048.7340087890625,1043.29150390625,1051.2799072265625,1028.1201171875,1035.272705078125
M7_YLUR_SHUR,7,LUR,HUR,2025-03-25,2025-03-25,1,TSEC,72.91283416748047,69.74015045166016,69.8011474609375,69.9614028930664,69.7892074584961
M7_YLUR_SHUR,7,LUR,HUR,2025-03-25,2025-03-26,2,Yd,1052.5579833984375,1050.115966796875,1049.419189453125,1049.5716552734375,1049.744140625
M7_YLUR_SHUR,7,LUR,HUR,2025-03-25,2025-03-26,2,TSE,1061.986328125,1043.29150390625,1040.5452880859375,1035.7135009765625,1031.85693359375
M7_YLUR_SHUR,7,LUR,HUR,2025-03-25,2025-03-26,2,TSEC,67.29334259033203,69.74015045166016,68.12492370605469,69.36842346191406,69.89103698730469
M7_YLUR_SHUR,7,LUR,HUR,2025-03-25,2025-03-27,3,Yd,1041.98046875,1050.115966796875,1049.9566650390625,1049.2474365234375,1050.019775390625
M7_YLUR_SHUR,7,LUR,HUR,2025-03-25,2025-03-27,3,TSE,1048.1728515625,1043.29150390625,1045.639404296875,1036.4510498046875,1029.35400390625
M7_YLUR_SHUR,7,LUR,HUR,2025-03-25,2025-03-27,3,TSEC,66.74661254882812,69.74015045166016,69.42891693115234,69.84490203857422,70.00112915039062
M7_YLUR_SHUR,7,LUR,HUR,2025-03-26,2025-03-26,1,Yd,1052.5579833984375,1050.11474609375,1048.6776123046875,1051.6566162109375,1049.9864501953125
M7_YLUR_SHUR,7,LUR,HUR,2025-03-26,2025-03-26,1,TSE,1061.986328125,1043.2982177734375,1044.9603271484375,1040.864501953125,1038.2606201171875
M7_YLUR_SHUR,7,LUR,HUR,2025-03-26,2025-03-26,1,TSEC,67.29334259033203,69.74403381347656,69.33480834960938,70.05774688720703,69.86613464355469
M7_YLUR_SHUR,7,LUR,HUR,2025-03-26,2025-03-27,2,Yd,1041.98046875,1050.11474609375,1049.648193359375,1050.8023681640625,1050.37451171875
M7_YLUR_SHUR,7,LUR,HUR,2025-03-26,2025-03-27,2,TSE,1048.1728515625,1043.2982177734375,1050.1134033203125,1041.7294921875,1034.7279052734375
M7_YLUR_SHUR,7,LUR,HUR,2025-03-26,2025-03-27,2,TSEC,66.74661254882812,69.74403381347656,69.91813659667969,71.04147338867188,70.01788330078125
M7_YLUR_SHUR,7,LUR,HUR,2025-03-26,2025-03-28,3,Yd,1058.492919921875,1050.11474609375,1050.610107421875,1051.4815673828125,1050.8929443359375
M7_YLUR_SHUR,7,LUR,HUR,2025-03-26,2025-03-28,3,TSE,1115.5487060546875,1043.2982177734375,1046.6075439453125,1033.42529296875,1031.534423828125
M7_YLUR_SHUR,7,LUR,HUR,2025-03-26,2025-03-28,3,TSEC,76.07302856445312,69.74403381347656,69.59382629394531,70.35801696777344,70.03083038330078
M7_YLUR_SHUR,7,LUR,HUR,2025-03-27,2025-03-27,1,Yd,1041.98046875,1050.1177978515625,1049.6558837890625,1053.1480712890625,1050.45556640625
M7_YLUR_SHUR,7,LUR,HUR,2025-03-27,2025-03-27,1,TSE,1048.1728515625,1043.321044921875,1050.17822265625,1045.7347412109375,1038.677734375
M7_YLUR_SHUR,7,LUR,HUR,2025-03-27,2025-03-27,1,TSEC,66.74661254882812,69.74103546142578,69.47269439697266,70.59132385253906,69.94005584716797
M7_YLUR_SHUR,7,LUR,HUR,2025-03-27,2025-03-28,2,Yd,1058.492919921875,1050.1177978515625,1049.500732421875,1052.355712890625,1050.851806640625
M7_YLUR_SHUR,7,LUR,HUR,2025-03-27,2025-03-28,2,TSE,1115.5487060546875,1043.321044921875,1042.9268798828125,1039.3836669921875,1035.2862548828125
M7_YLUR_SHUR,7,LUR,HUR,2025-03-27,2025-03-28,2,TSEC,76.07302856445312,69.74103546142578,69.11681365966797,71.0954360961914,69.93535614013672
M7_YLUR_SHUR,7,LUR,HUR,2025-03-27,2025-03-29,3,Yd,1038.8526611328125,1050.1177978515625,1049.4959716796875,1051.8017578125,1050.861083984375
M7_YLUR_SHUR,7,LUR,HUR,2025-03-27,2025-03-29,3,TSE,977.6210327148438,1043.321044921875,1055.2386474609375,1047.2928466796875,1033.2679443359375
M7_YLUR_SHUR,7,LUR,HUR,2025-03-27,2025-03-29,3,TSEC,69.7708969116211,69.74103546142578,68.63021087646484,69.76057434082031,69.680908203125
M7_YLUR_SHUR,7,LUR,HUR,2025-03-28,2025-03-28,1,Yd,1058.492919921875,1050.1077880859375,1049.6572265625,1052.707275390625,1050.521728515625
M7_YLUR_SHUR,7,LUR,HUR,2025-03-28,2025-03-28,1,TSE,1115.5487060546875,1043.3270263671875,1044.9285888671875,1039.925048828125,1039.1929931640625
M7_YLUR_SHUR,7,LUR,HUR,2025-03-28,2025-03-28,1,TSEC,76.07302856445312,69.73736572265625,69.46501159667969,70.902587890625,69.843994140625
M7_YLUR_SHUR,7,LUR,HUR,2025-03-28,2025-03-29,2,Yd,1038.8526611328125,1050.1077880859375,1049.7027587890625,1051.68115234375,1050.56494140625
M7_YLUR_SHUR,7,LUR,HUR,2025-03-28,2025-03-29,2,TSE,977.6210327148438,1043.3270263671875,1051.5146484375,1049.751953125,1036.2730712890625
M7_YLUR_SHUR,7,LUR,HUR,2025-03-28,2025-03-29,2,TSEC,69.7708969116211,69.73736572265625,69.00367736816406,70.86018371582031,69.63710021972656
M7_YLUR_SHUR,7,LUR,HUR,2025-03-28,2025-03-30,3,Yd,1054.362548828125,1050.1077880859375,1049.261474609375,1050.19580078125,1050.3836669921875
M7_YLUR_SHUR,7,LUR,HUR,2025-03-28,2025-03-30,3,TSE,1119.474609375,1043.3270263671875,1042.4542236328125,1045.343994140625,1031.11279296875
M7_YLUR_SHUR,7,LUR,HUR,2025-03-28,2025-03-30,3,TSEC,68.85551452636719,69.73736572265625,68.16072845458984,68.62403106689453,69.49630737304688
M7_YLUR_SHUR,7,LUR,HUR,2025-03-29,2025-03-29,1,Yd,1038.8526611328125,1050.1180419921875,1050.1142578125,1049.4388427734375,1050.25439453125
M7_YLUR_SHUR,7,LUR,HUR,2025-03-29,2025-03-29,1,TSE,977.6210327148438,1043.415283203125,1051.5428466796875,1026.0394287109375,1036.5888671875
M7_YLUR_SHUR,7,LUR,HUR,2025-03-29,2025-03-29,1,TSEC,69.7708969116211,69.7451171875,68.50788116455078,70.39813232421875,69.64960479736328
M7_YLUR_SHUR,7,LUR,HUR,2025-03-29,2025-03-30,2,Yd,1054.362548828125,1050.1180419921875,1048.8441162109375,1051.831298828125,1050.151123046875
M7_YLUR_SHUR,7,LUR,HUR,2025-03-29,2025-03-30,2,TSE,1119.474609375,1043.415283203125,1041.2437744140625,1038.721923828125,1030.163330078125
M7_YLUR_SHUR,7,LUR,HUR,2025-03-29,2025-03-30,2,TSEC,68.85551452636719,69.7451171875,67.33018493652344,69.8084945678711,69.57888793945312
M7_YLUR_SHUR,7,LUR,HUR,2025-03-29,2025-03-31,3,Yd,1046.076416015625,1050.1180419921875,1049.79296875,1052.087646484375,1049.80908203125
M7_YLUR_SHUR,7,LUR,HUR,2025-03-29,2025-03-31,3,TSE,935.2279663085938,1043.415283203125,1048.6304931640625,1030.3447265625,1023.9146728515625
M7_YLUR_SHUR,7,LUR,HUR,2025-03-29,2025-03-31,3,TSEC,73.67652893066406,69.7451171875,69.7140121459961,70.94757843017578,69.609375
M7_YLUR_SHUR,7,LUR,HUR,2025-03-30,2025-03-30,1,Yd,1054.362548828125,1050.104248046875,1048.3126220703125,1050.0289306640625,1049.87744140625
M7_YLUR_SHUR,7,LUR,HUR,2025-03-30,2025-03-30,1,TSE,1119.474609375,1043.3349609375,1049.7896728515625,1050.84326171875,1035.7747802734375
M7_YLUR_SHUR,7,LUR,HUR,2025-03-30,2025-03-30,1,TSEC,68.85551452636719,69.74514770507812,67.41654968261719,68.74551391601562,69.62937927246094
M7_YLUR_SHUR,7,LUR,HUR,2025-03-30,2025-03-31,2,Yd,1046.076416015625,1050.104248046875,1050.048828125,1051.1888427734375,1049.709228515625
M7_YLUR_SHUR,7,LUR,HUR,2025-03-30,2025-03-31,2,TSE,935.2279663085938,1043.3349609375,1041.566162109375,1044.53173828125,1027.9085693359375
M7_YLUR_SHUR,7,LUR,HUR,2025-03-30,2025-03-31,2,TSEC,73.67652893066406,69.74514770507812,69.75208282470703,70.11479187011719,69.66413879394531
M7_YLUR_SHUR,7,LUR,HUR,2025-03-30,2025-04-01,3,Yd,1038.7518310546875,1050.104248046875,1048.86279296875,1051.3778076171875,1049.697998046875
M7_YLUR_SHUR,7,LUR,HUR,2025-03-30,2025-04-01,3,TSE,1058.1181640625,1043.3349609375,1038.9075927734375,1038.8009033203125,1022.8329467773438
M7_YLUR_SHUR,7,LUR,HUR,2025-03-30,2025-04-01,3,TSEC,67.64207458496094,69.74514770507812,69.73226928710938,70.17204284667969,69.70964813232422
