case_id,M,yd_level,solar_level,origin_date,target_date,step,variable,true,MEAN,ARIMA,RNN,LSTM
M10_YLUR_SLUR,10,LUR,LUR,2024-12-31,2024-12-31,1,Yd,1489.8909912109375,1499.4267578125,1498.90576171875,1495.0360107421875,1497.978515625
M10_YLUR_SLUR,10,LUR,LUR,2024-12-31,2024-12-31,1,TSE,1509.2288818359375,1499.751708984375,1501.2841796875,1501.2508544921875,1500.95947265625
M10_YLUR_SLUR,10,LUR,LUR,2024-12-31,2024-12-31,1,TSEC,99.71887969970703,100.02835845947266,99.83975982666016,99.97377014160156,100.0184555053711
M10_YLUR_SLUR,10,LUR,LUR,2024-12-31,2025-01-01,2,Yd,1514.6158447265625,1499.4267578125,1500.01904296875,1497.49169921875,1497.778564453125
M10_YLUR_SLUR,10,LUR,LUR,2024-12-31,2025-01-01,2,TSE,1476.7783203125,1499.751708984375,1499.09619140625,1498.62109375,1501.1461181640625
M10_YLUR_SLUR,10,LUR,LUR,2024-12-31,2025-01-01,2,TSEC,100.6250228881836,100.02835845947266,99.95039367675781,100.08570861816406,100.06902313232422
M10_YLUR_SLUR,10,LUR,LUR,2024-12-31,2025-01-02,3,Yd,1507.41943359375,1499.4267578125,1499.105712890625,1498.3265380859375,1498.806396484375
M10_YLUR_SLUR,10,LUR,LUR,2024-12-31,2025-01-02,3,TSE,1475.51025390625,1499.751708984375,1499.2362060546875,1496.376953125,1500.9739990234375
M10_YLUR_SLUR,10,LUR,LUR,2024-12-31,2025-01-02,3,TSEC,98.2154312133789,100.02835845947266,99.79853820800781,100.109130859375,100.10572052001953
M10_YLUR_SLUR,10,LUR,LUR,2025-01-01,2025-01-01,1,Yd,1514.6158447265625,1499.413818359375,1501.586181640625,1494.32470703125,1498.541748046875
M10_YLUR_SLUR,10,LUR,LUR,2025-01-01,2025-01-01,1,TSE,1476.7783203125,1499.7646484375,1500.776611328125,1500.0609130859375,1500.4775390625
M10_YLUR_SLUR,10,LUR,LUR,2025-01-01,2025-01-01,1,TSEC,100.6250228881836,100.02793884277344,99.98939514160156,99.88231658935547,100.05390167236328
M10_YLUR_SLUR,10,LUR,LUR,2025-01-01,2025-01-02,2,Yd,1507.41943359375,1499.413818359375,1497.2598876953125,1494.9864501953125,1499.2274169921875
M10_YLUR_SLUR,10,LUR,LUR,2025-01-01,2025-01-02,2,TSE,1475.51025390625,1499.7646484375,1495.0631103515625,1500.333984375,1500.5869140625
M10_YLUR_SLUR,10,LUR,LUR,2025-01-01,2025-01-02,2,TSEC,98.2154312133789,100.02793884277344,99.9527359008789,99.91851043701172,100.08733367919922
M10_YLUR_SLUR,10,LUR,LUR,2025-01-01,2025-01-03,3,Yd,1495.67333984375,1499.413818359375,1501.12939453125,1497.3626708984375,1500.2601318359375
M10_YLUR_SLUR,10,LUR,LUR,2025-01-01,2025-01-03,3,TSE,1500.6693115234375,1499.7646484375,1499.7926025390625,1496.5145263671875,1500.6724853515625
M10_YLUR_SLUR,10,LUR,LUR,2025-01-01,2025-01-03,3,TSEC,101.06736755371094,100.02793884277344,99.898193359375,99.83876037597656,100.07061004638672
M10_YLUR_SLUR,10,LUR,LUR,2025-01-02,2025-01-02,1,Yd,1507.41943359375,1499.4344482421875,1498.82275390625,1501.3441162109375,1499.65478515625
M10_YLUR_SLUR,10,LUR,LUR,2025-01-02,2025-01-02,1,TSE,1475.51025390625,1499.7332763671875,1492.89111328125,1495.0772705078125,1499.7764892578125
M10_YLUR_SLUR,10,LUR,LUR,2025-01-02,2025-01-02,1,TSEC,98.2154312133789,100.02875518798828,99.96733856201172,100.01681518554688,100.0762939453125
M10_YLUR_SLUR,10,LUR,LUR,2025-01-02,2025-01-03,2,Yd,1495.67333984375,1499.4344482421875,1500.49951171875,1495.799560546875,1500.5738525390625
M10_YLUR_SLUR,10,LUR,LUR,2025-01-02,2025-01-03,2,TSE,1500.6693115234375,1499.7332763671875,1494.297119140625,1495.3060302734375,1499.9287109375
M10_YLUR_SLUR,10,LUR,LUR,2025-01-02,2025-01-03,2,TSEC,101.06736755371094,100.02875518798828,99.8864517211914,100.006591796875,100.08924865722656
M10_YLUR_SLUR,10,LUR,LUR,2025-01-02,2025-01-04,3,Yd,1493.4925537109375,1499.4344482421875,1498.730224609375,1497.7706298828125,1500.7208251953125
M10_YLUR_SLUR,10,LUR,LUR,2025-01-02,2025-01-04,3,TSE,1524.620361328125,1499.7332763671875,1493.5186767578125,1496.46240234375,1500.72705078125
M10_YLUR_SLUR,10,LUR,LUR,2025-01-02,2025-01-04,3,TSEC,100.00601959228516,100.02875518798828,99.96932220458984,99.85005187988281,100.04112243652344
M10_YLUR_SLUR,10,LUR,LUR,2025-01-03,2025-01-03,1,Yd,1495.67333984375,1499.4454345703125,1502.478271484375,1496.655517578125,1500.04248046875
M10_YLUR_SLUR,10,LUR,LUR,2025-01-03,2025-01-03,1,TSE,1500.6693115234375,1499.7001953125,1497.1771240234375,1495.343994140625,1499.5291748046875
M10_YLUR_SLUR,10,LUR,LUR,2025-01-03,2025-01-03,1,TSEC,101.06736755371094,100.02628326416016,100.2035140991211,100.06586456298828,100.0847396850586
M10_YLUR_SLUR,10,LUR,LUR,2025-01-03,2025-01-04,2,Yd,1493.4925537109375,1499.4454345703125,1496.443603515625,1498.2078857421875,1500.052734375
M10_YLUR_SLUR,10,LUR,LUR,2025-01-03,2025-01-04,2,TSE,1524.620361328125,1499.7001953125,1499.5572509765625,1501.068603515625,1500.2725830078125
M10_YLUR_SLUR,10,LUR,LUR,2025-01-03,2025-01-04,2,TSEC,100.00601959228516,100.02628326416016,99.79266357421875,99.92942810058594,100.08184814453125
M10_YLUR_SLUR,10,LUR,LUR,2025-01-03,2025-01-05,3,Yd,1512.6749267578125,1499.4454345703125,1503.07177734375,1498.2467041015625,1499.0025634765625
M10_YLUR_SLUR,10,LUR,LUR,2025-01-03,2025-01-05,3,TSE,1513.5692138671875,1499.7001953125,1498.1219482421875,1500.8482666015625,1501.6500244140625
M10_YLUR_SLUR,10,LUR,LUR,2025-01-03,2025-01-05,3,TSEC,99.92761993408203,100.02628326416016,99.91281127929688,99.6701431274414,100.0245132446289
M10_YLUR_SLUR,10,LUR,LUR,2025-01-04,2025-01-04,1,Yd,1493.4925537109375,1499.440185546875,1499.2379150390625,1499.8543701171875,1499.9046630859375
M10_YLUR_SLUR,10,LUR,LUR,2025-01-04,2025-01-04,1,TSE,1524.620361328125,1499.70166015625,1498.829833984375,1497.0701904296875,1500.29296875
M10_YLUR_SLUR,10,LUR,LUR,2025-01-04,2025-01-04,1,TSEC,100.00601959228516,100.02769470214844,99.8648452758789,99.96089935302734,99.99765014648438
M10_YLUR_SLUR,10,LUR,LUR,2025-01-04,2025-01-05,2,Yd,1512.6749267578125,1499.440185546875,1499.9022216796875,1494.5693359375,1499.2159423828125
M10_YLUR_SLUR,10,LUR,LUR,2025-01-04,2025-01-05,2,TSE,1513.5692138671875,1499.70166015625,1497.4134521484375,1497.723876953125,1501.6693115234375
M10_YLUR_SLUR,10,LUR,LUR,2025-01-04,2025-01-05,2,TSEC,99.92761993408203,100.02769470214844,100.04174041748047,100.04911041259766,99.95120239257812
M10_YLUR_SLUR,10,LUR,LUR,2025-01-04,2025-01-06,3,Yd,1501.13037109375,1499.440185546875,1499.2900390625,1495.573974609375,1498.1273193359375
M10_YLUR_SLUR,10,LUR,LUR,2025-01-04,2025-01-06,3,TSE,1478.25,1499.70166015625,1500.5089111328125,1500.611572265625,1502.59228515625
M10_YLUR_SLUR,10,LUR,LUR,2025-01-04,2025-01-06,3,TSEC,100.04007720947266,100.02769470214844,99.83538818359375,99.91873168945312,99.9249496459961
M10_YLUR_SLUR,10,LUR,LUR,2025-01-05,2025-01-05,1,Yd,1512.6749267578125,1499.43212890625,1501.5546875,1499.6041259765625,1499.2352294921875
M10_YLUR_SLUR,10,LUR,LUR,2025-01-05,2025-01-05,1,TSE,1513.5692138671875,1499.7353515625,1499.705322265625,1503.0330810546875,1500.9268798828125
M10_YLUR_SLUR,10,LUR,LUR,2025-01-05,2025-01-05,1,TSEC,99.92761993408203,100.02766418457031,100.01057434082031,99.77151489257812,99.95016479492188
M10_YLUR_SLUR,10,LUR,LUR,2025-01-05,2025-01-06,2,Yd,1501.13037109375,1499.43212890625,1497.8916015625,1499.7603759765625,1498.41845703125
M10_YLUR_SLUR,10,LUR,LUR,2025-01-05,2025-01-06,2,TSE,1478.25,1499.7353515625,1502.9422607421875,1505.4169921875,1502.0885009765625
M10_YLUR_SLUR,10,LUR,LUR,2025-01-05,2025-01-06,2,TSEC,100.04007720947266,100.02766418457031,99.8359603881836,99.75433349609375,99.91693115234375
M10_YLUR_SLUR,10,LUR,LUR,2025-01-05,2025-01-07,3,Yd,1499.5413818359375,1499.43212890625,1501.0321044921875,1496.2535400390625,1497.7637939453125
M10_YLUR_SLUR,10,LUR,LUR,2025-01-05,2025-01-07,3,TSE,1488.2005615234375,1499.7353515625,1500.716796875,1507.2012939453125,1502.572509765625
M10_YLUR_SLUR,10,LUR,LUR,2025-01-05,2025-01-07,3,TSEC,100.0523681640625,100.02766418457031,100.05894470214844,100.02009582519531,99.94034576416016
M10_YLUR_SLUR,10,LUR,LUR,2025-01-06,2025-01-06,1,Yd,1501.13037109375,1499.4501953125,1497.3594970703125,1495.839599609375,1498.60888671875
M10_YLUR_SLUR,10,LUR,LUR,2025-01-06,2025-01-06,1,TSE,1478.25,1499.75439453125,1498.581298828125,1501.905029296875,1501.0357666015625
M10_YLUR_SLUR,10,LUR,LUR,2025-01-06,2025-01-06,1,TSEC,100.04007720947266,100.02753448486328,99.96504974365234,99.9952392578125,99.96472930908203
M10_YLUR_SLUR,10,LUR,LUR,2025-01-06,2025-01-07,2,Yd,1499.5413818359375,1499.4501953125,1500.97802734375,1495.3760986328125,1497.996826171875
M10_YLUR_SLUR,10,LUR,LUR,2025-01-06,2025-01-07,2,TSE,1488.2005615234375,1499.75439453125,1497.6072998046875,1502.671630859375,1501.7984619140625
M10_YLUR_SLUR,10,LUR,LUR,2025-01-06,2025-01-07,2,TSEC,100.0523681640625,100.02753448486328,99.8587417602539,100.029296875,99.9841079711914
M10_YLUR_SLUR,10,LUR,LUR,2025-01-06,2025-01-08,3,Yd,1495.1898193359375,1499.4501953125,1497.8919677734375,1494.140869140625,1498.0064697265625
M10_YLUR_SLUR,10,LUR,LUR,2025-01-06,2025-01-08,3,TSE,1530.63427734375,1499.75439453125,1497.6715087890625,1499.71630859375,1501.927001953125
M10_YLUR_SLUR,10,LUR,LUR,2025-01-06,2025-01-08,3,TSEC,100.2786865234375,100.02753448486328,99.9387435913086,100.14041900634766,100.06194305419922
M10_YLUR_SLUR,10,LUR,LUR,2025-01-07,2025-01-07,1,Yd,1499.5413818359375,1499.4525146484375,1503.309326171875,1495.68603515625,1498.151123046875
M10_YLUR_SLUR,10,LUR,LUR,2025-01-07,2025-01-07,1,TSE,1488.2005615234375,1499.7252197265625,1499.0430908203125,1500.9368896484375,1500.60009765625
M10_YLUR_SLUR,10,LUR,LUR,2025-01-07,2025-01-07,1,TSEC,100.0523681640625,100.02754974365234,99.86193084716797,99.96844482421875,100.0350570678711
M10_YLUR_SLUR,10,LUR,LUR,2025-01-07,2025-01-08,2,Yd,1495.1898193359375,1499.4525146484375,1498.646728515625,1495.258544921875,1497.9178466796875
M10_YLUR_SLUR,10,LUR,LUR,2025-01-07,2025-01-08,2,TSE,1530.63427734375,1499.7252197265625,1501.047119140625,1503.359619140625,1500.6959228515625
M10_YLUR_SLUR,10,LUR,LUR,2025-01-07,2025-01-08,2,TSEC,100.2786865234375,100.02754974365234,99.9259033203125,99.94305419921875,100.11096954345703
M10_YLUR_SLUR,10,LUR,LUR,2025-01-07,2025-01-09,3,Yd,1490.179443359375,1499.4525146484375,1501.841064453125,1495.1654052734375,1498.99169921875
M10_YLUR_SLUR,10,LUR,LUR,2025-01-07,2025-01-09,3,TSE,1514.7847900390625,1499.7252197265625,1493.8502197265625,1501.1748046875,1500.43212890625
M10_YLUR_SLUR,10,LUR,LUR,2025-01-07,2025-01-09,3,TSEC,98.77471923828125,100.02754974365234,99.8073501586914,99.76280975341797,100.15040588378906
M10_YLUR_SLUR,10,LUR,LUR,2025-01-08,2025-01-08,1,Yd,1495.1898193359375,1499.4525146484375,1499.3101806640625,1494.67822265625,1498.5697021484375
M10_YLUR_SLUR,10,LUR,LUR,2025-01-08,2025-01-08,1,TSE,1530.63427734375,1499.70947265625,1498.006591796875,1496.033203125,1500.0584716796875
M10_YLUR_SLUR,10,LUR,LUR,2025-01-08,2025-01-08,1,TSEC,100.2786865234375,100.027587890625,99.91602325439453,100.18184661865234,100.08576202392578
M10_YLUR_SLUR,10,LUR,LUR,2025-01-08,2025-01-09,2,Yd,1490.179443359375,1499.4525146484375,1500.7056884765625,1496.8753662109375,1499.2900390625
M10_YLUR_SLUR,10,LUR,LUR,2025-01-08,2025-01-09,2,TSE,1514.7847900390625,1499.70947265625,1494.2308349609375,1499.8070068359375,1500.0252685546875
M10_YLUR_SLUR,10,LUR,LUR,2025-01-08,2025-01-09,2,TSEC,98.77471923828125,100.027587890625,99.79698944091797,100.20287322998047,100.14054870605469
M10_YLUR_SLUR,10,LUR,LUR,2025-01-08,2025-01-10,3,Yd,1496.965576171875,1499.4525146484375,1499.5760498046875,1496.1031494140625,1500.627685546875
M10_YLUR_SLUR,10,LUR,LUR,2025-01-08,2025-01-10,3,TSE,1494.98388671875,1499.70947265625,1497.719970703125,1499.6842041015625,1499.8388671875
M10_YLUR_SLUR,10,LUR,LUR,2025-01-08,2025-01-10,3,TSEC,101.09980773925781,100.027587890625,100.01589965820312,99.90593719482422,100.14887237548828
M10_YLUR_SLUR,10,LUR,LUR,2025-01-09,2025-01-09,1,Yd,1490.179443359375,1499.4468994140625,1500.930908203125,1498.0030517578125,1499.857666015625
M10_YLUR_SLUR,10,LUR,LUR,2025-01-09,2025-01-09,1,TSE,1514.7847900390625,1499.7513427734375,1495.3629150390625,1496.483154296875,1499.9942626953125
M10_YLUR_SLUR,10,LUR,LUR,2025-01-09,2025-01-09,1,TSEC,98.77471923828125,100.0279312133789,99.84996032714844,100.18444061279297,100.06156921386719
M10_YLUR_SLUR,10,LUR,LUR,2025-01-09,2025-01-10,2,Yd,1496.965576171875,1499.4468994140625,1498.6536865234375,1496.2969970703125,1500.97900390625
M10_YLUR_SLUR,10,LUR,LUR,2025-01-09,2025-01-10,2,TSE,1494.98388671875,1499.7513427734375,1496.056884765625,1499.693115234375,1500.2657470703125
M10_YLUR_SLUR,10,LUR,LUR,2025-01-09,2025-01-10,2,TSEC,101.09980773925781,100.0279312133789,100.0264663696289,100.117919921875,100.06622314453125
M10_YLUR_SLUR,10,LUR,LUR,2025-01-09,2025-01-11,3,Yd,1509.44384765625,1499.4468994140625,1500.686279296875,1499.16552734375,1501.5020751953125
M10_YLUR_SLUR,10,LUR,LUR,2025-01-09,2025-01-11,3,TSE,1493.24462890625,1499.7513427734375,1501.3221435546875,1500.1416015625,1500.9873046875
M10_YLUR_SLUR,10,LUR,LUR,2025-01-09,2025-01-11,3,TSEC,102.81885528564453,100.0279312133789,99.90364074707031,99.90569305419922,100.00067901611328
M10_YLUR_SLUR,10,LUR,LUR,2025-01-10,2025-01-10,1,Yd,1496.965576171875,1499.434326171875,1498.88720703125,1502.2564697265625,1500.3734130859375
M10_YLUR_SLUR,10,LUR,LUR,2025-01-10,2025-01-10,1,TSE,1494.98388671875,1499.7716064453125,1499.4376220703125,1498.66650390625,1500.0145263671875
M10_YLUR_SLUR,10,LUR,LUR,2025-01-10,2025-01-10,1,TSEC,101.09980773925781,100.0262222290039,99.9886245727539,100.2047119140625,100.02128601074219
M10_YLUR_SLUR,10,LUR,LUR,2025-01-10,2025-01-11,2,Yd,1509.44384765625,1499.434326171875,1500.3565673828125,1499.210205078125,1500.8953857421875
M10_YLUR_SLUR,10,LUR,LUR,2025-01-10,2025-01-11,2,TSE,1493.24462890625,1499.7716064453125,1499.72119140625,1498.2373046875,1500.923583984375
M10_YLUR_SLUR,10,LUR,LUR,2025-01-10,2025-01-11,2,TSEC,102.81885528564453,100.0262222290039,99.89318084716797,99.92549896240234,99.96232604980469
M10_YLUR_SLUR,10,LUR,LUR,2025-01-10,2025-01-12,3,Yd,1513.45751953125,1499.434326171875,1498.9674072265625,1500.78125,1500.108642578125
M10_YLUR_SLUR,10,LUR,LUR,2025-01-10,2025-01-12,3,TSE,1502.8907470703125,1499.7716064453125,1499.509521484375,1498.96875,1502.4141845703125
M10_YLUR_SLUR,10,LUR,LUR,2025-01-10,2025-01-12,3,TSEC,97.59481811523438,100.0262222290039,99.87943267822266,99.97539520263672,99.89192199707031
M10_YLUR_SLUR,10,LUR,LUR,2025-01-11,2025-01-11,1,Yd,1509.44384765625,1499.4310302734375,1500.3787841796875,1499.0537109375,1500.2803955078125
M10_YLUR_SLUR,10,LUR,LUR,2025-01-11,2025-01-11,1,TSE,1493.24462890625,1499.76513671875,1499.6204833984375,1498.720703125,1500.42626953125
M10_YLUR_SLUR,10,LUR,LUR,2025-01-11,2025-01-11,1,TSEC,102.81885528564453,100.02767944335938,99.84629821777344,100.03300476074219,99.95479583740234
M10_YLUR_SLUR,10,LUR,LUR,2025-01-11,2025-01-12,2,Yd,1513.45751953125,1499.4310302734375,1498.321044921875,1498.392578125,1499.9237060546875
M10_YLUR_SLUR,10,LUR,LUR,2025-01-11,2025-01-12,2,TSE,1502.8907470703125,1499.76513671875,1499.015380859375,1502.517333984375,1501.694091796875
M10_YLUR_SLUR,10,LUR,LUR,2025-01-11,2025-01-12,2,TSEC,97.59481811523438,100.02767944335938,99.89454650878906,99.97640991210938,99.90101623535156
M10_YLUR_SLUR,10,LUR,LUR,2025-01-11,2025-01-13,3,Yd,1492.4925537109375,1499.4310302734375,1499.85107421875,1497.6591796875,1499.0628662109375
M10_YLUR_SLUR,10,LUR,LUR,2025-01-11,2025-01-13,3,TSE,1501.123779296875,1499.76513671875,1500.3165283203125,1507.9537353515625,1502.81005859375
M10_YLUR_SLUR,10,LUR,LUR,2025-01-11,2025-01-13,3,TSEC,97.86216735839844,100.02767944335938,99.76768493652344,99.79781341552734,99.86494445800781
M10_YLUR_SLUR,10,LUR,LUR,2025-01-12,2025-01-12,1,Yd,1513.45751953125,1499.4444580078125,1500.0653076171875,1498.1214599609375,1499.8614501953125
M10_YLUR_SLUR,10,LUR,LUR,2025-01-12,2025-01-12,1,TSE,1502.8907470703125,1499.75634765625,1498.627197265625,1502.993896484375,1500.5640869140625
M10_YLUR_SLUR,10,LUR,LUR,2025-01-12,2025-01-12,1,TSEC,97.59481811523438,100.03144073486328,99.97223663330078,100.0296401977539,99.92755889892578
M10_YLUR_SLUR,10,LUR,LUR,2025-01-12,2025-01-13,2,Yd,1492.4925537109375,1499.4444580078125,1499.121337890625,1495.73291015625,1499.6004638671875
M10_YLUR_SLUR,10,LUR,LUR,2025-01-12,2025-01-13,2,TSE,1501.123779296875,1499.75634765625,1500.55126953125,1503.27734375,1501.5467529296875
M10_YLUR_SLUR,10,LUR,LUR,2025-01-12,2025-01-13,2,TSEC,97.86216735839844,100.03144073486328,99.83634185791016,100.11507415771484,99.87874603271484
M10_YLUR_SLUR,10,LUR,LUR,2025-01-12,2025-01-14,3,Yd,1523.8756103515625,1499.4444580078125,1499.6900634765625,1493.466552734375,1499.2020263671875
M10_YLUR_SLUR,10,LUR,LUR,2025-01-12,2025-01-14,3,TSE,1499.164306640625,1499.75634765625,1499.20556640625,1502.6346435546875,1501.96484375
M10_YLUR_SLUR,10,LUR,LUR,2025-01-12,2025-01-14,3,TSEC,98.44721984863281,100.03144073486328,100.00456237792969,100.07626342773438,99.89725494384766
M10_YLUR_SLUR,10,LUR,LUR,2025-01-13,2025-01-13,1,Yd,1492.4925537109375,1499.46337890625,1499.994384765625,1496.3123779296875,1498.671875
M10_YLUR_SLUR,10,LUR,LUR,2025-01-13,2025-01-13,1,TSE,1501.123779296875,1499.7607421875,1499.2215576171875,1503.793212890625,1500.8665771484375
M10_YLUR_SLUR,10,LUR,LUR,2025-01-13,2025-01-13,1,TSEC,97.86216735839844,100.02816009521484,100.14289093017578,99.85798645019531,99.9654769897461
M10_YLUR_SLUR,10,LUR,LUR,2025-01-13,2025-01-14,2,Yd,1523.8756103515625,1499.46337890625,1499.7862548828125,1498.2626953125,1498.1689453125
M10_YLUR_SLUR,10,LUR,LUR,2025-01-13,2025-01-14,2,TSE,1499.164306640625,1499.7607421875,1498.7186279296875,1505.7999267578125,1501.5013427734375
M10_YLUR_SLUR,10,LUR,LUR,2025-01-13,2025-01-14,2,TSEC,98.44721984863281,100.02816009521484,99.71710968017578,99.86951446533203,99.9870376586914
M10_YLUR_SLUR,10,LUR,LUR,2025-01-13,2025-01-15,3,Yd,1532.780517578125,1499.46337890625,1500.2930908203125,1498.432861328125,1498.1121826171875
M10_YLUR_SLUR,10,LUR,LUR,2025-01-13,2025-01-15,3,TSE,1506.50341796875,1499.7607421875,1498.908447265625,1502.129638671875,1501.4697265625
M10_YLUR_SLUR,10,LUR,LUR,2025-01-13,2025-01-15,3,TSEC,99.92566680908203,100.02816009521484,100.06954956054688,100.13956451416016,100.07127380371094
M10_YLUR_SLUR,10,LUR,LUR,2025-01-14,2025-01-14,1,Yd,1523.8756103515625,1499.4539794921875,1498.1353759765625,1495.7742919921875,1497.93701171875
M10_YLUR_SLUR,10,LUR,LUR,2025-01-14,2025-01-14,1,TSE,1499.164306640625,1499.762451171875,1499.9000244140625,1497.7955322265625,1500.6610107421875
M10_YLUR_SLUR,10,LUR,LUR,2025-01-14,2025-01-14,1,TSEC,98.44721984863281,100.0252456665039,99.96255493164062,100.00527954101562,100.04849243164062
M10_YLUR_SLUR,10,LUR,LUR,2025-01-14,2025-01-15,2,Yd,1532.780517578125,1499.4539794921875,1498.2919921875,1495.7896728515625,1497.3062744140625
M10_YLUR_SLUR,10,LUR,LUR,2025-01-14,2025-01-15,2,TSE,1506.50341796875,1499.762451171875,1497.64306640625,1498.4422607421875,1500.78466796875
M10_YLUR_SLUR,10,LUR,LUR,2025-01-14,2025-01-15,2,TSEC,99.92566680908203,100.0252456665039,99.83475494384766,100.01545715332031,100.13243865966797
M10_YLUR_SLUR,10,LUR,LUR,2025-01-14,2025-01-16,3,Yd,1506.6123046875,1499.4539794921875,1498.86376953125,1498.4072265625,1498.1014404296875
M10_YLUR_SLUR,10,LUR,LUR,2025-01-14,2025-01-16,3,TSE,1528.2972412109375,1499.762451171875,1502.5694580078125,1495.217529296875,1500.4586181640625
M10_YLUR_SLUR,10,LUR,LUR,2025-01-14,2025-01-16,3,TSEC,99.68498992919922,100.0252456665039,99.73928833007812,99.98548889160156,100.17561340332031
M10_YLUR_SLUR,10,LUR,LUR,2025-01-15,2025-01-15,1,Yd,1532.780517578125,1499.4866943359375,1500.1268310546875,1494.7008056640625,1497.982177734375
M10_YLUR_SLUR,10,LUR,LUR,2025-01-15,2025-01-15,1,TSE,1506.50341796875,1499.76171875,1499.026123046875,1501.8536376953125,1500.0460205078125
M10_YLUR_SLUR,10,LUR,LUR,2025-01-15,2025-01-15,1,TSEC,99.92566680908203,100.02313232421875,99.9406509399414,99.87312316894531,100.12305450439453
M10_YLUR_SLUR,10,LUR,LUR,2025-01-15,2025-01-16,2,Yd,1506.6123046875,1499.4866943359375,1501.3624267578125,1498.1580810546875,1498.236572265625
M10_YLUR_SLUR,10,LUR,LUR,2025-01-15,2025-01-16,2,TSE,1528.2972412109375,1499.76171875,1498.7086181640625,1501.3834228515625,1499.831787109375
M10_YLUR_SLUR,10,LUR,LUR,2025-01-15,2025-01-16,2,TSEC,99.68498992919922,100.02313232421875,99.79234313964844,100.05513000488281,100.2040023803711
M10_YLUR_SLUR,10,LUR,LUR,2025-01-15,2025-01-17,3,Yd,1497.4259033203125,1499.4866943359375,1500.0179443359375,1498.58642578125,1499.606201171875
M10_YLUR_SLUR,10,LUR,LUR,2025-01-15,2025-01-17,3,TSE,1502.4593505859375,1499.76171875,1498.9837646484375,1499.029296875,1499.6710205078125
M10_YLUR_SLUR,10,LUR,LUR,2025-01-15,2025-01-17,3,TSEC,99.96244049072266,100.02313232421875,100.29183197021484,100.05111694335938,100.23316192626953
M10_YLUR_SLUR,10,LUR,LUR,2025-01-16,2025-01-16,1,Yd,1506.6123046875,1499.531494140625,1500.9814453125,1498.1329345703125,1499.236083984375
M10_YLUR_SLUR,10,LUR,LUR,2025-01-16,2025-01-16,1,TSE,1528.2972412109375,1499.770751953125,1497.49462890625,1497.1051025390625,1499.5059814453125
M10_YLUR_SLUR,10,LUR,LUR,2025-01-16,2025-01-16,1,TSEC,99.68498992919922,100.02299499511719,99.83383178710938,100.02998352050781,100.12993621826172
M10_YLUR_SLUR,10,LUR,LUR,2025-01-16,2025-01-17,2,Yd,1497.4259033203125,1499.531494140625,1502.3358154296875,1495.791015625,1500.3082275390625
M10_YLUR_SLUR,10,LUR,LUR,2025-01-16,2025-01-17,2,TSE,1502.4593505859375,1499.770751953125,1499.3829345703125,1497.5850830078125,1499.3822021484375
M10_YLUR_SLUR,10,LUR,LUR,2025-01-16,2025-01-17,2,TSEC,99.96244049072266,100.02299499511719,99.95811462402344,100.1467056274414,100.20011138916016
M10_YLUR_SLUR,10,LUR,LUR,2025-01-16,2025-01-18,3,Yd,1503.0355224609375,1499.531494140625,1500.6397705078125,1496.409912109375,1501.052978515625
M10_YLUR_SLUR,10,LUR,LUR,2025-01-16,2025-01-18,3,TSE,1513.7318115234375,1499.770751953125,1500.1474609375,1498.111083984375,1499.8939208984375
M10_YLUR_SLUR,10,LUR,LUR,2025-01-16,2025-01-18,3,TSEC,100.01431274414062,100.02299499511719,99.98165893554688,100.171142578125,100.1911392211914
M10_YLUR_SLUR,10,LUR,LUR,2025-01-17,2025-01-17,1,Yd,1497.4259033203125,1499.540771484375,1501.6883544921875,1501.6878662109375,1500.4208984375
M10_YLUR_SLUR,10,LUR,LUR,2025-01-17,2025-01-17,1,TSE,1502.4593505859375,1499.8089599609375,1503.000732421875,1496.996337890625,1499.6820068359375
M10_YLUR_SLUR,10,LUR,LUR,2025-01-17,2025-01-17,1,TSEC,99.96244049072266,100.02254486083984,100.26299285888672,100.22469329833984,100.0826416015625
M10_YLUR_SLUR,10,LUR,LUR,2025-01-17,2025-01-18,2,Yd,1503.0355224609375,1499.540771484375,1501.1568603515625,1497.7822265625,1501.207275390625
M10_YLUR_SLUR,10,LUR,LUR,2025-01-17,2025-01-18,2,TSE,1513.7318115234375,1499.8089599609375,1500.634521484375,1496.8245849609375,1500.167724609375
M10_YLUR_SLUR,10,LUR,LUR,2025-01-17,2025-01-18,2,TSEC,100.01431274414062,100.02254486083984,99.96700286865234,99.97158813476562,100.05463409423828
M10_YLUR_SLUR,10,LUR,LUR,2025-01-17,2025-01-19,3,Yd,1492.720947265625,1499.540771484375,1501.856201171875,1497.1851806640625,1501.1219482421875
M10_YLUR_SLUR,10,LUR,LUR,2025-01-17,2025-01-19,3,TSE,1480.552734375,1499.8089599609375,1502.11767578125,1498.3704833984375,1501.2200927734375
M10_YLUR_SLUR,10,LUR,LUR,2025-01-17,2025-01-19,3,TSEC,98.51658630371094,100.02254486083984,99.92296600341797,100.1029052734375,99.96399688720703
M10_YLUR_SLUR,10,LUR,LUR,2025-01-18,2025-01-18,1,Yd,1503.0355224609375,1499.5380859375,1503.32275390625,1499.5277099609375,1500.433349609375
M10_YLUR_SLUR,10,LUR,LUR,2025-01-18,2025-01-18,1,TSE,1513.7318115234375,1499.8125,1498.7083740234375,1499.4359130859375,1500.0777587890625
M10_YLUR_SLUR,10,LUR,LUR,2025-01-18,2025-01-18,1,TSEC,100.01431274414062,100.02246856689453,100.02767181396484,100.26514434814453,99.98653411865234
M10_YLUR_SLUR,10,LUR,LUR,2025-01-18,2025-01-19,2,Yd,1492.720947265625,1499.5380859375,1504.63671875,1495.536376953125,1500.6827392578125
M10_YLUR_SLUR,10,LUR,LUR,2025-01-18,2025-01-19,2,TSE,1480.552734375,1499.8125,1499.8984375,1504.45751953125,1501.0443115234375
M10_YLUR_SLUR,10,LUR,LUR,2025-01-18,2025-01-19,2,TSEC,98.51658630371094,100.02246856689453,99.73558807373047,100.13381958007812,99.92133331298828
M10_YLUR_SLUR,10,LUR,LUR,2025-01-18,2025-01-20,3,Yd,1495.7783203125,1499.5380859375,1502.09033203125,1494.2176513671875,1499.868408203125
M10_YLUR_SLUR,10,LUR,LUR,2025-01-18,2025-01-20,3,TSE,1510.2960205078125,1499.8125,1499.5211181640625,1501.7957763671875,1501.7744140625
M10_YLUR_SLUR,10,LUR,LUR,2025-01-18,2025-01-20,3,TSEC,100.99119567871094,100.02246856689453,99.85803985595703,100.18682861328125,99.90519714355469
M10_YLUR_SLUR,10,LUR,LUR,2025-01-19,2025-01-19,1,Yd,1492.720947265625,1499.542724609375,1502.0360107421875,1499.0501708984375,1499.9007568359375
M10_YLUR_SLUR,10,LUR,LUR,2025-01-19,2025-01-19,1,TSE,1480.552734375,1499.8310546875,1504.18212890625,1503.7752685546875,1500.6162109375
M10_YLUR_SLUR,10,LUR,LUR,2025-01-19,2025-01-19,1,TSEC,98.51658630371094,100.02245330810547,99.914794921875,99.94625091552734,99.94029998779297
M10_YLUR_SLUR,10,LUR,LUR,2025-01-19,2025-01-20,2,Yd,1495.7783203125,1499.542724609375,1500.8975830078125,1496.21142578125,1499.427978515625
M10_YLUR_SLUR,10,LUR,LUR,2025-01-19,2025-01-20,2,TSE,1510.2960205078125,1499.8310546875,1502.355224609375,1507.2696533203125,1501.3690185546875
M10_YLUR_SLUR,10,LUR,LUR,2025-01-19,2025-01-20,2,TSEC,100.99119567871094,100.02245330810547,99.82553100585938,99.838623046875,99.92206573486328
M10_YLUR_SLUR,10,LUR,LUR,2025-01-19,2025-01-21,3,Yd,1499.8291015625,1499.542724609375,1501.5970458984375,1494.10205078125,1498.9183349609375
M10_YLUR_SLUR,10,LUR,LUR,2025-01-19,2025-01-21,3,TSE,1505.5028076171875,1499.8310546875,1503.5479736328125,1501.8382568359375,1501.729736328125
M10_YLUR_SLUR,10,LUR,LUR,2025-01-19,2025-01-21,3,TSEC,100.31291961669922,100.02245330810547,100.03924560546875,99.88928985595703,99.9636001586914
M10_YLUR_SLUR,10,LUR,LUR,2025-01-20,2025-01-20,1,Yd,1495.7783203125,1499.53369140625,1500.6072998046875,1498.5711669921875,1498.3785400390625
M10_YLUR_SLUR,10,LUR,LUR,2025-01-20,2025-01-20,1,TSE,1510.2960205078125,1499.8052978515625,1498.2998046875,1503.71923828125,1500.57275390625
M10_YLUR_SLUR,10,LUR,LUR,2025-01-20,2025-01-20,1,TSEC,100.99119567871094,100.02044677734375,99.83261108398438,99.85649108886719,99.99468994140625
M10_YLUR_SLUR,10,LUR,LUR,2025-01-20,2025-01-21,2,Yd,1499.8291015625,1499.53369140625,1501.268310546875,1495.2403564453125,1497.638427734375
M10_YLUR_SLUR,10,LUR,LUR,2025-01-20,2025-01-21,2,TSE,1505.5028076171875,1499.8052978515625,1501.0125732421875,1507.3057861328125,1500.8790283203125
M10_YLUR_SLUR,10,LUR,LUR,2025-01-20,2025-01-21,2,TSEC,100.31291961669922,100.02044677734375,100.00239562988281,99.86170959472656,100.04985809326172
M10_YLUR_SLUR,10,LUR,LUR,2025-01-20,2025-01-22,3,Yd,1503.8416748046875,1499.53369140625,1501.0252685546875,1496.862548828125,1497.1395263671875
M10_YLUR_SLUR,10,LUR,LUR,2025-01-20,2025-01-22,3,TSE,1500.79736328125,1499.8052978515625,1499.2581787109375,1503.34912109375,1500.7205810546875
M10_YLUR_SLUR,10,LUR,LUR,2025-01-20,2025-01-22,3,TSEC,99.92244720458984,100.02044677734375,99.9229507446289,99.98876953125,100.16043853759766
M10_YLUR_SLUR,10,LUR,LUR,2025-01-21,2025-01-21,1,Yd,1499.8291015625,1499.5286865234375,1500.794677734375,1491.38916015625,1498.0341796875
M10_YLUR_SLUR,10,LUR,LUR,2025-01-21,2025-01-21,1,TSE,1505.5028076171875,1499.8192138671875,1501.7216796875,1501.492431640625,1500.721435546875
M10_YLUR_SLUR,10,LUR,LUR,2025-01-21,2025-01-21,1,TSEC,100.31291961669922,100.02174377441406,99.89994812011719,100.03424835205078,100.03569030761719
M10_YLUR_SLUR,10,LUR,LUR,2025-01-21,2025-01-22,2,Yd,1503.8416748046875,1499.5286865234375,1500.6932373046875,1497.0867919921875,1497.5206298828125
M10_YLUR_SLUR,10,LUR,LUR,2025-01-21,2025-01-22,2,TSE,1500.79736328125,1499.8192138671875,1498.8465576171875,1502.9791259765625,1500.980224609375
M10_YLUR_SLUR,10,LUR,LUR,2025-01-21,2025-01-22,2,TSEC,99.92244720458984,100.02174377441406,99.77818298339844,100.1016616821289,100.11625671386719
M10_YLUR_SLUR,10,LUR,LUR,2025-01-21,2025-01-23,3,Yd,1496.6510009765625,1499.5286865234375,1500.8714599609375,1495.093505859375,1498.2923583984375
M10_YLUR_SLUR,10,LUR,LUR,2025-01-21,2025-01-23,3,TSE,1492.2432861328125,1499.8192138671875,1499.4693603515625,1500.482666015625,1500.574462890625
M10_YLUR_SLUR,10,LUR,LUR,2025-01-21,2025-01-23,3,TSEC,100.22623443603516,100.02174377441406,99.79597473144531,100.0159683227539,100.13807678222656
M10_YLUR_SLUR,10,LUR,LUR,2025-01-22,2025-01-22,1,Yd,1503.8416748046875,1499.529052734375,1500.6826171875,1494.7257080078125,1498.4410400390625
M10_YLUR_SLUR,10,LUR,LUR,2025-01-22,2025-01-22,1,TSE,1500.79736328125,1499.8267822265625,1499.8970947265625,1498.20458984375,1500.28759765625
M10_YLUR_SLUR,10,LUR,LUR,2025-01-22,2025-01-22,1,TSEC,99.92244720458984,100.02212524414062,99.8503189086914,100.11183166503906,100.06820678710938
M10_YLUR_SLUR,10,LUR,LUR,2025-01-22,2025-01-23,2,Yd,1496.6510009765625,1499.529052734375,1500.9788818359375,1495.8885498046875,1499.12939453125
M10_YLUR_SLUR,10,LUR,LUR,2025-01-22,2025-01-23,2,TSE,1492.2432861328125,1499.8267822265625,1498.68505859375,1498.6964111328125,1500.2796630859375
M10_YLUR_SLUR,10,LUR,LUR,2025-01-22,2025-01-23,2,TSEC,100.22623443603516,100.02212524414062,99.778076171875,100.1661148071289,100.10546875
M10_YLUR_SLUR,10,LUR,LUR,2025-01-22,2025-01-24,3,Yd,1499.2877197265625,1499.529052734375,1500.966552734375,1497.465087890625,1500.4024658203125
M10_YLUR_SLUR,10,LUR,LUR,2025-01-22,2025-01-24,3,TSE,1494.1724853515625,1499.8267822265625,1499.5594482421875,1496.8546142578125,1500.2327880859375
M10_YLUR_SLUR,10,LUR,LUR,2025-01-22,2025-01-24,3,TSEC,99.95530700683594,100.02212524414062,100.24813079833984,99.95281219482422,100.11848449707031
M10_YLUR_SLUR,10,LUR,LUR,2025-01-23,2025-01-23,1,Yd,1496.6510009765625,1499.534912109375,1500.92431640625,1498.5355224609375,1499.4859619140625
M10_YLUR_SLUR,10,LUR,LUR,2025-01-23,2025-01-23,1,TSE,1492.2432861328125,1499.8280029296875,1498.564208984375,1493.4814453125,1499.84765625
M10_YLUR_SLUR,10,LUR,LUR,2025-01-23,2025-01-23,1,TSEC,100.22623443603516,100.0219955444336,99.7625961303711,100.1141128540039,100.07377624511719
M10_YLUR_SLUR,10,LUR,LUR,2025-01-23,2025-01-24,2,Yd,1499.2877197265625,1499.534912109375,1501.5179443359375,1499.2847900390625,1500.5020751953125
M10_YLUR_SLUR,10,LUR,LUR,2025-01-23,2025-01-24,2,TSE,1494.1724853515625,1499.8280029296875,1499.1185302734375,1500.2139892578125,1499.9605712890625
M10_YLUR_SLUR,10,LUR,LUR,2025-01-23,2025-01-24,2,TSEC,99.95530700683594,100.0219955444336,100.26637268066406,99.8381118774414,100.09435272216797
M10_YLUR_SLUR,10,LUR,LUR,2025-01-23,2025-01-25,3,Yd,1501.901123046875,1499.534912109375,1500.626953125,1502.0091552734375,1500.9744873046875
M10_YLUR_SLUR,10,LUR,LUR,2025-01-23,2025-01-25,3,TSE,1496.21533203125,1499.8280029296875,1500.1864013671875,1501.78955078125,1500.4925537109375
M10_YLUR_SLUR,10,LUR,LUR,2025-01-23,2025-01-25,3,TSEC,99.6635971069336,100.0219955444336,100.02955627441406,99.65225982666016,100.04039764404297
M10_YLUR_SLUR,10,LUR,LUR,2025-01-24,2025-01-24,1,Yd,1499.2877197265625,1499.531005859375,1501.9334716796875,1499.3199462890625,1500.2125244140625
M10_YLUR_SLUR,10,LUR,LUR,2025-01-24,2025-01-24,1,TSE,1494.1724853515625,1499.8179931640625,1498.8248291015625,1496.2103271484375,1499.721435546875
M10_YLUR_SLUR,10,LUR,LUR,2025-01-24,2025-01-24,1,TSEC,99.95530700683594,100.02227783203125,100.23539733886719,100.02259063720703,100.04069519042969
M10_YLUR_SLUR,10,LUR,LUR,2025-01-24,2025-01-25,2,Yd,1501.901123046875,1499.531005859375,1501.3843994140625,1493.7164306640625,1500.5928955078125
M10_YLUR_SLUR,10,LUR,LUR,2025-01-24,2025-01-25,2,TSE,1496.21533203125,1499.8179931640625,1500.330322265625,1500.6314697265625,1500.4140625
M10_YLUR_SLUR,10,LUR,LUR,2025-01-24,2025-01-25,2,TSEC,99.6635971069336,100.02227783203125,99.997314453125,99.76349639892578,99.99445343017578
M10_YLUR_SLUR,10,LUR,LUR,2025-01-24,2025-01-26,3,Yd,1501.8863525390625,1499.531005859375,1502.858642578125,1496.97998046875,1499.7218017578125
M10_YLUR_SLUR,10,LUR,LUR,2025-01-24,2025-01-26,3,TSE,1501.0872802734375,1499.8179931640625,1498.8150634765625,1502.6932373046875,1501.705810546875
M10_YLUR_SLUR,10,LUR,LUR,2025-01-24,2025-01-26,3,TSEC,99.6517105102539,100.02227783203125,99.89472198486328,99.56456756591797,99.9202880859375
M10_YLUR_SLUR,10,LUR,LUR,2025-01-25,2025-01-25,1,Yd,1501.901123046875,1499.5306396484375,1501.15087890625,1498.0308837890625,1499.9468994140625
M10_YLUR_SLUR,10,LUR,LUR,2025-01-25,2025-01-25,1,TSE,1496.21533203125,1499.810546875,1500.412109375,1497.2412109375,1500.232177734375
M10_YLUR_SLUR,10,LUR,LUR,2025-01-25,2025-01-25,1,TSEC,99.6635971069336,100.02218627929688,100.08438873291016,99.90686798095703,99.97945404052734
M10_YLUR_SLUR,10,LUR,LUR,2025-01-25,2025-01-26,2,Yd,1501.8863525390625,1499.5306396484375,1502.637939453125,1495.91162109375,1499.3748779296875
M10_YLUR_SLUR,10,LUR,LUR,2025-01-25,2025-01-26,2,TSE,1501.0872802734375,1499.810546875,1500.531494140625,1503.05712890625,1501.392333984375
M10_YLUR_SLUR,10,LUR,LUR,2025-01-25,2025-01-26,2,TSEC,99.6517105102539,100.02218627929688,99.6124267578125,99.89753723144531,99.92503356933594
M10_YLUR_SLUR,10,LUR,LUR,2025-01-25,2025-01-27,3,Yd,1500.3067626953125,1499.5306396484375,1500.2230224609375,1496.6314697265625,1498.2281494140625
M10_YLUR_SLUR,10,LUR,LUR,2025-01-25,2025-01-27,3,TSE,1493.7066650390625,1499.810546875,1500.685791015625,1503.51708984375,1502.3924560546875
M10_YLUR_SLUR,10,LUR,LUR,2025-01-25,2025-01-27,3,TSEC,100.50299835205078,100.02218627929688,99.87671661376953,99.8774642944336,99.89617156982422
M10_YLUR_SLUR,10,LUR,LUR,2025-01-26,2025-01-26,1,Yd,1501.8863525390625,1499.53369140625,1501.594482421875,1496.285400390625,1499.05908203125
M10_YLUR_SLUR,10,LUR,LUR,2025-01-26,2025-01-26,1,TSE,1501.0872802734375,1499.805908203125,1500.0699462890625,1503.6241455078125,1500.7635498046875
M10_YLUR_SLUR,10,LUR,LUR,2025-01-26,2025-01-26,1,TSEC,99.6517105102539,100.02171325683594,99.86328887939453,99.67247009277344,99.955078125
M10_YLUR_SLUR,10,LUR,LUR,2025-01-26,2025-01-27,2,Yd,1500.3067626953125,1499.53369140625,1500.1822509765625,1496.2086181640625,1498.0350341796875
M10_YLUR_SLUR,10,LUR,LUR,2025-01-26,2025-01-27,2,TSE,1493.7066650390625,1499.805908203125,1500.5670166015625,1505.2147216796875,1501.6697998046875
M10_YLUR_SLUR,10,LUR,LUR,2025-01-26,2025-01-27,2,TSEC,100.50299835205078,100.02171325683594,99.8270492553711,99.89876556396484,99.93637084960938
M10_YLUR_SLUR,10,LUR,LUR,2025-01-26,2025-01-28,3,Yd,1473.02978515625,1499.53369140625,1501.074951171875,1493.76904296875,1497.3311767578125
M10_YLUR_SLUR,10,LUR,LUR,2025-01-26,2025-01-28,3,TSE,1498.4188232421875,1499.805908203125,1500.50048828125,1504.1490478515625,1502.0003662109375
M10_YLUR_SLUR,10,LUR,LUR,2025-01-26,2025-01-28,3,TSEC,100.0460433959961,100.02171325683594,100.03170013427734,99.93190002441406,99.96236419677734
M10_YLUR_SLUR,10,LUR,LUR,2025-01-27,2025-01-27,1,Yd,1500.3067626953125,1499.5369873046875,1499.962158203125,1497.079345703125,1498.253662109375
M10_YLUR_SLUR,10,LUR,LUR,2025-01-27,2025-01-27,1,TSE,1493.7066650390625,1499.8074951171875,1500.76171875,1503.685302734375,1500.818359375
M10_YLUR_SLUR,10,LUR,LUR,2025-01-27,2025-01-27,1,TSEC,100.50299835205078,100.0212173461914,99.75474548339844,99.87142944335938,99.9742431640625
M10_YLUR_SLUR,10,LUR,LUR,2025-01-27,2025-01-28,2,Yd,1473.02978515625,1499.5369873046875,1502.2762451171875,1498.49658203125,1497.401123046875
M10_YLUR_SLUR,10,LUR,LUR,2025-01-27,2025-01-28,2,TSE,1498.4188232421875,1499.8074951171875,1500.5516357421875,1504.304931640625,1501.417236328125
M10_YLUR_SLUR,10,LUR,LUR,2025-01-27,2025-01-28,2,TSEC,100.0460433959961,100.0212173461914,99.89897155761719,99.92155456542969,100.00382232666016
M10_YLUR_SLUR,10,LUR,LUR,2025-01-27,2025-01-29,3,Yd,1510.3455810546875,1499.5369873046875,1501.3316650390625,1496.1463623046875,1497.015625
M10_YLUR_SLUR,10,LUR,LUR,2025-01-27,2025-01-29,3,TSE,1476.173095703125,1499.8074951171875,1500.5609130859375,1501.12158203125,1501.487548828125
M10_YLUR_SLUR,10,LUR,LUR,2025-01-27,2025-01-29,3,TSEC,100.96861267089844,100.0212173461914,99.82313537597656,100.00946807861328,100.10762023925781
M10_YLUR_SLUR,10,LUR,LUR,2025-01-28,2025-01-28,1,Yd,1473.02978515625,1499.5379638671875,1501.0218505859375,1495.8790283203125,1497.944580078125
M10_YLUR_SLUR,10,LUR,LUR,2025-01-28,2025-01-28,1,TSE,1498.4188232421875,1499.7994384765625,1499.55712890625,1500.9696044921875,1500.6239013671875
M10_YLUR_SLUR,10,LUR,LUR,2025-01-28,2025-01-28,1,TSEC,100.0460433959961,100.0218505859375,99.90602111816406,100.05397033691406,100.03435516357422
M10_YLUR_SLUR,10,LUR,LUR,2025-01-28,2025-01-29,2,Yd,1510.3455810546875,1499.5379638671875,1500.499755859375,1495.234130859375,1497.3900146484375
M10_YLUR_SLUR,10,LUR,LUR,2025-01-28,2025-01-29,2,TSE,1476.173095703125,1499.7994384765625,1500.1475830078125,1502.1375732421875,1500.811279296875
M10_YLUR_SLUR,10,LUR,LUR,2025-01-28,2025-01-29,2,TSEC,100.96861267089844,100.0218505859375,99.82083892822266,100.16007232666016,100.113525390625
M10_YLUR_SLUR,10,LUR,LUR,2025-01-28,2025-01-30,3,Yd,1463.825927734375,1499.5379638671875,1501.0601806640625,1493.978515625,1497.972412109375
M10_YLUR_SLUR,10,LUR,LUR,2025-01-28,2025-01-30,3,TSE,1537.62890625,1499.7994384765625,1499.6837158203125,1499.3905029296875,1500.499755859375
M10_YLUR_SLUR,10,LUR,LUR,2025-01-28,2025-01-30,3,TSEC,99.25186920166016,100.0218505859375,99.83515167236328,100.02078247070312,100.14592742919922
M10_YLUR_SLUR,10,LUR,LUR,2025-01-29,2025-01-29,1,Yd,1510.3455810546875,1499.5029296875,1500.7891845703125,1496.2193603515625,1498.212890625
M10_YLUR_SLUR,10,LUR,LUR,2025-01-29,2025-01-29,1,TSE,1476.173095703125,1499.7977294921875,1500.0030517578125,1498.276123046875,1500.3082275390625
M10_YLUR_SLUR,10,LUR,LUR,2025-01-29,2025-01-29,1,TSEC,100.96861267089844,100.02188110351562,99.84461212158203,100.00885772705078,100.0609130859375
M10_YLUR_SLUR,10,LUR,LUR,2025-01-29,2025-01-30,2,Yd,1463.825927734375,1499.5029296875,1498.4588623046875,1494.02685546875,1498.63330078125
M10_YLUR_SLUR,10,LUR,LUR,2025-01-29,2025-01-30,2,TSE,1537.62890625,1499.7977294921875,1499.6258544921875,1501.8319091796875,1500.380859375
M10_YLUR_SLUR,10,LUR,LUR,2025-01-29,2025-01-30,2,TSEC,99.25186920166016,100.02188110351562,99.8360366821289,100.0164566040039,100.09876251220703
M10_YLUR_SLUR,10,LUR,LUR,2025-01-29,2025-01-31,3,Yd,1495.4847412109375,1499.5029296875,1500.34521484375,1496.035400390625,1499.52197265625
M10_YLUR_SLUR,10,LUR,LUR,2025-01-29,2025-01-31,3,TSE,1510.396484375,1499.7977294921875,1499.9014892578125,1499.626953125,1500.243408203125
M10_YLUR_SLUR,10,LUR,LUR,2025-01-29,2025-01-31,3,TSEC,99.78585052490234,100.02188110351562,99.86184692382812,99.75460052490234,100.09014129638672
M10_YLUR_SLUR,10,LUR,LUR,2025-01-30,2025-01-30,1,Yd,1463.825927734375,1499.51708984375,1498.5283203125,1500.462646484375,1499.3297119140625
M10_YLUR_SLUR,10,LUR,LUR,2025-01-30,2025-01-30,1,TSE,1537.62890625,1499.7666015625,1496.432861328125,1498.9676513671875,1499.728515625
M10_YLUR_SLUR,10,LUR,LUR,2025-01-30,2025-01-30,1,TSEC,99.25186920166016,100.02313232421875,99.87411499023438,100.22748565673828,100.07353973388672
M10_YLUR_SLUR,10,LUR,LUR,2025-01-30,2025-01-31,2,Yd,1495.4847412109375,1499.51708984375,1502.407470703125,1495.2142333984375,1500.0213623046875
M10_YLUR_SLUR,10,LUR,LUR,2025-01-30,2025-01-31,2,TSE,1510.396484375,1499.7666015625,1500.04296875,1500.890625,1499.734619140625
M10_YLUR_SLUR,10,LUR,LUR,2025-01-30,2025-01-31,2,TSEC,99.78585052490234,100.02313232421875,99.90290832519531,100.17078399658203,100.09135437011719
M10_YLUR_SLUR,10,LUR,LUR,2025-01-30,2025-02-01,3,Yd,1490.6158447265625,1499.51708984375,1498.4776611328125,1498.2205810546875,1500.0418701171875
M10_YLUR_SLUR,10,LUR,LUR,2025-01-30,2025-02-01,3,TSE,1516.649658203125,1499.7666015625,1499.0423583984375,1503.2587890625,1500.35107421875
M10_YLUR_SLUR,10,LUR,LUR,2025-01-30,2025-02-01,3,TSEC,99.47879028320312,100.02313232421875,99.94493103027344,99.69779205322266,100.04182434082031
M10_YLUR_SLUR,10,LUR,LUR,2025-01-31,2025-01-31,1,Yd,1495.4847412109375,1499.470458984375,1502.2528076171875,1496.5074462890625,1499.963623046875
M10_YLUR_SLUR,10,LUR,LUR,2025-01-31,2025-01-31,1,TSE,1510.396484375,1499.81640625,1502.4061279296875,1499.4637451171875,1500.1224365234375
M10_YLUR_SLUR,10,LUR,LUR,2025-01-31,2025-01-31,1,TSEC,99.78585052490234,100.02210998535156,100.00297546386719,100.11283874511719,100.00404357910156
M10_YLUR_SLUR,10,LUR,LUR,2025-01-31,2025-02-01,2,Yd,1490.6158447265625,1499.470458984375,1497.3837890625,1496.549560546875,1500.1036376953125
M10_YLUR_SLUR,10,LUR,LUR,2025-01-31,2025-02-01,2,TSE,1516.649658203125,1499.81640625,1497.9814453125,1500.15185546875,1501.0006103515625
M10_YLUR_SLUR,10,LUR,LUR,2025-01-31,2025-02-01,2,TSEC,99.47879028320312,100.02210998535156,99.97505187988281,99.60001373291016,99.94656372070312
M10_YLUR_SLUR,10,LUR,LUR,2025-01-31,2025-02-02,3,Yd,1521.15234375,1499.470458984375,1502.7445068359375,1498.2088623046875,1499.1317138671875
M10_YLUR_SLUR,10,LUR,LUR,2025-01-31,2025-02-02,3,TSE,1485.7999267578125,1499.81640625,1499.8134765625,1503.189453125,1502.26220703125
M10_YLUR_SLUR,10,LUR,LUR,2025-01-31,2025-02-02,3,TSEC,100.12413024902344,100.02210998535156,99.74186706542969,99.60660552978516,99.88683319091797
M10_YLUR_SLUR,10,LUR,LUR,2025-02-01,2025-02-01,1,Yd,1490.6158447265625,1499.4652099609375,1494.327392578125,1502.047119140625,1499.7786865234375
M10_YLUR_SLUR,10,LUR,LUR,2025-02-01,2025-02-01,1,TSE,1516.649658203125,1499.8302001953125,1500.270751953125,1502.2877197265625,1500.634033203125
M10_YLUR_SLUR,10,LUR,LUR,2025-02-01,2025-02-01,1,TSEC,99.47879028320312,100.02180480957031,99.9865951538086,99.87550354003906,99.9566879272461
M10_YLUR_SLUR,10,LUR,LUR,2025-02-01,2025-02-02,2,Yd,1521.15234375,1499.4652099609375,1501.4881591796875,1497.43603515625,1499.06640625
M10_YLUR_SLUR,10,LUR,LUR,2025-02-01,2025-02-02,2,TSE,1485.7999267578125,1499.8302001953125,1502.626708984375,1505.322021484375,1502.091064453125
M10_YLUR_SLUR,10,LUR,LUR,2025-02-01,2025-02-02,2,TSEC,100.12413024902344,100.02180480957031,99.76797485351562,99.81367492675781,99.91917419433594
M10_YLUR_SLUR,10,LUR,LUR,2025-02-01,2025-02-03,3,Yd,1495.69189453125,1499.4652099609375,1493.8486328125,1494.858154296875,1497.854736328125
M10_YLUR_SLUR,10,LUR,LUR,2025-02-01,2025-02-03,3,TSE,1491.1787109375,1499.8302001953125,1501.1102294921875,1505.7288818359375,1503.2691650390625
M10_YLUR_SLUR,10,LUR,LUR,2025-02-01,2025-02-03,3,TSEC,97.61748504638672,100.02180480957031,99.90754699707031,99.87018585205078,99.89962768554688
M10_YLUR_SLUR,10,LUR,LUR,2025-02-02,2025-02-02,1,Yd,1521.15234375,1499.4534912109375,1502.545166015625,1496.9808349609375,1498.9495849609375
M10_YLUR_SLUR,10,LUR,LUR,2025-02-02,2025-02-02,1,TSE,1485.7999267578125,1499.8521728515625,1501.080810546875,1503.8199462890625,1501.2623291015625
M10_YLUR_SLUR,10,LUR,LUR,2025-02-02,2025-02-02,1,TSEC,100.12413024902344,100.0210952758789,99.8395767211914,99.77336883544922,99.95417785644531
M10_YLUR_SLUR,10,LUR,LUR,2025-02-02,2025-02-03,2,Yd,1495.69189453125,1499.4534912109375,1496.3780517578125,1497.8721923828125,1497.9376220703125
M10_YLUR_SLUR,10,LUR,LUR,2025-02-02,2025-02-03,2,TSE,1491.1787109375,1499.8521728515625,1501.828369140625,1507.53662109375,1502.6317138671875
M10_YLUR_SLUR,10,LUR,LUR,2025-02-02,2025-02-03,2,TSEC,97.61748504638672,100.0210952758789,99.80790710449219,99.66476440429688,99.92552947998047
M10_YLUR_SLUR,10,LUR,LUR,2025-02-02,2025-02-04,3,Yd,1513.082275390625,1499.4534912109375,1501.945556640625,1496.616943359375,1497.1090087890625
M10_YLUR_SLUR,10,LUR,LUR,2025-02-02,2025-02-04,3,TSE,1503.9888916015625,1499.8521728515625,1501.076171875,1504.8028564453125,1503.4158935546875
M10_YLUR_SLUR,10,LUR,LUR,2025-02-02,2025-02-04,3,TSEC,100.76679992675781,100.0210952758789,100.04199981689453,99.5870361328125,99.93733215332031
M10_YLUR_SLUR,10,LUR,LUR,2025-02-03,2025-02-03,1,Yd,1495.69189453125,1499.4820556640625,1494.96728515625,1498.5198974609375,1498.1505126953125
M10_YLUR_SLUR,10,LUR,LUR,2025-02-03,2025-02-03,1,TSE,1491.1787109375,1499.833740234375,1497.7037353515625,1501.9915771484375,1501.1510009765625
M10_YLUR_SLUR,10,LUR,LUR,2025-02-03,2025-02-03,1,TSEC,97.61748504638672,100.02122497558594,99.90867614746094,100.01895904541016,99.97236633300781
M10_YLUR_SLUR,10,LUR,LUR,2025-02-03,2025-02-04,2,Yd,1513.082275390625,1499.4820556640625,1503.2855224609375,1497.08154296875,1497.2601318359375
M10_YLUR_SLUR,10,LUR,LUR,2025-02-03,2025-02-04,2,TSE,1503.9888916015625,1499.833740234375,1501.8756103515625,1505.5411376953125,1502.0499267578125
M10_YLUR_SLUR,10,LUR,LUR,2025-02-03,2025-02-04,2,TSEC,100.76679992675781,100.02122497558594,99.8184585571289,100.18531036376953,99.98438262939453
M10_YLUR_SLUR,10,LUR,LUR,2025-02-03,2025-02-05,3,Yd,1507.4305419921875,1499.4820556640625,1496.696533203125,1494.707275390625,1496.8236083984375
M10_YLUR_SLUR,10,LUR,LUR,2025-02-03,2025-02-05,3,TSE,1498.372802734375,1499.833740234375,1498.861083984375,1502.1124267578125,1502.2994384765625
M10_YLUR_SLUR,10,LUR,LUR,2025-02-03,2025-02-05,3,TSEC,101.67218017578125,100.02122497558594,99.90304565429688,100.25709533691406,100.05815124511719
M10_YLUR_SLUR,10,LUR,LUR,2025-02-04,2025-02-04,1,Yd,1513.082275390625,1499.4769287109375,1499.4027099609375,1495.4498291015625,1497.4404296875
M10_YLUR_SLUR,10,LUR,LUR,2025-02-04,2025-02-04,1,TSE,1503.9888916015625,1499.822509765625,1500.2412109375,1503.770751953125,1500.712158203125
M10_YLUR_SLUR,10,LUR,LUR,2025-02-04,2025-02-04,1,TSEC,100.76679992675781,100.0180892944336,99.99148559570312,100.07122802734375,100.04779052734375
M10_YLUR_SLUR,10,LUR,LUR,2025-02-04,2025-02-05,2,Yd,1507.4305419921875,1499.4769287109375,1498.6121826171875,1498.9141845703125,1496.25537109375
M10_YLUR_SLUR,10,LUR,LUR,2025-02-04,2025-02-05,2,TSE,1498.372802734375,1499.822509765625,1499.425048828125,1504.2890625,1500.9454345703125
M10_YLUR_SLUR,10,LUR,LUR,2025-02-04,2025-02-05,2,TSEC,101.67218017578125,100.0180892944336,99.80067443847656,100.11895751953125,100.12883758544922
M10_YLUR_SLUR,10,LUR,LUR,2025-02-04,2025-02-06,3,Yd,1467.0408935546875,1499.4769287109375,1497.5654296875,1498.4727783203125,1496.3128662109375
M10_YLUR_SLUR,10,LUR,LUR,2025-02-04,2025-02-06,3,TSE,1516.7637939453125,1499.822509765625,1498.836669921875,1502.0687255859375,1500.6209716796875
M10_YLUR_SLUR,10,LUR,LUR,2025-02-04,2025-02-06,3,TSEC,98.73939514160156,100.0180892944336,99.78016662597656,100.0914306640625,100.17401123046875
M10_YLUR_SLUR,10,LUR,LUR,2025-02-05,2025-02-05,1,Yd,1507.4305419921875,1499.4947509765625,1496.26416015625,1493.5299072265625,1497.79052734375
M10_YLUR_SLUR,10,LUR,LUR,2025-02-05,2025-02-05,1,TSE,1498.372802734375,1499.8280029296875,1499.5791015625,1497.1500244140625,1500.2958984375
M10_YLUR_SLUR,10,LUR,LUR,2025-02-05,2025-02-05,1,TSEC,101.67218017578125,100.0190658569336,99.7817153930664,100.18956756591797,100.0876693725586
M10_YLUR_SLUR,10,LUR,LUR,2025-02-05,2025-02-06,2,Yd,1467.0408935546875,1499.4947509765625,1501.2989501953125,1496.58544921875,1497.7574462890625
M10_YLUR_SLUR,10,LUR,LUR,2025-02-05,2025-02-06,2,TSE,1516.7637939453125,1499.8280029296875,1498.5435791015625,1499.85498046875,1500.296142578125
M10_YLUR_SLUR,10,LUR,LUR,2025-02-05,2025-02-06,2,TSEC,98.73939514160156,100.0190658569336,99.9387435913086,100.23310089111328,100.14730834960938
M10_YLUR_SLUR,10,LUR,LUR,2025-02-05,2025-02-07,3,Yd,1500.7255859375,1499.4947509765625,1497.6707763671875,1495.5218505859375,1498.8170166015625
M10_YLUR_SLUR,10,LUR,LUR,2025-02-05,2025-02-07,3,TSE,1470.0888671875,1499.8280029296875,1499.4931640625,1499.905029296875,1500.291015625
M10_YLUR_SLUR,10,LUR,LUR,2025-02-05,2025-02-07,3,TSEC,100.62227630615234,100.0190658569336,100.0704345703125,100.18701934814453,100.15422058105469
M10_YLUR_SLUR,10,LUR,LUR,2025-02-06,2025-02-06,1,Yd,1467.0408935546875,1499.5050048828125,1501.761474609375,1497.7320556640625,1499.275146484375
M10_YLUR_SLUR,10,LUR,LUR,2025-02-06,2025-02-06,1,TSE,1516.7637939453125,1499.8260498046875,1501.2020263671875,1498.0531005859375,1499.730224609375
M10_YLUR_SLUR,10,LUR,LUR,2025-02-06,2025-02-06,1,TSEC,98.73939514160156,100.0212173461914,99.76049041748047,100.20944213867188,100.07797241210938
M10_YLUR_SLUR,10,LUR,LUR,2025-02-06,2025-02-07,2,Yd,1500.7255859375,1499.5050048828125,1498.77197265625,1494.8284912109375,1500.1087646484375
M10_YLUR_SLUR,10,LUR,LUR,2025-02-06,2025-02-07,2,TSE,1470.0888671875,1499.8260498046875,1500.859619140625,1499.2882080078125,1499.7711181640625
M10_YLUR_SLUR,10,LUR,LUR,2025-02-06,2025-02-07,2,TSEC,100.62227630615234,100.0212173461914,100.05719757080078,100.13448333740234,100.09918212890625
M10_YLUR_SLUR,10,LUR,LUR,2025-02-06,2025-02-08,3,Yd,1496.2723388671875,1499.5050048828125,1501.3095703125,1495.1947021484375,1500.3031005859375
M10_YLUR_SLUR,10,LUR,LUR,2025-02-06,2025-02-08,3,TSE,1507.7039794921875,1499.8260498046875,1500.5133056640625,1500.7239990234375,1500.3726806640625
M10_YLUR_SLUR,10,LUR,LUR,2025-02-06,2025-02-08,3,TSEC,100.14433288574219,100.0212173461914,99.91339874267578,100.07825469970703,100.04390716552734
M10_YLUR_SLUR,10,LUR,LUR,2025-02-07,2025-02-07,1,Yd,1500.7255859375,1499.462890625,1497.4989013671875,1495.988525390625,1499.8331298828125
M10_YLUR_SLUR,10,LUR,LUR,2025-02-07,2025-02-07,1,TSE,1470.0888671875,1499.8480224609375,1502.8389892578125,1496.2135009765625,1499.9404296875
M10_YLUR_SLUR,10,LUR,LUR,2025-02-07,2025-02-07,1,TSEC,100.62227630615234,100.0195541381836,99.96961975097656,100.10753631591797,100.01966857910156
M10_YLUR_SLUR,10,LUR,LUR,2025-02-07,2025-02-08,2,Yd,1496.2723388671875,1499.462890625,1497.775390625,1495.412353515625,1499.8212890625
M10_YLUR_SLUR,10,LUR,LUR,2025-02-07,2025-02-08,2,TSE,1507.7039794921875,1499.8480224609375,1501.3841552734375,1499.833740234375,1500.7691650390625
M10_YLUR_SLUR,10,LUR,LUR,2025-02-07,2025-02-08,2,TSEC,100.14433288574219,100.0195541381836,99.8945541381836,99.64805603027344,99.9708023071289
M10_YLUR_SLUR,10,LUR,LUR,2025-02-07,2025-02-09,3,Yd,1507.9324951171875,1499.462890625,1497.8941650390625,1497.6837158203125,1498.8455810546875
M10_YLUR_SLUR,10,LUR,LUR,2025-02-07,2025-02-09,3,TSE,1506.1202392578125,1499.8480224609375,1502.571533203125,1505.4327392578125,1502.1959228515625
M10_YLUR_SLUR,10,LUR,LUR,2025-02-07,2025-02-09,3,TSEC,100.54851531982422,100.0195541381836,99.80528259277344,99.53858184814453,99.91350555419922
M10_YLUR_SLUR,10,LUR,LUR,2025-02-08,2025-02-08,1,Yd,1496.2723388671875,1499.464599609375,1497.7779541015625,1500.887939453125,1499.483642578125
M10_YLUR_SLUR,10,LUR,LUR,2025-02-08,2025-02-08,1,TSE,1507.7039794921875,1499.809326171875,1498.0911865234375,1500.61181640625,1500.3870849609375
M10_YLUR_SLUR,10,LUR,LUR,2025-02-08,2025-02-08,1,TSEC,100.14433288574219,100.02033233642578,99.91136932373047,99.93546295166016,99.98519134521484
M10_YLUR_SLUR,10,LUR,LUR,2025-02-08,2025-02-09,2,Yd,1507.9324951171875,1499.464599609375,1498.2490234375,1495.7457275390625,1498.6378173828125
M10_YLUR_SLUR,10,LUR,LUR,2025-02-08,2025-02-09,2,TSE,1506.1202392578125,1499.809326171875,1500.1124267578125,1504.614501953125,1501.7630615234375
M10_YLUR_SLUR,10,LUR,LUR,2025-02-08,2025-02-09,2,TSEC,100.54851531982422,100.02033233642578,99.78230285644531,99.69881439208984,99.94351196289062
M10_YLUR_SLUR,10,LUR,LUR,2025-02-08,2025-02-10,3,Yd,1509.4300537109375,1499.464599609375,1496.7261962890625,1497.291015625,1497.28271484375
M10_YLUR_SLUR,10,LUR,LUR,2025-02-08,2025-02-10,3,TSE,1506.1429443359375,1499.809326171875,1499.803466796875,1507.06982421875,1502.847412109375
M10_YLUR_SLUR,10,LUR,LUR,2025-02-08,2025-02-10,3,TSEC,99.00636291503906,100.02033233642578,99.79388427734375,99.74244689941406,99.92585754394531
M10_YLUR_SLUR,10,LUR,LUR,2025-02-09,2025-02-09,1,Yd,1507.9324951171875,1499.46044921875,1498.0948486328125,1496.4541015625,1498.8094482421875
M10_YLUR_SLUR,10,LUR,LUR,2025-02-09,2025-02-09,1,TSE,1506.1202392578125,1499.8194580078125,1502.3056640625,1502.101806640625,1501.00732421875
M10_YLUR_SLUR,10,LUR,LUR,2025-02-09,2025-02-09,1,TSEC,100.54851531982422,100.02049255371094,99.80033111572266,99.61395263671875,99.95983123779297
M10_YLUR_SLUR,10,LUR,LUR,2025-02-09,2025-02-10,2,Yd,1509.4300537109375,1499.46044921875,1496.3779296875,1495.616943359375,1497.7259521484375
M10_YLUR_SLUR,10,LUR,LUR,2025-02-09,2025-02-10,2,TSE,1506.1429443359375,1499.8194580078125,1498.9754638671875,1505.897705078125,1502.125244140625
M10_YLUR_SLUR,10,LUR,LUR,2025-02-09,2025-02-10,2,TSEC,99.00636291503906,100.02049255371094,99.8061752319336,99.7160415649414,99.93595886230469
M10_YLUR_SLUR,10,LUR,LUR,2025-02-09,2025-02-11,3,Yd,1512.1673583984375,1499.46044921875,1498.0299072265625,1494.8104248046875,1496.8680419921875
M10_YLUR_SLUR,10,LUR,LUR,2025-02-09,2025-02-11,3,TSE,1521.514404296875,1499.8194580078125,1501.1392822265625,1504.408935546875,1502.675537109375
M10_YLUR_SLUR,10,LUR,LUR,2025-02-09,2025-02-11,3,TSEC,98.42024993896484,100.02049255371094,99.91423034667969,99.64420318603516,99.9595718383789
M10_YLUR_SLUR,10,LUR,LUR,2025-02-10,2025-02-10,1,Yd,1509.4300537109375,1499.4713134765625,1496.6131591796875,1495.9588623046875,1498.3074951171875
M10_YLUR_SLUR,10,LUR,LUR,2025-02-10,2025-02-10,1,TSE,1506.1429443359375,1499.827880859375,1501.8699951171875,1502.419921875,1501.0333251953125
M10_YLUR_SLUR,10,LUR,LUR,2025-02-10,2025-02-10,1,TSEC,99.00636291503906,100.02117919921875,99.89498138427734,99.80339050292969,99.96562957763672
M10_YLUR_SLUR,10,LUR,LUR,2025-02-10,2025-02-11,2,Yd,1512.1673583984375,1499.4713134765625,1499.34619140625,1493.52587890625,1497.42822265625
M10_YLUR_SLUR,10,LUR,LUR,2025-02-10,2025-02-11,2,TSE,1521.514404296875,1499.827880859375,1500.936767578125,1504.32861328125,1501.7579345703125
M10_YLUR_SLUR,10,LUR,LUR,2025-02-10,2025-02-11,2,TSEC,98.42024993896484,100.02117919921875,99.91825103759766,99.89493560791016,99.98698425292969
M10_YLUR_SLUR,10,LUR,LUR,2025-02-10,2025-02-12,3,Yd,1478.3631591796875,1499.4713134765625,1497.4415283203125,1493.855712890625,1497.0303955078125
M10_YLUR_SLUR,10,LUR,LUR,2025-02-10,2025-02-12,3,TSE,1505.0465087890625,1499.827880859375,1500.453125,1502.614013671875,1501.933349609375
M10_YLUR_SLUR,10,LUR,LUR,2025-02-10,2025-02-12,3,TSEC,101.04705810546875,100.02117919921875,99.95491027832031,99.88826751708984,100.05400085449219
M10_YLUR_SLUR,10,LUR,LUR,2025-02-11,2025-02-11,1,Yd,1512.1673583984375,1499.484130859375,1498.148681640625,1493.8197021484375,1497.8642578125
M10_YLUR_SLUR,10,LUR,LUR,2025-02-11,2025-02-11,1,TSE,1521.514404296875,1499.8359375,1502.014404296875,1501.1109619140625,1500.6905517578125
M10_YLUR_SLUR,10,LUR,LUR,2025-02-11,2025-02-11,1,TSEC,98.42024993896484,100.01986694335938,99.82805633544922,99.99830627441406,100.02725219726562
M10_YLUR_SLUR,10,LUR,LUR,2025-02-11,2025-02-12,2,Yd,1478.3631591796875,1499.484130859375,1499.2169189453125,1498.32958984375,1497.0609130859375
M10_YLUR_SLUR,10,LUR,LUR,2025-02-11,2025-02-12,2,TSE,1505.0465087890625,1499.8359375,1500.5179443359375,1503.7239990234375,1500.9771728515625
M10_YLUR_SLUR,10,LUR,LUR,2025-02-11,2025-02-12,2,TSEC,101.04705810546875,100.01986694335938,99.89773559570312,100.0246353149414,100.10070037841797
M10_YLUR_SLUR,10,LUR,LUR,2025-02-11,2025-02-13,3,Yd,1506.968994140625,1499.484130859375,1497.9813232421875,1497.6771240234375,1497.2852783203125
M10_YLUR_SLUR,10,LUR,LUR,2025-02-11,2025-02-13,3,TSE,1496.36279296875,1499.8359375,1501.60107421875,1501.527587890625,1500.6905517578125
M10_YLUR_SLUR,10,LUR,LUR,2025-02-11,2025-02-13,3,TSEC,99.65445709228516,100.01986694335938,99.83849334716797,99.9598388671875,100.13208770751953
M10_YLUR_SLUR,10,LUR,LUR,2025-02-12,2025-02-12,1,Yd,1478.3631591796875,1499.5006103515625,1499.710693359375,1493.994140625,1497.7664794921875
M10_YLUR_SLUR,10,LUR,LUR,2025-02-12,2025-02-12,1,TSE,1505.0465087890625,1499.864013671875,1500.30126953125,1498.1820068359375,1500.31689453125
M10_YLUR_SLUR,10,LUR,LUR,2025-02-12,2025-02-12,1,TSEC,101.04705810546875,100.01778411865234,99.85377502441406,99.96772766113281,100.08726501464844
M10_YLUR_SLUR,10,LUR,LUR,2025-02-12,2025-02-13,2,Yd,1506.968994140625,1499.5006103515625,1500.6419677734375,1497.301025390625,1497.68212890625
M10_YLUR_SLUR,10,LUR,LUR,2025-02-12,2025-02-13,2,TSE,1496.36279296875,1499.864013671875,1499.5108642578125,1500.4903564453125,1500.2838134765625
M10_YLUR_SLUR,10,LUR,LUR,2025-02-12,2025-02-13,2,TSEC,99.65445709228516,100.01778411865234,99.71479797363281,100.0288314819336,100.14628601074219
M10_YLUR_SLUR,10,LUR,LUR,2025-02-12,2025-02-14,3,Yd,1497.7847900390625,1499.5006103515625,1500.15869140625,1499.581787109375,1498.8895263671875
M10_YLUR_SLUR,10,LUR,LUR,2025-02-12,2025-02-14,3,TSE,1503.556396484375,1499.864013671875,1500.0792236328125,1499.046142578125,1500.1170654296875
M10_YLUR_SLUR,10,LUR,LUR,2025-02-12,2025-02-14,3,TSEC,101.75080871582031,100.01778411865234,100.09929656982422,99.94828033447266,100.1529769897461
M10_YLUR_SLUR,10,LUR,LUR,2025-02-13,2025-02-13,1,Yd,1506.968994140625,1499.473388671875,1500.0233154296875,1498.03271484375,1499.2177734375
M10_YLUR_SLUR,10,LUR,LUR,2025-02-13,2025-02-13,1,TSE,1496.36279296875,1499.870849609375,1502.8050537109375,1495.5174560546875,1499.91015625
M10_YLUR_SLUR,10,LUR,LUR,2025-02-13,2025-02-13,1,TSEC,99.65445709228516,100.01911926269531,99.82110595703125,100.08299255371094,100.05320739746094
M10_YLUR_SLUR,10,LUR,LUR,2025-02-13,2025-02-14,2,Yd,1497.7847900390625,1499.473388671875,1499.1226806640625,1496.4176025390625,1499.999755859375
M10_YLUR_SLUR,10,LUR,LUR,2025-02-13,2025-02-14,2,TSE,1503.556396484375,1499.870849609375,1503.0386962890625,1496.270263671875,1499.9866943359375
M10_YLUR_SLUR,10,LUR,LUR,2025-02-13,2025-02-14,2,TSEC,101.75080871582031,100.01911926269531,100.20458984375,99.93550872802734,100.06190490722656
M10_YLUR_SLUR,10,LUR,LUR,2025-02-13,2025-02-15,3,Yd,1505.4586181640625,1499.473388671875,1499.829833984375,1495.89990234375,1500.238037109375
M10_YLUR_SLUR,10,LUR,LUR,2025-02-13,2025-02-15,3,TSE,1492.044189453125,1499.870849609375,1502.391357421875,1501.2021484375,1500.5533447265625
M10_YLUR_SLUR,10,LUR,LUR,2025-02-13,2025-02-15,3,TSEC,100.30199432373047,100.01911926269531,99.945556640625,99.85284423828125,99.99618530273438
M10_YLUR_SLUR,10,LUR,LUR,2025-02-14,2025-02-14,1,Yd,1497.7847900390625,1499.48291015625,1497.2469482421875,1498.7342529296875,1499.885498046875
M10_YLUR_SLUR,10,LUR,LUR,2025-02-14,2025-02-14,1,TSE,1503.556396484375,1499.8660888671875,1502.232177734375,1496.375,1499.782958984375
M10_YLUR_SLUR,10,LUR,LUR,2025-02-14,2025-02-14,1,TSEC,101.75080871582031,100.01864624023438,100.26324462890625,100.18306732177734,100.03779602050781
M10_YLUR_SLUR,10,LUR,LUR,2025-02-14,2025-02-15,2,Yd,1505.4586181640625,1499.48291015625,1501.417236328125,1497.8717041015625,1499.9295654296875
M10_YLUR_SLUR,10,LUR,LUR,2025-02-14,2025-02-15,2,TSE,1492.044189453125,1499.8660888671875,1502.039306640625,1501.0096435546875,1500.5277099609375
M10_YLUR_SLUR,10,LUR,LUR,2025-02-14,2025-02-15,2,TSEC,100.30199432373047,100.01864624023438,100.00128173828125,99.99739074707031,99.99076843261719
M10_YLUR_SLUR,10,LUR,LUR,2025-02-14,2025-02-16,3,Yd,1504.6893310546875,1499.48291015625,1499.2474365234375,1498.57861328125,1499.020751953125
M10_YLUR_SLUR,10,LUR,LUR,2025-02-14,2025-02-16,3,TSE,1506.792236328125,1499.8660888671875,1502.4654541015625,1504.44873046875,1501.952880859375
M10_YLUR_SLUR,10,LUR,LUR,2025-02-14,2025-02-16,3,TSEC,97.3624267578125,100.01864624023438,99.84771728515625,100.01036071777344,99.93391418457031
M10_YLUR_SLUR,10,LUR,LUR,2025-02-15,2025-02-15,1,Yd,1505.4586181640625,1499.4808349609375,1499.9735107421875,1497.6746826171875,1500.0494384765625
M10_YLUR_SLUR,10,LUR,LUR,2025-02-15,2025-02-15,1,TSE,1492.044189453125,1499.870849609375,1500.51025390625,1496.0146484375,1500.1488037109375
M10_YLUR_SLUR,10,LUR,LUR,2025-02-15,2025-02-15,1,TSEC,100.30199432373047,100.02088165283203,99.8419189453125,99.94807434082031,99.96282196044922
M10_YLUR_SLUR,10,LUR,LUR,2025-02-15,2025-02-16,2,Yd,1504.6893310546875,1499.4808349609375,1498.7559814453125,1495.4932861328125,1499.8011474609375
M10_YLUR_SLUR,10,LUR,LUR,2025-02-15,2025-02-16,2,TSE,1506.792236328125,1499.870849609375,1499.0848388671875,1500.59130859375,1501.2987060546875
M10_YLUR_SLUR,10,LUR,LUR,2025-02-15,2025-02-16,2,TSEC,97.3624267578125,100.02088165283203,99.82544708251953,99.8006362915039,99.91181945800781
M10_YLUR_SLUR,10,LUR,LUR,2025-02-15,2025-02-17,3,Yd,1514.1739501953125,1499.4808349609375,1498.57763671875,1496.8026123046875,1498.8243408203125
M10_YLUR_SLUR,10,LUR,LUR,2025-02-15,2025-02-17,3,TSE,1494.321533203125,1499.870849609375,1500.5078125,1506.82666015625,1502.4713134765625
M10_YLUR_SLUR,10,LUR,LUR,2025-02-15,2025-02-17,3,TSEC,100.6296615600586,100.02088165283203,99.67528533935547,99.68367004394531,99.88902282714844
M10_YLUR_SLUR,10,LUR,LUR,2025-02-16,2025-02-16,1,Yd,1504.6893310546875,1499.4884033203125,1499.641357421875,1497.828857421875,1499.29345703125
M10_YLUR_SLUR,10,LUR,LUR,2025-02-16,2025-02-16,1,TSE,1506.792236328125,1499.86083984375,1498.5489501953125,1501.384521484375,1500.7552490234375
M10_YLUR_SLUR,10,LUR,LUR,2025-02-16,2025-02-16,1,TSEC,97.3624267578125,100.02124786376953,99.79591369628906,99.7660140991211,99.95112609863281
M10_YLUR_SLUR,10,LUR,LUR,2025-02-16,2025-02-17,2,Yd,1514.1739501953125,1499.4884033203125,1498.6734619140625,1497.053466796875,1498.5338134765625
M10_YLUR_SLUR,10,LUR,LUR,2025-02-16,2025-02-17,2,TSE,1494.321533203125,1499.86083984375,1501.4130859375,1505.7032470703125,1501.789794921875
M10_YLUR_SLUR,10,LUR,LUR,2025-02-16,2025-02-17,2,TSEC,100.6296615600586,100.02124786376953,99.82686614990234,99.76532745361328,99.92140197753906
M10_YLUR_SLUR,10,LUR,LUR,2025-02-16,2025-02-18,3,Yd,1489.498779296875,1499.4884033203125,1499.7852783203125,1495.1568603515625,1497.9676513671875
M10_YLUR_SLUR,10,LUR,LUR,2025-02-16,2025-02-18,3,TSE,1507.7490234375,1499.86083984375,1500.3204345703125,1505.20361328125,1502.2193603515625
M10_YLUR_SLUR,10,LUR,LUR,2025-02-16,2025-02-18,3,TSEC,100.28755187988281,100.02124786376953,99.87217712402344,99.71558380126953,99.94303131103516
M10_YLUR_SLUR,10,LUR,LUR,2025-02-17,2025-02-17,1,Yd,1514.1739501953125,1499.4952392578125,1500.1173095703125,1494.93798828125,1498.2841796875
M10_YLUR_SLUR,10,LUR,LUR,2025-02-17,2025-02-17,1,TSE,1494.321533203125,1499.869873046875,1502.37890625,1503.729248046875,1500.9276123046875
M10_YLUR_SLUR,10,LUR,LUR,2025-02-17,2025-02-17,1,TSEC,100.6296615600586,100.01783752441406,99.73253631591797,99.66918182373047,99.97746276855469
M10_YLUR_SLUR,10,LUR,LUR,2025-02-17,2025-02-18,2,Yd,1489.498779296875,1499.4952392578125,1499.392822265625,1498.52490234375,1497.3345947265625
M10_YLUR_SLUR,10,LUR,LUR,2025-02-17,2025-02-18,2,TSE,1507.7490234375,1499.869873046875,1501.885498046875,1503.9517822265625,1501.3812255859375
M10_YLUR_SLUR,10,LUR,LUR,2025-02-17,2025-02-18,2,TSEC,100.28755187988281,100.01783752441406,99.97160339355469,99.83185577392578,100.01553344726562
M10_YLUR_SLUR,10,LUR,LUR,2025-02-17,2025-02-19,3,Yd,1496.457275390625,1499.4952392578125,1500.0330810546875,1498.8809814453125,1496.509521484375
M10_YLUR_SLUR,10,LUR,LUR,2025-02-17,2025-02-19,3,TSE,1499.0784912109375,1499.869873046875,1502.2369384765625,1500.859619140625,1501.203125
M10_YLUR_SLUR,10,LUR,LUR,2025-02-17,2025-02-19,3,TSEC,98.0097885131836,100.01783752441406,99.95613098144531,99.94142150878906,100.09701538085938
M10_YLUR_SLUR,10,LUR,LUR,2025-02-18,2025-02-18,1,Yd,1489.498779296875,1499.51416015625,1500.053466796875,1497.1331787109375,1497.8895263671875
M10_YLUR_SLUR,10,LUR,LUR,2025-02-18,2025-02-18,1,TSE,1507.7490234375,1499.8626708984375,1500.4527587890625,1500.332763671875,1500.41650390625
M10_YLUR_SLUR,10,LUR,LUR,2025-02-18,2025-02-18,1,TSEC,100.28755187988281,100.01861572265625,99.87661743164062,100.03678131103516,100.04010009765625
M10_YLUR_SLUR,10,LUR,LUR,2025-02-18,2025-02-19,2,Yd,1496.457275390625,1499.51416015625,1499.906494140625,1496.3441162109375,1496.933837890625
M10_YLUR_SLUR,10,LUR,LUR,2025-02-18,2025-02-19,2,TSE,1499.0784912109375,1499.8626708984375,1499.5618896484375,1500.691650390625,1500.5230712890625
M10_YLUR_SLUR,10,LUR,LUR,2025-02-18,2025-02-19,2,TSEC,98.0097885131836,100.01861572265625,99.90110778808594,100.21094512939453,100.11326599121094
M10_YLUR_SLUR,10,LUR,LUR,2025-02-18,2025-02-20,3,Yd,1509.3326416015625,1499.51416015625,1499.6514892578125,1495.9840087890625,1497.0286865234375
M10_YLUR_SLUR,10,LUR,LUR,2025-02-18,2025-02-20,3,TSE,1496.6658935546875,1499.8626708984375,1499.397216796875,1497.1297607421875,1500.1614990234375
M10_YLUR_SLUR,10,LUR,LUR,2025-02-18,2025-02-20,3,TSEC,100.03556060791016,100.01861572265625,99.69927215576172,100.22073364257812,100.15570068359375
M10_YLUR_SLUR,10,LUR,LUR,2025-02-19,2025-02-19,1,Yd,1496.457275390625,1499.5013427734375,1500.23095703125,1492.208984375,1497.979248046875
M10_YLUR_SLUR,10,LUR,LUR,2025-02-19,2025-02-19,1,TSE,1499.0784912109375,1499.872802734375,1501.4346923828125,1500.3865966796875,1500.1529541015625
M10_YLUR_SLUR,10,LUR,LUR,2025-02-19,2025-02-19,1,TSEC,98.0097885131836,100.01895904541016,99.89276885986328,100.06657409667969,100.07354736328125
M10_YLUR_SLUR,10,LUR,LUR,2025-02-19,2025-02-20,2,Yd,1509.3326416015625,1499.5013427734375,1499.6654052734375,1494.23974609375,1498.06494140625
M10_YLUR_SLUR,10,LUR,LUR,2025-02-19,2025-02-20,2,TSE,1496.6658935546875,1499.872802734375,1499.4039306640625,1499.9853515625,1500.0189208984375
M10_YLUR_SLUR,10,LUR,LUR,2025-02-19,2025-02-20,2,TSEC,100.03556060791016,100.01895904541016,99.80480194091797,100.17449188232422,100.11795806884766
M10_YLUR_SLUR,10,LUR,LUR,2025-02-19,2025-02-21,3,Yd,1515.82763671875,1499.5013427734375,1500.2420654296875,1496.0477294921875,1499.272216796875
M10_YLUR_SLUR,10,LUR,LUR,2025-02-19,2025-02-21,3,TSE,1479.0902099609375,1499.872802734375,1500.3935546875,1500.0843505859375,1499.8004150390625
M10_YLUR_SLUR,10,LUR,LUR,2025-02-19,2025-02-21,3,TSEC,100.9218521118164,100.01895904541016,99.99215698242188,100.00099182128906,100.11932373046875
M10_YLUR_SLUR,10,LUR,LUR,2025-02-20,2025-02-20,1,Yd,1509.3326416015625,1499.497314453125,1499.944580078125,1498.2591552734375,1498.578369140625
M10_YLUR_SLUR,10,LUR,LUR,2025-02-20,2025-02-20,1,TSE,1496.6658935546875,1499.87158203125,1498.7247314453125,1497.136474609375,1499.704833984375
M10_YLUR_SLUR,10,LUR,LUR,2025-02-20,2025-02-20,1,TSEC,100.03556060791016,100.01638793945312,99.7170181274414,100.09745025634766,100.08737182617188
M10_YLUR_SLUR,10,LUR,LUR,2025-02-20,2025-02-21,2,Yd,1515.82763671875,1499.497314453125,1501.03271484375,1498.361083984375,1499.13818359375
M10_YLUR_SLUR,10,LUR,LUR,2025-02-20,2025-02-21,2,TSE,1479.0902099609375,1499.87158203125,1499.4830322265625,1496.500732421875,1499.59716796875
M10_YLUR_SLUR,10,LUR,LUR,2025-02-20,2025-02-21,2,TSEC,100.9218521118164,100.01638793945312,100.11553192138672,100.05355834960938,100.11945343017578
M10_YLUR_SLUR,10,LUR,LUR,2025-02-20,2025-02-22,3,Yd,1496.2843017578125,1499.497314453125,1498.498291015625,1498.6187744140625,1499.187255859375
M10_YLUR_SLUR,10,LUR,LUR,2025-02-20,2025-02-22,3,TSE,1492.3359375,1499.87158203125,1500.246826171875,1498.8555908203125,1500.2474365234375
M10_YLUR_SLUR,10,LUR,LUR,2025-02-20,2025-02-22,3,TSEC,99.08296203613281,100.01638793945312,99.87230682373047,99.92443084716797,100.092041015625
M10_YLUR_SLUR,10,LUR,LUR,2025-02-21,2025-02-21,1,Yd,1515.82763671875,1499.5098876953125,1500.8585205078125,1499.0247802734375,1499.5750732421875
M10_YLUR_SLUR,10,LUR,LUR,2025-02-21,2025-02-21,1,TSE,1479.0902099609375,1499.86767578125,1500.2020263671875,1494.8568115234375,1499.5855712890625
M10_YLUR_SLUR,10,LUR,LUR,2025-02-21,2025-02-21,1,TSEC,100.9218521118164,100.01640319824219,100.03434753417969,100.20297241210938,100.06675720214844
M10_YLUR_SLUR,10,LUR,LUR,2025-02-21,2025-02-22,2,Yd,1496.2843017578125,1499.5098876953125,1499.2481689453125,1496.0272216796875,1499.3504638671875
M10_YLUR_SLUR,10,LUR,LUR,2025-02-21,2025-02-22,2,TSE,1492.3359375,1499.86767578125,1499.989501953125,1498.2222900390625,1500.2923583984375
M10_YLUR_SLUR,10,LUR,LUR,2025-02-21,2025-02-22,2,TSEC,99.08296203613281,100.01640319824219,99.87026977539062,99.90923309326172,100.0435562133789
M10_YLUR_SLUR,10,LUR,LUR,2025-02-21,2025-02-23,3,Yd,1502.478515625,1499.5098876953125,1500.8037109375,1497.609130859375,1498.389404296875
M10_YLUR_SLUR,10,LUR,LUR,2025-02-21,2025-02-23,3,TSE,1508.6180419921875,1499.86767578125,1500.126708984375,1501.8724365234375,1501.6181640625
M10_YLUR_SLUR,10,LUR,LUR,2025-02-21,2025-02-23,3,TSEC,99.92584228515625,100.01640319824219,99.75792694091797,99.81626892089844,99.98072814941406
M10_YLUR_SLUR,10,LUR,LUR,2025-02-22,2025-02-22,1,Yd,1496.2843017578125,1499.5306396484375,1499.954345703125,1498.58740234375,1499.501220703125
M10_YLUR_SLUR,10,LUR,LUR,2025-02-22,2025-02-22,1,TSE,1492.3359375,1499.8409423828125,1498.2479248046875,1498.6456298828125,1499.9329833984375
M10_YLUR_SLUR,10,LUR,LUR,2025-02-22,2025-02-22,1,TSEC,99.08296203613281,100.01756286621094,99.93109893798828,100.08065795898438,100.01164245605469
M10_YLUR_SLUR,10,LUR,LUR,2025-02-22,2025-02-23,2,Yd,1502.478515625,1499.5306396484375,1500.712646484375,1497.474609375,1498.8929443359375
M10_YLUR_SLUR,10,LUR,LUR,2025-02-22,2025-02-23,2,TSE,1508.6180419921875,1499.8409423828125,1500.599365234375,1504.677490234375,1501.04345703125
M10_YLUR_SLUR,10,LUR,LUR,2025-02-22,2025-02-23,2,TSEC,99.92584228515625,100.01756286621094,99.74242401123047,100.03495788574219,99.97300720214844
M10_YLUR_SLUR,10,LUR,LUR,2025-02-22,2025-02-24,3,Yd,1497.7882080078125,1499.5306396484375,1499.8211669921875,1495.0616455078125,1497.910888671875
M10_YLUR_SLUR,10,LUR,LUR,2025-02-22,2025-02-24,3,TSE,1509.364013671875,1499.8409423828125,1498.9871826171875,1503.1387939453125,1501.86181640625
M10_YLUR_SLUR,10,LUR,LUR,2025-02-22,2025-02-24,3,TSEC,100.88996887207031,100.01756286621094,99.72282409667969,100.07898712158203,99.9451675415039
M10_YLUR_SLUR,10,LUR,LUR,2025-02-23,2025-02-23,1,Yd,1502.478515625,1499.5264892578125,1504.144775390625,1498.3956298828125,1498.8155517578125
M10_YLUR_SLUR,10,LUR,LUR,2025-02-23,2025-02-23,1,TSE,1508.6180419921875,1499.8316650390625,1499.33251953125,1501.723876953125,1500.5731201171875
M10_YLUR_SLUR,10,LUR,LUR,2025-02-23,2025-02-23,1,TSEC,99.92584228515625,100.0163803100586,99.7051773071289,99.86199188232422,99.98046875
M10_YLUR_SLUR,10,LUR,LUR,2025-02-23,2025-02-24,2,Yd,1497.7882080078125,1499.5264892578125,1500.3221435546875,1497.0936279296875,1497.8323974609375
M10_YLUR_SLUR,10,LUR,LUR,2025-02-23,2025-02-24,2,TSE,1509.364013671875,1499.8316650390625,1499.9984130859375,1504.0550537109375,1501.353271484375
M10_YLUR_SLUR,10,LUR,LUR,2025-02-23,2025-02-24,2,TSEC,100.88996887207031,100.0163803100586,99.78480529785156,100.09688568115234,99.96943664550781
M10_YLUR_SLUR,10,LUR,LUR,2025-02-23,2025-02-25,3,Yd,1490.4112548828125,1499.5264892578125,1503.875,1495.7288818359375,1496.80078125
M10_YLUR_SLUR,10,LUR,LUR,2025-02-23,2025-02-25,3,TSE,1500.14208984375,1499.8316650390625,1500.033203125,1503.868408203125,1501.5260009765625
M10_YLUR_SLUR,10,LUR,LUR,2025-02-23,2025-02-25,3,TSEC,99.77359008789062,100.0163803100586,99.86184692382812,100.02047729492188,100.02590942382812
M10_YLUR_SLUR,10,LUR,LUR,2025-02-24,2025-02-24,1,Yd,1497.7882080078125,1499.5302734375,1499.0753173828125,1494.538818359375,1498.243408203125
M10_YLUR_SLUR,10,LUR,LUR,2025-02-24,2025-02-24,1,TSE,1509.364013671875,1499.8426513671875,1499.02001953125,1504.271728515625,1500.6982421875
M10_YLUR_SLUR,10,LUR,LUR,2025-02-24,2025-02-24,1,TSEC,100.88996887207031,100.0162582397461,99.69739532470703,99.74699401855469,99.98358154296875
M10_YLUR_SLUR,10,LUR,LUR,2025-02-24,2025-02-25,2,Yd,1490.4112548828125,1499.5302734375,1501.07666015625,1496.01806640625,1497.236572265625
M10_YLUR_SLUR,10,LUR,LUR,2025-02-24,2025-02-25,2,TSE,1500.14208984375,1499.8426513671875,1499.949462890625,1504.106689453125,1501.06640625
M10_YLUR_SLUR,10,LUR,LUR,2025-02-24,2025-02-25,2,TSEC,99.77359008789062,100.0162582397461,99.9510726928711,99.93571472167969,100.03142547607422
M10_YLUR_SLUR,10,LUR,LUR,2025-02-24,2025-02-26,3,Yd,1510.5299072265625,1499.5302734375,1499.59521484375,1495.0328369140625,1496.215087890625
M10_YLUR_SLUR,10,LUR,LUR,2025-02-24,2025-02-26,3,TSE,1529.477294921875,1499.8426513671875,1499.162353515625,1503.2093505859375,1500.8123779296875
M10_YLUR_SLUR,10,LUR,LUR,2025-02-24,2025-02-26,3,TSEC,100.54259490966797,100.0162582397461,99.848388671875,99.86506652832031,100.10901641845703
M10_YLUR_SLUR,10,LUR,LUR,2025-02-25,2025-02-25,1,Yd,1490.4112548828125,1499.5279541015625,1499.8321533203125,1493.006103515625,1497.9068603515625
M10_YLUR_SLUR,10,LUR,LUR,2025-02-25,2025-02-25,1,TSE,1500.14208984375,1499.85498046875,1501.1256103515625,1502.2783203125,1500.47509765625
M10_YLUR_SLUR,10,LUR,LUR,2025-02-25,2025-02-25,1,TSEC,99.77359008789062,100.01737213134766,99.89450073242188,99.94525909423828,100.03410339355469
M10_YLUR_SLUR,10,LUR,LUR,2025-02-25,2025-02-26,2,Yd,1510.5299072265625,1499.5279541015625,1498.2852783203125,1493.8555908203125,1496.9237060546875
M10_YLUR_SLUR,10,LUR,LUR,2025-02-25,2025-02-26,2,TSE,1529.477294921875,1499.85498046875,1500.359130859375,1501.6298828125,1500.5616455078125
M10_YLUR_SLUR,10,LUR,LUR,2025-02-25,2025-02-26,2,TSEC,100.54259490966797,100.01737213134766,99.86039733886719,100.10610961914062,100.09657287597656
M10_YLUR_SLUR,10,LUR,LUR,2025-02-25,2025-02-27,3,Yd,1485.4638671875,1499.5279541015625,1499.6312255859375,1494.781494140625,1497.06298828125
M10_YLUR_SLUR,10,LUR,LUR,2025-02-25,2025-02-27,3,TSE,1501.9788818359375,1499.85498046875,1501.194580078125,1499.9739990234375,1500.1654052734375
M10_YLUR_SLUR,10,LUR,LUR,2025-02-25,2025-02-27,3,TSEC,100.8146743774414,100.01737213134766,99.78071594238281,100.08334350585938,100.12823486328125
M10_YLUR_SLUR,10,LUR,LUR,2025-02-26,2025-02-26,1,Yd,1510.5299072265625,1499.5164794921875,1499.72802734375,1494.6973876953125,1497.8255615234375
M10_YLUR_SLUR,10,LUR,LUR,2025-02-26,2025-02-26,1,TSE,1529.477294921875,1499.8551025390625,1500.588623046875,1497.7918701171875,1500.0172119140625
M10_YLUR_SLUR,10,LUR,LUR,2025-02-26,2025-02-26,1,TSEC,100.54259490966797,100.0170669555664,99.8589859008789,99.9366455078125,100.07367706298828
M10_YLUR_SLUR,10,LUR,LUR,2025-02-26,2025-02-27,2,Yd,1485.4638671875,1499.5164794921875,1501.946533203125,1492.7696533203125,1497.7254638671875
M10_YLUR_SLUR,10,LUR,LUR,2025-02-26,2025-02-27,2,TSE,1501.9788818359375,1499.8551025390625,1498.0184326171875,1500.4088134765625,1499.7685546875
M10_YLUR_SLUR,10,LUR,LUR,2025-02-26,2025-02-27,2,TSEC,100.8146743774414,100.0170669555664,99.76018524169922,99.88380432128906,100.11848449707031
M10_YLUR_SLUR,10,LUR,LUR,2025-02-26,2025-02-28,3,Yd,1509.844482421875,1499.5164794921875,1499.7855224609375,1495.6278076171875,1498.813232421875
M10_YLUR_SLUR,10,LUR,LUR,2025-02-26,2025-02-28,3,TSE,1503.1427001953125,1499.8551025390625,1499.1365966796875,1498.4677734375,1499.6226806640625
M10_YLUR_SLUR,10,LUR,LUR,2025-02-26,2025-02-28,3,TSEC,99.86750793457031,100.0170669555664,100.02959442138672,99.73274993896484,100.11894989013672
M10_YLUR_SLUR,10,LUR,LUR,2025-02-27,2025-02-27,1,Yd,1485.4638671875,1499.530517578125,1499.962158203125,1496.6641845703125,1499.1009521484375
M10_YLUR_SLUR,10,LUR,LUR,2025-02-27,2025-02-27,1,TSE,1501.9788818359375,1499.892822265625,1504.692626953125,1495.8328857421875,1499.7730712890625
M10_YLUR_SLUR,10,LUR,LUR,2025-02-27,2025-02-27,1,TSEC,100.8146743774414,100.0177230834961,99.68135070800781,100.26969909667969,100.05851745605469
M10_YLUR_SLUR,10,LUR,LUR,2025-02-27,2025-02-28,2,Yd,1509.844482421875,1499.530517578125,1500.1190185546875,1496.2091064453125,1499.9385986328125
M10_YLUR_SLUR,10,LUR,LUR,2025-02-27,2025-02-28,2,TSE,1503.1427001953125,1499.892822265625,1502.341796875,1496.1588134765625,1499.74365234375
M10_YLUR_SLUR,10,LUR,LUR,2025-02-27,2025-02-28,2,TSEC,99.86750793457031,100.0177230834961,100.13763427734375,100.14311218261719,100.07752990722656
M10_YLUR_SLUR,10,LUR,LUR,2025-02-27,2025-03-01,3,Yd,1513.6866455078125,1499.530517578125,1500.032470703125,1495.28076171875,1500.2684326171875
M10_YLUR_SLUR,10,LUR,LUR,2025-02-27,2025-03-01,3,TSE,1509.523681640625,1499.892822265625,1503.2314453125,1500.0992431640625,1500.106201171875
M10_YLUR_SLUR,10,LUR,LUR,2025-02-27,2025-03-01,3,TSEC,98.88390350341797,100.0177230834961,99.87822723388672,100.00735473632812,100.01376342773438
M10_YLUR_SLUR,10,LUR,LUR,2025-02-28,2025-02-28,1,Yd,1509.844482421875,1499.5126953125,1499.828857421875,1497.7042236328125,1499.9713134765625
M10_YLUR_SLUR,10,LUR,LUR,2025-02-28,2025-02-28,1,TSE,1503.1427001953125,1499.8953857421875,1501.9869384765625,1493.7652587890625,1499.5977783203125
M10_YLUR_SLUR,10,LUR,LUR,2025-02-28,2025-02-28,1,TSEC,99.86750793457031,100.01873779296875,100.14274597167969,100.00265502929688,100.01844024658203
M10_YLUR_SLUR,10,LUR,LUR,2025-02-28,2025-03-01,2,Yd,1513.6866455078125,1499.5126953125,1498.8111572265625,1495.463623046875,1500.38232421875
M10_YLUR_SLUR,10,LUR,LUR,2025-02-28,2025-03-01,2,TSE,1509.523681640625,1499.8953857421875,1503.043212890625,1496.8267822265625,1499.987060546875
M10_YLUR_SLUR,10,LUR,LUR,2025-02-28,2025-03-01,2,TSEC,98.88390350341797,100.01873779296875,99.8663330078125,99.6675796508789,99.96663665771484
M10_YLUR_SLUR,10,LUR,LUR,2025-02-28,2025-03-02,3,Yd,1510.396484375,1499.5126953125,1499.898193359375,1496.611572265625,1499.93310546875
M10_YLUR_SLUR,10,LUR,LUR,2025-02-28,2025-03-02,3,TSE,1511.028564453125,1499.8953857421875,1502.565673828125,1499.169677734375,1501.310791015625
M10_YLUR_SLUR,10,LUR,LUR,2025-02-28,2025-03-02,3,TSEC,100.82209014892578,100.01873779296875,99.7484130859375,99.55913543701172,99.92115783691406
M10_YLUR_SLUR,10,LUR,LUR,2025-03-01,2025-03-01,1,Yd,1513.6866455078125,1499.525634765625,1499.06982421875,1499.815185546875,1500.0511474609375
M10_YLUR_SLUR,10,LUR,LUR,2025-03-01,2025-03-01,1,TSE,1509.523681640625,1499.899658203125,1501.6214599609375,1498.23193359375,1500.12548828125
M10_YLUR_SLUR,10,LUR,LUR,2025-03-01,2025-03-01,1,TSEC,98.88390350341797,100.0185546875,99.9748764038086,99.97467041015625,99.97357177734375
M10_YLUR_SLUR,10,LUR,LUR,2025-03-01,2025-03-02,2,Yd,1510.396484375,1499.525634765625,1499.619140625,1499.6600341796875,1499.9930419921875
M10_YLUR_SLUR,10,LUR,LUR,2025-03-01,2025-03-02,2,TSE,1511.028564453125,1499.899658203125,1499.7672119140625,1505.4332275390625,1501.2628173828125
M10_YLUR_SLUR,10,LUR,LUR,2025-03-01,2025-03-02,2,TSEC,100.82209014892578,100.0185546875,99.85743713378906,100.07162475585938,99.92228698730469
M10_YLUR_SLUR,10,LUR,LUR,2025-03-01,2025-03-03,3,Yd,1490.22607421875,1499.525634765625,1499.2733154296875,1498.6748046875,1499.097412109375
M10_YLUR_SLUR,10,LUR,LUR,2025-03-01,2025-03-03,3,TSE,1492.4444580078125,1499.899658203125,1501.4091796875,1504.685302734375,1502.5545654296875
M10_YLUR_SLUR,10,LUR,LUR,2025-03-01,2025-03-03,3,TSEC,99.54859161376953,100.0185546875,99.88239288330078,100.05085754394531,99.89634704589844
M10_YLUR_SLUR,10,LUR,LUR,2025-03-02,2025-03-02,1,Yd,1510.396484375,1499.5435791015625,1501.3232421875,1499.1514892578125,1499.5487060546875
M10_YLUR_SLUR,10,LUR,LUR,2025-03-02,2025-03-02,1,TSE,1511.028564453125,1499.911865234375,1503.59326171875,1505.7315673828125,1500.816162109375
M10_YLUR_SLUR,10,LUR,LUR,2025-03-02,2025-03-02,1,TSEC,100.82209014892578,100.01710510253906,99.83984375,99.71721649169922,99.95140838623047
M10_YLUR_SLUR,10,LUR,LUR,2025-03-02,2025-03-03,2,Yd,1490.22607421875,1499.5435791015625,1498.668212890625,1498.0999755859375,1499.0089111328125
M10_YLUR_SLUR,10,LUR,LUR,2025-03-02,2025-03-03,2,TSE,1492.4444580078125,1499.911865234375,1503.420166015625,1505.3046875,1502.0196533203125
M10_YLUR_SLUR,10,LUR,LUR,2025-03-02,2025-03-03,2,TSEC,99.54859161376953,100.01710510253906,99.87841033935547,100.03577423095703,99.92023468017578
M10_YLUR_SLUR,10,LUR,LUR,2025-03-02,2025-03-04,3,Yd,1485.407958984375,1499.5435791015625,1501.7269287109375,1498.0223388671875,1498.255615234375
M10_YLUR_SLUR,10,LUR,LUR,2025-03-02,2025-03-04,3,TSE,1502.8135986328125,1499.911865234375,1503.544921875,1503.97216796875,1502.4652099609375
M10_YLUR_SLUR,10,LUR,LUR,2025-03-02,2025-03-04,3,TSEC,99.57852935791016,100.01710510253906,99.88587951660156,100.19407653808594,99.95532989501953
M10_YLUR_SLUR,10,LUR,LUR,2025-03-03,2025-03-03,1,Yd,1490.22607421875,1499.5572509765625,1500.23974609375,1497.3692626953125,1498.9083251953125
M10_YLUR_SLUR,10,LUR,LUR,2025-03-03,2025-03-03,1,TSE,1492.4444580078125,1499.92578125,1501.26611328125,1503.191650390625,1500.961181640625
M10_YLUR_SLUR,10,LUR,LUR,2025-03-03,2025-03-03,1,TSEC,99.54859161376953,100.01812744140625,99.87743377685547,99.92650604248047,99.96234130859375
M10_YLUR_SLUR,10,LUR,LUR,2025-03-03,2025-03-04,2,Yd,1485.407958984375,1499.5572509765625,1500.739013671875,1498.608154296875,1498.318359375
M10_YLUR_SLUR,10,LUR,LUR,2025-03-03,2025-03-04,2,TSE,1502.8135986328125,1499.92578125,1500.398193359375,1504.010009765625,1501.566162109375
M10_YLUR_SLUR,10,LUR,LUR,2025-03-03,2025-03-04,2,TSEC,99.57852935791016,100.01812744140625,99.83356475830078,100.00988006591797,99.99073028564453
M10_YLUR_SLUR,10,LUR,LUR,2025-03-03,2025-03-05,3,Yd,1499.060546875,1499.5572509765625,1500.298828125,1495.5947265625,1497.87353515625
M10_YLUR_SLUR,10,LUR,LUR,2025-03-03,2025-03-05,3,TSE,1501.3858642578125,1499.92578125,1500.8170166015625,1503.405029296875,1501.4287109375
M10_YLUR_SLUR,10,LUR,LUR,2025-03-03,2025-03-05,3,TSEC,99.20829010009766,100.01812744140625,99.9163818359375,100.0107650756836,100.04208374023438
M10_YLUR_SLUR,10,LUR,LUR,2025-03-04,2025-03-04,1,Yd,1485.407958984375,1499.54541015625,1500.8780517578125,1498.36181640625,1497.917236328125
M10_YLUR_SLUR,10,LUR,LUR,2025-03-04,2025-03-04,1,TSE,1502.8135986328125,1499.916259765625,1502.350830078125,1503.664306640625,1500.508544921875
M10_YLUR_SLUR,10,LUR,LUR,2025-03-04,2025-03-04,1,TSEC,99.57852935791016,100.01753997802734,100.01891326904297,100.05145263671875,100.03118896484375
M10_YLUR_SLUR,10,LUR,LUR,2025-03-04,2025-03-05,2,Yd,1499.060546875,1499.54541015625,1500.017333984375,1496.8294677734375,1496.9957275390625
M10_YLUR_SLUR,10,LUR,LUR,2025-03-04,2025-03-05,2,TSE,1501.3858642578125,1499.916259765625,1503.2713623046875,1505.2662353515625,1500.4854736328125
M10_YLUR_SLUR,10,LUR,LUR,2025-03-04,2025-03-05,2,TSEC,99.20829010009766,100.01753997802734,99.961181640625,100.17115020751953,100.0891342163086
M10_YLUR_SLUR,10,LUR,LUR,2025-03-04,2025-03-06,3,Yd,1510.284423828125,1499.54541015625,1500.945068359375,1495.9090576171875,1497.0977783203125
M10_YLUR_SLUR,10,LUR,LUR,2025-03-04,2025-03-06,3,TSE,1503.403076171875,1499.916259765625,1503.1180419921875,1500.650634765625,1499.9888916015625
M10_YLUR_SLUR,10,LUR,LUR,2025-03-04,2025-03-06,3,TSEC,99.0367431640625,100.01753997802734,99.9012680053711,99.97090911865234,100.1137466430664
M10_YLUR_SLUR,10,LUR,LUR,2025-03-05,2025-03-05,1,Yd,1499.060546875,1499.5277099609375,1499.783203125,1496.622802734375,1497.7437744140625
M10_YLUR_SLUR,10,LUR,LUR,2025-03-05,2025-03-05,1,TSE,1501.3858642578125,1499.9200439453125,1501.2923583984375,1497.9178466796875,1500.0413818359375
M10_YLUR_SLUR,10,LUR,LUR,2025-03-05,2025-03-05,1,TSEC,99.20829010009766,100.01698303222656,99.9120101928711,99.9643325805664,100.06863403320312
M10_YLUR_SLUR,10,LUR,LUR,2025-03-05,2025-03-06,2,Yd,1510.284423828125,1499.5277099609375,1501.1796875,1495.4835205078125,1497.582275390625
M10_YLUR_SLUR,10,LUR,LUR,2025-03-05,2025-03-06,2,TSE,1503.403076171875,1499.9200439453125,1499.385986328125,1502.0849609375,1499.779052734375
M10_YLUR_SLUR,10,LUR,LUR,2025-03-05,2025-03-06,2,TSEC,99.0367431640625,100.01698303222656,99.83787536621094,100.02080535888672,100.10381317138672
M10_YLUR_SLUR,10,LUR,LUR,2025-03-05,2025-03-07,3,Yd,1493.029541015625,1499.5277099609375,1499.93212890625,1498.38720703125,1498.7603759765625
M10_YLUR_SLUR,10,LUR,LUR,2025-03-05,2025-03-07,3,TSE,1496.5765380859375,1499.9200439453125,1499.9857177734375,1500.144287109375,1499.662353515625
M10_YLUR_SLUR,10,LUR,LUR,2025-03-05,2025-03-07,3,TSEC,99.83954620361328,100.01698303222656,100.21524810791016,99.90679168701172,100.100341796875
M10_YLUR_SLUR,10,LUR,LUR,2025-03-06,2025-03-06,1,Yd,1510.284423828125,1499.527099609375,1500.649658203125,1498.1885986328125,1498.5506591796875
M10_YLUR_SLUR,10,LUR,LUR,2025-03-06,2025-03-06,1,TSE,1503.403076171875,1499.9217529296875,1502.9561767578125,1495.139404296875,1499.6639404296875
M10_YLUR_SLUR,10,LUR,LUR,2025-03-06,2025-03-06,1,TSEC,99.0367431640625,100.0159683227539,99.78548431396484,100.01683044433594,100.07093811035156
M10_YLUR_SLUR,10,LUR,LUR,2025-03-06,2025-03-07,2,Yd,1493.029541015625,1499.527099609375,1499.4420166015625,1496.212890625,1499.137451171875
M10_YLUR_SLUR,10,LUR,LUR,2025-03-06,2025-03-07,2,TSE,1496.5765380859375,1499.9217529296875,1503.442138671875,1497.828369140625,1499.5096435546875
M10_YLUR_SLUR,10,LUR,LUR,2025-03-06,2025-03-07,2,TSEC,99.83954620361328,100.0159683227539,99.89759063720703,99.87320709228516,100.09530639648438
M10_YLUR_SLUR,10,LUR,LUR,2025-03-06,2025-03-08,3,Yd,1492.904296875,1499.527099609375,1499.3060302734375,1496.573486328125,1499.1737060546875
M10_YLUR_SLUR,10,LUR,LUR,2025-03-06,2025-03-08,3,TSE,1491.6309814453125,1499.9217529296875,1502.5699462890625,1497.39453125,1500.222412109375
M10_YLUR_SLUR,10,LUR,LUR,2025-03-06,2025-03-08,3,TSEC,100.13856506347656,100.0159683227539,99.8049545288086,99.79834747314453,100.05577850341797
M10_YLUR_SLUR,10,LUR,LUR,2025-03-07,2025-03-07,1,Yd,1493.029541015625,1499.54052734375,1500.093505859375,1498.9510498046875,1499.4022216796875
M10_YLUR_SLUR,10,LUR,LUR,2025-03-07,2025-03-07,1,TSE,1496.5765380859375,1499.9261474609375,1503.496337890625,1494.3199462890625,1499.5198974609375
M10_YLUR_SLUR,10,LUR,LUR,2025-03-07,2025-03-07,1,TSEC,99.83954620361328,100.01473999023438,99.99341583251953,100.00639343261719,100.063720703125
M10_YLUR_SLUR,10,LUR,LUR,2025-03-07,2025-03-08,2,Yd,1492.904296875,1499.54052734375,1500.808349609375,1498.78515625,1499.1312255859375
M10_YLUR_SLUR,10,LUR,LUR,2025-03-07,2025-03-08,2,TSE,1491.6309814453125,1499.9261474609375,1502.60888671875,1500.5123291015625,1500.2880859375
M10_YLUR_SLUR,10,LUR,LUR,2025-03-07,2025-03-08,2,TSEC,100.13856506347656,100.01473999023438,99.80523681640625,99.90362548828125,100.04161834716797
M10_YLUR_SLUR,10,LUR,LUR,2025-03-07,2025-03-09,3,Yd,1503.23095703125,1499.54052734375,1500.3914794921875,1500.633544921875,1498.3602294921875
M10_YLUR_SLUR,10,LUR,LUR,2025-03-07,2025-03-09,3,TSE,1510.8419189453125,1499.9261474609375,1503.2437744140625,1502.0926513671875,1501.765625
M10_YLUR_SLUR,10,LUR,LUR,2025-03-07,2025-03-09,3,TSEC,100.70720672607422,100.01473999023438,99.79181671142578,99.88435363769531,100.00265502929688
M10_YLUR_SLUR,10,LUR,LUR,2025-03-08,2025-03-08,1,Yd,1492.904296875,1499.532470703125,1500.3360595703125,1497.537109375,1499.2496337890625
M10_YLUR_SLUR,10,LUR,LUR,2025-03-08,2025-03-08,1,TSE,1491.6309814453125,1499.921875,1500.0574951171875,1498.4110107421875,1500.2125244140625
M10_YLUR_SLUR,10,LUR,LUR,2025-03-08,2025-03-08,1,TSEC,100.13856506347656,100.01451873779297,99.85099029541016,99.94709777832031,100.00751495361328
M10_YLUR_SLUR,10,LUR,LUR,2025-03-08,2025-03-09,2,Yd,1503.23095703125,1499.532470703125,1499.1549072265625,1496.26806640625,1498.5904541015625
M10_YLUR_SLUR,10,LUR,LUR,2025-03-08,2025-03-09,2,TSE,1510.8419189453125,1499.921875,1500.05029296875,1506.1195068359375,1501.6153564453125
M10_YLUR_SLUR,10,LUR,LUR,2025-03-08,2025-03-09,2,TSEC,100.70720672607422,100.01451873779297,99.83602142333984,99.95819091796875,99.97762298583984
M10_YLUR_SLUR,10,LUR,LUR,2025-03-08,2025-03-10,3,Yd,1508.0606689453125,1499.532470703125,1499.7236328125,1494.611083984375,1497.43798828125
M10_YLUR_SLUR,10,LUR,LUR,2025-03-08,2025-03-10,3,TSE,1495.49951171875,1499.921875,1500.396484375,1505.992919921875,1502.80029296875
M10_YLUR_SLUR,10,LUR,LUR,2025-03-08,2025-03-10,3,TSEC,101.46888732910156,100.01451873779297,99.81693267822266,99.82660675048828,99.95875549316406
M10_YLUR_SLUR,10,LUR,LUR,2025-03-09,2025-03-09,1,Yd,1503.23095703125,1499.524169921875,1498.4244384765625,1498.87255859375,1498.5830078125
M10_YLUR_SLUR,10,LUR,LUR,2025-03-09,2025-03-09,1,TSE,1510.8419189453125,1499.91162109375,1500.328125,1503.5133056640625,1500.9375
M10_YLUR_SLUR,10,LUR,LUR,2025-03-09,2025-03-09,1,TSEC,100.70720672607422,100.01467895507812,99.7807388305664,99.89886474609375,99.98063659667969
M10_YLUR_SLUR,10,LUR,LUR,2025-03-09,2025-03-10,2,Yd,1508.0606689453125,1499.524169921875,1498.427734375,1498.35400390625,1497.4627685546875
M10_YLUR_SLUR,10,LUR,LUR,2025-03-09,2025-03-10,2,TSE,1495.49951171875,1499.91162109375,1502.57666015625,1508.425537109375,1502.082275390625
M10_YLUR_SLUR,10,LUR,LUR,2025-03-09,2025-03-10,2,TSEC,101.46888732910156,100.01467895507812,99.7398910522461,100.0027084350586,99.97007751464844
M10_YLUR_SLUR,10,LUR,LUR,2025-03-09,2025-03-11,3,Yd,1480.266845703125,1499.524169921875,1498.99609375,1495.688232421875,1496.394775390625
M10_YLUR_SLUR,10,LUR,LUR,2025-03-09,2025-03-11,3,TSE,1489.07373046875,1499.91162109375,1501.56591796875,1507.2230224609375,1502.5062255859375
M10_YLUR_SLUR,10,LUR,LUR,2025-03-09,2025-03-11,3,TSEC,98.5086898803711,100.01467895507812,99.98567962646484,99.86836242675781,100.02229309082031
M10_YLUR_SLUR,10,LUR,LUR,2025-03-10,2025-03-10,1,Yd,1508.0606689453125,1499.52880859375,1498.8975830078125,1494.311767578125,1498.1829833984375
M10_YLUR_SLUR,10,LUR,LUR,2025-03-10,2025-03-10,1,TSE,1495.49951171875,1499.9251708984375,1500.99072265625,1504.3475341796875,1501.0494384765625
M10_YLUR_SLUR,10,LUR,LUR,2025-03-10,2025-03-10,1,TSEC,101.46888732910156,100.01554870605469,99.8115234375,99.80781555175781,99.9813003540039
M10_YLUR_SLUR,10,LUR,LUR,2025-03-10,2025-03-11,2,Yd,1480.266845703125,1499.52880859375,1499.817138671875,1495.9193115234375,1497.142333984375
M10_YLUR_SLUR,10,LUR,LUR,2025-03-10,2025-03-11,2,TSE,1489.07373046875,1499.9251708984375,1500.1629638671875,1504.5897216796875,1501.6719970703125
M10_YLUR_SLUR,10,LUR,LUR,2025-03-10,2025-03-11,2,TSEC,98.5086898803711,100.01554870605469,99.8350830078125,99.96959686279297,100.02185821533203
M10_YLUR_SLUR,10,LUR,LUR,2025-03-10,2025-03-12,3,Yd,1493.3453369140625,1499.52880859375,1499.131103515625,1494.20263671875,1496.2349853515625
M10_YLUR_SLUR,10,LUR,LUR,2025-03-10,2025-03-12,3,TSE,1497.602783203125,1499.9251708984375,1500.562744140625,1502.0732421875,1501.5789794921875
M10_YLUR_SLUR,10,LUR,LUR,2025-03-10,2025-03-12,3,TSEC,101.13197326660156,100.01554870605469,99.83318328857422,99.87252044677734,100.09432983398438
M10_YLUR_SLUR,10,LUR,LUR,2025-03-11,2025-03-11,1,Yd,1480.266845703125,1499.53955078125,1497.842529296875,1493.157958984375,1497.876953125
M10_YLUR_SLUR,10,LUR,LUR,2025-03-11,2025-03-11,1,TSE,1489.07373046875,1499.919677734375,1499.6331787109375,1502.7310791015625,1500.557861328125
M10_YLUR_SLUR,10,LUR,LUR,2025-03-11,2025-03-11,1,TSEC,98.5086898803711,100.0173568725586,99.80708312988281,100.04545593261719,100.03773498535156
M10_YLUR_SLUR,10,LUR,LUR,2025-03-11,2025-03-12,2,Yd,1493.3453369140625,1499.53955078125,1499.545654296875,1493.4652099609375,1496.9263916015625
M10_YLUR_SLUR,10,LUR,LUR,2025-03-11,2025-03-12,2,TSE,1497.602783203125,1499.919677734375,1500.455078125,1501.0780029296875,1500.66015625
M10_YLUR_SLUR,10,LUR,LUR,2025-03-11,2025-03-12,2,TSEC,101.13197326660156,100.0173568725586,99.90345764160156,100.05216217041016,100.09502410888672
M10_YLUR_SLUR,10,LUR,LUR,2025-03-11,2025-03-13,3,Yd,1516.4918212890625,1499.53955078125,1498.230712890625,1494.42626953125,1497.07763671875
M10_YLUR_SLUR,10,LUR,LUR,2025-03-11,2025-03-13,3,TSE,1528.7913818359375,1499.919677734375,1500.12060546875,1498.88671875,1499.994873046875
M10_YLUR_SLUR,10,LUR,LUR,2025-03-11,2025-03-13,3,TSEC,101.05667114257812,100.0173568725586,99.76577758789062,99.95111846923828,100.10379028320312
M10_YLUR_SLUR,10,LUR,LUR,2025-03-12,2025-03-12,1,Yd,1493.3453369140625,1499.5155029296875,1499.7236328125,1494.2943115234375,1497.4747314453125
M10_YLUR_SLUR,10,LUR,LUR,2025-03-12,2025-03-12,1,TSE,1497.602783203125,1499.90625,1500.4534912109375,1497.7099609375,1499.814208984375
M10_YLUR_SLUR,10,LUR,LUR,2025-03-12,2025-03-12,1,TSEC,101.13197326660156,100.01547241210938,99.88629913330078,99.91172790527344,100.0777587890625
M10_YLUR_SLUR,10,LUR,LUR,2025-03-12,2025-03-13,2,Yd,1516.4918212890625,1499.5155029296875,1497.1199951171875,1496.2950439453125,1497.127197265625
M10_YLUR_SLUR,10,LUR,LUR,2025-03-12,2025-03-13,2,TSE,1528.7913818359375,1499.90625,1501.3656005859375,1502.53369140625,1499.41357421875
M10_YLUR_SLUR,10,LUR,LUR,2025-03-12,2025-03-13,2,TSEC,101.05667114257812,100.01547241210938,99.73306274414062,99.84685516357422,100.11961364746094
M10_YLUR_SLUR,10,LUR,LUR,2025-03-12,2025-03-14,3,Yd,1510.5960693359375,1499.5155029296875,1499.576171875,1496.5836181640625,1497.9346923828125
M10_YLUR_SLUR,10,LUR,LUR,2025-03-12,2025-03-14,3,TSE,1494.1754150390625,1499.90625,1501.15966796875,1500.815185546875,1499.263427734375
M10_YLUR_SLUR,10,LUR,LUR,2025-03-12,2025-03-14,3,TSEC,100.45338439941406,100.01547241210938,100.1098861694336,99.7253189086914,100.12435150146484
M10_YLUR_SLUR,10,LUR,LUR,2025-03-13,2025-03-13,1,Yd,1516.4918212890625,1499.5078125,1496.965576171875,1500.2315673828125,1498.5186767578125
M10_YLUR_SLUR,10,LUR,LUR,2025-03-13,2025-03-13,1,TSE,1528.7913818359375,1499.9033203125,1501.023681640625,1497.014404296875,1499.4666748046875
M10_YLUR_SLUR,10,LUR,LUR,2025-03-13,2025-03-13,1,TSEC,101.05667114257812,100.01686096191406,100.00103759765625,100.12338256835938,100.06453704833984
M10_YLUR_SLUR,10,LUR,LUR,2025-03-13,2025-03-14,2,Yd,1510.5960693359375,1499.5078125,1498.091552734375,1498.4730224609375,1499.090087890625
M10_YLUR_SLUR,10,LUR,LUR,2025-03-13,2025-03-14,2,TSE,1494.1754150390625,1499.9033203125,1501.00634765625,1499.6248779296875,1499.2825927734375
M10_YLUR_SLUR,10,LUR,LUR,2025-03-13,2025-03-14,2,TSEC,100.45338439941406,100.01686096191406,99.79410552978516,99.9394760131836,100.07815551757812
M10_YLUR_SLUR,10,LUR,LUR,2025-03-13,2025-03-15,3,Yd,1514.12744140625,1499.5078125,1496.1451416015625,1497.8941650390625,1499.0106201171875
M10_YLUR_SLUR,10,LUR,LUR,2025-03-13,2025-03-15,3,TSE,1509.7294921875,1499.9033203125,1500.4024658203125,1502.5120849609375,1500.0318603515625
M10_YLUR_SLUR,10,LUR,LUR,2025-03-13,2025-03-15,3,TSEC,100.87025451660156,100.01686096191406,99.98135375976562,99.77300262451172,100.0556411743164
M10_YLUR_SLUR,10,LUR,LUR,2025-03-14,2025-03-14,1,Yd,1510.5960693359375,1499.5289306640625,1498.9794921875,1499.10986328125,1499.7216796875
M10_YLUR_SLUR,10,LUR,LUR,2025-03-14,2025-03-14,1,TSE,1494.1754150390625,1499.9393310546875,1500.8382568359375,1499.80615234375,1499.4610595703125
M10_YLUR_SLUR,10,LUR,LUR,2025-03-14,2025-03-14,1,TSEC,100.45338439941406,100.01815795898438,99.9314956665039,99.90559387207031,100.03392028808594
M10_YLUR_SLUR,10,LUR,LUR,2025-03-14,2025-03-15,2,Yd,1514.12744140625,1499.5289306640625,1500.5382080078125,1498.4180908203125,1500.0142822265625
M10_YLUR_SLUR,10,LUR,LUR,2025-03-14,2025-03-15,2,TSE,1509.7294921875,1499.9393310546875,1500.0220947265625,1498.8543701171875,1499.929443359375
M10_YLUR_SLUR,10,LUR,LUR,2025-03-14,2025-03-15,2,TSEC,100.87025451660156,100.01815795898438,99.91785430908203,99.94414520263672,100.00157165527344
M10_YLUR_SLUR,10,LUR,LUR,2025-03-14,2025-03-16,3,Yd,1484.8109130859375,1499.5289306640625,1500.7615966796875,1498.1422119140625,1499.5665283203125
M10_YLUR_SLUR,10,LUR,LUR,2025-03-14,2025-03-16,3,TSE,1506.760498046875,1499.9393310546875,1501.229248046875,1501.1422119140625,1501.468017578125
M10_YLUR_SLUR,10,LUR,LUR,2025-03-14,2025-03-16,3,TSEC,97.78620147705078,100.01815795898438,99.79045104980469,99.91944122314453,99.95945739746094
M10_YLUR_SLUR,10,LUR,LUR,2025-03-15,2025-03-15,1,Yd,1514.12744140625,1499.5426025390625,1499.2806396484375,1497.2998046875,1499.8856201171875
M10_YLUR_SLUR,10,LUR,LUR,2025-03-15,2025-03-15,1,TSE,1509.7294921875,1499.9322509765625,1500.425048828125,1495.0555419921875,1499.91259765625
M10_YLUR_SLUR,10,LUR,LUR,2025-03-15,2025-03-15,1,TSEC,100.87025451660156,100.01869201660156,99.95774841308594,100.11153411865234,99.99530029296875
M10_YLUR_SLUR,10,LUR,LUR,2025-03-15,2025-03-16,2,Yd,1484.8109130859375,1499.5426025390625,1499.6827392578125,1495.546875,1499.85498046875
M10_YLUR_SLUR,10,LUR,LUR,2025-03-15,2025-03-16,2,TSE,1506.760498046875,1499.9322509765625,1502.8494873046875,1501.3050537109375,1501.07421875
M10_YLUR_SLUR,10,LUR,LUR,2025-03-15,2025-03-16,2,TSEC,97.78620147705078,100.01869201660156,99.7754135131836,99.98020935058594,99.95357513427734
M10_YLUR_SLUR,10,LUR,LUR,2025-03-15,2025-03-17,3,Yd,1469.685302734375,1499.5426025390625,1499.645263671875,1498.796875,1499.251220703125
M10_YLUR_SLUR,10,LUR,LUR,2025-03-15,2025-03-17,3,TSE,1530.0152587890625,1499.9322509765625,1501.1776123046875,1503.3870849609375,1502.4453125
M10_YLUR_SLUR,10,LUR,LUR,2025-03-15,2025-03-17,3,TSEC,100.09400177001953,100.01869201660156,99.92393493652344,99.94739532470703,99.920166015625
M10_YLUR_SLUR,10,LUR,LUR,2025-03-16,2025-03-16,1,Yd,1484.8109130859375,1499.5609130859375,1501.376953125,1499.845458984375,1499.9442138671875
M10_YLUR_SLUR,10,LUR,LUR,2025-03-16,2025-03-16,1,TSE,1506.760498046875,1499.9444580078125,1502.0220947265625,1500.39404296875,1500.640380859375
M10_YLUR_SLUR,10,LUR,LUR,2025-03-16,2025-03-16,1,TSEC,97.78620147705078,100.01976013183594,99.80714416503906,99.94540405273438,99.94962310791016
M10_YLUR_SLUR,10,LUR,LUR,2025-03-16,2025-03-17,2,Yd,1469.685302734375,1499.5609130859375,1499.7530517578125,1497.734375,1499.72607421875
M10_YLUR_SLUR,10,LUR,LUR,2025-03-16,2025-03-17,2,TSE,1530.0152587890625,1499.9444580078125,1500.282470703125,1501.4725341796875,1501.716796875
M10_YLUR_SLUR,10,LUR,LUR,2025-03-16,2025-03-17,2,TSEC,100.09400177001953,100.01976013183594,99.80873107910156,100.01142120361328,99.91368865966797
M10_YLUR_SLUR,10,LUR,LUR,2025-03-16,2025-03-18,3,Yd,1505.7225341796875,1499.5609130859375,1498.5040283203125,1496.24853515625,1499.13671875
M10_YLUR_SLUR,10,LUR,LUR,2025-03-16,2025-03-18,3,TSE,1472.95166015625,1499.9444580078125,1501.53515625,1500.7313232421875,1502.0626220703125
M10_YLUR_SLUR,10,LUR,LUR,2025-03-16,2025-03-18,3,TSEC,101.30461883544922,100.01976013183594,99.88207244873047,99.90389251708984,99.94505310058594
M10_YLUR_SLUR,10,LUR,LUR,2025-03-17,2025-03-17,1,Yd,1469.685302734375,1499.54248046875,1498.843017578125,1499.346923828125,1498.4791259765625
M10_YLUR_SLUR,10,LUR,LUR,2025-03-17,2025-03-17,1,TSE,1530.0152587890625,1499.952880859375,1502.1444091796875,1503.31884765625,1500.899658203125
M10_YLUR_SLUR,10,LUR,LUR,2025-03-17,2025-03-17,1,TSEC,100.09400177001953,100.01698303222656,99.86539459228516,99.86335754394531,99.98388671875
M10_YLUR_SLUR,10,LUR,LUR,2025-03-17,2025-03-18,2,Yd,1505.7225341796875,1499.54248046875,1501.4130859375,1501.259033203125,1497.6923828125
M10_YLUR_SLUR,10,LUR,LUR,2025-03-17,2025-03-18,2,TSE,1472.95166015625,1499.952880859375,1503.408447265625,1507.361572265625,1501.373046875
M10_YLUR_SLUR,10,LUR,LUR,2025-03-17,2025-03-18,2,TSEC,101.30461883544922,100.01698303222656,99.790771484375,99.9835433959961,100.02124786376953
M10_YLUR_SLUR,10,LUR,LUR,2025-03-17,2025-03-19,3,Yd,1503.2576904296875,1499.54248046875,1500.3648681640625,1498.44189453125,1496.876220703125
M10_YLUR_SLUR,10,LUR,LUR,2025-03-17,2025-03-19,3,TSE,1508.5174560546875,1499.952880859375,1502.5853271484375,1503.4522705078125,1501.1907958984375
M10_YLUR_SLUR,10,LUR,LUR,2025-03-17,2025-03-19,3,TSEC,98.51207733154297,100.01698303222656,99.95824432373047,100.10006713867188,100.08545684814453
M10_YLUR_SLUR,10,LUR,LUR,2025-03-18,2025-03-18,1,Yd,1505.7225341796875,1499.505615234375,1497.8240966796875,1494.4093017578125,1497.8411865234375
M10_YLUR_SLUR,10,LUR,LUR,2025-03-18,2025-03-18,1,TSE,1472.95166015625,1499.9901123046875,1502.81298828125,1500.46826171875,1500.8885498046875
M10_YLUR_SLUR,10,LUR,LUR,2025-03-18,2025-03-18,1,TSEC,101.30461883544922,100.01707458496094,99.90898895263672,99.94951629638672,100.02678680419922
M10_YLUR_SLUR,10,LUR,LUR,2025-03-18,2025-03-19,2,Yd,1503.2576904296875,1499.505615234375,1495.5496826171875,1497.588134765625,1496.9512939453125
M10_YLUR_SLUR,10,LUR,LUR,2025-03-18,2025-03-19,2,TSE,1508.5174560546875,1499.9901123046875,1500.595458984375,1499.838623046875,1501.2415771484375
M10_YLUR_SLUR,10,LUR,LUR,2025-03-18,2025-03-19,2,TSEC,98.51207733154297,100.01707458496094,99.8741683959961,99.93824005126953,100.07987213134766
M10_YLUR_SLUR,10,LUR,LUR,2025-03-18,2025-03-20,3,Yd,1517.2744140625,1499.505615234375,1497.4703369140625,1496.9227294921875,1497.071044921875
M10_YLUR_SLUR,10,LUR,LUR,2025-03-18,2025-03-20,3,TSE,1491.9117431640625,1499.9901123046875,1499.4315185546875,1499.6929931640625,1500.7830810546875
M10_YLUR_SLUR,10,LUR,LUR,2025-03-18,2025-03-20,3,TSEC,100.08391571044922,100.01707458496094,99.88469696044922,99.92569732666016,100.06217956542969
M10_YLUR_SLUR,10,LUR,LUR,2025-03-19,2025-03-19,1,Yd,1503.2576904296875,1499.5133056640625,1497.7041015625,1496.9873046875,1497.770263671875
M10_YLUR_SLUR,10,LUR,LUR,2025-03-19,2025-03-19,1,TSE,1508.5174560546875,1499.95654296875,1498.5460205078125,1497.9044189453125,1499.95556640625
M10_YLUR_SLUR,10,LUR,LUR,2025-03-19,2025-03-19,1,TSEC,98.51207733154297,100.0186767578125,99.89410400390625,100.1845932006836,100.0593032836914
M10_YLUR_SLUR,10,LUR,LUR,2025-03-19,2025-03-20,2,Yd,1517.2744140625,1499.5133056640625,1498.956298828125,1494.7454833984375,1497.6661376953125
M10_YLUR_SLUR,10,LUR,LUR,2025-03-19,2025-03-20,2,TSE,1491.9117431640625,1499.95654296875,1501.477783203125,1497.01806640625,1499.58349609375
M10_YLUR_SLUR,10,LUR,LUR,2025-03-19,2025-03-20,2,TSEC,100.08391571044922,100.0186767578125,99.82393646240234,100.27630615234375,100.07881927490234
M10_YLUR_SLUR,10,LUR,LUR,2025-03-19,2025-03-21,3,Yd,1486.764404296875,1499.5133056640625,1498.1322021484375,1495.3502197265625,1498.7791748046875
M10_YLUR_SLUR,10,LUR,LUR,2025-03-19,2025-03-21,3,TSE,1479.207275390625,1499.95654296875,1499.4488525390625,1496.65283203125,1499.4254150390625
M10_YLUR_SLUR,10,LUR,LUR,2025-03-19,2025-03-21,3,TSEC,100.25012969970703,100.0186767578125,99.99234771728516,100.27479553222656,100.07294464111328
M10_YLUR_SLUR,10,LUR,LUR,2025-03-20,2025-03-20,1,Yd,1517.2744140625,1499.5179443359375,1499.9100341796875,1495.2178955078125,1498.4183349609375
M10_YLUR_SLUR,10,LUR,LUR,2025-03-20,2025-03-20,1,TSE,1491.9117431640625,1499.96728515625,1504.99853515625,1493.99072265625,1499.5135498046875
M10_YLUR_SLUR,10,LUR,LUR,2025-03-20,2025-03-20,1,TSEC,100.08391571044922,100.01681518554688,99.8061752319336,100.09628295898438,100.06793975830078
M10_YLUR_SLUR,10,LUR,LUR,2025-03-20,2025-03-21,2,Yd,1486.764404296875,1499.5179443359375,1499.552978515625,1496.519287109375,1498.9541015625
M10_YLUR_SLUR,10,LUR,LUR,2025-03-20,2025-03-21,2,TSE,1479.207275390625,1499.96728515625,1502.6466064453125,1500.292236328125,1499.385009765625
M10_YLUR_SLUR,10,LUR,LUR,2025-03-20,2025-03-21,2,TSEC,100.25012969970703,100.01681518554688,100.09364318847656,99.90115356445312,100.08865356445312
M10_YLUR_SLUR,10,LUR,LUR,2025-03-20,2025-03-22,3,Yd,1515.675048828125,1499.5179443359375,1499.5233154296875,1499.114501953125,1499.0343017578125
M10_YLUR_SLUR,10,LUR,LUR,2025-03-20,2025-03-22,3,TSE,1495.6666259765625,1499.96728515625,1503.33544921875,1500.709716796875,1500.1630859375
M10_YLUR_SLUR,10,LUR,LUR,2025-03-20,2025-03-22,3,TSEC,99.94568634033203,100.01681518554688,99.86685943603516,99.90010833740234,100.07450103759766
M10_YLUR_SLUR,10,LUR,LUR,2025-03-21,2025-03-21,1,Yd,1486.764404296875,1499.539794921875,1498.294189453125,1499.1260986328125,1499.3731689453125
M10_YLUR_SLUR,10,LUR,LUR,2025-03-21,2025-03-21,1,TSE,1479.207275390625,1499.957275390625,1498.5634765625,1496.1805419921875,1499.335205078125
M10_YLUR_SLUR,10,LUR,LUR,2025-03-21,2025-03-21,1,TSEC,100.25012969970703,100.01689910888672,100.06884002685547,100.04299926757812,100.06697845458984
M10_YLUR_SLUR,10,LUR,LUR,2025-03-21,2025-03-22,2,Yd,1515.675048828125,1499.539794921875,1501.764892578125,1497.8848876953125,1499.1796875
M10_YLUR_SLUR,10,LUR,LUR,2025-03-21,2025-03-22,2,TSE,1495.6666259765625,1499.957275390625,1501.2086181640625,1497.7459716796875,1500.1044921875
M10_YLUR_SLUR,10,LUR,LUR,2025-03-21,2025-03-22,2,TSEC,99.94568634033203,100.01689910888672,99.88417053222656,100.00215148925781,100.06533813476562
M10_YLUR_SLUR,10,LUR,LUR,2025-03-21,2025-03-23,3,Yd,1506.9114990234375,1499.539794921875,1500.045166015625,1496.3370361328125,1498.4482421875
M10_YLUR_SLUR,10,LUR,LUR,2025-03-21,2025-03-23,3,TSE,1503.8919677734375,1499.957275390625,1499.91015625,1500.6981201171875,1501.5096435546875
M10_YLUR_SLUR,10,LUR,LUR,2025-03-21,2025-03-23,3,TSEC,99.20004272460938,100.01689910888672,99.86366271972656,99.83615112304688,100.031494140625
M10_YLUR_SLUR,10,LUR,LUR,2025-03-22,2025-03-22,1,Yd,1515.675048828125,1499.5240478515625,1500.4111328125,1498.9586181640625,1499.158447265625
M10_YLUR_SLUR,10,LUR,LUR,2025-03-22,2025-03-22,1,TSE,1495.6666259765625,1499.9315185546875,1500.62158203125,1497.8267822265625,1500.107177734375
M10_YLUR_SLUR,10,LUR,LUR,2025-03-22,2025-03-22,1,TSEC,99.94568634033203,100.0171890258789,99.85843658447266,99.92866516113281,100.02828979492188
M10_YLUR_SLUR,10,LUR,LUR,2025-03-22,2025-03-23,2,Yd,1506.9114990234375,1499.5240478515625,1499.0740966796875,1498.1610107421875,1498.4375
M10_YLUR_SLUR,10,LUR,LUR,2025-03-22,2025-03-23,2,TSE,1503.8919677734375,1499.9315185546875,1500.2655029296875,1504.3441162109375,1501.338623046875
M10_YLUR_SLUR,10,LUR,LUR,2025-03-22,2025-03-23,2,TSEC,99.20004272460938,100.0171890258789,99.87459564208984,99.87739562988281,100.00698852539062
M10_YLUR_SLUR,10,LUR,LUR,2025-03-22,2025-03-24,3,Yd,1508.2393798828125,1499.5240478515625,1500.2332763671875,1495.2066650390625,1497.35693359375
M10_YLUR_SLUR,10,LUR,LUR,2025-03-22,2025-03-24,3,TSE,1514.95361328125,1499.9315185546875,1501.1444091796875,1505.0244140625,1502.42138671875
M10_YLUR_SLUR,10,LUR,LUR,2025-03-22,2025-03-24,3,TSEC,100.29411315917969,100.0171890258789,99.84760284423828,99.70106506347656,99.99105072021484
M10_YLUR_SLUR,10,LUR,LUR,2025-03-23,2025-03-23,1,Yd,1506.9114990234375,1499.5438232421875,1499.1976318359375,1497.85986328125,1498.81640625
M10_YLUR_SLUR,10,LUR,LUR,2025-03-23,2025-03-23,1,TSE,1503.8919677734375,1499.9263916015625,1500.553466796875,1504.5103759765625,1500.68310546875
M10_YLUR_SLUR,10,LUR,LUR,2025-03-23,2025-03-23,1,TSEC,99.20004272460938,100.01708984375,99.79377746582031,99.78580474853516,99.99099731445312
M10_YLUR_SLUR,10,LUR,LUR,2025-03-23,2025-03-24,2,Yd,1508.2393798828125,1499.5438232421875,1500.670654296875,1497.9776611328125,1497.8609619140625
M10_YLUR_SLUR,10,LUR,LUR,2025-03-23,2025-03-24,2,TSE,1514.95361328125,1499.9263916015625,1499.688720703125,1507.4935302734375,1501.717529296875
M10_YLUR_SLUR,10,LUR,LUR,2025-03-23,2025-03-24,2,TSEC,100.29411315917969,100.01708984375,99.82306671142578,100.12399291992188,99.98157501220703
M10_YLUR_SLUR,10,LUR,LUR,2025-03-23,2025-03-25,3,Yd,1496.4854736328125,1499.5438232421875,1500.3778076171875,1497.548828125,1496.8994140625
M10_YLUR_SLUR,10,LUR,LUR,2025-03-23,2025-03-25,3,TSE,1511.74169921875,1499.9263916015625,1501.42138671875,1504.9256591796875,1501.94921875
M10_YLUR_SLUR,10,LUR,LUR,2025-03-23,2025-03-25,3,TSEC,101.65157318115234,100.01708984375,99.8973388671875,100.09593200683594,100.04185485839844
M10_YLUR_SLUR,10,LUR,LUR,2025-03-24,2025-03-24,1,Yd,1508.2393798828125,1499.5528564453125,1500.4132080078125,1497.552978515625,1498.2066650390625
M10_YLUR_SLUR,10,LUR,LUR,2025-03-24,2025-03-24,1,TSE,1514.95361328125,1499.9312744140625,1500.324462890625,1504.2432861328125,1500.665771484375
M10_YLUR_SLUR,10,LUR,LUR,2025-03-24,2025-03-24,1,TSEC,100.29411315917969,100.01608276367188,99.79962921142578,99.83905792236328,100.00499725341797
M10_YLUR_SLUR,10,LUR,LUR,2025-03-24,2025-03-25,2,Yd,1496.4854736328125,1499.5528564453125,1497.401611328125,1497.72607421875,1497.080078125
M10_YLUR_SLUR,10,LUR,LUR,2025-03-24,2025-03-25,2,TSE,1511.74169921875,1499.9312744140625,1500.7144775390625,1504.129638671875,1500.9761962890625
M10_YLUR_SLUR,10,LUR,LUR,2025-03-24,2025-03-25,2,TSEC,101.65157318115234,100.01608276367188,99.9204330444336,99.98978424072266,100.05957794189453
M10_YLUR_SLUR,10,LUR,LUR,2025-03-24,2025-03-26,3,Yd,1492.4288330078125,1499.5528564453125,1500.2764892578125,1494.65185546875,1495.7635498046875
M10_YLUR_SLUR,10,LUR,LUR,2025-03-24,2025-03-26,3,TSE,1491.3621826171875,1499.9312744140625,1500.3646240234375,1502.3419189453125,1500.633056640625
M10_YLUR_SLUR,10,LUR,LUR,2025-03-24,2025-03-26,3,TSEC,98.68621063232422,100.01608276367188,99.83465576171875,99.912353515625,100.1171875
M10_YLUR_SLUR,10,LUR,LUR,2025-03-25,2025-03-25,1,Yd,1496.4854736328125,1499.5635986328125,1497.310302734375,1492.252685546875,1497.7979736328125
M10_YLUR_SLUR,10,LUR,LUR,2025-03-25,2025-03-25,1,TSE,1511.74169921875,1499.9495849609375,1502.4820556640625,1502.877685546875,1500.2684326171875
M10_YLUR_SLUR,10,LUR,LUR,2025-03-25,2025-03-25,1,TSEC,101.65157318115234,100.01643371582031,99.9624252319336,99.97850036621094,100.04823303222656
M10_YLUR_SLUR,10,LUR,LUR,2025-03-25,2025-03-26,2,Yd,1492.4288330078125,1499.5635986328125,1500.763427734375,1495.1494140625,1496.48291015625
M10_YLUR_SLUR,10,LUR,LUR,2025-03-25,2025-03-26,2,TSE,1491.3621826171875,1499.9495849609375,1501.116943359375,1503.619384765625,1500.1546630859375
M10_YLUR_SLUR,10,LUR,LUR,2025-03-25,2025-03-26,2,TSEC,98.68621063232422,100.01643371582031,99.99047088623047,100.06880187988281,100.10932922363281
M10_YLUR_SLUR,10,LUR,LUR,2025-03-25,2025-03-27,3,Yd,1512.3890380859375,1499.5635986328125,1498.2276611328125,1495.064208984375,1496.1695556640625
M10_YLUR_SLUR,10,LUR,LUR,2025-03-25,2025-03-27,3,TSE,1510.3114013671875,1499.9495849609375,1502.143798828125,1502.443115234375,1499.5191650390625
M10_YLUR_SLUR,10,LUR,LUR,2025-03-25,2025-03-27,3,TSEC,102.01270294189453,100.01643371582031,99.8906478881836,99.98230743408203,100.14402770996094
M10_YLUR_SLUR,10,LUR,LUR,2025-03-26,2025-03-26,1,Yd,1492.4288330078125,1499.559814453125,1500.318115234375,1495.7681884765625,1497.7835693359375
M10_YLUR_SLUR,10,LUR,LUR,2025-03-26,2025-03-26,1,TSE,1491.3621826171875,1499.964111328125,1501.8128662109375,1498.901123046875,1499.796630859375
M10_YLUR_SLUR,10,LUR,LUR,2025-03-26,2025-03-26,1,TSEC,98.68621063232422,100.0184326171875,99.94134521484375,100.24185943603516,100.07012939453125
M10_YLUR_SLUR,10,LUR,LUR,2025-03-26,2025-03-27,2,Yd,1512.3890380859375,1499.559814453125,1500.1708984375,1492.23876953125,1497.7724609375
M10_YLUR_SLUR,10,LUR,LUR,2025-03-26,2025-03-27,2,TSE,1510.3114013671875,1499.964111328125,1500.2894287109375,1501.462890625,1499.203125
M10_YLUR_SLUR,10,LUR,LUR,2025-03-26,2025-03-27,2,TSEC,102.01270294189453,100.0184326171875,99.91143035888672,100.35579681396484,100.0976333618164
M10_YLUR_SLUR,10,LUR,LUR,2025-03-26,2025-03-28,3,Yd,1493.1744384765625,1499.559814453125,1500.409912109375,1494.366455078125,1499.0810546875
M10_YLUR_SLUR,10,LUR,LUR,2025-03-26,2025-03-28,3,TSE,1507.26171875,1499.964111328125,1500.264404296875,1501.7725830078125,1498.820068359375
M10_YLUR_SLUR,10,LUR,LUR,2025-03-26,2025-03-28,3,TSEC,97.94666290283203,100.0184326171875,99.9210433959961,100.20967102050781,100.09542083740234
M10_YLUR_SLUR,10,LUR,LUR,2025-03-27,2025-03-27,1,Yd,1512.3890380859375,1499.5511474609375,1499.1510009765625,1496.9193115234375,1498.34912109375
M10_YLUR_SLUR,10,LUR,LUR,2025-03-27,2025-03-27,1,TSE,1510.3114013671875,1499.9537353515625,1501.2945556640625,1492.876708984375,1499.1875
M10_YLUR_SLUR,10,LUR,LUR,2025-03-27,2025-03-27,1,TSEC,102.01270294189453,100.01681518554688,99.78227233886719,100.3348159790039,100.07744598388672
M10_YLUR_SLUR,10,LUR,LUR,2025-03-27,2025-03-28,2,Yd,1493.1744384765625,1499.5511474609375,1499.486572265625,1496.8048095703125,1498.8975830078125
M10_YLUR_SLUR,10,LUR,LUR,2025-03-27,2025-03-28,2,TSE,1507.26171875,1499.9537353515625,1502.2874755859375,1498.5992431640625,1498.8419189453125
M10_YLUR_SLUR,10,LUR,LUR,2025-03-27,2025-03-28,2,TSEC,97.94666290283203,100.01681518554688,100.2502670288086,99.94046783447266,100.10071563720703
M10_YLUR_SLUR,10,LUR,LUR,2025-03-27,2025-03-29,3,Yd,1521.4180908203125,1499.5511474609375,1499.2462158203125,1497.7474365234375,1499.1416015625
M10_YLUR_SLUR,10,LUR,LUR,2025-03-27,2025-03-29,3,TSE,1523.0679931640625,1499.9537353515625,1501.0931396484375,1498.62939453125,1499.52685546875
M10_YLUR_SLUR,10,LUR,LUR,2025-03-27,2025-03-29,3,TSEC,98.707763671875,100.01681518554688,99.92558288574219,99.912353515625,100.09983825683594
M10_YLUR_SLUR,10,LUR,LUR,2025-03-28,2025-03-28,1,Yd,1493.1744384765625,1499.566650390625,1500.6881103515625,1500.6180419921875,1499.646240234375
M10_YLUR_SLUR,10,LUR,LUR,2025-03-28,2025-03-28,1,TSE,1507.26171875,1499.96630859375,1503.6724853515625,1498.0296630859375,1499.141357421875
M10_YLUR_SLUR,10,LUR,LUR,2025-03-28,2025-03-28,1,TSEC,97.94666290283203,100.01924896240234,100.06907653808594,100.10057067871094,100.0501937866211
M10_YLUR_SLUR,10,LUR,LUR,2025-03-28,2025-03-29,2,Yd,1521.4180908203125,1499.566650390625,1499.9599609375,1499.33740234375,1500.0704345703125
M10_YLUR_SLUR,10,LUR,LUR,2025-03-28,2025-03-29,2,TSE,1523.0679931640625,1499.96630859375,1498.8843994140625,1495.925048828125,1499.4515380859375
M10_YLUR_SLUR,10,LUR,LUR,2025-03-28,2025-03-29,2,TSEC,98.707763671875,100.01924896240234,99.84994506835938,100.0682373046875,100.03485870361328
M10_YLUR_SLUR,10,LUR,LUR,2025-03-28,2025-03-30,3,Yd,1497.140869140625,1499.566650390625,1500.6959228515625,1497.3260498046875,1499.79345703125
M10_YLUR_SLUR,10,LUR,LUR,2025-03-28,2025-03-30,3,TSE,1515.6219482421875,1499.96630859375,1500.957763671875,1502.400146484375,1500.9034423828125
M10_YLUR_SLUR,10,LUR,LUR,2025-03-28,2025-03-30,3,TSEC,100.89037322998047,100.01924896240234,99.86939239501953,99.97367095947266,99.99077606201172
M10_YLUR_SLUR,10,LUR,LUR,2025-03-29,2025-03-29,1,Yd,1521.4180908203125,1499.5589599609375,1500.110107421875,1500.59130859375,1499.60888671875
M10_YLUR_SLUR,10,LUR,LUR,2025-03-29,2025-03-29,1,TSE,1523.0679931640625,1499.9752197265625,1502.101806640625,1497.1226806640625,1499.9881591796875
M10_YLUR_SLUR,10,LUR,LUR,2025-03-29,2025-03-29,1,TSEC,98.707763671875,100.01671600341797,99.80913543701172,99.8153076171875,100.01438903808594
M10_YLUR_SLUR,10,LUR,LUR,2025-03-29,2025-03-30,2,Yd,1497.140869140625,1499.5589599609375,1500.2154541015625,1502.3668212890625,1499.3265380859375
M10_YLUR_SLUR,10,LUR,LUR,2025-03-29,2025-03-30,2,TSE,1515.6219482421875,1499.9752197265625,1502.791748046875,1502.1458740234375,1501.260009765625
M10_YLUR_SLUR,10,LUR,LUR,2025-03-29,2025-03-30,2,TSEC,100.89037322998047,100.01671600341797,99.85444641113281,99.8658447265625,99.98876953125
M10_YLUR_SLUR,10,LUR,LUR,2025-03-29,2025-03-31,3,Yd,1537.836181640625,1499.5589599609375,1500.1483154296875,1499.9146728515625,1498.4697265625
M10_YLUR_SLUR,10,LUR,LUR,2025-03-29,2025-03-31,3,TSE,1499.6927490234375,1499.9752197265625,1502.0018310546875,1502.4444580078125,1502.5960693359375
M10_YLUR_SLUR,10,LUR,LUR,2025-03-29,2025-03-31,3,TSEC,99.85493469238281,100.01671600341797,99.80136108398438,99.91206359863281,99.96685028076172
M10_YLUR_SLUR,10,LUR,LUR,2025-03-30,2025-03-30,1,Yd,1497.140869140625,1499.5858154296875,1502.984375,1497.890625,1499.572998046875
M10_YLUR_SLUR,10,LUR,LUR,2025-03-30,2025-03-30,1,TSE,1515.6219482421875,1500.00341796875,1501.862548828125,1502.8131103515625,1500.8037109375
M10_YLUR_SLUR,10,LUR,LUR,2025-03-30,2025-03-30,1,TSEC,100.89037322998047,100.01512145996094,99.8134765625,99.99557495117188,99.97238159179688
M10_YLUR_SLUR,10,LUR,LUR,2025-03-30,2025-03-31,2,Yd,1537.836181640625,1499.5858154296875,1504.2950439453125,1498.1263427734375,1499.1580810546875
M10_YLUR_SLUR,10,LUR,LUR,2025-03-30,2025-03-31,2,TSE,1499.6927490234375,1500.00341796875,1500.0635986328125,1503.2818603515625,1501.9881591796875
M10_YLUR_SLUR,10,LUR,LUR,2025-03-30,2025-03-31,2,TSEC,99.85493469238281,100.01512145996094,99.76200866699219,99.9754638671875,99.9610824584961
M10_YLUR_SLUR,10,LUR,LUR,2025-03-30,2025-04-01,3,Yd,1511.0279541015625,1499.5858154296875,1503.736328125,1495.43603515625,1498.4034423828125
M10_YLUR_SLUR,10,LUR,LUR,2025-03-30,2025-04-01,3,TSE,1500.542724609375,1500.00341796875,1501.3568115234375,1503.3031005859375,1502.248779296875
M10_YLUR_SLUR,10,LUR,LUR,2025-03-30,2025-04-01,3,TSEC,100.01232147216797,100.01512145996094,100.0472640991211,99.93384552001953,100.0107192993164
