case_id,M,yd_level,solar_level,origin_date,target_date,step,variable,true,MEAN,ARIMA,RNN,LSTM
M8_YHUR_SHUR,8,HUR,HUR,2024-12-31,2024-12-31,1,Yd,1313.985107421875,1194.1597900390625,1196.491455078125,1188.4613037109375,1195.136474609375
M8_YHUR_SHUR,8,HUR,HUR,2024-12-31,2024-12-31,1,TSE,1164.712646484375,1199.4788818359375,1181.24853515625,1192.34326171875,1190.93359375
M8_YHUR_SHUR,8,HUR,HUR,2024-12-31,2024-12-31,1,TSEC,55.610435485839844,79.63140106201172,81.02520751953125,79.00469207763672,79.86402893066406
M8_YHUR_SHUR,8,HUR,HUR,2024-12-31,2025-01-01,2,Yd,1154.3660888671875,1194.1597900390625,1179.8489990234375,1212.7919921875,1198.3463134765625
M8_YHUR_SHUR,8,HUR,HUR,2024-12-31,2025-01-01,2,TSE,1130.2890625,1199.4788818359375,1194.073486328125,1197.7581787109375,1184.7757568359375
M8_YHUR_SHUR,8,HUR,HUR,2024-12-31,2025-01-01,2,TSEC,62.049434661865234,79.63140106201172,79.37640380859375,79.8235855102539,80.16907501220703
M8_YHUR_SHUR,8,HUR,HUR,2024-12-31,2025-01-02,3,Yd,907.7130126953125,1194.1597900390625,1210.165771484375,1213.189208984375,1200.2174072265625
M8_YHUR_SHUR,8,HUR,HUR,2024-12-31,2025-01-02,3,TSE,1322.1722412109375,1199.4788818359375,1173.7518310546875,1198.201416015625,1182.9390869140625
M8_YHUR_SHUR,8,HUR,HUR,2024-12-31,2025-01-02,3,TSEC,67.81251525878906,79.63140106201172,79.44133758544922,78.73687744140625,80.21520233154297
M8_YHUR_SHUR,8,HUR,HUR,2025-01-01,2025-01-01,1,Yd,1154.3660888671875,1194.32373046875,1235.9285888671875,1189.0010986328125,1197.3426513671875
M8_YHUR_SHUR,8,HUR,HUR,2025-01-01,2025-01-01,1,TSE,1130.2890625,1199.431396484375,1192.311279296875,1181.4805908203125,1191.664794921875
M8_YHUR_SHUR,8,HUR,HUR,2025-01-01,2025-01-01,1,TSEC,62.049434661865234,79.59854125976562,80.17110443115234,79.21683502197266,79.79242706298828
M8_YHUR_SHUR,8,HUR,HUR,2025-01-01,2025-01-02,2,Yd,907.7130126953125,1194.32373046875,1198.041259765625,1215.6163330078125,1198.95654296875
M8_YHUR_SHUR,8,HUR,HUR,2025-01-01,2025-01-02,2,TSE,1322.1722412109375,1199.431396484375,1175.7757568359375,1210.6002197265625,1189.107421875
M8_YHUR_SHUR,8,HUR,HUR,2025-01-01,2025-01-02,2,TSEC,67.81251525878906,79.59854125976562,79.44200897216797,79.72676086425781,79.87458038330078
M8_YHUR_SHUR,8,HUR,HUR,2025-01-01,2025-01-03,3,Yd,1132.248779296875,1194.32373046875,1167.7833251953125,1186.713134765625,1196.445068359375
M8_YHUR_SHUR,8,HUR,HUR,2025-01-01,2025-01-03,3,TSE,882.1376342773438,1199.431396484375,1184.5972900390625,1221.3487548828125,1191.23388671875
M8_YHUR_SHUR,8,HUR,HUR,2025-01-01,2025-01-03,3,TSEC,90.57478332519531,79.59854125976562,79.94337463378906,78.99053955078125,79.71118927001953
M8_YHUR_SHUR,8,HUR,HUR,2025-01-02,2025-01-02,1,Yd,907.7130126953125,1194.2691650390625,1202.121337890625,1180.52294921875,1196.03955078125
M8_YHUR_SHUR,8,HUR,HUR,2025-01-02,2025-01-02,1,TSE,1322.1722412109375,1199.3369140625,1176.765625,1234.3349609375,1194.2373046875
M8_YHUR_SHUR,8,HUR,HUR,2025-01-02,2025-01-02,1,TSEC,67.81251525878906,79.5745620727539,79.11166381835938,78.14437103271484,79.56864929199219
M8_YHUR_SHUR,8,HUR,HUR,2025-01-02,2025-01-03,2,Yd,1132.248779296875,1194.2691650390625,1180.476806640625,1203.493896484375,1194.7734375
M8_YHUR_SHUR,8,HUR,HUR,2025-01-02,2025-01-03,2,TSE,882.1376342773438,1199.3369140625,1182.6097412109375,1230.6932373046875,1195.3560791015625
M8_YHUR_SHUR,8,HUR,HUR,2025-01-02,2025-01-03,2,TSEC,90.57478332519531,79.5745620727539,80.21876525878906,78.80526733398438,79.35603332519531
M8_YHUR_SHUR,8,HUR,HUR,2025-01-02,2025-01-04,3,Yd,1308.4495849609375,1194.2691650390625,1208.9830322265625,1188.7520751953125,1194.39794921875
M8_YHUR_SHUR,8,HUR,HUR,2025-01-02,2025-01-04,3,TSE,1193.13037109375,1199.3369140625,1196.0955810546875,1237.6146240234375,1200.586669921875
M8_YHUR_SHUR,8,HUR,HUR,2025-01-02,2025-01-04,3,TSEC,83.86347198486328,79.5745620727539,79.47773742675781,78.6762924194336,78.99529266357422
M8_YHUR_SHUR,8,HUR,HUR,2025-01-03,2025-01-03,1,Yd,1132.248779296875,1193.8782958984375,1168.3319091796875,1176.927001953125,1194.32568359375
M8_YHUR_SHUR,8,HUR,HUR,2025-01-03,2025-01-03,1,TSE,882.1376342773438,1199.50439453125,1175.1978759765625,1189.6529541015625,1200.7164306640625
M8_YHUR_SHUR,8,HUR,HUR,2025-01-03,2025-01-03,1,TSEC,90.57478332519531,79.55851745605469,80.32492065429688,79.02628326416016,79.08033752441406
M8_YHUR_SHUR,8,HUR,HUR,2025-01-03,2025-01-04,2,Yd,1308.4495849609375,1193.8782958984375,1204.249267578125,1175.9193115234375,1194.2646484375
M8_YHUR_SHUR,8,HUR,HUR,2025-01-03,2025-01-04,2,TSE,1193.13037109375,1199.50439453125,1199.218505859375,1219.2711181640625,1206.2803955078125
M8_YHUR_SHUR,8,HUR,HUR,2025-01-03,2025-01-04,2,TSEC,83.86347198486328,79.55851745605469,78.24266815185547,81.45690155029297,78.61825561523438
M8_YHUR_SHUR,8,HUR,HUR,2025-01-03,2025-01-05,3,Yd,1291.035888671875,1193.8782958984375,1173.042236328125,1188.3055419921875,1193.0189208984375
M8_YHUR_SHUR,8,HUR,HUR,2025-01-03,2025-01-05,3,TSE,1307.182861328125,1199.50439453125,1196.9835205078125,1200.614013671875,1208.8709716796875
M8_YHUR_SHUR,8,HUR,HUR,2025-01-03,2025-01-05,3,TSEC,69.62723541259766,79.55851745605469,79.48159790039062,79.83567810058594,78.39899444580078
M8_YHUR_SHUR,8,HUR,HUR,2025-01-04,2025-01-04,1,Yd,1308.4495849609375,1193.7943115234375,1203.6346435546875,1192.05908203125,1194.8712158203125
M8_YHUR_SHUR,8,HUR,HUR,2025-01-04,2025-01-04,1,TSE,1193.13037109375,1199.072021484375,1214.845458984375,1200.7266845703125,1200.60205078125
M8_YHUR_SHUR,8,HUR,HUR,2025-01-04,2025-01-04,1,TSEC,83.86347198486328,79.57352447509766,79.96088409423828,77.71922302246094,78.99178314208984
M8_YHUR_SHUR,8,HUR,HUR,2025-01-04,2025-01-05,2,Yd,1291.035888671875,1193.7943115234375,1174.8271484375,1181.94287109375,1194.7879638671875
M8_YHUR_SHUR,8,HUR,HUR,2025-01-04,2025-01-05,2,TSE,1307.182861328125,1199.072021484375,1189.774169921875,1192.5830078125,1201.17431640625
M8_YHUR_SHUR,8,HUR,HUR,2025-01-04,2025-01-05,2,TSEC,69.62723541259766,79.57352447509766,79.53007507324219,77.49800109863281,78.74046325683594
M8_YHUR_SHUR,8,HUR,HUR,2025-01-04,2025-01-06,3,Yd,1171.1995849609375,1193.7943115234375,1188.9752197265625,1203.334716796875,1194.2506103515625
M8_YHUR_SHUR,8,HUR,HUR,2025-01-04,2025-01-06,3,TSE,1158.2938232421875,1199.072021484375,1185.7882080078125,1196.9295654296875,1197.5086669921875
M8_YHUR_SHUR,8,HUR,HUR,2025-01-04,2025-01-06,3,TSEC,81.48100280761719,79.57352447509766,79.85954284667969,77.99781799316406,78.86881256103516
M8_YHUR_SHUR,8,HUR,HUR,2025-01-05,2025-01-05,1,Yd,1291.035888671875,1193.9503173828125,1173.8026123046875,1175.407470703125,1194.5958251953125
M8_YHUR_SHUR,8,HUR,HUR,2025-01-05,2025-01-05,1,TSE,1307.182861328125,1199.06396484375,1190.9725341796875,1188.3736572265625,1197.9207763671875
M8_YHUR_SHUR,8,HUR,HUR,2025-01-05,2025-01-05,1,TSEC,69.62723541259766,79.5793685913086,80.8487777709961,80.33088684082031,79.16819763183594
M8_YHUR_SHUR,8,HUR,HUR,2025-01-05,2025-01-06,2,Yd,1171.1995849609375,1193.9503173828125,1189.4012451171875,1161.122802734375,1194.96240234375
M8_YHUR_SHUR,8,HUR,HUR,2025-01-05,2025-01-06,2,TSE,1158.2938232421875,1199.06396484375,1184.9447021484375,1169.5528564453125,1193.6376953125
M8_YHUR_SHUR,8,HUR,HUR,2025-01-05,2025-01-06,2,TSEC,81.48100280761719,79.5793685913086,79.85260009765625,79.91900634765625,79.23450469970703
M8_YHUR_SHUR,8,HUR,HUR,2025-01-05,2025-01-07,3,Yd,1080.9951171875,1193.9503173828125,1205.1676025390625,1192.0123291015625,1195.6231689453125
M8_YHUR_SHUR,8,HUR,HUR,2025-01-05,2025-01-07,3,TSE,1189.1070556640625,1199.06396484375,1177.2896728515625,1203.2919921875,1188.173583984375
M8_YHUR_SHUR,8,HUR,HUR,2025-01-05,2025-01-07,3,TSEC,99.66590881347656,79.5793685913086,78.32634735107422,80.46446990966797,79.56732177734375
M8_YHUR_SHUR,8,HUR,HUR,2025-01-06,2025-01-06,1,Yd,1171.1995849609375,1194.0821533203125,1190.1005859375,1198.79052734375,1195.076416015625
M8_YHUR_SHUR,8,HUR,HUR,2025-01-06,2025-01-06,1,TSE,1158.2938232421875,1199.2109375,1178.5140380859375,1156.536376953125,1195.272705078125
M8_YHUR_SHUR,8,HUR,HUR,2025-01-06,2025-01-06,1,TSEC,81.48100280761719,79.56584167480469,80.09449768066406,78.1070556640625,79.52971649169922
M8_YHUR_SHUR,8,HUR,HUR,2025-01-06,2025-01-07,2,Yd,1080.9951171875,1194.0821533203125,1203.7056884765625,1202.9788818359375,1196.1839599609375
M8_YHUR_SHUR,8,HUR,HUR,2025-01-06,2025-01-07,2,TSE,1189.1070556640625,1199.2109375,1180.3311767578125,1169.4820556640625,1190.6336669921875
M8_YHUR_SHUR,8,HUR,HUR,2025-01-06,2025-01-07,2,TSEC,99.66590881347656,79.56584167480469,78.06380462646484,79.70892333984375,79.84480285644531
M8_YHUR_SHUR,8,HUR,HUR,2025-01-06,2025-01-08,3,Yd,1157.8330078125,1194.0821533203125,1235.1939697265625,1218.157958984375,1198.3193359375
M8_YHUR_SHUR,8,HUR,HUR,2025-01-06,2025-01-08,3,TSE,1311.762939453125,1199.2109375,1189.65771484375,1158.8416748046875,1186.8438720703125
M8_YHUR_SHUR,8,HUR,HUR,2025-01-06,2025-01-08,3,TSEC,86.16015625,79.56584167480469,79.21890258789062,79.01960754394531,80.06257629394531
M8_YHUR_SHUR,8,HUR,HUR,2025-01-07,2025-01-07,1,Yd,1080.9951171875,1194.0511474609375,1196.1517333984375,1190.7781982421875,1195.0518798828125
M8_YHUR_SHUR,8,HUR,HUR,2025-01-07,2025-01-07,1,TSE,1189.1070556640625,1199.1553955078125,1181.1636962890625,1203.503173828125,1192.921630859375
M8_YHUR_SHUR,8,HUR,HUR,2025-01-07,2025-01-07,1,TSEC,99.66590881347656,79.56843566894531,78.1065902709961,79.24919128417969,79.74836730957031
M8_YHUR_SHUR,8,HUR,HUR,2025-01-07,2025-01-08,2,Yd,1157.8330078125,1194.0511474609375,1180.0718994140625,1198.6156005859375,1198.1583251953125
M8_YHUR_SHUR,8,HUR,HUR,2025-01-07,2025-01-08,2,TSE,1311.762939453125,1199.1553955078125,1189.4893798828125,1191.84619140625,1188.2215576171875
M8_YHUR_SHUR,8,HUR,HUR,2025-01-07,2025-01-08,2,TSEC,86.16015625,79.56843566894531,79.26038360595703,79.83815002441406,79.973388671875
M8_YHUR_SHUR,8,HUR,HUR,2025-01-07,2025-01-09,3,Yd,1200.8209228515625,1194.0511474609375,1206.5174560546875,1192.2177734375,1199.1790771484375
M8_YHUR_SHUR,8,HUR,HUR,2025-01-07,2025-01-09,3,TSE,1142.322021484375,1199.1553955078125,1176.1630859375,1193.7239990234375,1187.975830078125
M8_YHUR_SHUR,8,HUR,HUR,2025-01-07,2025-01-09,3,TSEC,90.7755126953125,79.56843566894531,79.82767486572266,79.82649993896484,79.94937896728516
M8_YHUR_SHUR,8,HUR,HUR,2025-01-08,2025-01-08,1,Yd,1157.8330078125,1193.89794921875,1226.5902099609375,1189.94287109375,1195.81298828125
M8_YHUR_SHUR,8,HUR,HUR,2025-01-08,2025-01-08,1,TSE,1311.762939453125,1199.1417236328125,1188.9327392578125,1197.931884765625,1191.8409423828125
M8_YHUR_SHUR,8,HUR,HUR,2025-01-08,2025-01-08,1,TSEC,86.16015625,79.59566497802734,79.00049591064453,79.96548461914062,79.72021484375
M8_YHUR_SHUR,8,HUR,HUR,2025-01-08,2025-01-09,2,Yd,1200.8209228515625,1193.89794921875,1209.640869140625,1197.050537109375,1197.9141845703125
M8_YHUR_SHUR,8,HUR,HUR,2025-01-08,2025-01-09,2,TSE,1142.322021484375,1199.1417236328125,1176.3743896484375,1191.26416015625,1190.3089599609375
M8_YHUR_SHUR,8,HUR,HUR,2025-01-08,2025-01-09,2,TSEC,90.7755126953125,79.59566497802734,80.34968566894531,79.8175277709961,79.71319580078125
M8_YHUR_SHUR,8,HUR,HUR,2025-01-08,2025-01-10,3,Yd,1265.66015625,1193.89794921875,1176.841796875,1198.6029052734375,1199.1251220703125
M8_YHUR_SHUR,8,HUR,HUR,2025-01-08,2025-01-10,3,TSE,1395.00634765625,1199.1417236328125,1177.2850341796875,1179.3470458984375,1196.3580322265625
M8_YHUR_SHUR,8,HUR,HUR,2025-01-08,2025-01-10,3,TSEC,82.64354705810547,79.59566497802734,79.8351058959961,79.01976013183594,79.40851593017578
M8_YHUR_SHUR,8,HUR,HUR,2025-01-09,2025-01-09,1,Yd,1200.8209228515625,1193.84912109375,1207.941650390625,1186.523681640625,1195.73876953125
M8_YHUR_SHUR,8,HUR,HUR,2025-01-09,2025-01-09,1,TSE,1142.322021484375,1199.294189453125,1169.638671875,1199.990478515625,1195.8006591796875
M8_YHUR_SHUR,8,HUR,HUR,2025-01-09,2025-01-09,1,TSEC,90.7755126953125,79.60455322265625,80.19490814208984,79.85545349121094,79.41874694824219
M8_YHUR_SHUR,8,HUR,HUR,2025-01-09,2025-01-10,2,Yd,1265.66015625,1193.84912109375,1217.508056640625,1191.193603515625,1197.4359130859375
M8_YHUR_SHUR,8,HUR,HUR,2025-01-09,2025-01-10,2,TSE,1395.00634765625,1199.294189453125,1179.6011962890625,1209.8939208984375,1201.2056884765625
M8_YHUR_SHUR,8,HUR,HUR,2025-01-09,2025-01-10,2,TSEC,82.64354705810547,79.60455322265625,79.72217559814453,80.39579772949219,79.10657501220703
M8_YHUR_SHUR,8,HUR,HUR,2025-01-09,2025-01-11,3,Yd,1037.2138671875,1193.84912109375,1190.66748046875,1173.3399658203125,1199.3724365234375
M8_YHUR_SHUR,8,HUR,HUR,2025-01-09,2025-01-11,3,TSE,1417.8447265625,1199.294189453125,1191.9913330078125,1192.741943359375,1208.0233154296875
M8_YHUR_SHUR,8,HUR,HUR,2025-01-09,2025-01-11,3,TSEC,68.12777709960938,79.60455322265625,80.14381408691406,79.17821502685547,78.69141387939453
M8_YHUR_SHUR,8,HUR,HUR,2025-01-10,2025-01-10,1,Yd,1265.66015625,1193.858642578125,1175.9857177734375,1192.76123046875,1195.4654541015625
M8_YHUR_SHUR,8,HUR,HUR,2025-01-10,2025-01-10,1,TSE,1395.00634765625,1199.21728515625,1181.353515625,1221.75634765625,1200.5902099609375
M8_YHUR_SHUR,8,HUR,HUR,2025-01-10,2025-01-10,1,TSEC,82.64354705810547,79.61964416503906,80.26810455322266,79.45721435546875,79.1314926147461
M8_YHUR_SHUR,8,HUR,HUR,2025-01-10,2025-01-11,2,Yd,1037.2138671875,1193.858642578125,1197.5693359375,1171.4296875,1197.5509033203125
M8_YHUR_SHUR,8,HUR,HUR,2025-01-10,2025-01-11,2,TSE,1417.8447265625,1199.21728515625,1191.8084716796875,1209.3935546875,1206.000732421875
M8_YHUR_SHUR,8,HUR,HUR,2025-01-10,2025-01-11,2,TSEC,68.12777709960938,79.61964416503906,79.13736724853516,78.20057678222656,78.72232818603516
M8_YHUR_SHUR,8,HUR,HUR,2025-01-10,2025-01-12,3,Yd,1324.1092529296875,1193.858642578125,1173.5911865234375,1149.49169921875,1199.0074462890625
M8_YHUR_SHUR,8,HUR,HUR,2025-01-10,2025-01-12,3,TSE,1270.5130615234375,1199.21728515625,1202.7747802734375,1213.8629150390625,1207.7191162109375
M8_YHUR_SHUR,8,HUR,HUR,2025-01-10,2025-01-12,3,TSEC,83.96705627441406,79.61964416503906,79.33349609375,78.42251586914062,78.52670288085938
M8_YHUR_SHUR,8,HUR,HUR,2025-01-11,2025-01-11,1,Yd,1037.2138671875,1193.9554443359375,1199.86376953125,1177.59375,1196.5323486328125
M8_YHUR_SHUR,8,HUR,HUR,2025-01-11,2025-01-11,1,TSE,1417.8447265625,1199.4814453125,1180.0947265625,1228.3629150390625,1203.3287353515625
M8_YHUR_SHUR,8,HUR,HUR,2025-01-11,2025-01-11,1,TSEC,68.12777709960938,79.62372589111328,80.9168701171875,79.05964660644531,78.9905014038086
M8_YHUR_SHUR,8,HUR,HUR,2025-01-11,2025-01-12,2,Yd,1324.1092529296875,1193.9554443359375,1175.513671875,1141.7066650390625,1198.7845458984375
M8_YHUR_SHUR,8,HUR,HUR,2025-01-11,2025-01-12,2,TSE,1270.5130615234375,1199.4814453125,1207.8179931640625,1226.949462890625,1205.3272705078125
M8_YHUR_SHUR,8,HUR,HUR,2025-01-11,2025-01-12,2,TSEC,83.96705627441406,79.62372589111328,79.11225128173828,79.95468139648438,78.7176742553711
M8_YHUR_SHUR,8,HUR,HUR,2025-01-11,2025-01-13,3,Yd,1178.22216796875,1193.9554443359375,1192.189453125,1157.0831298828125,1199.866943359375
M8_YHUR_SHUR,8,HUR,HUR,2025-01-11,2025-01-13,3,TSE,1201.2684326171875,1199.4814453125,1170.0050048828125,1228.90234375,1202.4267578125
M8_YHUR_SHUR,8,HUR,HUR,2025-01-11,2025-01-13,3,TSEC,78.25950622558594,79.62372589111328,80.43791961669922,77.73442077636719,78.82312774658203
M8_YHUR_SHUR,8,HUR,HUR,2025-01-12,2025-01-12,1,Yd,1324.1092529296875,1193.744140625,1169.08447265625,1185.5791015625,1196.8775634765625
M8_YHUR_SHUR,8,HUR,HUR,2025-01-12,2025-01-12,1,TSE,1270.5130615234375,1199.775634765625,1195.934814453125,1204.822998046875,1201.9920654296875
M8_YHUR_SHUR,8,HUR,HUR,2025-01-12,2025-01-12,1,TSEC,83.96705627441406,79.60823822021484,79.39354705810547,78.1817398071289,79.08164978027344
M8_YHUR_SHUR,8,HUR,HUR,2025-01-12,2025-01-13,2,Yd,1178.22216796875,1193.744140625,1189.029052734375,1174.3743896484375,1198.759521484375
M8_YHUR_SHUR,8,HUR,HUR,2025-01-12,2025-01-13,2,TSE,1201.2684326171875,1199.775634765625,1176.397216796875,1189.279052734375,1200.6796875
M8_YHUR_SHUR,8,HUR,HUR,2025-01-12,2025-01-13,2,TSEC,78.25950622558594,79.60823822021484,80.0438232421875,79.81605529785156,79.078369140625
M8_YHUR_SHUR,8,HUR,HUR,2025-01-12,2025-01-14,3,Yd,1167.95556640625,1193.744140625,1200.6141357421875,1192.329833984375,1199.69140625
M8_YHUR_SHUR,8,HUR,HUR,2025-01-12,2025-01-14,3,TSE,1057.0662841796875,1199.775634765625,1179.7706298828125,1200.870361328125,1196.0087890625
M8_YHUR_SHUR,8,HUR,HUR,2025-01-12,2025-01-14,3,TSEC,73.42528533935547,79.60823822021484,81.79150390625,79.22000122070312,79.37943267822266
M8_YHUR_SHUR,8,HUR,HUR,2025-01-13,2025-01-13,1,Yd,1178.22216796875,1193.919677734375,1192.228759765625,1193.1927490234375,1196.1617431640625
M8_YHUR_SHUR,8,HUR,HUR,2025-01-13,2025-01-13,1,TSE,1201.2684326171875,1199.8709716796875,1173.79638671875,1189.833251953125,1196.027587890625
M8_YHUR_SHUR,8,HUR,HUR,2025-01-13,2025-01-13,1,TSEC,78.25950622558594,79.61409759521484,79.9281234741211,78.7959976196289,79.50504302978516
M8_YHUR_SHUR,8,HUR,HUR,2025-01-13,2025-01-14,2,Yd,1167.95556640625,1193.919677734375,1201.888671875,1193.6378173828125,1197.471923828125
M8_YHUR_SHUR,8,HUR,HUR,2025-01-13,2025-01-14,2,TSE,1057.0662841796875,1199.8709716796875,1181.745849609375,1162.750244140625,1192.269775390625
M8_YHUR_SHUR,8,HUR,HUR,2025-01-13,2025-01-14,2,TSEC,73.42528533935547,79.61409759521484,82.03551483154297,80.15541076660156,79.74612426757812
M8_YHUR_SHUR,8,HUR,HUR,2025-01-13,2025-01-15,3,Yd,1306.705322265625,1193.919677734375,1227.601806640625,1209.33544921875,1200.7142333984375
M8_YHUR_SHUR,8,HUR,HUR,2025-01-13,2025-01-15,3,TSE,1246.08935546875,1199.8709716796875,1191.4974365234375,1190.0721435546875,1190.42626953125
M8_YHUR_SHUR,8,HUR,HUR,2025-01-13,2025-01-15,3,TSEC,95.42041778564453,79.61409759521484,80.64189910888672,79.45484161376953,79.88438415527344
M8_YHUR_SHUR,8,HUR,HUR,2025-01-14,2025-01-14,1,Yd,1167.95556640625,1193.8985595703125,1202.2847900390625,1170.2939453125,1195.057861328125
M8_YHUR_SHUR,8,HUR,HUR,2025-01-14,2025-01-14,1,TSE,1057.0662841796875,1199.872802734375,1180.6300048828125,1224.6341552734375,1194.5623779296875
M8_YHUR_SHUR,8,HUR,HUR,2025-01-14,2025-01-14,1,TSEC,73.42528533935547,79.6122817993164,80.33415985107422,79.56217956542969,79.73285675048828
M8_YHUR_SHUR,8,HUR,HUR,2025-01-14,2025-01-15,2,Yd,1306.705322265625,1193.8985595703125,1228.3602294921875,1214.42822265625,1198.458251953125
M8_YHUR_SHUR,8,HUR,HUR,2025-01-14,2025-01-15,2,TSE,1246.08935546875,1199.872802734375,1192.2181396484375,1184.950927734375,1192.2481689453125
M8_YHUR_SHUR,8,HUR,HUR,2025-01-14,2025-01-15,2,TSEC,95.42041778564453,79.6122817993164,79.55171203613281,79.9451675415039,79.90396118164062
M8_YHUR_SHUR,8,HUR,HUR,2025-01-14,2025-01-16,3,Yd,1254.95703125,1193.8985595703125,1206.764404296875,1200.57373046875,1200.735107421875
M8_YHUR_SHUR,8,HUR,HUR,2025-01-14,2025-01-16,3,TSE,1264.8841552734375,1199.872802734375,1176.1727294921875,1184.077392578125,1193.473388671875
M8_YHUR_SHUR,8,HUR,HUR,2025-01-14,2025-01-16,3,TSEC,90.14356231689453,79.6122817993164,80.22451782226562,79.63577270507812,79.9326400756836
M8_YHUR_SHUR,8,HUR,HUR,2025-01-15,2025-01-15,1,Yd,1306.705322265625,1193.86376953125,1227.8179931640625,1195.9564208984375,1195.8934326171875
M8_YHUR_SHUR,8,HUR,HUR,2025-01-15,2025-01-15,1,TSE,1246.08935546875,1199.68115234375,1197.786376953125,1200.367431640625,1194.7296142578125
M8_YHUR_SHUR,8,HUR,HUR,2025-01-15,2025-01-15,1,TSEC,95.42041778564453,79.60397338867188,79.9216079711914,80.32501220703125,79.70269775390625
M8_YHUR_SHUR,8,HUR,HUR,2025-01-15,2025-01-16,2,Yd,1254.95703125,1193.86376953125,1206.357666015625,1212.904296875,1196.7779541015625
M8_YHUR_SHUR,8,HUR,HUR,2025-01-15,2025-01-16,2,TSE,1264.8841552734375,1199.68115234375,1173.2060546875,1201.69140625,1193.2781982421875
M8_YHUR_SHUR,8,HUR,HUR,2025-01-15,2025-01-16,2,TSEC,90.14356231689453,79.60397338867188,79.73016357421875,80.762939453125,79.80992889404297
M8_YHUR_SHUR,8,HUR,HUR,2025-01-15,2025-01-17,3,Yd,1218.0264892578125,1193.86376953125,1171.9876708984375,1211.7611083984375,1196.5006103515625
M8_YHUR_SHUR,8,HUR,HUR,2025-01-15,2025-01-17,3,TSE,1130.634521484375,1199.68115234375,1184.2364501953125,1191.283203125,1199.4339599609375
M8_YHUR_SHUR,8,HUR,HUR,2025-01-15,2025-01-17,3,TSEC,77.25936126708984,79.60397338867188,79.53285217285156,79.94349670410156,79.6372299194336
M8_YHUR_SHUR,8,HUR,HUR,2025-01-16,2025-01-16,1,Yd,1254.95703125,1194.0150146484375,1208.1585693359375,1195.6639404296875,1195.4239501953125
M8_YHUR_SHUR,8,HUR,HUR,2025-01-16,2025-01-16,1,TSE,1264.8841552734375,1199.7432861328125,1170.81494140625,1210.65771484375,1195.708740234375
M8_YHUR_SHUR,8,HUR,HUR,2025-01-16,2025-01-16,1,TSEC,90.14356231689453,79.62517547607422,80.08827209472656,78.9712905883789,79.53521728515625
M8_YHUR_SHUR,8,HUR,HUR,2025-01-16,2025-01-17,2,Yd,1218.0264892578125,1194.0150146484375,1216.7720947265625,1186.866455078125,1197.144287109375
M8_YHUR_SHUR,8,HUR,HUR,2025-01-16,2025-01-17,2,TSE,1130.634521484375,1199.7432861328125,1185.31103515625,1202.7169189453125,1200.8017578125
M8_YHUR_SHUR,8,HUR,HUR,2025-01-16,2025-01-17,2,TSEC,77.25936126708984,79.62517547607422,80.51850128173828,79.88957214355469,79.33660888671875
M8_YHUR_SHUR,8,HUR,HUR,2025-01-16,2025-01-18,3,Yd,1248.5479736328125,1194.0150146484375,1189.327392578125,1173.7100830078125,1198.7042236328125
M8_YHUR_SHUR,8,HUR,HUR,2025-01-16,2025-01-18,3,TSE,1011.7994384765625,1199.7432861328125,1197.7392578125,1198.1337890625,1206.960693359375
M8_YHUR_SHUR,8,HUR,HUR,2025-01-16,2025-01-18,3,TSEC,79.3994140625,79.62517547607422,78.9929428100586,78.7651596069336,78.9754867553711
M8_YHUR_SHUR,8,HUR,HUR,2025-01-17,2025-01-17,1,Yd,1218.0264892578125,1194.0965576171875,1175.1036376953125,1187.5438232421875,1195.5267333984375
M8_YHUR_SHUR,8,HUR,HUR,2025-01-17,2025-01-17,1,TSE,1130.634521484375,1199.8304443359375,1180.9228515625,1218.013427734375,1201.284912109375
M8_YHUR_SHUR,8,HUR,HUR,2025-01-17,2025-01-17,1,TSEC,77.25936126708984,79.6392593383789,80.25959777832031,80.09870147705078,79.22074890136719
M8_YHUR_SHUR,8,HUR,HUR,2025-01-17,2025-01-18,2,Yd,1248.5479736328125,1194.0965576171875,1206.5440673828125,1167.0618896484375,1198.1634521484375
M8_YHUR_SHUR,8,HUR,HUR,2025-01-17,2025-01-18,2,TSE,1011.7994384765625,1199.8304443359375,1199.3802490234375,1226.8895263671875,1206.33984375
M8_YHUR_SHUR,8,HUR,HUR,2025-01-17,2025-01-18,2,TSEC,79.3994140625,79.6392593383789,79.8453369140625,79.49093627929688,78.86175537109375
M8_YHUR_SHUR,8,HUR,HUR,2025-01-17,2025-01-19,3,Yd,1338.9603271484375,1194.0965576171875,1173.8582763671875,1160.20703125,1199.2918701171875
M8_YHUR_SHUR,8,HUR,HUR,2025-01-17,2025-01-19,3,TSE,1214.7457275390625,1199.8304443359375,1203.2396240234375,1235.552734375,1207.8275146484375
M8_YHUR_SHUR,8,HUR,HUR,2025-01-17,2025-01-19,3,TSEC,76.06849670410156,79.6392593383789,80.20816040039062,78.7403564453125,78.6801986694336
M8_YHUR_SHUR,8,HUR,HUR,2025-01-18,2025-01-18,1,Yd,1248.5479736328125,1194.1285400390625,1208.9140625,1167.490966796875,1195.220458984375
M8_YHUR_SHUR,8,HUR,HUR,2025-01-18,2025-01-18,1,TSE,1011.7994384765625,1199.7379150390625,1193.7965087890625,1220.496337890625,1202.6448974609375
M8_YHUR_SHUR,8,HUR,HUR,2025-01-18,2025-01-18,1,TSEC,79.3994140625,79.63607788085938,79.32752990722656,78.8246078491211,79.10059356689453
M8_YHUR_SHUR,8,HUR,HUR,2025-01-18,2025-01-19,2,Yd,1338.9603271484375,1194.1285400390625,1165.317626953125,1145.357666015625,1196.0360107421875
M8_YHUR_SHUR,8,HUR,HUR,2025-01-18,2025-01-19,2,TSE,1214.7457275390625,1199.7379150390625,1198.769775390625,1164.0360107421875,1204.1939697265625
M8_YHUR_SHUR,8,HUR,HUR,2025-01-18,2025-01-19,2,TSEC,76.06849670410156,79.63607788085938,80.79586791992188,79.44905090332031,78.8886489868164
M8_YHUR_SHUR,8,HUR,HUR,2025-01-18,2025-01-20,3,Yd,1247.0521240234375,1194.1285400390625,1192.9808349609375,1159.7271728515625,1195.2259521484375
M8_YHUR_SHUR,8,HUR,HUR,2025-01-18,2025-01-20,3,TSE,1084.8853759765625,1199.7379150390625,1177.517822265625,1199.0914306640625,1200.96630859375
M8_YHUR_SHUR,8,HUR,HUR,2025-01-18,2025-01-20,3,TSEC,80.7667007446289,79.63607788085938,79.95063018798828,79.25983428955078,79.02574920654297
M8_YHUR_SHUR,8,HUR,HUR,2025-01-19,2025-01-19,1,Yd,1338.9603271484375,1194.201171875,1163.662841796875,1173.816650390625,1193.3858642578125
M8_YHUR_SHUR,8,HUR,HUR,2025-01-19,2025-01-19,1,TSE,1214.7457275390625,1199.487060546875,1208.8240966796875,1240.3265380859375,1199.2060546875
M8_YHUR_SHUR,8,HUR,HUR,2025-01-19,2025-01-19,1,TSEC,76.06849670410156,79.63575744628906,79.92524719238281,77.5986099243164,79.26765441894531
M8_YHUR_SHUR,8,HUR,HUR,2025-01-19,2025-01-20,2,Yd,1247.0521240234375,1194.201171875,1191.998046875,1166.9251708984375,1192.1727294921875
M8_YHUR_SHUR,8,HUR,HUR,2025-01-19,2025-01-20,2,TSE,1084.8853759765625,1199.487060546875,1173.15625,1196.6162109375,1196.2337646484375
M8_YHUR_SHUR,8,HUR,HUR,2025-01-19,2025-01-20,2,TSEC,80.7667007446289,79.63575744628906,79.87794494628906,79.25904083251953,79.4236831665039
M8_YHUR_SHUR,8,HUR,HUR,2025-01-19,2025-01-21,3,Yd,1310.1915283203125,1194.201171875,1210.566650390625,1181.649658203125,1190.776611328125
M8_YHUR_SHUR,8,HUR,HUR,2025-01-19,2025-01-21,3,TSE,1352.02587890625,1199.487060546875,1180.2696533203125,1203.2757568359375,1191.021728515625
M8_YHUR_SHUR,8,HUR,HUR,2025-01-19,2025-01-21,3,TSEC,96.86627197265625,79.63575744628906,80.0046615600586,79.63047790527344,79.85842895507812
M8_YHUR_SHUR,8,HUR,HUR,2025-01-20,2025-01-20,1,Yd,1247.0521240234375,1194.3941650390625,1195.2930908203125,1179.66259765625,1192.323974609375
M8_YHUR_SHUR,8,HUR,HUR,2025-01-20,2025-01-20,1,TSE,1084.8853759765625,1199.5074462890625,1175.49560546875,1193.772705078125,1195.56103515625
M8_YHUR_SHUR,8,HUR,HUR,2025-01-20,2025-01-20,1,TSEC,80.7667007446289,79.6310043334961,80.06689453125,78.28260803222656,79.6491470336914
M8_YHUR_SHUR,8,HUR,HUR,2025-01-20,2025-01-21,2,Yd,1310.1915283203125,1194.3941650390625,1211.0718994140625,1200.2587890625,1191.36572265625
M8_YHUR_SHUR,8,HUR,HUR,2025-01-20,2025-01-21,2,TSE,1352.02587890625,1199.5074462890625,1183.31494140625,1184.6993408203125,1192.26806640625
M8_YHUR_SHUR,8,HUR,HUR,2025-01-20,2025-01-21,2,TSEC,96.86627197265625,79.6310043334961,78.9906997680664,78.74201202392578,80.01441955566406
M8_YHUR_SHUR,8,HUR,HUR,2025-01-20,2025-01-22,3,Yd,1281.3841552734375,1194.3941650390625,1229.2076416015625,1185.674560546875,1193.7337646484375
M8_YHUR_SHUR,8,HUR,HUR,2025-01-20,2025-01-22,3,TSE,1177.2872314453125,1199.5074462890625,1191.651123046875,1191.6624755859375,1189.8468017578125
M8_YHUR_SHUR,8,HUR,HUR,2025-01-20,2025-01-22,3,TSEC,63.37814712524414,79.6310043334961,80.3463363647461,77.87067413330078,80.22988891601562
M8_YHUR_SHUR,8,HUR,HUR,2025-01-21,2025-01-21,1,Yd,1310.1915283203125,1194.46435546875,1212.783935546875,1165.4073486328125,1192.6346435546875
M8_YHUR_SHUR,8,HUR,HUR,2025-01-21,2025-01-21,1,TSE,1352.02587890625,1199.354736328125,1187.61865234375,1229.25439453125,1194.267822265625
M8_YHUR_SHUR,8,HUR,HUR,2025-01-21,2025-01-21,1,TSEC,96.86627197265625,79.63251495361328,79.81983184814453,79.5991439819336,79.84198760986328
M8_YHUR_SHUR,8,HUR,HUR,2025-01-21,2025-01-22,2,Yd,1281.3841552734375,1194.46435546875,1230.9755859375,1193.5050048828125,1194.690673828125
M8_YHUR_SHUR,8,HUR,HUR,2025-01-21,2025-01-22,2,TSE,1177.2872314453125,1199.354736328125,1189.7509765625,1207.1055908203125,1191.0726318359375
M8_YHUR_SHUR,8,HUR,HUR,2025-01-21,2025-01-22,2,TSEC,63.37814712524414,79.63251495361328,80.16028594970703,79.5799331665039,80.1085433959961
M8_YHUR_SHUR,8,HUR,HUR,2025-01-21,2025-01-23,3,Yd,1057.0,1194.46435546875,1210.87744140625,1189.3602294921875,1196.4241943359375
M8_YHUR_SHUR,8,HUR,HUR,2025-01-21,2025-01-23,3,TSE,1055.02587890625,1199.354736328125,1180.7747802734375,1205.2701416015625,1190.043212890625
M8_YHUR_SHUR,8,HUR,HUR,2025-01-21,2025-01-23,3,TSEC,88.7761001586914,79.63251495361328,79.8718032836914,78.89313507080078,80.22025299072266
M8_YHUR_SHUR,8,HUR,HUR,2025-01-22,2025-01-22,1,Yd,1281.3841552734375,1194.6181640625,1230.605224609375,1175.3909912109375,1194.75341796875
M8_YHUR_SHUR,8,HUR,HUR,2025-01-22,2025-01-22,1,TSE,1177.2872314453125,1199.5577392578125,1181.3583984375,1189.6051025390625,1194.232421875
M8_YHUR_SHUR,8,HUR,HUR,2025-01-22,2025-01-22,1,TSEC,63.37814712524414,79.65544128417969,80.00615692138672,79.12973022460938,79.71126556396484
M8_YHUR_SHUR,8,HUR,HUR,2025-01-22,2025-01-23,2,Yd,1057.0,1194.6181640625,1209.8834228515625,1182.321044921875,1195.6976318359375
M8_YHUR_SHUR,8,HUR,HUR,2025-01-22,2025-01-23,2,TSE,1055.02587890625,1199.5577392578125,1184.621337890625,1191.5782470703125,1192.7681884765625
M8_YHUR_SHUR,8,HUR,HUR,2025-01-22,2025-01-23,2,TSEC,88.7761001586914,79.65544128417969,80.51531982421875,79.40265655517578,79.8626480102539
M8_YHUR_SHUR,8,HUR,HUR,2025-01-22,2025-01-24,3,Yd,1295.955078125,1194.6181640625,1174.2650146484375,1180.272705078125,1196.965087890625
M8_YHUR_SHUR,8,HUR,HUR,2025-01-22,2025-01-24,3,TSE,1206.6910400390625,1199.5577392578125,1176.1727294921875,1178.8155517578125,1198.8836669921875
M8_YHUR_SHUR,8,HUR,HUR,2025-01-22,2025-01-24,3,TSEC,75.59556579589844,79.65544128417969,79.79783630371094,79.02252960205078,79.75762176513672
M8_YHUR_SHUR,8,HUR,HUR,2025-01-23,2025-01-23,1,Yd,1057.0,1194.7333984375,1209.750732421875,1189.761962890625,1193.326904296875
M8_YHUR_SHUR,8,HUR,HUR,2025-01-23,2025-01-23,1,TSE,1055.02587890625,1199.5281982421875,1186.342529296875,1196.145751953125,1195.78515625
M8_YHUR_SHUR,8,HUR,HUR,2025-01-23,2025-01-23,1,TSEC,88.7761001586914,79.63381958007812,80.80546569824219,78.45450592041016,79.55162048339844
M8_YHUR_SHUR,8,HUR,HUR,2025-01-23,2025-01-24,2,Yd,1295.955078125,1194.7333984375,1181.7725830078125,1208.5137939453125,1192.62060546875
M8_YHUR_SHUR,8,HUR,HUR,2025-01-23,2025-01-24,2,TSE,1206.6910400390625,1199.5281982421875,1176.443115234375,1217.0997314453125,1200.822021484375
M8_YHUR_SHUR,8,HUR,HUR,2025-01-23,2025-01-24,2,TSEC,75.59556579589844,79.63381958007812,79.48827362060547,78.31659698486328,79.34562683105469
M8_YHUR_SHUR,8,HUR,HUR,2025-01-23,2025-01-25,3,Yd,1282.892333984375,1194.7333984375,1208.5435791015625,1193.5430908203125,1193.879638671875
M8_YHUR_SHUR,8,HUR,HUR,2025-01-23,2025-01-25,3,TSE,1003.919921875,1199.5281982421875,1197.66943359375,1221.3697509765625,1207.2974853515625
M8_YHUR_SHUR,8,HUR,HUR,2025-01-23,2025-01-25,3,TSEC,71.52680206298828,79.63381958007812,80.79854583740234,77.34346008300781,79.00459289550781
M8_YHUR_SHUR,8,HUR,HUR,2025-01-24,2025-01-24,1,Yd,1295.955078125,1194.55078125,1215.4881591796875,1196.1746826171875,1193.5064697265625
M8_YHUR_SHUR,8,HUR,HUR,2025-01-24,2025-01-24,1,TSE,1206.6910400390625,1199.3365478515625,1182.3179931640625,1226.719970703125,1201.193603515625
M8_YHUR_SHUR,8,HUR,HUR,2025-01-24,2025-01-24,1,TSEC,75.59556579589844,79.64594268798828,79.21450805664062,77.62615966796875,79.24161529541016
M8_YHUR_SHUR,8,HUR,HUR,2025-01-24,2025-01-25,2,Yd,1282.892333984375,1194.55078125,1193.2510986328125,1174.3221435546875,1194.1180419921875
M8_YHUR_SHUR,8,HUR,HUR,2025-01-24,2025-01-25,2,TSE,1003.919921875,1199.3365478515625,1196.5875244140625,1219.872802734375,1206.761962890625
M8_YHUR_SHUR,8,HUR,HUR,2025-01-24,2025-01-25,2,TSEC,71.52680206298828,79.64594268798828,81.18006134033203,78.20531463623047,78.90377044677734
M8_YHUR_SHUR,8,HUR,HUR,2025-01-24,2025-01-26,3,Yd,1269.54150390625,1194.55078125,1203.0,1176.4083251953125,1193.457763671875
M8_YHUR_SHUR,8,HUR,HUR,2025-01-24,2025-01-26,3,TSE,1133.5439453125,1199.3365478515625,1203.3800048828125,1215.1939697265625,1208.8399658203125
M8_YHUR_SHUR,8,HUR,HUR,2025-01-24,2025-01-26,3,TSEC,79.66761016845703,79.64594268798828,79.19119262695312,78.51839447021484,78.71942901611328
M8_YHUR_SHUR,8,HUR,HUR,2025-01-25,2025-01-25,1,Yd,1282.892333984375,1194.68505859375,1210.29248046875,1173.2406005859375,1193.7288818359375
M8_YHUR_SHUR,8,HUR,HUR,2025-01-25,2025-01-25,1,TSE,1003.919921875,1199.3463134765625,1194.935546875,1225.4683837890625,1203.1627197265625
M8_YHUR_SHUR,8,HUR,HUR,2025-01-25,2025-01-25,1,TSEC,71.52680206298828,79.64057922363281,82.078369140625,80.38937377929688,79.1323013305664
M8_YHUR_SHUR,8,HUR,HUR,2025-01-25,2025-01-26,2,Yd,1269.54150390625,1194.68505859375,1164.22021484375,1177.5111083984375,1192.935546875
M8_YHUR_SHUR,8,HUR,HUR,2025-01-25,2025-01-26,2,TSE,1133.5439453125,1199.3463134765625,1203.9393310546875,1232.7298583984375,1204.888916015625
M8_YHUR_SHUR,8,HUR,HUR,2025-01-25,2025-01-26,2,TSEC,79.66761016845703,79.64057922363281,78.85769653320312,79.04608154296875,78.92559051513672
M8_YHUR_SHUR,8,HUR,HUR,2025-01-25,2025-01-27,3,Yd,1094.8524169921875,1194.68505859375,1194.8475341796875,1169.7091064453125,1190.9591064453125
M8_YHUR_SHUR,8,HUR,HUR,2025-01-25,2025-01-27,3,TSE,1335.977294921875,1199.3463134765625,1176.0986328125,1224.0279541015625,1202.156005859375
M8_YHUR_SHUR,8,HUR,HUR,2025-01-25,2025-01-27,3,TSEC,80.8870620727539,79.64057922363281,80.89588165283203,78.27246856689453,79.07294464111328
M8_YHUR_SHUR,8,HUR,HUR,2025-01-26,2025-01-26,1,Yd,1269.54150390625,1194.8017578125,1167.129150390625,1180.7696533203125,1191.4293212890625
M8_YHUR_SHUR,8,HUR,HUR,2025-01-26,2025-01-26,1,TSE,1133.5439453125,1199.0877685546875,1208.25634765625,1241.953857421875,1199.572265625
M8_YHUR_SHUR,8,HUR,HUR,2025-01-26,2025-01-26,1,TSEC,79.66761016845703,79.62984466552734,79.33245849609375,78.84362030029297,79.29553985595703
M8_YHUR_SHUR,8,HUR,HUR,2025-01-26,2025-01-27,2,Yd,1094.8524169921875,1194.8017578125,1194.8997802734375,1173.4295654296875,1188.606689453125
M8_YHUR_SHUR,8,HUR,HUR,2025-01-26,2025-01-27,2,TSE,1335.977294921875,1199.0877685546875,1173.7039794921875,1200.9273681640625,1197.880859375
M8_YHUR_SHUR,8,HUR,HUR,2025-01-26,2025-01-27,2,TSEC,80.8870620727539,79.62984466552734,80.54393005371094,79.05501556396484,79.44324493408203
M8_YHUR_SHUR,8,HUR,HUR,2025-01-26,2025-01-28,3,Yd,1112.92236328125,1194.8017578125,1206.49365234375,1175.8365478515625,1187.2840576171875
M8_YHUR_SHUR,8,HUR,HUR,2025-01-26,2025-01-28,3,TSE,1054.9173583984375,1199.0877685546875,1185.782470703125,1205.294189453125,1194.802734375
M8_YHUR_SHUR,8,HUR,HUR,2025-01-26,2025-01-28,3,TSEC,81.10343933105469,79.62984466552734,80.70796966552734,79.17039489746094,79.85400390625
M8_YHUR_SHUR,8,HUR,HUR,2025-01-27,2025-01-27,1,Yd,1094.8524169921875,1194.900390625,1197.735595703125,1182.7569580078125,1190.986083984375
M8_YHUR_SHUR,8,HUR,HUR,2025-01-27,2025-01-27,1,TSE,1335.977294921875,1199.0010986328125,1176.0755615234375,1211.5361328125,1196.5325927734375
M8_YHUR_SHUR,8,HUR,HUR,2025-01-27,2025-01-27,1,TSEC,80.8870620727539,79.62989807128906,80.55953216552734,79.17023468017578,79.58301544189453
M8_YHUR_SHUR,8,HUR,HUR,2025-01-27,2025-01-28,2,Yd,1112.92236328125,1194.900390625,1207.0765380859375,1193.484375,1189.5347900390625
M8_YHUR_SHUR,8,HUR,HUR,2025-01-27,2025-01-28,2,TSE,1054.9173583984375,1199.0010986328125,1184.520263671875,1181.2415771484375,1193.964599609375
M8_YHUR_SHUR,8,HUR,HUR,2025-01-27,2025-01-28,2,TSEC,81.10343933105469,79.62989807128906,80.72340393066406,79.72969818115234,79.94564819335938
M8_YHUR_SHUR,8,HUR,HUR,2025-01-27,2025-01-29,3,Yd,1165.5147705078125,1194.900390625,1223.34326171875,1191.005126953125,1191.333251953125
M8_YHUR_SHUR,8,HUR,HUR,2025-01-27,2025-01-29,3,TSE,1242.9556884765625,1199.0010986328125,1190.888427734375,1172.85546875,1191.8809814453125
M8_YHUR_SHUR,8,HUR,HUR,2025-01-27,2025-01-29,3,TSEC,88.23268127441406,79.62989807128906,79.85891723632812,79.41802215576172,80.21208190917969
M8_YHUR_SHUR,8,HUR,HUR,2025-01-28,2025-01-28,1,Yd,1112.92236328125,1194.7684326171875,1204.30810546875,1169.6763916015625,1191.65234375
M8_YHUR_SHUR,8,HUR,HUR,2025-01-28,2025-01-28,1,TSE,1054.9173583984375,1199.181884765625,1177.4012451171875,1185.7283935546875,1196.527099609375
M8_YHUR_SHUR,8,HUR,HUR,2025-01-28,2025-01-28,1,TSEC,81.10343933105469,79.63155364990234,78.69708251953125,80.26934051513672,79.78783416748047
M8_YHUR_SHUR,8,HUR,HUR,2025-01-28,2025-01-29,2,Yd,1165.5147705078125,1194.7684326171875,1223.013916015625,1201.325927734375,1192.89111328125
M8_YHUR_SHUR,8,HUR,HUR,2025-01-28,2025-01-29,2,TSE,1242.9556884765625,1199.181884765625,1193.76220703125,1177.8187255859375,1195.904052734375
M8_YHUR_SHUR,8,HUR,HUR,2025-01-28,2025-01-29,2,TSEC,88.23268127441406,79.63155364990234,81.10006713867188,79.60478210449219,80.00808715820312
M8_YHUR_SHUR,8,HUR,HUR,2025-01-28,2025-01-30,3,Yd,1194.2530517578125,1194.7684326171875,1214.88330078125,1204.576416015625,1194.322509765625
M8_YHUR_SHUR,8,HUR,HUR,2025-01-28,2025-01-30,3,TSE,1107.173583984375,1199.181884765625,1173.656494140625,1163.7901611328125,1197.02734375
M8_YHUR_SHUR,8,HUR,HUR,2025-01-28,2025-01-30,3,TSEC,91.52009582519531,79.63155364990234,78.9465103149414,78.79829406738281,80.02433776855469
M8_YHUR_SHUR,8,HUR,HUR,2025-01-29,2025-01-29,1,Yd,1165.5147705078125,1194.6607666015625,1225.059326171875,1177.167236328125,1194.0594482421875
M8_YHUR_SHUR,8,HUR,HUR,2025-01-29,2025-01-29,1,TSE,1242.9556884765625,1198.9918212890625,1199.7135009765625,1226.57763671875,1196.6949462890625
M8_YHUR_SHUR,8,HUR,HUR,2025-01-29,2025-01-29,1,TSEC,88.23268127441406,79.63349151611328,79.78305053710938,79.31544494628906,79.73440551757812
M8_YHUR_SHUR,8,HUR,HUR,2025-01-29,2025-01-30,2,Yd,1194.2530517578125,1194.6607666015625,1214.7152099609375,1190.672119140625,1194.5885009765625
M8_YHUR_SHUR,8,HUR,HUR,2025-01-29,2025-01-30,2,TSE,1107.173583984375,1198.9918212890625,1171.4771728515625,1212.1734619140625,1196.3349609375
M8_YHUR_SHUR,8,HUR,HUR,2025-01-29,2025-01-30,2,TSEC,91.52009582519531,79.63349151611328,80.14285278320312,79.50714874267578,79.82650756835938
M8_YHUR_SHUR,8,HUR,HUR,2025-01-29,2025-01-31,3,Yd,1090.5377197265625,1194.6607666015625,1171.7774658203125,1182.54296875,1192.1800537109375
M8_YHUR_SHUR,8,HUR,HUR,2025-01-29,2025-01-31,3,TSE,1065.4517822265625,1198.9918212890625,1183.9169921875,1214.025390625,1201.515625
M8_YHUR_SHUR,8,HUR,HUR,2025-01-29,2025-01-31,3,TSEC,81.4508056640625,79.63349151611328,80.15579223632812,79.24715423583984,79.5725326538086
M8_YHUR_SHUR,8,HUR,HUR,2025-01-30,2025-01-30,1,Yd,1194.2530517578125,1194.622314453125,1209.0203857421875,1177.9615478515625,1193.4091796875
M8_YHUR_SHUR,8,HUR,HUR,2025-01-30,2025-01-30,1,TSE,1107.173583984375,1199.0496826171875,1169.700439453125,1208.1370849609375,1197.6395263671875
M8_YHUR_SHUR,8,HUR,HUR,2025-01-30,2025-01-30,1,TSEC,91.52009582519531,79.64480590820312,80.41224670410156,80.09258270263672,79.53841400146484
M8_YHUR_SHUR,8,HUR,HUR,2025-01-30,2025-01-31,2,Yd,1090.5377197265625,1194.622314453125,1185.32763671875,1179.7625732421875,1193.4434814453125
M8_YHUR_SHUR,8,HUR,HUR,2025-01-30,2025-01-31,2,TSE,1065.4517822265625,1199.0496826171875,1184.770751953125,1227.6309814453125,1203.4398193359375
M8_YHUR_SHUR,8,HUR,HUR,2025-01-30,2025-01-31,2,TSEC,81.4508056640625,79.64480590820312,81.02852630615234,79.2278823852539,79.22042083740234
M8_YHUR_SHUR,8,HUR,HUR,2025-01-30,2025-02-01,3,Yd,1229.7540283203125,1194.622314453125,1203.5595703125,1166.099365234375,1194.8656005859375
M8_YHUR_SHUR,8,HUR,HUR,2025-01-30,2025-02-01,3,TSE,846.3207397460938,1199.0496826171875,1189.03076171875,1232.79638671875,1210.162353515625
M8_YHUR_SHUR,8,HUR,HUR,2025-01-30,2025-02-01,3,TSEC,79.80644226074219,79.64480590820312,78.35090637207031,79.39995574951172,78.91764831542969
M8_YHUR_SHUR,8,HUR,HUR,2025-01-31,2025-01-31,1,Yd,1090.5377197265625,1194.621826171875,1186.398681640625,1195.9456787109375,1193.9417724609375
M8_YHUR_SHUR,8,HUR,HUR,2025-01-31,2025-01-31,1,TSE,1065.4517822265625,1198.928955078125,1187.750732421875,1218.6142578125,1202.068115234375
M8_YHUR_SHUR,8,HUR,HUR,2025-01-31,2025-01-31,1,TSEC,81.4508056640625,79.66041564941406,80.1722412109375,79.7698745727539,79.24339294433594
M8_YHUR_SHUR,8,HUR,HUR,2025-01-31,2025-02-01,2,Yd,1229.7540283203125,1194.621826171875,1204.1038818359375,1185.6097412109375,1195.044677734375
M8_YHUR_SHUR,8,HUR,HUR,2025-01-31,2025-02-01,2,TSE,846.3207397460938,1198.928955078125,1187.6739501953125,1235.045166015625,1207.703125
M8_YHUR_SHUR,8,HUR,HUR,2025-01-31,2025-02-01,2,TSEC,79.80644226074219,79.66041564941406,79.83452606201172,78.86066436767578,78.91307830810547
M8_YHUR_SHUR,8,HUR,HUR,2025-01-31,2025-02-02,3,Yd,1263.166015625,1194.621826171875,1184.259521484375,1173.6343994140625,1194.7255859375
M8_YHUR_SHUR,8,HUR,HUR,2025-01-31,2025-02-02,3,TSE,1141.1754150390625,1198.928955078125,1203.92822265625,1228.042236328125,1209.51611328125
M8_YHUR_SHUR,8,HUR,HUR,2025-01-31,2025-02-02,3,TSEC,86.69093322753906,79.66041564941406,80.41021728515625,78.81444549560547,78.73509979248047
M8_YHUR_SHUR,8,HUR,HUR,2025-02-01,2025-02-01,1,Yd,1229.7540283203125,1194.4852294921875,1202.1339111328125,1163.626220703125,1194.169677734375
M8_YHUR_SHUR,8,HUR,HUR,2025-02-01,2025-02-01,1,TSE,846.3207397460938,1198.7537841796875,1193.583984375,1227.7960205078125,1203.885009765625
M8_YHUR_SHUR,8,HUR,HUR,2025-02-01,2025-02-01,1,TSEC,79.80644226074219,79.66276550292969,79.80785369873047,79.11689758300781,79.11090087890625
M8_YHUR_SHUR,8,HUR,HUR,2025-02-01,2025-02-02,2,Yd,1263.166015625,1194.4852294921875,1170.4189453125,1154.2945556640625,1193.5084228515625
M8_YHUR_SHUR,8,HUR,HUR,2025-02-01,2025-02-02,2,TSE,1141.1754150390625,1198.7537841796875,1201.6885986328125,1185.0792236328125,1205.8714599609375
M8_YHUR_SHUR,8,HUR,HUR,2025-02-01,2025-02-02,2,TSEC,86.69093322753906,79.66276550292969,80.44816589355469,78.026611328125,78.8831558227539
M8_YHUR_SHUR,8,HUR,HUR,2025-02-01,2025-02-03,3,Yd,1166.76318359375,1194.4852294921875,1198.432861328125,1173.0858154296875,1190.86669921875
M8_YHUR_SHUR,8,HUR,HUR,2025-02-01,2025-02-03,3,TSE,1247.7003173828125,1198.7537841796875,1178.4564208984375,1214.25439453125,1203.519287109375
M8_YHUR_SHUR,8,HUR,HUR,2025-02-01,2025-02-03,3,TSEC,92.92986297607422,79.66276550292969,80.1501235961914,78.53114318847656,79.02753448486328
M8_YHUR_SHUR,8,HUR,HUR,2025-02-02,2025-02-02,1,Yd,1263.166015625,1194.531494140625,1168.095947265625,1180.479248046875,1191.848876953125
M8_YHUR_SHUR,8,HUR,HUR,2025-02-02,2025-02-02,1,TSE,1141.1754150390625,1198.2919921875,1216.6302490234375,1229.65283203125,1199.9600830078125
M8_YHUR_SHUR,8,HUR,HUR,2025-02-02,2025-02-02,1,TSEC,86.69093322753906,79.66294860839844,80.48106384277344,78.8280258178711,79.35385131835938
M8_YHUR_SHUR,8,HUR,HUR,2025-02-02,2025-02-03,2,Yd,1166.76318359375,1194.531494140625,1196.4493408203125,1145.532958984375,1188.2891845703125
M8_YHUR_SHUR,8,HUR,HUR,2025-02-02,2025-02-03,2,TSE,1247.7003173828125,1198.2919921875,1171.4912109375,1187.5645751953125,1197.510009765625
M8_YHUR_SHUR,8,HUR,HUR,2025-02-02,2025-02-03,2,TSEC,92.92986297607422,79.66294860839844,80.14047241210938,80.29203033447266,79.5571060180664
M8_YHUR_SHUR,8,HUR,HUR,2025-02-02,2025-02-04,3,Yd,1268.4051513671875,1194.531494140625,1205.4931640625,1158.799560546875,1187.7554931640625
M8_YHUR_SHUR,8,HUR,HUR,2025-02-02,2025-02-04,3,TSE,1269.5196533203125,1198.2919921875,1186.133544921875,1200.7342529296875,1195.774658203125
M8_YHUR_SHUR,8,HUR,HUR,2025-02-02,2025-02-04,3,TSEC,77.76089477539062,79.66294860839844,79.68235778808594,80.57429504394531,79.9893569946289
M8_YHUR_SHUR,8,HUR,HUR,2025-02-03,2025-02-03,1,Yd,1166.76318359375,1194.621337890625,1195.60595703125,1172.5726318359375,1191.0771484375
M8_YHUR_SHUR,8,HUR,HUR,2025-02-03,2025-02-03,1,TSE,1247.7003173828125,1198.2171630859375,1174.3240966796875,1193.2469482421875,1196.9654541015625
M8_YHUR_SHUR,8,HUR,HUR,2025-02-03,2025-02-03,1,TSEC,92.92986297607422,79.67214965820312,80.07489776611328,78.68118286132812,79.66631317138672
M8_YHUR_SHUR,8,HUR,HUR,2025-02-03,2025-02-04,2,Yd,1268.4051513671875,1194.621337890625,1198.1934814453125,1190.05029296875,1190.2408447265625
M8_YHUR_SHUR,8,HUR,HUR,2025-02-03,2025-02-04,2,TSE,1269.5196533203125,1198.2171630859375,1184.294189453125,1192.0623779296875,1195.0086669921875
M8_YHUR_SHUR,8,HUR,HUR,2025-02-03,2025-02-04,2,TSEC,77.76089477539062,79.67214965820312,80.32929229736328,79.0986099243164,80.07728576660156
M8_YHUR_SHUR,8,HUR,HUR,2025-02-03,2025-02-05,3,Yd,1497.7803955078125,1194.621337890625,1182.5257568359375,1183.609375,1192.0291748046875
M8_YHUR_SHUR,8,HUR,HUR,2025-02-03,2025-02-05,3,TSE,1034.848876953125,1198.2171630859375,1187.906494140625,1181.590087890625,1193.5538330078125
M8_YHUR_SHUR,8,HUR,HUR,2025-02-03,2025-02-05,3,TSEC,66.3891830444336,79.67214965820312,80.55379486083984,78.37324523925781,80.41535949707031
M8_YHUR_SHUR,8,HUR,HUR,2025-02-04,2025-02-04,1,Yd,1268.4051513671875,1194.5848388671875,1197.4761962890625,1179.9742431640625,1192.29150390625
M8_YHUR_SHUR,8,HUR,HUR,2025-02-04,2025-02-04,1,TSE,1269.5196533203125,1198.2818603515625,1192.961181640625,1189.6807861328125,1197.17431640625
M8_YHUR_SHUR,8,HUR,HUR,2025-02-04,2025-02-04,1,TSEC,77.76089477539062,79.68948364257812,80.03764343261719,78.92076110839844,79.89219665527344
M8_YHUR_SHUR,8,HUR,HUR,2025-02-04,2025-02-05,2,Yd,1497.7803955078125,1194.5848388671875,1182.9703369140625,1192.02783203125,1194.19775390625
M8_YHUR_SHUR,8,HUR,HUR,2025-02-04,2025-02-05,2,TSE,1034.848876953125,1198.2818603515625,1172.79638671875,1189.118408203125,1197.3636474609375
M8_YHUR_SHUR,8,HUR,HUR,2025-02-04,2025-02-05,2,TSEC,66.3891830444336,79.68948364257812,80.65605926513672,79.15280151367188,80.21016693115234
M8_YHUR_SHUR,8,HUR,HUR,2025-02-04,2025-02-06,3,Yd,1286.2774658203125,1194.5848388671875,1207.20458984375,1187.9139404296875,1195.85400390625
M8_YHUR_SHUR,8,HUR,HUR,2025-02-04,2025-02-06,3,TSE,1159.0548095703125,1198.2818603515625,1192.6776123046875,1177.9051513671875,1197.730712890625
M8_YHUR_SHUR,8,HUR,HUR,2025-02-04,2025-02-06,3,TSEC,89.6238784790039,79.68948364257812,79.4405746459961,78.56673431396484,80.40975189208984
M8_YHUR_SHUR,8,HUR,HUR,2025-02-05,2025-02-05,1,Yd,1497.7803955078125,1194.6812744140625,1222.4920654296875,1186.5081787109375,1193.7408447265625
M8_YHUR_SHUR,8,HUR,HUR,2025-02-05,2025-02-05,1,TSE,1034.848876953125,1198.3748779296875,1165.6387939453125,1212.6485595703125,1198.00244140625
M8_YHUR_SHUR,8,HUR,HUR,2025-02-05,2025-02-05,1,TSEC,66.3891830444336,79.68696594238281,80.84806060791016,79.65214538574219,79.735595703125
M8_YHUR_SHUR,8,HUR,HUR,2025-02-05,2025-02-06,2,Yd,1286.2774658203125,1194.6812744140625,1214.5042724609375,1202.9034423828125,1194.261474609375
M8_YHUR_SHUR,8,HUR,HUR,2025-02-05,2025-02-06,2,TSE,1159.0548095703125,1198.3748779296875,1198.5545654296875,1192.287841796875,1198.513427734375
M8_YHUR_SHUR,8,HUR,HUR,2025-02-05,2025-02-06,2,TSEC,89.6238784790039,79.68696594238281,80.38846588134766,79.27810668945312,79.86128234863281
M8_YHUR_SHUR,8,HUR,HUR,2025-02-05,2025-02-07,3,Yd,1187.7679443359375,1194.6812744140625,1181.5216064453125,1187.3564453125,1194.845458984375
M8_YHUR_SHUR,8,HUR,HUR,2025-02-05,2025-02-07,3,TSE,1306.287353515625,1198.3748779296875,1180.7879638671875,1190.712890625,1203.6107177734375
M8_YHUR_SHUR,8,HUR,HUR,2025-02-05,2025-02-07,3,TSEC,78.56757354736328,79.68696594238281,80.44357299804688,78.30097961425781,79.68047332763672
M8_YHUR_SHUR,8,HUR,HUR,2025-02-06,2025-02-06,1,Yd,1286.2774658203125,1195.076416015625,1218.8814697265625,1204.1282958984375,1192.3798828125
M8_YHUR_SHUR,8,HUR,HUR,2025-02-06,2025-02-06,1,TSE,1159.0548095703125,1198.16162109375,1185.671875,1235.4693603515625,1197.509033203125
M8_YHUR_SHUR,8,HUR,HUR,2025-02-06,2025-02-06,1,TSEC,89.6238784790039,79.66962432861328,81.5516128540039,78.62139129638672,79.51263427734375
M8_YHUR_SHUR,8,HUR,HUR,2025-02-06,2025-02-07,2,Yd,1187.7679443359375,1195.076416015625,1177.04541015625,1196.8533935546875,1189.33203125
M8_YHUR_SHUR,8,HUR,HUR,2025-02-06,2025-02-07,2,TSE,1306.287353515625,1198.16162109375,1173.947998046875,1226.2108154296875,1199.405517578125
M8_YHUR_SHUR,8,HUR,HUR,2025-02-06,2025-02-07,2,TSEC,78.56757354736328,79.66962432861328,80.68412780761719,77.09065246582031,79.45439147949219
M8_YHUR_SHUR,8,HUR,HUR,2025-02-06,2025-02-08,3,Yd,1152.0921630859375,1195.076416015625,1209.2298583984375,1175.1986083984375,1188.2340087890625
M8_YHUR_SHUR,8,HUR,HUR,2025-02-06,2025-02-08,3,TSE,1191.4957275390625,1198.16162109375,1190.89404296875,1254.4991455078125,1204.9361572265625
M8_YHUR_SHUR,8,HUR,HUR,2025-02-06,2025-02-08,3,TSEC,93.88677215576172,79.66962432861328,78.99734497070312,78.33629608154297,79.17618560791016
M8_YHUR_SHUR,8,HUR,HUR,2025-02-07,2025-02-07,1,Yd,1187.7679443359375,1195.1951904296875,1189.9847412109375,1194.928466796875,1191.3031005859375
M8_YHUR_SHUR,8,HUR,HUR,2025-02-07,2025-02-07,1,TSE,1306.287353515625,1198.1107177734375,1174.9141845703125,1220.779052734375,1200.298095703125
M8_YHUR_SHUR,8,HUR,HUR,2025-02-07,2025-02-07,1,TSEC,78.56757354736328,79.68258666992188,79.72209930419922,78.8145751953125,79.32186889648438
M8_YHUR_SHUR,8,HUR,HUR,2025-02-07,2025-02-08,2,Yd,1152.0921630859375,1195.1951904296875,1206.7713623046875,1188.97509765625,1190.224609375
M8_YHUR_SHUR,8,HUR,HUR,2025-02-07,2025-02-08,2,TSE,1191.4957275390625,1198.1107177734375,1190.4815673828125,1223.603515625,1205.2388916015625
M8_YHUR_SHUR,8,HUR,HUR,2025-02-07,2025-02-08,2,TSEC,93.88677215576172,79.68258666992188,81.70584106445312,79.56761169433594,79.03562927246094
M8_YHUR_SHUR,8,HUR,HUR,2025-02-07,2025-02-09,3,Yd,1461.181640625,1195.1951904296875,1182.1419677734375,1182.92236328125,1188.3037109375
M8_YHUR_SHUR,8,HUR,HUR,2025-02-07,2025-02-09,3,TSE,1205.967529296875,1198.1107177734375,1195.49072265625,1224.1981201171875,1207.3094482421875
M8_YHUR_SHUR,8,HUR,HUR,2025-02-07,2025-02-09,3,TSEC,83.94493865966797,79.68258666992188,79.95755767822266,79.16695404052734,78.89823913574219
M8_YHUR_SHUR,8,HUR,HUR,2025-02-08,2025-02-08,1,Yd,1152.0921630859375,1195.185546875,1209.8721923828125,1164.7801513671875,1192.444580078125
M8_YHUR_SHUR,8,HUR,HUR,2025-02-08,2025-02-08,1,TSE,1191.4957275390625,1198.25146484375,1187.9483642578125,1214.130615234375,1203.7100830078125
M8_YHUR_SHUR,8,HUR,HUR,2025-02-08,2025-02-08,1,TSEC,93.88677215576172,79.68113708496094,81.20732879638672,80.63607025146484,79.1328125
M8_YHUR_SHUR,8,HUR,HUR,2025-02-08,2025-02-09,2,Yd,1461.181640625,1195.185546875,1147.5126953125,1162.8758544921875,1190.7080078125
M8_YHUR_SHUR,8,HUR,HUR,2025-02-08,2025-02-09,2,TSE,1205.967529296875,1198.25146484375,1179.8812255859375,1194.023193359375,1205.8057861328125
M8_YHUR_SHUR,8,HUR,HUR,2025-02-08,2025-02-09,2,TSEC,83.94493865966797,79.68113708496094,80.048095703125,79.87128448486328,78.88066101074219
M8_YHUR_SHUR,8,HUR,HUR,2025-02-08,2025-02-10,3,Yd,1249.037353515625,1195.185546875,1207.0706787109375,1165.1043701171875,1187.714111328125
M8_YHUR_SHUR,8,HUR,HUR,2025-02-08,2025-02-10,3,TSE,1134.3406982421875,1198.25146484375,1193.350341796875,1199.6175537109375,1204.2076416015625
M8_YHUR_SHUR,8,HUR,HUR,2025-02-08,2025-02-10,3,TSEC,78.11787414550781,79.68113708496094,80.19322204589844,78.49139404296875,78.9725341796875
M8_YHUR_SHUR,8,HUR,HUR,2025-02-09,2025-02-09,1,Yd,1461.181640625,1195.129638671875,1154.4462890625,1180.4737548828125,1192.0029296875
M8_YHUR_SHUR,8,HUR,HUR,2025-02-09,2025-02-09,1,TSE,1205.967529296875,1198.2425537109375,1176.7567138671875,1200.0914306640625,1201.4256591796875
M8_YHUR_SHUR,8,HUR,HUR,2025-02-09,2025-02-09,1,TSEC,83.94493865966797,79.6995849609375,79.778564453125,77.77900695800781,79.14637756347656
M8_YHUR_SHUR,8,HUR,HUR,2025-02-09,2025-02-10,2,Yd,1249.037353515625,1195.129638671875,1206.7435302734375,1177.9639892578125,1189.013427734375
M8_YHUR_SHUR,8,HUR,HUR,2025-02-09,2025-02-10,2,TSE,1134.3406982421875,1198.2425537109375,1194.30224609375,1176.7359619140625,1200.4130859375
M8_YHUR_SHUR,8,HUR,HUR,2025-02-09,2025-02-10,2,TSEC,78.11787414550781,79.6995849609375,81.30872344970703,79.09667205810547,79.15763092041016
M8_YHUR_SHUR,8,HUR,HUR,2025-02-09,2025-02-11,3,Yd,1022.197021484375,1195.129638671875,1212.438720703125,1176.3502197265625,1185.9244384765625
M8_YHUR_SHUR,8,HUR,HUR,2025-02-09,2025-02-11,3,TSE,847.3490600585938,1198.2425537109375,1197.698486328125,1204.599365234375,1197.32421875
M8_YHUR_SHUR,8,HUR,HUR,2025-02-09,2025-02-11,3,TSEC,94.92163848876953,79.6995849609375,80.29805755615234,79.64508819580078,79.36249542236328
M8_YHUR_SHUR,8,HUR,HUR,2025-02-10,2025-02-10,1,Yd,1249.037353515625,1195.4747314453125,1214.203369140625,1161.1864013671875,1189.2137451171875
M8_YHUR_SHUR,8,HUR,HUR,2025-02-10,2025-02-10,1,TSE,1134.3406982421875,1198.2525634765625,1176.813232421875,1209.8885498046875,1197.1285400390625
M8_YHUR_SHUR,8,HUR,HUR,2025-02-10,2025-02-10,1,TSEC,78.11787414550781,79.70509338378906,81.46244812011719,78.7493667602539,79.48194885253906
M8_YHUR_SHUR,8,HUR,HUR,2025-02-10,2025-02-11,2,Yd,1022.197021484375,1195.4747314453125,1196.5445556640625,1161.2757568359375,1186.9375
M8_YHUR_SHUR,8,HUR,HUR,2025-02-10,2025-02-11,2,TSE,847.3490600585938,1198.2525634765625,1179.94970703125,1179.4202880859375,1195.4613037109375
M8_YHUR_SHUR,8,HUR,HUR,2025-02-10,2025-02-11,2,TSEC,94.92163848876953,79.70509338378906,79.6775131225586,81.01397705078125,79.67228698730469
M8_YHUR_SHUR,8,HUR,HUR,2025-02-10,2025-02-12,3,Yd,1187.316650390625,1195.4747314453125,1194.5521240234375,1187.2235107421875,1188.5262451171875
M8_YHUR_SHUR,8,HUR,HUR,2025-02-10,2025-02-12,3,TSE,1253.6827392578125,1198.2525634765625,1185.0787353515625,1188.876953125,1196.239013671875
M8_YHUR_SHUR,8,HUR,HUR,2025-02-10,2025-02-12,3,TSEC,81.21241760253906,79.70509338378906,80.27853393554688,80.21311950683594,79.851806640625
M8_YHUR_SHUR,8,HUR,HUR,2025-02-11,2025-02-11,1,Yd,1022.197021484375,1195.5440673828125,1207.9078369140625,1158.2713623046875,1190.3302001953125
M8_YHUR_SHUR,8,HUR,HUR,2025-02-11,2025-02-11,1,TSE,847.3490600585938,1198.1697998046875,1181.56201171875,1221.817626953125,1198.0782470703125
M8_YHUR_SHUR,8,HUR,HUR,2025-02-11,2025-02-11,1,TSEC,94.92163848876953,79.70303344726562,80.39192199707031,79.0286865234375,79.65088653564453
M8_YHUR_SHUR,8,HUR,HUR,2025-02-11,2025-02-12,2,Yd,1187.316650390625,1195.5440673828125,1222.8580322265625,1189.7210693359375,1190.7891845703125
M8_YHUR_SHUR,8,HUR,HUR,2025-02-11,2025-02-12,2,TSE,1253.6827392578125,1198.1697998046875,1184.5283203125,1192.4410400390625,1199.065185546875
M8_YHUR_SHUR,8,HUR,HUR,2025-02-11,2025-02-12,2,TSEC,81.21241760253906,79.70303344726562,79.93750762939453,79.8395767211914,79.8099365234375
M8_YHUR_SHUR,8,HUR,HUR,2025-02-11,2025-02-13,3,Yd,1113.8782958984375,1195.5440673828125,1218.27490234375,1188.7222900390625,1190.586181640625
M8_YHUR_SHUR,8,HUR,HUR,2025-02-11,2025-02-13,3,TSE,1204.15185546875,1198.1697998046875,1175.8028564453125,1196.9775390625,1200.8851318359375
M8_YHUR_SHUR,8,HUR,HUR,2025-02-11,2025-02-13,3,TSEC,75.54032135009766,79.70303344726562,80.31117248535156,79.03357696533203,79.87065124511719
M8_YHUR_SHUR,8,HUR,HUR,2025-02-12,2025-02-12,1,Yd,1187.316650390625,1195.31982421875,1215.029052734375,1182.86572265625,1194.3922119140625
M8_YHUR_SHUR,8,HUR,HUR,2025-02-12,2025-02-12,1,TSE,1253.6827392578125,1197.716064453125,1200.8192138671875,1228.9803466796875,1199.59619140625
M8_YHUR_SHUR,8,HUR,HUR,2025-02-12,2025-02-12,1,TSEC,81.21241760253906,79.72272491455078,79.91793060302734,79.07193756103516,79.76779174804688
M8_YHUR_SHUR,8,HUR,HUR,2025-02-12,2025-02-13,2,Yd,1113.8782958984375,1195.31982421875,1216.73193359375,1188.2899169921875,1195.57373046875
M8_YHUR_SHUR,8,HUR,HUR,2025-02-12,2025-02-13,2,TSE,1204.15185546875,1197.716064453125,1164.34912109375,1219.4456787109375,1200.85498046875
M8_YHUR_SHUR,8,HUR,HUR,2025-02-12,2025-02-13,2,TSEC,75.54032135009766,79.72272491455078,81.2992935180664,79.18875885009766,79.91575622558594
M8_YHUR_SHUR,8,HUR,HUR,2025-02-12,2025-02-14,3,Yd,1233.923828125,1195.31982421875,1186.3753662109375,1185.5445556640625,1194.489990234375
M8_YHUR_SHUR,8,HUR,HUR,2025-02-12,2025-02-14,3,TSE,1108.199951171875,1197.716064453125,1184.16015625,1220.7996826171875,1205.7679443359375
M8_YHUR_SHUR,8,HUR,HUR,2025-02-12,2025-02-14,3,TSEC,82.6656494140625,79.72272491455078,80.8260498046875,78.16104888916016,79.92813110351562
M8_YHUR_SHUR,8,HUR,HUR,2025-02-13,2025-02-13,1,Yd,1113.8782958984375,1195.3094482421875,1211.9683837890625,1184.5638427734375,1192.9859619140625
M8_YHUR_SHUR,8,HUR,HUR,2025-02-13,2025-02-13,1,TSE,1204.15185546875,1197.788330078125,1168.8302001953125,1201.7047119140625,1199.775634765625
M8_YHUR_SHUR,8,HUR,HUR,2025-02-13,2025-02-13,1,TSEC,75.54032135009766,79.72464752197266,79.35198974609375,80.7163314819336,79.62728881835938
M8_YHUR_SHUR,8,HUR,HUR,2025-02-13,2025-02-14,2,Yd,1233.923828125,1195.3094482421875,1219.8653564453125,1202.6563720703125,1193.7371826171875
M8_YHUR_SHUR,8,HUR,HUR,2025-02-13,2025-02-14,2,TSE,1108.199951171875,1197.788330078125,1184.9229736328125,1213.68359375,1205.35302734375
M8_YHUR_SHUR,8,HUR,HUR,2025-02-13,2025-02-14,2,TSEC,82.6656494140625,79.72464752197266,80.50164794921875,78.93309783935547,79.56743621826172
M8_YHUR_SHUR,8,HUR,HUR,2025-02-13,2025-02-15,3,Yd,1223.191650390625,1195.3094482421875,1194.5552978515625,1173.6168212890625,1194.664306640625
M8_YHUR_SHUR,8,HUR,HUR,2025-02-13,2025-02-15,3,TSE,1210.3902587890625,1197.788330078125,1182.244873046875,1205.39208984375,1212.1666259765625
M8_YHUR_SHUR,8,HUR,HUR,2025-02-13,2025-02-15,3,TSEC,69.80550384521484,79.72464752197266,81.09915161132812,77.87931060791016,79.32548522949219
M8_YHUR_SHUR,8,HUR,HUR,2025-02-14,2025-02-14,1,Yd,1233.923828125,1195.204345703125,1179.148193359375,1194.602294921875,1193.256591796875
M8_YHUR_SHUR,8,HUR,HUR,2025-02-14,2025-02-14,1,TSE,1108.199951171875,1197.7965087890625,1182.595703125,1204.578369140625,1203.54296875
M8_YHUR_SHUR,8,HUR,HUR,2025-02-14,2025-02-14,1,TSEC,82.6656494140625,79.71924591064453,80.44271087646484,78.85302734375,79.33442687988281
M8_YHUR_SHUR,8,HUR,HUR,2025-02-14,2025-02-15,2,Yd,1223.191650390625,1195.204345703125,1212.5723876953125,1194.246826171875,1193.5701904296875
M8_YHUR_SHUR,8,HUR,HUR,2025-02-14,2025-02-15,2,TSE,1210.3902587890625,1197.7965087890625,1181.258544921875,1237.1561279296875,1209.1336669921875
M8_YHUR_SHUR,8,HUR,HUR,2025-02-14,2025-02-15,2,TSEC,69.80550384521484,79.71924591064453,80.07051086425781,78.06133270263672,79.06636810302734
M8_YHUR_SHUR,8,HUR,HUR,2025-02-14,2025-02-16,3,Yd,1350.4261474609375,1195.204345703125,1166.78515625,1175.9317626953125,1192.6829833984375
M8_YHUR_SHUR,8,HUR,HUR,2025-02-14,2025-02-16,3,TSE,1156.9136962890625,1197.7965087890625,1199.0462646484375,1222.167724609375,1210.65673828125
M8_YHUR_SHUR,8,HUR,HUR,2025-02-14,2025-02-16,3,TSEC,71.53299713134766,79.71924591064453,80.33797454833984,77.75213623046875,78.96013641357422
M8_YHUR_SHUR,8,HUR,HUR,2025-02-15,2025-02-15,1,Yd,1223.191650390625,1195.2542724609375,1213.93017578125,1167.669189453125,1193.0511474609375
M8_YHUR_SHUR,8,HUR,HUR,2025-02-15,2025-02-15,1,TSE,1210.3902587890625,1197.6810302734375,1185.485595703125,1230.221923828125,1203.6912841796875
M8_YHUR_SHUR,8,HUR,HUR,2025-02-15,2025-02-15,1,TSEC,69.80550384521484,79.7230453491211,78.9166259765625,79.06256866455078,79.20491790771484
M8_YHUR_SHUR,8,HUR,HUR,2025-02-15,2025-02-16,2,Yd,1350.4261474609375,1195.2542724609375,1172.2987060546875,1139.072265625,1191.5491943359375
M8_YHUR_SHUR,8,HUR,HUR,2025-02-15,2025-02-16,2,TSE,1156.9136962890625,1197.6810302734375,1193.89697265625,1185.1151123046875,1205.6143798828125
M8_YHUR_SHUR,8,HUR,HUR,2025-02-15,2025-02-16,2,TSEC,71.53299713134766,79.7230453491211,80.09933471679688,78.60452270507812,79.01177215576172
M8_YHUR_SHUR,8,HUR,HUR,2025-02-15,2025-02-17,3,Yd,1398.4537353515625,1195.2542724609375,1202.356689453125,1167.936279296875,1187.294921875
M8_YHUR_SHUR,8,HUR,HUR,2025-02-15,2025-02-17,3,TSE,1389.9486083984375,1197.6810302734375,1168.3935546875,1204.209716796875,1203.827392578125
M8_YHUR_SHUR,8,HUR,HUR,2025-02-15,2025-02-17,3,TSEC,105.8789291381836,79.7230453491211,80.97550964355469,79.38837432861328,79.10228729248047
M8_YHUR_SHUR,8,HUR,HUR,2025-02-16,2025-02-16,1,Yd,1350.4261474609375,1195.2901611328125,1179.0146484375,1172.008056640625,1190.994384765625
M8_YHUR_SHUR,8,HUR,HUR,2025-02-16,2025-02-16,1,TSE,1156.9136962890625,1197.6973876953125,1197.074951171875,1220.87353515625,1200.6778564453125
M8_YHUR_SHUR,8,HUR,HUR,2025-02-16,2025-02-16,1,TSEC,71.53299713134766,79.71028137207031,80.84730529785156,78.47016143798828,79.28032684326172
M8_YHUR_SHUR,8,HUR,HUR,2025-02-16,2025-02-17,2,Yd,1398.4537353515625,1195.2901611328125,1202.8563232421875,1193.453369140625,1186.9271240234375
M8_YHUR_SHUR,8,HUR,HUR,2025-02-16,2025-02-17,2,TSE,1389.9486083984375,1197.6973876953125,1175.74560546875,1205.8023681640625,1200.0936279296875
M8_YHUR_SHUR,8,HUR,HUR,2025-02-16,2025-02-17,2,TSEC,105.8789291381836,79.71028137207031,79.76626586914062,78.66714477539062,79.31144714355469
M8_YHUR_SHUR,8,HUR,HUR,2025-02-16,2025-02-18,3,Yd,1423.97900390625,1195.2901611328125,1209.16015625,1206.71337890625,1183.479248046875
M8_YHUR_SHUR,8,HUR,HUR,2025-02-16,2025-02-18,3,TSE,1157.0928955078125,1197.6973876953125,1173.66162109375,1235.4647216796875,1201.295654296875
M8_YHUR_SHUR,8,HUR,HUR,2025-02-16,2025-02-18,3,TSEC,76.99300384521484,79.71028137207031,80.75826263427734,78.26029968261719,79.4828109741211
M8_YHUR_SHUR,8,HUR,HUR,2025-02-17,2025-02-17,1,Yd,1398.4537353515625,1195.4896240234375,1207.558837890625,1205.4404296875,1188.412353515625
M8_YHUR_SHUR,8,HUR,HUR,2025-02-17,2025-02-17,1,TSE,1389.9486083984375,1197.64501953125,1177.4815673828125,1219.497314453125,1199.1783447265625
M8_YHUR_SHUR,8,HUR,HUR,2025-02-17,2025-02-17,1,TSEC,105.8789291381836,79.69976806640625,79.63497161865234,78.52456665039062,79.49130249023438
M8_YHUR_SHUR,8,HUR,HUR,2025-02-17,2025-02-18,2,Yd,1423.97900390625,1195.4896240234375,1208.6563720703125,1209.018310546875,1185.40625
M8_YHUR_SHUR,8,HUR,HUR,2025-02-17,2025-02-18,2,TSE,1157.0928955078125,1197.64501953125,1173.13623046875,1192.01416015625,1200.6495361328125
M8_YHUR_SHUR,8,HUR,HUR,2025-02-17,2025-02-18,2,TSEC,76.99300384521484,79.69976806640625,79.97537994384766,80.34861755371094,79.64048767089844
M8_YHUR_SHUR,8,HUR,HUR,2025-02-17,2025-02-19,3,Yd,1173.13330078125,1195.4896240234375,1217.80078125,1206.716796875,1185.544921875
M8_YHUR_SHUR,8,HUR,HUR,2025-02-17,2025-02-19,3,TSE,1121.7154541015625,1197.64501953125,1187.32421875,1215.98974609375,1202.8533935546875
M8_YHUR_SHUR,8,HUR,HUR,2025-02-17,2025-02-19,3,TSEC,69.71118927001953,79.69976806640625,81.48265838623047,79.34614562988281,79.82515716552734
M8_YHUR_SHUR,8,HUR,HUR,2025-02-18,2025-02-18,1,Yd,1423.97900390625,1195.7501220703125,1216.8287353515625,1210.4805908203125,1190.3294677734375
M8_YHUR_SHUR,8,HUR,HUR,2025-02-18,2025-02-18,1,TSE,1157.0928955078125,1197.891845703125,1163.182861328125,1190.072021484375,1198.09521484375
M8_YHUR_SHUR,8,HUR,HUR,2025-02-18,2025-02-18,1,TSEC,76.99300384521484,79.7333755493164,79.89108276367188,77.48779296875,79.55027770996094
M8_YHUR_SHUR,8,HUR,HUR,2025-02-18,2025-02-19,2,Yd,1173.13330078125,1195.7501220703125,1220.7501220703125,1198.698486328125,1191.7979736328125
M8_YHUR_SHUR,8,HUR,HUR,2025-02-18,2025-02-19,2,TSE,1121.7154541015625,1197.891845703125,1190.6767578125,1189.9510498046875,1199.345703125
M8_YHUR_SHUR,8,HUR,HUR,2025-02-18,2025-02-19,2,TSEC,69.71118927001953,79.7333755493164,80.30599212646484,78.54293060302734,79.60731506347656
M8_YHUR_SHUR,8,HUR,HUR,2025-02-18,2025-02-20,3,Yd,1090.4981689453125,1195.7501220703125,1222.200927734375,1199.1414794921875,1192.9111328125
M8_YHUR_SHUR,8,HUR,HUR,2025-02-18,2025-02-20,3,TSE,1265.143310546875,1197.891845703125,1167.401123046875,1176.2701416015625,1201.408935546875
M8_YHUR_SHUR,8,HUR,HUR,2025-02-18,2025-02-20,3,TSEC,97.76112365722656,79.7333755493164,80.91202545166016,78.58901977539062,79.65959167480469
M8_YHUR_SHUR,8,HUR,HUR,2025-02-19,2025-02-19,1,Yd,1173.13330078125,1196.0428466796875,1193.431884765625,1190.745849609375,1192.4339599609375
M8_YHUR_SHUR,8,HUR,HUR,2025-02-19,2025-02-19,1,TSE,1121.7154541015625,1197.839599609375,1190.71337890625,1212.203369140625,1200.0225830078125
M8_YHUR_SHUR,8,HUR,HUR,2025-02-19,2025-02-19,1,TSEC,69.71118927001953,79.72986602783203,82.3359146118164,79.0234146118164,79.46109008789062
M8_YHUR_SHUR,8,HUR,HUR,2025-02-19,2025-02-20,2,Yd,1090.4981689453125,1196.0428466796875,1206.5640869140625,1195.16796875,1191.613037109375
M8_YHUR_SHUR,8,HUR,HUR,2025-02-19,2025-02-20,2,TSE,1265.143310546875,1197.839599609375,1167.224853515625,1184.2996826171875,1202.543212890625
M8_YHUR_SHUR,8,HUR,HUR,2025-02-19,2025-02-20,2,TSEC,97.76112365722656,79.72986602783203,78.38304901123047,78.6737060546875,79.42170715332031
M8_YHUR_SHUR,8,HUR,HUR,2025-02-19,2025-02-21,3,Yd,1488.3095703125,1196.0428466796875,1224.4283447265625,1184.338134765625,1190.5084228515625
M8_YHUR_SHUR,8,HUR,HUR,2025-02-19,2025-02-21,3,TSE,1263.72216796875,1197.839599609375,1178.2005615234375,1202.1021728515625,1206.0118408203125
M8_YHUR_SHUR,8,HUR,HUR,2025-02-19,2025-02-21,3,TSEC,73.50907135009766,79.72986602783203,81.1398696899414,78.21881103515625,79.37386322021484
M8_YHUR_SHUR,8,HUR,HUR,2025-02-20,2025-02-20,1,Yd,1090.4981689453125,1196.013427734375,1213.268310546875,1180.433837890625,1191.6885986328125
M8_YHUR_SHUR,8,HUR,HUR,2025-02-20,2025-02-20,1,TSE,1265.143310546875,1197.7421875,1170.462646484375,1222.3978271484375,1201.0218505859375
M8_YHUR_SHUR,8,HUR,HUR,2025-02-20,2025-02-20,1,TSEC,97.76112365722656,79.717041015625,78.4701919555664,79.448486328125,79.39907836914062
M8_YHUR_SHUR,8,HUR,HUR,2025-02-20,2025-02-21,2,Yd,1488.3095703125,1196.013427734375,1204.7591552734375,1198.4957275390625,1189.3594970703125
M8_YHUR_SHUR,8,HUR,HUR,2025-02-20,2025-02-21,2,TSE,1263.72216796875,1197.7421875,1177.220703125,1213.2847900390625,1204.6513671875
M8_YHUR_SHUR,8,HUR,HUR,2025-02-20,2025-02-21,2,TSEC,73.50907135009766,79.717041015625,80.4908447265625,79.65740966796875,79.34476470947266
M8_YHUR_SHUR,8,HUR,HUR,2025-02-20,2025-02-22,3,Yd,1195.631591796875,1196.013427734375,1202.498291015625,1194.3013916015625,1187.8187255859375
M8_YHUR_SHUR,8,HUR,HUR,2025-02-20,2025-02-22,3,TSE,1194.4483642578125,1197.7421875,1183.1287841796875,1227.5003662109375,1209.5692138671875
M8_YHUR_SHUR,8,HUR,HUR,2025-02-20,2025-02-22,3,TSEC,79.80664825439453,79.717041015625,81.71318817138672,78.71048736572266,79.23950958251953
M8_YHUR_SHUR,8,HUR,HUR,2025-02-21,2025-02-21,1,Yd,1488.3095703125,1195.8785400390625,1187.1510009765625,1182.06396484375,1192.7503662109375
M8_YHUR_SHUR,8,HUR,HUR,2025-02-21,2025-02-21,1,TSE,1263.72216796875,1197.828369140625,1179.630126953125,1226.8468017578125,1203.28662109375
M8_YHUR_SHUR,8,HUR,HUR,2025-02-21,2025-02-21,1,TSEC,73.50907135009766,79.7401123046875,80.34078979492188,79.74906921386719,79.29084777832031
M8_YHUR_SHUR,8,HUR,HUR,2025-02-21,2025-02-22,2,Yd,1195.631591796875,1195.8785400390625,1216.2698974609375,1173.7723388671875,1193.075927734375
M8_YHUR_SHUR,8,HUR,HUR,2025-02-21,2025-02-22,2,TSE,1194.4483642578125,1197.828369140625,1184.5399169921875,1238.199951171875,1209.2364501953125
M8_YHUR_SHUR,8,HUR,HUR,2025-02-21,2025-02-22,2,TSEC,79.80664825439453,79.7401123046875,79.12288665771484,80.98614501953125,79.01640319824219
M8_YHUR_SHUR,8,HUR,HUR,2025-02-21,2025-02-23,3,Yd,1338.1646728515625,1195.8785400390625,1170.7027587890625,1174.2406005859375,1191.9959716796875
M8_YHUR_SHUR,8,HUR,HUR,2025-02-21,2025-02-23,3,TSE,1212.3118896484375,1197.828369140625,1179.7236328125,1206.2906494140625,1210.8421630859375
M8_YHUR_SHUR,8,HUR,HUR,2025-02-21,2025-02-23,3,TSEC,70.75855255126953,79.7401123046875,79.9967269897461,79.22261047363281,78.80118560791016
M8_YHUR_SHUR,8,HUR,HUR,2025-02-22,2025-02-22,1,Yd,1195.631591796875,1196.2520751953125,1219.24853515625,1183.492919921875,1192.1199951171875
M8_YHUR_SHUR,8,HUR,HUR,2025-02-22,2025-02-22,1,TSE,1194.4483642578125,1197.9124755859375,1185.277099609375,1219.8392333984375,1203.536865234375
M8_YHUR_SHUR,8,HUR,HUR,2025-02-22,2025-02-22,1,TSEC,79.80664825439453,79.73214721679688,79.34825134277344,78.9971923828125,79.21534729003906
M8_YHUR_SHUR,8,HUR,HUR,2025-02-22,2025-02-23,2,Yd,1338.1646728515625,1196.2520751953125,1236.2645263671875,1192.71435546875,1189.9434814453125
M8_YHUR_SHUR,8,HUR,HUR,2025-02-22,2025-02-23,2,TSE,1212.3118896484375,1197.9124755859375,1178.263671875,1182.2734375,1205.3248291015625
M8_YHUR_SHUR,8,HUR,HUR,2025-02-22,2025-02-23,2,TSEC,70.75855255126953,79.73214721679688,79.86385345458984,78.01187133789062,78.97610473632812
M8_YHUR_SHUR,8,HUR,HUR,2025-02-22,2025-02-24,3,Yd,1134.99853515625,1196.2520751953125,1189.3687744140625,1178.9681396484375,1186.1536865234375
M8_YHUR_SHUR,8,HUR,HUR,2025-02-22,2025-02-24,3,TSE,1222.621826171875,1197.9124755859375,1187.835205078125,1216.6097412109375,1203.7772216796875
M8_YHUR_SHUR,8,HUR,HUR,2025-02-22,2025-02-24,3,TSEC,75.8453140258789,79.73214721679688,81.61392211914062,77.71043395996094,79.03399658203125
M8_YHUR_SHUR,8,HUR,HUR,2025-02-23,2025-02-23,1,Yd,1338.1646728515625,1196.251220703125,1170.8104248046875,1190.813232421875,1190.5733642578125
M8_YHUR_SHUR,8,HUR,HUR,2025-02-23,2025-02-23,1,TSE,1212.3118896484375,1197.907958984375,1177.2330322265625,1227.8055419921875,1201.0150146484375
M8_YHUR_SHUR,8,HUR,HUR,2025-02-23,2025-02-23,1,TSEC,70.75855255126953,79.73225402832031,80.9886474609375,77.49336242675781,79.24930572509766
M8_YHUR_SHUR,8,HUR,HUR,2025-02-23,2025-02-24,2,Yd,1134.99853515625,1196.251220703125,1205.73095703125,1157.1214599609375,1185.9957275390625
M8_YHUR_SHUR,8,HUR,HUR,2025-02-23,2025-02-24,2,TSE,1222.621826171875,1197.907958984375,1188.2476806640625,1168.812255859375,1200.3970947265625
M8_YHUR_SHUR,8,HUR,HUR,2025-02-23,2025-02-24,2,TSEC,75.8453140258789,79.73225402832031,78.50396728515625,79.45858001708984,79.25350952148438
M8_YHUR_SHUR,8,HUR,HUR,2025-02-23,2025-02-25,3,Yd,1335.7667236328125,1196.251220703125,1210.3270263671875,1176.4002685546875,1182.1014404296875
M8_YHUR_SHUR,8,HUR,HUR,2025-02-23,2025-02-25,3,TSE,1240.4176025390625,1197.907958984375,1205.465576171875,1191.6741943359375,1200.7664794921875
M8_YHUR_SHUR,8,HUR,HUR,2025-02-23,2025-02-25,3,TSEC,84.34586334228516,79.73225402832031,80.5060806274414,79.5042724609375,79.30259704589844
M8_YHUR_SHUR,8,HUR,HUR,2025-02-24,2025-02-24,1,Yd,1134.99853515625,1196.4320068359375,1220.143798828125,1182.437255859375,1187.8729248046875
M8_YHUR_SHUR,8,HUR,HUR,2025-02-24,2025-02-24,1,TSE,1222.621826171875,1197.9263916015625,1188.02001953125,1209.2679443359375,1199.2630615234375
M8_YHUR_SHUR,8,HUR,HUR,2025-02-24,2025-02-24,1,TSEC,75.8453140258789,79.72081756591797,82.00315856933594,79.32662963867188,79.48786926269531
M8_YHUR_SHUR,8,HUR,HUR,2025-02-24,2025-02-25,2,Yd,1335.7667236328125,1196.4320068359375,1191.7437744140625,1195.94873046875,1184.967529296875
M8_YHUR_SHUR,8,HUR,HUR,2025-02-24,2025-02-25,2,TSE,1240.4176025390625,1197.9263916015625,1205.65478515625,1200.9853515625,1201.7596435546875
M8_YHUR_SHUR,8,HUR,HUR,2025-02-24,2025-02-25,2,TSEC,84.34586334228516,79.72081756591797,80.18701934814453,79.85611724853516,79.42932891845703
M8_YHUR_SHUR,8,HUR,HUR,2025-02-24,2025-02-26,3,Yd,1344.8150634765625,1196.4320068359375,1207.1646728515625,1187.96142578125,1185.779052734375
M8_YHUR_SHUR,8,HUR,HUR,2025-02-24,2025-02-26,3,TSE,948.0318603515625,1197.9263916015625,1179.81689453125,1194.974609375,1204.917236328125
M8_YHUR_SHUR,8,HUR,HUR,2025-02-24,2025-02-26,3,TSEC,79.95771789550781,79.72081756591797,80.1749038696289,79.6539077758789,79.49705505371094
M8_YHUR_SHUR,8,HUR,HUR,2025-02-25,2025-02-25,1,Yd,1335.7667236328125,1196.3538818359375,1203.672119140625,1162.123046875,1188.908447265625
M8_YHUR_SHUR,8,HUR,HUR,2025-02-25,2025-02-25,1,TSE,1240.4176025390625,1197.9578857421875,1178.8408203125,1210.280517578125,1201.5911865234375
M8_YHUR_SHUR,8,HUR,HUR,2025-02-25,2025-02-25,1,TSEC,84.34586334228516,79.71588897705078,80.51641845703125,79.32014465332031,79.50862884521484
M8_YHUR_SHUR,8,HUR,HUR,2025-02-25,2025-02-26,2,Yd,1344.8150634765625,1196.3538818359375,1192.4410400390625,1202.3973388671875,1187.946533203125
M8_YHUR_SHUR,8,HUR,HUR,2025-02-25,2025-02-26,2,TSE,948.0318603515625,1197.9578857421875,1186.6905517578125,1197.7645263671875,1205.2889404296875
M8_YHUR_SHUR,8,HUR,HUR,2025-02-25,2025-02-26,2,TSEC,79.95771789550781,79.71588897705078,79.86858367919922,79.7437515258789,79.52445220947266
M8_YHUR_SHUR,8,HUR,HUR,2025-02-25,2025-02-27,3,Yd,1285.7049560546875,1196.3538818359375,1201.9139404296875,1196.5145263671875,1188.6314697265625
M8_YHUR_SHUR,8,HUR,HUR,2025-02-25,2025-02-27,3,TSE,1164.1400146484375,1197.9578857421875,1175.274169921875,1195.751953125,1208.7950439453125
M8_YHUR_SHUR,8,HUR,HUR,2025-02-25,2025-02-27,3,TSEC,57.27483367919922,79.71588897705078,81.47871398925781,79.22478485107422,79.52674865722656
M8_YHUR_SHUR,8,HUR,HUR,2025-02-26,2025-02-26,1,Yd,1344.8150634765625,1196.531005859375,1230.220703125,1197.4093017578125,1191.7532958984375
M8_YHUR_SHUR,8,HUR,HUR,2025-02-26,2025-02-26,1,TSE,948.0318603515625,1198.01171875,1179.4127197265625,1217.402099609375,1202.103271484375
M8_YHUR_SHUR,8,HUR,HUR,2025-02-26,2025-02-26,1,TSEC,79.95771789550781,79.72177124023438,79.9952163696289,79.144287109375,79.4625473022461
M8_YHUR_SHUR,8,HUR,HUR,2025-02-26,2025-02-27,2,Yd,1285.7049560546875,1196.531005859375,1225.2861328125,1195.40625,1191.60986328125
M8_YHUR_SHUR,8,HUR,HUR,2025-02-26,2025-02-27,2,TSE,1164.1400146484375,1198.01171875,1204.704833984375,1191.5623779296875,1205.593994140625
M8_YHUR_SHUR,8,HUR,HUR,2025-02-26,2025-02-27,2,TSEC,57.27483367919922,79.72177124023438,81.33306884765625,80.06436920166016,79.41580200195312
M8_YHUR_SHUR,8,HUR,HUR,2025-02-26,2025-02-28,3,Yd,1134.669921875,1196.531005859375,1191.529541015625,1192.249267578125,1190.9183349609375
M8_YHUR_SHUR,8,HUR,HUR,2025-02-26,2025-02-28,3,TSE,1126.2569580078125,1198.01171875,1193.3587646484375,1188.9407958984375,1209.00927734375
M8_YHUR_SHUR,8,HUR,HUR,2025-02-26,2025-02-28,3,TSEC,65.8565444946289,79.72177124023438,80.91533660888672,79.9248275756836,79.43058013916016
M8_YHUR_SHUR,8,HUR,HUR,2025-02-27,2025-02-27,1,Yd,1285.7049560546875,1196.7191162109375,1213.23583984375,1187.3680419921875,1191.5657958984375
M8_YHUR_SHUR,8,HUR,HUR,2025-02-27,2025-02-27,1,TSE,1164.1400146484375,1197.6944580078125,1182.93408203125,1253.2445068359375,1201.43798828125
M8_YHUR_SHUR,8,HUR,HUR,2025-02-27,2025-02-27,1,TSEC,57.27483367919922,79.7220687866211,81.35449981689453,79.38175201416016,79.40241241455078
M8_YHUR_SHUR,8,HUR,HUR,2025-02-27,2025-02-28,2,Yd,1134.669921875,1196.7191162109375,1227.8331298828125,1175.78076171875,1188.987060546875
M8_YHUR_SHUR,8,HUR,HUR,2025-02-27,2025-02-28,2,TSE,1126.2569580078125,1197.6944580078125,1168.559326171875,1224.4759521484375,1204.7835693359375
M8_YHUR_SHUR,8,HUR,HUR,2025-02-27,2025-02-28,2,TSEC,65.8565444946289,79.7220687866211,80.89712524414062,79.36204528808594,79.356689453125
M8_YHUR_SHUR,8,HUR,HUR,2025-02-27,2025-03-01,3,Yd,1198.0987548828125,1196.7191162109375,1196.0224609375,1173.0693359375,1186.50341796875
M8_YHUR_SHUR,8,HUR,HUR,2025-02-27,2025-03-01,3,TSE,1190.7169189453125,1197.6944580078125,1183.84375,1234.7945556640625,1208.699951171875
M8_YHUR_SHUR,8,HUR,HUR,2025-02-27,2025-03-01,3,TSEC,71.61933135986328,79.7220687866211,79.01128387451172,79.20796966552734,79.3248062133789
M8_YHUR_SHUR,8,HUR,HUR,2025-02-28,2025-02-28,1,Yd,1134.669921875,1196.8319091796875,1233.06640625,1199.6060791015625,1190.0341796875
M8_YHUR_SHUR,8,HUR,HUR,2025-02-28,2025-02-28,1,TSE,1126.2569580078125,1197.6519775390625,1168.718994140625,1213.169677734375,1202.107421875
M8_YHUR_SHUR,8,HUR,HUR,2025-02-28,2025-02-28,1,TSEC,65.8565444946289,79.6936264038086,81.3687744140625,79.00670623779297,79.45082092285156
M8_YHUR_SHUR,8,HUR,HUR,2025-02-28,2025-03-01,2,Yd,1198.0987548828125,1196.8319091796875,1197.3658447265625,1202.968994140625,1186.2757568359375
M8_YHUR_SHUR,8,HUR,HUR,2025-02-28,2025-03-01,2,TSE,1190.7169189453125,1197.6519775390625,1183.1265869140625,1228.205322265625,1206.2288818359375
M8_YHUR_SHUR,8,HUR,HUR,2025-02-28,2025-03-01,2,TSEC,71.61933135986328,79.6936264038086,80.20259094238281,79.38034057617188,79.32366943359375
M8_YHUR_SHUR,8,HUR,HUR,2025-02-28,2025-03-02,3,Yd,1405.2874755859375,1196.8319091796875,1229.72509765625,1198.28515625,1181.8004150390625
M8_YHUR_SHUR,8,HUR,HUR,2025-02-28,2025-03-02,3,TSE,1318.0604248046875,1197.6519775390625,1175.0545654296875,1226.010986328125,1206.7471923828125
M8_YHUR_SHUR,8,HUR,HUR,2025-02-28,2025-03-02,3,TSEC,70.708984375,79.6936264038086,81.48912048339844,78.86445617675781,79.27936553955078
M8_YHUR_SHUR,8,HUR,HUR,2025-03-01,2025-03-01,1,Yd,1198.0987548828125,1196.7532958984375,1220.960693359375,1192.2164306640625,1189.7049560546875
M8_YHUR_SHUR,8,HUR,HUR,2025-03-01,2025-03-01,1,TSE,1190.7169189453125,1197.5616455078125,1187.2540283203125,1235.3323974609375,1202.896240234375
M8_YHUR_SHUR,8,HUR,HUR,2025-03-01,2025-03-01,1,TSEC,71.61933135986328,79.67610931396484,80.0582275390625,78.91705322265625,79.33451843261719
M8_YHUR_SHUR,8,HUR,HUR,2025-03-01,2025-03-02,2,Yd,1405.2874755859375,1196.7532958984375,1182.176513671875,1182.527587890625,1184.1688232421875
M8_YHUR_SHUR,8,HUR,HUR,2025-03-01,2025-03-02,2,TSE,1318.0604248046875,1197.5616455078125,1170.4661865234375,1229.1448974609375,1203.8306884765625
M8_YHUR_SHUR,8,HUR,HUR,2025-03-01,2025-03-02,2,TSEC,70.708984375,79.67610931396484,80.36795806884766,80.37886810302734,79.22354125976562
M8_YHUR_SHUR,8,HUR,HUR,2025-03-01,2025-03-03,3,Yd,1142.8004150390625,1196.7532958984375,1211.808837890625,1193.025634765625,1179.3568115234375
M8_YHUR_SHUR,8,HUR,HUR,2025-03-01,2025-03-03,3,TSE,1081.9854736328125,1197.5616455078125,1187.847900390625,1235.319580078125,1203.85302734375
M8_YHUR_SHUR,8,HUR,HUR,2025-03-01,2025-03-03,3,TSEC,90.75028228759766,79.67610931396484,80.28759765625,80.19332122802734,79.23015594482422
M8_YHUR_SHUR,8,HUR,HUR,2025-03-02,2025-03-02,1,Yd,1405.2874755859375,1196.7548828125,1179.667724609375,1165.22998046875,1188.1131591796875
M8_YHUR_SHUR,8,HUR,HUR,2025-03-02,2025-03-02,1,TSE,1318.0604248046875,1197.552978515625,1192.9783935546875,1201.3216552734375,1200.8465576171875
M8_YHUR_SHUR,8,HUR,HUR,2025-03-02,2025-03-02,1,TSEC,70.708984375,79.6659164428711,80.27922058105469,79.72496795654297,79.3450927734375
M8_YHUR_SHUR,8,HUR,HUR,2025-03-02,2025-03-03,2,Yd,1142.8004150390625,1196.7548828125,1210.12548828125,1186.026123046875,1182.6002197265625
M8_YHUR_SHUR,8,HUR,HUR,2025-03-02,2025-03-03,2,TSE,1081.9854736328125,1197.552978515625,1180.6832275390625,1194.0125732421875,1201.7850341796875
M8_YHUR_SHUR,8,HUR,HUR,2025-03-02,2025-03-03,2,TSEC,90.75028228759766,79.6659164428711,81.2149429321289,79.61048889160156,79.31153106689453
M8_YHUR_SHUR,8,HUR,HUR,2025-03-02,2025-03-04,3,Yd,1067.7353515625,1196.7548828125,1212.8646240234375,1188.426513671875,1179.225341796875
M8_YHUR_SHUR,8,HUR,HUR,2025-03-02,2025-03-04,3,TSE,1176.1356201171875,1197.552978515625,1174.38232421875,1214.34228515625,1205.0980224609375
M8_YHUR_SHUR,8,HUR,HUR,2025-03-02,2025-03-04,3,TSEC,93.54943084716797,79.6659164428711,80.39149475097656,79.45313262939453,79.37760925292969
M8_YHUR_SHUR,8,HUR,HUR,2025-03-03,2025-03-03,1,Yd,1142.8004150390625,1197.0181884765625,1221.763916015625,1188.6123046875,1186.9842529296875
M8_YHUR_SHUR,8,HUR,HUR,2025-03-03,2025-03-03,1,TSE,1081.9854736328125,1197.705078125,1175.9617919921875,1199.5079345703125,1200.6136474609375
M8_YHUR_SHUR,8,HUR,HUR,2025-03-03,2025-03-03,1,TSEC,90.75028228759766,79.65460968017578,81.44100952148438,79.22666931152344,79.4642333984375
M8_YHUR_SHUR,8,HUR,HUR,2025-03-03,2025-03-04,2,Yd,1067.7353515625,1197.0181884765625,1195.6324462890625,1203.6712646484375,1183.72265625
M8_YHUR_SHUR,8,HUR,HUR,2025-03-03,2025-03-04,2,TSE,1176.1356201171875,1197.705078125,1174.551513671875,1174.784423828125,1204.47119140625
M8_YHUR_SHUR,8,HUR,HUR,2025-03-03,2025-03-04,2,TSEC,93.54943084716797,79.65460968017578,80.26243591308594,80.59758758544922,79.43419647216797
M8_YHUR_SHUR,8,HUR,HUR,2025-03-03,2025-03-05,3,Yd,1148.19140625,1197.0181884765625,1205.75048828125,1209.5977783203125,1183.65576171875
M8_YHUR_SHUR,8,HUR,HUR,2025-03-03,2025-03-05,3,TSE,964.8200073242188,1197.705078125,1181.230712890625,1178.8856201171875,1209.1868896484375
M8_YHUR_SHUR,8,HUR,HUR,2025-03-03,2025-03-05,3,TSEC,96.22477722167969,79.65460968017578,79.77488708496094,78.87386322021484,79.43234252929688
M8_YHUR_SHUR,8,HUR,HUR,2025-03-04,2025-03-04,1,Yd,1067.7353515625,1196.9498291015625,1200.112548828125,1195.0181884765625,1188.4346923828125
M8_YHUR_SHUR,8,HUR,HUR,2025-03-04,2025-03-04,1,TSE,1176.1356201171875,1197.5592041015625,1179.189453125,1212.439697265625,1201.2928466796875
M8_YHUR_SHUR,8,HUR,HUR,2025-03-04,2025-03-04,1,TSEC,93.54943084716797,79.6686019897461,79.98460388183594,79.67208862304688,79.46143341064453
M8_YHUR_SHUR,8,HUR,HUR,2025-03-04,2025-03-05,2,Yd,1148.19140625,1196.9498291015625,1197.044189453125,1190.3558349609375,1187.1783447265625
M8_YHUR_SHUR,8,HUR,HUR,2025-03-04,2025-03-05,2,TSE,964.8200073242188,1197.5592041015625,1179.8634033203125,1203.549560546875,1205.1551513671875
M8_YHUR_SHUR,8,HUR,HUR,2025-03-04,2025-03-05,2,TSEC,96.22477722167969,79.6686019897461,80.17337036132812,80.8370132446289,79.41960906982422
M8_YHUR_SHUR,8,HUR,HUR,2025-03-04,2025-03-06,3,Yd,1125.9312744140625,1196.9498291015625,1198.019775390625,1190.279541015625,1187.2498779296875
M8_YHUR_SHUR,8,HUR,HUR,2025-03-04,2025-03-06,3,TSE,1318.4688720703125,1197.5592041015625,1174.986328125,1188.9654541015625,1208.66455078125
M8_YHUR_SHUR,8,HUR,HUR,2025-03-04,2025-03-06,3,TSEC,88.91452026367188,79.6686019897461,80.5715560913086,80.32760620117188,79.39495086669922
M8_YHUR_SHUR,8,HUR,HUR,2025-03-05,2025-03-05,1,Yd,1148.19140625,1196.787109375,1173.9580078125,1168.0933837890625,1191.02734375
M8_YHUR_SHUR,8,HUR,HUR,2025-03-05,2025-03-05,1,TSE,964.8200073242188,1197.5322265625,1180.0499267578125,1216.687255859375,1202.40234375
M8_YHUR_SHUR,8,HUR,HUR,2025-03-05,2025-03-05,1,TSEC,96.22477722167969,79.68608093261719,81.38567352294922,80.64442443847656,79.51002502441406
M8_YHUR_SHUR,8,HUR,HUR,2025-03-05,2025-03-06,2,Yd,1125.9312744140625,1196.787109375,1211.5594482421875,1188.447265625,1190.03662109375
M8_YHUR_SHUR,8,HUR,HUR,2025-03-05,2025-03-06,2,TSE,1318.4688720703125,1197.5322265625,1174.9056396484375,1196.4505615234375,1205.8017578125
M8_YHUR_SHUR,8,HUR,HUR,2025-03-05,2025-03-06,2,TSEC,88.91452026367188,79.68608093261719,78.8650894165039,79.67284393310547,79.51171875
M8_YHUR_SHUR,8,HUR,HUR,2025-03-05,2025-03-07,3,Yd,1490.6832275390625,1196.787109375,1237.677734375,1186.6121826171875,1189.050048828125
M8_YHUR_SHUR,8,HUR,HUR,2025-03-05,2025-03-07,3,TSE,1311.9193115234375,1197.5322265625,1175.128662109375,1202.1856689453125,1209.3017578125
M8_YHUR_SHUR,8,HUR,HUR,2025-03-05,2025-03-07,3,TSEC,84.75638580322266,79.68608093261719,80.66112518310547,78.7443618774414,79.52631378173828
M8_YHUR_SHUR,8,HUR,HUR,2025-03-06,2025-03-06,1,Yd,1125.9312744140625,1196.72607421875,1209.691162109375,1198.163330078125,1192.8145751953125
M8_YHUR_SHUR,8,HUR,HUR,2025-03-06,2025-03-06,1,TSE,1318.4688720703125,1197.239501953125,1188.8817138671875,1210.7762451171875,1202.173583984375
M8_YHUR_SHUR,8,HUR,HUR,2025-03-06,2025-03-06,1,TSEC,88.91452026367188,79.7068862915039,80.95897674560547,79.5504379272461,79.5835189819336
M8_YHUR_SHUR,8,HUR,HUR,2025-03-06,2025-03-07,2,Yd,1490.6832275390625,1196.72607421875,1237.4451904296875,1184.9208984375,1192.9449462890625
M8_YHUR_SHUR,8,HUR,HUR,2025-03-06,2025-03-07,2,TSE,1311.9193115234375,1197.239501953125,1176.6702880859375,1219.71923828125,1207.49560546875
M8_YHUR_SHUR,8,HUR,HUR,2025-03-06,2025-03-07,2,TSEC,84.75638580322266,79.7068862915039,80.66815185546875,79.23515319824219,79.57666015625
M8_YHUR_SHUR,8,HUR,HUR,2025-03-06,2025-03-08,3,Yd,1355.97216796875,1196.72607421875,1192.732666015625,1167.684814453125,1191.504638671875
M8_YHUR_SHUR,8,HUR,HUR,2025-03-06,2025-03-08,3,TSE,1192.064697265625,1197.239501953125,1182.5994873046875,1212.9219970703125,1211.9530029296875
M8_YHUR_SHUR,8,HUR,HUR,2025-03-06,2025-03-08,3,TSEC,76.99925994873047,79.7068862915039,78.76085662841797,79.28665924072266,79.50762939453125
M8_YHUR_SHUR,8,HUR,HUR,2025-03-07,2025-03-07,1,Yd,1490.6832275390625,1196.6370849609375,1225.227294921875,1162.9573974609375,1193.8695068359375
M8_YHUR_SHUR,8,HUR,HUR,2025-03-07,2025-03-07,1,TSE,1311.9193115234375,1197.391845703125,1156.063720703125,1208.3446044921875,1203.604736328125
M8_YHUR_SHUR,8,HUR,HUR,2025-03-07,2025-03-07,1,TSEC,84.75638580322266,79.71845245361328,80.57843017578125,80.30664825439453,79.45307159423828
M8_YHUR_SHUR,8,HUR,HUR,2025-03-07,2025-03-08,2,Yd,1355.97216796875,1196.6370849609375,1198.8037109375,1160.1650390625,1194.8814697265625
M8_YHUR_SHUR,8,HUR,HUR,2025-03-07,2025-03-08,2,TSE,1192.064697265625,1197.391845703125,1198.53564453125,1204.808837890625,1209.4420166015625
M8_YHUR_SHUR,8,HUR,HUR,2025-03-07,2025-03-08,2,TSEC,76.99925994873047,79.71845245361328,78.84420013427734,78.62154388427734,79.27254486083984
M8_YHUR_SHUR,8,HUR,HUR,2025-03-07,2025-03-09,3,Yd,1185.630859375,1196.6370849609375,1237.3587646484375,1143.0615234375,1194.144775390625
M8_YHUR_SHUR,8,HUR,HUR,2025-03-07,2025-03-09,3,TSE,1252.4071044921875,1197.391845703125,1155.05029296875,1206.78515625,1211.4224853515625
M8_YHUR_SHUR,8,HUR,HUR,2025-03-07,2025-03-09,3,TSEC,67.80280303955078,79.71845245361328,79.6672134399414,78.5522232055664,79.22520446777344
M8_YHUR_SHUR,8,HUR,HUR,2025-03-08,2025-03-08,1,Yd,1355.97216796875,1197.0059814453125,1207.8809814453125,1199.9954833984375,1192.38037109375
M8_YHUR_SHUR,8,HUR,HUR,2025-03-08,2025-03-08,1,TSE,1192.064697265625,1197.5355224609375,1187.6597900390625,1215.9854736328125,1202.350341796875
M8_YHUR_SHUR,8,HUR,HUR,2025-03-08,2025-03-08,1,TSEC,76.99925994873047,79.72477722167969,80.55488586425781,79.38738250732422,79.28064727783203
M8_YHUR_SHUR,8,HUR,HUR,2025-03-08,2025-03-09,2,Yd,1185.630859375,1197.0059814453125,1246.5770263671875,1194.003662109375,1190.5216064453125
M8_YHUR_SHUR,8,HUR,HUR,2025-03-08,2025-03-09,2,TSE,1252.4071044921875,1197.5355224609375,1165.7899169921875,1187.3504638671875,1203.779052734375
M8_YHUR_SHUR,8,HUR,HUR,2025-03-08,2025-03-09,2,TSEC,67.80280303955078,79.72477722167969,80.5741195678711,77.70148468017578,79.11174774169922
M8_YHUR_SHUR,8,HUR,HUR,2025-03-08,2025-03-10,3,Yd,1236.891357421875,1197.0059814453125,1196.9600830078125,1194.633056640625,1185.3365478515625
M8_YHUR_SHUR,8,HUR,HUR,2025-03-08,2025-03-10,3,TSE,1159.708740234375,1197.5355224609375,1190.9024658203125,1208.9168701171875,1203.4775390625
M8_YHUR_SHUR,8,HUR,HUR,2025-03-08,2025-03-10,3,TSEC,90.99345397949219,79.72477722167969,79.99409484863281,76.774658203125,79.12739562988281
M8_YHUR_SHUR,8,HUR,HUR,2025-03-09,2025-03-09,1,Yd,1185.630859375,1197.2052001953125,1252.83642578125,1197.8858642578125,1189.326904296875
M8_YHUR_SHUR,8,HUR,HUR,2025-03-09,2025-03-09,1,TSE,1252.4071044921875,1197.5286865234375,1174.091796875,1215.9251708984375,1199.551513671875
M8_YHUR_SHUR,8,HUR,HUR,2025-03-09,2025-03-09,1,TSEC,67.80280303955078,79.72135925292969,80.57917022705078,77.86923217773438,79.35621643066406
M8_YHUR_SHUR,8,HUR,HUR,2025-03-09,2025-03-10,2,Yd,1236.891357421875,1197.2052001953125,1200.923828125,1167.889892578125,1182.944091796875
M8_YHUR_SHUR,8,HUR,HUR,2025-03-09,2025-03-10,2,TSE,1159.708740234375,1197.5286865234375,1188.259765625,1164.04443359375,1199.1483154296875
M8_YHUR_SHUR,8,HUR,HUR,2025-03-09,2025-03-10,2,TSEC,90.99345397949219,79.72135925292969,79.9762954711914,79.5423812866211,79.30587768554688
M8_YHUR_SHUR,8,HUR,HUR,2025-03-09,2025-03-11,3,Yd,1205.8726806640625,1197.2052001953125,1200.5078125,1176.0252685546875,1180.016845703125
M8_YHUR_SHUR,8,HUR,HUR,2025-03-09,2025-03-11,3,TSE,1240.14453125,1197.5286865234375,1199.9766845703125,1199.440185546875,1200.5491943359375
M8_YHUR_SHUR,8,HUR,HUR,2025-03-09,2025-03-11,3,TSEC,80.00409698486328,79.72135925292969,80.03487396240234,79.41202545166016,79.2100830078125
M8_YHUR_SHUR,8,HUR,HUR,2025-03-10,2025-03-10,1,Yd,1236.891357421875,1197.190673828125,1195.886474609375,1164.41796875,1186.4781494140625
M8_YHUR_SHUR,8,HUR,HUR,2025-03-10,2025-03-10,1,TSE,1159.708740234375,1197.5972900390625,1184.474365234375,1198.744873046875,1199.696533203125
M8_YHUR_SHUR,8,HUR,HUR,2025-03-10,2025-03-10,1,TSEC,90.99345397949219,79.7064437866211,80.02266693115234,79.48483276367188,79.46398162841797
M8_YHUR_SHUR,8,HUR,HUR,2025-03-10,2025-03-11,2,Yd,1205.8726806640625,1197.190673828125,1199.555419921875,1201.845947265625,1183.2801513671875
M8_YHUR_SHUR,8,HUR,HUR,2025-03-10,2025-03-11,2,TSE,1240.14453125,1197.5972900390625,1182.0848388671875,1179.21533203125,1203.4095458984375
M8_YHUR_SHUR,8,HUR,HUR,2025-03-10,2025-03-11,2,TSEC,80.00409698486328,79.7064437866211,79.91727447509766,80.33824920654297,79.39927673339844
M8_YHUR_SHUR,8,HUR,HUR,2025-03-10,2025-03-12,3,Yd,1152.0552978515625,1197.190673828125,1203.1353759765625,1207.103759765625,1183.576416015625
M8_YHUR_SHUR,8,HUR,HUR,2025-03-10,2025-03-12,3,TSE,1191.01171875,1197.5972900390625,1193.46826171875,1181.823486328125,1207.8399658203125
M8_YHUR_SHUR,8,HUR,HUR,2025-03-10,2025-03-12,3,TSEC,77.79027557373047,79.7064437866211,79.95608520507812,79.53849792480469,79.37464141845703
M8_YHUR_SHUR,8,HUR,HUR,2025-03-11,2025-03-11,1,Yd,1205.8726806640625,1197.2403564453125,1203.043701171875,1186.9818115234375,1188.3001708984375
M8_YHUR_SHUR,8,HUR,HUR,2025-03-11,2025-03-11,1,TSE,1240.14453125,1197.5499267578125,1174.4239501953125,1204.6661376953125,1201.33740234375
M8_YHUR_SHUR,8,HUR,HUR,2025-03-11,2025-03-11,1,TSEC,80.00409698486328,79.72055053710938,80.10468292236328,79.28199005126953,79.493408203125
M8_YHUR_SHUR,8,HUR,HUR,2025-03-11,2025-03-12,2,Yd,1152.0552978515625,1197.2403564453125,1203.117431640625,1202.4212646484375,1187.5040283203125
M8_YHUR_SHUR,8,HUR,HUR,2025-03-11,2025-03-12,2,TSE,1191.01171875,1197.5499267578125,1178.3033447265625,1214.1923828125,1205.3232421875
M8_YHUR_SHUR,8,HUR,HUR,2025-03-11,2025-03-12,2,TSEC,77.79027557373047,79.72055053710938,80.3824234008789,80.06578826904297,79.45006561279297
M8_YHUR_SHUR,8,HUR,HUR,2025-03-11,2025-03-13,3,Yd,1202.341796875,1197.2403564453125,1201.6068115234375,1197.492431640625,1188.045166015625
M8_YHUR_SHUR,8,HUR,HUR,2025-03-11,2025-03-13,3,TSE,1267.2205810546875,1197.5499267578125,1174.698486328125,1198.889404296875,1207.7867431640625
M8_YHUR_SHUR,8,HUR,HUR,2025-03-11,2025-03-13,3,TSEC,75.92576599121094,79.72055053710938,80.00590515136719,79.88455963134766,79.46477508544922
M8_YHUR_SHUR,8,HUR,HUR,2025-03-12,2025-03-12,1,Yd,1152.0552978515625,1197.251220703125,1204.26220703125,1171.2147216796875,1190.8221435546875
M8_YHUR_SHUR,8,HUR,HUR,2025-03-12,2025-03-12,1,TSE,1191.01171875,1197.6031494140625,1188.103759765625,1208.1661376953125,1202.7845458984375
M8_YHUR_SHUR,8,HUR,HUR,2025-03-12,2025-03-12,1,TSEC,77.79027557373047,79.72090911865234,81.37422943115234,79.70836639404297,79.51361846923828
M8_YHUR_SHUR,8,HUR,HUR,2025-03-12,2025-03-13,2,Yd,1202.341796875,1197.251220703125,1201.2611083984375,1192.1656494140625,1190.408203125
M8_YHUR_SHUR,8,HUR,HUR,2025-03-12,2025-03-13,2,TSE,1267.2205810546875,1197.6031494140625,1201.6663818359375,1189.235107421875,1205.8253173828125
M8_YHUR_SHUR,8,HUR,HUR,2025-03-12,2025-03-13,2,TSEC,75.92576599121094,79.72090911865234,78.86466979980469,79.94585418701172,79.48908996582031
M8_YHUR_SHUR,8,HUR,HUR,2025-03-12,2025-03-14,3,Yd,1321.9598388671875,1197.251220703125,1232.2357177734375,1184.9698486328125,1189.1351318359375
M8_YHUR_SHUR,8,HUR,HUR,2025-03-12,2025-03-14,3,TSE,1167.0439453125,1197.6031494140625,1188.618896484375,1189.995849609375,1208.0745849609375
M8_YHUR_SHUR,8,HUR,HUR,2025-03-12,2025-03-14,3,TSEC,82.10697937011719,79.72090911865234,80.9574966430664,79.50911712646484,79.5391616821289
M8_YHUR_SHUR,8,HUR,HUR,2025-03-13,2025-03-13,1,Yd,1202.341796875,1197.19482421875,1197.76708984375,1183.1568603515625,1191.59130859375
M8_YHUR_SHUR,8,HUR,HUR,2025-03-13,2025-03-13,1,TSE,1267.2205810546875,1197.594970703125,1200.6756591796875,1199.9327392578125,1202.0028076171875
M8_YHUR_SHUR,8,HUR,HUR,2025-03-13,2025-03-13,1,TSEC,75.92576599121094,79.71849822998047,80.02684020996094,79.31170654296875,79.50511932373047
M8_YHUR_SHUR,8,HUR,HUR,2025-03-13,2025-03-14,2,Yd,1321.9598388671875,1197.19482421875,1231.3477783203125,1195.989013671875,1190.1983642578125
M8_YHUR_SHUR,8,HUR,HUR,2025-03-13,2025-03-14,2,TSE,1167.0439453125,1197.594970703125,1188.87353515625,1215.6064453125,1205.5206298828125
M8_YHUR_SHUR,8,HUR,HUR,2025-03-13,2025-03-14,2,TSEC,82.10697937011719,79.71849822998047,80.41256713867188,79.70967864990234,79.48277282714844
M8_YHUR_SHUR,8,HUR,HUR,2025-03-13,2025-03-15,3,Yd,1111.3818359375,1197.19482421875,1208.581298828125,1190.193603515625,1188.173583984375
M8_YHUR_SHUR,8,HUR,HUR,2025-03-13,2025-03-15,3,TSE,1092.8052978515625,1197.594970703125,1180.2427978515625,1222.9298095703125,1208.3331298828125
M8_YHUR_SHUR,8,HUR,HUR,2025-03-13,2025-03-15,3,TSEC,88.03211975097656,79.71849822998047,80.27749633789062,79.08397674560547,79.48775482177734
M8_YHUR_SHUR,8,HUR,HUR,2025-03-14,2025-03-14,1,Yd,1321.9598388671875,1197.2012939453125,1231.526123046875,1185.72998046875,1191.5987548828125
M8_YHUR_SHUR,8,HUR,HUR,2025-03-14,2025-03-14,1,TSE,1167.0439453125,1197.681640625,1188.0482177734375,1215.5142822265625,1202.2352294921875
M8_YHUR_SHUR,8,HUR,HUR,2025-03-14,2025-03-14,1,TSEC,82.10697937011719,79.71377563476562,80.27792358398438,79.62831115722656,79.47442626953125
M8_YHUR_SHUR,8,HUR,HUR,2025-03-14,2025-03-15,2,Yd,1111.3818359375,1197.2012939453125,1209.2877197265625,1191.342529296875,1190.3914794921875
M8_YHUR_SHUR,8,HUR,HUR,2025-03-14,2025-03-15,2,TSE,1092.8052978515625,1197.681640625,1182.41650390625,1225.3489990234375,1206.155029296875
M8_YHUR_SHUR,8,HUR,HUR,2025-03-14,2025-03-15,2,TSEC,88.03211975097656,79.71377563476562,80.2068862915039,80.0013198852539,79.3668441772461
M8_YHUR_SHUR,8,HUR,HUR,2025-03-14,2025-03-16,3,Yd,1306.4898681640625,1197.2012939453125,1234.4832763671875,1181.90673828125,1187.993408203125
M8_YHUR_SHUR,8,HUR,HUR,2025-03-14,2025-03-16,3,TSE,1251.6265869140625,1197.681640625,1172.952880859375,1222.8575439453125,1207.21630859375
M8_YHUR_SHUR,8,HUR,HUR,2025-03-14,2025-03-16,3,TSEC,79.57356262207031,79.71377563476562,80.62579345703125,79.33329010009766,79.24951171875
M8_YHUR_SHUR,8,HUR,HUR,2025-03-15,2025-03-15,1,Yd,1111.3818359375,1197.3563232421875,1215.596923828125,1178.3736572265625,1191.114501953125
M8_YHUR_SHUR,8,HUR,HUR,2025-03-15,2025-03-15,1,TSE,1092.8052978515625,1197.6435546875,1176.7626953125,1231.1239013671875,1202.1170654296875
M8_YHUR_SHUR,8,HUR,HUR,2025-03-15,2025-03-15,1,TSEC,88.03211975097656,79.71675109863281,78.75264739990234,80.39081573486328,79.33311462402344
M8_YHUR_SHUR,8,HUR,HUR,2025-03-15,2025-03-16,2,Yd,1306.4898681640625,1197.3563232421875,1236.5106201171875,1172.3145751953125,1187.6925048828125
M8_YHUR_SHUR,8,HUR,HUR,2025-03-15,2025-03-16,2,TSE,1251.6265869140625,1197.6435546875,1161.0911865234375,1211.746337890625,1203.2781982421875
M8_YHUR_SHUR,8,HUR,HUR,2025-03-15,2025-03-16,2,TSEC,79.57356262207031,79.71675109863281,79.83036041259766,79.59304809570312,79.20326232910156
M8_YHUR_SHUR,8,HUR,HUR,2025-03-15,2025-03-17,3,Yd,1208.536865234375,1197.3563232421875,1201.5916748046875,1185.5594482421875,1181.3582763671875
M8_YHUR_SHUR,8,HUR,HUR,2025-03-15,2025-03-17,3,TSE,1157.5299072265625,1197.6435546875,1191.4417724609375,1233.5562744140625,1203.004150390625
M8_YHUR_SHUR,8,HUR,HUR,2025-03-15,2025-03-17,3,TSEC,92.16963958740234,79.71675109863281,81.37803649902344,79.59258270263672,79.12821960449219
M8_YHUR_SHUR,8,HUR,HUR,2025-03-16,2025-03-16,1,Yd,1306.4898681640625,1197.24951171875,1229.0458984375,1167.4676513671875,1189.0037841796875
M8_YHUR_SHUR,8,HUR,HUR,2025-03-16,2025-03-16,1,TSE,1251.6265869140625,1197.5133056640625,1175.985107421875,1212.1014404296875,1199.9388427734375
M8_YHUR_SHUR,8,HUR,HUR,2025-03-16,2025-03-16,1,TSEC,79.57356262207031,79.72708892822266,80.52859497070312,78.65314483642578,79.3955307006836
M8_YHUR_SHUR,8,HUR,HUR,2025-03-16,2025-03-17,2,Yd,1208.536865234375,1197.24951171875,1200.2100830078125,1183.31884765625,1182.349853515625
M8_YHUR_SHUR,8,HUR,HUR,2025-03-16,2025-03-17,2,TSE,1157.5299072265625,1197.5133056640625,1180.909423828125,1200.7764892578125,1199.774169921875
M8_YHUR_SHUR,8,HUR,HUR,2025-03-16,2025-03-17,2,TSEC,92.16963958740234,79.72708892822266,80.33196258544922,79.31025695800781,79.33008575439453
M8_YHUR_SHUR,8,HUR,HUR,2025-03-16,2025-03-18,3,Yd,1313.5889892578125,1197.24951171875,1213.30517578125,1192.2861328125,1178.6087646484375
M8_YHUR_SHUR,8,HUR,HUR,2025-03-16,2025-03-18,3,TSE,1074.574951171875,1197.5133056640625,1177.5191650390625,1202.5560302734375,1202.947265625
M8_YHUR_SHUR,8,HUR,HUR,2025-03-16,2025-03-18,3,TSEC,86.79888916015625,79.72708892822266,80.47135162353516,79.52406311035156,79.3071060180664
M8_YHUR_SHUR,8,HUR,HUR,2025-03-17,2025-03-17,1,Yd,1208.536865234375,1197.3851318359375,1211.916259765625,1162.834716796875,1186.080322265625
M8_YHUR_SHUR,8,HUR,HUR,2025-03-17,2025-03-17,1,TSE,1157.5299072265625,1197.5804443359375,1187.334228515625,1208.5462646484375,1199.2938232421875
M8_YHUR_SHUR,8,HUR,HUR,2025-03-17,2025-03-17,1,TSEC,92.16963958740234,79.72689056396484,79.1444091796875,79.70936584472656,79.49017333984375
M8_YHUR_SHUR,8,HUR,HUR,2025-03-17,2025-03-18,2,Yd,1313.5889892578125,1197.3851318359375,1203.0523681640625,1194.77490234375,1182.64990234375
M8_YHUR_SHUR,8,HUR,HUR,2025-03-17,2025-03-18,2,TSE,1074.574951171875,1197.5804443359375,1209.4510498046875,1186.6544189453125,1202.88720703125
M8_YHUR_SHUR,8,HUR,HUR,2025-03-17,2025-03-18,2,TSEC,86.79888916015625,79.72689056396484,79.88311004638672,79.85688018798828,79.40220642089844
M8_YHUR_SHUR,8,HUR,HUR,2025-03-17,2025-03-19,3,Yd,1185.374267578125,1197.3851318359375,1194.872314453125,1191.172119140625,1183.217529296875
M8_YHUR_SHUR,8,HUR,HUR,2025-03-17,2025-03-19,3,TSE,1274.512451171875,1197.5804443359375,1187.8253173828125,1178.4129638671875,1206.67578125
M8_YHUR_SHUR,8,HUR,HUR,2025-03-17,2025-03-19,3,TSEC,88.9836654663086,79.72689056396484,81.11237335205078,79.84500122070312,79.34619140625
M8_YHUR_SHUR,8,HUR,HUR,2025-03-18,2025-03-18,1,Yd,1313.5889892578125,1197.39892578125,1200.741943359375,1184.583740234375,1188.1724853515625
M8_YHUR_SHUR,8,HUR,HUR,2025-03-18,2025-03-18,1,TSE,1074.574951171875,1197.5308837890625,1179.04931640625,1201.7454833984375,1201.3248291015625
M8_YHUR_SHUR,8,HUR,HUR,2025-03-18,2025-03-18,1,TSEC,86.79888916015625,79.7423095703125,79.84998321533203,78.96881103515625,79.5633773803711
M8_YHUR_SHUR,8,HUR,HUR,2025-03-18,2025-03-19,2,Yd,1185.374267578125,1197.39892578125,1194.2420654296875,1199.7833251953125,1187.7598876953125
M8_YHUR_SHUR,8,HUR,HUR,2025-03-18,2025-03-19,2,TSE,1274.512451171875,1197.5308837890625,1176.2386474609375,1205.0279541015625,1204.9266357421875
M8_YHUR_SHUR,8,HUR,HUR,2025-03-18,2025-03-19,2,TSEC,88.9836654663086,79.7423095703125,81.45468139648438,80.04756164550781,79.54932403564453
M8_YHUR_SHUR,8,HUR,HUR,2025-03-18,2025-03-20,3,Yd,1148.208251953125,1197.39892578125,1200.5269775390625,1193.4581298828125,1188.6641845703125
M8_YHUR_SHUR,8,HUR,HUR,2025-03-18,2025-03-20,3,TSE,1182.8387451171875,1197.5308837890625,1177.4312744140625,1188.7025146484375,1207.469482421875
M8_YHUR_SHUR,8,HUR,HUR,2025-03-18,2025-03-20,3,TSEC,82.42394256591797,79.7423095703125,79.3582992553711,80.01152801513672,79.62590026855469
M8_YHUR_SHUR,8,HUR,HUR,2025-03-19,2025-03-19,1,Yd,1185.374267578125,1197.542724609375,1197.9158935546875,1184.2894287109375,1190.852783203125
M8_YHUR_SHUR,8,HUR,HUR,2025-03-19,2025-03-19,1,TSE,1274.512451171875,1197.378662109375,1185.90087890625,1223.1602783203125,1202.14697265625
M8_YHUR_SHUR,8,HUR,HUR,2025-03-19,2025-03-19,1,TSEC,88.9836654663086,79.75104522705078,81.64129638671875,79.48930358886719,79.5857925415039
M8_YHUR_SHUR,8,HUR,HUR,2025-03-19,2025-03-20,2,Yd,1148.208251953125,1197.542724609375,1201.53466796875,1185.417236328125,1190.5052490234375
M8_YHUR_SHUR,8,HUR,HUR,2025-03-19,2025-03-20,2,TSE,1182.8387451171875,1197.378662109375,1171.0072021484375,1205.96826171875,1205.0394287109375
M8_YHUR_SHUR,8,HUR,HUR,2025-03-19,2025-03-20,2,TSEC,82.42394256591797,79.75104522705078,79.20863342285156,79.62539672851562,79.62928771972656
M8_YHUR_SHUR,8,HUR,HUR,2025-03-19,2025-03-21,3,Yd,991.3988037109375,1197.542724609375,1237.976318359375,1178.91162109375,1188.6275634765625
M8_YHUR_SHUR,8,HUR,HUR,2025-03-19,2025-03-21,3,TSE,1218.0098876953125,1197.378662109375,1181.806640625,1209.27978515625,1207.08251953125
M8_YHUR_SHUR,8,HUR,HUR,2025-03-19,2025-03-21,3,TSEC,74.56475067138672,79.75104522705078,81.09762573242188,79.62966918945312,79.72935485839844
M8_YHUR_SHUR,8,HUR,HUR,2025-03-20,2025-03-20,1,Yd,1148.208251953125,1197.5277099609375,1196.52197265625,1179.8909912109375,1191.947021484375
M8_YHUR_SHUR,8,HUR,HUR,2025-03-20,2025-03-20,1,TSE,1182.8387451171875,1197.4739990234375,1172.3226318359375,1196.059814453125,1201.3148193359375
M8_YHUR_SHUR,8,HUR,HUR,2025-03-20,2025-03-20,1,TSEC,82.42394256591797,79.76245880126953,80.55005645751953,79.06475067138672,79.5873794555664
M8_YHUR_SHUR,8,HUR,HUR,2025-03-20,2025-03-21,2,Yd,991.3988037109375,1197.5277099609375,1241.500732421875,1199.2117919921875,1191.658203125
M8_YHUR_SHUR,8,HUR,HUR,2025-03-20,2025-03-21,2,TSE,1218.0098876953125,1197.4739990234375,1179.140380859375,1197.5250244140625,1205.3353271484375
M8_YHUR_SHUR,8,HUR,HUR,2025-03-20,2025-03-21,2,TSEC,74.56475067138672,79.76245880126953,80.66133117675781,79.54130554199219,79.62220764160156
M8_YHUR_SHUR,8,HUR,HUR,2025-03-20,2025-03-22,3,Yd,1436.2142333984375,1197.5277099609375,1200.8499755859375,1188.443359375,1189.8271484375
M8_YHUR_SHUR,8,HUR,HUR,2025-03-20,2025-03-22,3,TSE,1097.701416015625,1197.4739990234375,1180.662841796875,1194.9730224609375,1208.522216796875
M8_YHUR_SHUR,8,HUR,HUR,2025-03-20,2025-03-22,3,TSEC,80.01072692871094,79.76245880126953,80.38382720947266,78.99839782714844,79.69056701660156
M8_YHUR_SHUR,8,HUR,HUR,2025-03-21,2025-03-21,1,Yd,991.3988037109375,1197.466796875,1235.0704345703125,1188.43701171875,1192.15966796875
M8_YHUR_SHUR,8,HUR,HUR,2025-03-21,2025-03-21,1,TSE,1218.0098876953125,1197.455810546875,1190.2969970703125,1216.9425048828125,1202.134033203125
M8_YHUR_SHUR,8,HUR,HUR,2025-03-21,2025-03-21,1,TSEC,74.56475067138672,79.76573944091797,81.24847412109375,79.49588012695312,79.55990600585938
M8_YHUR_SHUR,8,HUR,HUR,2025-03-21,2025-03-22,2,Yd,1436.2142333984375,1197.466796875,1201.9400634765625,1188.361083984375,1191.534912109375
M8_YHUR_SHUR,8,HUR,HUR,2025-03-21,2025-03-22,2,TSE,1097.701416015625,1197.455810546875,1178.14111328125,1213.1602783203125,1205.8187255859375
M8_YHUR_SHUR,8,HUR,HUR,2025-03-21,2025-03-22,2,TSEC,80.01072692871094,79.76573944091797,81.38136291503906,79.30819702148438,79.48084259033203
M8_YHUR_SHUR,8,HUR,HUR,2025-03-21,2025-03-23,3,Yd,1139.585693359375,1197.466796875,1228.863525390625,1179.2523193359375,1187.923583984375
M8_YHUR_SHUR,8,HUR,HUR,2025-03-21,2025-03-23,3,TSE,1130.0030517578125,1197.455810546875,1169.44384765625,1217.4989013671875,1206.9512939453125
M8_YHUR_SHUR,8,HUR,HUR,2025-03-21,2025-03-23,3,TSEC,71.10612487792969,79.76573944091797,81.62947845458984,79.3564224243164,79.42316436767578
M8_YHUR_SHUR,8,HUR,HUR,2025-03-22,2025-03-22,1,Yd,1436.2142333984375,1197.212646484375,1186.3248291015625,1154.7421875,1192.292236328125
M8_YHUR_SHUR,8,HUR,HUR,2025-03-22,2025-03-22,1,TSE,1097.701416015625,1197.481201171875,1178.0677490234375,1219.3055419921875,1202.7884521484375
M8_YHUR_SHUR,8,HUR,HUR,2025-03-22,2025-03-22,1,TSEC,80.01072692871094,79.75932312011719,79.30792999267578,79.56287384033203,79.42183685302734
M8_YHUR_SHUR,8,HUR,HUR,2025-03-22,2025-03-23,2,Yd,1139.585693359375,1197.212646484375,1234.122314453125,1168.0943603515625,1189.3345947265625
M8_YHUR_SHUR,8,HUR,HUR,2025-03-22,2025-03-23,2,TSE,1130.0030517578125,1197.481201171875,1169.3480224609375,1190.39990234375,1204.025390625
M8_YHUR_SHUR,8,HUR,HUR,2025-03-22,2025-03-23,2,TSEC,71.10612487792969,79.75932312011719,79.79375457763672,78.59920501708984,79.3665542602539
M8_YHUR_SHUR,8,HUR,HUR,2025-03-22,2025-03-24,3,Yd,1335.754638671875,1197.212646484375,1217.04296875,1182.147216796875,1182.2086181640625
M8_YHUR_SHUR,8,HUR,HUR,2025-03-22,2025-03-24,3,TSE,1292.6351318359375,1197.481201171875,1188.0675048828125,1229.7940673828125,1204.556640625
M8_YHUR_SHUR,8,HUR,HUR,2025-03-22,2025-03-24,3,TSEC,78.24238586425781,79.75932312011719,81.84967041015625,78.67784881591797,79.32213592529297
M8_YHUR_SHUR,8,HUR,HUR,2025-03-23,2025-03-23,1,Yd,1139.585693359375,1197.507080078125,1250.6812744140625,1167.1279296875,1187.400390625
M8_YHUR_SHUR,8,HUR,HUR,2025-03-23,2025-03-23,1,TSE,1130.0030517578125,1197.3583984375,1187.2581787109375,1227.559814453125,1198.9805908203125
M8_YHUR_SHUR,8,HUR,HUR,2025-03-23,2025-03-23,1,TSEC,71.10612487792969,79.7596435546875,79.78270721435547,80.16961669921875,79.4713363647461
M8_YHUR_SHUR,8,HUR,HUR,2025-03-23,2025-03-24,2,Yd,1335.754638671875,1197.507080078125,1221.967529296875,1154.461181640625,1179.9779052734375
M8_YHUR_SHUR,8,HUR,HUR,2025-03-23,2025-03-24,2,TSE,1292.6351318359375,1197.3583984375,1171.4228515625,1182.5089111328125,1199.5738525390625
M8_YHUR_SHUR,8,HUR,HUR,2025-03-23,2025-03-24,2,TSEC,78.24238586425781,79.7596435546875,81.83451843261719,80.12484741210938,79.3961410522461
M8_YHUR_SHUR,8,HUR,HUR,2025-03-23,2025-03-25,3,Yd,1209.9180908203125,1197.507080078125,1194.7786865234375,1175.97705078125,1177.4266357421875
M8_YHUR_SHUR,8,HUR,HUR,2025-03-23,2025-03-25,3,TSE,1075.4266357421875,1197.3583984375,1192.0263671875,1193.8759765625,1203.7679443359375
M8_YHUR_SHUR,8,HUR,HUR,2025-03-23,2025-03-25,3,TSEC,81.89142608642578,79.7596435546875,80.63911437988281,80.46916198730469,79.33070373535156
M8_YHUR_SHUR,8,HUR,HUR,2025-03-24,2025-03-24,1,Yd,1335.754638671875,1197.4359130859375,1215.365966796875,1163.356689453125,1185.435546875
M8_YHUR_SHUR,8,HUR,HUR,2025-03-24,2025-03-24,1,TSE,1292.6351318359375,1197.2755126953125,1175.80224609375,1232.5264892578125,1200.3914794921875
M8_YHUR_SHUR,8,HUR,HUR,2025-03-24,2025-03-24,1,TSEC,78.24238586425781,79.74899291992188,81.98515319824219,79.42083740234375,79.57447052001953
M8_YHUR_SHUR,8,HUR,HUR,2025-03-24,2025-03-25,2,Yd,1209.9180908203125,1197.4359130859375,1192.517822265625,1212.5030517578125,1182.3187255859375
M8_YHUR_SHUR,8,HUR,HUR,2025-03-24,2025-03-25,2,TSE,1075.4266357421875,1197.2755126953125,1184.4295654296875,1199.027099609375,1204.40380859375
M8_YHUR_SHUR,8,HUR,HUR,2025-03-24,2025-03-25,2,TSEC,81.89142608642578,79.74899291992188,80.51936340332031,79.91923522949219,79.49536895751953
M8_YHUR_SHUR,8,HUR,HUR,2025-03-24,2025-03-26,3,Yd,1294.256591796875,1197.4359130859375,1198.197265625,1209.916748046875,1183.0665283203125
M8_YHUR_SHUR,8,HUR,HUR,2025-03-24,2025-03-26,3,TSE,1144.897216796875,1197.2755126953125,1176.1268310546875,1206.9990234375,1208.4688720703125
M8_YHUR_SHUR,8,HUR,HUR,2025-03-24,2025-03-26,3,TSEC,93.0301513671875,79.74899291992188,80.23680114746094,79.6987075805664,79.45074462890625
M8_YHUR_SHUR,8,HUR,HUR,2025-03-25,2025-03-25,1,Yd,1209.9180908203125,1197.6058349609375,1223.82763671875,1183.416259765625,1187.5234375
M8_YHUR_SHUR,8,HUR,HUR,2025-03-25,2025-03-25,1,TSE,1075.4266357421875,1197.3927001953125,1209.200927734375,1190.5802001953125,1202.274169921875
M8_YHUR_SHUR,8,HUR,HUR,2025-03-25,2025-03-25,1,TSEC,81.89142608642578,79.74713897705078,80.44017791748047,80.85572052001953,79.50506591796875
M8_YHUR_SHUR,8,HUR,HUR,2025-03-25,2025-03-26,2,Yd,1294.256591796875,1197.6058349609375,1203.73388671875,1193.80810546875,1186.661865234375
M8_YHUR_SHUR,8,HUR,HUR,2025-03-25,2025-03-26,2,TSE,1144.897216796875,1197.3927001953125,1186.397216796875,1195.7701416015625,1206.384033203125
M8_YHUR_SHUR,8,HUR,HUR,2025-03-25,2025-03-26,2,TSEC,93.0301513671875,79.74713897705078,80.22350311279297,80.00955200195312,79.42012023925781
M8_YHUR_SHUR,8,HUR,HUR,2025-03-25,2025-03-27,3,Yd,1283.8612060546875,1197.6058349609375,1221.8052978515625,1196.5400390625,1187.1199951171875
M8_YHUR_SHUR,8,HUR,HUR,2025-03-25,2025-03-27,3,TSE,1079.2196044921875,1197.3927001953125,1197.8021240234375,1193.48974609375,1209.5325927734375
M8_YHUR_SHUR,8,HUR,HUR,2025-03-25,2025-03-27,3,TSEC,94.99504089355469,79.74713897705078,81.17231750488281,79.18492126464844,79.44158172607422
M8_YHUR_SHUR,8,HUR,HUR,2025-03-26,2025-03-26,1,Yd,1294.256591796875,1197.620849609375,1201.8387451171875,1185.2696533203125,1190.5916748046875
M8_YHUR_SHUR,8,HUR,HUR,2025-03-26,2025-03-26,1,TSE,1144.897216796875,1197.2430419921875,1187.73974609375,1228.6485595703125,1202.9970703125
M8_YHUR_SHUR,8,HUR,HUR,2025-03-26,2025-03-26,1,TSEC,93.0301513671875,79.74977111816406,80.34793853759766,80.20011901855469,79.53974151611328
M8_YHUR_SHUR,8,HUR,HUR,2025-03-26,2025-03-27,2,Yd,1283.8612060546875,1197.620849609375,1206.0675048828125,1189.24609375,1189.6468505859375
M8_YHUR_SHUR,8,HUR,HUR,2025-03-26,2025-03-27,2,TSE,1079.2196044921875,1197.2430419921875,1192.661865234375,1204.326416015625,1206.6888427734375
M8_YHUR_SHUR,8,HUR,HUR,2025-03-26,2025-03-27,2,TSEC,94.99504089355469,79.74977111816406,80.32813262939453,80.77245330810547,79.54301452636719
M8_YHUR_SHUR,8,HUR,HUR,2025-03-26,2025-03-28,3,Yd,1363.997802734375,1197.620849609375,1228.4716796875,1178.01025390625,1187.07763671875
M8_YHUR_SHUR,8,HUR,HUR,2025-03-26,2025-03-28,3,TSE,1169.155517578125,1197.2430419921875,1187.948974609375,1203.5977783203125,1208.6573486328125
M8_YHUR_SHUR,8,HUR,HUR,2025-03-26,2025-03-28,3,TSEC,71.15218353271484,79.74977111816406,80.56222534179688,80.99898529052734,79.63352966308594
M8_YHUR_SHUR,8,HUR,HUR,2025-03-27,2025-03-27,1,Yd,1283.8612060546875,1197.7392578125,1224.745361328125,1185.3656005859375,1191.1605224609375
M8_YHUR_SHUR,8,HUR,HUR,2025-03-27,2025-03-27,1,TSE,1079.2196044921875,1197.178955078125,1170.6937255859375,1201.16162109375,1201.5101318359375
M8_YHUR_SHUR,8,HUR,HUR,2025-03-27,2025-03-27,1,TSEC,94.99504089355469,79.76604461669922,80.1931381225586,80.30353546142578,79.56877899169922
M8_YHUR_SHUR,8,HUR,HUR,2025-03-27,2025-03-28,2,Yd,1363.997802734375,1197.7392578125,1207.958251953125,1186.2437744140625,1189.21044921875
M8_YHUR_SHUR,8,HUR,HUR,2025-03-27,2025-03-28,2,TSE,1169.155517578125,1197.178955078125,1182.067626953125,1196.670654296875,1204.446533203125
M8_YHUR_SHUR,8,HUR,HUR,2025-03-27,2025-03-28,2,TSEC,71.15218353271484,79.76604461669922,80.73453521728516,80.29545593261719,79.6002426147461
M8_YHUR_SHUR,8,HUR,HUR,2025-03-27,2025-03-29,3,Yd,1291.722412109375,1197.7392578125,1204.944091796875,1178.9970703125,1185.8697509765625
M8_YHUR_SHUR,8,HUR,HUR,2025-03-27,2025-03-29,3,TSE,1018.1055297851562,1197.178955078125,1180.1005859375,1191.9765625,1207.3626708984375
M8_YHUR_SHUR,8,HUR,HUR,2025-03-27,2025-03-29,3,TSEC,77.30271911621094,79.76604461669922,80.43545532226562,80.48214721679688,79.628662109375
M8_YHUR_SHUR,8,HUR,HUR,2025-03-28,2025-03-28,1,Yd,1363.997802734375,1197.8446044921875,1210.9176025390625,1207.625732421875,1191.6483154296875
M8_YHUR_SHUR,8,HUR,HUR,2025-03-28,2025-03-28,1,TSE,1169.155517578125,1197.0345458984375,1190.458984375,1228.6812744140625,1201.780517578125
M8_YHUR_SHUR,8,HUR,HUR,2025-03-28,2025-03-28,1,TSEC,71.15218353271484,79.78468322753906,80.61318969726562,78.95905303955078,79.60225677490234
M8_YHUR_SHUR,8,HUR,HUR,2025-03-28,2025-03-29,2,Yd,1291.722412109375,1197.8446044921875,1203.463623046875,1181.20263671875,1188.5584716796875
M8_YHUR_SHUR,8,HUR,HUR,2025-03-28,2025-03-29,2,TSE,1018.1055297851562,1197.0345458984375,1174.7401123046875,1215.453369140625,1204.8193359375
M8_YHUR_SHUR,8,HUR,HUR,2025-03-28,2025-03-29,2,TSEC,77.30271911621094,79.78468322753906,80.64250183105469,79.2124252319336,79.57451629638672
M8_YHUR_SHUR,8,HUR,HUR,2025-03-28,2025-03-30,3,Yd,1085.6744384765625,1197.8446044921875,1207.7825927734375,1174.568115234375,1183.736328125
M8_YHUR_SHUR,8,HUR,HUR,2025-03-28,2025-03-30,3,TSE,1137.765380859375,1197.0345458984375,1187.91259765625,1213.8956298828125,1205.6005859375
M8_YHUR_SHUR,8,HUR,HUR,2025-03-28,2025-03-30,3,TSEC,90.937744140625,79.78468322753906,80.67037963867188,79.02368927001953,79.52677917480469
M8_YHUR_SHUR,8,HUR,HUR,2025-03-29,2025-03-29,1,Yd,1291.722412109375,1198.0477294921875,1215.0482177734375,1166.923095703125,1188.5069580078125
M8_YHUR_SHUR,8,HUR,HUR,2025-03-29,2025-03-29,1,TSE,1018.1055297851562,1197.00048828125,1175.709716796875,1213.4691162109375,1200.8641357421875
M8_YHUR_SHUR,8,HUR,HUR,2025-03-29,2025-03-29,1,TSEC,77.30271911621094,79.77413177490234,79.4796371459961,80.23759460449219,79.5115966796875
M8_YHUR_SHUR,8,HUR,HUR,2025-03-29,2025-03-30,2,Yd,1085.6744384765625,1198.0477294921875,1237.17236328125,1172.403564453125,1181.7779541015625
M8_YHUR_SHUR,8,HUR,HUR,2025-03-29,2025-03-30,2,TSE,1137.765380859375,1197.00048828125,1187.1591796875,1185.654541015625,1201.1590576171875
M8_YHUR_SHUR,8,HUR,HUR,2025-03-29,2025-03-30,2,TSEC,90.937744140625,79.77413177490234,79.7093505859375,78.90118408203125,79.4451904296875
M8_YHUR_SHUR,8,HUR,HUR,2025-03-29,2025-03-31,3,Yd,1213.89306640625,1198.0477294921875,1206.688720703125,1172.0728759765625,1173.028076171875
M8_YHUR_SHUR,8,HUR,HUR,2025-03-29,2025-03-31,3,TSE,1227.5198974609375,1197.00048828125,1167.456787109375,1200.9801025390625,1200.10546875
M8_YHUR_SHUR,8,HUR,HUR,2025-03-29,2025-03-31,3,TSEC,86.5719985961914,79.77413177490234,81.79981994628906,79.23673248291016,79.36351013183594
M8_YHUR_SHUR,8,HUR,HUR,2025-03-30,2025-03-30,1,Yd,1085.6744384765625,1198.162109375,1242.1002197265625,1184.798583984375,1184.6749267578125
M8_YHUR_SHUR,8,HUR,HUR,2025-03-30,2025-03-30,1,TSE,1137.765380859375,1196.781982421875,1172.14501953125,1245.8328857421875,1199.049560546875
M8_YHUR_SHUR,8,HUR,HUR,2025-03-30,2025-03-30,1,TSEC,90.937744140625,79.7711181640625,79.53914642333984,78.72244262695312,79.54859161376953
M8_YHUR_SHUR,8,HUR,HUR,2025-03-30,2025-03-31,2,Yd,1213.89306640625,1198.162109375,1208.648193359375,1155.643310546875,1177.0823974609375
M8_YHUR_SHUR,8,HUR,HUR,2025-03-30,2025-03-31,2,TSE,1227.5198974609375,1196.781982421875,1175.644775390625,1189.8009033203125,1200.11767578125
M8_YHUR_SHUR,8,HUR,HUR,2025-03-30,2025-03-31,2,TSEC,86.5719985961914,79.7711181640625,81.50802612304688,80.01931762695312,79.47459411621094
M8_YHUR_SHUR,8,HUR,HUR,2025-03-30,2025-04-01,3,Yd,1101.9288330078125,1198.162109375,1209.0958251953125,1184.4556884765625,1176.187255859375
M8_YHUR_SHUR,8,HUR,HUR,2025-03-30,2025-04-01,3,TSE,1078.504638671875,1196.781982421875,1204.9505615234375,1197.142333984375,1202.8896484375
M8_YHUR_SHUR,8,HUR,HUR,2025-03-30,2025-04-01,3,TSEC,75.60910034179688,79.7711181640625,80.4248275756836,80.13963317871094,79.3292236328125
