case_id,M,yd_level,solar_level,origin_date,target_date,step,variable,true,MEAN,ARIMA,RNN,LSTM
M6_YHUR_SHUR,6,HUR,HUR,2024-12-31,2024-12-31,1,Yd,891.4988403320312,897.9378662109375,888.0331420898438,907.8321533203125,893.1514892578125
M6_YHUR_SHUR,6,HUR,HUR,2024-12-31,2024-12-31,1,TSE,742.25634765625,902.2446899414062,906.2931518554688,905.3272705078125,903.4816284179688
M6_YHUR_SHUR,6,HUR,HUR,2024-12-31,2024-12-31,1,TSEC,63.358463287353516,60.069541931152344,60.27729034423828,60.80955123901367,60.65534591674805
M6_YHUR_SHUR,6,HUR,HUR,2024-12-31,2025-01-01,2,Yd,893.08740234375,897.9378662109375,866.6411743164062,914.4325561523438,891.390380859375
M6_YHUR_SHUR,6,HUR,HUR,2024-12-31,2025-01-01,2,TSE,1023.4481811523438,902.2446899414062,900.2944946289062,911.291015625,903.5113525390625
M6_YHUR_SHUR,6,HUR,HUR,2024-12-31,2025-01-01,2,TSEC,59.30649185180664,60.069541931152344,60.52276611328125,60.662349700927734,61.00301742553711
M6_YHUR_SHUR,6,HUR,HUR,2024-12-31,2025-01-02,3,Yd,997.16259765625,897.9378662109375,882.94140625,909.833740234375,891.7258911132812
M6_YHUR_SHUR,6,HUR,HUR,2024-12-31,2025-01-02,3,TSE,1028.6502685546875,902.2446899414062,903.3601684570312,898.81884765625,903.1380004882812
M6_YHUR_SHUR,6,HUR,HUR,2024-12-31,2025-01-02,3,TSEC,64.41604614257812,60.069541931152344,60.29418182373047,60.31881332397461,61.117740631103516
M6_YHUR_SHUR,6,HUR,HUR,2025-01-01,2025-01-01,1,Yd,893.08740234375,897.9290161132812,864.8508911132812,915.6705932617188,897.3585205078125
M6_YHUR_SHUR,6,HUR,HUR,2025-01-01,2025-01-01,1,TSE,1023.4481811523438,902.0258178710938,900.8333740234375,892.0090942382812,904.5001220703125
M6_YHUR_SHUR,6,HUR,HUR,2025-01-01,2025-01-01,1,TSEC,59.30649185180664,60.07403564453125,60.46926498413086,61.63520050048828,60.71998977661133
M6_YHUR_SHUR,6,HUR,HUR,2025-01-01,2025-01-02,2,Yd,997.16259765625,897.9290161132812,879.8745727539062,913.0574340820312,899.8126831054688
M6_YHUR_SHUR,6,HUR,HUR,2025-01-01,2025-01-02,2,TSE,1028.6502685546875,902.0258178710938,908.915283203125,907.5673828125,904.8151245117188
M6_YHUR_SHUR,6,HUR,HUR,2025-01-01,2025-01-02,2,TSEC,64.41604614257812,60.07403564453125,60.56725311279297,61.649658203125,60.93182373046875
M6_YHUR_SHUR,6,HUR,HUR,2025-01-01,2025-01-03,3,Yd,917.1569213867188,897.9290161132812,878.2879028320312,922.134765625,899.6097412109375
M6_YHUR_SHUR,6,HUR,HUR,2025-01-01,2025-01-03,3,TSE,833.431640625,902.0258178710938,896.0707397460938,894.243408203125,905.3280029296875
M6_YHUR_SHUR,6,HUR,HUR,2025-01-01,2025-01-03,3,TSEC,53.593631744384766,60.07403564453125,60.69145965576172,61.13810729980469,60.98957061767578
M6_YHUR_SHUR,6,HUR,HUR,2025-01-02,2025-01-02,1,Yd,997.16259765625,897.9224853515625,869.8885498046875,920.5946044921875,897.3524169921875
M6_YHUR_SHUR,6,HUR,HUR,2025-01-02,2025-01-02,1,TSE,1028.6502685546875,902.1917724609375,923.2286376953125,916.2821655273438,904.1724853515625
M6_YHUR_SHUR,6,HUR,HUR,2025-01-02,2025-01-02,1,TSEC,64.41604614257812,60.07299041748047,60.705535888671875,61.10099792480469,60.317012786865234
M6_YHUR_SHUR,6,HUR,HUR,2025-01-02,2025-01-03,2,Yd,917.1569213867188,897.9224853515625,881.5083618164062,919.5271606445312,895.8490600585938
M6_YHUR_SHUR,6,HUR,HUR,2025-01-02,2025-01-03,2,TSE,833.431640625,902.1917724609375,893.9000244140625,900.927978515625,905.2144165039062
M6_YHUR_SHUR,6,HUR,HUR,2025-01-02,2025-01-03,2,TSEC,53.593631744384766,60.07299041748047,60.67057800292969,61.81574630737305,60.39760208129883
M6_YHUR_SHUR,6,HUR,HUR,2025-01-02,2025-01-04,3,Yd,886.9737548828125,897.9224853515625,884.5783081054688,902.7034301757812,890.634033203125
M6_YHUR_SHUR,6,HUR,HUR,2025-01-02,2025-01-04,3,TSE,1031.834228515625,902.1917724609375,908.690673828125,896.9328002929688,906.6287841796875
M6_YHUR_SHUR,6,HUR,HUR,2025-01-02,2025-01-04,3,TSEC,60.95671081542969,60.07299041748047,60.45486831665039,60.71383285522461,60.69868469238281
M6_YHUR_SHUR,6,HUR,HUR,2025-01-03,2025-01-03,1,Yd,917.1569213867188,898.0578002929688,882.9055786132812,918.3316650390625,890.7593994140625
M6_YHUR_SHUR,6,HUR,HUR,2025-01-03,2025-01-03,1,TSE,833.431640625,902.3642578125,905.1093139648438,898.0535888671875,903.8915405273438
M6_YHUR_SHUR,6,HUR,HUR,2025-01-03,2025-01-03,1,TSEC,53.593631744384766,60.078914642333984,60.39690017700195,60.144676208496094,59.98600387573242
M6_YHUR_SHUR,6,HUR,HUR,2025-01-03,2025-01-04,2,Yd,886.9737548828125,898.0578002929688,882.2320556640625,901.9797973632812,884.1727905273438
M6_YHUR_SHUR,6,HUR,HUR,2025-01-03,2025-01-04,2,TSE,1031.834228515625,902.3642578125,901.99169921875,894.8167114257812,904.467041015625
M6_YHUR_SHUR,6,HUR,HUR,2025-01-03,2025-01-04,2,TSEC,60.95671081542969,60.078914642333984,60.629940032958984,60.43022537231445,60.14237976074219
M6_YHUR_SHUR,6,HUR,HUR,2025-01-03,2025-01-05,3,Yd,792.27294921875,898.0578002929688,886.771484375,886.3469848632812,880.3214111328125
M6_YHUR_SHUR,6,HUR,HUR,2025-01-03,2025-01-05,3,TSE,978.4278564453125,902.3642578125,908.03955078125,894.2606811523438,903.5523681640625
M6_YHUR_SHUR,6,HUR,HUR,2025-01-03,2025-01-05,3,TSEC,57.254554748535156,60.078914642333984,60.534820556640625,60.13703918457031,60.42888641357422
M6_YHUR_SHUR,6,HUR,HUR,2025-01-04,2025-01-04,1,Yd,886.9737548828125,898.0838623046875,882.0496826171875,903.2412719726562,891.4043579101562
M6_YHUR_SHUR,6,HUR,HUR,2025-01-04,2025-01-04,1,TSE,1031.834228515625,902.2703247070312,899.593017578125,903.0109252929688,904.4305419921875
M6_YHUR_SHUR,6,HUR,HUR,2025-01-04,2025-01-04,1,TSEC,60.95671081542969,60.0700798034668,60.649959564208984,60.18882751464844,60.15535354614258
M6_YHUR_SHUR,6,HUR,HUR,2025-01-04,2025-01-05,2,Yd,792.27294921875,898.0838623046875,885.8829956054688,897.6394653320312,887.7576904296875
M6_YHUR_SHUR,6,HUR,HUR,2025-01-04,2025-01-05,2,TSE,978.4278564453125,902.2703247070312,905.6428833007812,895.8207397460938,903.9395751953125
M6_YHUR_SHUR,6,HUR,HUR,2025-01-04,2025-01-05,2,TSEC,57.254554748535156,60.0700798034668,60.44119644165039,60.712486267089844,60.359161376953125
M6_YHUR_SHUR,6,HUR,HUR,2025-01-04,2025-01-06,3,Yd,863.776611328125,898.0838623046875,881.7986450195312,891.98876953125,884.2567138671875
M6_YHUR_SHUR,6,HUR,HUR,2025-01-04,2025-01-06,3,TSE,832.778564453125,902.2703247070312,902.2546997070312,889.9420776367188,903.5586547851562
M6_YHUR_SHUR,6,HUR,HUR,2025-01-04,2025-01-06,3,TSEC,61.49399948120117,60.0700798034668,60.584835052490234,60.076560974121094,60.58678436279297
M6_YHUR_SHUR,6,HUR,HUR,2025-01-05,2025-01-05,1,Yd,792.27294921875,898.0687255859375,883.261962890625,885.677978515625,890.7260131835938
M6_YHUR_SHUR,6,HUR,HUR,2025-01-05,2025-01-05,1,TSE,978.4278564453125,902.4465942382812,907.8432006835938,902.473388671875,902.5306396484375
M6_YHUR_SHUR,6,HUR,HUR,2025-01-05,2025-01-05,1,TSEC,57.254554748535156,60.071285247802734,60.595375061035156,60.6445198059082,60.261924743652344
M6_YHUR_SHUR,6,HUR,HUR,2025-01-05,2025-01-06,2,Yd,863.776611328125,898.0687255859375,878.4182739257812,893.9509887695312,885.5541381835938
M6_YHUR_SHUR,6,HUR,HUR,2025-01-05,2025-01-06,2,TSE,832.778564453125,902.4465942382812,895.9102172851562,905.1454467773438,901.6387329101562
M6_YHUR_SHUR,6,HUR,HUR,2025-01-05,2025-01-06,2,TSEC,61.49399948120117,60.071285247802734,61.01182556152344,60.25743103027344,60.423561096191406
M6_YHUR_SHUR,6,HUR,HUR,2025-01-05,2025-01-07,3,Yd,913.6849365234375,898.0687255859375,885.2969360351562,899.0869140625,881.1129760742188
M6_YHUR_SHUR,6,HUR,HUR,2025-01-05,2025-01-07,3,TSE,956.6367797851562,902.4465942382812,919.4471435546875,901.5637817382812,902.0773315429688
M6_YHUR_SHUR,6,HUR,HUR,2025-01-05,2025-01-07,3,TSEC,60.82803726196289,60.071285247802734,60.77705764770508,60.67426300048828,60.68331527709961
M6_YHUR_SHUR,6,HUR,HUR,2025-01-06,2025-01-06,1,Yd,863.776611328125,897.9249267578125,882.258056640625,881.151123046875,891.1463623046875
M6_YHUR_SHUR,6,HUR,HUR,2025-01-06,2025-01-06,1,TSE,832.778564453125,902.5499267578125,900.187255859375,906.7208251953125,902.1610107421875
M6_YHUR_SHUR,6,HUR,HUR,2025-01-06,2025-01-06,1,TSEC,61.49399948120117,60.06745529174805,60.94173049926758,60.099952697753906,60.346923828125
M6_YHUR_SHUR,6,HUR,HUR,2025-01-06,2025-01-07,2,Yd,913.6849365234375,897.9249267578125,873.9547119140625,893.9849853515625,885.7150268554688
M6_YHUR_SHUR,6,HUR,HUR,2025-01-06,2025-01-07,2,TSE,956.6367797851562,902.5499267578125,897.0781860351562,905.552978515625,902.3984985351562
M6_YHUR_SHUR,6,HUR,HUR,2025-01-06,2025-01-07,2,TSEC,60.82803726196289,60.06745529174805,60.63117980957031,60.05052185058594,60.615318298339844
M6_YHUR_SHUR,6,HUR,HUR,2025-01-06,2025-01-08,3,Yd,727.8194580078125,897.9249267578125,875.8756713867188,892.0000610351562,882.8062133789062
M6_YHUR_SHUR,6,HUR,HUR,2025-01-06,2025-01-08,3,TSE,1075.8363037109375,902.5499267578125,907.3865356445312,897.4675903320312,902.6847534179688
M6_YHUR_SHUR,6,HUR,HUR,2025-01-06,2025-01-08,3,TSEC,60.62518310546875,60.06745529174805,60.80336380004883,60.26490783691406,60.81059646606445
M6_YHUR_SHUR,6,HUR,HUR,2025-01-07,2025-01-07,1,Yd,913.6849365234375,897.878662109375,885.5611572265625,906.9799194335938,892.1726684570312
M6_YHUR_SHUR,6,HUR,HUR,2025-01-07,2025-01-07,1,TSE,956.6367797851562,902.4552001953125,916.3411254882812,906.9036865234375,903.4324340820312
M6_YHUR_SHUR,6,HUR,HUR,2025-01-07,2025-01-07,1,TSEC,60.82803726196289,60.06939697265625,60.42626190185547,61.04597091674805,60.553611755371094
M6_YHUR_SHUR,6,HUR,HUR,2025-01-07,2025-01-08,2,Yd,727.8194580078125,897.878662109375,882.1021728515625,907.4446411132812,889.7415161132812
M6_YHUR_SHUR,6,HUR,HUR,2025-01-07,2025-01-08,2,TSE,1075.8363037109375,902.4552001953125,897.5967407226562,919.8308715820312,903.5264892578125
M6_YHUR_SHUR,6,HUR,HUR,2025-01-07,2025-01-08,2,TSEC,60.62518310546875,60.06939697265625,60.407264709472656,60.29198455810547,60.82242965698242
M6_YHUR_SHUR,6,HUR,HUR,2025-01-07,2025-01-09,3,Yd,726.9302978515625,897.878662109375,889.7681884765625,905.4227294921875,890.3594360351562
M6_YHUR_SHUR,6,HUR,HUR,2025-01-07,2025-01-09,3,TSE,810.330078125,902.4552001953125,903.3941650390625,911.7402954101562,902.5301513671875
M6_YHUR_SHUR,6,HUR,HUR,2025-01-07,2025-01-09,3,TSEC,58.54102325439453,60.06939697265625,60.52503204345703,60.01211929321289,60.83278274536133
M6_YHUR_SHUR,6,HUR,HUR,2025-01-08,2025-01-08,1,Yd,727.8194580078125,897.9000854492188,882.41748046875,919.106689453125,894.0860595703125
M6_YHUR_SHUR,6,HUR,HUR,2025-01-08,2025-01-08,1,TSE,1075.8363037109375,902.5286254882812,911.5548095703125,921.3500366210938,904.1369018554688
M6_YHUR_SHUR,6,HUR,HUR,2025-01-08,2025-01-08,1,TSEC,60.62518310546875,60.0704231262207,60.40699005126953,61.671268463134766,60.450889587402344
M6_YHUR_SHUR,6,HUR,HUR,2025-01-08,2025-01-09,2,Yd,726.9302978515625,897.9000854492188,889.7593994140625,925.9385375976562,894.1583862304688
M6_YHUR_SHUR,6,HUR,HUR,2025-01-08,2025-01-09,2,TSE,810.330078125,902.5286254882812,903.0253295898438,921.3539428710938,903.492919921875
M6_YHUR_SHUR,6,HUR,HUR,2025-01-08,2025-01-09,2,TSEC,58.54102325439453,60.0704231262207,60.64209747314453,62.028961181640625,60.43104553222656
M6_YHUR_SHUR,6,HUR,HUR,2025-01-08,2025-01-10,3,Yd,1024.2464599609375,897.9000854492188,885.7442626953125,906.0640869140625,891.981689453125
M6_YHUR_SHUR,6,HUR,HUR,2025-01-08,2025-01-10,3,TSE,769.7460327148438,902.5286254882812,904.4116821289062,904.052490234375,903.5494995117188
M6_YHUR_SHUR,6,HUR,HUR,2025-01-08,2025-01-10,3,TSEC,63.083595275878906,60.0704231262207,60.59422302246094,60.79460906982422,60.30155563354492
M6_YHUR_SHUR,6,HUR,HUR,2025-01-09,2025-01-09,1,Yd,726.9302978515625,897.669921875,896.7139282226562,908.6522827148438,893.9822387695312
M6_YHUR_SHUR,6,HUR,HUR,2025-01-09,2025-01-09,1,TSE,810.330078125,902.76318359375,910.9378051757812,916.7782592773438,903.064697265625
M6_YHUR_SHUR,6,HUR,HUR,2025-01-09,2025-01-09,1,TSEC,58.54102325439453,60.07117462158203,60.45936965942383,60.94735336303711,60.03406524658203
M6_YHUR_SHUR,6,HUR,HUR,2025-01-09,2025-01-10,2,Yd,1024.2464599609375,897.669921875,877.7685546875,910.7013549804688,889.2725219726562
M6_YHUR_SHUR,6,HUR,HUR,2025-01-09,2025-01-10,2,TSE,769.7460327148438,902.76318359375,903.1156616210938,901.8972778320312,903.103515625
M6_YHUR_SHUR,6,HUR,HUR,2025-01-09,2025-01-10,2,TSEC,63.083595275878906,60.07117462158203,60.33196258544922,60.66603469848633,59.92551040649414
M6_YHUR_SHUR,6,HUR,HUR,2025-01-09,2025-01-11,3,Yd,1021.4644775390625,897.669921875,885.0338745117188,896.3613891601562,881.20458984375
M6_YHUR_SHUR,6,HUR,HUR,2025-01-09,2025-01-11,3,TSE,889.9578247070312,902.76318359375,904.7510375976562,889.23095703125,904.1041870117188
M6_YHUR_SHUR,6,HUR,HUR,2025-01-09,2025-01-11,3,TSEC,58.04402160644531,60.07117462158203,60.49748992919922,60.00041961669922,60.08365249633789
M6_YHUR_SHUR,6,HUR,HUR,2025-01-10,2025-01-10,1,Yd,1024.2464599609375,897.439208984375,886.6902465820312,916.9430541992188,893.26806640625
M6_YHUR_SHUR,6,HUR,HUR,2025-01-10,2025-01-10,1,TSE,769.7460327148438,902.6382446289062,902.1491088867188,902.5328979492188,904.5222778320312
M6_YHUR_SHUR,6,HUR,HUR,2025-01-10,2025-01-10,1,TSEC,63.083595275878906,60.06910705566406,60.598201751708984,60.609832763671875,60.00925827026367
M6_YHUR_SHUR,6,HUR,HUR,2025-01-10,2025-01-11,2,Yd,1021.4644775390625,897.439208984375,889.1732177734375,906.9638671875,887.4073486328125
M6_YHUR_SHUR,6,HUR,HUR,2025-01-10,2025-01-11,2,TSE,889.9578247070312,902.6382446289062,898.8239135742188,899.7955322265625,906.2177124023438
M6_YHUR_SHUR,6,HUR,HUR,2025-01-10,2025-01-11,2,TSEC,58.04402160644531,60.06910705566406,60.496299743652344,60.71430206298828,60.15449905395508
M6_YHUR_SHUR,6,HUR,HUR,2025-01-10,2025-01-12,3,Yd,1003.3693237304688,897.439208984375,888.1475219726562,895.398193359375,883.7692260742188
M6_YHUR_SHUR,6,HUR,HUR,2025-01-10,2025-01-12,3,TSE,791.2996215820312,902.6382446289062,905.0349731445312,884.8092041015625,906.8208618164062
M6_YHUR_SHUR,6,HUR,HUR,2025-01-10,2025-01-12,3,TSEC,71.12274169921875,60.06910705566406,60.547210693359375,59.890254974365234,60.42677307128906
M6_YHUR_SHUR,6,HUR,HUR,2025-01-11,2025-01-11,1,Yd,1021.4644775390625,897.6103515625,872.0423583984375,909.582275390625,892.1336059570312
M6_YHUR_SHUR,6,HUR,HUR,2025-01-11,2025-01-11,1,TSE,889.9578247070312,902.4589233398438,895.522705078125,903.1246337890625,904.94287109375
M6_YHUR_SHUR,6,HUR,HUR,2025-01-11,2025-01-11,1,TSEC,58.04402160644531,60.07317352294922,60.555362701416016,61.01881790161133,60.19367980957031
M6_YHUR_SHUR,6,HUR,HUR,2025-01-11,2025-01-12,2,Yd,1003.3693237304688,897.6103515625,883.5260620117188,904.9989624023438,888.9207763671875
M6_YHUR_SHUR,6,HUR,HUR,2025-01-11,2025-01-12,2,TSE,791.2996215820312,902.4589233398438,904.6162719726562,906.5213623046875,904.9236450195312
M6_YHUR_SHUR,6,HUR,HUR,2025-01-11,2025-01-12,2,TSEC,71.12274169921875,60.07317352294922,60.58152389526367,60.584869384765625,60.38029861450195
M6_YHUR_SHUR,6,HUR,HUR,2025-01-11,2025-01-13,3,Yd,826.30029296875,897.6103515625,873.5048217773438,902.0759887695312,886.0173950195312
M6_YHUR_SHUR,6,HUR,HUR,2025-01-11,2025-01-13,3,TSE,936.6575927734375,902.4589233398438,897.60107421875,907.239013671875,904.571533203125
M6_YHUR_SHUR,6,HUR,HUR,2025-01-11,2025-01-13,3,TSEC,58.97507858276367,60.07317352294922,60.672054290771484,60.57192611694336,60.59618377685547
M6_YHUR_SHUR,6,HUR,HUR,2025-01-12,2025-01-12,1,Yd,1003.3693237304688,897.7772827148438,875.64501953125,913.0374755859375,892.7194213867188
M6_YHUR_SHUR,6,HUR,HUR,2025-01-12,2025-01-12,1,TSE,791.2996215820312,902.4420776367188,903.4193115234375,902.37890625,903.5843505859375
M6_YHUR_SHUR,6,HUR,HUR,2025-01-12,2025-01-12,1,TSEC,71.12274169921875,60.070438385009766,61.027801513671875,60.6080436706543,60.29935073852539
M6_YHUR_SHUR,6,HUR,HUR,2025-01-12,2025-01-13,2,Yd,826.30029296875,897.7772827148438,879.0391235351562,909.1021728515625,889.037841796875
M6_YHUR_SHUR,6,HUR,HUR,2025-01-12,2025-01-13,2,TSE,936.6575927734375,902.4420776367188,904.7771606445312,903.4820556640625,903.46923828125
M6_YHUR_SHUR,6,HUR,HUR,2025-01-12,2025-01-13,2,TSEC,58.97507858276367,60.070438385009766,60.29233169555664,60.698951721191406,60.489837646484375
M6_YHUR_SHUR,6,HUR,HUR,2025-01-12,2025-01-14,3,Yd,765.7420043945312,897.7772827148438,885.72900390625,906.2718505859375,885.449462890625
M6_YHUR_SHUR,6,HUR,HUR,2025-01-12,2025-01-14,3,TSE,892.699462890625,902.4420776367188,904.1136474609375,908.6266479492188,904.6993408203125
M6_YHUR_SHUR,6,HUR,HUR,2025-01-12,2025-01-14,3,TSEC,70.6658706665039,60.070438385009766,60.96809768676758,60.94215393066406,60.800559997558594
M6_YHUR_SHUR,6,HUR,HUR,2025-01-13,2025-01-13,1,Yd,826.30029296875,897.9193115234375,883.17822265625,904.66943359375,892.9331665039062
M6_YHUR_SHUR,6,HUR,HUR,2025-01-13,2025-01-13,1,TSE,936.6575927734375,902.29248046875,906.9774169921875,888.4434204101562,902.59912109375
M6_YHUR_SHUR,6,HUR,HUR,2025-01-13,2025-01-13,1,TSEC,58.97507858276367,60.0853157043457,60.38915252685547,60.8399543762207,60.47464370727539
M6_YHUR_SHUR,6,HUR,HUR,2025-01-13,2025-01-14,2,Yd,765.7420043945312,897.9193115234375,885.77880859375,905.5443115234375,889.5983276367188
M6_YHUR_SHUR,6,HUR,HUR,2025-01-13,2025-01-14,2,TSE,892.699462890625,902.29248046875,904.2020874023438,907.0873413085938,904.0004272460938
M6_YHUR_SHUR,6,HUR,HUR,2025-01-13,2025-01-14,2,TSEC,70.6658706665039,60.0853157043457,60.712066650390625,60.13935852050781,60.84683609008789
M6_YHUR_SHUR,6,HUR,HUR,2025-01-13,2025-01-15,3,Yd,1074.6065673828125,897.9193115234375,873.0222778320312,911.1512451171875,888.3881225585938
M6_YHUR_SHUR,6,HUR,HUR,2025-01-13,2025-01-15,3,TSE,806.7355346679688,902.29248046875,900.5962524414062,909.2925415039062,905.0263671875
M6_YHUR_SHUR,6,HUR,HUR,2025-01-13,2025-01-15,3,TSEC,57.74046325683594,60.0853157043457,60.524017333984375,60.733909606933594,61.12302017211914
M6_YHUR_SHUR,6,HUR,HUR,2025-01-14,2025-01-14,1,Yd,765.7420043945312,897.8230590820312,892.8199462890625,901.2175903320312,893.0881958007812
M6_YHUR_SHUR,6,HUR,HUR,2025-01-14,2025-01-14,1,TSE,892.699462890625,902.3386840820312,898.4314575195312,911.6773681640625,904.1638793945312
M6_YHUR_SHUR,6,HUR,HUR,2025-01-14,2025-01-14,1,TSEC,70.6658706665039,60.08382797241211,60.71978759765625,60.318634033203125,60.63388442993164
M6_YHUR_SHUR,6,HUR,HUR,2025-01-14,2025-01-15,2,Yd,1074.6065673828125,897.8230590820312,864.11767578125,920.4400024414062,892.0574340820312
M6_YHUR_SHUR,6,HUR,HUR,2025-01-14,2025-01-15,2,TSE,806.7355346679688,902.3386840820312,909.2817993164062,912.612060546875,904.8094482421875
M6_YHUR_SHUR,6,HUR,HUR,2025-01-14,2025-01-15,2,TSEC,57.74046325683594,60.08382797241211,60.46120071411133,60.80965042114258,60.95821762084961
M6_YHUR_SHUR,6,HUR,HUR,2025-01-14,2025-01-16,3,Yd,1029.068359375,897.8230590820312,878.728515625,924.3544921875,893.5394897460938
M6_YHUR_SHUR,6,HUR,HUR,2025-01-14,2025-01-16,3,TSE,1013.0645141601562,902.3386840820312,899.30810546875,903.5552978515625,904.8946533203125
M6_YHUR_SHUR,6,HUR,HUR,2025-01-14,2025-01-16,3,TSEC,52.9822998046875,60.08382797241211,60.61172103881836,60.99470138549805,61.02285385131836
M6_YHUR_SHUR,6,HUR,HUR,2025-01-15,2025-01-15,1,Yd,1074.6065673828125,897.6458129882812,883.823974609375,900.3514404296875,895.7951049804688
M6_YHUR_SHUR,6,HUR,HUR,2025-01-15,2025-01-15,1,TSE,806.7355346679688,902.32568359375,907.1798706054688,889.1974487304688,903.6192626953125
M6_YHUR_SHUR,6,HUR,HUR,2025-01-15,2025-01-15,1,TSEC,57.74046325683594,60.09803009033203,60.074562072753906,60.83781814575195,60.556819915771484
M6_YHUR_SHUR,6,HUR,HUR,2025-01-15,2025-01-16,2,Yd,1029.068359375,897.6458129882812,884.544189453125,905.6259765625,896.4821166992188
M6_YHUR_SHUR,6,HUR,HUR,2025-01-15,2025-01-16,2,TSE,1013.0645141601562,902.32568359375,899.3390502929688,897.8173828125,903.3800048828125
M6_YHUR_SHUR,6,HUR,HUR,2025-01-15,2025-01-16,2,TSEC,52.9822998046875,60.09803009033203,60.956932067871094,60.43361282348633,60.66522216796875
M6_YHUR_SHUR,6,HUR,HUR,2025-01-15,2025-01-17,3,Yd,840.9820556640625,897.6458129882812,887.3424072265625,905.6341552734375,894.7738647460938
M6_YHUR_SHUR,6,HUR,HUR,2025-01-15,2025-01-17,3,TSE,859.9549560546875,902.32568359375,897.07958984375,880.2153930664062,903.4629516601562
M6_YHUR_SHUR,6,HUR,HUR,2025-01-15,2025-01-17,3,TSEC,49.280372619628906,60.09803009033203,60.53329086303711,60.01973342895508,60.664825439453125
M6_YHUR_SHUR,6,HUR,HUR,2025-01-16,2025-01-16,1,Yd,1029.068359375,897.883056640625,877.894775390625,902.9439697265625,898.1732177734375
M6_YHUR_SHUR,6,HUR,HUR,2025-01-16,2025-01-16,1,TSE,1013.0645141601562,902.1975708007812,902.1227416992188,899.6741943359375,904.8965454101562
M6_YHUR_SHUR,6,HUR,HUR,2025-01-16,2025-01-16,1,TSEC,52.9822998046875,60.094871520996094,61.08134078979492,62.63710403442383,60.142215728759766
M6_YHUR_SHUR,6,HUR,HUR,2025-01-16,2025-01-17,2,Yd,840.9820556640625,897.883056640625,893.7061157226562,908.1076049804688,897.5916137695312
M6_YHUR_SHUR,6,HUR,HUR,2025-01-16,2025-01-17,2,TSE,859.9549560546875,902.1975708007812,911.62158203125,907.3722534179688,906.4447631835938
M6_YHUR_SHUR,6,HUR,HUR,2025-01-16,2025-01-17,2,TSEC,49.280372619628906,60.094871520996094,60.50564193725586,62.08858108520508,60.098876953125
M6_YHUR_SHUR,6,HUR,HUR,2025-01-16,2025-01-18,3,Yd,701.0606689453125,897.883056640625,895.8829345703125,904.562744140625,892.9525146484375
M6_YHUR_SHUR,6,HUR,HUR,2025-01-16,2025-01-18,3,TSE,811.7219848632812,902.1975708007812,901.0630493164062,898.9652709960938,907.8472290039062
M6_YHUR_SHUR,6,HUR,HUR,2025-01-16,2025-01-18,3,TSEC,67.52545928955078,60.094871520996094,60.95661163330078,60.95793151855469,60.34974670410156
M6_YHUR_SHUR,6,HUR,HUR,2025-01-17,2025-01-17,1,Yd,840.9820556640625,898.05859375,893.8956298828125,920.0577392578125,893.4923706054688
M6_YHUR_SHUR,6,HUR,HUR,2025-01-17,2025-01-17,1,TSE,859.9549560546875,902.3460693359375,900.4368896484375,894.4376831054688,905.678466796875
M6_YHUR_SHUR,6,HUR,HUR,2025-01-17,2025-01-17,1,TSEC,49.280372619628906,60.08534240722656,60.505531311035156,59.65955352783203,59.77812576293945
M6_YHUR_SHUR,6,HUR,HUR,2025-01-17,2025-01-18,2,Yd,701.0606689453125,898.05859375,894.1485595703125,905.5242919921875,888.3742065429688
M6_YHUR_SHUR,6,HUR,HUR,2025-01-17,2025-01-18,2,TSE,811.7219848632812,902.3460693359375,896.4301147460938,884.5790405273438,907.4446411132812
M6_YHUR_SHUR,6,HUR,HUR,2025-01-17,2025-01-18,2,TSEC,67.52545928955078,60.08534240722656,60.57539367675781,59.784454345703125,59.79241943359375
M6_YHUR_SHUR,6,HUR,HUR,2025-01-17,2025-01-19,3,Yd,954.3056640625,898.05859375,889.3631591796875,898.92236328125,884.5304565429688
M6_YHUR_SHUR,6,HUR,HUR,2025-01-17,2025-01-19,3,TSE,918.7282104492188,902.3460693359375,909.4882202148438,887.9689331054688,908.0335083007812
M6_YHUR_SHUR,6,HUR,HUR,2025-01-17,2025-01-19,3,TSEC,57.187950134277344,60.08534240722656,60.52314376831055,59.35332489013672,60.0930290222168
M6_YHUR_SHUR,6,HUR,HUR,2025-01-18,2025-01-18,1,Yd,701.0606689453125,897.9822998046875,879.89453125,885.7099609375,893.4536743164062
M6_YHUR_SHUR,6,HUR,HUR,2025-01-18,2025-01-18,1,TSE,811.7219848632812,902.2892456054688,898.5473022460938,906.0288696289062,906.9439086914062
M6_YHUR_SHUR,6,HUR,HUR,2025-01-18,2025-01-18,1,TSEC,67.52545928955078,60.07089614868164,60.750301361083984,60.768646240234375,60.04372787475586
M6_YHUR_SHUR,6,HUR,HUR,2025-01-18,2025-01-19,2,Yd,954.3056640625,897.9822998046875,883.6178588867188,884.8792724609375,890.9425048828125
M6_YHUR_SHUR,6,HUR,HUR,2025-01-18,2025-01-19,2,TSE,918.7282104492188,902.2892456054688,905.1297607421875,898.6377563476562,908.5344848632812
M6_YHUR_SHUR,6,HUR,HUR,2025-01-18,2025-01-19,2,TSEC,57.187950134277344,60.07089614868164,60.216514587402344,60.640769958496094,60.23691177368164
M6_YHUR_SHUR,6,HUR,HUR,2025-01-18,2025-01-20,3,Yd,924.191162109375,897.9822998046875,878.975341796875,875.3182373046875,888.6092529296875
M6_YHUR_SHUR,6,HUR,HUR,2025-01-18,2025-01-20,3,TSE,1075.445068359375,902.2892456054688,897.1487426757812,900.9838256835938,908.7528686523438
M6_YHUR_SHUR,6,HUR,HUR,2025-01-18,2025-01-20,3,TSEC,59.30887985229492,60.07089614868164,60.66889572143555,60.718170166015625,60.47312927246094
M6_YHUR_SHUR,6,HUR,HUR,2025-01-19,2025-01-19,1,Yd,954.3056640625,897.719482421875,895.6161499023438,897.7948608398438,895.3396606445312
M6_YHUR_SHUR,6,HUR,HUR,2025-01-19,2025-01-19,1,TSE,918.7282104492188,902.1683959960938,904.632080078125,897.7333374023438,905.1669921875
M6_YHUR_SHUR,6,HUR,HUR,2025-01-19,2025-01-19,1,TSEC,57.187950134277344,60.08085250854492,60.347896575927734,59.89364242553711,60.33583450317383
M6_YHUR_SHUR,6,HUR,HUR,2025-01-19,2025-01-20,2,Yd,924.191162109375,897.719482421875,873.361328125,903.07080078125,893.1382446289062
M6_YHUR_SHUR,6,HUR,HUR,2025-01-19,2025-01-20,2,TSE,1075.445068359375,902.1683959960938,892.9744873046875,890.3638305664062,906.0514526367188
M6_YHUR_SHUR,6,HUR,HUR,2025-01-19,2025-01-20,2,TSEC,59.30887985229492,60.08085250854492,60.69322967529297,59.00617218017578,60.551025390625
M6_YHUR_SHUR,6,HUR,HUR,2025-01-19,2025-01-21,3,Yd,957.9066162109375,897.719482421875,880.1937866210938,899.7334594726562,889.5383911132812
M6_YHUR_SHUR,6,HUR,HUR,2025-01-19,2025-01-21,3,TSE,957.3218383789062,902.1683959960938,910.7578125,887.0143432617188,907.3388061523438
M6_YHUR_SHUR,6,HUR,HUR,2025-01-19,2025-01-21,3,TSEC,59.7370719909668,60.08085250854492,60.4989128112793,58.53017044067383,60.85871505737305
M6_YHUR_SHUR,6,HUR,HUR,2025-01-20,2025-01-20,1,Yd,924.191162109375,897.7948608398438,870.4823608398438,911.388916015625,894.7706298828125
M6_YHUR_SHUR,6,HUR,HUR,2025-01-20,2025-01-20,1,TSE,1075.445068359375,902.1904907226562,903.8037719726562,906.9464721679688,904.4818725585938
M6_YHUR_SHUR,6,HUR,HUR,2025-01-20,2025-01-20,1,TSEC,59.30887985229492,60.076995849609375,60.748592376708984,61.138797760009766,60.43159866333008
M6_YHUR_SHUR,6,HUR,HUR,2025-01-20,2025-01-21,2,Yd,957.9066162109375,897.7948608398438,882.3174438476562,907.3519287109375,891.6261596679688
M6_YHUR_SHUR,6,HUR,HUR,2025-01-20,2025-01-21,2,TSE,957.3218383789062,902.1904907226562,901.1036376953125,906.73681640625,906.2238159179688
M6_YHUR_SHUR,6,HUR,HUR,2025-01-20,2025-01-21,2,TSEC,59.7370719909668,60.076995849609375,60.37060546875,60.69829559326172,60.76731491088867
M6_YHUR_SHUR,6,HUR,HUR,2025-01-20,2025-01-22,3,Yd,868.3150024414062,897.7948608398438,886.0228271484375,909.496826171875,890.0196533203125
M6_YHUR_SHUR,6,HUR,HUR,2025-01-20,2025-01-22,3,TSE,914.6010131835938,902.1904907226562,898.1543579101562,909.0235595703125,908.1160278320312
M6_YHUR_SHUR,6,HUR,HUR,2025-01-20,2025-01-22,3,TSEC,60.159854888916016,60.076995849609375,60.60189437866211,61.10466766357422,61.040496826171875
M6_YHUR_SHUR,6,HUR,HUR,2025-01-21,2025-01-21,1,Yd,957.9066162109375,897.830078125,880.5858764648438,900.3463745117188,892.4267578125
M6_YHUR_SHUR,6,HUR,HUR,2025-01-21,2025-01-21,1,TSE,957.3218383789062,902.4212036132812,920.7154541015625,920.8278198242188,905.0814819335938
M6_YHUR_SHUR,6,HUR,HUR,2025-01-21,2025-01-21,1,TSEC,59.7370719909668,60.07597351074219,60.44179916381836,60.6794548034668,60.46137619018555
M6_YHUR_SHUR,6,HUR,HUR,2025-01-21,2025-01-22,2,Yd,868.3150024414062,897.830078125,889.7691650390625,911.0753784179688,890.9288330078125
M6_YHUR_SHUR,6,HUR,HUR,2025-01-21,2025-01-22,2,TSE,914.6010131835938,902.4212036132812,894.341064453125,907.7752685546875,906.72021484375
M6_YHUR_SHUR,6,HUR,HUR,2025-01-21,2025-01-22,2,TSEC,60.159854888916016,60.07597351074219,60.57638168334961,61.07390213012695,60.61537551879883
M6_YHUR_SHUR,6,HUR,HUR,2025-01-21,2025-01-23,3,Yd,631.3897705078125,897.830078125,888.3623657226562,908.2791748046875,892.3523559570312
M6_YHUR_SHUR,6,HUR,HUR,2025-01-21,2025-01-23,3,TSE,1034.877685546875,902.4212036132812,906.8352661132812,903.4419555664062,907.741943359375
M6_YHUR_SHUR,6,HUR,HUR,2025-01-21,2025-01-23,3,TSEC,52.95630645751953,60.07597351074219,60.48682403564453,60.16938781738281,60.4153938293457
M6_YHUR_SHUR,6,HUR,HUR,2025-01-22,2025-01-22,1,Yd,868.3150024414062,897.909912109375,887.9308471679688,905.2813110351562,894.4069213867188
M6_YHUR_SHUR,6,HUR,HUR,2025-01-22,2025-01-22,1,TSE,914.6010131835938,902.4942016601562,898.3853759765625,897.5816650390625,905.8619384765625
M6_YHUR_SHUR,6,HUR,HUR,2025-01-22,2025-01-22,1,TSEC,60.159854888916016,60.07551574707031,60.589439392089844,61.076717376708984,60.19730758666992
M6_YHUR_SHUR,6,HUR,HUR,2025-01-22,2025-01-23,2,Yd,631.3897705078125,897.909912109375,883.1580810546875,914.7670288085938,894.903564453125
M6_YHUR_SHUR,6,HUR,HUR,2025-01-22,2025-01-23,2,TSE,1034.877685546875,902.4942016601562,908.2299194335938,909.968505859375,907.6337890625
M6_YHUR_SHUR,6,HUR,HUR,2025-01-22,2025-01-23,2,TSEC,52.95630645751953,60.07551574707031,60.46161651611328,60.72714614868164,59.935245513916016
M6_YHUR_SHUR,6,HUR,HUR,2025-01-22,2025-01-24,3,Yd,1024.8450927734375,897.909912109375,893.9496459960938,899.5390014648438,892.1900634765625
M6_YHUR_SHUR,6,HUR,HUR,2025-01-22,2025-01-24,3,TSE,867.8539428710938,902.4942016601562,902.0887451171875,910.1444091796875,908.969970703125
M6_YHUR_SHUR,6,HUR,HUR,2025-01-22,2025-01-24,3,TSEC,57.80139923095703,60.07551574707031,60.511940002441406,60.28268814086914,59.667457580566406
M6_YHUR_SHUR,6,HUR,HUR,2025-01-23,2025-01-23,1,Yd,631.3897705078125,897.8705444335938,893.714599609375,909.5958862304688,895.4657592773438
M6_YHUR_SHUR,6,HUR,HUR,2025-01-23,2025-01-23,1,TSE,1034.877685546875,902.5103149414062,899.7265014648438,902.5950317382812,906.03271484375
M6_YHUR_SHUR,6,HUR,HUR,2025-01-23,2025-01-23,1,TSEC,52.95630645751953,60.07563400268555,60.184837341308594,60.26350402832031,59.81257247924805
M6_YHUR_SHUR,6,HUR,HUR,2025-01-23,2025-01-24,2,Yd,1024.8450927734375,897.8705444335938,885.9647216796875,923.3646850585938,892.3412475585938
M6_YHUR_SHUR,6,HUR,HUR,2025-01-23,2025-01-24,2,TSE,867.8539428710938,902.5103149414062,904.8733520507812,907.5691528320312,908.2307739257812
M6_YHUR_SHUR,6,HUR,HUR,2025-01-23,2025-01-24,2,TSEC,57.80139923095703,60.07563400268555,60.31679153442383,60.886409759521484,59.53065872192383
M6_YHUR_SHUR,6,HUR,HUR,2025-01-23,2025-01-25,3,Yd,824.6500244140625,897.8705444335938,880.1424560546875,906.5850830078125,885.3458251953125
M6_YHUR_SHUR,6,HUR,HUR,2025-01-23,2025-01-25,3,TSE,915.5328979492188,902.5103149414062,903.23974609375,907.0709228515625,910.2125854492188
M6_YHUR_SHUR,6,HUR,HUR,2025-01-23,2025-01-25,3,TSEC,64.87174224853516,60.07563400268555,60.6613655090332,59.714439392089844,59.58754348754883
M6_YHUR_SHUR,6,HUR,HUR,2025-01-24,2025-01-24,1,Yd,1024.8450927734375,897.51708984375,882.0579223632812,877.3912353515625,892.8806762695312
M6_YHUR_SHUR,6,HUR,HUR,2025-01-24,2025-01-24,1,TSE,867.8539428710938,902.6858520507812,904.8525390625,914.65283203125,905.8599853515625
M6_YHUR_SHUR,6,HUR,HUR,2025-01-24,2025-01-24,1,TSEC,57.80139923095703,60.06618881225586,60.49815368652344,59.32182693481445,59.753719329833984
M6_YHUR_SHUR,6,HUR,HUR,2025-01-24,2025-01-25,2,Yd,824.6500244140625,897.51708984375,890.8023071289062,890.4481811523438,886.1053466796875
M6_YHUR_SHUR,6,HUR,HUR,2025-01-24,2025-01-25,2,TSE,915.5328979492188,902.6858520507812,899.55078125,897.1739501953125,909.3417358398438
M6_YHUR_SHUR,6,HUR,HUR,2025-01-24,2025-01-25,2,TSEC,64.87174224853516,60.06618881225586,60.27628707885742,59.775875091552734,59.8870849609375
M6_YHUR_SHUR,6,HUR,HUR,2025-01-24,2025-01-26,3,Yd,846.416748046875,897.51708984375,888.1417236328125,874.8255004882812,880.8267822265625
M6_YHUR_SHUR,6,HUR,HUR,2025-01-24,2025-01-26,3,TSE,886.6358642578125,902.6858520507812,905.9534301757812,900.4474487304688,910.5740356445312
M6_YHUR_SHUR,6,HUR,HUR,2025-01-24,2025-01-26,3,TSEC,59.06119155883789,60.06618881225586,60.37809753417969,59.101287841796875,60.16643524169922
M6_YHUR_SHUR,6,HUR,HUR,2025-01-25,2025-01-25,1,Yd,824.6500244140625,897.685791015625,864.5208740234375,901.2146606445312,890.1107177734375
M6_YHUR_SHUR,6,HUR,HUR,2025-01-25,2025-01-25,1,TSE,915.5328979492188,902.6397094726562,897.9269409179688,897.8161010742188,906.7139892578125
M6_YHUR_SHUR,6,HUR,HUR,2025-01-25,2025-01-25,1,TSEC,64.87174224853516,60.063194274902344,59.65065002441406,60.323158264160156,59.95777893066406
M6_YHUR_SHUR,6,HUR,HUR,2025-01-25,2025-01-26,2,Yd,846.416748046875,897.685791015625,897.7855834960938,885.6502075195312,884.6986083984375
M6_YHUR_SHUR,6,HUR,HUR,2025-01-25,2025-01-26,2,TSE,886.6358642578125,902.6397094726562,908.99951171875,885.0903930664062,908.3822021484375
M6_YHUR_SHUR,6,HUR,HUR,2025-01-25,2025-01-26,2,TSEC,59.06119155883789,60.063194274902344,60.874359130859375,59.769554138183594,60.07510757446289
M6_YHUR_SHUR,6,HUR,HUR,2025-01-25,2025-01-27,3,Yd,855.9183959960938,897.685791015625,877.8445434570312,876.0546264648438,880.5100708007812
M6_YHUR_SHUR,6,HUR,HUR,2025-01-25,2025-01-27,3,TSE,807.8046264648438,902.6397094726562,901.0531616210938,887.3079833984375,908.7100830078125
M6_YHUR_SHUR,6,HUR,HUR,2025-01-25,2025-01-27,3,TSEC,49.46235275268555,60.063194274902344,60.555030822753906,59.39604568481445,60.14426040649414
M6_YHUR_SHUR,6,HUR,HUR,2025-01-26,2025-01-26,1,Yd,846.416748046875,897.589111328125,884.9788208007812,899.5643310546875,889.97265625
M6_YHUR_SHUR,6,HUR,HUR,2025-01-26,2025-01-26,1,TSE,886.6358642578125,902.65673828125,908.9611206054688,908.7098388671875,904.468505859375
M6_YHUR_SHUR,6,HUR,HUR,2025-01-26,2025-01-26,1,TSEC,59.06119155883789,60.069549560546875,60.224945068359375,60.30945587158203,60.1204719543457
M6_YHUR_SHUR,6,HUR,HUR,2025-01-26,2025-01-27,2,Yd,855.9183959960938,897.589111328125,885.4417724609375,893.0938720703125,884.7189331054688
M6_YHUR_SHUR,6,HUR,HUR,2025-01-26,2025-01-27,2,TSE,807.8046264648438,902.65673828125,895.6216430664062,903.7931518554688,904.6964721679688
M6_YHUR_SHUR,6,HUR,HUR,2025-01-26,2025-01-27,2,TSEC,49.46235275268555,60.069549560546875,60.50160217285156,59.713836669921875,60.19841766357422
M6_YHUR_SHUR,6,HUR,HUR,2025-01-26,2025-01-28,3,Yd,791.8541870117188,897.589111328125,871.5560913085938,893.0709228515625,879.7898559570312
M6_YHUR_SHUR,6,HUR,HUR,2025-01-26,2025-01-28,3,TSE,1081.130126953125,902.65673828125,915.2485961914062,902.6729736328125,905.0387573242188
M6_YHUR_SHUR,6,HUR,HUR,2025-01-26,2025-01-28,3,TSEC,58.84332275390625,60.069549560546875,60.31414794921875,59.12791061401367,60.29424285888672
M6_YHUR_SHUR,6,HUR,HUR,2025-01-27,2025-01-27,1,Yd,855.9183959960938,897.5215454101562,884.6714477539062,898.6611328125,890.9554443359375
M6_YHUR_SHUR,6,HUR,HUR,2025-01-27,2025-01-27,1,TSE,807.8046264648438,902.6355590820312,909.7540283203125,886.81298828125,903.3775024414062
M6_YHUR_SHUR,6,HUR,HUR,2025-01-27,2025-01-27,1,TSEC,49.46235275268555,60.06821823120117,60.60725021362305,60.72136306762695,60.24755859375
M6_YHUR_SHUR,6,HUR,HUR,2025-01-27,2025-01-28,2,Yd,791.8541870117188,897.5215454101562,885.3309936523438,902.3956298828125,885.6839599609375
M6_YHUR_SHUR,6,HUR,HUR,2025-01-27,2025-01-28,2,TSE,1081.130126953125,902.6355590820312,905.0856323242188,900.2500610351562,904.2618408203125
M6_YHUR_SHUR,6,HUR,HUR,2025-01-27,2025-01-28,2,TSEC,58.84332275390625,60.06821823120117,60.155006408691406,60.240474700927734,60.43124008178711
M6_YHUR_SHUR,6,HUR,HUR,2025-01-27,2025-01-29,3,Yd,866.879150390625,897.5215454101562,882.6994018554688,903.1627807617188,882.8319091796875
M6_YHUR_SHUR,6,HUR,HUR,2025-01-27,2025-01-29,3,TSE,702.7825927734375,902.6355590820312,900.7347412109375,897.1463623046875,905.6591186523438
M6_YHUR_SHUR,6,HUR,HUR,2025-01-27,2025-01-29,3,TSEC,62.55752944946289,60.06821823120117,60.436500549316406,60.410972595214844,60.53496551513672
M6_YHUR_SHUR,6,HUR,HUR,2025-01-28,2025-01-28,1,Yd,791.8541870117188,897.4666748046875,887.0686645507812,908.1048583984375,893.4281616210938
M6_YHUR_SHUR,6,HUR,HUR,2025-01-28,2025-01-28,1,TSE,1081.130126953125,902.510498046875,912.6724243164062,913.0289306640625,905.4344482421875
M6_YHUR_SHUR,6,HUR,HUR,2025-01-28,2025-01-28,1,TSEC,58.84332275390625,60.054222106933594,60.918338775634766,61.246559143066406,60.447017669677734
M6_YHUR_SHUR,6,HUR,HUR,2025-01-28,2025-01-29,2,Yd,866.879150390625,897.4666748046875,883.2670288085938,924.3204345703125,893.5472412109375
M6_YHUR_SHUR,6,HUR,HUR,2025-01-28,2025-01-29,2,TSE,702.7825927734375,902.510498046875,899.198974609375,915.9722290039062,907.1083984375
M6_YHUR_SHUR,6,HUR,HUR,2025-01-28,2025-01-29,2,TSEC,62.55752944946289,60.054222106933594,59.89668273925781,61.51472473144531,60.547115325927734
M6_YHUR_SHUR,6,HUR,HUR,2025-01-28,2025-01-30,3,Yd,940.6289672851562,897.4666748046875,871.1258544921875,916.9901733398438,896.8676147460938
M6_YHUR_SHUR,6,HUR,HUR,2025-01-28,2025-01-30,3,TSE,803.499755859375,902.510498046875,903.1320190429688,905.2980346679688,907.7976684570312
M6_YHUR_SHUR,6,HUR,HUR,2025-01-28,2025-01-30,3,TSEC,44.650421142578125,60.054222106933594,60.60080337524414,61.46986770629883,60.29227828979492
M6_YHUR_SHUR,6,HUR,HUR,2025-01-29,2025-01-29,1,Yd,866.879150390625,897.3275756835938,886.7554321289062,909.7482299804688,895.7466430664062
M6_YHUR_SHUR,6,HUR,HUR,2025-01-29,2025-01-29,1,TSE,702.7825927734375,902.7457885742188,902.7576293945312,924.1282958984375,905.2800903320312
M6_YHUR_SHUR,6,HUR,HUR,2025-01-29,2025-01-29,1,TSEC,62.55752944946289,60.05262756347656,60.31644058227539,61.19725036621094,60.13864517211914
M6_YHUR_SHUR,6,HUR,HUR,2025-01-29,2025-01-30,2,Yd,940.6289672851562,897.3275756835938,868.498046875,924.8872680664062,897.6084594726562
M6_YHUR_SHUR,6,HUR,HUR,2025-01-29,2025-01-30,2,TSE,803.499755859375,902.7457885742188,904.2566528320312,907.4794311523438,905.9962768554688
M6_YHUR_SHUR,6,HUR,HUR,2025-01-29,2025-01-30,2,TSEC,44.650421142578125,60.05262756347656,60.511356353759766,60.90089797973633,59.841094970703125
M6_YHUR_SHUR,6,HUR,HUR,2025-01-29,2025-01-31,3,Yd,969.1213989257812,897.3275756835938,893.2745361328125,924.5844116210938,896.6080322265625
M6_YHUR_SHUR,6,HUR,HUR,2025-01-29,2025-01-31,3,TSE,856.5885620117188,902.7457885742188,906.2626342773438,893.9140625,907.3690795898438
M6_YHUR_SHUR,6,HUR,HUR,2025-01-29,2025-01-31,3,TSEC,66.00150299072266,60.05262756347656,60.2515869140625,60.30550765991211,59.53731155395508
M6_YHUR_SHUR,6,HUR,HUR,2025-01-30,2025-01-30,1,Yd,940.6289672851562,897.2874755859375,882.5633544921875,910.2496337890625,899.978759765625
M6_YHUR_SHUR,6,HUR,HUR,2025-01-30,2025-01-30,1,TSE,803.499755859375,902.4827270507812,897.3709106445312,890.5094604492188,906.09912109375
M6_YHUR_SHUR,6,HUR,HUR,2025-01-30,2025-01-30,1,TSEC,44.650421142578125,60.05592727661133,60.40526580810547,61.53458786010742,59.89869689941406
M6_YHUR_SHUR,6,HUR,HUR,2025-01-30,2025-01-31,2,Yd,969.1213989257812,897.2874755859375,885.6141967773438,908.9193725585938,900.666015625
M6_YHUR_SHUR,6,HUR,HUR,2025-01-30,2025-01-31,2,TSE,856.5885620117188,902.4827270507812,907.9142456054688,909.314697265625,908.9528198242188
M6_YHUR_SHUR,6,HUR,HUR,2025-01-30,2025-01-31,2,TSEC,66.00150299072266,60.05592727661133,60.230716705322266,61.21041488647461,59.672000885009766
M6_YHUR_SHUR,6,HUR,HUR,2025-01-30,2025-02-01,3,Yd,906.2294921875,897.2874755859375,887.3458251953125,911.7935791015625,896.0763549804688
M6_YHUR_SHUR,6,HUR,HUR,2025-01-30,2025-02-01,3,TSE,845.9577026367188,902.4827270507812,901.9005737304688,893.19091796875,912.4804077148438
M6_YHUR_SHUR,6,HUR,HUR,2025-01-30,2025-02-01,3,TSEC,49.053070068359375,60.05592727661133,60.21891784667969,60.35137176513672,59.764686584472656
M6_YHUR_SHUR,6,HUR,HUR,2025-01-31,2025-01-31,1,Yd,969.1213989257812,897.3444213867188,888.0607299804688,920.5841674804688,901.3568115234375
M6_YHUR_SHUR,6,HUR,HUR,2025-01-31,2025-01-31,1,TSE,856.5885620117188,902.3526611328125,903.7576904296875,919.6310424804688,908.5530395507812
M6_YHUR_SHUR,6,HUR,HUR,2025-01-31,2025-01-31,1,TSEC,66.00150299072266,60.03568649291992,60.5124397277832,60.96170425415039,59.75465774536133
M6_YHUR_SHUR,6,HUR,HUR,2025-01-31,2025-02-01,2,Yd,906.2294921875,897.3444213867188,887.9361572265625,919.7590942382812,900.7567138671875
M6_YHUR_SHUR,6,HUR,HUR,2025-01-31,2025-02-01,2,TSE,845.9577026367188,902.3526611328125,901.4102172851562,925.16259765625,913.6834716796875
M6_YHUR_SHUR,6,HUR,HUR,2025-01-31,2025-02-01,2,TSEC,49.053070068359375,60.03568649291992,59.979461669921875,60.75483322143555,59.756134033203125
M6_YHUR_SHUR,6,HUR,HUR,2025-01-31,2025-02-02,3,Yd,914.6026611328125,897.3444213867188,884.1979370117188,906.5134887695312,897.9413452148438
M6_YHUR_SHUR,6,HUR,HUR,2025-01-31,2025-02-02,3,TSE,919.9517211914062,902.3526611328125,906.771240234375,918.7849731445312,917.1259155273438
M6_YHUR_SHUR,6,HUR,HUR,2025-01-31,2025-02-02,3,TSEC,63.50084686279297,60.03568649291992,60.28449249267578,59.69809341430664,60.16728591918945
M6_YHUR_SHUR,6,HUR,HUR,2025-02-01,2025-02-01,1,Yd,906.2294921875,897.4386596679688,875.61572265625,918.2266235351562,895.7880859375
M6_YHUR_SHUR,6,HUR,HUR,2025-02-01,2025-02-01,1,TSE,845.9577026367188,902.2925415039062,893.2993774414062,896.4273681640625,908.8389892578125
M6_YHUR_SHUR,6,HUR,HUR,2025-02-01,2025-02-01,1,TSEC,49.053070068359375,60.04351043701172,59.39696502685547,61.374473571777344,60.013057708740234
M6_YHUR_SHUR,6,HUR,HUR,2025-02-01,2025-02-02,2,Yd,914.6026611328125,897.4386596679688,885.4967041015625,913.05126953125,893.9766235351562
M6_YHUR_SHUR,6,HUR,HUR,2025-02-01,2025-02-02,2,TSE,919.9517211914062,902.2925415039062,910.340087890625,895.6682739257812,912.361328125
M6_YHUR_SHUR,6,HUR,HUR,2025-02-01,2025-02-02,2,TSEC,63.50084686279297,60.04351043701172,60.912715911865234,61.301971435546875,60.270843505859375
M6_YHUR_SHUR,6,HUR,HUR,2025-02-01,2025-02-03,3,Yd,943.1637573242188,897.4386596679688,880.6859130859375,904.7117919921875,893.2861328125
M6_YHUR_SHUR,6,HUR,HUR,2025-02-01,2025-02-03,3,TSE,796.5145263671875,902.2925415039062,900.0855102539062,895.55224609375,913.4960327148438
M6_YHUR_SHUR,6,HUR,HUR,2025-02-01,2025-02-03,3,TSEC,58.97951126098633,60.04351043701172,59.89996337890625,61.26239776611328,60.56245422363281
M6_YHUR_SHUR,6,HUR,HUR,2025-02-02,2025-02-02,1,Yd,914.6026611328125,897.4501953125,881.99169921875,902.54052734375,897.0647583007812
M6_YHUR_SHUR,6,HUR,HUR,2025-02-02,2025-02-02,1,TSE,919.9517211914062,902.2186889648438,905.8983154296875,924.1982421875,908.2208862304688
M6_YHUR_SHUR,6,HUR,HUR,2025-02-02,2025-02-02,1,TSEC,63.50084686279297,60.029109954833984,60.47380065917969,61.22852325439453,60.257850646972656
M6_YHUR_SHUR,6,HUR,HUR,2025-02-02,2025-02-03,2,Yd,943.1637573242188,897.4501953125,882.27392578125,900.3519897460938,896.87890625
M6_YHUR_SHUR,6,HUR,HUR,2025-02-02,2025-02-03,2,TSE,796.5145263671875,902.2186889648438,900.7897338867188,911.4863891601562,910.752685546875
M6_YHUR_SHUR,6,HUR,HUR,2025-02-02,2025-02-03,2,TSEC,58.97951126098633,60.029109954833984,60.210487365722656,60.89659881591797,60.50969696044922
M6_YHUR_SHUR,6,HUR,HUR,2025-02-02,2025-02-04,3,Yd,1002.8214111328125,897.4501953125,880.2928466796875,911.0718383789062,895.047607421875
M6_YHUR_SHUR,6,HUR,HUR,2025-02-02,2025-02-04,3,TSE,811.629638671875,902.2186889648438,904.0182495117188,908.765380859375,912.983642578125
M6_YHUR_SHUR,6,HUR,HUR,2025-02-02,2025-02-04,3,TSEC,50.90217971801758,60.029109954833984,60.29341125488281,61.420265197753906,60.78605651855469
M6_YHUR_SHUR,6,HUR,HUR,2025-02-03,2025-02-03,1,Yd,943.1637573242188,897.4725952148438,890.5672607421875,900.3656616210938,895.986083984375
M6_YHUR_SHUR,6,HUR,HUR,2025-02-03,2025-02-03,1,TSE,796.5145263671875,902.2420043945312,898.9449462890625,900.43310546875,905.9034423828125
M6_YHUR_SHUR,6,HUR,HUR,2025-02-03,2025-02-03,1,TSEC,58.97951126098633,60.033653259277344,59.577083587646484,60.26022720336914,60.37348937988281
M6_YHUR_SHUR,6,HUR,HUR,2025-02-03,2025-02-04,2,Yd,1002.8214111328125,897.4725952148438,890.3140258789062,899.599853515625,894.2927856445312
M6_YHUR_SHUR,6,HUR,HUR,2025-02-03,2025-02-04,2,TSE,811.629638671875,902.2420043945312,906.8274536132812,887.0132446289062,908.7463989257812
M6_YHUR_SHUR,6,HUR,HUR,2025-02-03,2025-02-04,2,TSEC,50.90217971801758,60.033653259277344,60.26405334472656,58.96401596069336,60.670631408691406
M6_YHUR_SHUR,6,HUR,HUR,2025-02-03,2025-02-05,3,Yd,821.6129150390625,897.4725952148438,886.3590087890625,918.9331665039062,895.8541870117188
M6_YHUR_SHUR,6,HUR,HUR,2025-02-03,2025-02-05,3,TSE,914.2659301757812,902.2420043945312,897.0554809570312,883.9266357421875,911.3486328125
M6_YHUR_SHUR,6,HUR,HUR,2025-02-03,2025-02-05,3,TSEC,62.610198974609375,60.033653259277344,59.76430892944336,60.19998550415039,60.75602340698242
M6_YHUR_SHUR,6,HUR,HUR,2025-02-04,2025-02-04,1,Yd,1002.8214111328125,897.5323486328125,880.1849365234375,905.3468017578125,896.8829345703125
M6_YHUR_SHUR,6,HUR,HUR,2025-02-04,2025-02-04,1,TSE,811.629638671875,902.103759765625,893.0746459960938,892.839111328125,906.4624633789062
M6_YHUR_SHUR,6,HUR,HUR,2025-02-04,2025-02-04,1,TSEC,50.90217971801758,60.03227615356445,60.46506118774414,60.813690185546875,60.53525924682617
M6_YHUR_SHUR,6,HUR,HUR,2025-02-04,2025-02-05,2,Yd,821.6129150390625,897.5323486328125,882.4762573242188,905.9583740234375,900.3101806640625
M6_YHUR_SHUR,6,HUR,HUR,2025-02-04,2025-02-05,2,TSE,914.2659301757812,902.103759765625,909.6819458007812,898.717529296875,909.1143798828125
M6_YHUR_SHUR,6,HUR,HUR,2025-02-04,2025-02-05,2,TSEC,62.610198974609375,60.03227615356445,60.09754943847656,60.699527740478516,60.60739517211914
M6_YHUR_SHUR,6,HUR,HUR,2025-02-04,2025-02-06,3,Yd,844.5075073242188,897.5323486328125,884.8737182617188,910.7863159179688,906.7671508789062
M6_YHUR_SHUR,6,HUR,HUR,2025-02-04,2025-02-06,3,TSE,942.1356811523438,902.103759765625,900.5615844726562,895.7344970703125,911.2294921875
M6_YHUR_SHUR,6,HUR,HUR,2025-02-04,2025-02-06,3,TSEC,50.59963607788086,60.03227615356445,60.641780853271484,60.76665496826172,60.324119567871094
M6_YHUR_SHUR,6,HUR,HUR,2025-02-05,2025-02-05,1,Yd,821.6129150390625,897.6697998046875,880.23876953125,918.3980102539062,902.8711547851562
M6_YHUR_SHUR,6,HUR,HUR,2025-02-05,2025-02-05,1,TSE,914.2659301757812,901.9856567382812,894.3954467773438,911.2958374023438,907.6807861328125
M6_YHUR_SHUR,6,HUR,HUR,2025-02-05,2025-02-05,1,TSEC,62.610198974609375,60.02035903930664,60.27654266357422,61.360313415527344,60.14931869506836
M6_YHUR_SHUR,6,HUR,HUR,2025-02-05,2025-02-06,2,Yd,844.5075073242188,897.6697998046875,884.6246337890625,927.6483764648438,910.471435546875
M6_YHUR_SHUR,6,HUR,HUR,2025-02-05,2025-02-06,2,TSE,942.1356811523438,901.9856567382812,898.025634765625,910.286376953125,910.7667846679688
M6_YHUR_SHUR,6,HUR,HUR,2025-02-05,2025-02-06,2,TSEC,50.59963607788086,60.02035903930664,60.32619094848633,61.55064010620117,59.81603240966797
M6_YHUR_SHUR,6,HUR,HUR,2025-02-05,2025-02-07,3,Yd,819.4549560546875,897.6697998046875,894.2250366210938,916.000244140625,915.4281616210938
M6_YHUR_SHUR,6,HUR,HUR,2025-02-05,2025-02-07,3,TSE,1084.1768798828125,901.9856567382812,899.7281494140625,896.3038940429688,913.7220458984375
M6_YHUR_SHUR,6,HUR,HUR,2025-02-05,2025-02-07,3,TSEC,70.50187683105469,60.02035903930664,60.06594467163086,60.86989974975586,59.510581970214844
M6_YHUR_SHUR,6,HUR,HUR,2025-02-06,2025-02-06,1,Yd,844.5075073242188,897.570556640625,883.731201171875,921.1055297851562,903.2575073242188
M6_YHUR_SHUR,6,HUR,HUR,2025-02-06,2025-02-06,1,TSE,942.1356811523438,902.0016479492188,898.9656982421875,904.6048583984375,908.0157470703125
M6_YHUR_SHUR,6,HUR,HUR,2025-02-06,2025-02-06,1,TSEC,50.59963607788086,60.02373123168945,60.51051330566406,61.17927169799805,59.78351593017578
M6_YHUR_SHUR,6,HUR,HUR,2025-02-06,2025-02-07,2,Yd,819.4549560546875,897.570556640625,891.6961669921875,919.7332763671875,906.5569458007812
M6_YHUR_SHUR,6,HUR,HUR,2025-02-06,2025-02-07,2,TSE,1084.1768798828125,902.0016479492188,903.36279296875,905.546875,912.5040283203125
M6_YHUR_SHUR,6,HUR,HUR,2025-02-06,2025-02-07,2,TSEC,70.50187683105469,60.02373123168945,59.90578842163086,61.04214859008789,59.494049072265625
M6_YHUR_SHUR,6,HUR,HUR,2025-02-06,2025-02-08,3,Yd,1003.83642578125,897.570556640625,892.1447143554688,909.6517333984375,905.2988891601562
M6_YHUR_SHUR,6,HUR,HUR,2025-02-06,2025-02-08,3,TSE,965.4362182617188,902.0016479492188,901.6135864257812,890.0906372070312,916.67236328125
M6_YHUR_SHUR,6,HUR,HUR,2025-02-06,2025-02-08,3,TSEC,57.29811477661133,60.02373123168945,60.14104461669922,60.21806716918945,59.57203674316406
M6_YHUR_SHUR,6,HUR,HUR,2025-02-07,2025-02-07,1,Yd,819.4549560546875,897.5015258789062,893.88525390625,914.0653686523438,900.7833251953125
M6_YHUR_SHUR,6,HUR,HUR,2025-02-07,2025-02-07,1,TSE,1084.1768798828125,902.0538940429688,902.7184448242188,899.5902709960938,909.4658203125
M6_YHUR_SHUR,6,HUR,HUR,2025-02-07,2025-02-07,1,TSEC,70.50187683105469,60.0114631652832,60.45195388793945,60.277706146240234,59.65184783935547
M6_YHUR_SHUR,6,HUR,HUR,2025-02-07,2025-02-08,2,Yd,1003.83642578125,897.5015258789062,881.3466186523438,908.119140625,900.0258178710938
M6_YHUR_SHUR,6,HUR,HUR,2025-02-07,2025-02-08,2,TSE,965.4362182617188,902.0538940429688,900.4050903320312,896.540283203125,915.3324584960938
M6_YHUR_SHUR,6,HUR,HUR,2025-02-07,2025-02-08,2,TSEC,57.29811477661133,60.0114631652832,59.941593170166016,60.60348129272461,59.650596618652344
M6_YHUR_SHUR,6,HUR,HUR,2025-02-07,2025-02-09,3,Yd,972.1670532226562,897.5015258789062,886.9671020507812,902.8465576171875,897.3678588867188
M6_YHUR_SHUR,6,HUR,HUR,2025-02-07,2025-02-09,3,TSE,973.8567504882812,902.0538940429688,902.4730224609375,893.2846069335938,919.528076171875
M6_YHUR_SHUR,6,HUR,HUR,2025-02-07,2025-02-09,3,TSEC,64.6462173461914,60.0114631652832,60.22624969482422,60.719181060791016,60.0342903137207
M6_YHUR_SHUR,6,HUR,HUR,2025-02-08,2025-02-08,1,Yd,1003.83642578125,897.4000244140625,884.8515625,905.9772338867188,891.5421752929688
M6_YHUR_SHUR,6,HUR,HUR,2025-02-08,2025-02-08,1,TSE,965.4362182617188,902.2907104492188,914.9135131835938,898.1614379882812,908.0564575195312
M6_YHUR_SHUR,6,HUR,HUR,2025-02-08,2025-02-08,1,TSEC,57.29811477661133,60.02510452270508,58.60029220581055,59.9195671081543,59.944149017333984
M6_YHUR_SHUR,6,HUR,HUR,2025-02-08,2025-02-09,2,Yd,972.1670532226562,897.4000244140625,883.49658203125,895.9873046875,886.8592529296875
M6_YHUR_SHUR,6,HUR,HUR,2025-02-08,2025-02-09,2,TSE,973.8567504882812,902.2907104492188,895.6494140625,894.0479125976562,911.0827026367188
M6_YHUR_SHUR,6,HUR,HUR,2025-02-08,2025-02-09,2,TSEC,64.6462173461914,60.02510452270508,61.2013053894043,60.17702865600586,60.091880798339844
M6_YHUR_SHUR,6,HUR,HUR,2025-02-08,2025-02-10,3,Yd,886.5634155273438,897.4000244140625,886.4495239257812,881.6019897460938,884.3650512695312
M6_YHUR_SHUR,6,HUR,HUR,2025-02-08,2025-02-10,3,TSE,798.9292602539062,902.2907104492188,907.84716796875,888.6748657226562,912.7117919921875
M6_YHUR_SHUR,6,HUR,HUR,2025-02-08,2025-02-10,3,TSEC,57.11384582519531,60.02510452270508,59.34299087524414,59.4499626159668,60.25640869140625
M6_YHUR_SHUR,6,HUR,HUR,2025-02-09,2025-02-09,1,Yd,972.1670532226562,897.538330078125,886.528076171875,898.0062866210938,890.5186157226562
M6_YHUR_SHUR,6,HUR,HUR,2025-02-09,2025-02-09,1,TSE,973.8567504882812,902.3727416992188,899.291748046875,896.54541015625,906.44140625
M6_YHUR_SHUR,6,HUR,HUR,2025-02-09,2025-02-09,1,TSEC,64.6462173461914,60.02156448364258,60.47246170043945,60.35744857788086,60.0212287902832
M6_YHUR_SHUR,6,HUR,HUR,2025-02-09,2025-02-10,2,Yd,886.5634155273438,897.538330078125,877.8060913085938,889.99658203125,885.9398803710938
M6_YHUR_SHUR,6,HUR,HUR,2025-02-09,2025-02-10,2,TSE,798.9292602539062,902.3727416992188,911.1842041015625,895.90234375,908.3328247070312
M6_YHUR_SHUR,6,HUR,HUR,2025-02-09,2025-02-10,2,TSEC,57.11384582519531,60.02156448364258,60.09915542602539,60.63185501098633,60.06970977783203
M6_YHUR_SHUR,6,HUR,HUR,2025-02-09,2025-02-11,3,Yd,880.4120483398438,897.538330078125,870.736572265625,885.951171875,883.0880126953125
M6_YHUR_SHUR,6,HUR,HUR,2025-02-09,2025-02-11,3,TSE,987.0862426757812,902.3727416992188,901.4776000976562,900.6166381835938,909.7566528320312
M6_YHUR_SHUR,6,HUR,HUR,2025-02-09,2025-02-11,3,TSEC,54.18948745727539,60.02156448364258,60.3033447265625,60.740631103515625,60.08356857299805
M6_YHUR_SHUR,6,HUR,HUR,2025-02-10,2025-02-10,1,Yd,886.5634155273438,897.6350708007812,886.217041015625,895.2003173828125,889.1068115234375
M6_YHUR_SHUR,6,HUR,HUR,2025-02-10,2025-02-10,1,TSE,798.9292602539062,902.4654541015625,901.8548583984375,908.7363891601562,904.1513061523438
M6_YHUR_SHUR,6,HUR,HUR,2025-02-10,2025-02-10,1,TSEC,57.11384582519531,60.02756118774414,59.94770050048828,60.22018051147461,60.09107208251953
M6_YHUR_SHUR,6,HUR,HUR,2025-02-10,2025-02-11,2,Yd,880.4120483398438,897.6350708007812,887.8243408203125,895.30419921875,884.3661499023438
M6_YHUR_SHUR,6,HUR,HUR,2025-02-10,2025-02-11,2,TSE,987.0862426757812,902.4654541015625,905.837646484375,901.3724975585938,905.8145751953125
M6_YHUR_SHUR,6,HUR,HUR,2025-02-10,2025-02-11,2,TSEC,54.18948745727539,60.02756118774414,60.44413757324219,59.459651947021484,60.06302261352539
M6_YHUR_SHUR,6,HUR,HUR,2025-02-10,2025-02-12,3,Yd,919.0438842773438,897.6350708007812,881.1112060546875,896.5465087890625,883.1271362304688
M6_YHUR_SHUR,6,HUR,HUR,2025-02-10,2025-02-12,3,TSE,904.37109375,902.4654541015625,902.0950317382812,901.9989624023438,908.3543090820312
M6_YHUR_SHUR,6,HUR,HUR,2025-02-10,2025-02-12,3,TSEC,59.42414474487305,60.02756118774414,60.084999084472656,59.026145935058594,59.93275833129883
M6_YHUR_SHUR,6,HUR,HUR,2025-02-11,2025-02-11,1,Yd,880.4120483398438,897.6207885742188,888.2689819335938,906.5695190429688,892.3157348632812
M6_YHUR_SHUR,6,HUR,HUR,2025-02-11,2025-02-11,1,TSE,987.0862426757812,902.331298828125,897.1329345703125,903.00244140625,905.382568359375
M6_YHUR_SHUR,6,HUR,HUR,2025-02-11,2025-02-11,1,TSEC,54.18948745727539,60.0237922668457,60.54404830932617,60.269203186035156,60.228614807128906
M6_YHUR_SHUR,6,HUR,HUR,2025-02-11,2025-02-12,2,Yd,919.0438842773438,897.6207885742188,880.6589965820312,915.135498046875,892.6334838867188
M6_YHUR_SHUR,6,HUR,HUR,2025-02-11,2025-02-12,2,TSE,904.37109375,902.331298828125,905.1103515625,910.2532958984375,907.5613403320312
M6_YHUR_SHUR,6,HUR,HUR,2025-02-11,2025-02-12,2,TSEC,59.42414474487305,60.0237922668457,59.942115783691406,59.86173629760742,60.06278610229492
M6_YHUR_SHUR,6,HUR,HUR,2025-02-11,2025-02-13,3,Yd,1050.7554931640625,897.6207885742188,880.2488403320312,909.9078979492188,896.5301513671875
M6_YHUR_SHUR,6,HUR,HUR,2025-02-11,2025-02-13,3,TSE,876.2164306640625,902.331298828125,903.4791259765625,902.63818359375,909.0130615234375
M6_YHUR_SHUR,6,HUR,HUR,2025-02-11,2025-02-13,3,TSEC,57.56214904785156,60.0237922668457,60.300392150878906,60.45134353637695,59.60797882080078
M6_YHUR_SHUR,6,HUR,HUR,2025-02-12,2025-02-12,1,Yd,919.0438842773438,897.5984497070312,889.4496459960938,900.8031005859375,896.3175659179688
M6_YHUR_SHUR,6,HUR,HUR,2025-02-12,2025-02-12,1,TSE,904.37109375,902.4409790039062,921.3636474609375,927.2998046875,906.4794311523438
M6_YHUR_SHUR,6,HUR,HUR,2025-02-12,2025-02-12,1,TSEC,59.42414474487305,60.01624298095703,60.19114685058594,60.6147575378418,59.8621711730957
M6_YHUR_SHUR,6,HUR,HUR,2025-02-12,2025-02-13,2,Yd,1050.7554931640625,897.5984497070312,890.8688354492188,915.966796875,898.8515014648438
M6_YHUR_SHUR,6,HUR,HUR,2025-02-12,2025-02-13,2,TSE,876.2164306640625,902.4409790039062,893.8095092773438,920.0852661132812,908.8011474609375
M6_YHUR_SHUR,6,HUR,HUR,2025-02-12,2025-02-13,2,TSEC,57.56214904785156,60.01624298095703,60.01974868774414,60.97267532348633,59.33818054199219
M6_YHUR_SHUR,6,HUR,HUR,2025-02-12,2025-02-14,3,Yd,925.3248291015625,897.5984497070312,892.0509033203125,908.4468994140625,897.658447265625
M6_YHUR_SHUR,6,HUR,HUR,2025-02-12,2025-02-14,3,TSE,917.876220703125,902.4409790039062,907.0386352539062,903.1686401367188,910.8115234375
M6_YHUR_SHUR,6,HUR,HUR,2025-02-12,2025-02-14,3,TSEC,74.47599029541016,60.01624298095703,60.27402114868164,60.456668853759766,58.87226867675781
M6_YHUR_SHUR,6,HUR,HUR,2025-02-13,2025-02-13,1,Yd,1050.7554931640625,897.626220703125,903.3692016601562,913.8867797851562,897.36865234375
M6_YHUR_SHUR,6,HUR,HUR,2025-02-13,2025-02-13,1,TSE,876.2164306640625,902.4434814453125,897.8776245117188,902.970703125,906.45849609375
M6_YHUR_SHUR,6,HUR,HUR,2025-02-13,2025-02-13,1,TSEC,57.56214904785156,60.015472412109375,59.01823806762695,60.354705810546875,59.43762969970703
M6_YHUR_SHUR,6,HUR,HUR,2025-02-13,2025-02-14,2,Yd,925.3248291015625,897.626220703125,880.2882080078125,908.2786865234375,895.8006591796875
M6_YHUR_SHUR,6,HUR,HUR,2025-02-13,2025-02-14,2,TSE,917.876220703125,902.4434814453125,904.9313354492188,893.3104248046875,909.290771484375
M6_YHUR_SHUR,6,HUR,HUR,2025-02-13,2025-02-14,2,TSEC,74.47599029541016,60.015472412109375,60.674983978271484,60.201419830322266,58.91509246826172
M6_YHUR_SHUR,6,HUR,HUR,2025-02-13,2025-02-15,3,Yd,981.4141235351562,897.626220703125,881.1971435546875,894.0712280273438,890.9115600585938
M6_YHUR_SHUR,6,HUR,HUR,2025-02-13,2025-02-15,3,TSE,873.2927856445312,902.4434814453125,898.09765625,882.894287109375,911.7525024414062
M6_YHUR_SHUR,6,HUR,HUR,2025-02-13,2025-02-15,3,TSEC,58.33399200439453,60.015472412109375,59.88929748535156,59.85618591308594,58.853904724121094
M6_YHUR_SHUR,6,HUR,HUR,2025-02-14,2025-02-14,1,Yd,925.3248291015625,897.8237915039062,885.0757446289062,915.7025756835938,894.3111572265625
M6_YHUR_SHUR,6,HUR,HUR,2025-02-14,2025-02-14,1,TSE,917.876220703125,902.4096069335938,909.4002685546875,898.1962890625,905.9392700195312
M6_YHUR_SHUR,6,HUR,HUR,2025-02-14,2025-02-14,1,TSEC,74.47599029541016,60.01231002807617,60.47967529296875,59.82883834838867,59.304908752441406
M6_YHUR_SHUR,6,HUR,HUR,2025-02-14,2025-02-15,2,Yd,981.4141235351562,897.8237915039062,892.010498046875,898.8855590820312,889.8232421875
M6_YHUR_SHUR,6,HUR,HUR,2025-02-14,2025-02-15,2,TSE,873.2927856445312,902.4096069335938,901.4922485351562,892.6934204101562,909.6893310546875
M6_YHUR_SHUR,6,HUR,HUR,2025-02-14,2025-02-15,2,TSEC,58.33399200439453,60.01231002807617,60.019500732421875,60.16519546508789,59.14344024658203
M6_YHUR_SHUR,6,HUR,HUR,2025-02-14,2025-02-16,3,Yd,957.4325561523438,897.8237915039062,890.4564819335938,893.9111328125,883.82470703125
M6_YHUR_SHUR,6,HUR,HUR,2025-02-14,2025-02-16,3,TSE,855.47509765625,902.4096069335938,905.4987182617188,890.532958984375,912.51171875
M6_YHUR_SHUR,6,HUR,HUR,2025-02-14,2025-02-16,3,TSEC,51.81040954589844,60.01231002807617,60.39213180541992,59.43966293334961,59.34788131713867
M6_YHUR_SHUR,6,HUR,HUR,2025-02-15,2025-02-15,1,Yd,981.4141235351562,897.8591918945312,892.3554077148438,912.3737182617188,888.8734741210938
M6_YHUR_SHUR,6,HUR,HUR,2025-02-15,2025-02-15,1,TSE,873.2927856445312,902.4295043945312,900.6699829101562,891.4559936523438,904.7487182617188
M6_YHUR_SHUR,6,HUR,HUR,2025-02-15,2025-02-15,1,TSEC,58.33399200439453,60.030948638916016,59.66341018676758,60.359771728515625,59.751220703125
M6_YHUR_SHUR,6,HUR,HUR,2025-02-15,2025-02-16,2,Yd,957.4325561523438,897.8591918945312,889.9166259765625,901.5881958007812,881.7250366210938
M6_YHUR_SHUR,6,HUR,HUR,2025-02-15,2025-02-16,2,TSE,855.47509765625,902.4295043945312,904.5174560546875,899.434326171875,905.2930297851562
M6_YHUR_SHUR,6,HUR,HUR,2025-02-15,2025-02-16,2,TSEC,51.81040954589844,60.030948638916016,60.785400390625,60.34737777709961,59.87958526611328
M6_YHUR_SHUR,6,HUR,HUR,2025-02-15,2025-02-17,3,Yd,1025.4344482421875,897.8591918945312,886.9804077148438,893.900634765625,876.1181030273438
M6_YHUR_SHUR,6,HUR,HUR,2025-02-15,2025-02-17,3,TSE,918.9776611328125,902.4295043945312,904.9299926757812,899.5941162109375,905.7307739257812
M6_YHUR_SHUR,6,HUR,HUR,2025-02-15,2025-02-17,3,TSEC,63.22480010986328,60.030948638916016,59.76405715942383,60.009910583496094,59.904510498046875
M6_YHUR_SHUR,6,HUR,HUR,2025-02-16,2025-02-16,1,Yd,957.4325561523438,897.966796875,886.3101806640625,905.357666015625,889.0895385742188
M6_YHUR_SHUR,6,HUR,HUR,2025-02-16,2025-02-16,1,TSE,855.47509765625,902.3920288085938,903.4884643554688,903.6589965820312,903.3860473632812
M6_YHUR_SHUR,6,HUR,HUR,2025-02-16,2025-02-16,1,TSEC,51.81040954589844,60.02876663208008,60.39222717285156,60.05470657348633,60.011077880859375
M6_YHUR_SHUR,6,HUR,HUR,2025-02-16,2025-02-17,2,Yd,1025.4344482421875,897.966796875,889.6150512695312,891.3004760742188,883.1998901367188
M6_YHUR_SHUR,6,HUR,HUR,2025-02-16,2025-02-17,2,TSE,918.9776611328125,902.3920288085938,902.3776245117188,897.3853759765625,903.3262329101562
M6_YHUR_SHUR,6,HUR,HUR,2025-02-16,2025-02-17,2,TSEC,63.22480010986328,60.02876663208008,60.113460540771484,60.251338958740234,59.97452163696289
M6_YHUR_SHUR,6,HUR,HUR,2025-02-16,2025-02-18,3,Yd,960.9569091796875,897.966796875,885.8073120117188,896.9003295898438,879.9069213867188
M6_YHUR_SHUR,6,HUR,HUR,2025-02-16,2025-02-18,3,TSE,920.466064453125,902.3920288085938,905.5918579101562,900.6680908203125,905.0288696289062
M6_YHUR_SHUR,6,HUR,HUR,2025-02-16,2025-02-18,3,TSEC,53.60969924926758,60.02876663208008,60.317901611328125,60.409507751464844,59.97306823730469
M6_YHUR_SHUR,6,HUR,HUR,2025-02-17,2025-02-17,1,Yd,1025.4344482421875,898.043212890625,888.0309448242188,895.485595703125,890.91015625
M6_YHUR_SHUR,6,HUR,HUR,2025-02-17,2025-02-17,1,TSE,918.9776611328125,902.3317260742188,895.121337890625,919.5613403320312,903.6881103515625
M6_YHUR_SHUR,6,HUR,HUR,2025-02-17,2025-02-17,1,TSEC,63.22480010986328,60.0181999206543,60.22506332397461,60.67057418823242,60.07566452026367
M6_YHUR_SHUR,6,HUR,HUR,2025-02-17,2025-02-18,2,Yd,960.9569091796875,898.043212890625,889.277587890625,912.00390625,887.5555419921875
M6_YHUR_SHUR,6,HUR,HUR,2025-02-17,2025-02-18,2,TSE,920.466064453125,902.3317260742188,908.0845336914062,908.4509887695312,905.9559326171875
M6_YHUR_SHUR,6,HUR,HUR,2025-02-17,2025-02-18,2,TSEC,53.60969924926758,60.0181999206543,59.4983024597168,60.162837982177734,60.062068939208984
M6_YHUR_SHUR,6,HUR,HUR,2025-02-17,2025-02-19,3,Yd,1064.566162109375,898.043212890625,886.3728637695312,918.5546875,888.697021484375
M6_YHUR_SHUR,6,HUR,HUR,2025-02-17,2025-02-19,3,TSE,938.453125,902.3317260742188,900.9971923828125,907.8217163085938,908.7677001953125
M6_YHUR_SHUR,6,HUR,HUR,2025-02-17,2025-02-19,3,TSEC,55.10931396484375,60.0181999206543,60.31603240966797,60.803375244140625,59.817630767822266
M6_YHUR_SHUR,6,HUR,HUR,2025-02-18,2025-02-18,1,Yd,960.9569091796875,898.2066650390625,879.5987548828125,899.6886596679688,891.67431640625
M6_YHUR_SHUR,6,HUR,HUR,2025-02-18,2025-02-18,1,TSE,920.466064453125,902.3530883789062,906.4959106445312,908.6395263671875,905.0314331054688
M6_YHUR_SHUR,6,HUR,HUR,2025-02-18,2025-02-18,1,TSEC,53.60969924926758,60.02231979370117,60.01543045043945,60.81698989868164,60.061275482177734
M6_YHUR_SHUR,6,HUR,HUR,2025-02-18,2025-02-19,2,Yd,1064.566162109375,898.2066650390625,884.4261474609375,907.0353393554688,892.0210571289062
M6_YHUR_SHUR,6,HUR,HUR,2025-02-18,2025-02-19,2,TSE,938.453125,902.3530883789062,900.3871459960938,901.28271484375,907.3659057617188
M6_YHUR_SHUR,6,HUR,HUR,2025-02-18,2025-02-19,2,TSEC,55.10931396484375,60.02231979370117,60.21824645996094,60.64311218261719,59.76789855957031
M6_YHUR_SHUR,6,HUR,HUR,2025-02-18,2025-02-20,3,Yd,869.0119018554688,898.2066650390625,912.8286743164062,911.856689453125,895.4686279296875
M6_YHUR_SHUR,6,HUR,HUR,2025-02-18,2025-02-20,3,TSE,1015.74560546875,902.3530883789062,902.1029663085938,898.6131591796875,908.6506958007812
M6_YHUR_SHUR,6,HUR,HUR,2025-02-18,2025-02-20,3,TSEC,62.94427490234375,60.02231979370117,60.183982849121094,60.750728607177734,59.18698501586914
M6_YHUR_SHUR,6,HUR,HUR,2025-02-19,2025-02-19,1,Yd,1064.566162109375,898.2871704101562,893.0433349609375,909.7748413085938,896.7800903320312
M6_YHUR_SHUR,6,HUR,HUR,2025-02-19,2025-02-19,1,TSE,938.453125,902.3762817382812,901.668212890625,908.2748413085938,906.090087890625
M6_YHUR_SHUR,6,HUR,HUR,2025-02-19,2025-02-19,1,TSEC,55.10931396484375,60.01409912109375,60.93036651611328,60.63296127319336,59.68843078613281
M6_YHUR_SHUR,6,HUR,HUR,2025-02-19,2025-02-20,2,Yd,869.0119018554688,898.2871704101562,891.198974609375,918.1021118164062,899.5208740234375
M6_YHUR_SHUR,6,HUR,HUR,2025-02-19,2025-02-20,2,TSE,1015.74560546875,902.3762817382812,904.796875,906.0545654296875,907.7793579101562
M6_YHUR_SHUR,6,HUR,HUR,2025-02-19,2025-02-20,2,TSEC,62.94427490234375,60.01409912109375,59.259613037109375,60.504215240478516,59.014060974121094
M6_YHUR_SHUR,6,HUR,HUR,2025-02-19,2025-02-21,3,Yd,818.3311157226562,898.2871704101562,899.4542846679688,908.9454345703125,899.7138671875
M6_YHUR_SHUR,6,HUR,HUR,2025-02-19,2025-02-21,3,TSE,937.1373901367188,902.3762817382812,898.32080078125,898.91357421875,909.2799072265625
M6_YHUR_SHUR,6,HUR,HUR,2025-02-19,2025-02-21,3,TSEC,55.160552978515625,60.01409912109375,61.18111038208008,60.21616744995117,58.43412399291992
M6_YHUR_SHUR,6,HUR,HUR,2025-02-20,2025-02-20,1,Yd,869.0119018554688,898.5000610351562,900.290771484375,910.8727416992188,897.2734375
M6_YHUR_SHUR,6,HUR,HUR,2025-02-20,2025-02-20,1,TSE,1015.74560546875,902.4225463867188,903.6831665039062,899.7711791992188,905.3796997070312
M6_YHUR_SHUR,6,HUR,HUR,2025-02-20,2025-02-20,1,TSEC,62.94427490234375,60.007816314697266,59.28470993041992,60.12074661254883,59.1455192565918
M6_YHUR_SHUR,6,HUR,HUR,2025-02-20,2025-02-21,2,Yd,818.3311157226562,898.5000610351562,896.6390380859375,906.3640747070312,896.2116088867188
M6_YHUR_SHUR,6,HUR,HUR,2025-02-20,2025-02-21,2,TSE,937.1373901367188,902.4225463867188,901.3306274414062,894.5755615234375,907.1150512695312
M6_YHUR_SHUR,6,HUR,HUR,2025-02-20,2025-02-21,2,TSEC,55.160552978515625,60.007816314697266,61.13066101074219,59.670616149902344,58.48286819458008
M6_YHUR_SHUR,6,HUR,HUR,2025-02-20,2025-02-22,3,Yd,878.3126831054688,898.5000610351562,899.369140625,896.3751831054688,892.2659912109375
M6_YHUR_SHUR,6,HUR,HUR,2025-02-20,2025-02-22,3,TSE,875.4722290039062,902.4225463867188,902.718505859375,878.7818603515625,909.6744384765625
M6_YHUR_SHUR,6,HUR,HUR,2025-02-20,2025-02-22,3,TSEC,59.958587646484375,60.007816314697266,59.86155319213867,59.05271530151367,58.31764602661133
M6_YHUR_SHUR,6,HUR,HUR,2025-02-21,2025-02-21,1,Yd,818.3311157226562,898.4623413085938,898.033935546875,901.379150390625,891.56298828125
M6_YHUR_SHUR,6,HUR,HUR,2025-02-21,2025-02-21,1,TSE,937.1373901367188,902.5674438476562,907.267822265625,903.5935668945312,904.4163818359375
M6_YHUR_SHUR,6,HUR,HUR,2025-02-21,2025-02-21,1,TSEC,55.160552978515625,60.01156997680664,61.53607940673828,60.00894546508789,59.232574462890625
M6_YHUR_SHUR,6,HUR,HUR,2025-02-21,2025-02-22,2,Yd,878.3126831054688,898.4623413085938,893.9195556640625,896.985107421875,885.28271484375
M6_YHUR_SHUR,6,HUR,HUR,2025-02-21,2025-02-22,2,TSE,875.4722290039062,902.5674438476562,901.8848266601562,890.1004638671875,907.2686767578125
M6_YHUR_SHUR,6,HUR,HUR,2025-02-21,2025-02-22,2,TSEC,59.958587646484375,60.01156997680664,59.89103698730469,60.09321212768555,59.039093017578125
M6_YHUR_SHUR,6,HUR,HUR,2025-02-21,2025-02-23,3,Yd,990.398681640625,898.4623413085938,898.4334106445312,891.375,879.00830078125
M6_YHUR_SHUR,6,HUR,HUR,2025-02-21,2025-02-23,3,TSE,765.088134765625,902.5674438476562,904.9985961914062,889.6254272460938,910.5687866210938
M6_YHUR_SHUR,6,HUR,HUR,2025-02-21,2025-02-23,3,TSEC,56.086273193359375,60.01156997680664,60.34914779663086,59.5741081237793,59.25626754760742
M6_YHUR_SHUR,6,HUR,HUR,2025-02-22,2025-02-22,1,Yd,878.3126831054688,898.3599853515625,882.299560546875,887.3571166992188,889.3889770507812
M6_YHUR_SHUR,6,HUR,HUR,2025-02-22,2025-02-22,1,TSE,875.4722290039062,902.611572265625,903.33544921875,895.075439453125,906.5634765625
M6_YHUR_SHUR,6,HUR,HUR,2025-02-22,2025-02-22,1,TSEC,59.958587646484375,60.00537872314453,60.28648376464844,59.859642028808594,59.73491668701172
M6_YHUR_SHUR,6,HUR,HUR,2025-02-22,2025-02-23,2,Yd,990.398681640625,898.3599853515625,886.3067016601562,890.1943969726562,882.9164428710938
M6_YHUR_SHUR,6,HUR,HUR,2025-02-22,2025-02-23,2,TSE,765.088134765625,902.611572265625,906.0154418945312,886.9324340820312,908.9006958007812
M6_YHUR_SHUR,6,HUR,HUR,2025-02-22,2025-02-23,2,TSEC,56.086273193359375,60.00537872314453,60.070499420166016,59.6715087890625,59.75988006591797
M6_YHUR_SHUR,6,HUR,HUR,2025-02-22,2025-02-24,3,Yd,975.3458862304688,898.3599853515625,882.5641479492188,887.0856323242188,877.2814331054688
M6_YHUR_SHUR,6,HUR,HUR,2025-02-22,2025-02-24,3,TSE,819.9225463867188,902.611572265625,904.1546020507812,887.4885864257812,910.3189086914062
M6_YHUR_SHUR,6,HUR,HUR,2025-02-22,2025-02-24,3,TSEC,55.214599609375,60.00537872314453,60.08405685424805,59.51910400390625,59.783329010009766
M6_YHUR_SHUR,6,HUR,HUR,2025-02-23,2025-02-23,1,Yd,990.398681640625,898.3344116210938,888.955322265625,886.63525390625,889.0733032226562
M6_YHUR_SHUR,6,HUR,HUR,2025-02-23,2025-02-23,1,TSE,765.088134765625,902.576904296875,908.7005004882812,906.1954956054688,905.510009765625
M6_YHUR_SHUR,6,HUR,HUR,2025-02-23,2025-02-23,1,TSEC,56.086273193359375,60.00531005859375,59.73932647705078,60.414466857910156,59.988990783691406
M6_YHUR_SHUR,6,HUR,HUR,2025-02-23,2025-02-24,2,Yd,975.3458862304688,898.3344116210938,890.4791259765625,889.8950805664062,883.0579223632812
M6_YHUR_SHUR,6,HUR,HUR,2025-02-23,2025-02-24,2,TSE,819.9225463867188,902.576904296875,891.3978271484375,890.6339721679688,906.8738403320312
M6_YHUR_SHUR,6,HUR,HUR,2025-02-23,2025-02-24,2,TSEC,55.214599609375,60.00531005859375,60.23448181152344,59.5007209777832,59.94004440307617
M6_YHUR_SHUR,6,HUR,HUR,2025-02-23,2025-02-25,3,Yd,960.0303955078125,898.3344116210938,889.1324462890625,884.8175048828125,879.2238159179688
M6_YHUR_SHUR,6,HUR,HUR,2025-02-23,2025-02-25,3,TSE,883.6243286132812,902.576904296875,912.43359375,885.6688842773438,908.2315673828125
M6_YHUR_SHUR,6,HUR,HUR,2025-02-23,2025-02-25,3,TSEC,48.976985931396484,60.00531005859375,59.92207336425781,58.67027282714844,59.76337432861328
M6_YHUR_SHUR,6,HUR,HUR,2025-02-24,2025-02-24,1,Yd,975.3458862304688,898.4517211914062,891.7847290039062,910.0977172851562,891.2948608398438
M6_YHUR_SHUR,6,HUR,HUR,2025-02-24,2025-02-24,1,TSE,819.9225463867188,902.40185546875,895.1921997070312,905.173583984375,904.1513061523438
M6_YHUR_SHUR,6,HUR,HUR,2025-02-24,2025-02-24,1,TSEC,55.214599609375,60.00031661987305,60.622947692871094,60.98003005981445,60.048828125
M6_YHUR_SHUR,6,HUR,HUR,2025-02-24,2025-02-25,2,Yd,960.0303955078125,898.4517211914062,895.4699096679688,905.5462646484375,888.0880737304688
M6_YHUR_SHUR,6,HUR,HUR,2025-02-24,2025-02-25,2,TSE,883.6243286132812,902.40185546875,908.8306884765625,898.2685546875,906.4696655273438
M6_YHUR_SHUR,6,HUR,HUR,2025-02-24,2025-02-25,2,TSEC,48.976985931396484,60.00031661987305,59.286399841308594,60.33631134033203,59.9963264465332
M6_YHUR_SHUR,6,HUR,HUR,2025-02-24,2025-02-26,3,Yd,882.6856079101562,898.4517211914062,896.4474487304688,905.7385864257812,889.8543090820312
M6_YHUR_SHUR,6,HUR,HUR,2025-02-24,2025-02-26,3,TSE,835.8502197265625,902.40185546875,900.433349609375,900.0114135742188,909.134033203125
M6_YHUR_SHUR,6,HUR,HUR,2025-02-24,2025-02-26,3,TSEC,59.73251724243164,60.00031661987305,60.07173538208008,60.45940399169922,59.70048904418945
M6_YHUR_SHUR,6,HUR,HUR,2025-02-25,2025-02-25,1,Yd,960.0303955078125,898.549560546875,891.88818359375,918.498046875,894.850830078125
M6_YHUR_SHUR,6,HUR,HUR,2025-02-25,2025-02-25,1,TSE,883.6243286132812,902.2969360351562,902.99072265625,907.3037719726562,906.004150390625
M6_YHUR_SHUR,6,HUR,HUR,2025-02-25,2025-02-25,1,TSEC,48.976985931396484,59.99423599243164,60.00791931152344,60.941307067871094,60.07960510253906
M6_YHUR_SHUR,6,HUR,HUR,2025-02-25,2025-02-26,2,Yd,882.6856079101562,898.549560546875,896.3499145507812,919.5685424804688,898.1502685546875
M6_YHUR_SHUR,6,HUR,HUR,2025-02-25,2025-02-26,2,TSE,835.8502197265625,902.2969360351562,903.722412109375,905.7969970703125,908.56103515625
M6_YHUR_SHUR,6,HUR,HUR,2025-02-25,2025-02-26,2,TSEC,59.73251724243164,59.99423599243164,59.955387115478516,60.86763381958008,59.75112533569336
M6_YHUR_SHUR,6,HUR,HUR,2025-02-25,2025-02-27,3,Yd,877.170654296875,898.549560546875,888.2642211914062,915.6466674804688,904.0142211914062
M6_YHUR_SHUR,6,HUR,HUR,2025-02-25,2025-02-27,3,TSE,1059.3883056640625,902.2969360351562,906.1602172851562,903.6708374023438,910.2749633789062
M6_YHUR_SHUR,6,HUR,HUR,2025-02-25,2025-02-27,3,TSEC,63.000545501708984,59.99423599243164,59.86197280883789,61.065460205078125,59.157588958740234
M6_YHUR_SHUR,6,HUR,HUR,2025-02-26,2025-02-26,1,Yd,882.6856079101562,898.627685546875,876.98681640625,917.0536499023438,901.1986694335938
M6_YHUR_SHUR,6,HUR,HUR,2025-02-26,2025-02-26,1,TSE,835.8502197265625,902.273193359375,900.7296752929688,911.9552001953125,907.2853393554688
M6_YHUR_SHUR,6,HUR,HUR,2025-02-26,2025-02-26,1,TSEC,59.73251724243164,59.9802360534668,60.22677230834961,60.8320198059082,59.68858337402344
M6_YHUR_SHUR,6,HUR,HUR,2025-02-26,2025-02-27,2,Yd,877.170654296875,898.627685546875,906.4293823242188,923.0335083007812,907.6207885742188
M6_YHUR_SHUR,6,HUR,HUR,2025-02-26,2025-02-27,2,TSE,1059.3883056640625,902.273193359375,902.0692138671875,910.9271850585938,910.627197265625
M6_YHUR_SHUR,6,HUR,HUR,2025-02-26,2025-02-27,2,TSEC,63.000545501708984,59.9802360534668,59.51526641845703,60.69764709472656,59.02754592895508
M6_YHUR_SHUR,6,HUR,HUR,2025-02-26,2025-02-28,3,Yd,983.3139038085938,898.627685546875,884.4739990234375,907.6854248046875,910.5654907226562
M6_YHUR_SHUR,6,HUR,HUR,2025-02-26,2025-02-28,3,TSE,864.0714111328125,902.273193359375,901.1787719726562,889.218994140625,913.3946533203125
M6_YHUR_SHUR,6,HUR,HUR,2025-02-26,2025-02-28,3,TSEC,49.41514587402344,59.9802360534668,60.33804702758789,60.121097564697266,58.45977783203125
M6_YHUR_SHUR,6,HUR,HUR,2025-02-27,2025-02-27,1,Yd,877.170654296875,898.607421875,894.0232543945312,920.0222778320312,902.7974853515625
M6_YHUR_SHUR,6,HUR,HUR,2025-02-27,2025-02-27,1,TSE,1059.3883056640625,902.1888427734375,897.331298828125,902.6886596679688,907.8906860351562
M6_YHUR_SHUR,6,HUR,HUR,2025-02-27,2025-02-27,1,TSEC,63.000545501708984,59.97991943359375,59.53499984741211,60.76997756958008,59.38334655761719
M6_YHUR_SHUR,6,HUR,HUR,2025-02-27,2025-02-28,2,Yd,983.3139038085938,898.607421875,904.5119018554688,917.416259765625,905.950439453125
M6_YHUR_SHUR,6,HUR,HUR,2025-02-27,2025-02-28,2,TSE,864.0714111328125,902.1888427734375,904.153564453125,903.966552734375,911.9393920898438
M6_YHUR_SHUR,6,HUR,HUR,2025-02-27,2025-02-28,2,TSEC,49.41514587402344,59.97991943359375,60.20339584350586,60.89973831176758,58.81281280517578
M6_YHUR_SHUR,6,HUR,HUR,2025-02-27,2025-03-01,3,Yd,754.3148803710938,898.607421875,902.0986938476562,907.5311889648438,904.6417236328125
M6_YHUR_SHUR,6,HUR,HUR,2025-02-27,2025-03-01,3,TSE,877.7198486328125,902.1888427734375,901.9521484375,884.6622314453125,915.2667846679688
M6_YHUR_SHUR,6,HUR,HUR,2025-02-27,2025-03-01,3,TSEC,67.96464538574219,59.97991943359375,59.749637603759766,60.10588073730469,58.69715118408203
M6_YHUR_SHUR,6,HUR,HUR,2025-02-28,2025-02-28,1,Yd,983.3139038085938,898.580322265625,884.0206298828125,923.7826538085938,895.1983032226562
M6_YHUR_SHUR,6,HUR,HUR,2025-02-28,2025-02-28,1,TSE,864.0714111328125,902.3880615234375,915.0756225585938,902.3712158203125,906.5887451171875
M6_YHUR_SHUR,6,HUR,HUR,2025-02-28,2025-02-28,1,TSEC,49.41514587402344,59.98374557495117,60.0843391418457,60.07719421386719,59.32667541503906
M6_YHUR_SHUR,6,HUR,HUR,2025-02-28,2025-03-01,2,Yd,754.3148803710938,898.580322265625,885.3007202148438,902.6195068359375,891.3942260742188
M6_YHUR_SHUR,6,HUR,HUR,2025-02-28,2025-03-01,2,TSE,877.7198486328125,902.3880615234375,895.8611450195312,899.7281494140625,910.9241333007812
M6_YHUR_SHUR,6,HUR,HUR,2025-02-28,2025-03-01,2,TSEC,67.96464538574219,59.98374557495117,59.925567626953125,60.55430221557617,59.18946075439453
M6_YHUR_SHUR,6,HUR,HUR,2025-02-28,2025-03-02,3,Yd,879.9660034179688,898.580322265625,890.0384521484375,896.615966796875,885.57958984375
M6_YHUR_SHUR,6,HUR,HUR,2025-02-28,2025-03-02,3,TSE,795.388671875,902.3880615234375,909.919921875,899.9483642578125,914.5679321289062
M6_YHUR_SHUR,6,HUR,HUR,2025-02-28,2025-03-02,3,TSEC,82.17504119873047,59.98374557495117,59.70670700073242,60.250144958496094,59.45115661621094
M6_YHUR_SHUR,6,HUR,HUR,2025-03-01,2025-03-01,1,Yd,754.3148803710938,898.6875,889.38671875,915.0302734375,893.6351928710938
M6_YHUR_SHUR,6,HUR,HUR,2025-03-01,2025-03-01,1,TSE,877.7198486328125,902.3395385742188,899.0941772460938,897.4968872070312,908.4456176757812
M6_YHUR_SHUR,6,HUR,HUR,2025-03-01,2025-03-01,1,TSEC,67.96464538574219,59.97037124633789,60.21280288696289,60.50400161743164,59.67033004760742
M6_YHUR_SHUR,6,HUR,HUR,2025-03-01,2025-03-02,2,Yd,879.9660034179688,898.6875,901.6978149414062,903.6068725585938,889.546630859375
M6_YHUR_SHUR,6,HUR,HUR,2025-03-01,2025-03-02,2,TSE,795.388671875,902.3395385742188,901.1577758789062,891.184814453125,912.4467163085938
M6_YHUR_SHUR,6,HUR,HUR,2025-03-01,2025-03-02,2,TSEC,82.17504119873047,59.97037124633789,59.712806701660156,60.623104095458984,59.688934326171875
M6_YHUR_SHUR,6,HUR,HUR,2025-03-01,2025-03-03,3,Yd,739.4168701171875,898.6875,897.7977294921875,900.2988891601562,886.8456420898438
M6_YHUR_SHUR,6,HUR,HUR,2025-03-01,2025-03-03,3,TSE,708.6597290039062,902.3395385742188,898.9298095703125,892.3809814453125,914.8767700195312
M6_YHUR_SHUR,6,HUR,HUR,2025-03-01,2025-03-03,3,TSEC,60.98152542114258,59.97037124633789,59.989646911621094,60.626922607421875,59.77627944946289
M6_YHUR_SHUR,6,HUR,HUR,2025-03-02,2025-03-02,1,Yd,879.9660034179688,898.5050659179688,889.5286865234375,891.5942993164062,891.3877563476562
M6_YHUR_SHUR,6,HUR,HUR,2025-03-02,2025-03-02,1,TSE,795.388671875,902.3084716796875,909.8837280273438,901.877197265625,905.9961547851562
M6_YHUR_SHUR,6,HUR,HUR,2025-03-02,2025-03-02,1,TSEC,82.17504119873047,59.980472564697266,59.64508819580078,60.569725036621094,60.06901550292969
M6_YHUR_SHUR,6,HUR,HUR,2025-03-02,2025-03-03,2,Yd,739.4168701171875,898.5050659179688,902.2692260742188,898.34912109375,887.3587646484375
M6_YHUR_SHUR,6,HUR,HUR,2025-03-02,2025-03-03,2,TSE,708.6597290039062,902.3084716796875,895.2048950195312,877.6163330078125,907.6729736328125
M6_YHUR_SHUR,6,HUR,HUR,2025-03-02,2025-03-03,2,TSEC,60.98152542114258,59.980472564697266,60.14201736450195,59.04427719116211,60.12441635131836
M6_YHUR_SHUR,6,HUR,HUR,2025-03-02,2025-03-04,3,Yd,861.6281127929688,898.5050659179688,902.4454345703125,893.973876953125,884.5669555664062
M6_YHUR_SHUR,6,HUR,HUR,2025-03-02,2025-03-04,3,TSE,923.1400756835938,902.3084716796875,908.9435424804688,874.8095092773438,909.6676635742188
M6_YHUR_SHUR,6,HUR,HUR,2025-03-02,2025-03-04,3,TSEC,52.87941360473633,59.980472564697266,59.09396743774414,58.323326110839844,60.02692794799805
M6_YHUR_SHUR,6,HUR,HUR,2025-03-03,2025-03-03,1,Yd,739.4168701171875,898.4816284179688,887.7586059570312,894.8658447265625,891.5335693359375
M6_YHUR_SHUR,6,HUR,HUR,2025-03-03,2025-03-03,1,TSE,708.6597290039062,902.1734619140625,892.3905639648438,898.448974609375,901.9136962890625
M6_YHUR_SHUR,6,HUR,HUR,2025-03-03,2025-03-03,1,TSEC,60.98152542114258,60.00849914550781,59.6799430847168,60.986480712890625,60.23137664794922
M6_YHUR_SHUR,6,HUR,HUR,2025-03-03,2025-03-04,2,Yd,861.6281127929688,898.4816284179688,874.8267822265625,883.69140625,887.4283447265625
M6_YHUR_SHUR,6,HUR,HUR,2025-03-03,2025-03-04,2,TSE,923.1400756835938,902.1734619140625,910.07666015625,905.308837890625,901.744873046875
M6_YHUR_SHUR,6,HUR,HUR,2025-03-03,2025-03-04,2,TSEC,52.87941360473633,60.00849914550781,60.18489456176758,59.821075439453125,60.30962371826172
M6_YHUR_SHUR,6,HUR,HUR,2025-03-03,2025-03-05,3,Yd,889.931884765625,898.4816284179688,879.9166259765625,896.234375,887.97412109375
M6_YHUR_SHUR,6,HUR,HUR,2025-03-03,2025-03-05,3,TSE,816.8522338867188,902.1734619140625,898.5289306640625,901.9814453125,902.4813842773438
M6_YHUR_SHUR,6,HUR,HUR,2025-03-03,2025-03-05,3,TSEC,62.26606750488281,60.00849914550781,59.94703674316406,59.80986404418945,60.18838119506836
M6_YHUR_SHUR,6,HUR,HUR,2025-03-04,2025-03-04,1,Yd,861.6281127929688,898.2810668945312,903.921142578125,897.5306396484375,894.9099731445312
M6_YHUR_SHUR,6,HUR,HUR,2025-03-04,2025-03-04,1,TSE,923.1400756835938,901.929443359375,903.5001831054688,914.9842529296875,903.329345703125
M6_YHUR_SHUR,6,HUR,HUR,2025-03-04,2025-03-04,1,TSEC,52.87941360473633,60.00972366333008,59.96238708496094,60.375694274902344,60.32105255126953
M6_YHUR_SHUR,6,HUR,HUR,2025-03-04,2025-03-05,2,Yd,889.931884765625,898.2810668945312,887.2186889648438,903.6240844726562,897.792236328125
M6_YHUR_SHUR,6,HUR,HUR,2025-03-04,2025-03-05,2,TSE,816.8522338867188,901.929443359375,899.4752807617188,913.059814453125,903.0248413085938
M6_YHUR_SHUR,6,HUR,HUR,2025-03-04,2025-03-05,2,TSEC,62.26606750488281,60.00972366333008,60.04011154174805,61.32320022583008,60.259544372558594
M6_YHUR_SHUR,6,HUR,HUR,2025-03-04,2025-03-06,3,Yd,988.610595703125,898.2810668945312,891.5614013671875,923.406005859375,902.7940673828125
M6_YHUR_SHUR,6,HUR,HUR,2025-03-04,2025-03-06,3,TSE,889.5457153320312,901.929443359375,894.2153930664062,913.2799072265625,902.6951293945312
M6_YHUR_SHUR,6,HUR,HUR,2025-03-04,2025-03-06,3,TSEC,65.66244506835938,60.00972366333008,59.85294723510742,61.21689987182617,59.9297981262207
M6_YHUR_SHUR,6,HUR,HUR,2025-03-05,2025-03-05,1,Yd,889.931884765625,898.23486328125,894.402099609375,917.6853637695312,899.7174072265625
M6_YHUR_SHUR,6,HUR,HUR,2025-03-05,2025-03-05,1,TSE,816.8522338867188,901.9561767578125,907.0233154296875,913.9055786132812,905.2754516601562
M6_YHUR_SHUR,6,HUR,HUR,2025-03-05,2025-03-05,1,TSEC,62.26606750488281,60.00074768066406,60.09638977050781,60.701499938964844,59.99829864501953
M6_YHUR_SHUR,6,HUR,HUR,2025-03-05,2025-03-06,2,Yd,988.610595703125,898.23486328125,892.7225952148438,930.0944213867188,904.5637817382812
M6_YHUR_SHUR,6,HUR,HUR,2025-03-05,2025-03-06,2,TSE,889.5457153320312,901.9561767578125,896.5856323242188,915.5386962890625,906.7979125976562
M6_YHUR_SHUR,6,HUR,HUR,2025-03-05,2025-03-06,2,TSEC,65.66244506835938,60.00074768066406,59.9592170715332,61.051658630371094,59.589229583740234
M6_YHUR_SHUR,6,HUR,HUR,2025-03-05,2025-03-07,3,Yd,915.1719970703125,898.23486328125,898.9884643554688,912.0532836914062,905.8729248046875
M6_YHUR_SHUR,6,HUR,HUR,2025-03-05,2025-03-07,3,TSE,850.5328369140625,901.9561767578125,904.0491943359375,917.3590087890625,908.7047729492188
M6_YHUR_SHUR,6,HUR,HUR,2025-03-05,2025-03-07,3,TSEC,63.012508392333984,60.00074768066406,60.10559844970703,59.667823791503906,59.2171516418457
M6_YHUR_SHUR,6,HUR,HUR,2025-03-06,2025-03-06,1,Yd,988.610595703125,898.2244262695312,891.876220703125,925.8629150390625,902.1138305664062
M6_YHUR_SHUR,6,HUR,HUR,2025-03-06,2025-03-06,1,TSE,889.5457153320312,901.84912109375,903.257568359375,905.4983520507812,906.0735473632812
M6_YHUR_SHUR,6,HUR,HUR,2025-03-06,2025-03-06,1,TSEC,65.66244506835938,60.003597259521484,59.877037048339844,60.82307815551758,59.602046966552734
M6_YHUR_SHUR,6,HUR,HUR,2025-03-06,2025-03-07,2,Yd,915.1719970703125,898.2244262695312,899.0864868164062,911.1322631835938,904.716064453125
M6_YHUR_SHUR,6,HUR,HUR,2025-03-06,2025-03-07,2,TSE,850.5328369140625,901.84912109375,900.6515502929688,913.124755859375,908.9783935546875
M6_YHUR_SHUR,6,HUR,HUR,2025-03-06,2025-03-07,2,TSEC,63.012508392333984,60.003597259521484,60.12223815917969,61.12443923950195,59.171653747558594
M6_YHUR_SHUR,6,HUR,HUR,2025-03-06,2025-03-08,3,Yd,1042.9361572265625,898.2244262695312,900.0184936523438,900.6359252929688,901.9830322265625
M6_YHUR_SHUR,6,HUR,HUR,2025-03-06,2025-03-08,3,TSE,817.6609497070312,901.84912109375,898.7344360351562,894.2468872070312,912.0958251953125
M6_YHUR_SHUR,6,HUR,HUR,2025-03-06,2025-03-08,3,TSEC,56.19816970825195,60.003597259521484,60.00798797607422,59.731693267822266,59.16657257080078
M6_YHUR_SHUR,6,HUR,HUR,2025-03-07,2025-03-07,1,Yd,915.1719970703125,898.3380126953125,886.633544921875,912.2348022460938,897.8600463867188
M6_YHUR_SHUR,6,HUR,HUR,2025-03-07,2025-03-07,1,TSE,850.5328369140625,901.8336791992188,906.2281494140625,908.3019409179688,906.6869506835938
M6_YHUR_SHUR,6,HUR,HUR,2025-03-07,2025-03-07,1,TSEC,63.012508392333984,60.01070785522461,60.19160842895508,61.13901138305664,59.47343826293945
M6_YHUR_SHUR,6,HUR,HUR,2025-03-07,2025-03-08,2,Yd,1042.9361572265625,898.3380126953125,885.4440307617188,900.395263671875,895.5347900390625
M6_YHUR_SHUR,6,HUR,HUR,2025-03-07,2025-03-08,2,TSE,817.6609497070312,901.8336791992188,900.0637817382812,912.2833251953125,909.6505126953125
M6_YHUR_SHUR,6,HUR,HUR,2025-03-07,2025-03-08,2,TSEC,56.19816970825195,60.01070785522461,60.2066535949707,61.15262985229492,59.46438980102539
M6_YHUR_SHUR,6,HUR,HUR,2025-03-07,2025-03-09,3,Yd,1011.7756958007812,898.3380126953125,890.6144409179688,899.031494140625,890.8402709960938
M6_YHUR_SHUR,6,HUR,HUR,2025-03-07,2025-03-09,3,TSE,960.3351440429688,901.8336791992188,901.4282836914062,907.34521484375,911.5057373046875
M6_YHUR_SHUR,6,HUR,HUR,2025-03-07,2025-03-09,3,TSEC,45.2998046875,60.01070785522461,60.3154411315918,60.42124938964844,59.83018493652344
M6_YHUR_SHUR,6,HUR,HUR,2025-03-08,2025-03-08,1,Yd,1042.9361572265625,898.3590698242188,884.8687744140625,923.8726806640625,894.2017822265625
M6_YHUR_SHUR,6,HUR,HUR,2025-03-08,2025-03-08,1,TSE,817.6609497070312,901.769287109375,892.6845092773438,897.4426879882812,906.240478515625
M6_YHUR_SHUR,6,HUR,HUR,2025-03-08,2025-03-08,1,TSEC,56.19816970825195,60.014469146728516,59.96905517578125,60.94673156738281,59.887718200683594
M6_YHUR_SHUR,6,HUR,HUR,2025-03-08,2025-03-09,2,Yd,1011.7756958007812,898.3590698242188,891.2457275390625,915.4728393554688,890.8233642578125
M6_YHUR_SHUR,6,HUR,HUR,2025-03-08,2025-03-09,2,TSE,960.3351440429688,901.769287109375,912.7036743164062,901.9473876953125,907.911865234375
M6_YHUR_SHUR,6,HUR,HUR,2025-03-08,2025-03-09,2,TSEC,45.2998046875,60.014469146728516,59.661033630371094,60.26026916503906,60.1591796875
M6_YHUR_SHUR,6,HUR,HUR,2025-03-08,2025-03-10,3,Yd,957.2824096679688,898.3590698242188,884.9921875,914.8568725585938,887.7787475585938
M6_YHUR_SHUR,6,HUR,HUR,2025-03-08,2025-03-10,3,TSE,1090.658447265625,901.769287109375,903.9935913085938,903.9635009765625,909.3734130859375
M6_YHUR_SHUR,6,HUR,HUR,2025-03-08,2025-03-10,3,TSEC,60.56537628173828,60.014469146728516,60.3056755065918,60.38031768798828,60.43318176269531
M6_YHUR_SHUR,6,HUR,HUR,2025-03-09,2025-03-09,1,Yd,1011.7756958007812,898.540283203125,888.3030395507812,909.3619995117188,894.0361328125
M6_YHUR_SHUR,6,HUR,HUR,2025-03-09,2025-03-09,1,TSE,960.3351440429688,901.663818359375,900.3560791015625,912.8353271484375,904.39453125
M6_YHUR_SHUR,6,HUR,HUR,2025-03-09,2025-03-09,1,TSEC,45.2998046875,60.00969314575195,60.248783111572266,61.36409378051758,60.18637466430664
M6_YHUR_SHUR,6,HUR,HUR,2025-03-09,2025-03-10,2,Yd,957.2824096679688,898.540283203125,893.3399658203125,901.7504272460938,892.0587158203125
M6_YHUR_SHUR,6,HUR,HUR,2025-03-09,2025-03-10,2,TSE,1090.658447265625,901.663818359375,900.4503173828125,907.9385986328125,904.9719848632812
M6_YHUR_SHUR,6,HUR,HUR,2025-03-09,2025-03-10,2,TSEC,60.56537628173828,60.00969314575195,59.97954177856445,60.630714416503906,60.353912353515625
M6_YHUR_SHUR,6,HUR,HUR,2025-03-09,2025-03-11,3,Yd,959.4492797851562,898.540283203125,890.402587890625,912.8403930664062,891.710693359375
M6_YHUR_SHUR,6,HUR,HUR,2025-03-09,2025-03-11,3,TSE,909.9501342773438,901.663818359375,900.3370361328125,907.6212158203125,906.8764038085938
M6_YHUR_SHUR,6,HUR,HUR,2025-03-09,2025-03-11,3,TSEC,56.619293212890625,60.00969314575195,60.01613998413086,60.97241973876953,60.43581771850586
M6_YHUR_SHUR,6,HUR,HUR,2025-03-10,2025-03-10,1,Yd,957.2824096679688,898.6820068359375,903.6698608398438,898.7225952148438,894.4135131835938
M6_YHUR_SHUR,6,HUR,HUR,2025-03-10,2025-03-10,1,TSE,1090.658447265625,901.7373046875,906.0902099609375,928.7717895507812,905.30322265625
M6_YHUR_SHUR,6,HUR,HUR,2025-03-10,2025-03-10,1,TSEC,60.56537628173828,59.99127960205078,60.20084762573242,61.01850891113281,60.10455322265625
M6_YHUR_SHUR,6,HUR,HUR,2025-03-10,2025-03-11,2,Yd,959.4492797851562,898.6820068359375,903.7631225585938,902.8359375,894.4546508789062
M6_YHUR_SHUR,6,HUR,HUR,2025-03-10,2025-03-11,2,TSE,909.9501342773438,901.7373046875,897.8800048828125,923.2254638671875,908.5082397460938
M6_YHUR_SHUR,6,HUR,HUR,2025-03-10,2025-03-11,2,TSEC,56.619293212890625,59.99127960205078,59.92470169067383,60.26396942138672,60.061771392822266
M6_YHUR_SHUR,6,HUR,HUR,2025-03-10,2025-03-12,3,Yd,777.0325927734375,898.6820068359375,895.7837524414062,920.9607543945312,898.6792602539062
M6_YHUR_SHUR,6,HUR,HUR,2025-03-10,2025-03-12,3,TSE,1052.70458984375,901.7373046875,903.0558471679688,905.7252197265625,912.3997802734375
M6_YHUR_SHUR,6,HUR,HUR,2025-03-10,2025-03-12,3,TSEC,60.96672821044922,59.99127960205078,60.03178024291992,60.75739288330078,59.745262145996094
M6_YHUR_SHUR,6,HUR,HUR,2025-03-11,2025-03-11,1,Yd,959.4492797851562,898.7552490234375,888.938232421875,892.680419921875,893.0540161132812
M6_YHUR_SHUR,6,HUR,HUR,2025-03-11,2025-03-11,1,TSE,909.9501342773438,901.9734497070312,904.4267578125,914.2365112304688,906.4779663085938
M6_YHUR_SHUR,6,HUR,HUR,2025-03-11,2025-03-11,1,TSEC,56.619293212890625,59.99199676513672,58.91889190673828,61.20874786376953,59.87589645385742
M6_YHUR_SHUR,6,HUR,HUR,2025-03-11,2025-03-12,2,Yd,777.0325927734375,898.7552490234375,893.0379638671875,898.3394165039062,894.8758544921875
M6_YHUR_SHUR,6,HUR,HUR,2025-03-11,2025-03-12,2,TSE,1052.70458984375,901.9734497070312,896.9412231445312,900.3712768554688,909.5614624023438
M6_YHUR_SHUR,6,HUR,HUR,2025-03-11,2025-03-12,2,TSEC,60.96672821044922,59.99199676513672,60.42967224121094,60.36711883544922,59.38374328613281
M6_YHUR_SHUR,6,HUR,HUR,2025-03-11,2025-03-13,3,Yd,952.4909057617188,898.7552490234375,894.5999755859375,918.53173828125,899.31640625
M6_YHUR_SHUR,6,HUR,HUR,2025-03-11,2025-03-13,3,TSE,907.9151000976562,901.9734497070312,901.5003662109375,887.452392578125,911.3825073242188
M6_YHUR_SHUR,6,HUR,HUR,2025-03-11,2025-03-13,3,TSEC,64.43898010253906,59.99199676513672,60.016910552978516,61.0861701965332,58.67298889160156
M6_YHUR_SHUR,6,HUR,HUR,2025-03-12,2025-03-12,1,Yd,777.0325927734375,898.8309936523438,898.7626953125,903.3975219726562,897.6136474609375
M6_YHUR_SHUR,6,HUR,HUR,2025-03-12,2025-03-12,1,TSE,1052.70458984375,901.9834594726562,896.8814086914062,908.7886962890625,906.6629028320312
M6_YHUR_SHUR,6,HUR,HUR,2025-03-12,2025-03-12,1,TSEC,60.96672821044922,59.987789154052734,60.13827133178711,60.2353401184082,59.46680450439453
M6_YHUR_SHUR,6,HUR,HUR,2025-03-12,2025-03-13,2,Yd,952.4909057617188,898.8309936523438,899.2698974609375,912.324951171875,901.2892456054688
M6_YHUR_SHUR,6,HUR,HUR,2025-03-12,2025-03-13,2,TSE,907.9151000976562,901.9834594726562,901.5149536132812,905.9085083007812,908.7092895507812
M6_YHUR_SHUR,6,HUR,HUR,2025-03-12,2025-03-13,2,TSEC,64.43898010253906,59.987789154052734,59.530147552490234,60.337890625,58.62698745727539
M6_YHUR_SHUR,6,HUR,HUR,2025-03-12,2025-03-14,3,Yd,834.6559448242188,898.8309936523438,903.3053588867188,909.0504760742188,901.6832885742188
M6_YHUR_SHUR,6,HUR,HUR,2025-03-12,2025-03-14,3,TSE,982.1402587890625,901.9834594726562,898.8679809570312,917.2794799804688,910.230712890625
M6_YHUR_SHUR,6,HUR,HUR,2025-03-12,2025-03-14,3,TSEC,64.31585693359375,59.987789154052734,60.40000915527344,59.98047637939453,58.05302810668945
M6_YHUR_SHUR,6,HUR,HUR,2025-03-13,2025-03-13,1,Yd,952.4909057617188,898.6790771484375,892.2210693359375,894.8052978515625,896.2889404296875
M6_YHUR_SHUR,6,HUR,HUR,2025-03-13,2025-03-13,1,TSE,907.9151000976562,902.17138671875,900.405029296875,901.0662841796875,904.8460693359375
M6_YHUR_SHUR,6,HUR,HUR,2025-03-13,2025-03-13,1,TSEC,64.43898010253906,59.98900604248047,59.910430908203125,59.338111877441406,59.12565612792969
M6_YHUR_SHUR,6,HUR,HUR,2025-03-13,2025-03-14,2,Yd,834.6559448242188,898.6790771484375,905.8508911132812,906.1646118164062,893.6987915039062
M6_YHUR_SHUR,6,HUR,HUR,2025-03-13,2025-03-14,2,TSE,982.1402587890625,902.17138671875,896.3167114257812,886.539306640625,906.6946411132812
M6_YHUR_SHUR,6,HUR,HUR,2025-03-13,2025-03-14,2,TSEC,64.31585693359375,59.98900604248047,60.16353988647461,59.26813507080078,58.49546813964844
M6_YHUR_SHUR,6,HUR,HUR,2025-03-13,2025-03-15,3,Yd,941.2943115234375,898.6790771484375,902.9180297851562,885.6273193359375,888.6171875
M6_YHUR_SHUR,6,HUR,HUR,2025-03-13,2025-03-15,3,TSE,938.70703125,902.17138671875,906.7553100585938,893.2236328125,910.5265502929688
M6_YHUR_SHUR,6,HUR,HUR,2025-03-13,2025-03-15,3,TSEC,66.01498413085938,59.98900604248047,59.90156936645508,59.0804557800293,58.48881912231445
M6_YHUR_SHUR,6,HUR,HUR,2025-03-14,2025-03-14,1,Yd,834.6559448242188,898.74609375,887.2123413085938,912.80712890625,891.4799194335938
M6_YHUR_SHUR,6,HUR,HUR,2025-03-14,2025-03-14,1,TSE,982.1402587890625,902.1785278320312,904.23388671875,898.7432250976562,904.8357543945312
M6_YHUR_SHUR,6,HUR,HUR,2025-03-14,2025-03-14,1,TSEC,64.31585693359375,59.99455261230469,59.965728759765625,59.588890075683594,59.22718048095703
M6_YHUR_SHUR,6,HUR,HUR,2025-03-14,2025-03-15,2,Yd,941.2943115234375,898.74609375,898.1901245117188,902.1566772460938,884.9325561523438
M6_YHUR_SHUR,6,HUR,HUR,2025-03-14,2025-03-15,2,TSE,938.70703125,902.1785278320312,905.10791015625,891.64453125,907.7361450195312
M6_YHUR_SHUR,6,HUR,HUR,2025-03-14,2025-03-15,2,TSEC,66.01498413085938,59.99455261230469,60.19160079956055,60.023685455322266,59.04922103881836
M6_YHUR_SHUR,6,HUR,HUR,2025-03-14,2025-03-16,3,Yd,757.8857421875,898.74609375,896.0296020507812,894.6112670898438,878.9879150390625
M6_YHUR_SHUR,6,HUR,HUR,2025-03-14,2025-03-16,3,TSE,771.8567504882812,902.1785278320312,910.2423095703125,903.5209350585938,910.1165161132812
M6_YHUR_SHUR,6,HUR,HUR,2025-03-14,2025-03-16,3,TSEC,61.55848693847656,59.99455261230469,59.9683723449707,59.84614562988281,59.33677673339844
M6_YHUR_SHUR,6,HUR,HUR,2025-03-15,2025-03-15,1,Yd,941.2943115234375,898.6664428710938,900.6982421875,895.5926513671875,887.6263427734375
M6_YHUR_SHUR,6,HUR,HUR,2025-03-15,2025-03-15,1,TSE,938.70703125,902.2780151367188,914.7579956054688,888.5056762695312,904.9708251953125
M6_YHUR_SHUR,6,HUR,HUR,2025-03-15,2025-03-15,1,TSEC,66.01498413085938,59.99992370605469,59.64704513549805,59.225791931152344,59.69395065307617
M6_YHUR_SHUR,6,HUR,HUR,2025-03-15,2025-03-16,2,Yd,757.8857421875,898.6664428710938,895.9771728515625,890.6411743164062,879.9048461914062
M6_YHUR_SHUR,6,HUR,HUR,2025-03-15,2025-03-16,2,TSE,771.8567504882812,902.2780151367188,894.6395263671875,894.0667724609375,906.3427124023438
M6_YHUR_SHUR,6,HUR,HUR,2025-03-15,2025-03-16,2,TSEC,61.55848693847656,59.99992370605469,60.730690002441406,59.59085464477539,59.82646560668945
M6_YHUR_SHUR,6,HUR,HUR,2025-03-15,2025-03-17,3,Yd,918.58935546875,898.6664428710938,893.7283935546875,874.78125,873.6964721679688
M6_YHUR_SHUR,6,HUR,HUR,2025-03-15,2025-03-17,3,TSE,1092.956787109375,902.2780151367188,907.376953125,893.0989990234375,907.5120849609375
M6_YHUR_SHUR,6,HUR,HUR,2025-03-15,2025-03-17,3,TSEC,61.713462829589844,59.99992370605469,60.11214828491211,58.61305236816406,59.88783645629883
M6_YHUR_SHUR,6,HUR,HUR,2025-03-16,2025-03-16,1,Yd,757.8857421875,898.7194213867188,893.6742553710938,901.0499267578125,886.1369018554688
M6_YHUR_SHUR,6,HUR,HUR,2025-03-16,2025-03-16,1,TSE,771.8567504882812,902.3233032226562,905.1878051757812,892.3843994140625,902.8195190429688
M6_YHUR_SHUR,6,HUR,HUR,2025-03-16,2025-03-16,1,TSEC,61.55848693847656,60.00739669799805,60.61772918701172,60.239707946777344,60.00950622558594
M6_YHUR_SHUR,6,HUR,HUR,2025-03-16,2025-03-17,2,Yd,918.58935546875,898.7194213867188,885.1292114257812,892.6895751953125,878.6062622070312
M6_YHUR_SHUR,6,HUR,HUR,2025-03-16,2025-03-17,2,TSE,1092.956787109375,902.3233032226562,903.3177490234375,894.0084838867188,902.7146606445312
M6_YHUR_SHUR,6,HUR,HUR,2025-03-16,2025-03-17,2,TSEC,61.713462829589844,60.00739669799805,60.25827407836914,59.64480209350586,59.962406158447266
M6_YHUR_SHUR,6,HUR,HUR,2025-03-16,2025-03-18,3,Yd,985.8566284179688,898.7194213867188,877.3073120117188,892.1502075195312,874.06103515625
M6_YHUR_SHUR,6,HUR,HUR,2025-03-16,2025-03-18,3,TSE,917.771728515625,902.3233032226562,904.0367431640625,892.4440307617188,903.92724609375
M6_YHUR_SHUR,6,HUR,HUR,2025-03-16,2025-03-18,3,TSEC,62.3358154296875,60.00739669799805,59.49707794189453,59.84658432006836,59.77301788330078
M6_YHUR_SHUR,6,HUR,HUR,2025-03-17,2025-03-17,1,Yd,918.58935546875,898.544677734375,885.2015991210938,907.178466796875,888.6072998046875
M6_YHUR_SHUR,6,HUR,HUR,2025-03-17,2025-03-17,1,TSE,1092.956787109375,902.161376953125,898.0264892578125,920.8478393554688,902.3187866210938
M6_YHUR_SHUR,6,HUR,HUR,2025-03-17,2025-03-17,1,TSEC,61.713462829589844,60.00931930541992,60.2464599609375,60.85798263549805,60.0694465637207
M6_YHUR_SHUR,6,HUR,HUR,2025-03-17,2025-03-18,2,Yd,985.8566284179688,898.544677734375,878.9765625,905.9806518554688,883.2951049804688
M6_YHUR_SHUR,6,HUR,HUR,2025-03-17,2025-03-18,2,TSE,917.771728515625,902.161376953125,904.7289428710938,907.4388427734375,902.1339721679688
M6_YHUR_SHUR,6,HUR,HUR,2025-03-17,2025-03-18,2,TSEC,62.3358154296875,60.00931930541992,59.52753829956055,60.29227066040039,59.943565368652344
M6_YHUR_SHUR,6,HUR,HUR,2025-03-17,2025-03-19,3,Yd,908.0399169921875,898.544677734375,879.4309692382812,899.5015869140625,884.5838623046875
M6_YHUR_SHUR,6,HUR,HUR,2025-03-17,2025-03-19,3,TSE,728.7250366210938,902.161376953125,898.2520141601562,890.4118041992188,903.0330200195312
M6_YHUR_SHUR,6,HUR,HUR,2025-03-17,2025-03-19,3,TSEC,54.83291244506836,60.00931930541992,60.191734313964844,59.18341827392578,59.62629699707031
M6_YHUR_SHUR,6,HUR,HUR,2025-03-18,2025-03-18,1,Yd,985.8566284179688,898.5694580078125,906.78466796875,912.0255737304688,888.62451171875
M6_YHUR_SHUR,6,HUR,HUR,2025-03-18,2025-03-18,1,TSE,917.771728515625,902.3977661132812,910.6898193359375,912.4705200195312,903.5086669921875
M6_YHUR_SHUR,6,HUR,HUR,2025-03-18,2025-03-18,1,TSEC,62.3358154296875,60.01143264770508,60.12488555908203,60.8484992980957,59.905494689941406
M6_YHUR_SHUR,6,HUR,HUR,2025-03-18,2025-03-19,2,Yd,908.0399169921875,898.5694580078125,894.1536865234375,909.9931030273438,888.0634765625
M6_YHUR_SHUR,6,HUR,HUR,2025-03-18,2025-03-19,2,TSE,728.7250366210938,902.3977661132812,898.3446655273438,906.8942260742188,903.877685546875
M6_YHUR_SHUR,6,HUR,HUR,2025-03-18,2025-03-19,2,TSEC,54.83291244506836,60.01143264770508,60.08917999267578,60.016571044921875,59.468109130859375
M6_YHUR_SHUR,6,HUR,HUR,2025-03-18,2025-03-20,3,Yd,935.3875732421875,898.5694580078125,894.3211669921875,917.4459838867188,889.8692016601562
M6_YHUR_SHUR,6,HUR,HUR,2025-03-18,2025-03-20,3,TSE,1001.5073852539062,902.3977661132812,900.37109375,909.8191528320312,904.0372314453125
M6_YHUR_SHUR,6,HUR,HUR,2025-03-18,2025-03-20,3,TSEC,61.312957763671875,60.01143264770508,60.105045318603516,60.738101959228516,58.80684280395508
M6_YHUR_SHUR,6,HUR,HUR,2025-03-19,2025-03-19,1,Yd,908.0399169921875,898.6775512695312,885.1677856445312,915.6906127929688,893.0794067382812
M6_YHUR_SHUR,6,HUR,HUR,2025-03-19,2025-03-19,1,TSE,728.7250366210938,902.416748046875,901.3825073242188,904.1608276367188,902.8782958984375
M6_YHUR_SHUR,6,HUR,HUR,2025-03-19,2025-03-19,1,TSEC,54.83291244506836,60.01430892944336,60.02119064331055,60.252376556396484,59.489715576171875
M6_YHUR_SHUR,6,HUR,HUR,2025-03-19,2025-03-20,2,Yd,935.3875732421875,898.6775512695312,897.2608032226562,903.9647216796875,892.7999267578125
M6_YHUR_SHUR,6,HUR,HUR,2025-03-19,2025-03-20,2,TSE,1001.5073852539062,902.416748046875,907.39306640625,901.1012573242188,902.3436889648438
M6_YHUR_SHUR,6,HUR,HUR,2025-03-19,2025-03-20,2,TSEC,61.312957763671875,60.01430892944336,60.32046127319336,60.3900146484375,58.6995735168457
M6_YHUR_SHUR,6,HUR,HUR,2025-03-19,2025-03-21,3,Yd,889.9794311523438,898.6775512695312,889.3073120117188,891.770751953125,889.8143310546875
M6_YHUR_SHUR,6,HUR,HUR,2025-03-19,2025-03-21,3,TSE,976.0671997070312,902.416748046875,902.5840454101562,895.9315795898438,901.6680297851562
M6_YHUR_SHUR,6,HUR,HUR,2025-03-19,2025-03-21,3,TSEC,60.020545959472656,60.01430892944336,59.64189529418945,59.252227783203125,58.21688461303711
M6_YHUR_SHUR,6,HUR,HUR,2025-03-20,2025-03-20,1,Yd,935.3875732421875,898.6891479492188,894.6821899414062,935.9306640625,897.6149291992188
M6_YHUR_SHUR,6,HUR,HUR,2025-03-20,2025-03-20,1,TSE,1001.5073852539062,902.2020874023438,895.345458984375,902.739990234375,903.3657836914062
M6_YHUR_SHUR,6,HUR,HUR,2025-03-20,2025-03-20,1,TSEC,61.312957763671875,60.007904052734375,60.82156753540039,60.697994232177734,59.18654251098633
M6_YHUR_SHUR,6,HUR,HUR,2025-03-20,2025-03-21,2,Yd,889.9794311523438,898.6891479492188,905.5828247070312,920.102783203125,896.0907592773438
M6_YHUR_SHUR,6,HUR,HUR,2025-03-20,2025-03-21,2,TSE,976.0671997070312,902.2020874023438,900.3574829101562,899.8751831054688,903.9212036132812
M6_YHUR_SHUR,6,HUR,HUR,2025-03-20,2025-03-21,2,TSEC,60.020545959472656,60.007904052734375,60.015872955322266,60.29430389404297,58.56207275390625
M6_YHUR_SHUR,6,HUR,HUR,2025-03-20,2025-03-22,3,Yd,976.6944580078125,898.6891479492188,903.3026733398438,913.83740234375,890.96533203125
M6_YHUR_SHUR,6,HUR,HUR,2025-03-20,2025-03-22,3,TSE,920.9456176757812,902.2020874023438,901.6725463867188,900.1983642578125,905.208984375
M6_YHUR_SHUR,6,HUR,HUR,2025-03-20,2025-03-22,3,TSEC,68.61412811279297,60.007904052734375,60.48014831542969,59.09402084350586,58.57755661010742
M6_YHUR_SHUR,6,HUR,HUR,2025-03-21,2025-03-21,1,Yd,889.9794311523438,898.7344360351562,889.2367553710938,918.6593627929688,891.4734497070312
M6_YHUR_SHUR,6,HUR,HUR,2025-03-21,2025-03-21,1,TSE,976.0671997070312,902.32470703125,906.5552978515625,898.9547119140625,903.9056396484375
M6_YHUR_SHUR,6,HUR,HUR,2025-03-21,2025-03-21,1,TSEC,60.020545959472656,60.00951385498047,59.954769134521484,60.358402252197266,59.24946212768555
M6_YHUR_SHUR,6,HUR,HUR,2025-03-21,2025-03-22,2,Yd,976.6944580078125,898.7344360351562,897.142578125,908.643310546875,884.8876953125
M6_YHUR_SHUR,6,HUR,HUR,2025-03-21,2025-03-22,2,TSE,920.9456176757812,902.32470703125,900.5131225585938,898.9429931640625,904.9880981445312
M6_YHUR_SHUR,6,HUR,HUR,2025-03-21,2025-03-22,2,TSEC,68.61412811279297,60.00951385498047,60.001590728759766,60.06734085083008,59.117794036865234
M6_YHUR_SHUR,6,HUR,HUR,2025-03-21,2025-03-23,3,Yd,865.5923461914062,898.7344360351562,890.8822631835938,899.2608642578125,878.7913818359375
M6_YHUR_SHUR,6,HUR,HUR,2025-03-21,2025-03-23,3,TSE,990.461669921875,902.32470703125,919.3043823242188,896.9796142578125,906.3931884765625
M6_YHUR_SHUR,6,HUR,HUR,2025-03-21,2025-03-23,3,TSEC,69.29393005371094,60.00951385498047,59.92710494995117,59.726585388183594,59.4310188293457
M6_YHUR_SHUR,6,HUR,HUR,2025-03-22,2025-03-22,1,Yd,976.6944580078125,898.7236328125,903.0576171875,900.5254516601562,887.968505859375
M6_YHUR_SHUR,6,HUR,HUR,2025-03-22,2025-03-22,1,TSE,920.9456176757812,902.4157104492188,901.6962280273438,902.5748901367188,904.470947265625
M6_YHUR_SHUR,6,HUR,HUR,2025-03-22,2025-03-22,1,TSEC,68.61412811279297,60.009525299072266,60.02712631225586,60.49437713623047,59.70122528076172
M6_YHUR_SHUR,6,HUR,HUR,2025-03-22,2025-03-23,2,Yd,865.5923461914062,898.7236328125,896.8272094726562,895.5978393554688,880.4195556640625
M6_YHUR_SHUR,6,HUR,HUR,2025-03-22,2025-03-23,2,TSE,990.461669921875,902.4157104492188,901.72119140625,891.6862182617188,905.3767700195312
M6_YHUR_SHUR,6,HUR,HUR,2025-03-22,2025-03-23,2,TSEC,69.29393005371094,60.009525299072266,59.89681625366211,60.250553131103516,59.845035552978516
M6_YHUR_SHUR,6,HUR,HUR,2025-03-22,2025-03-24,3,Yd,878.7576904296875,898.7236328125,904.153564453125,890.7236938476562,874.4685668945312
M6_YHUR_SHUR,6,HUR,HUR,2025-03-22,2025-03-24,3,TSE,996.4203491210938,902.4157104492188,904.7019653320312,897.2037353515625,906.1973266601562
M6_YHUR_SHUR,6,HUR,HUR,2025-03-22,2025-03-24,3,TSEC,56.80009078979492,60.009525299072266,60.25529861450195,60.197505950927734,59.91593933105469
M6_YHUR_SHUR,6,HUR,HUR,2025-03-23,2025-03-23,1,Yd,865.5923461914062,898.8196411132812,889.9660034179688,903.4146728515625,886.2452392578125
M6_YHUR_SHUR,6,HUR,HUR,2025-03-23,2025-03-23,1,TSE,990.461669921875,902.4384155273438,901.69873046875,897.32373046875,901.707275390625
M6_YHUR_SHUR,6,HUR,HUR,2025-03-23,2025-03-23,1,TSEC,69.29393005371094,60.02012634277344,60.532875061035156,60.08234786987305,60.0303840637207
M6_YHUR_SHUR,6,HUR,HUR,2025-03-23,2025-03-24,2,Yd,878.7576904296875,898.8196411132812,893.64208984375,882.1023559570312,878.8189086914062
M6_YHUR_SHUR,6,HUR,HUR,2025-03-23,2025-03-24,2,TSE,996.4203491210938,902.4384155273438,905.4213256835938,904.0338745117188,901.040771484375
M6_YHUR_SHUR,6,HUR,HUR,2025-03-23,2025-03-24,2,TSEC,56.80009078979492,60.02012634277344,60.45710372924805,59.19992446899414,60.013057708740234
M6_YHUR_SHUR,6,HUR,HUR,2025-03-23,2025-03-25,3,Yd,1021.0066528320312,898.8196411132812,900.9978637695312,884.7035522460938,874.333740234375
M6_YHUR_SHUR,6,HUR,HUR,2025-03-23,2025-03-25,3,TSE,758.1072387695312,902.4384155273438,904.0040893554688,902.8097534179688,901.863525390625
M6_YHUR_SHUR,6,HUR,HUR,2025-03-23,2025-03-25,3,TSEC,50.776371002197266,60.02012634277344,59.5576171875,58.88469314575195,59.84318923950195
M6_YHUR_SHUR,6,HUR,HUR,2025-03-24,2025-03-24,1,Yd,878.7576904296875,898.7787475585938,903.1982421875,899.5418701171875,886.147705078125
M6_YHUR_SHUR,6,HUR,HUR,2025-03-24,2025-03-24,1,TSE,996.4203491210938,902.5467529296875,908.7823486328125,900.2322998046875,901.0436401367188
M6_YHUR_SHUR,6,HUR,HUR,2025-03-24,2025-03-24,1,TSEC,56.80009078979492,60.031532287597656,60.120445251464844,60.324344635009766,60.01911544799805
M6_YHUR_SHUR,6,HUR,HUR,2025-03-24,2025-03-25,2,Yd,1021.0066528320312,898.7787475585938,905.92822265625,896.5946044921875,879.1267700195312
M6_YHUR_SHUR,6,HUR,HUR,2025-03-24,2025-03-25,2,TSE,758.1072387695312,902.5467529296875,904.7652587890625,894.0604858398438,900.2822265625
M6_YHUR_SHUR,6,HUR,HUR,2025-03-24,2025-03-25,2,TSEC,50.776371002197266,60.031532287597656,60.202144622802734,59.762474060058594,59.85609817504883
M6_YHUR_SHUR,6,HUR,HUR,2025-03-24,2025-03-26,3,Yd,862.5455932617188,898.7787475585938,896.729736328125,890.802001953125,877.9368286132812
M6_YHUR_SHUR,6,HUR,HUR,2025-03-24,2025-03-26,3,TSE,812.89892578125,902.5467529296875,898.2935791015625,892.9403686523438,900.3341674804688
M6_YHUR_SHUR,6,HUR,HUR,2025-03-24,2025-03-26,3,TSEC,62.65827560424805,60.031532287597656,60.16356658935547,59.393611907958984,59.47861099243164
M6_YHUR_SHUR,6,HUR,HUR,2025-03-25,2025-03-25,1,Yd,1021.0066528320312,898.754150390625,897.4656982421875,903.3729858398438,887.7767944335938
M6_YHUR_SHUR,6,HUR,HUR,2025-03-25,2025-03-25,1,TSE,758.1072387695312,902.6619873046875,905.1609497070312,894.9661865234375,902.7249755859375
M6_YHUR_SHUR,6,HUR,HUR,2025-03-25,2025-03-25,1,TSEC,50.776371002197266,60.027565002441406,60.33042907714844,60.16447448730469,59.84852981567383
M6_YHUR_SHUR,6,HUR,HUR,2025-03-25,2025-03-26,2,Yd,862.5455932617188,898.754150390625,889.60693359375,900.03955078125,886.70166015625
M6_YHUR_SHUR,6,HUR,HUR,2025-03-25,2025-03-26,2,TSE,812.89892578125,902.6619873046875,898.3668212890625,895.4654541015625,902.8493041992188
M6_YHUR_SHUR,6,HUR,HUR,2025-03-25,2025-03-26,2,TSEC,62.65827560424805,60.027565002441406,59.865501403808594,59.5692253112793,59.354618072509766
M6_YHUR_SHUR,6,HUR,HUR,2025-03-25,2025-03-27,3,Yd,863.0772094726562,898.754150390625,896.51904296875,905.6622314453125,887.9935302734375
M6_YHUR_SHUR,6,HUR,HUR,2025-03-25,2025-03-27,3,TSE,953.7876586914062,902.6619873046875,906.886962890625,900.3120727539062,902.4131469726562
M6_YHUR_SHUR,6,HUR,HUR,2025-03-25,2025-03-27,3,TSEC,63.277164459228516,60.027565002441406,60.60962677001953,60.54444122314453,58.6472053527832
M6_YHUR_SHUR,6,HUR,HUR,2025-03-26,2025-03-26,1,Yd,862.5455932617188,898.9041137695312,900.3798217773438,913.9567260742188,895.2127685546875
M6_YHUR_SHUR,6,HUR,HUR,2025-03-26,2025-03-26,1,TSE,812.89892578125,902.4846801757812,894.1902465820312,913.4786987304688,903.325439453125
M6_YHUR_SHUR,6,HUR,HUR,2025-03-26,2025-03-26,1,TSEC,62.65827560424805,60.01621627807617,60.638023376464844,61.283695220947266,59.42945098876953
M6_YHUR_SHUR,6,HUR,HUR,2025-03-26,2025-03-27,2,Yd,863.0772094726562,898.9041137695312,895.2514038085938,922.181640625,897.1502685546875
M6_YHUR_SHUR,6,HUR,HUR,2025-03-26,2025-03-27,2,TSE,953.7876586914062,902.4846801757812,908.3114624023438,906.5479736328125,902.6216430664062
M6_YHUR_SHUR,6,HUR,HUR,2025-03-26,2025-03-27,2,TSEC,63.277164459228516,60.01621627807617,59.802310943603516,60.4117317199707,58.56853103637695
M6_YHUR_SHUR,6,HUR,HUR,2025-03-26,2025-03-28,3,Yd,884.8699340820312,898.9041137695312,907.7974853515625,904.504150390625,896.1299438476562
M6_YHUR_SHUR,6,HUR,HUR,2025-03-26,2025-03-28,3,TSE,878.0181274414062,902.4846801757812,903.077392578125,890.7536010742188,901.4287719726562
M6_YHUR_SHUR,6,HUR,HUR,2025-03-26,2025-03-28,3,TSEC,51.93864822387695,60.01621627807617,60.283348083496094,59.76219177246094,58.0662727355957
M6_YHUR_SHUR,6,HUR,HUR,2025-03-27,2025-03-27,1,Yd,863.0772094726562,898.8596801757812,910.3768310546875,926.5478515625,897.5176391601562
M6_YHUR_SHUR,6,HUR,HUR,2025-03-27,2025-03-27,1,TSE,953.7876586914062,902.3749389648438,897.8716430664062,898.2477416992188,902.6838989257812
M6_YHUR_SHUR,6,HUR,HUR,2025-03-27,2025-03-27,1,TSEC,63.277164459228516,60.01945114135742,60.18873596191406,61.007816314697266,59.141902923583984
M6_YHUR_SHUR,6,HUR,HUR,2025-03-27,2025-03-28,2,Yd,884.8699340820312,898.8596801757812,888.0078735351562,920.8531494140625,896.01318359375
M6_YHUR_SHUR,6,HUR,HUR,2025-03-27,2025-03-28,2,TSE,878.0181274414062,902.3749389648438,899.3452758789062,910.6211547851562,901.9142456054688
M6_YHUR_SHUR,6,HUR,HUR,2025-03-27,2025-03-28,2,TSEC,51.93864822387695,60.01945114135742,59.785221099853516,60.57668685913086,58.51333236694336
M6_YHUR_SHUR,6,HUR,HUR,2025-03-27,2025-03-29,3,Yd,893.309814453125,898.8596801757812,888.8070678710938,904.6133422851562,890.7752685546875
M6_YHUR_SHUR,6,HUR,HUR,2025-03-27,2025-03-29,3,TSE,1056.673095703125,902.3749389648438,903.7472534179688,888.592041015625,902.3543701171875
M6_YHUR_SHUR,6,HUR,HUR,2025-03-27,2025-03-29,3,TSEC,69.6932144165039,60.01945114135742,59.89027786254883,59.50973892211914,58.529300689697266
M6_YHUR_SHUR,6,HUR,HUR,2025-03-28,2025-03-28,1,Yd,884.8699340820312,898.8158569335938,906.8478393554688,920.4695434570312,892.4419555664062
M6_YHUR_SHUR,6,HUR,HUR,2025-03-28,2025-03-28,1,TSE,878.0181274414062,902.4378662109375,902.2733764648438,897.5050048828125,903.11279296875
M6_YHUR_SHUR,6,HUR,HUR,2025-03-28,2025-03-28,1,TSEC,51.93864822387695,60.0234375,59.641845703125,59.94755172729492,59.276519775390625
M6_YHUR_SHUR,6,HUR,HUR,2025-03-28,2025-03-29,2,Yd,893.309814453125,898.8158569335938,902.9363403320312,906.7232055664062,886.1143188476562
M6_YHUR_SHUR,6,HUR,HUR,2025-03-28,2025-03-29,2,TSE,1056.673095703125,902.4378662109375,902.9898071289062,891.095458984375,903.6072998046875
M6_YHUR_SHUR,6,HUR,HUR,2025-03-28,2025-03-29,2,TSEC,69.6932144165039,60.0234375,59.88457107543945,60.290008544921875,59.186702728271484
M6_YHUR_SHUR,6,HUR,HUR,2025-03-28,2025-03-30,3,Yd,852.0350341796875,898.8158569335938,898.1603393554688,898.92626953125,880.173095703125
M6_YHUR_SHUR,6,HUR,HUR,2025-03-28,2025-03-30,3,TSE,919.7703857421875,902.4378662109375,907.3230590820312,891.4300537109375,904.655029296875
M6_YHUR_SHUR,6,HUR,HUR,2025-03-28,2025-03-30,3,TSEC,83.93165588378906,60.0234375,59.75682067871094,60.15868377685547,59.522491455078125
M6_YHUR_SHUR,6,HUR,HUR,2025-03-29,2025-03-29,1,Yd,893.309814453125,898.798828125,899.704833984375,917.7935180664062,890.74169921875
M6_YHUR_SHUR,6,HUR,HUR,2025-03-29,2025-03-29,1,TSE,1056.673095703125,902.4080200195312,903.8399047851562,907.25732421875,905.3756713867188
M6_YHUR_SHUR,6,HUR,HUR,2025-03-29,2025-03-29,1,TSEC,69.6932144165039,60.013553619384766,60.17979431152344,60.694278717041016,59.754180908203125
M6_YHUR_SHUR,6,HUR,HUR,2025-03-29,2025-03-30,2,Yd,852.0350341796875,898.798828125,892.3153686523438,899.2326049804688,884.8153076171875
M6_YHUR_SHUR,6,HUR,HUR,2025-03-29,2025-03-30,2,TSE,919.7703857421875,902.4080200195312,905.944580078125,894.7293090820312,906.3660888671875
M6_YHUR_SHUR,6,HUR,HUR,2025-03-29,2025-03-30,2,TSEC,83.93165588378906,60.013553619384766,60.6967658996582,60.6069221496582,59.92408752441406
M6_YHUR_SHUR,6,HUR,HUR,2025-03-29,2025-03-31,3,Yd,917.169189453125,898.798828125,893.899658203125,901.2594604492188,880.0988159179688
M6_YHUR_SHUR,6,HUR,HUR,2025-03-29,2025-03-31,3,TSE,1007.1844482421875,902.4080200195312,905.8137817382812,894.3712158203125,907.3629150390625
M6_YHUR_SHUR,6,HUR,HUR,2025-03-29,2025-03-31,3,TSEC,46.47268295288086,60.013553619384766,60.199119567871094,60.21883773803711,60.034217834472656
M6_YHUR_SHUR,6,HUR,HUR,2025-03-30,2025-03-30,1,Yd,852.0350341796875,898.7921142578125,892.1290283203125,896.1222534179688,886.8790283203125
M6_YHUR_SHUR,6,HUR,HUR,2025-03-30,2025-03-30,1,TSE,919.7703857421875,902.5963745117188,911.4525756835938,901.2620849609375,902.6444091796875
M6_YHUR_SHUR,6,HUR,HUR,2025-03-30,2025-03-30,1,TSEC,83.93165588378906,60.02537536621094,59.614070892333984,60.65098190307617,60.07114791870117
M6_YHUR_SHUR,6,HUR,HUR,2025-03-30,2025-03-31,2,Yd,917.169189453125,898.7921142578125,887.3272094726562,884.0866088867188,879.882080078125
M6_YHUR_SHUR,6,HUR,HUR,2025-03-30,2025-03-31,2,TSE,1007.1844482421875,902.5963745117188,897.294921875,887.1746215820312,902.2603759765625
M6_YHUR_SHUR,6,HUR,HUR,2025-03-30,2025-03-31,2,TSEC,46.47268295288086,60.02537536621094,60.39998245239258,59.763404846191406,60.061500549316406
M6_YHUR_SHUR,6,HUR,HUR,2025-03-30,2025-04-01,3,Yd,838.9772338867188,898.7921142578125,880.0236206054688,875.5773315429688,875.8092041015625
M6_YHUR_SHUR,6,HUR,HUR,2025-03-30,2025-04-01,3,TSE,992.7805786132812,902.5963745117188,909.1209106445312,880.8104248046875,903.4710083007812
M6_YHUR_SHUR,6,HUR,HUR,2025-03-30,2025-04-01,3,TSEC,66.6058120727539,60.02537536621094,60.089927673339844,59.1901969909668,59.8918571472168
