case_id,M,yd_level,solar_level,origin_date,target_date,step,variable,true,MEAN,ARIMA,RNN,LSTM
M4_YHUR_SLUR,4,HUR,LUR,2024-12-31,2024-12-31,1,Yd,604.9793701171875,599.1539306640625,601.2972412109375,589.8230590820312,598.3562622070312
M4_YHUR_SLUR,4,HUR,LUR,2024-12-31,2024-12-31,1,TSE,600.8922729492188,600.5286254882812,600.7323608398438,600.14208984375,600.0198364257812
M4_YHUR_SLUR,4,HUR,LUR,2024-12-31,2024-12-31,1,TSEC,39.64090347290039,39.98787307739258,39.995426177978516,39.95725631713867,40.03232192993164
M4_YHUR_SLUR,4,HUR,LUR,2024-12-31,2025-01-01,2,Yd,557.0032958984375,599.1539306640625,602.5520629882812,585.7001342773438,597.15234375
M4_YHUR_SLUR,4,HUR,LUR,2024-12-31,2025-01-01,2,TSE,601.3197021484375,600.5286254882812,600.2874145507812,599.58935546875,599.7303466796875
M4_YHUR_SLUR,4,HUR,LUR,2024-12-31,2025-01-01,2,TSEC,40.54197692871094,39.98787307739258,40.01456832885742,40.017738342285156,40.07145309448242
M4_YHUR_SLUR,4,HUR,LUR,2024-12-31,2025-01-02,3,Yd,664.8263549804688,599.1539306640625,602.2968139648438,585.792724609375,596.9747314453125
M4_YHUR_SLUR,4,HUR,LUR,2024-12-31,2025-01-02,3,TSE,601.4207153320312,600.5286254882812,600.5302124023438,599.5316772460938,599.6796264648438
M4_YHUR_SLUR,4,HUR,LUR,2024-12-31,2025-01-02,3,TSEC,40.39971160888672,39.98787307739258,40.0665397644043,40.02603530883789,40.09736633300781
M4_YHUR_SLUR,4,HUR,LUR,2025-01-01,2025-01-01,1,Yd,557.0032958984375,599.1619262695312,600.8766479492188,590.1741333007812,599.3925170898438
M4_YHUR_SLUR,4,HUR,LUR,2025-01-01,2025-01-01,1,TSE,601.3197021484375,600.529052734375,600.312255859375,599.0619506835938,600.1177978515625
M4_YHUR_SLUR,4,HUR,LUR,2025-01-01,2025-01-01,1,TSEC,40.54197692871094,39.987403869628906,39.990692138671875,40.07172393798828,40.03416442871094
M4_YHUR_SLUR,4,HUR,LUR,2025-01-01,2025-01-02,2,Yd,664.8263549804688,599.1619262695312,610.72607421875,587.0355224609375,599.4879760742188
M4_YHUR_SLUR,4,HUR,LUR,2025-01-01,2025-01-02,2,TSE,601.4207153320312,600.529052734375,600.5202026367188,599.6049194335938,600.0057983398438
M4_YHUR_SLUR,4,HUR,LUR,2025-01-01,2025-01-02,2,TSEC,40.39971160888672,39.987403869628906,40.02852249145508,40.05426788330078,40.06920623779297
M4_YHUR_SLUR,4,HUR,LUR,2025-01-01,2025-01-03,3,Yd,614.8463134765625,599.1619262695312,598.68603515625,584.9348754882812,598.557373046875
M4_YHUR_SLUR,4,HUR,LUR,2025-01-01,2025-01-03,3,TSE,602.1770629882812,600.529052734375,600.400146484375,600.546630859375,600.0892333984375
M4_YHUR_SLUR,4,HUR,LUR,2025-01-01,2025-01-03,3,TSEC,41.026493072509766,39.987403869628906,40.03980255126953,40.108238220214844,40.080787658691406
M4_YHUR_SLUR,4,HUR,LUR,2025-01-02,2025-01-02,1,Yd,664.8263549804688,599.1043090820312,608.7485961914062,589.1957397460938,598.5775146484375
M4_YHUR_SLUR,4,HUR,LUR,2025-01-02,2025-01-02,1,TSE,601.4207153320312,600.5301513671875,600.462646484375,600.718505859375,600.3323364257812
M4_YHUR_SLUR,4,HUR,LUR,2025-01-02,2025-01-02,1,TSEC,40.39971160888672,39.9881591796875,40.01710510253906,40.03812789916992,40.02930450439453
M4_YHUR_SLUR,4,HUR,LUR,2025-01-02,2025-01-03,2,Yd,614.8463134765625,599.1043090820312,596.6435546875,587.9518432617188,597.44580078125
M4_YHUR_SLUR,4,HUR,LUR,2025-01-02,2025-01-03,2,TSE,602.1770629882812,600.5301513671875,601.3028564453125,600.169189453125,600.3749389648438
M4_YHUR_SLUR,4,HUR,LUR,2025-01-02,2025-01-03,2,TSEC,41.026493072509766,39.9881591796875,40.05081558227539,40.10090637207031,40.050296783447266
M4_YHUR_SLUR,4,HUR,LUR,2025-01-02,2025-01-04,3,Yd,546.482421875,599.1043090820312,601.1566772460938,585.6162719726562,595.9092407226562
M4_YHUR_SLUR,4,HUR,LUR,2025-01-02,2025-01-04,3,TSE,599.2514038085938,600.5301513671875,600.7440795898438,600.1136474609375,600.4569091796875
M4_YHUR_SLUR,4,HUR,LUR,2025-01-02,2025-01-04,3,TSEC,39.99641036987305,39.9881591796875,39.91370391845703,40.0607795715332,40.0554084777832
M4_YHUR_SLUR,4,HUR,LUR,2025-01-03,2025-01-03,1,Yd,614.8463134765625,599.1939697265625,613.2932739257812,591.720947265625,596.7577514648438
M4_YHUR_SLUR,4,HUR,LUR,2025-01-03,2025-01-03,1,TSE,602.1770629882812,600.5313720703125,600.3270874023438,600.8416748046875,600.6148071289062
M4_YHUR_SLUR,4,HUR,LUR,2025-01-03,2025-01-03,1,TSEC,41.026493072509766,39.98871994018555,39.96326446533203,40.078495025634766,40.00449752807617
M4_YHUR_SLUR,4,HUR,LUR,2025-01-03,2025-01-04,2,Yd,546.482421875,599.1939697265625,607.2801513671875,583.6533813476562,595.842529296875
M4_YHUR_SLUR,4,HUR,LUR,2025-01-03,2025-01-04,2,TSE,599.2514038085938,600.5313720703125,600.7031860351562,601.4190673828125,600.8309936523438
M4_YHUR_SLUR,4,HUR,LUR,2025-01-03,2025-01-04,2,TSEC,39.99641036987305,39.98871994018555,40.00716781616211,40.073490142822266,40.00566864013672
M4_YHUR_SLUR,4,HUR,LUR,2025-01-03,2025-01-05,3,Yd,590.4827270507812,599.1939697265625,603.1439208984375,580.2498779296875,596.4716186523438
M4_YHUR_SLUR,4,HUR,LUR,2025-01-03,2025-01-05,3,TSE,610.7821655273438,600.5313720703125,600.6611938476562,600.7918701171875,600.8004760742188
M4_YHUR_SLUR,4,HUR,LUR,2025-01-03,2025-01-05,3,TSEC,40.18954849243164,39.98871994018555,39.980682373046875,40.05622482299805,40.00603103637695
M4_YHUR_SLUR,4,HUR,LUR,2025-01-04,2025-01-04,1,Yd,546.482421875,599.21533203125,604.9526977539062,593.9989013671875,596.472412109375
M4_YHUR_SLUR,4,HUR,LUR,2025-01-04,2025-01-04,1,TSE,599.2514038085938,600.5336303710938,600.7395629882812,600.8890380859375,600.772216796875
M4_YHUR_SLUR,4,HUR,LUR,2025-01-04,2025-01-04,1,TSEC,39.99641036987305,39.99013137817383,40.005958557128906,39.97617721557617,39.981807708740234
M4_YHUR_SLUR,4,HUR,LUR,2025-01-04,2025-01-05,2,Yd,590.4827270507812,599.21533203125,603.2862548828125,588.5791015625,595.7970581054688
M4_YHUR_SLUR,4,HUR,LUR,2025-01-04,2025-01-05,2,TSE,610.7821655273438,600.5336303710938,600.6858520507812,600.1741943359375,600.7064819335938
M4_YHUR_SLUR,4,HUR,LUR,2025-01-04,2025-01-05,2,TSEC,40.18954849243164,39.99013137817383,40.009281158447266,39.96051025390625,39.98631286621094
M4_YHUR_SLUR,4,HUR,LUR,2025-01-04,2025-01-06,3,Yd,588.7886352539062,599.21533203125,603.3033447265625,592.2490234375,594.2908935546875
M4_YHUR_SLUR,4,HUR,LUR,2025-01-04,2025-01-06,3,TSE,608.9415283203125,600.5336303710938,600.7925415039062,600.4061279296875,600.29052734375
M4_YHUR_SLUR,4,HUR,LUR,2025-01-04,2025-01-06,3,TSEC,40.99106216430664,39.99013137817383,40.00216293334961,39.98705291748047,40.00224685668945
M4_YHUR_SLUR,4,HUR,LUR,2025-01-05,2025-01-05,1,Yd,590.4827270507812,599.1435546875,599.401123046875,588.6024780273438,597.4713745117188
M4_YHUR_SLUR,4,HUR,LUR,2025-01-05,2025-01-05,1,TSE,610.7821655273438,600.5318603515625,600.0560302734375,600.9375610351562,600.4472045898438
M4_YHUR_SLUR,4,HUR,LUR,2025-01-05,2025-01-05,1,TSEC,40.18954849243164,39.990142822265625,39.99796676635742,39.964900970458984,39.99234390258789
M4_YHUR_SLUR,4,HUR,LUR,2025-01-05,2025-01-06,2,Yd,588.7886352539062,599.1435546875,596.2652587890625,603.950927734375,594.677490234375
M4_YHUR_SLUR,4,HUR,LUR,2025-01-05,2025-01-06,2,TSE,608.9415283203125,600.5318603515625,599.3804931640625,602.4948120117188,600.0513305664062
M4_YHUR_SLUR,4,HUR,LUR,2025-01-05,2025-01-06,2,TSEC,40.99106216430664,39.990142822265625,39.961585998535156,40.10922622680664,40.01180648803711
M4_YHUR_SLUR,4,HUR,LUR,2025-01-05,2025-01-07,3,Yd,546.4371948242188,599.1435546875,605.3367919921875,598.9580078125,590.9776000976562
M4_YHUR_SLUR,4,HUR,LUR,2025-01-05,2025-01-07,3,TSE,600.2620849609375,600.5318603515625,600.01416015625,601.1608276367188,599.5875854492188
M4_YHUR_SLUR,4,HUR,LUR,2025-01-05,2025-01-07,3,TSEC,40.31903076171875,39.990142822265625,40.055397033691406,40.144630432128906,40.04518508911133
M4_YHUR_SLUR,4,HUR,LUR,2025-01-06,2025-01-06,1,Yd,588.7886352539062,599.1317749023438,601.5032348632812,587.815673828125,597.5385131835938
M4_YHUR_SLUR,4,HUR,LUR,2025-01-06,2025-01-06,1,TSE,608.9415283203125,600.5457763671875,600.6614379882812,601.1788330078125,600.1871337890625
M4_YHUR_SLUR,4,HUR,LUR,2025-01-06,2025-01-06,1,TSEC,40.99106216430664,39.990413665771484,39.957542419433594,40.00696563720703,39.98881149291992
M4_YHUR_SLUR,4,HUR,LUR,2025-01-06,2025-01-07,2,Yd,546.4371948242188,599.1317749023438,604.4434814453125,586.4036865234375,593.64208984375
M4_YHUR_SLUR,4,HUR,LUR,2025-01-06,2025-01-07,2,TSE,600.2620849609375,600.5457763671875,600.9537353515625,602.034423828125,599.7736206054688
M4_YHUR_SLUR,4,HUR,LUR,2025-01-06,2025-01-07,2,TSEC,40.31903076171875,39.990413665771484,40.00164794921875,40.032936096191406,40.01141357421875
M4_YHUR_SLUR,4,HUR,LUR,2025-01-06,2025-01-08,3,Yd,654.238037109375,599.1317749023438,604.9087524414062,602.5824584960938,589.989990234375
M4_YHUR_SLUR,4,HUR,LUR,2025-01-06,2025-01-08,3,TSE,596.5010986328125,600.5457763671875,600.0608520507812,600.4229736328125,599.544189453125
M4_YHUR_SLUR,4,HUR,LUR,2025-01-06,2025-01-08,3,TSEC,40.062015533447266,39.990413665771484,39.98359680175781,39.978275299072266,40.037384033203125
M4_YHUR_SLUR,4,HUR,LUR,2025-01-07,2025-01-07,1,Yd,546.4371948242188,599.1177368164062,598.40087890625,587.0025024414062,597.0526733398438
M4_YHUR_SLUR,4,HUR,LUR,2025-01-07,2025-01-07,1,TSE,600.2620849609375,600.55712890625,601.4641723632812,600.1937255859375,600.2095336914062
M4_YHUR_SLUR,4,HUR,LUR,2025-01-07,2025-01-07,1,TSEC,40.31903076171875,39.99177169799805,39.97270584106445,39.97074508666992,39.99159622192383
M4_YHUR_SLUR,4,HUR,LUR,2025-01-07,2025-01-08,2,Yd,654.238037109375,599.1177368164062,600.3381958007812,584.828125,593.3902587890625
M4_YHUR_SLUR,4,HUR,LUR,2025-01-07,2025-01-08,2,TSE,596.5010986328125,600.55712890625,600.6607666015625,601.5247802734375,600.0520629882812
M4_YHUR_SLUR,4,HUR,LUR,2025-01-07,2025-01-08,2,TSEC,40.062015533447266,39.99177169799805,40.01395797729492,40.032554626464844,40.01093292236328
M4_YHUR_SLUR,4,HUR,LUR,2025-01-07,2025-01-09,3,Yd,645.43408203125,599.1177368164062,611.047607421875,588.0028076171875,591.0406494140625
M4_YHUR_SLUR,4,HUR,LUR,2025-01-07,2025-01-09,3,TSE,596.8671264648438,600.55712890625,601.140869140625,600.7693481445312,599.9935302734375
M4_YHUR_SLUR,4,HUR,LUR,2025-01-07,2025-01-09,3,TSEC,40.3443717956543,39.99177169799805,40.05482864379883,39.98579025268555,40.028079986572266
M4_YHUR_SLUR,4,HUR,LUR,2025-01-08,2025-01-08,1,Yd,654.238037109375,599.04638671875,606.602294921875,574.9290161132812,596.6858520507812
M4_YHUR_SLUR,4,HUR,LUR,2025-01-08,2025-01-08,1,TSE,596.5010986328125,600.5567626953125,600.4500732421875,599.458984375,600.2825927734375
M4_YHUR_SLUR,4,HUR,LUR,2025-01-08,2025-01-08,1,TSEC,40.062015533447266,39.99221420288086,40.01551055908203,40.00874328613281,40.0080451965332
M4_YHUR_SLUR,4,HUR,LUR,2025-01-08,2025-01-09,2,Yd,645.43408203125,599.04638671875,600.7753295898438,592.1038208007812,594.4354858398438
M4_YHUR_SLUR,4,HUR,LUR,2025-01-08,2025-01-09,2,TSE,596.8671264648438,600.5567626953125,601.230224609375,601.21875,600.1748657226562
M4_YHUR_SLUR,4,HUR,LUR,2025-01-08,2025-01-09,2,TSEC,40.3443717956543,39.99221420288086,40.01829147338867,40.09840393066406,40.031009674072266
M4_YHUR_SLUR,4,HUR,LUR,2025-01-08,2025-01-10,3,Yd,586.64990234375,599.04638671875,603.8067626953125,604.0514526367188,592.7431640625
M4_YHUR_SLUR,4,HUR,LUR,2025-01-08,2025-01-10,3,TSE,604.573486328125,600.5567626953125,600.586181640625,599.473388671875,600.2894287109375
M4_YHUR_SLUR,4,HUR,LUR,2025-01-08,2025-01-10,3,TSEC,39.49667739868164,39.99221420288086,40.03635787963867,40.0635986328125,40.033729553222656
M4_YHUR_SLUR,4,HUR,LUR,2025-01-09,2025-01-09,1,Yd,645.43408203125,599.1210327148438,599.4249267578125,576.912353515625,597.3864135742188
M4_YHUR_SLUR,4,HUR,LUR,2025-01-09,2025-01-09,1,TSE,596.8671264648438,600.55126953125,600.4277954101562,599.7102661132812,600.372802734375
M4_YHUR_SLUR,4,HUR,LUR,2025-01-09,2025-01-09,1,TSEC,40.3443717956543,39.9923095703125,39.98760223388672,40.027305603027344,40.007320404052734
M4_YHUR_SLUR,4,HUR,LUR,2025-01-09,2025-01-10,2,Yd,586.64990234375,599.1210327148438,604.4475708007812,576.804443359375,595.0762939453125
M4_YHUR_SLUR,4,HUR,LUR,2025-01-09,2025-01-10,2,TSE,604.573486328125,600.55126953125,601.2440185546875,600.4000854492188,600.5949096679688
M4_YHUR_SLUR,4,HUR,LUR,2025-01-09,2025-01-10,2,TSEC,39.49667739868164,39.9923095703125,39.97992706298828,40.082332611083984,40.00756072998047
M4_YHUR_SLUR,4,HUR,LUR,2025-01-09,2025-01-11,3,Yd,564.7020874023438,599.1210327148438,603.3490600585938,587.6687622070312,594.5028076171875
M4_YHUR_SLUR,4,HUR,LUR,2025-01-09,2025-01-11,3,TSE,594.9918823242188,600.55126953125,600.72802734375,598.4745483398438,600.8236083984375
M4_YHUR_SLUR,4,HUR,LUR,2025-01-09,2025-01-11,3,TSEC,40.32947540283203,39.9923095703125,40.00127029418945,39.98980712890625,39.994117736816406
M4_YHUR_SLUR,4,HUR,LUR,2025-01-10,2025-01-10,1,Yd,586.64990234375,599.18359375,608.9988403320312,595.0538330078125,595.8054809570312
M4_YHUR_SLUR,4,HUR,LUR,2025-01-10,2025-01-10,1,TSE,604.573486328125,600.5462646484375,599.8447875976562,601.6871948242188,600.7378540039062
M4_YHUR_SLUR,4,HUR,LUR,2025-01-10,2025-01-10,1,TSEC,39.49667739868164,39.99278259277344,40.07754135131836,40.03105926513672,39.98537826538086
M4_YHUR_SLUR,4,HUR,LUR,2025-01-10,2025-01-11,2,Yd,564.7020874023438,599.18359375,610.5250244140625,587.8323974609375,594.7904663085938
M4_YHUR_SLUR,4,HUR,LUR,2025-01-10,2025-01-11,2,TSE,594.9918823242188,600.5462646484375,600.193603515625,601.695068359375,601.0410766601562
M4_YHUR_SLUR,4,HUR,LUR,2025-01-10,2025-01-11,2,TSEC,40.32947540283203,39.99278259277344,39.95185470581055,39.96469497680664,39.97340393066406
M4_YHUR_SLUR,4,HUR,LUR,2025-01-10,2025-01-12,3,Yd,546.7276611328125,599.18359375,602.8995361328125,592.514404296875,596.020263671875
M4_YHUR_SLUR,4,HUR,LUR,2025-01-10,2025-01-12,3,TSE,589.4849243164062,600.5462646484375,600.6842651367188,601.5281372070312,601.0084838867188
M4_YHUR_SLUR,4,HUR,LUR,2025-01-10,2025-01-12,3,TSEC,39.88370132446289,39.99278259277344,40.0266227722168,39.961856842041016,39.96585464477539
M4_YHUR_SLUR,4,HUR,LUR,2025-01-11,2025-01-11,1,Yd,564.7020874023438,599.166748046875,605.7999877929688,588.7359008789062,597.2332153320312
M4_YHUR_SLUR,4,HUR,LUR,2025-01-11,2025-01-11,1,TSE,594.9918823242188,600.5516967773438,601.0689086914062,601.3015747070312,600.7275390625
M4_YHUR_SLUR,4,HUR,LUR,2025-01-11,2025-01-11,1,TSEC,40.32947540283203,39.99211502075195,40.05635452270508,40.02561569213867,39.97511672973633
M4_YHUR_SLUR,4,HUR,LUR,2025-01-11,2025-01-12,2,Yd,546.7276611328125,599.166748046875,603.1982421875,588.2982788085938,597.817138671875
M4_YHUR_SLUR,4,HUR,LUR,2025-01-11,2025-01-12,2,TSE,589.4849243164062,600.5516967773438,601.1236572265625,601.8538818359375,600.751708984375
M4_YHUR_SLUR,4,HUR,LUR,2025-01-11,2025-01-12,2,TSEC,39.88370132446289,39.99211502075195,40.00483322143555,40.058265686035156,39.970516204833984
M4_YHUR_SLUR,4,HUR,LUR,2025-01-11,2025-01-13,3,Yd,536.6668090820312,599.166748046875,602.9404907226562,584.45166015625,597.0733032226562
M4_YHUR_SLUR,4,HUR,LUR,2025-01-11,2025-01-13,3,TSE,606.648681640625,600.5516967773438,600.4534912109375,600.5177001953125,600.3656005859375
M4_YHUR_SLUR,4,HUR,LUR,2025-01-11,2025-01-13,3,TSEC,39.930660247802734,39.99211502075195,39.94045639038086,40.02999496459961,39.97751998901367
M4_YHUR_SLUR,4,HUR,LUR,2025-01-12,2025-01-12,1,Yd,546.7276611328125,599.1203002929688,600.275146484375,598.13330078125,598.0618896484375
M4_YHUR_SLUR,4,HUR,LUR,2025-01-12,2025-01-12,1,TSE,589.4849243164062,600.5442504882812,600.2855834960938,600.27490234375,600.485107421875
M4_YHUR_SLUR,4,HUR,LUR,2025-01-12,2025-01-12,1,TSEC,39.88370132446289,39.99257278442383,40.003662109375,39.97108840942383,39.98717498779297
M4_YHUR_SLUR,4,HUR,LUR,2025-01-12,2025-01-13,2,Yd,536.6668090820312,599.1203002929688,596.56298828125,596.6197509765625,595.7799072265625
M4_YHUR_SLUR,4,HUR,LUR,2025-01-12,2025-01-13,2,TSE,606.648681640625,600.5442504882812,600.671875,599.9542236328125,600.1209106445312
M4_YHUR_SLUR,4,HUR,LUR,2025-01-12,2025-01-13,2,TSEC,39.930660247802734,39.99257278442383,40.08541488647461,39.99540328979492,40.00185012817383
M4_YHUR_SLUR,4,HUR,LUR,2025-01-12,2025-01-14,3,Yd,697.148681640625,599.1203002929688,607.3674926757812,590.969482421875,592.1405639648438
M4_YHUR_SLUR,4,HUR,LUR,2025-01-12,2025-01-14,3,TSE,599.7738647460938,600.5442504882812,600.6033325195312,599.87060546875,599.6392822265625
M4_YHUR_SLUR,4,HUR,LUR,2025-01-12,2025-01-14,3,TSEC,39.905879974365234,39.99257278442383,39.94390869140625,40.00794982910156,40.02688217163086
M4_YHUR_SLUR,4,HUR,LUR,2025-01-13,2025-01-13,1,Yd,536.6668090820312,599.0497436523438,593.0234985351562,580.7235107421875,597.0617065429688
M4_YHUR_SLUR,4,HUR,LUR,2025-01-13,2025-01-13,1,TSE,606.648681640625,600.5293579101562,598.763671875,598.9150390625,600.1195678710938
M4_YHUR_SLUR,4,HUR,LUR,2025-01-13,2025-01-13,1,TSEC,39.930660247802734,39.99242401123047,39.985225677490234,39.96915054321289,40.01548385620117
M4_YHUR_SLUR,4,HUR,LUR,2025-01-13,2025-01-14,2,Yd,697.148681640625,599.0497436523438,607.673583984375,592.8106689453125,594.0731201171875
M4_YHUR_SLUR,4,HUR,LUR,2025-01-13,2025-01-14,2,TSE,599.7738647460938,600.5293579101562,599.5392456054688,599.1561889648438,599.7703857421875
M4_YHUR_SLUR,4,HUR,LUR,2025-01-13,2025-01-14,2,TSEC,39.905879974365234,39.99242401123047,40.06248474121094,40.0534553527832,40.04670715332031
M4_YHUR_SLUR,4,HUR,LUR,2025-01-13,2025-01-15,3,Yd,650.3300170898438,599.0497436523438,604.3123168945312,596.9088745117188,592.204345703125
M4_YHUR_SLUR,4,HUR,LUR,2025-01-13,2025-01-15,3,TSE,605.7481079101562,600.5293579101562,598.8619384765625,598.9411010742188,599.5491943359375
M4_YHUR_SLUR,4,HUR,LUR,2025-01-13,2025-01-15,3,TSEC,39.60722351074219,39.99242401123047,40.02353286743164,40.05583190917969,40.07579803466797
M4_YHUR_SLUR,4,HUR,LUR,2025-01-14,2025-01-14,1,Yd,697.148681640625,598.9658813476562,604.1563720703125,591.9036254882812,597.09716796875
M4_YHUR_SLUR,4,HUR,LUR,2025-01-14,2025-01-14,1,TSE,599.7738647460938,600.5375366210938,600.3492431640625,599.4349975585938,600.0216064453125
M4_YHUR_SLUR,4,HUR,LUR,2025-01-14,2025-01-14,1,TSEC,39.905879974365234,39.992340087890625,40.05405044555664,40.04525375366211,40.02058410644531
M4_YHUR_SLUR,4,HUR,LUR,2025-01-14,2025-01-15,2,Yd,650.3300170898438,598.9658813476562,604.6785278320312,594.035400390625,595.203857421875
M4_YHUR_SLUR,4,HUR,LUR,2025-01-14,2025-01-15,2,TSE,605.7481079101562,600.5375366210938,599.6290893554688,599.9099731445312,599.7277221679688
M4_YHUR_SLUR,4,HUR,LUR,2025-01-14,2025-01-15,2,TSEC,39.60722351074219,39.992340087890625,39.99820327758789,40.11101150512695,40.054874420166016
M4_YHUR_SLUR,4,HUR,LUR,2025-01-14,2025-01-16,3,Yd,588.3233032226562,598.9658813476562,596.2989501953125,597.3740844726562,594.399658203125
M4_YHUR_SLUR,4,HUR,LUR,2025-01-14,2025-01-16,3,TSE,618.846923828125,600.5375366210938,600.1192016601562,599.2212524414062,599.6134033203125
M4_YHUR_SLUR,4,HUR,LUR,2025-01-14,2025-01-16,3,TSEC,40.070579528808594,39.992340087890625,39.98016357421875,40.084136962890625,40.078617095947266
M4_YHUR_SLUR,4,HUR,LUR,2025-01-15,2025-01-15,1,Yd,650.3300170898438,599.0977172851562,603.1170654296875,592.7726440429688,598.4143676757812
M4_YHUR_SLUR,4,HUR,LUR,2025-01-15,2025-01-15,1,TSE,605.7481079101562,600.5365600585938,600.2528686523438,599.2290649414062,600.0699462890625
M4_YHUR_SLUR,4,HUR,LUR,2025-01-15,2025-01-15,1,TSEC,39.60722351074219,39.992225646972656,40.00284957885742,40.08800506591797,40.022464752197266
M4_YHUR_SLUR,4,HUR,LUR,2025-01-15,2025-01-16,2,Yd,588.3233032226562,599.0977172851562,610.2949829101562,588.28857421875,597.1157836914062
M4_YHUR_SLUR,4,HUR,LUR,2025-01-15,2025-01-16,2,TSE,618.846923828125,600.5365600585938,600.83203125,599.8573608398438,599.9646606445312
M4_YHUR_SLUR,4,HUR,LUR,2025-01-15,2025-01-16,2,TSEC,40.070579528808594,39.992225646972656,39.995513916015625,40.07447052001953,40.04965591430664
M4_YHUR_SLUR,4,HUR,LUR,2025-01-15,2025-01-17,3,Yd,556.5162963867188,599.0977172851562,598.9197998046875,583.403076171875,595.1034545898438
M4_YHUR_SLUR,4,HUR,LUR,2025-01-15,2025-01-17,3,TSE,606.3734130859375,600.5365600585938,600.2079467773438,599.788330078125,600.1380615234375
M4_YHUR_SLUR,4,HUR,LUR,2025-01-15,2025-01-17,3,TSEC,40.29096221923828,39.992225646972656,39.99632263183594,40.05549240112305,40.05518341064453
M4_YHUR_SLUR,4,HUR,LUR,2025-01-16,2025-01-16,1,Yd,588.3233032226562,599.1663818359375,611.3709716796875,584.5164184570312,598.33740234375
M4_YHUR_SLUR,4,HUR,LUR,2025-01-16,2025-01-16,1,TSE,618.846923828125,600.5435791015625,600.690673828125,599.7589721679688,600.3419799804688
M4_YHUR_SLUR,4,HUR,LUR,2025-01-16,2025-01-16,1,TSEC,40.070579528808594,39.99170684814453,40.07011413574219,40.07527160644531,40.01154708862305
M4_YHUR_SLUR,4,HUR,LUR,2025-01-16,2025-01-17,2,Yd,556.5162963867188,599.1663818359375,598.6321411132812,581.1512451171875,596.501220703125
M4_YHUR_SLUR,4,HUR,LUR,2025-01-16,2025-01-17,2,TSE,606.3734130859375,600.5435791015625,601.03662109375,600.0759887695312,600.4996337890625
M4_YHUR_SLUR,4,HUR,LUR,2025-01-16,2025-01-17,2,TSEC,40.29096221923828,39.99170684814453,40.064945220947266,40.11585235595703,40.017486572265625
M4_YHUR_SLUR,4,HUR,LUR,2025-01-16,2025-01-18,3,Yd,506.61309814453125,599.1663818359375,601.3281860351562,574.0096435546875,596.01025390625
M4_YHUR_SLUR,4,HUR,LUR,2025-01-16,2025-01-18,3,TSE,600.373779296875,600.5435791015625,600.8269653320312,600.7242431640625,600.7134399414062
M4_YHUR_SLUR,4,HUR,LUR,2025-01-16,2025-01-18,3,TSEC,40.084983825683594,39.99170684814453,39.94720458984375,40.076995849609375,40.01112747192383
M4_YHUR_SLUR,4,HUR,LUR,2025-01-17,2025-01-17,1,Yd,556.5162963867188,599.15185546875,604.83447265625,586.1210327148438,596.1315307617188
M4_YHUR_SLUR,4,HUR,LUR,2025-01-17,2025-01-17,1,TSE,606.3734130859375,600.5679931640625,601.1192626953125,600.4873657226562,600.6835327148438
M4_YHUR_SLUR,4,HUR,LUR,2025-01-17,2025-01-17,1,TSEC,40.29096221923828,39.99181365966797,39.97810363769531,39.96887969970703,39.97704315185547
M4_YHUR_SLUR,4,HUR,LUR,2025-01-17,2025-01-18,2,Yd,506.61309814453125,599.15185546875,608.8922119140625,579.6470947265625,595.3239135742188
M4_YHUR_SLUR,4,HUR,LUR,2025-01-17,2025-01-18,2,TSE,600.373779296875,600.5679931640625,600.9358520507812,600.9500732421875,600.9754028320312
M4_YHUR_SLUR,4,HUR,LUR,2025-01-17,2025-01-18,2,TSEC,40.084983825683594,39.99181365966797,40.011592864990234,39.95074462890625,39.961647033691406
M4_YHUR_SLUR,4,HUR,LUR,2025-01-17,2025-01-19,3,Yd,614.7474365234375,599.15185546875,604.1544799804688,581.9203491210938,597.624755859375
M4_YHUR_SLUR,4,HUR,LUR,2025-01-17,2025-01-19,3,TSE,604.6868286132812,600.5679931640625,600.5729370117188,601.5054321289062,601.0707397460938
M4_YHUR_SLUR,4,HUR,LUR,2025-01-17,2025-01-19,3,TSEC,40.79083251953125,39.99181365966797,39.99618148803711,39.93610763549805,39.95043182373047
M4_YHUR_SLUR,4,HUR,LUR,2025-01-18,2025-01-18,1,Yd,506.61309814453125,599.0948486328125,608.8678588867188,580.7882690429688,596.3660278320312
M4_YHUR_SLUR,4,HUR,LUR,2025-01-18,2025-01-18,1,TSE,600.373779296875,600.5758056640625,601.150634765625,600.4723510742188,600.7616577148438
M4_YHUR_SLUR,4,HUR,LUR,2025-01-18,2025-01-18,1,TSEC,40.084983825683594,39.99221420288086,39.96635818481445,39.99774932861328,39.96382141113281
M4_YHUR_SLUR,4,HUR,LUR,2025-01-18,2025-01-19,2,Yd,614.7474365234375,599.0948486328125,605.1956176757812,583.1189575195312,597.0625
M4_YHUR_SLUR,4,HUR,LUR,2025-01-18,2025-01-19,2,TSE,604.6868286132812,600.5758056640625,602.2846069335938,601.0886840820312,600.8585815429688
M4_YHUR_SLUR,4,HUR,LUR,2025-01-18,2025-01-19,2,TSEC,40.79083251953125,39.99221420288086,39.99146270751953,39.99433898925781,39.952972412109375
M4_YHUR_SLUR,4,HUR,LUR,2025-01-18,2025-01-20,3,Yd,570.8451538085938,599.0948486328125,598.053466796875,578.8236694335938,596.9815673828125
M4_YHUR_SLUR,4,HUR,LUR,2025-01-18,2025-01-20,3,TSE,598.7301635742188,600.5758056640625,600.0023803710938,601.8905029296875,600.594970703125
M4_YHUR_SLUR,4,HUR,LUR,2025-01-18,2025-01-20,3,TSEC,40.459266662597656,39.99221420288086,40.04644012451172,40.003089904785156,39.94795227050781
M4_YHUR_SLUR,4,HUR,LUR,2025-01-19,2025-01-19,1,Yd,614.7474365234375,598.9713745117188,598.1444091796875,586.8787231445312,598.20703125
M4_YHUR_SLUR,4,HUR,LUR,2025-01-19,2025-01-19,1,TSE,604.6868286132812,600.5755004882812,600.583984375,600.3148803710938,600.4756469726562
M4_YHUR_SLUR,4,HUR,LUR,2025-01-19,2025-01-19,1,TSEC,40.79083251953125,39.992340087890625,40.001285552978516,40.019840240478516,39.97978973388672
M4_YHUR_SLUR,4,HUR,LUR,2025-01-19,2025-01-20,2,Yd,570.8451538085938,598.9713745117188,598.5970458984375,598.5023193359375,596.5203247070312
M4_YHUR_SLUR,4,HUR,LUR,2025-01-19,2025-01-20,2,TSE,598.7301635742188,600.5755004882812,600.8916015625,600.6813354492188,600.185302734375
M4_YHUR_SLUR,4,HUR,LUR,2025-01-19,2025-01-20,2,TSEC,40.459266662597656,39.992340087890625,39.99677658081055,40.06510925292969,39.982933044433594
M4_YHUR_SLUR,4,HUR,LUR,2025-01-19,2025-01-21,3,Yd,729.8865966796875,598.9713745117188,601.306884765625,608.056396484375,593.0221557617188
M4_YHUR_SLUR,4,HUR,LUR,2025-01-19,2025-01-21,3,TSE,603.9274291992188,600.5755004882812,600.1529541015625,600.2752685546875,599.7353515625
M4_YHUR_SLUR,4,HUR,LUR,2025-01-19,2025-01-21,3,TSEC,39.3668098449707,39.992340087890625,40.00477981567383,40.11435317993164,39.99889373779297
M4_YHUR_SLUR,4,HUR,LUR,2025-01-20,2025-01-20,1,Yd,570.8451538085938,598.992431640625,600.08544921875,581.741455078125,597.9689331054688
M4_YHUR_SLUR,4,HUR,LUR,2025-01-20,2025-01-20,1,TSE,598.7301635742188,600.5809936523438,600.45361328125,600.2504272460938,600.2720336914062
M4_YHUR_SLUR,4,HUR,LUR,2025-01-20,2025-01-20,1,TSEC,40.459266662597656,39.99340057373047,39.95942306518555,39.94464111328125,39.975345611572266
M4_YHUR_SLUR,4,HUR,LUR,2025-01-20,2025-01-21,2,Yd,729.8865966796875,598.992431640625,601.7162475585938,585.6863403320312,594.239501953125
M4_YHUR_SLUR,4,HUR,LUR,2025-01-20,2025-01-21,2,TSE,603.9274291992188,600.5809936523438,600.5874633789062,601.7935180664062,599.9069213867188
M4_YHUR_SLUR,4,HUR,LUR,2025-01-20,2025-01-21,2,TSEC,39.3668098449707,39.99340057373047,40.059814453125,40.02330780029297,39.98586654663086
M4_YHUR_SLUR,4,HUR,LUR,2025-01-20,2025-01-22,3,Yd,613.8067626953125,598.992431640625,602.8601684570312,585.86328125,589.83837890625
M4_YHUR_SLUR,4,HUR,LUR,2025-01-20,2025-01-22,3,TSE,590.0211181640625,600.5809936523438,600.4580078125,601.021240234375,599.6949462890625
M4_YHUR_SLUR,4,HUR,LUR,2025-01-20,2025-01-22,3,TSEC,40.22338104248047,39.99340057373047,40.00759506225586,40.031497955322266,40.00476837158203
M4_YHUR_SLUR,4,HUR,LUR,2025-01-21,2025-01-21,1,Yd,729.8865966796875,598.9549560546875,599.7723388671875,579.7210693359375,596.9761962890625
M4_YHUR_SLUR,4,HUR,LUR,2025-01-21,2025-01-21,1,TSE,603.9274291992188,600.5785522460938,603.0050048828125,600.649169921875,600.1541748046875
M4_YHUR_SLUR,4,HUR,LUR,2025-01-21,2025-01-21,1,TSEC,39.3668098449707,39.994022369384766,40.012760162353516,39.96017074584961,39.99455261230469
M4_YHUR_SLUR,4,HUR,LUR,2025-01-21,2025-01-22,2,Yd,613.8067626953125,598.9549560546875,602.9581298828125,586.8657836914062,592.8512573242188
M4_YHUR_SLUR,4,HUR,LUR,2025-01-21,2025-01-22,2,TSE,590.0211181640625,600.5785522460938,602.1220703125,601.7341918945312,599.9351806640625
M4_YHUR_SLUR,4,HUR,LUR,2025-01-21,2025-01-22,2,TSEC,40.22338104248047,39.994022369384766,40.00375747680664,40.025733947753906,40.01683044433594
M4_YHUR_SLUR,4,HUR,LUR,2025-01-21,2025-01-23,3,Yd,674.87353515625,598.9549560546875,596.6790161132812,592.280517578125,590.0602416992188
M4_YHUR_SLUR,4,HUR,LUR,2025-01-21,2025-01-23,3,TSE,597.5177001953125,600.5785522460938,601.8231201171875,600.1016235351562,599.8130493164062
M4_YHUR_SLUR,4,HUR,LUR,2025-01-21,2025-01-23,3,TSEC,39.81422805786133,39.994022369384766,40.074520111083984,40.01582336425781,40.035667419433594
M4_YHUR_SLUR,4,HUR,LUR,2025-01-22,2025-01-22,1,Yd,613.8067626953125,599.1290893554688,610.3085327148438,580.1477661132812,599.1363525390625
M4_YHUR_SLUR,4,HUR,LUR,2025-01-22,2025-01-22,1,TSE,590.0211181640625,600.5830078125,600.0975341796875,599.3693237304688,600.1622314453125
M4_YHUR_SLUR,4,HUR,LUR,2025-01-22,2025-01-22,1,TSEC,40.22338104248047,39.99319076538086,40.00554275512695,40.0856819152832,39.99620056152344
M4_YHUR_SLUR,4,HUR,LUR,2025-01-22,2025-01-23,2,Yd,674.87353515625,599.1290893554688,595.348388671875,574.3241577148438,597.2825927734375
M4_YHUR_SLUR,4,HUR,LUR,2025-01-22,2025-01-23,2,TSE,597.5177001953125,600.5830078125,600.465087890625,599.8230590820312,600.1346435546875
M4_YHUR_SLUR,4,HUR,LUR,2025-01-22,2025-01-23,2,TSEC,39.81422805786133,39.99319076538086,40.05567169189453,40.08064270019531,40.00432205200195
M4_YHUR_SLUR,4,HUR,LUR,2025-01-22,2025-01-24,3,Yd,661.4342651367188,599.1290893554688,611.0938720703125,571.8121948242188,594.9959106445312
M4_YHUR_SLUR,4,HUR,LUR,2025-01-22,2025-01-24,3,TSE,599.9280395507812,600.5830078125,599.8933715820312,600.392578125,600.4520874023438
M4_YHUR_SLUR,4,HUR,LUR,2025-01-22,2025-01-24,3,TSEC,39.89411163330078,39.99319076538086,40.07561111450195,40.01473617553711,39.991241455078125
M4_YHUR_SLUR,4,HUR,LUR,2025-01-23,2025-01-23,1,Yd,674.87353515625,599.1485595703125,595.50146484375,598.0571899414062,597.5360107421875
M4_YHUR_SLUR,4,HUR,LUR,2025-01-23,2025-01-23,1,TSE,597.5177001953125,600.5689697265625,599.5608520507812,600.5715942382812,600.410888671875
M4_YHUR_SLUR,4,HUR,LUR,2025-01-23,2025-01-23,1,TSEC,39.81422805786133,39.99349594116211,39.98406982421875,39.98771667480469,40.003562927246094
M4_YHUR_SLUR,4,HUR,LUR,2025-01-23,2025-01-24,2,Yd,661.4342651367188,599.1485595703125,611.0126953125,588.4378662109375,594.9766845703125
M4_YHUR_SLUR,4,HUR,LUR,2025-01-23,2025-01-24,2,TSE,599.9280395507812,600.5689697265625,600.0828247070312,600.07666015625,600.656494140625
M4_YHUR_SLUR,4,HUR,LUR,2025-01-23,2025-01-24,2,TSEC,39.89411163330078,39.99349594116211,39.96893310546875,40.00192642211914,40.00469207763672
M4_YHUR_SLUR,4,HUR,LUR,2025-01-23,2025-01-25,3,Yd,546.2658081054688,599.1485595703125,614.3900146484375,591.0975952148438,594.13330078125
M4_YHUR_SLUR,4,HUR,LUR,2025-01-23,2025-01-25,3,TSE,600.345703125,600.5689697265625,600.7650146484375,600.7893676757812,600.92724609375
M4_YHUR_SLUR,4,HUR,LUR,2025-01-23,2025-01-25,3,TSEC,39.7946891784668,39.99349594116211,40.028343200683594,39.99323654174805,39.99057388305664
M4_YHUR_SLUR,4,HUR,LUR,2025-01-24,2025-01-24,1,Yd,661.4342651367188,599.2490234375,615.1529541015625,589.7657470703125,595.2786865234375
M4_YHUR_SLUR,4,HUR,LUR,2025-01-24,2025-01-24,1,TSE,599.9280395507812,600.56494140625,599.8309326171875,601.4934692382812,600.6860961914062
M4_YHUR_SLUR,4,HUR,LUR,2025-01-24,2025-01-24,1,TSEC,39.89411163330078,39.99325942993164,39.995792388916016,40.07184982299805,39.98527145385742
M4_YHUR_SLUR,4,HUR,LUR,2025-01-24,2025-01-25,2,Yd,546.2658081054688,599.2490234375,614.0636596679688,582.0426025390625,593.7298583984375
M4_YHUR_SLUR,4,HUR,LUR,2025-01-24,2025-01-25,2,TSE,600.345703125,600.56494140625,600.7050170898438,601.1028442382812,600.9790649414062
M4_YHUR_SLUR,4,HUR,LUR,2025-01-24,2025-01-25,2,TSEC,39.7946891784668,39.99325942993164,40.02724075317383,40.01456069946289,39.97429656982422
M4_YHUR_SLUR,4,HUR,LUR,2025-01-24,2025-01-26,3,Yd,636.8942260742188,599.2490234375,605.3399658203125,577.6964111328125,595.7896118164062
M4_YHUR_SLUR,4,HUR,LUR,2025-01-24,2025-01-26,3,TSE,601.8767700195312,600.56494140625,601.7842407226562,600.7081909179688,601.1010131835938
M4_YHUR_SLUR,4,HUR,LUR,2025-01-24,2025-01-26,3,TSEC,40.76222229003906,39.99325942993164,40.00265121459961,39.94460678100586,39.965599060058594
M4_YHUR_SLUR,4,HUR,LUR,2025-01-25,2025-01-25,1,Yd,546.2658081054688,599.3313598632812,616.83349609375,580.31396484375,595.6907348632812
M4_YHUR_SLUR,4,HUR,LUR,2025-01-25,2025-01-25,1,TSE,600.345703125,600.5640869140625,600.6234741210938,601.1839599609375,600.7618408203125
M4_YHUR_SLUR,4,HUR,LUR,2025-01-25,2025-01-25,1,TSEC,39.7946891784668,39.993125915527344,39.93907928466797,39.97450256347656,39.966861724853516
M4_YHUR_SLUR,4,HUR,LUR,2025-01-25,2025-01-26,2,Yd,636.8942260742188,599.3313598632812,605.07275390625,585.4329223632812,596.5779418945312
M4_YHUR_SLUR,4,HUR,LUR,2025-01-25,2025-01-26,2,TSE,601.8767700195312,600.5640869140625,600.9099731445312,601.8533325195312,600.9636840820312
M4_YHUR_SLUR,4,HUR,LUR,2025-01-25,2025-01-26,2,TSEC,40.76222229003906,39.993125915527344,40.03425598144531,39.998722076416016,39.956424713134766
M4_YHUR_SLUR,4,HUR,LUR,2025-01-25,2025-01-27,3,Yd,480.8125915527344,599.3313598632812,601.25,587.3063354492188,597.8140258789062
M4_YHUR_SLUR,4,HUR,LUR,2025-01-25,2025-01-27,3,TSE,603.3900756835938,600.5640869140625,600.9219360351562,602.4564819335938,600.7797241210938
M4_YHUR_SLUR,4,HUR,LUR,2025-01-25,2025-01-27,3,TSEC,40.04005813598633,39.993125915527344,40.00706100463867,40.0135612487793,39.96018600463867
M4_YHUR_SLUR,4,HUR,LUR,2025-01-26,2025-01-26,1,Yd,636.8942260742188,599.2611694335938,601.1309814453125,595.2818603515625,598.1941528320312
M4_YHUR_SLUR,4,HUR,LUR,2025-01-26,2025-01-26,1,TSE,601.8767700195312,600.5638427734375,601.6444702148438,600.0317993164062,600.5513305664062
M4_YHUR_SLUR,4,HUR,LUR,2025-01-26,2025-01-26,1,TSEC,40.76222229003906,39.992862701416016,39.97245407104492,40.01152801513672,39.98161697387695
M4_YHUR_SLUR,4,HUR,LUR,2025-01-26,2025-01-27,2,Yd,480.8125915527344,599.2611694335938,602.2686157226562,602.0448608398438,596.8872680664062
M4_YHUR_SLUR,4,HUR,LUR,2025-01-26,2025-01-27,2,TSE,603.3900756835938,600.5638427734375,599.8479614257812,600.1251831054688,600.3525390625
M4_YHUR_SLUR,4,HUR,LUR,2025-01-26,2025-01-27,2,TSEC,40.04005813598633,39.992862701416016,39.93183135986328,40.09224319458008,39.98862075805664
M4_YHUR_SLUR,4,HUR,LUR,2025-01-26,2025-01-28,3,Yd,633.4008178710938,599.2611694335938,598.7066650390625,599.2921142578125,594.2485961914062
M4_YHUR_SLUR,4,HUR,LUR,2025-01-26,2025-01-28,3,TSE,602.9776000976562,600.5638427734375,601.5936279296875,599.55712890625,599.8743896484375
M4_YHUR_SLUR,4,HUR,LUR,2025-01-26,2025-01-28,3,TSEC,40.338951110839844,39.992862701416016,40.066429138183594,40.087284088134766,40.00796890258789
M4_YHUR_SLUR,4,HUR,LUR,2025-01-27,2025-01-27,1,Yd,480.8125915527344,599.3108520507812,604.1625366210938,588.54443359375,598.2807006835938
M4_YHUR_SLUR,4,HUR,LUR,2025-01-27,2025-01-27,1,TSE,603.3900756835938,600.5655517578125,599.818359375,600.5428466796875,600.2715454101562
M4_YHUR_SLUR,4,HUR,LUR,2025-01-27,2025-01-27,1,TSEC,40.04005813598633,39.99388122558594,39.99181365966797,39.95002365112305,39.98282241821289
M4_YHUR_SLUR,4,HUR,LUR,2025-01-27,2025-01-28,2,Yd,633.4008178710938,599.3108520507812,598.3206787109375,588.5443725585938,595.0426635742188
M4_YHUR_SLUR,4,HUR,LUR,2025-01-27,2025-01-28,2,TSE,602.9776000976562,600.5655517578125,601.6516723632812,601.4296264648438,599.874755859375
M4_YHUR_SLUR,4,HUR,LUR,2025-01-27,2025-01-28,2,TSEC,40.338951110839844,39.99388122558594,39.995574951171875,40.047176361083984,39.99672317504883
M4_YHUR_SLUR,4,HUR,LUR,2025-01-27,2025-01-29,3,Yd,663.7426147460938,599.3108520507812,604.5553588867188,596.93994140625,592.0053100585938
M4_YHUR_SLUR,4,HUR,LUR,2025-01-27,2025-01-29,3,TSE,584.0053100585938,600.5655517578125,600.973876953125,600.6692504882812,599.583740234375
M4_YHUR_SLUR,4,HUR,LUR,2025-01-27,2025-01-29,3,TSEC,40.50772476196289,39.99388122558594,39.98792266845703,40.01280212402344,40.02157974243164
M4_YHUR_SLUR,4,HUR,LUR,2025-01-28,2025-01-28,1,Yd,633.4008178710938,599.154541015625,605.5055541992188,580.6947631835938,597.1856079101562
M4_YHUR_SLUR,4,HUR,LUR,2025-01-28,2025-01-28,1,TSE,602.9776000976562,600.5692749023438,601.98095703125,600.1567993164062,600.1151733398438
M4_YHUR_SLUR,4,HUR,LUR,2025-01-28,2025-01-28,1,TSEC,40.338951110839844,39.99394226074219,39.93732833862305,40.0452766418457,40.005794525146484
M4_YHUR_SLUR,4,HUR,LUR,2025-01-28,2025-01-29,2,Yd,663.7426147460938,599.154541015625,600.3876342773438,590.9281616210938,594.0166015625
M4_YHUR_SLUR,4,HUR,LUR,2025-01-28,2025-01-29,2,TSE,584.0053100585938,600.5692749023438,600.9625854492188,601.5575561523438,599.9093017578125
M4_YHUR_SLUR,4,HUR,LUR,2025-01-28,2025-01-29,2,TSEC,40.50772476196289,39.99394226074219,40.01266860961914,40.0911865234375,40.03339767456055
M4_YHUR_SLUR,4,HUR,LUR,2025-01-28,2025-01-30,3,Yd,619.8621826171875,599.154541015625,601.0882568359375,598.13818359375,592.064697265625
M4_YHUR_SLUR,4,HUR,LUR,2025-01-28,2025-01-30,3,TSE,605.9584350585938,600.5692749023438,600.3118896484375,599.6173706054688,599.8666381835938
M4_YHUR_SLUR,4,HUR,LUR,2025-01-28,2025-01-30,3,TSEC,39.61246109008789,39.99394226074219,40.0270881652832,40.10356521606445,40.05625534057617
M4_YHUR_SLUR,4,HUR,LUR,2025-01-29,2025-01-29,1,Yd,663.7426147460938,599.1996459960938,607.6636352539062,584.4359130859375,597.510009765625
M4_YHUR_SLUR,4,HUR,LUR,2025-01-29,2025-01-29,1,TSE,584.0053100585938,600.5724487304688,600.9481811523438,600.1668090820312,600.2156982421875
M4_YHUR_SLUR,4,HUR,LUR,2025-01-29,2025-01-29,1,TSEC,40.50772476196289,39.9943962097168,39.995018005371094,40.08326721191406,40.01152801513672
M4_YHUR_SLUR,4,HUR,LUR,2025-01-29,2025-01-30,2,Yd,619.8621826171875,599.1996459960938,595.105712890625,582.8255615234375,594.7163696289062
M4_YHUR_SLUR,4,HUR,LUR,2025-01-29,2025-01-30,2,TSE,605.9584350585938,600.5724487304688,600.3049926757812,600.8477172851562,600.1840209960938
M4_YHUR_SLUR,4,HUR,LUR,2025-01-29,2025-01-30,2,TSEC,39.61246109008789,39.9943962097168,39.99652099609375,40.098873138427734,40.03315353393555
M4_YHUR_SLUR,4,HUR,LUR,2025-01-29,2025-01-31,3,Yd,655.5548095703125,599.1996459960938,608.5866088867188,590.894775390625,592.0260009765625
M4_YHUR_SLUR,4,HUR,LUR,2025-01-29,2025-01-31,3,TSE,606.55615234375,600.5724487304688,599.700927734375,600.7228393554688,600.4497680664062
M4_YHUR_SLUR,4,HUR,LUR,2025-01-29,2025-01-31,3,TSEC,40.6475944519043,39.9943962097168,39.99226379394531,40.08800506591797,40.040321350097656
M4_YHUR_SLUR,4,HUR,LUR,2025-01-30,2025-01-30,1,Yd,619.8621826171875,599.2846069335938,613.6668090820312,581.677001953125,596.718505859375
M4_YHUR_SLUR,4,HUR,LUR,2025-01-30,2025-01-30,1,TSE,605.9584350585938,600.5505981445312,600.4323120117188,599.6724243164062,600.452392578125
M4_YHUR_SLUR,4,HUR,LUR,2025-01-30,2025-01-30,1,TSEC,39.61246109008789,39.99507141113281,39.99105453491211,40.044795989990234,40.01948928833008
M4_YHUR_SLUR,4,HUR,LUR,2025-01-30,2025-01-31,2,Yd,655.5548095703125,599.2846069335938,592.08837890625,578.6932373046875,593.5785522460938
M4_YHUR_SLUR,4,HUR,LUR,2025-01-30,2025-01-31,2,TSE,606.55615234375,600.5505981445312,601.7098999023438,600.6605834960938,600.6719360351562
M4_YHUR_SLUR,4,HUR,LUR,2025-01-30,2025-01-31,2,TSEC,40.6475944519043,39.99507141113281,39.9808349609375,40.09077453613281,40.034515380859375
M4_YHUR_SLUR,4,HUR,LUR,2025-01-30,2025-02-01,3,Yd,587.8154907226562,599.2846069335938,593.010986328125,593.3153076171875,591.7805786132812
M4_YHUR_SLUR,4,HUR,LUR,2025-01-30,2025-02-01,3,TSE,593.8175659179688,600.5505981445312,600.6115112304688,599.0604858398438,600.8756713867188
M4_YHUR_SLUR,4,HUR,LUR,2025-01-30,2025-02-01,3,TSEC,40.3018798828125,39.99507141113281,40.02284240722656,40.08985137939453,40.02959442138672
M4_YHUR_SLUR,4,HUR,LUR,2025-01-31,2025-01-31,1,Yd,655.5548095703125,599.3116455078125,607.1546020507812,581.93896484375,594.6547241210938
M4_YHUR_SLUR,4,HUR,LUR,2025-01-31,2025-01-31,1,TSE,606.55615234375,600.5577392578125,600.630859375,601.3067016601562,600.593017578125
M4_YHUR_SLUR,4,HUR,LUR,2025-01-31,2025-01-31,1,TSEC,40.6475944519043,39.99456787109375,40.01797866821289,40.0458869934082,40.00404739379883
M4_YHUR_SLUR,4,HUR,LUR,2025-01-31,2025-02-01,2,Yd,587.8154907226562,599.3116455078125,614.928466796875,585.5257568359375,592.6238403320312
M4_YHUR_SLUR,4,HUR,LUR,2025-01-31,2025-02-01,2,TSE,593.8175659179688,600.5577392578125,600.4002685546875,601.8388061523438,600.800048828125
M4_YHUR_SLUR,4,HUR,LUR,2025-01-31,2025-02-01,2,TSEC,40.3018798828125,39.99456787109375,40.013431549072266,40.09893798828125,40.009910583496094
M4_YHUR_SLUR,4,HUR,LUR,2025-01-31,2025-02-02,3,Yd,560.32958984375,599.3116455078125,604.231689453125,586.0748901367188,593.3580322265625
M4_YHUR_SLUR,4,HUR,LUR,2025-01-31,2025-02-02,3,TSE,610.7120971679688,600.5577392578125,601.0318603515625,601.1550903320312,600.9161376953125
M4_YHUR_SLUR,4,HUR,LUR,2025-01-31,2025-02-02,3,TSEC,39.6400260925293,39.99456787109375,40.01668930053711,40.0717658996582,40.007083892822266
M4_YHUR_SLUR,4,HUR,LUR,2025-02-01,2025-02-01,1,Yd,587.8154907226562,599.3854370117188,600.4857788085938,602.1472778320312,594.6631469726562
M4_YHUR_SLUR,4,HUR,LUR,2025-02-01,2025-02-01,1,TSE,593.8175659179688,600.5656127929688,600.6944580078125,600.0628662109375,600.824462890625
M4_YHUR_SLUR,4,HUR,LUR,2025-02-01,2025-02-01,1,TSEC,40.3018798828125,39.995426177978516,39.930782318115234,39.971561431884766,39.96800994873047
M4_YHUR_SLUR,4,HUR,LUR,2025-02-01,2025-02-02,2,Yd,560.32958984375,599.3854370117188,603.5233154296875,586.5523071289062,594.8218994140625
M4_YHUR_SLUR,4,HUR,LUR,2025-02-01,2025-02-02,2,TSE,610.7120971679688,600.5656127929688,601.5509033203125,600.0520629882812,600.9998779296875
M4_YHUR_SLUR,4,HUR,LUR,2025-02-01,2025-02-02,2,TSEC,39.6400260925293,39.995426177978516,40.071434020996094,39.95621109008789,39.963470458984375
M4_YHUR_SLUR,4,HUR,LUR,2025-02-01,2025-02-03,3,Yd,670.2442626953125,599.3854370117188,603.327880859375,592.4718627929688,594.5464477539062
M4_YHUR_SLUR,4,HUR,LUR,2025-02-01,2025-02-03,3,TSE,599.6480102539062,600.5656127929688,599.5579223632812,601.0841064453125,600.7578125
M4_YHUR_SLUR,4,HUR,LUR,2025-02-01,2025-02-03,3,TSEC,40.02983474731445,39.995426177978516,40.00777816772461,39.99336242675781,39.9696044921875
M4_YHUR_SLUR,4,HUR,LUR,2025-02-02,2025-02-02,1,Yd,560.32958984375,599.3702392578125,602.9395141601562,587.0537719726562,597.2871704101562
M4_YHUR_SLUR,4,HUR,LUR,2025-02-02,2025-02-02,1,TSE,610.7120971679688,600.5567626953125,600.4332885742188,601.0558471679688,600.5858154296875
M4_YHUR_SLUR,4,HUR,LUR,2025-02-02,2025-02-02,1,TSEC,39.6400260925293,39.995826721191406,40.11525344848633,39.96821212768555,39.98619842529297
M4_YHUR_SLUR,4,HUR,LUR,2025-02-02,2025-02-03,2,Yd,670.2442626953125,599.3702392578125,603.566162109375,598.9081420898438,594.8037109375
M4_YHUR_SLUR,4,HUR,LUR,2025-02-02,2025-02-03,2,TSE,599.6480102539062,600.5567626953125,600.3464965820312,601.2548828125,600.3365478515625
M4_YHUR_SLUR,4,HUR,LUR,2025-02-02,2025-02-03,2,TSEC,40.02983474731445,39.995826721191406,40.13639450073242,40.0755500793457,39.998992919921875
M4_YHUR_SLUR,4,HUR,LUR,2025-02-02,2025-02-04,3,Yd,508.6702880859375,599.3702392578125,603.4929809570312,601.5319213867188,591.61279296875
M4_YHUR_SLUR,4,HUR,LUR,2025-02-02,2025-02-04,3,TSE,597.0972290039062,600.5567626953125,600.396240234375,600.4947509765625,599.8634643554688
M4_YHUR_SLUR,4,HUR,LUR,2025-02-02,2025-02-04,3,TSEC,39.665435791015625,39.995826721191406,39.9239387512207,40.077613830566406,40.02238845825195
M4_YHUR_SLUR,4,HUR,LUR,2025-02-03,2025-02-03,1,Yd,670.2442626953125,599.3191528320312,601.5617065429688,593.70361328125,597.781005859375
M4_YHUR_SLUR,4,HUR,LUR,2025-02-03,2025-02-03,1,TSE,599.6480102539062,600.5700073242188,600.181396484375,601.0700073242188,600.2296752929688
M4_YHUR_SLUR,4,HUR,LUR,2025-02-03,2025-02-03,1,TSEC,40.02983474731445,39.995361328125,40.011802673339844,40.02830123901367,39.99128723144531
M4_YHUR_SLUR,4,HUR,LUR,2025-02-03,2025-02-04,2,Yd,508.6702880859375,599.3191528320312,604.2261352539062,591.9091796875,594.0538330078125
M4_YHUR_SLUR,4,HUR,LUR,2025-02-03,2025-02-04,2,TSE,597.0972290039062,600.5700073242188,601.3153076171875,601.531494140625,599.8320922851562
M4_YHUR_SLUR,4,HUR,LUR,2025-02-03,2025-02-04,2,TSEC,39.665435791015625,39.995361328125,40.07558059692383,40.11848831176758,40.010581970214844
M4_YHUR_SLUR,4,HUR,LUR,2025-02-03,2025-02-05,3,Yd,561.9927368164062,599.3191528320312,604.30712890625,601.150634765625,590.0812377929688
M4_YHUR_SLUR,4,HUR,LUR,2025-02-03,2025-02-05,3,TSE,597.5575561523438,600.5700073242188,602.650146484375,600.494384765625,599.5302124023438
M4_YHUR_SLUR,4,HUR,LUR,2025-02-03,2025-02-05,3,TSEC,39.88178253173828,39.995361328125,40.04609298706055,40.073158264160156,40.03565979003906
M4_YHUR_SLUR,4,HUR,LUR,2025-02-04,2025-02-04,1,Yd,508.6702880859375,599.411865234375,602.6307983398438,588.5037231445312,598.0663452148438
M4_YHUR_SLUR,4,HUR,LUR,2025-02-04,2025-02-04,1,TSE,597.0972290039062,600.56884765625,599.966552734375,599.6611938476562,600.0947875976562
M4_YHUR_SLUR,4,HUR,LUR,2025-02-04,2025-02-04,1,TSEC,39.665435791015625,39.99540710449219,39.98906326293945,39.983150482177734,39.99624252319336
M4_YHUR_SLUR,4,HUR,LUR,2025-02-04,2025-02-05,2,Yd,561.9927368164062,599.411865234375,601.62255859375,598.4644165039062,595.3810424804688
M4_YHUR_SLUR,4,HUR,LUR,2025-02-04,2025-02-05,2,TSE,597.5575561523438,600.56884765625,601.082275390625,601.3145751953125,599.8013305664062
M4_YHUR_SLUR,4,HUR,LUR,2025-02-04,2025-02-05,2,TSEC,39.88178253173828,39.99540710449219,40.01313400268555,40.07037353515625,40.02067184448242
M4_YHUR_SLUR,4,HUR,LUR,2025-02-04,2025-02-06,3,Yd,565.3624267578125,599.411865234375,612.6588745117188,587.5071411132812,591.807861328125
M4_YHUR_SLUR,4,HUR,LUR,2025-02-04,2025-02-06,3,TSE,600.4548950195312,600.56884765625,600.5828247070312,600.26611328125,599.8837280273438
M4_YHUR_SLUR,4,HUR,LUR,2025-02-04,2025-02-06,3,TSEC,40.12996292114258,39.99540710449219,40.05647659301758,40.03622817993164,40.03584289550781
M4_YHUR_SLUR,4,HUR,LUR,2025-02-05,2025-02-05,1,Yd,561.9927368164062,599.2933959960938,596.0380859375,592.4893798828125,597.6681518554688
M4_YHUR_SLUR,4,HUR,LUR,2025-02-05,2025-02-05,1,TSE,597.5575561523438,600.5642700195312,601.043701171875,599.1311645507812,600.135498046875
M4_YHUR_SLUR,4,HUR,LUR,2025-02-05,2025-02-05,1,TSEC,39.88178253173828,39.99497604370117,40.01837921142578,40.02586364746094,40.02135467529297
M4_YHUR_SLUR,4,HUR,LUR,2025-02-05,2025-02-06,2,Yd,565.3624267578125,599.2933959960938,598.0659790039062,590.672119140625,595.2730102539062
M4_YHUR_SLUR,4,HUR,LUR,2025-02-05,2025-02-06,2,TSE,600.4548950195312,600.5642700195312,600.6634521484375,600.6554565429688,600.0598754882812
M4_YHUR_SLUR,4,HUR,LUR,2025-02-05,2025-02-06,2,TSEC,40.12996292114258,39.99497604370117,40.046958923339844,40.10538864135742,40.05261993408203
M4_YHUR_SLUR,4,HUR,LUR,2025-02-05,2025-02-07,3,Yd,652.2874755859375,599.2933959960938,605.0391235351562,610.2466430664062,592.5739135742188
M4_YHUR_SLUR,4,HUR,LUR,2025-02-05,2025-02-07,3,TSE,589.9112548828125,600.5642700195312,601.425537109375,599.3275756835938,600.141357421875
M4_YHUR_SLUR,4,HUR,LUR,2025-02-05,2025-02-07,3,TSEC,39.71058654785156,39.99497604370117,40.084266662597656,40.07286071777344,40.0756950378418
M4_YHUR_SLUR,4,HUR,LUR,2025-02-06,2025-02-06,1,Yd,565.3624267578125,599.2448120117188,612.7282104492188,580.5526123046875,596.673828125
M4_YHUR_SLUR,4,HUR,LUR,2025-02-06,2025-02-06,1,TSE,600.4548950195312,600.5603637695312,599.3361206054688,599.8550415039062,600.310546875
M4_YHUR_SLUR,4,HUR,LUR,2025-02-06,2025-02-06,1,TSEC,40.12996292114258,39.99482727050781,40.04910659790039,40.05959701538086,40.03166961669922
M4_YHUR_SLUR,4,HUR,LUR,2025-02-06,2025-02-07,2,Yd,652.2874755859375,599.2448120117188,599.5667114257812,575.709228515625,592.9959106445312
M4_YHUR_SLUR,4,HUR,LUR,2025-02-06,2025-02-07,2,TSE,589.9112548828125,600.5603637695312,599.2528686523438,599.6734008789062,600.2833862304688
M4_YHUR_SLUR,4,HUR,LUR,2025-02-06,2025-02-07,2,TSEC,39.71058654785156,39.99482727050781,40.08072280883789,40.05725860595703,40.06487274169922
M4_YHUR_SLUR,4,HUR,LUR,2025-02-06,2025-02-08,3,Yd,601.8222045898438,599.2448120117188,600.2590942382812,575.21435546875,590.24853515625
M4_YHUR_SLUR,4,HUR,LUR,2025-02-06,2025-02-08,3,TSE,593.4703979492188,600.5603637695312,601.3124389648438,599.8773193359375,600.3211669921875
M4_YHUR_SLUR,4,HUR,LUR,2025-02-06,2025-02-08,3,TSEC,39.98001480102539,39.99482727050781,39.951629638671875,40.09031295776367,40.08395004272461
M4_YHUR_SLUR,4,HUR,LUR,2025-02-07,2025-02-07,1,Yd,652.2874755859375,599.20068359375,603.7606811523438,581.6661987304688,594.4146728515625
M4_YHUR_SLUR,4,HUR,LUR,2025-02-07,2025-02-07,1,TSE,589.9112548828125,600.5602416992188,599.4972534179688,599.9340209960938,600.4298706054688
M4_YHUR_SLUR,4,HUR,LUR,2025-02-07,2025-02-07,1,TSEC,39.71058654785156,39.9950065612793,40.00868225097656,40.078330993652344,40.030086517333984
M4_YHUR_SLUR,4,HUR,LUR,2025-02-07,2025-02-08,2,Yd,601.8222045898438,599.20068359375,618.7552490234375,587.1300048828125,590.96142578125
M4_YHUR_SLUR,4,HUR,LUR,2025-02-07,2025-02-08,2,TSE,593.4703979492188,600.5602416992188,601.0764770507812,599.7880859375,600.4926147460938
M4_YHUR_SLUR,4,HUR,LUR,2025-02-07,2025-02-08,2,TSEC,39.98001480102539,39.9950065612793,40.04676818847656,40.09328842163086,40.0552864074707
M4_YHUR_SLUR,4,HUR,LUR,2025-02-07,2025-02-09,3,Yd,569.61962890625,599.20068359375,603.9041137695312,574.6624755859375,590.552978515625
M4_YHUR_SLUR,4,HUR,LUR,2025-02-07,2025-02-09,3,TSE,601.0721435546875,600.5602416992188,600.5368041992188,600.1842651367188,600.4984741210938
M4_YHUR_SLUR,4,HUR,LUR,2025-02-07,2025-02-09,3,TSEC,40.37543869018555,39.9950065612793,40.019752502441406,40.10272979736328,40.06353759765625
M4_YHUR_SLUR,4,HUR,LUR,2025-02-08,2025-02-08,1,Yd,601.8222045898438,599.2697143554688,621.869140625,588.4371948242188,594.6909790039062
M4_YHUR_SLUR,4,HUR,LUR,2025-02-08,2025-02-08,1,TSE,593.4703979492188,600.54638671875,599.2672729492188,599.8634643554688,600.430908203125
M4_YHUR_SLUR,4,HUR,LUR,2025-02-08,2025-02-08,1,TSEC,39.98001480102539,39.99463653564453,39.959007263183594,40.05109786987305,40.02289581298828
M4_YHUR_SLUR,4,HUR,LUR,2025-02-08,2025-02-09,2,Yd,569.61962890625,599.2697143554688,603.72412109375,593.45361328125,592.7296142578125
M4_YHUR_SLUR,4,HUR,LUR,2025-02-08,2025-02-09,2,TSE,601.0721435546875,600.54638671875,599.4267578125,599.0283203125,600.3904418945312
M4_YHUR_SLUR,4,HUR,LUR,2025-02-08,2025-02-09,2,TSEC,40.37543869018555,39.99463653564453,40.03288650512695,40.01578903198242,40.04522705078125
M4_YHUR_SLUR,4,HUR,LUR,2025-02-08,2025-02-10,3,Yd,535.6290283203125,599.2697143554688,603.365234375,584.5709838867188,591.8327026367188
M4_YHUR_SLUR,4,HUR,LUR,2025-02-08,2025-02-10,3,TSE,596.2939453125,600.54638671875,598.7089233398438,598.85791015625,600.16162109375
M4_YHUR_SLUR,4,HUR,LUR,2025-02-08,2025-02-10,3,TSEC,39.819549560546875,39.99463653564453,40.014427185058594,40.010555267333984,40.068973541259766
M4_YHUR_SLUR,4,HUR,LUR,2025-02-09,2025-02-09,1,Yd,569.61962890625,599.2730102539062,602.4072265625,598.2449340820312,596.2049560546875
M4_YHUR_SLUR,4,HUR,LUR,2025-02-09,2025-02-09,1,TSE,601.0721435546875,600.5372314453125,600.2769775390625,600.8115844726562,600.3732299804688
M4_YHUR_SLUR,4,HUR,LUR,2025-02-09,2025-02-09,1,TSEC,40.37543869018555,39.9946174621582,39.95354461669922,39.957611083984375,40.015018463134766
M4_YHUR_SLUR,4,HUR,LUR,2025-02-09,2025-02-10,2,Yd,535.6290283203125,599.2730102539062,603.2194213867188,596.238525390625,594.3492431640625
M4_YHUR_SLUR,4,HUR,LUR,2025-02-09,2025-02-10,2,TSE,596.2939453125,600.5372314453125,599.4931030273438,600.9556884765625,600.1746826171875
M4_YHUR_SLUR,4,HUR,LUR,2025-02-09,2025-02-10,2,TSEC,39.819549560546875,39.9946174621582,39.9239501953125,40.04633712768555,40.043495178222656
M4_YHUR_SLUR,4,HUR,LUR,2025-02-09,2025-02-11,3,Yd,576.0533447265625,599.2730102539062,601.2141723632812,600.62841796875,592.3323364257812
M4_YHUR_SLUR,4,HUR,LUR,2025-02-09,2025-02-11,3,TSE,599.6651000976562,600.5372314453125,601.3060913085938,600.3270263671875,599.785888671875
M4_YHUR_SLUR,4,HUR,LUR,2025-02-09,2025-02-11,3,TSEC,39.96432876586914,39.9946174621582,40.137367248535156,40.02088928222656,40.07086181640625
M4_YHUR_SLUR,4,HUR,LUR,2025-02-10,2025-02-10,1,Yd,535.6290283203125,599.2345581054688,601.4464721679688,588.6766357421875,596.905029296875
M4_YHUR_SLUR,4,HUR,LUR,2025-02-10,2025-02-10,1,TSE,596.2939453125,600.5379028320312,598.5447998046875,600.4248657226562,600.1676025390625
M4_YHUR_SLUR,4,HUR,LUR,2025-02-10,2025-02-10,1,TSEC,39.819549560546875,39.99510955810547,39.95087432861328,39.974815368652344,40.016841888427734
M4_YHUR_SLUR,4,HUR,LUR,2025-02-10,2025-02-11,2,Yd,576.0533447265625,599.2345581054688,601.3511962890625,593.5283813476562,593.7562866210938
M4_YHUR_SLUR,4,HUR,LUR,2025-02-10,2025-02-11,2,TSE,599.6651000976562,600.5379028320312,599.3090209960938,600.3297119140625,599.8234252929688
M4_YHUR_SLUR,4,HUR,LUR,2025-02-10,2025-02-11,2,TSEC,39.96432876586914,39.99510955810547,40.05738067626953,40.07821273803711,40.04700469970703
M4_YHUR_SLUR,4,HUR,LUR,2025-02-10,2025-02-12,3,Yd,615.2029418945312,599.2345581054688,602.045166015625,589.2178955078125,591.5660400390625
M4_YHUR_SLUR,4,HUR,LUR,2025-02-10,2025-02-12,3,TSE,604.7775268554688,600.5379028320312,599.6638793945312,599.4874877929688,599.647216796875
M4_YHUR_SLUR,4,HUR,LUR,2025-02-10,2025-02-12,3,TSEC,40.51474380493164,39.99510955810547,39.98924255371094,40.03200149536133,40.07395553588867
M4_YHUR_SLUR,4,HUR,LUR,2025-02-11,2025-02-11,1,Yd,576.0533447265625,599.1521606445312,599.2039184570312,599.79931640625,597.7412109375
M4_YHUR_SLUR,4,HUR,LUR,2025-02-11,2025-02-11,1,TSE,599.6651000976562,600.5324096679688,600.8961791992188,600.0127563476562,600.0804443359375
M4_YHUR_SLUR,4,HUR,LUR,2025-02-11,2025-02-11,1,TSEC,39.96432876586914,39.99488067626953,40.09428024291992,40.10797119140625,40.02595520019531
M4_YHUR_SLUR,4,HUR,LUR,2025-02-11,2025-02-12,2,Yd,615.2029418945312,599.1521606445312,602.2704467773438,592.6653442382812,595.8382568359375
M4_YHUR_SLUR,4,HUR,LUR,2025-02-11,2025-02-12,2,TSE,604.7775268554688,600.5324096679688,601.6890869140625,600.7228393554688,599.8692016601562
M4_YHUR_SLUR,4,HUR,LUR,2025-02-11,2025-02-12,2,TSEC,40.51474380493164,39.99488067626953,40.0264778137207,40.14228820800781,40.06279373168945
M4_YHUR_SLUR,4,HUR,LUR,2025-02-11,2025-02-13,3,Yd,558.213623046875,599.1521606445312,611.5155029296875,595.3505249023438,594.2589721679688
M4_YHUR_SLUR,4,HUR,LUR,2025-02-11,2025-02-13,3,TSE,596.9675903320312,600.5324096679688,599.0123291015625,599.8704833984375,599.8582763671875
M4_YHUR_SLUR,4,HUR,LUR,2025-02-11,2025-02-13,3,TSEC,39.687557220458984,39.99488067626953,40.033905029296875,40.121124267578125,40.08985900878906
M4_YHUR_SLUR,4,HUR,LUR,2025-02-12,2025-02-12,1,Yd,615.2029418945312,599.122314453125,610.036376953125,593.9454345703125,598.0594482421875
M4_YHUR_SLUR,4,HUR,LUR,2025-02-12,2025-02-12,1,TSE,604.7775268554688,600.5313110351562,601.7391357421875,600.0789794921875,600.1886596679688
M4_YHUR_SLUR,4,HUR,LUR,2025-02-12,2025-02-12,1,TSEC,40.51474380493164,39.994842529296875,40.00051498413086,40.0870475769043,40.03164291381836
M4_YHUR_SLUR,4,HUR,LUR,2025-02-12,2025-02-13,2,Yd,558.213623046875,599.122314453125,615.7621459960938,582.9778442382812,595.9237060546875
M4_YHUR_SLUR,4,HUR,LUR,2025-02-12,2025-02-13,2,TSE,596.9675903320312,600.5313110351562,599.0979614257812,600.4402465820312,600.14013671875
M4_YHUR_SLUR,4,HUR,LUR,2025-02-12,2025-02-13,2,TSEC,39.687557220458984,39.994842529296875,40.059730529785156,40.123077392578125,40.07001876831055
M4_YHUR_SLUR,4,HUR,LUR,2025-02-12,2025-02-14,3,Yd,540.8744506835938,599.122314453125,595.4312744140625,588.5755004882812,594.0409545898438
M4_YHUR_SLUR,4,HUR,LUR,2025-02-12,2025-02-14,3,TSE,592.0791015625,600.5313110351562,599.527099609375,599.9644775390625,600.1963500976562
M4_YHUR_SLUR,4,HUR,LUR,2025-02-12,2025-02-14,3,TSEC,39.479217529296875,39.994842529296875,40.06760025024414,40.09709167480469,40.09693145751953
M4_YHUR_SLUR,4,HUR,LUR,2025-02-13,2025-02-13,1,Yd,558.213623046875,599.14306640625,596.6353149414062,579.0838623046875,595.5368041992188
M4_YHUR_SLUR,4,HUR,LUR,2025-02-13,2025-02-13,1,TSE,596.9675903320312,600.5367431640625,600.52392578125,600.7067260742188,600.4340209960938
M4_YHUR_SLUR,4,HUR,LUR,2025-02-13,2025-02-13,1,TSEC,39.687557220458984,39.995513916015625,40.018123626708984,40.033287048339844,40.0291748046875
M4_YHUR_SLUR,4,HUR,LUR,2025-02-13,2025-02-14,2,Yd,540.8744506835938,599.14306640625,602.1397705078125,583.5235595703125,591.9119873046875
M4_YHUR_SLUR,4,HUR,LUR,2025-02-13,2025-02-14,2,TSE,592.0791015625,600.5367431640625,600.1883544921875,601.1182250976562,600.56787109375
M4_YHUR_SLUR,4,HUR,LUR,2025-02-13,2025-02-14,2,TSEC,39.479217529296875,39.995513916015625,39.988990783691406,40.04064178466797,40.058128356933594
M4_YHUR_SLUR,4,HUR,LUR,2025-02-13,2025-02-15,3,Yd,620.4929809570312,599.14306640625,616.46826171875,576.505126953125,589.218994140625
M4_YHUR_SLUR,4,HUR,LUR,2025-02-13,2025-02-15,3,TSE,598.0767211914062,600.5367431640625,600.4400634765625,599.9256591796875,600.675537109375
M4_YHUR_SLUR,4,HUR,LUR,2025-02-13,2025-02-15,3,TSEC,40.156864166259766,39.995513916015625,40.0290412902832,40.010902404785156,40.07011795043945
M4_YHUR_SLUR,4,HUR,LUR,2025-02-14,2025-02-14,1,Yd,540.8744506835938,599.0902709960938,600.1823120117188,584.6312866210938,594.8412475585938
M4_YHUR_SLUR,4,HUR,LUR,2025-02-14,2025-02-14,1,TSE,592.0791015625,600.5321655273438,601.0926513671875,600.7044677734375,600.4235229492188
M4_YHUR_SLUR,4,HUR,LUR,2025-02-14,2025-02-14,1,TSEC,39.479217529296875,39.9951171875,39.98432922363281,40.09257125854492,40.03358459472656
M4_YHUR_SLUR,4,HUR,LUR,2025-02-14,2025-02-15,2,Yd,620.4929809570312,599.0902709960938,617.3583374023438,584.49755859375,591.4574584960938
M4_YHUR_SLUR,4,HUR,LUR,2025-02-14,2025-02-15,2,TSE,598.0767211914062,600.5321655273438,600.7392578125,600.27099609375,600.4338989257812
M4_YHUR_SLUR,4,HUR,LUR,2025-02-14,2025-02-15,2,TSEC,40.156864166259766,39.9951171875,40.04322052001953,40.09413146972656,40.06285858154297
M4_YHUR_SLUR,4,HUR,LUR,2025-02-14,2025-02-16,3,Yd,685.862548828125,599.0902709960938,604.0449829101562,583.6867065429688,590.550537109375
M4_YHUR_SLUR,4,HUR,LUR,2025-02-14,2025-02-16,3,TSE,601.2515869140625,600.5321655273438,600.6857299804688,599.679443359375,600.36328125
M4_YHUR_SLUR,4,HUR,LUR,2025-02-14,2025-02-16,3,TSEC,40.70487594604492,39.9951171875,39.9822883605957,40.14004135131836,40.077980041503906
M4_YHUR_SLUR,4,HUR,LUR,2025-02-15,2025-02-15,1,Yd,620.4929809570312,599.0151977539062,613.7967529296875,596.0175170898438,596.0512084960938
M4_YHUR_SLUR,4,HUR,LUR,2025-02-15,2025-02-15,1,TSE,598.0767211914062,600.521240234375,598.8930053710938,600.4981079101562,600.2914428710938
M4_YHUR_SLUR,4,HUR,LUR,2025-02-15,2025-02-15,1,TSEC,40.156864166259766,39.99445343017578,39.95502471923828,40.041542053222656,40.032711029052734
M4_YHUR_SLUR,4,HUR,LUR,2025-02-15,2025-02-16,2,Yd,685.862548828125,599.0151977539062,604.1473388671875,602.2982788085938,594.3665771484375
M4_YHUR_SLUR,4,HUR,LUR,2025-02-15,2025-02-16,2,TSE,601.2515869140625,600.521240234375,598.1831665039062,599.8817138671875,600.1063232421875
M4_YHUR_SLUR,4,HUR,LUR,2025-02-15,2025-02-16,2,TSEC,40.70487594604492,39.99445343017578,40.04094696044922,40.133182525634766,40.0672492980957
M4_YHUR_SLUR,4,HUR,LUR,2025-02-15,2025-02-17,3,Yd,589.8919677734375,599.0151977539062,602.47802734375,601.7024536132812,593.9373779296875
M4_YHUR_SLUR,4,HUR,LUR,2025-02-15,2025-02-17,3,TSE,608.70703125,600.521240234375,598.0244140625,599.783935546875,599.8070678710938
M4_YHUR_SLUR,4,HUR,LUR,2025-02-15,2025-02-17,3,TSEC,39.04124450683594,39.99445343017578,40.00449752807617,40.145484924316406,40.0975341796875
M4_YHUR_SLUR,4,HUR,LUR,2025-02-16,2025-02-16,1,Yd,685.862548828125,599.0428466796875,604.9202880859375,587.2739868164062,596.6177978515625
M4_YHUR_SLUR,4,HUR,LUR,2025-02-16,2025-02-16,1,TSE,601.2515869140625,600.5181274414062,599.5846557617188,599.7523193359375,600.3189086914062
M4_YHUR_SLUR,4,HUR,LUR,2025-02-16,2025-02-16,1,TSEC,40.70487594604492,39.994659423828125,40.05116653442383,39.99068069458008,40.020050048828125
M4_YHUR_SLUR,4,HUR,LUR,2025-02-16,2025-02-17,2,Yd,589.8919677734375,599.0428466796875,603.1171875,596.5377197265625,594.7791137695312
M4_YHUR_SLUR,4,HUR,LUR,2025-02-16,2025-02-17,2,TSE,608.70703125,600.5181274414062,599.314697265625,600.151123046875,600.0581665039062
M4_YHUR_SLUR,4,HUR,LUR,2025-02-16,2025-02-17,2,TSEC,39.04124450683594,39.994659423828125,40.008888244628906,39.98207092285156,40.05131530761719
M4_YHUR_SLUR,4,HUR,LUR,2025-02-16,2025-02-18,3,Yd,600.1426391601562,599.0428466796875,600.8975219726562,597.87060546875,593.0057983398438
M4_YHUR_SLUR,4,HUR,LUR,2025-02-16,2025-02-18,3,TSE,603.1436157226562,600.5181274414062,600.8948364257812,599.33837890625,599.6618041992188
M4_YHUR_SLUR,4,HUR,LUR,2025-02-16,2025-02-18,3,TSEC,40.013736724853516,39.994659423828125,40.00514221191406,39.99217224121094,40.080684661865234
M4_YHUR_SLUR,4,HUR,LUR,2025-02-17,2025-02-17,1,Yd,589.8919677734375,599.1544799804688,601.8428955078125,585.749755859375,596.5540161132812
M4_YHUR_SLUR,4,HUR,LUR,2025-02-17,2025-02-17,1,TSE,608.70703125,600.5191040039062,599.0742797851562,600.8141479492188,600.1654052734375
M4_YHUR_SLUR,4,HUR,LUR,2025-02-17,2025-02-17,1,TSEC,39.04124450683594,39.995574951171875,40.02226638793945,39.97385025024414,40.01408004760742
M4_YHUR_SLUR,4,HUR,LUR,2025-02-17,2025-02-18,2,Yd,600.1426391601562,599.1544799804688,604.4381713867188,589.8524780273438,593.3989868164062
M4_YHUR_SLUR,4,HUR,LUR,2025-02-17,2025-02-18,2,TSE,603.1436157226562,600.5191040039062,599.448486328125,600.3856811523438,599.7984619140625
M4_YHUR_SLUR,4,HUR,LUR,2025-02-17,2025-02-18,2,TSEC,40.013736724853516,39.995574951171875,39.99766540527344,40.052490234375,40.0423469543457
M4_YHUR_SLUR,4,HUR,LUR,2025-02-17,2025-02-19,3,Yd,528.6090087890625,599.1544799804688,601.879638671875,588.425537109375,590.6005249023438
M4_YHUR_SLUR,4,HUR,LUR,2025-02-17,2025-02-19,3,TSE,612.20458984375,600.5191040039062,600.0496826171875,599.4391479492188,599.6990356445312
M4_YHUR_SLUR,4,HUR,LUR,2025-02-17,2025-02-19,3,TSEC,40.052703857421875,39.995574951171875,40.018638610839844,40.01602554321289,40.06537628173828
M4_YHUR_SLUR,4,HUR,LUR,2025-02-18,2025-02-18,1,Yd,600.1426391601562,599.142578125,601.0686645507812,596.9296264648438,596.9193725585938
M4_YHUR_SLUR,4,HUR,LUR,2025-02-18,2025-02-18,1,TSE,603.1436157226562,600.5296020507812,600.3252563476562,599.5634765625,600.036376953125
M4_YHUR_SLUR,4,HUR,LUR,2025-02-18,2025-02-18,1,TSEC,40.013736724853516,39.99435043334961,40.031925201416016,40.061737060546875,40.021934509277344
M4_YHUR_SLUR,4,HUR,LUR,2025-02-18,2025-02-19,2,Yd,528.6090087890625,599.142578125,600.81494140625,589.1197509765625,594.53466796875
M4_YHUR_SLUR,4,HUR,LUR,2025-02-18,2025-02-19,2,TSE,612.20458984375,600.5296020507812,600.6486206054688,600.8104858398438,599.7474975585938
M4_YHUR_SLUR,4,HUR,LUR,2025-02-18,2025-02-19,2,TSEC,40.052703857421875,39.99435043334961,39.99241256713867,40.176231384277344,40.05922317504883
M4_YHUR_SLUR,4,HUR,LUR,2025-02-18,2025-02-20,3,Yd,671.7557983398438,599.142578125,597.1856689453125,590.4890747070312,591.8535766601562
M4_YHUR_SLUR,4,HUR,LUR,2025-02-18,2025-02-20,3,TSE,591.9359741210938,600.5296020507812,600.7125854492188,599.7076416015625,599.7284545898438
M4_YHUR_SLUR,4,HUR,LUR,2025-02-18,2025-02-20,3,TSEC,39.467864990234375,39.99435043334961,40.067142486572266,40.16984939575195,40.0908088684082
M4_YHUR_SLUR,4,HUR,LUR,2025-02-19,2025-02-19,1,Yd,528.6090087890625,599.1438598632812,601.6742553710938,593.0485229492188,596.8970336914062
M4_YHUR_SLUR,4,HUR,LUR,2025-02-19,2025-02-19,1,TSE,612.20458984375,600.532958984375,601.3810424804688,599.897705078125,600.1146240234375
M4_YHUR_SLUR,4,HUR,LUR,2025-02-19,2025-02-19,1,TSEC,40.052703857421875,39.9943733215332,39.98747253417969,40.063777923583984,40.02767562866211
M4_YHUR_SLUR,4,HUR,LUR,2025-02-19,2025-02-20,2,Yd,671.7557983398438,599.1438598632812,597.1865234375,583.865478515625,593.0927124023438
M4_YHUR_SLUR,4,HUR,LUR,2025-02-19,2025-02-20,2,TSE,591.9359741210938,600.532958984375,599.6721801757812,601.2194213867188,600.0767822265625
M4_YHUR_SLUR,4,HUR,LUR,2025-02-19,2025-02-20,2,TSEC,39.467864990234375,39.9943733215332,40.01311111450195,40.0921516418457,40.065032958984375
M4_YHUR_SLUR,4,HUR,LUR,2025-02-19,2025-02-21,3,Yd,593.3450927734375,599.1438598632812,605.3082275390625,580.6463012695312,589.5325317382812
M4_YHUR_SLUR,4,HUR,LUR,2025-02-19,2025-02-21,3,TSE,597.0381469726562,600.532958984375,600.359130859375,600.9541015625,600.1563110351562
M4_YHUR_SLUR,4,HUR,LUR,2025-02-19,2025-02-21,3,TSEC,39.95133972167969,39.9943733215332,39.97554016113281,40.00707244873047,40.09477233886719
M4_YHUR_SLUR,4,HUR,LUR,2025-02-20,2025-02-20,1,Yd,671.7557983398438,599.0535278320312,609.2200317382812,584.7861938476562,594.7442626953125
M4_YHUR_SLUR,4,HUR,LUR,2025-02-20,2025-02-20,1,TSE,591.9359741210938,600.5478515625,600.3568725585938,601.0726928710938,600.3088989257812
M4_YHUR_SLUR,4,HUR,LUR,2025-02-20,2025-02-20,1,TSEC,39.467864990234375,39.994449615478516,39.942962646484375,40.08172607421875,40.030147552490234
M4_YHUR_SLUR,4,HUR,LUR,2025-02-20,2025-02-21,2,Yd,593.3450927734375,599.0535278320312,599.7508544921875,584.7408447265625,589.80078125
M4_YHUR_SLUR,4,HUR,LUR,2025-02-20,2025-02-21,2,TSE,597.0381469726562,600.5478515625,600.7874755859375,600.5538330078125,600.283935546875
M4_YHUR_SLUR,4,HUR,LUR,2025-02-20,2025-02-21,2,TSEC,39.95133972167969,39.994449615478516,39.851783752441406,40.010250091552734,40.0680046081543
M4_YHUR_SLUR,4,HUR,LUR,2025-02-20,2025-02-22,3,Yd,510.8170471191406,599.0535278320312,599.5036010742188,582.5256958007812,587.3696899414062
M4_YHUR_SLUR,4,HUR,LUR,2025-02-20,2025-02-22,3,TSE,607.42529296875,600.5478515625,600.9456176757812,599.3633422851562,600.3703002929688
M4_YHUR_SLUR,4,HUR,LUR,2025-02-20,2025-02-22,3,TSEC,39.80044174194336,39.994449615478516,40.00043869018555,40.015403747558594,40.08742904663086
M4_YHUR_SLUR,4,HUR,LUR,2025-02-21,2025-02-21,1,Yd,593.3450927734375,599.146484375,609.8972778320312,583.2977905273438,592.9562377929688
M4_YHUR_SLUR,4,HUR,LUR,2025-02-21,2025-02-21,1,TSE,597.0381469726562,600.536865234375,599.7932739257812,599.5856323242188,600.3191528320312
M4_YHUR_SLUR,4,HUR,LUR,2025-02-21,2025-02-21,1,TSEC,39.95133972167969,39.9937744140625,39.986446380615234,40.09286880493164,40.0331916809082
M4_YHUR_SLUR,4,HUR,LUR,2025-02-21,2025-02-22,2,Yd,510.8170471191406,599.146484375,612.4190063476562,576.111572265625,588.9281616210938
M4_YHUR_SLUR,4,HUR,LUR,2025-02-21,2025-02-22,2,TSE,607.42529296875,600.536865234375,602.2572021484375,599.4398193359375,600.3759765625
M4_YHUR_SLUR,4,HUR,LUR,2025-02-21,2025-02-22,2,TSEC,39.80044174194336,39.9937744140625,40.000553131103516,40.05419921875,40.06020736694336
M4_YHUR_SLUR,4,HUR,LUR,2025-02-21,2025-02-23,3,Yd,611.6929321289062,599.146484375,602.2097778320312,574.4088134765625,588.7652587890625
M4_YHUR_SLUR,4,HUR,LUR,2025-02-21,2025-02-23,3,TSE,590.255859375,600.536865234375,599.4085693359375,599.404296875,600.452880859375
M4_YHUR_SLUR,4,HUR,LUR,2025-02-21,2025-02-23,3,TSEC,39.901405334472656,39.9937744140625,39.96513748168945,40.07913589477539,40.0749397277832
M4_YHUR_SLUR,4,HUR,LUR,2025-02-22,2025-02-22,1,Yd,510.8170471191406,599.1390991210938,606.3505249023438,590.4668579101562,593.5422973632812
M4_YHUR_SLUR,4,HUR,LUR,2025-02-22,2025-02-22,1,TSE,607.42529296875,600.5324096679688,601.1424560546875,600.63525390625,600.3411254882812
M4_YHUR_SLUR,4,HUR,LUR,2025-02-22,2025-02-22,1,TSEC,39.80044174194336,39.993717193603516,39.9508056640625,39.965667724609375,40.023319244384766
M4_YHUR_SLUR,4,HUR,LUR,2025-02-22,2025-02-23,2,Yd,611.6929321289062,599.1390991210938,601.7886352539062,588.6460571289062,591.8599243164062
M4_YHUR_SLUR,4,HUR,LUR,2025-02-22,2025-02-23,2,TSE,590.255859375,600.5324096679688,599.50341796875,599.8916015625,600.3369140625
M4_YHUR_SLUR,4,HUR,LUR,2025-02-22,2025-02-23,2,TSEC,39.901405334472656,39.993717193603516,40.051700592041016,39.98210144042969,40.04864501953125
M4_YHUR_SLUR,4,HUR,LUR,2025-02-22,2025-02-24,3,Yd,548.9833984375,599.1390991210938,604.8108520507812,586.5595703125,591.6441040039062
M4_YHUR_SLUR,4,HUR,LUR,2025-02-22,2025-02-24,3,TSE,600.8609619140625,600.5324096679688,599.571533203125,600.76220703125,600.150634765625
M4_YHUR_SLUR,4,HUR,LUR,2025-02-22,2025-02-24,3,TSEC,39.69948959350586,39.993717193603516,39.98078536987305,39.99025344848633,40.06578063964844
M4_YHUR_SLUR,4,HUR,LUR,2025-02-23,2025-02-23,1,Yd,611.6929321289062,599.0264892578125,600.3499755859375,580.8875732421875,595.7337036132812
M4_YHUR_SLUR,4,HUR,LUR,2025-02-23,2025-02-23,1,TSE,590.255859375,600.5411987304688,599.8225708007812,600.6998901367188,600.2471923828125
M4_YHUR_SLUR,4,HUR,LUR,2025-02-23,2025-02-23,1,TSEC,39.901405334472656,39.993473052978516,40.07316207885742,40.00473403930664,40.020225524902344
M4_YHUR_SLUR,4,HUR,LUR,2025-02-23,2025-02-24,2,Yd,548.9833984375,599.0264892578125,605.0515747070312,585.7428588867188,593.3612060546875
M4_YHUR_SLUR,4,HUR,LUR,2025-02-23,2025-02-24,2,TSE,600.8609619140625,600.5411987304688,599.4913940429688,602.1452026367188,599.9324951171875
M4_YHUR_SLUR,4,HUR,LUR,2025-02-23,2025-02-24,2,TSEC,39.69948959350586,39.993473052978516,40.00633239746094,40.08246994018555,40.0498046875
M4_YHUR_SLUR,4,HUR,LUR,2025-02-23,2025-02-25,3,Yd,544.83154296875,599.0264892578125,599.327880859375,588.0328369140625,590.5236206054688
M4_YHUR_SLUR,4,HUR,LUR,2025-02-23,2025-02-25,3,TSE,598.76708984375,600.5411987304688,600.7689819335938,601.2922973632812,599.5014038085938
M4_YHUR_SLUR,4,HUR,LUR,2025-02-23,2025-02-25,3,TSEC,40.66120529174805,39.993473052978516,39.97099685668945,40.07709884643555,40.07551574707031
M4_YHUR_SLUR,4,HUR,LUR,2025-02-24,2025-02-24,1,Yd,548.9833984375,599.0426025390625,605.7122802734375,590.8779296875,597.1483764648438
M4_YHUR_SLUR,4,HUR,LUR,2025-02-24,2025-02-24,1,TSE,600.8609619140625,600.528076171875,598.524169921875,600.4609985351562,600.12939453125
M4_YHUR_SLUR,4,HUR,LUR,2025-02-24,2025-02-24,1,TSEC,39.69948959350586,39.99335861206055,40.01162338256836,40.08735656738281,40.02204132080078
M4_YHUR_SLUR,4,HUR,LUR,2025-02-24,2025-02-25,2,Yd,544.83154296875,599.0426025390625,599.5195922851562,596.3275756835938,594.1671142578125
M4_YHUR_SLUR,4,HUR,LUR,2025-02-24,2025-02-25,2,TSE,598.76708984375,600.528076171875,600.87451171875,600.567626953125,599.7568969726562
M4_YHUR_SLUR,4,HUR,LUR,2025-02-24,2025-02-25,2,TSEC,40.66120529174805,39.99335861206055,39.95931625366211,40.12101364135742,40.05482482910156
M4_YHUR_SLUR,4,HUR,LUR,2025-02-24,2025-02-26,3,Yd,572.655517578125,599.0426025390625,603.1077270507812,598.8738403320312,592.2652587890625
M4_YHUR_SLUR,4,HUR,LUR,2025-02-24,2025-02-26,3,TSE,600.876220703125,600.528076171875,600.02001953125,600.4879150390625,599.4969482421875
M4_YHUR_SLUR,4,HUR,LUR,2025-02-24,2025-02-26,3,TSEC,40.015567779541016,39.99335861206055,40.03407287597656,40.06584930419922,40.08708953857422
M4_YHUR_SLUR,4,HUR,LUR,2025-02-25,2025-02-25,1,Yd,544.83154296875,598.9788818359375,596.5543212890625,603.0271606445312,597.5012817382812
M4_YHUR_SLUR,4,HUR,LUR,2025-02-25,2025-02-25,1,TSE,598.76708984375,600.5285034179688,600.2274169921875,599.5953369140625,600.0552978515625
M4_YHUR_SLUR,4,HUR,LUR,2025-02-25,2025-02-25,1,TSEC,40.66120529174805,39.99298095703125,40.02288055419922,40.06761932373047,40.02521514892578
M4_YHUR_SLUR,4,HUR,LUR,2025-02-25,2025-02-26,2,Yd,572.655517578125,598.9788818359375,603.7135009765625,592.8128051757812,595.1060180664062
M4_YHUR_SLUR,4,HUR,LUR,2025-02-25,2025-02-26,2,TSE,600.876220703125,600.5285034179688,599.6852416992188,600.1761474609375,599.7416381835938
M4_YHUR_SLUR,4,HUR,LUR,2025-02-25,2025-02-26,2,TSEC,40.015567779541016,39.99298095703125,40.003028869628906,40.15098190307617,40.06547927856445
M4_YHUR_SLUR,4,HUR,LUR,2025-02-25,2025-02-27,3,Yd,677.6950073242188,598.9788818359375,593.2813110351562,597.6002807617188,592.9844970703125
M4_YHUR_SLUR,4,HUR,LUR,2025-02-25,2025-02-27,3,TSE,594.0867919921875,600.5285034179688,599.9406127929688,599.3657836914062,599.5775146484375
M4_YHUR_SLUR,4,HUR,LUR,2025-02-25,2025-02-27,3,TSEC,40.5345573425293,39.99298095703125,40.01142501831055,40.108970642089844,40.10239791870117
M4_YHUR_SLUR,4,HUR,LUR,2025-02-26,2025-02-26,1,Yd,572.655517578125,598.9100952148438,602.4191284179688,584.6092529296875,596.8445434570312
M4_YHUR_SLUR,4,HUR,LUR,2025-02-26,2025-02-26,1,TSE,600.876220703125,600.5263061523438,599.82177734375,600.77978515625,600.2499389648438
M4_YHUR_SLUR,4,HUR,LUR,2025-02-26,2025-02-26,1,TSEC,40.015567779541016,39.993831634521484,39.98935317993164,40.00284194946289,40.028629302978516
M4_YHUR_SLUR,4,HUR,LUR,2025-02-26,2025-02-27,2,Yd,677.6950073242188,598.9100952148438,595.2196044921875,589.7074584960938,593.8139038085938
M4_YHUR_SLUR,4,HUR,LUR,2025-02-26,2025-02-27,2,TSE,594.0867919921875,600.5263061523438,600.34619140625,601.7686157226562,600.17626953125
M4_YHUR_SLUR,4,HUR,LUR,2025-02-26,2025-02-27,2,TSEC,40.5345573425293,39.993831634521484,40.0646858215332,40.08588790893555,40.066612243652344
M4_YHUR_SLUR,4,HUR,LUR,2025-02-26,2025-02-28,3,Yd,523.2153930664062,598.9100952148438,602.8790283203125,588.656494140625,590.749267578125
M4_YHUR_SLUR,4,HUR,LUR,2025-02-26,2025-02-28,3,TSE,590.1347045898438,600.5263061523438,600.3148193359375,601.4990234375,600.1849975585938
M4_YHUR_SLUR,4,HUR,LUR,2025-02-26,2025-02-28,3,TSEC,40.04471969604492,39.993831634521484,40.03798294067383,40.06161880493164,40.097434997558594
M4_YHUR_SLUR,4,HUR,LUR,2025-02-27,2025-02-27,1,Yd,677.6950073242188,598.8767700195312,610.064697265625,580.467041015625,595.7398681640625
M4_YHUR_SLUR,4,HUR,LUR,2025-02-27,2025-02-27,1,TSE,594.0867919921875,600.5267333984375,600.4671630859375,600.9916381835938,600.3282470703125
M4_YHUR_SLUR,4,HUR,LUR,2025-02-27,2025-02-27,1,TSEC,40.5345573425293,39.993858337402344,39.98753356933594,40.103790283203125,40.037837982177734
M4_YHUR_SLUR,4,HUR,LUR,2025-02-27,2025-02-28,2,Yd,523.2153930664062,598.8767700195312,598.6136474609375,576.7484741210938,591.8740844726562
M4_YHUR_SLUR,4,HUR,LUR,2025-02-27,2025-02-28,2,TSE,590.1347045898438,600.5267333984375,600.4057006835938,600.7406005859375,600.2571411132812
M4_YHUR_SLUR,4,HUR,LUR,2025-02-27,2025-02-28,2,TSEC,40.04471969604492,39.993858337402344,40.011558532714844,40.08535385131836,40.08079528808594
M4_YHUR_SLUR,4,HUR,LUR,2025-02-27,2025-03-01,3,Yd,612.8609008789062,598.8767700195312,596.4328002929688,585.1814575195312,589.3709106445312
M4_YHUR_SLUR,4,HUR,LUR,2025-02-27,2025-03-01,3,TSE,596.228759765625,600.5267333984375,601.0671997070312,600.46484375,600.20703125
M4_YHUR_SLUR,4,HUR,LUR,2025-02-27,2025-03-01,3,TSEC,40.13874435424805,39.993858337402344,39.99234390258789,40.10838317871094,40.10453414916992
M4_YHUR_SLUR,4,HUR,LUR,2025-02-28,2025-02-28,1,Yd,523.2153930664062,598.9766845703125,606.7333984375,585.0418701171875,593.654296875
M4_YHUR_SLUR,4,HUR,LUR,2025-02-28,2025-02-28,1,TSE,590.1347045898438,600.5185546875,600.5879516601562,600.43115234375,600.513671875
M4_YHUR_SLUR,4,HUR,LUR,2025-02-28,2025-02-28,1,TSEC,40.04471969604492,39.994544982910156,40.00198745727539,40.06063461303711,40.02666473388672
M4_YHUR_SLUR,4,HUR,LUR,2025-02-28,2025-03-01,2,Yd,612.8609008789062,598.9766845703125,611.6475219726562,581.3734741210938,589.8899536132812
M4_YHUR_SLUR,4,HUR,LUR,2025-02-28,2025-03-01,2,TSE,596.228759765625,600.5185546875,601.5891723632812,599.5521240234375,600.5985717773438
M4_YHUR_SLUR,4,HUR,LUR,2025-02-28,2025-03-01,2,TSEC,40.13874435424805,39.994544982910156,39.999305725097656,40.03145217895508,40.050968170166016
M4_YHUR_SLUR,4,HUR,LUR,2025-02-28,2025-03-02,3,Yd,555.5523681640625,598.9766845703125,601.5960083007812,588.7692260742188,589.0487060546875
M4_YHUR_SLUR,4,HUR,LUR,2025-02-28,2025-03-02,3,TSE,595.1377563476562,600.5185546875,600.7398071289062,599.734130859375,600.6128540039062
M4_YHUR_SLUR,4,HUR,LUR,2025-02-28,2025-03-02,3,TSEC,40.011104583740234,39.994544982910156,40.03466796875,40.012088775634766,40.06037902832031
M4_YHUR_SLUR,4,HUR,LUR,2025-03-01,2025-03-01,1,Yd,612.8609008789062,598.8807983398438,610.0221557617188,593.3429565429688,595.8134765625
M4_YHUR_SLUR,4,HUR,LUR,2025-03-01,2025-03-01,1,TSE,596.228759765625,600.50537109375,600.4419555664062,601.0488891601562,600.3703002929688
M4_YHUR_SLUR,4,HUR,LUR,2025-03-01,2025-03-01,1,TSEC,40.13874435424805,39.99460983276367,39.96427536010742,39.993324279785156,40.026947021484375
M4_YHUR_SLUR,4,HUR,LUR,2025-03-01,2025-03-02,2,Yd,555.5523681640625,598.8807983398438,600.7997436523438,604.5831909179688,594.1638793945312
M4_YHUR_SLUR,4,HUR,LUR,2025-03-01,2025-03-02,2,TSE,595.1377563476562,600.50537109375,600.298095703125,601.700439453125,600.2409057617188
M4_YHUR_SLUR,4,HUR,LUR,2025-03-01,2025-03-02,2,TSEC,40.011104583740234,39.99460983276367,40.040470123291016,40.06616973876953,40.05436706542969
M4_YHUR_SLUR,4,HUR,LUR,2025-03-01,2025-03-03,3,Yd,598.0497436523438,598.8807983398438,603.2106323242188,603.8767700195312,593.9696044921875
M4_YHUR_SLUR,4,HUR,LUR,2025-03-01,2025-03-03,3,TSE,596.6251220703125,600.50537109375,598.4483642578125,601.3047485351562,600.0289916992188
M4_YHUR_SLUR,4,HUR,LUR,2025-03-01,2025-03-03,3,TSEC,40.2457389831543,39.99460983276367,39.97855758666992,40.09726333618164,40.07950210571289
M4_YHUR_SLUR,4,HUR,LUR,2025-03-02,2025-03-02,1,Yd,555.5523681640625,598.8984375,600.6715698242188,598.9046630859375,597.0625
M4_YHUR_SLUR,4,HUR,LUR,2025-03-02,2025-03-02,1,TSE,595.1377563476562,600.5,600.2703247070312,601.1243896484375,600.3394165039062
M4_YHUR_SLUR,4,HUR,LUR,2025-03-02,2025-03-02,1,TSEC,40.011104583740234,39.994789123535156,40.03265380859375,39.99552536010742,40.019222259521484
M4_YHUR_SLUR,4,HUR,LUR,2025-03-02,2025-03-03,2,Yd,598.0497436523438,598.8984375,603.0971069335938,599.8139038085938,595.58447265625
M4_YHUR_SLUR,4,HUR,LUR,2025-03-02,2025-03-03,2,TSE,596.6251220703125,600.5,599.6871337890625,600.8073120117188,600.0857543945312
M4_YHUR_SLUR,4,HUR,LUR,2025-03-02,2025-03-03,2,TSEC,40.2457389831543,39.994789123535156,40.10441207885742,40.08024978637695,40.047672271728516
M4_YHUR_SLUR,4,HUR,LUR,2025-03-02,2025-03-04,3,Yd,597.9331665039062,598.8984375,601.6533813476562,603.6201171875,594.2791748046875
M4_YHUR_SLUR,4,HUR,LUR,2025-03-02,2025-03-04,3,TSE,602.0616455078125,600.5,600.3049926757812,600.44775390625,599.7631225585938
M4_YHUR_SLUR,4,HUR,LUR,2025-03-02,2025-03-04,3,TSEC,39.19886779785156,39.994789123535156,40.142356872558594,40.01908874511719,40.07261276245117
M4_YHUR_SLUR,4,HUR,LUR,2025-03-03,2025-03-03,1,Yd,598.0497436523438,598.8436889648438,600.2185668945312,590.33740234375,598.202392578125
M4_YHUR_SLUR,4,HUR,LUR,2025-03-03,2025-03-03,1,TSE,596.6251220703125,600.4932250976562,598.0328369140625,600.8033447265625,600.1802368164062
M4_YHUR_SLUR,4,HUR,LUR,2025-03-03,2025-03-03,1,TSEC,40.2457389831543,39.99481201171875,39.98286437988281,40.045997619628906,40.022804260253906
M4_YHUR_SLUR,4,HUR,LUR,2025-03-03,2025-03-04,2,Yd,597.9331665039062,598.8436889648438,601.63623046875,594.6702270507812,596.3584594726562
M4_YHUR_SLUR,4,HUR,LUR,2025-03-03,2025-03-04,2,TSE,602.0616455078125,600.4932250976562,600.2346801757812,600.2076416015625,599.8929443359375
M4_YHUR_SLUR,4,HUR,LUR,2025-03-03,2025-03-04,2,TSEC,39.19886779785156,39.99481201171875,40.020538330078125,40.11066818237305,40.05408477783203
M4_YHUR_SLUR,4,HUR,LUR,2025-03-03,2025-03-05,3,Yd,628.4217529296875,598.8436889648438,600.9712524414062,596.9946899414062,594.2866821289062
M4_YHUR_SLUR,4,HUR,LUR,2025-03-03,2025-03-05,3,TSE,588.810791015625,600.4932250976562,599.3760986328125,599.7667846679688,599.8078002929688
M4_YHUR_SLUR,4,HUR,LUR,2025-03-03,2025-03-05,3,TSEC,40.20730209350586,39.99481201171875,40.01386642456055,40.065284729003906,40.079559326171875
M4_YHUR_SLUR,4,HUR,LUR,2025-03-04,2025-03-04,1,Yd,597.9331665039062,598.8427124023438,601.8492431640625,597.86376953125,598.3206787109375
M4_YHUR_SLUR,4,HUR,LUR,2025-03-04,2025-03-04,1,TSE,602.0616455078125,600.4884033203125,597.7039184570312,600.15234375,600.1317138671875
M4_YHUR_SLUR,4,HUR,LUR,2025-03-04,2025-03-04,1,TSEC,39.19886779785156,39.9951286315918,40.15519714355469,40.04430389404297,40.02335739135742
M4_YHUR_SLUR,4,HUR,LUR,2025-03-04,2025-03-05,2,Yd,628.4217529296875,598.8427124023438,601.3438720703125,591.1730346679688,596.510498046875
M4_YHUR_SLUR,4,HUR,LUR,2025-03-04,2025-03-05,2,TSE,588.810791015625,600.4884033203125,597.3840942382812,600.5048217773438,600.0194702148438
M4_YHUR_SLUR,4,HUR,LUR,2025-03-04,2025-03-05,2,TSEC,40.20730209350586,39.9951286315918,40.12735366821289,40.144561767578125,40.055503845214844
M4_YHUR_SLUR,4,HUR,LUR,2025-03-04,2025-03-06,3,Yd,565.0577392578125,598.8427124023438,589.7452392578125,593.0977783203125,595.2501831054688
M4_YHUR_SLUR,4,HUR,LUR,2025-03-04,2025-03-06,3,TSE,589.701171875,600.4884033203125,597.666015625,600.284423828125,600.0018920898438
M4_YHUR_SLUR,4,HUR,LUR,2025-03-04,2025-03-06,3,TSEC,39.9662971496582,39.9951286315918,40.091636657714844,40.03826904296875,40.08172607421875
M4_YHUR_SLUR,4,HUR,LUR,2025-03-05,2025-03-05,1,Yd,628.4217529296875,598.841552734375,601.2879028320312,597.9337768554688,598.9902954101562
M4_YHUR_SLUR,4,HUR,LUR,2025-03-05,2025-03-05,1,TSE,588.810791015625,600.4903564453125,599.9312133789062,600.1943969726562,600.1135864257812
M4_YHUR_SLUR,4,HUR,LUR,2025-03-05,2025-03-05,1,TSEC,40.20730209350586,39.99412536621094,40.038944244384766,40.10227966308594,40.03579330444336
M4_YHUR_SLUR,4,HUR,LUR,2025-03-05,2025-03-06,2,Yd,565.0577392578125,598.841552734375,590.2050170898438,587.2484741210938,597.3677978515625
M4_YHUR_SLUR,4,HUR,LUR,2025-03-05,2025-03-06,2,TSE,589.701171875,600.4903564453125,600.246337890625,600.7589721679688,599.931396484375
M4_YHUR_SLUR,4,HUR,LUR,2025-03-05,2025-03-06,2,TSEC,39.9662971496582,39.99412536621094,40.03547668457031,40.118629455566406,40.084251403808594
M4_YHUR_SLUR,4,HUR,LUR,2025-03-05,2025-03-07,3,Yd,594.728515625,598.841552734375,605.0741577148438,588.0317993164062,595.255615234375
M4_YHUR_SLUR,4,HUR,LUR,2025-03-05,2025-03-07,3,TSE,609.114990234375,600.4903564453125,600.1987915039062,600.1287841796875,599.8897094726562
M4_YHUR_SLUR,4,HUR,LUR,2025-03-05,2025-03-07,3,TSEC,39.950069427490234,39.99412536621094,40.06034851074219,40.117149353027344,40.116607666015625
M4_YHUR_SLUR,4,HUR,LUR,2025-03-06,2025-03-06,1,Yd,565.0577392578125,598.8787841796875,591.08251953125,592.3833618164062,597.7653198242188
M4_YHUR_SLUR,4,HUR,LUR,2025-03-06,2025-03-06,1,TSE,589.701171875,600.4756469726562,599.3080444335938,599.9944458007812,600.2778930664062
M4_YHUR_SLUR,4,HUR,LUR,2025-03-06,2025-03-06,1,TSEC,39.9662971496582,39.99439239501953,40.03071594238281,40.05662536621094,40.04012680053711
M4_YHUR_SLUR,4,HUR,LUR,2025-03-06,2025-03-07,2,Yd,594.728515625,598.8787841796875,604.8193359375,595.6218872070312,595.158447265625
M4_YHUR_SLUR,4,HUR,LUR,2025-03-06,2025-03-07,2,TSE,609.114990234375,600.4756469726562,600.7553100585938,599.5490112304688,600.2405395507812
M4_YHUR_SLUR,4,HUR,LUR,2025-03-06,2025-03-07,2,TSEC,39.950069427490234,39.99439239501953,40.06459045410156,40.07900619506836,40.078346252441406
M4_YHUR_SLUR,4,HUR,LUR,2025-03-06,2025-03-08,3,Yd,488.9841003417969,598.8787841796875,616.0747680664062,588.9461669921875,593.9033813476562
M4_YHUR_SLUR,4,HUR,LUR,2025-03-06,2025-03-08,3,TSE,601.656982421875,600.4756469726562,599.9302368164062,599.7357788085938,600.1608276367188
M4_YHUR_SLUR,4,HUR,LUR,2025-03-06,2025-03-08,3,TSEC,40.54475021362305,39.99439239501953,39.945228576660156,40.064064025878906,40.101722717285156
M4_YHUR_SLUR,4,HUR,LUR,2025-03-07,2025-03-07,1,Yd,594.728515625,598.8363037109375,602.1469116210938,591.0823364257812,597.4094848632812
M4_YHUR_SLUR,4,HUR,LUR,2025-03-07,2025-03-07,1,TSE,609.114990234375,600.4620971679688,600.177978515625,600.573486328125,600.2959594726562
M4_YHUR_SLUR,4,HUR,LUR,2025-03-07,2025-03-07,1,TSEC,39.950069427490234,39.99435806274414,40.00901412963867,40.07112121582031,40.04049301147461
M4_YHUR_SLUR,4,HUR,LUR,2025-03-07,2025-03-08,2,Yd,488.9841003417969,598.8363037109375,613.3364868164062,585.49609375,595.8895874023438
M4_YHUR_SLUR,4,HUR,LUR,2025-03-07,2025-03-08,2,TSE,601.656982421875,600.4620971679688,599.8554077148438,599.4940185546875,600.175537109375
M4_YHUR_SLUR,4,HUR,LUR,2025-03-07,2025-03-08,2,TSEC,40.54475021362305,39.99435806274414,40.01162338256836,40.073482513427734,40.0754280090332
M4_YHUR_SLUR,4,HUR,LUR,2025-03-07,2025-03-09,3,Yd,493.0198974609375,598.8363037109375,599.5803833007812,588.8269653320312,595.8101196289062
M4_YHUR_SLUR,4,HUR,LUR,2025-03-07,2025-03-09,3,TSE,601.0105590820312,600.4620971679688,599.9254760742188,599.7717895507812,599.9942016601562
M4_YHUR_SLUR,4,HUR,LUR,2025-03-07,2025-03-09,3,TSEC,39.43141555786133,39.99435806274414,39.969539642333984,40.11229705810547,40.09821319580078
M4_YHUR_SLUR,4,HUR,LUR,2025-03-08,2025-03-08,1,Yd,488.9841003417969,598.8311767578125,615.2591552734375,577.5228271484375,596.2479858398438
M4_YHUR_SLUR,4,HUR,LUR,2025-03-08,2025-03-08,1,TSE,601.656982421875,600.4729614257812,600.6875610351562,600.4896850585938,600.2951049804688
M4_YHUR_SLUR,4,HUR,LUR,2025-03-08,2025-03-08,1,TSEC,40.54475021362305,39.994300842285156,40.03826141357422,40.0390739440918,40.0301399230957
M4_YHUR_SLUR,4,HUR,LUR,2025-03-08,2025-03-09,2,Yd,493.0198974609375,598.8311767578125,598.8726806640625,567.5293579101562,594.939697265625
M4_YHUR_SLUR,4,HUR,LUR,2025-03-08,2025-03-09,2,TSE,601.0105590820312,600.4729614257812,600.2990112304688,600.1729125976562,600.1419677734375
M4_YHUR_SLUR,4,HUR,LUR,2025-03-08,2025-03-09,2,TSEC,39.43141555786133,39.994300842285156,39.94757080078125,40.065914154052734,40.05683517456055
M4_YHUR_SLUR,4,HUR,LUR,2025-03-08,2025-03-10,3,Yd,687.131103515625,598.8311767578125,603.18359375,569.691650390625,595.1207885742188
M4_YHUR_SLUR,4,HUR,LUR,2025-03-08,2025-03-10,3,TSE,608.2579345703125,600.4729614257812,600.90673828125,600.822265625,599.9261474609375
M4_YHUR_SLUR,4,HUR,LUR,2025-03-08,2025-03-10,3,TSEC,39.72270965576172,39.994300842285156,40.0024528503418,40.020206451416016,40.082191467285156
M4_YHUR_SLUR,4,HUR,LUR,2025-03-09,2025-03-09,1,Yd,493.0198974609375,598.6934814453125,606.2186889648438,595.356201171875,597.6290893554688
M4_YHUR_SLUR,4,HUR,LUR,2025-03-09,2025-03-09,1,TSE,601.0105590820312,600.4744873046875,599.9561767578125,600.4892578125,600.2705078125
M4_YHUR_SLUR,4,HUR,LUR,2025-03-09,2025-03-09,1,TSEC,39.43141555786133,39.994991302490234,39.953853607177734,39.97511672973633,40.02207565307617
M4_YHUR_SLUR,4,HUR,LUR,2025-03-09,2025-03-10,2,Yd,687.131103515625,598.6934814453125,599.7308959960938,608.2021484375,596.2426147460938
M4_YHUR_SLUR,4,HUR,LUR,2025-03-09,2025-03-10,2,TSE,608.2579345703125,600.4744873046875,598.368408203125,601.5604248046875,600.0029907226562
M4_YHUR_SLUR,4,HUR,LUR,2025-03-09,2025-03-10,2,TSEC,39.72270965576172,39.994991302490234,40.002845764160156,40.08287811279297,40.04971694946289
M4_YHUR_SLUR,4,HUR,LUR,2025-03-09,2025-03-11,3,Yd,570.32958984375,598.6934814453125,602.4505615234375,609.37060546875,594.2479858398438
M4_YHUR_SLUR,4,HUR,LUR,2025-03-09,2025-03-11,3,TSE,599.719970703125,600.4744873046875,599.645263671875,601.5894775390625,599.832275390625
M4_YHUR_SLUR,4,HUR,LUR,2025-03-09,2025-03-11,3,TSEC,40.739253997802734,39.994991302490234,40.06169128417969,40.088443756103516,40.06788635253906
M4_YHUR_SLUR,4,HUR,LUR,2025-03-10,2025-03-10,1,Yd,687.131103515625,598.5612182617188,603.1648559570312,606.814453125,598.6260375976562
M4_YHUR_SLUR,4,HUR,LUR,2025-03-10,2025-03-10,1,TSE,608.2579345703125,600.47509765625,597.9734497070312,600.919189453125,600.1507568359375
M4_YHUR_SLUR,4,HUR,LUR,2025-03-10,2025-03-10,1,TSEC,39.72270965576172,39.994285583496094,39.995277404785156,40.13176727294922,40.02785110473633
M4_YHUR_SLUR,4,HUR,LUR,2025-03-10,2025-03-11,2,Yd,570.32958984375,598.5612182617188,598.943603515625,609.1439819335938,597.0185546875
M4_YHUR_SLUR,4,HUR,LUR,2025-03-10,2025-03-11,2,TSE,599.719970703125,600.47509765625,598.258056640625,600.9263305664062,599.8629760742188
M4_YHUR_SLUR,4,HUR,LUR,2025-03-10,2025-03-11,2,TSEC,40.739253997802734,39.994285583496094,40.071434020996094,40.175994873046875,40.06049728393555
M4_YHUR_SLUR,4,HUR,LUR,2025-03-10,2025-03-12,3,Yd,580.4336547851562,598.5612182617188,600.5015869140625,609.1798706054688,594.6672973632812
M4_YHUR_SLUR,4,HUR,LUR,2025-03-10,2025-03-12,3,TSE,598.0438842773438,600.47509765625,598.7835083007812,599.8696899414062,599.7710571289062
M4_YHUR_SLUR,4,HUR,LUR,2025-03-10,2025-03-12,3,TSEC,40.00804901123047,39.994285583496094,39.94709014892578,40.14218521118164,40.08808898925781
M4_YHUR_SLUR,4,HUR,LUR,2025-03-11,2025-03-11,1,Yd,570.32958984375,598.6719360351562,603.4566040039062,591.2901611328125,597.6968994140625
M4_YHUR_SLUR,4,HUR,LUR,2025-03-11,2025-03-11,1,TSE,599.719970703125,600.48486328125,599.9147338867188,600.5098266601562,600.0546264648438
M4_YHUR_SLUR,4,HUR,LUR,2025-03-11,2025-03-11,1,TSEC,40.739253997802734,39.99394607543945,39.986270904541016,40.10261154174805,40.02231216430664
M4_YHUR_SLUR,4,HUR,LUR,2025-03-11,2025-03-12,2,Yd,580.4336547851562,598.6719360351562,597.3732299804688,579.9729614257812,595.1393432617188
M4_YHUR_SLUR,4,HUR,LUR,2025-03-11,2025-03-12,2,TSE,598.0438842773438,600.48486328125,600.2754516601562,600.8980102539062,599.7677612304688
M4_YHUR_SLUR,4,HUR,LUR,2025-03-11,2025-03-12,2,TSEC,40.00804901123047,39.99394607543945,40.03113555908203,40.0844841003418,40.06068801879883
M4_YHUR_SLUR,4,HUR,LUR,2025-03-11,2025-03-13,3,Yd,716.353271484375,598.6719360351562,590.7100830078125,583.18310546875,592.6982421875
M4_YHUR_SLUR,4,HUR,LUR,2025-03-11,2025-03-13,3,TSE,605.40625,600.48486328125,600.28857421875,600.2186889648438,599.6346435546875
M4_YHUR_SLUR,4,HUR,LUR,2025-03-11,2025-03-13,3,TSEC,40.170867919921875,39.99394607543945,40.05392837524414,40.01705551147461,40.09648132324219
M4_YHUR_SLUR,4,HUR,LUR,2025-03-12,2025-03-12,1,Yd,580.4336547851562,598.6365356445312,594.4933471679688,586.6008911132812,596.5623168945312
M4_YHUR_SLUR,4,HUR,LUR,2025-03-12,2025-03-12,1,TSE,598.0438842773438,600.4839477539062,599.6427612304688,600.6075439453125,600.28759765625
M4_YHUR_SLUR,4,HUR,LUR,2025-03-12,2025-03-12,1,TSEC,40.00804901123047,39.99488067626953,39.98099136352539,39.91085433959961,40.02259063720703
M4_YHUR_SLUR,4,HUR,LUR,2025-03-12,2025-03-13,2,Yd,716.353271484375,598.6365356445312,590.1591796875,580.044677734375,593.2034301757812
M4_YHUR_SLUR,4,HUR,LUR,2025-03-12,2025-03-13,2,TSE,605.40625,600.4839477539062,600.6834106445312,600.6852416992188,600.2371215820312
M4_YHUR_SLUR,4,HUR,LUR,2025-03-12,2025-03-13,2,TSEC,40.170867919921875,39.99488067626953,40.00872802734375,40.03728103637695,40.05752944946289
M4_YHUR_SLUR,4,HUR,LUR,2025-03-12,2025-03-14,3,Yd,580.660888671875,598.6365356445312,601.6758422851562,583.7625122070312,590.1244506835938
M4_YHUR_SLUR,4,HUR,LUR,2025-03-12,2025-03-14,3,TSE,598.6768798828125,600.4839477539062,599.1359252929688,600.2672119140625,600.2308349609375
M4_YHUR_SLUR,4,HUR,LUR,2025-03-12,2025-03-14,3,TSEC,39.43000793457031,39.99488067626953,39.99675750732422,40.0434455871582,40.08643341064453
M4_YHUR_SLUR,4,HUR,LUR,2025-03-13,2025-03-13,1,Yd,716.353271484375,598.6138305664062,589.1350708007812,582.9668579101562,595.9039306640625
M4_YHUR_SLUR,4,HUR,LUR,2025-03-13,2025-03-13,1,TSE,605.40625,600.4808959960938,600.2266845703125,599.9080200195312,600.310302734375
M4_YHUR_SLUR,4,HUR,LUR,2025-03-13,2025-03-13,1,TSEC,40.170867919921875,39.994895935058594,40.06627655029297,40.084224700927734,40.035614013671875
M4_YHUR_SLUR,4,HUR,LUR,2025-03-13,2025-03-14,2,Yd,580.660888671875,598.6138305664062,601.556640625,581.2642822265625,592.6441650390625
M4_YHUR_SLUR,4,HUR,LUR,2025-03-13,2025-03-14,2,TSE,598.6768798828125,600.4808959960938,600.855224609375,599.8134155273438,600.2720947265625
M4_YHUR_SLUR,4,HUR,LUR,2025-03-13,2025-03-14,2,TSEC,39.43000793457031,39.994895935058594,40.04094696044922,40.10404968261719,40.07645797729492
M4_YHUR_SLUR,4,HUR,LUR,2025-03-13,2025-03-15,3,Yd,612.5358276367188,598.6138305664062,616.1432495117188,588.3624267578125,590.6717529296875
M4_YHUR_SLUR,4,HUR,LUR,2025-03-13,2025-03-15,3,TSE,601.6385498046875,600.4808959960938,600.3982543945312,600.1558227539062,600.19140625
M4_YHUR_SLUR,4,HUR,LUR,2025-03-13,2025-03-15,3,TSEC,40.46416091918945,39.994895935058594,39.96278762817383,40.09600067138672,40.10081481933594
M4_YHUR_SLUR,4,HUR,LUR,2025-03-14,2025-03-14,1,Yd,580.660888671875,598.760498046875,608.2146606445312,582.4598999023438,592.6812133789062
M4_YHUR_SLUR,4,HUR,LUR,2025-03-14,2025-03-14,1,TSE,598.6768798828125,600.4869995117188,600.9828491210938,600.0490112304688,600.4124755859375
M4_YHUR_SLUR,4,HUR,LUR,2025-03-14,2025-03-14,1,TSEC,39.43000793457031,39.995113372802734,39.980045318603516,40.0447883605957,40.02494430541992
M4_YHUR_SLUR,4,HUR,LUR,2025-03-14,2025-03-15,2,Yd,612.5358276367188,598.760498046875,615.3789672851562,574.36083984375,588.3872680664062
M4_YHUR_SLUR,4,HUR,LUR,2025-03-14,2025-03-15,2,TSE,601.6385498046875,600.4869995117188,600.2597045898438,599.1951904296875,600.4443359375
M4_YHUR_SLUR,4,HUR,LUR,2025-03-14,2025-03-15,2,TSEC,40.46416091918945,39.995113372802734,39.992069244384766,39.99382019042969,40.04624557495117
M4_YHUR_SLUR,4,HUR,LUR,2025-03-14,2025-03-16,3,Yd,585.2225952148438,598.760498046875,603.3261108398438,580.5609130859375,588.3748779296875
M4_YHUR_SLUR,4,HUR,LUR,2025-03-14,2025-03-16,3,TSE,590.7511596679688,600.4869995117188,600.510009765625,600.3040161132812,600.5422973632812
M4_YHUR_SLUR,4,HUR,LUR,2025-03-14,2025-03-16,3,TSEC,39.49940872192383,39.995113372802734,39.976646423339844,39.98691177368164,40.054195404052734
M4_YHUR_SLUR,4,HUR,LUR,2025-03-15,2025-03-15,1,Yd,612.5358276367188,598.7379760742188,603.67236328125,596.6840209960938,593.9351806640625
M4_YHUR_SLUR,4,HUR,LUR,2025-03-15,2025-03-15,1,TSE,601.6385498046875,600.4847412109375,600.203857421875,600.47216796875,600.1972045898438
M4_YHUR_SLUR,4,HUR,LUR,2025-03-15,2025-03-15,1,TSEC,40.46416091918945,39.99441146850586,40.015804290771484,40.00883483886719,40.02877426147461
M4_YHUR_SLUR,4,HUR,LUR,2025-03-15,2025-03-16,2,Yd,585.2225952148438,598.7379760742188,599.2222290039062,605.6843872070312,592.4820556640625
M4_YHUR_SLUR,4,HUR,LUR,2025-03-15,2025-03-16,2,TSE,590.7511596679688,600.4847412109375,600.5711059570312,601.0824584960938,600.064697265625
M4_YHUR_SLUR,4,HUR,LUR,2025-03-15,2025-03-16,2,TSEC,39.49940872192383,39.99441146850586,39.968841552734375,40.0762825012207,40.06203842163086
M4_YHUR_SLUR,4,HUR,LUR,2025-03-15,2025-03-17,3,Yd,446.0150146484375,598.7379760742188,601.1693115234375,601.8115234375,592.6199340820312
M4_YHUR_SLUR,4,HUR,LUR,2025-03-15,2025-03-17,3,TSE,596.2108764648438,600.4847412109375,600.6974487304688,600.5029296875,599.8753662109375
M4_YHUR_SLUR,4,HUR,LUR,2025-03-15,2025-03-17,3,TSEC,39.94362258911133,39.99441146850586,39.99870681762695,40.06796646118164,40.081748962402344
M4_YHUR_SLUR,4,HUR,LUR,2025-03-16,2025-03-16,1,Yd,585.2225952148438,598.755126953125,602.4783325195312,587.7493286132812,596.2200317382812
M4_YHUR_SLUR,4,HUR,LUR,2025-03-16,2025-03-16,1,TSE,590.7511596679688,600.4862060546875,600.6019287109375,599.5204467773438,600.3021850585938
M4_YHUR_SLUR,4,HUR,LUR,2025-03-16,2025-03-16,1,TSEC,39.49940872192383,39.9949951171875,39.9913330078125,39.9566535949707,40.01719665527344
M4_YHUR_SLUR,4,HUR,LUR,2025-03-16,2025-03-17,2,Yd,446.0150146484375,598.755126953125,600.5306396484375,577.3611450195312,594.0381469726562
M4_YHUR_SLUR,4,HUR,LUR,2025-03-16,2025-03-17,2,TSE,596.2108764648438,600.4862060546875,597.7902221679688,600.62548828125,600.0157470703125
M4_YHUR_SLUR,4,HUR,LUR,2025-03-16,2025-03-17,2,TSEC,39.94362258911133,39.9949951171875,40.03306198120117,40.00262451171875,40.03889083862305
M4_YHUR_SLUR,4,HUR,LUR,2025-03-16,2025-03-18,3,Yd,534.8265380859375,598.755126953125,601.3112182617188,597.8781127929688,591.8986206054688
M4_YHUR_SLUR,4,HUR,LUR,2025-03-16,2025-03-18,3,TSE,596.8117065429688,600.4862060546875,600.2188110351562,600.7322387695312,599.7942504882812
M4_YHUR_SLUR,4,HUR,LUR,2025-03-16,2025-03-18,3,TSEC,40.93103790283203,39.9949951171875,40.0294075012207,40.00302505493164,40.0545654296875
M4_YHUR_SLUR,4,HUR,LUR,2025-03-17,2025-03-17,1,Yd,446.0150146484375,598.7383422851562,596.978515625,586.3589477539062,598.4228515625
M4_YHUR_SLUR,4,HUR,LUR,2025-03-17,2025-03-17,1,TSE,596.2108764648438,600.47412109375,597.3251342773438,599.7875366210938,600.1084594726562
M4_YHUR_SLUR,4,HUR,LUR,2025-03-17,2025-03-17,1,TSEC,39.94362258911133,39.99437713623047,40.02328872680664,40.07365798950195,40.021881103515625
M4_YHUR_SLUR,4,HUR,LUR,2025-03-17,2025-03-18,2,Yd,534.8265380859375,598.7383422851562,600.3590087890625,596.8710327148438,596.4074096679688
M4_YHUR_SLUR,4,HUR,LUR,2025-03-17,2025-03-18,2,TSE,596.8117065429688,600.47412109375,600.4149169921875,600.1844482421875,599.791015625
M4_YHUR_SLUR,4,HUR,LUR,2025-03-17,2025-03-18,2,TSEC,40.93103790283203,39.99437713623047,39.98318862915039,40.10541915893555,40.05164337158203
M4_YHUR_SLUR,4,HUR,LUR,2025-03-17,2025-03-19,3,Yd,601.9210815429688,598.7383422851562,599.0523071289062,600.1317749023438,594.4089965820312
M4_YHUR_SLUR,4,HUR,LUR,2025-03-17,2025-03-19,3,TSE,601.5597534179688,600.47412109375,599.8701782226562,600.015380859375,599.5911254882812
M4_YHUR_SLUR,4,HUR,LUR,2025-03-17,2025-03-19,3,TSEC,40.50501251220703,39.99437713623047,40.02004623413086,40.122581481933594,40.07905578613281
M4_YHUR_SLUR,4,HUR,LUR,2025-03-18,2025-03-18,1,Yd,534.8265380859375,598.549072265625,595.4238891601562,599.4608154296875,598.7408447265625
M4_YHUR_SLUR,4,HUR,LUR,2025-03-18,2025-03-18,1,TSE,596.8117065429688,600.4688110351562,600.2590942382812,599.82373046875,600.165771484375
M4_YHUR_SLUR,4,HUR,LUR,2025-03-18,2025-03-18,1,TSEC,40.93103790283203,39.99431610107422,39.9924201965332,40.020477294921875,40.0235595703125
M4_YHUR_SLUR,4,HUR,LUR,2025-03-18,2025-03-19,2,Yd,601.9210815429688,598.549072265625,600.3101806640625,598.6687622070312,597.0134887695312
M4_YHUR_SLUR,4,HUR,LUR,2025-03-18,2025-03-19,2,TSE,601.5597534179688,600.4688110351562,600.515869140625,599.7559814453125,600.0083618164062
M4_YHUR_SLUR,4,HUR,LUR,2025-03-18,2025-03-19,2,TSEC,40.50501251220703,39.99431610107422,39.978759765625,40.13616180419922,40.05530548095703
M4_YHUR_SLUR,4,HUR,LUR,2025-03-18,2025-03-20,3,Yd,702.9918823242188,598.549072265625,610.5767822265625,601.3682861328125,596.0135498046875
M4_YHUR_SLUR,4,HUR,LUR,2025-03-18,2025-03-20,3,TSE,602.9373168945312,600.4688110351562,600.3974609375,599.8380126953125,599.8229370117188
M4_YHUR_SLUR,4,HUR,LUR,2025-03-18,2025-03-20,3,TSEC,40.11259460449219,39.99431610107422,39.919071197509766,40.031558990478516,40.09288787841797
M4_YHUR_SLUR,4,HUR,LUR,2025-03-19,2025-03-19,1,Yd,601.9210815429688,598.47021484375,594.9667358398438,587.2750244140625,598.2675170898438
M4_YHUR_SLUR,4,HUR,LUR,2025-03-19,2025-03-19,1,TSE,601.5597534179688,600.4642944335938,599.6815185546875,600.8281860351562,600.4052124023438
M4_YHUR_SLUR,4,HUR,LUR,2025-03-19,2025-03-19,1,TSEC,40.50501251220703,39.99547576904297,40.00402069091797,39.95523452758789,40.021270751953125
M4_YHUR_SLUR,4,HUR,LUR,2025-03-19,2025-03-20,2,Yd,702.9918823242188,598.47021484375,581.0730590820312,595.5498046875,596.7550048828125
M4_YHUR_SLUR,4,HUR,LUR,2025-03-19,2025-03-20,2,TSE,602.9373168945312,600.4642944335938,600.2236938476562,600.8203735351562,600.3521118164062
M4_YHUR_SLUR,4,HUR,LUR,2025-03-19,2025-03-20,2,TSEC,40.11259460449219,39.99547576904297,40.026947021484375,40.08647537231445,40.05751419067383
M4_YHUR_SLUR,4,HUR,LUR,2025-03-19,2025-03-21,3,Yd,643.42529296875,598.47021484375,599.0668334960938,591.8251953125,595.5704345703125
M4_YHUR_SLUR,4,HUR,LUR,2025-03-19,2025-03-21,3,TSE,606.6701049804688,600.4642944335938,599.1951293945312,601.30322265625,600.1710205078125
M4_YHUR_SLUR,4,HUR,LUR,2025-03-19,2025-03-21,3,TSEC,39.88070297241211,39.99547576904297,40.01471710205078,40.1170768737793,40.09223937988281
M4_YHUR_SLUR,4,HUR,LUR,2025-03-20,2025-03-20,1,Yd,702.9918823242188,598.4744873046875,598.170654296875,582.2645263671875,596.6824340820312
M4_YHUR_SLUR,4,HUR,LUR,2025-03-20,2025-03-20,1,TSE,602.9373168945312,600.4656372070312,599.7007446289062,600.5999755859375,600.4503784179688
M4_YHUR_SLUR,4,HUR,LUR,2025-03-20,2025-03-20,1,TSEC,40.11259460449219,39.9961051940918,40.00279998779297,40.09431838989258,40.027713775634766
M4_YHUR_SLUR,4,HUR,LUR,2025-03-20,2025-03-21,2,Yd,643.42529296875,598.4744873046875,599.9284057617188,581.5023803710938,594.2283935546875
M4_YHUR_SLUR,4,HUR,LUR,2025-03-20,2025-03-21,2,TSE,606.6701049804688,600.4656372070312,598.6302490234375,600.3865356445312,600.4208984375
M4_YHUR_SLUR,4,HUR,LUR,2025-03-20,2025-03-21,2,TSEC,39.88070297241211,39.9961051940918,40.002525329589844,40.07484436035156,40.06380844116211
M4_YHUR_SLUR,4,HUR,LUR,2025-03-20,2025-03-22,3,Yd,638.32666015625,598.4744873046875,600.4603271484375,590.7135620117188,593.5818481445312
M4_YHUR_SLUR,4,HUR,LUR,2025-03-20,2025-03-22,3,TSE,605.2962646484375,600.4656372070312,599.242919921875,600.8352661132812,600.3165283203125
M4_YHUR_SLUR,4,HUR,LUR,2025-03-20,2025-03-22,3,TSEC,39.32296371459961,39.9961051940918,40.010257720947266,40.095272064208984,40.08634948730469
M4_YHUR_SLUR,4,HUR,LUR,2025-03-21,2025-03-21,1,Yd,643.42529296875,598.603515625,594.7510986328125,592.5927124023438,594.2693481445312
M4_YHUR_SLUR,4,HUR,LUR,2025-03-21,2025-03-21,1,TSE,606.6701049804688,600.4686889648438,599.6056518554688,599.9332275390625,600.4100341796875
M4_YHUR_SLUR,4,HUR,LUR,2025-03-21,2025-03-21,1,TSEC,39.88070297241211,39.996246337890625,40.02048873901367,40.03752136230469,40.02455520629883
M4_YHUR_SLUR,4,HUR,LUR,2025-03-21,2025-03-22,2,Yd,638.32666015625,598.603515625,599.4906616210938,585.563720703125,590.9014282226562
M4_YHUR_SLUR,4,HUR,LUR,2025-03-21,2025-03-22,2,TSE,605.2962646484375,600.4686889648438,600.2333984375,599.8876342773438,600.4057006835938
M4_YHUR_SLUR,4,HUR,LUR,2025-03-21,2025-03-22,2,TSEC,39.32296371459961,39.996246337890625,40.025726318359375,40.06763458251953,40.047550201416016
M4_YHUR_SLUR,4,HUR,LUR,2025-03-21,2025-03-23,3,Yd,535.3363037109375,598.603515625,597.1707763671875,589.0726928710938,591.2548828125
M4_YHUR_SLUR,4,HUR,LUR,2025-03-21,2025-03-23,3,TSE,592.4115600585938,600.4686889648438,600.8482055664062,599.4963989257812,600.4142456054688
M4_YHUR_SLUR,4,HUR,LUR,2025-03-21,2025-03-23,3,TSEC,40.2140007019043,39.996246337890625,40.020809173583984,40.026004791259766,40.05974197387695
M4_YHUR_SLUR,4,HUR,LUR,2025-03-22,2025-03-22,1,Yd,638.32666015625,598.6588134765625,594.6137084960938,589.757080078125,593.6005859375
M4_YHUR_SLUR,4,HUR,LUR,2025-03-22,2025-03-22,1,TSE,605.2962646484375,600.476318359375,600.7349853515625,600.6460571289062,600.3034057617188
M4_YHUR_SLUR,4,HUR,LUR,2025-03-22,2025-03-22,1,TSEC,39.32296371459961,39.99610900878906,39.96793746948242,39.95841598510742,40.01750946044922
M4_YHUR_SLUR,4,HUR,LUR,2025-03-22,2025-03-23,2,Yd,535.3363037109375,598.6588134765625,597.8093872070312,578.8822021484375,592.1259155273438
M4_YHUR_SLUR,4,HUR,LUR,2025-03-22,2025-03-23,2,TSE,592.4115600585938,600.476318359375,600.9100952148438,600.9822387695312,600.257568359375
M4_YHUR_SLUR,4,HUR,LUR,2025-03-22,2025-03-23,2,TSEC,40.2140007019043,39.99610900878906,40.036705017089844,39.97030258178711,40.038631439208984
M4_YHUR_SLUR,4,HUR,LUR,2025-03-22,2025-03-24,3,Yd,557.6302490234375,598.6588134765625,601.3746948242188,585.8965454101562,592.44921875
M4_YHUR_SLUR,4,HUR,LUR,2025-03-22,2025-03-24,3,TSE,615.3081665039062,600.476318359375,598.5233154296875,600.9012451171875,600.122314453125
M4_YHUR_SLUR,4,HUR,LUR,2025-03-22,2025-03-24,3,TSEC,40.49061965942383,39.99610900878906,39.97737503051758,39.988834381103516,40.05274963378906
M4_YHUR_SLUR,4,HUR,LUR,2025-03-23,2025-03-23,1,Yd,535.3363037109375,598.7076416015625,603.6630859375,583.9871215820312,595.72265625
M4_YHUR_SLUR,4,HUR,LUR,2025-03-23,2025-03-23,1,TSE,592.4115600585938,600.4822998046875,600.7957153320312,600.1444091796875,600.199951171875
M4_YHUR_SLUR,4,HUR,LUR,2025-03-23,2025-03-23,1,TSEC,40.2140007019043,39.995277404785156,39.99945831298828,40.023746490478516,40.02058792114258
M4_YHUR_SLUR,4,HUR,LUR,2025-03-23,2025-03-24,2,Yd,557.6302490234375,598.7076416015625,603.7392578125,587.4111938476562,594.3598022460938
M4_YHUR_SLUR,4,HUR,LUR,2025-03-23,2025-03-24,2,TSE,615.3081665039062,600.4822998046875,598.8900756835938,601.2462158203125,599.921142578125
M4_YHUR_SLUR,4,HUR,LUR,2025-03-23,2025-03-24,2,TSEC,40.49061965942383,39.995277404785156,40.071861267089844,40.01272201538086,40.04879379272461
M4_YHUR_SLUR,4,HUR,LUR,2025-03-23,2025-03-25,3,Yd,623.13916015625,598.7076416015625,602.7138061523438,591.319091796875,592.814208984375
M4_YHUR_SLUR,4,HUR,LUR,2025-03-23,2025-03-25,3,TSE,602.87744140625,600.4822998046875,600.1715087890625,601.2987060546875,599.5634155273438
M4_YHUR_SLUR,4,HUR,LUR,2025-03-23,2025-03-25,3,TSEC,39.353763580322266,39.995277404785156,40.102420806884766,40.01382827758789,40.06897735595703
M4_YHUR_SLUR,4,HUR,LUR,2025-03-24,2025-03-24,1,Yd,557.6302490234375,598.6296997070312,599.902587890625,579.2708740234375,597.9923095703125
M4_YHUR_SLUR,4,HUR,LUR,2025-03-24,2025-03-24,1,TSE,615.3081665039062,600.4723510742188,597.8793334960938,599.3150634765625,600.1658325195312
M4_YHUR_SLUR,4,HUR,LUR,2025-03-24,2025-03-24,1,TSEC,40.49061965942383,39.99554443359375,39.99564743041992,39.99961853027344,40.0158576965332
M4_YHUR_SLUR,4,HUR,LUR,2025-03-24,2025-03-25,2,Yd,623.13916015625,598.6296997070312,602.62353515625,584.7899780273438,595.7930297851562
M4_YHUR_SLUR,4,HUR,LUR,2025-03-24,2025-03-25,2,TSE,602.87744140625,600.4723510742188,600.032470703125,600.0453491210938,599.8897705078125
M4_YHUR_SLUR,4,HUR,LUR,2025-03-24,2025-03-25,2,TSEC,39.353763580322266,39.99554443359375,40.00685119628906,40.058387756347656,40.04045104980469
M4_YHUR_SLUR,4,HUR,LUR,2025-03-24,2025-03-26,3,Yd,625.3482055664062,598.6296997070312,597.8699340820312,594.8560180664062,593.0711059570312
M4_YHUR_SLUR,4,HUR,LUR,2025-03-24,2025-03-26,3,TSE,595.0598754882812,600.4723510742188,600.0516357421875,600.4142456054688,599.7300415039062
M4_YHUR_SLUR,4,HUR,LUR,2025-03-24,2025-03-26,3,TSEC,40.322242736816406,39.99554443359375,39.972740173339844,40.02559280395508,40.06302261352539
M4_YHUR_SLUR,4,HUR,LUR,2025-03-25,2025-03-25,1,Yd,623.13916015625,598.5792846679688,601.1683349609375,587.6290283203125,596.3216552734375
M4_YHUR_SLUR,4,HUR,LUR,2025-03-25,2025-03-25,1,TSE,602.87744140625,600.4905395507812,600.4979248046875,600.2807006835938,600.2138061523438
M4_YHUR_SLUR,4,HUR,LUR,2025-03-25,2025-03-25,1,TSEC,39.353763580322266,39.99615478515625,40.02791976928711,40.03723907470703,40.00663757324219
M4_YHUR_SLUR,4,HUR,LUR,2025-03-25,2025-03-26,2,Yd,625.3482055664062,598.5792846679688,599.12890625,586.5899047851562,592.65869140625
M4_YHUR_SLUR,4,HUR,LUR,2025-03-25,2025-03-26,2,TSE,595.0598754882812,600.4905395507812,600.03857421875,600.7830200195312,600.1531982421875
M4_YHUR_SLUR,4,HUR,LUR,2025-03-25,2025-03-26,2,TSEC,40.322242736816406,39.99615478515625,40.0179443359375,40.125823974609375,40.02640151977539
M4_YHUR_SLUR,4,HUR,LUR,2025-03-25,2025-03-27,3,Yd,485.82177734375,598.5792846679688,584.4495849609375,587.5140991210938,589.186767578125
M4_YHUR_SLUR,4,HUR,LUR,2025-03-25,2025-03-27,3,TSE,598.4983520507812,600.4905395507812,600.406982421875,599.8607788085938,600.091796875
M4_YHUR_SLUR,4,HUR,LUR,2025-03-25,2025-03-27,3,TSEC,39.99919891357422,39.99615478515625,40.06009292602539,40.108314514160156,40.05479431152344
M4_YHUR_SLUR,4,HUR,LUR,2025-03-26,2025-03-26,1,Yd,625.3482055664062,598.6094970703125,604.0517578125,593.9794921875,596.4066772460938
M4_YHUR_SLUR,4,HUR,LUR,2025-03-26,2025-03-26,1,TSE,595.0598754882812,600.4934692382812,600.1732788085938,599.0927124023438,600.1393432617188
M4_YHUR_SLUR,4,HUR,LUR,2025-03-26,2025-03-26,1,TSEC,40.322242736816406,39.995365142822266,40.013092041015625,40.09294128417969,40.02659225463867
M4_YHUR_SLUR,4,HUR,LUR,2025-03-26,2025-03-27,2,Yd,485.82177734375,598.6094970703125,606.424560546875,580.3272094726562,592.81591796875
M4_YHUR_SLUR,4,HUR,LUR,2025-03-26,2025-03-27,2,TSE,598.4983520507812,600.4934692382812,600.5079345703125,600.578857421875,599.8642578125
M4_YHUR_SLUR,4,HUR,LUR,2025-03-26,2025-03-27,2,TSEC,39.99919891357422,39.995365142822266,40.0104866027832,40.11854934692383,40.071372985839844
M4_YHUR_SLUR,4,HUR,LUR,2025-03-26,2025-03-28,3,Yd,630.68310546875,598.6094970703125,590.1123657226562,584.6864013671875,589.5791015625
M4_YHUR_SLUR,4,HUR,LUR,2025-03-26,2025-03-28,3,TSE,605.397216796875,600.4934692382812,600.6254272460938,599.8084716796875,599.7362060546875
M4_YHUR_SLUR,4,HUR,LUR,2025-03-26,2025-03-28,3,TSEC,39.86177444458008,39.995365142822266,40.013729095458984,40.083274841308594,40.110374450683594
M4_YHUR_SLUR,4,HUR,LUR,2025-03-27,2025-03-27,1,Yd,485.82177734375,598.6422119140625,611.8519287109375,596.1228637695312,595.0900268554688
M4_YHUR_SLUR,4,HUR,LUR,2025-03-27,2025-03-27,1,TSE,598.4983520507812,600.4868774414062,600.621826171875,599.3618774414062,600.2371215820312
M4_YHUR_SLUR,4,HUR,LUR,2025-03-27,2025-03-27,1,TSEC,39.99919891357422,39.99576950073242,39.988853454589844,40.02376937866211,40.03342056274414
M4_YHUR_SLUR,4,HUR,LUR,2025-03-27,2025-03-28,2,Yd,630.68310546875,598.6422119140625,596.9784545898438,581.0474853515625,591.0006713867188
M4_YHUR_SLUR,4,HUR,LUR,2025-03-27,2025-03-28,2,TSE,605.397216796875,600.4868774414062,599.445556640625,599.4113159179688,600.0741577148438
M4_YHUR_SLUR,4,HUR,LUR,2025-03-27,2025-03-28,2,TSEC,39.86177444458008,39.99576950073242,39.99891662597656,40.048973083496094,40.073631286621094
M4_YHUR_SLUR,4,HUR,LUR,2025-03-27,2025-03-29,3,Yd,667.1371459960938,598.6422119140625,595.5887451171875,584.7681274414062,587.923828125
M4_YHUR_SLUR,4,HUR,LUR,2025-03-27,2025-03-29,3,TSE,602.8506469726562,600.4868774414062,600.011962890625,599.4189453125,599.9634399414062
M4_YHUR_SLUR,4,HUR,LUR,2025-03-27,2025-03-29,3,TSEC,39.984745025634766,39.99576950073242,39.9920539855957,39.99470520019531,40.094146728515625
M4_YHUR_SLUR,4,HUR,LUR,2025-03-28,2025-03-28,1,Yd,630.68310546875,598.5040893554688,594.6746826171875,583.363037109375,594.885986328125
M4_YHUR_SLUR,4,HUR,LUR,2025-03-28,2025-03-28,1,TSE,605.397216796875,600.4844970703125,599.2489624023438,600.923583984375,600.1116333007812
M4_YHUR_SLUR,4,HUR,LUR,2025-03-28,2025-03-28,1,TSEC,39.86177444458008,39.99577331542969,40.017677307128906,39.995323181152344,40.0413703918457
M4_YHUR_SLUR,4,HUR,LUR,2025-03-28,2025-03-29,2,Yd,667.1371459960938,598.5040893554688,613.3978881835938,590.6366577148438,591.5194702148438
M4_YHUR_SLUR,4,HUR,LUR,2025-03-28,2025-03-29,2,TSE,602.8506469726562,600.4844970703125,599.9046630859375,600.3455200195312,599.8590087890625
M4_YHUR_SLUR,4,HUR,LUR,2025-03-28,2025-03-29,2,TSEC,39.984745025634766,39.99577331542969,40.00751495361328,40.05057144165039,40.0769157409668
M4_YHUR_SLUR,4,HUR,LUR,2025-03-28,2025-03-30,3,Yd,608.6598510742188,598.5040893554688,600.4928588867188,589.1742553710938,592.0245361328125
M4_YHUR_SLUR,4,HUR,LUR,2025-03-28,2025-03-30,3,TSE,595.4823608398438,600.4844970703125,601.5903930664062,599.8318481445312,599.701171875
M4_YHUR_SLUR,4,HUR,LUR,2025-03-28,2025-03-30,3,TSEC,39.8709831237793,39.99577331542969,39.99141311645508,40.0242805480957,40.100502014160156
M4_YHUR_SLUR,4,HUR,LUR,2025-03-29,2025-03-29,1,Yd,667.1371459960938,598.54345703125,596.0289916992188,582.315673828125,593.7115478515625
M4_YHUR_SLUR,4,HUR,LUR,2025-03-29,2025-03-29,1,TSE,602.8506469726562,600.490478515625,600.3722534179688,600.8327026367188,600.0551147460938
M4_YHUR_SLUR,4,HUR,LUR,2025-03-29,2025-03-29,1,TSEC,39.984745025634766,39.995609283447266,40.101409912109375,40.06814193725586,40.02851104736328
M4_YHUR_SLUR,4,HUR,LUR,2025-03-29,2025-03-30,2,Yd,608.6598510742188,598.54345703125,600.4967041015625,574.044921875,592.1483154296875
M4_YHUR_SLUR,4,HUR,LUR,2025-03-29,2025-03-30,2,TSE,595.4823608398438,600.490478515625,601.5479736328125,600.5330200195312,599.8182983398438
M4_YHUR_SLUR,4,HUR,LUR,2025-03-29,2025-03-30,2,TSEC,39.8709831237793,39.995609283447266,39.946510314941406,40.03995132446289,40.06065368652344
M4_YHUR_SLUR,4,HUR,LUR,2025-03-29,2025-03-31,3,Yd,621.2140502929688,598.54345703125,598.0862426757812,571.0579833984375,593.5634155273438
M4_YHUR_SLUR,4,HUR,LUR,2025-03-29,2025-03-31,3,TSE,608.5557250976562,600.490478515625,597.9191284179688,600.3776245117188,599.6516723632812
M4_YHUR_SLUR,4,HUR,LUR,2025-03-29,2025-03-31,3,TSEC,39.81444549560547,39.995609283447266,40.00449752807617,40.00608444213867,40.08622360229492
M4_YHUR_SLUR,4,HUR,LUR,2025-03-30,2025-03-30,1,Yd,608.6598510742188,598.627197265625,598.5368041992188,593.6937255859375,595.5789184570312
M4_YHUR_SLUR,4,HUR,LUR,2025-03-30,2025-03-30,1,TSE,595.4823608398438,600.4933471679688,601.5977172851562,599.7695922851562,600.1483764648438
M4_YHUR_SLUR,4,HUR,LUR,2025-03-30,2025-03-30,1,TSEC,39.8709831237793,39.9955940246582,40.0074348449707,39.966552734375,40.01934814453125
M4_YHUR_SLUR,4,HUR,LUR,2025-03-30,2025-03-31,2,Yd,621.2140502929688,598.627197265625,601.1403198242188,593.2644653320312,594.71630859375
M4_YHUR_SLUR,4,HUR,LUR,2025-03-30,2025-03-31,2,TSE,608.5557250976562,600.4933471679688,597.9202880859375,600.3079223632812,599.876953125
M4_YHUR_SLUR,4,HUR,LUR,2025-03-30,2025-03-31,2,TSEC,39.81444549560547,39.9955940246582,40.00221633911133,40.00925827026367,40.04765701293945
M4_YHUR_SLUR,4,HUR,LUR,2025-03-30,2025-04-01,3,Yd,606.9888305664062,598.627197265625,596.9751586914062,597.2490844726562,592.9859008789062
M4_YHUR_SLUR,4,HUR,LUR,2025-03-30,2025-04-01,3,TSE,595.960205078125,600.4933471679688,600.1134643554688,600.4425048828125,599.6268310546875
M4_YHUR_SLUR,4,HUR,LUR,2025-03-30,2025-04-01,3,TSEC,39.71177673339844,39.9955940246582,40.05372619628906,39.999290466308594,40.0628547668457
