case_id,M,yd_level,solar_level,origin_date,target_date,step,variable,true,MEAN,ARIMA,RNN,LSTM
M8_YLUR_SLUR,8,LUR,LUR,2024-12-31,2024-12-31,1,Yd,1188.78759765625,1199.849609375,1200.660888671875,1195.43798828125,1199.33642578125
M8_YLUR_SLUR,8,LUR,LUR,2024-12-31,2024-12-31,1,TSE,1196.9425048828125,1200.021484375,1198.6683349609375,1197.44140625,1200.1268310546875
M8_YLUR_SLUR,8,LUR,LUR,2024-12-31,2024-12-31,1,TSEC,79.06876373291016,80.03690338134766,80.0938491821289,80.01966094970703,80.0285873413086
M8_YLUR_SLUR,8,LUR,LUR,2024-12-31,2025-01-01,2,Yd,1189.3240966796875,1199.849609375,1200.4012451171875,1188.972412109375,1198.978759765625
M8_YLUR_SLUR,8,LUR,LUR,2024-12-31,2025-01-01,2,TSE,1226.1209716796875,1200.021484375,1198.7037353515625,1200.844970703125,1200.064453125
M8_YLUR_SLUR,8,LUR,LUR,2024-12-31,2025-01-01,2,TSEC,78.52115631103516,80.03690338134766,80.1437759399414,80.10711669921875,80.01461029052734
M8_YLUR_SLUR,8,LUR,LUR,2024-12-31,2025-01-02,3,Yd,1189.9044189453125,1199.849609375,1200.8929443359375,1191.130615234375,1198.5877685546875
M8_YLUR_SLUR,8,LUR,LUR,2024-12-31,2025-01-02,3,TSE,1180.8251953125,1200.021484375,1199.10546875,1199.7208251953125,1199.982177734375
M8_YLUR_SLUR,8,LUR,LUR,2024-12-31,2025-01-02,3,TSEC,81.39610290527344,80.03690338134766,80.0764389038086,80.25370025634766,79.99284362792969
M8_YLUR_SLUR,8,LUR,LUR,2025-01-01,2025-01-01,1,Yd,1189.3240966796875,1199.83447265625,1200.3514404296875,1196.2242431640625,1199.233642578125
M8_YLUR_SLUR,8,LUR,LUR,2025-01-01,2025-01-01,1,TSE,1226.1209716796875,1200.0172119140625,1199.248291015625,1197.278564453125,1200.04638671875
M8_YLUR_SLUR,8,LUR,LUR,2025-01-01,2025-01-01,1,TSEC,78.52115631103516,80.03557586669922,80.11469268798828,80.15819549560547,80.01933288574219
M8_YLUR_SLUR,8,LUR,LUR,2025-01-01,2025-01-02,2,Yd,1189.9044189453125,1199.83447265625,1200.18505859375,1192.8145751953125,1198.8087158203125
M8_YLUR_SLUR,8,LUR,LUR,2025-01-01,2025-01-02,2,TSE,1180.8251953125,1200.0172119140625,1197.7830810546875,1198.2012939453125,1199.8570556640625
M8_YLUR_SLUR,8,LUR,LUR,2025-01-01,2025-01-02,2,TSEC,81.39610290527344,80.03557586669922,80.07947540283203,80.1149673461914,79.99552917480469
M8_YLUR_SLUR,8,LUR,LUR,2025-01-01,2025-01-03,3,Yd,1192.2293701171875,1199.83447265625,1200.322998046875,1193.1893310546875,1198.455078125
M8_YLUR_SLUR,8,LUR,LUR,2025-01-01,2025-01-03,3,TSE,1202.9432373046875,1200.0172119140625,1199.4205322265625,1201.189453125,1199.69677734375
M8_YLUR_SLUR,8,LUR,LUR,2025-01-01,2025-01-03,3,TSEC,80.68731689453125,80.03557586669922,80.10596466064453,80.24659729003906,79.97652435302734
M8_YLUR_SLUR,8,LUR,LUR,2025-01-02,2025-01-02,1,Yd,1189.9044189453125,1199.820068359375,1199.740966796875,1194.9715576171875,1199.242431640625
M8_YLUR_SLUR,8,LUR,LUR,2025-01-02,2025-01-02,1,TSE,1180.8251953125,1200.052978515625,1198.708251953125,1197.534912109375,1199.870849609375
M8_YLUR_SLUR,8,LUR,LUR,2025-01-02,2025-01-02,1,TSEC,81.39610290527344,80.03350830078125,80.1794204711914,80.03816223144531,80.00867462158203
M8_YLUR_SLUR,8,LUR,LUR,2025-01-02,2025-01-03,2,Yd,1192.2293701171875,1199.820068359375,1199.1724853515625,1191.6993408203125,1198.78955078125
M8_YLUR_SLUR,8,LUR,LUR,2025-01-02,2025-01-03,2,TSE,1202.9432373046875,1200.052978515625,1199.7054443359375,1200.6134033203125,1199.60009765625
M8_YLUR_SLUR,8,LUR,LUR,2025-01-02,2025-01-03,2,TSEC,80.68731689453125,80.03350830078125,80.25262451171875,79.94113159179688,79.98358917236328
M8_YLUR_SLUR,8,LUR,LUR,2025-01-02,2025-01-04,3,Yd,1204.389404296875,1199.820068359375,1200.0540771484375,1194.3790283203125,1198.2896728515625
M8_YLUR_SLUR,8,LUR,LUR,2025-01-02,2025-01-04,3,TSE,1193.1820068359375,1200.052978515625,1198.0657958984375,1200.361328125,1199.595458984375
M8_YLUR_SLUR,8,LUR,LUR,2025-01-02,2025-01-04,3,TSEC,79.63404846191406,80.03350830078125,80.10952758789062,79.862060546875,79.9644775390625
M8_YLUR_SLUR,8,LUR,LUR,2025-01-03,2025-01-03,1,Yd,1192.2293701171875,1199.806640625,1199.1317138671875,1198.88671875,1199.26806640625
M8_YLUR_SLUR,8,LUR,LUR,2025-01-03,2025-01-03,1,TSE,1202.9432373046875,1200.0267333984375,1200.3453369140625,1199.4488525390625,1200.0594482421875
M8_YLUR_SLUR,8,LUR,LUR,2025-01-03,2025-01-03,1,TSEC,80.68731689453125,80.03536987304688,80.03302764892578,79.82089233398438,80.02127075195312
M8_YLUR_SLUR,8,LUR,LUR,2025-01-03,2025-01-04,2,Yd,1204.389404296875,1199.806640625,1199.921630859375,1198.7293701171875,1198.8717041015625
M8_YLUR_SLUR,8,LUR,LUR,2025-01-03,2025-01-04,2,TSE,1193.1820068359375,1200.0267333984375,1194.3228759765625,1198.0330810546875,1199.929931640625
M8_YLUR_SLUR,8,LUR,LUR,2025-01-03,2025-01-04,2,TSEC,79.63404846191406,80.03536987304688,80.0855712890625,79.68904113769531,79.99993896484375
M8_YLUR_SLUR,8,LUR,LUR,2025-01-03,2025-01-05,3,Yd,1225.321044921875,1199.806640625,1199.2020263671875,1197.203857421875,1198.5006103515625
M8_YLUR_SLUR,8,LUR,LUR,2025-01-03,2025-01-05,3,TSE,1193.691162109375,1200.0267333984375,1197.6336669921875,1198.9761962890625,1199.6387939453125
M8_YLUR_SLUR,8,LUR,LUR,2025-01-03,2025-01-05,3,TSEC,80.09762573242188,80.03536987304688,80.01018524169922,79.6371841430664,79.9798812866211
M8_YLUR_SLUR,8,LUR,LUR,2025-01-04,2025-01-04,1,Yd,1204.389404296875,1199.7962646484375,1199.9132080078125,1194.789794921875,1199.2703857421875
M8_YLUR_SLUR,8,LUR,LUR,2025-01-04,2025-01-04,1,TSE,1193.1820068359375,1200.0306396484375,1201.8211669921875,1200.4180908203125,1200.0128173828125
M8_YLUR_SLUR,8,LUR,LUR,2025-01-04,2025-01-04,1,TSEC,79.63404846191406,80.0362548828125,80.10771179199219,80.21455383300781,80.01370239257812
M8_YLUR_SLUR,8,LUR,LUR,2025-01-04,2025-01-05,2,Yd,1225.321044921875,1199.7962646484375,1199.8707275390625,1196.85888671875,1198.9095458984375
M8_YLUR_SLUR,8,LUR,LUR,2025-01-04,2025-01-05,2,TSE,1193.691162109375,1200.0306396484375,1197.2322998046875,1202.5782470703125,1199.7117919921875
M8_YLUR_SLUR,8,LUR,LUR,2025-01-04,2025-01-05,2,TSEC,80.09762573242188,80.0362548828125,80.08393096923828,79.92156219482422,79.99783325195312
M8_YLUR_SLUR,8,LUR,LUR,2025-01-04,2025-01-06,3,Yd,1210.783935546875,1199.7962646484375,1199.9088134765625,1196.4503173828125,1198.64111328125
M8_YLUR_SLUR,8,LUR,LUR,2025-01-04,2025-01-06,3,TSE,1215.4500732421875,1200.0306396484375,1199.2158203125,1199.6492919921875,1199.3372802734375
M8_YLUR_SLUR,8,LUR,LUR,2025-01-04,2025-01-06,3,TSEC,80.0269546508789,80.0362548828125,80.14398193359375,79.87947082519531,79.998291015625
M8_YLUR_SLUR,8,LUR,LUR,2025-01-05,2025-01-05,1,Yd,1225.321044921875,1199.802490234375,1199.6925048828125,1200.42919921875,1199.2735595703125
M8_YLUR_SLUR,8,LUR,LUR,2025-01-05,2025-01-05,1,TSE,1193.691162109375,1200.0213623046875,1197.2657470703125,1203.6722412109375,1199.8802490234375
M8_YLUR_SLUR,8,LUR,LUR,2025-01-05,2025-01-05,1,TSEC,80.09762573242188,80.03570556640625,80.06480407714844,80.04237365722656,80.01974487304688
M8_YLUR_SLUR,8,LUR,LUR,2025-01-05,2025-01-06,2,Yd,1210.783935546875,1199.802490234375,1200.0894775390625,1201.179443359375,1199.0399169921875
M8_YLUR_SLUR,8,LUR,LUR,2025-01-05,2025-01-06,2,TSE,1215.4500732421875,1200.0213623046875,1199.2786865234375,1201.2158203125,1199.5455322265625
M8_YLUR_SLUR,8,LUR,LUR,2025-01-05,2025-01-06,2,TSEC,80.0269546508789,80.03570556640625,80.10540771484375,79.91059112548828,80.01618194580078
M8_YLUR_SLUR,8,LUR,LUR,2025-01-05,2025-01-07,3,Yd,1194.335693359375,1199.802490234375,1199.7830810546875,1200.2918701171875,1198.9541015625
M8_YLUR_SLUR,8,LUR,LUR,2025-01-05,2025-01-07,3,TSE,1208.083251953125,1200.0213623046875,1198.373046875,1202.199951171875,1199.3875732421875
M8_YLUR_SLUR,8,LUR,LUR,2025-01-05,2025-01-07,3,TSEC,81.20852661132812,80.03570556640625,80.07389831542969,80.2389144897461,80.02081298828125
M8_YLUR_SLUR,8,LUR,LUR,2025-01-06,2025-01-06,1,Yd,1210.783935546875,1199.8372802734375,1200.7286376953125,1199.1719970703125,1199.3880615234375
M8_YLUR_SLUR,8,LUR,LUR,2025-01-06,2025-01-06,1,TSE,1215.4500732421875,1200.0126953125,1198.3084716796875,1201.4776611328125,1199.8450927734375
M8_YLUR_SLUR,8,LUR,LUR,2025-01-06,2025-01-06,1,TSEC,80.0269546508789,80.0357894897461,80.21794128417969,79.85895538330078,80.02796936035156
M8_YLUR_SLUR,8,LUR,LUR,2025-01-06,2025-01-07,2,Yd,1194.335693359375,1199.8372802734375,1199.9110107421875,1199.9228515625,1199.257568359375
M8_YLUR_SLUR,8,LUR,LUR,2025-01-06,2025-01-07,2,TSE,1208.083251953125,1200.0126953125,1199.57666015625,1200.0269775390625,1199.655029296875
M8_YLUR_SLUR,8,LUR,LUR,2025-01-06,2025-01-07,2,TSEC,81.20852661132812,80.0357894897461,80.11569213867188,79.81269073486328,80.02963256835938
M8_YLUR_SLUR,8,LUR,LUR,2025-01-06,2025-01-08,3,Yd,1211.5621337890625,1199.8372802734375,1200.880615234375,1199.0057373046875,1199.1788330078125
M8_YLUR_SLUR,8,LUR,LUR,2025-01-06,2025-01-08,3,TSE,1182.8258056640625,1200.0126953125,1197.0787353515625,1199.4993896484375,1199.589599609375
M8_YLUR_SLUR,8,LUR,LUR,2025-01-06,2025-01-08,3,TSEC,80.53568267822266,80.0357894897461,80.1823959350586,80.03711700439453,80.02338409423828
M8_YLUR_SLUR,8,LUR,LUR,2025-01-07,2025-01-07,1,Yd,1194.335693359375,1199.85205078125,1200.519775390625,1198.4547119140625,1199.4644775390625
M8_YLUR_SLUR,8,LUR,LUR,2025-01-07,2025-01-07,1,TSE,1208.083251953125,1200.03369140625,1198.3800048828125,1199.447509765625,1200.0205078125
M8_YLUR_SLUR,8,LUR,LUR,2025-01-07,2025-01-07,1,TSEC,81.20852661132812,80.0357894897461,80.07646942138672,80.00923919677734,80.02848815917969
M8_YLUR_SLUR,8,LUR,LUR,2025-01-07,2025-01-08,2,Yd,1211.5621337890625,1199.85205078125,1200.50634765625,1195.1531982421875,1199.2091064453125
M8_YLUR_SLUR,8,LUR,LUR,2025-01-07,2025-01-08,2,TSE,1182.8258056640625,1200.03369140625,1199.4833984375,1197.7540283203125,1199.8770751953125
M8_YLUR_SLUR,8,LUR,LUR,2025-01-07,2025-01-08,2,TSEC,80.53568267822266,80.0357894897461,80.34481048583984,79.98604583740234,80.01599884033203
M8_YLUR_SLUR,8,LUR,LUR,2025-01-07,2025-01-09,3,Yd,1224.738037109375,1199.85205078125,1200.5185546875,1195.1259765625,1198.7701416015625
M8_YLUR_SLUR,8,LUR,LUR,2025-01-07,2025-01-09,3,TSE,1219.282470703125,1200.03369140625,1198.7330322265625,1197.0325927734375,1199.730224609375
M8_YLUR_SLUR,8,LUR,LUR,2025-01-07,2025-01-09,3,TSEC,79.9753189086914,80.0357894897461,79.60696411132812,79.974609375,79.99141693115234
M8_YLUR_SLUR,8,LUR,LUR,2025-01-08,2025-01-08,1,Yd,1211.5621337890625,1199.8447265625,1200.031982421875,1196.525146484375,1199.4111328125
M8_YLUR_SLUR,8,LUR,LUR,2025-01-08,2025-01-08,1,TSE,1182.8258056640625,1200.0445556640625,1197.986083984375,1198.7508544921875,1200.115966796875
M8_YLUR_SLUR,8,LUR,LUR,2025-01-08,2025-01-08,1,TSEC,80.53568267822266,80.0373764038086,80.09727478027344,80.00118255615234,80.02039337158203
M8_YLUR_SLUR,8,LUR,LUR,2025-01-08,2025-01-09,2,Yd,1224.738037109375,1199.8447265625,1199.9571533203125,1195.317626953125,1199.0352783203125
M8_YLUR_SLUR,8,LUR,LUR,2025-01-08,2025-01-09,2,TSE,1219.282470703125,1200.0445556640625,1198.537841796875,1197.74755859375,1200.017578125
M8_YLUR_SLUR,8,LUR,LUR,2025-01-08,2025-01-09,2,TSEC,79.9753189086914,80.0373764038086,80.08493041992188,79.8823471069336,80.00348663330078
M8_YLUR_SLUR,8,LUR,LUR,2025-01-08,2025-01-10,3,Yd,1205.29443359375,1199.8447265625,1200.02490234375,1198.58203125,1198.767578125
M8_YLUR_SLUR,8,LUR,LUR,2025-01-08,2025-01-10,3,TSE,1205.0802001953125,1200.0445556640625,1199.55615234375,1200.359130859375,1199.910888671875
M8_YLUR_SLUR,8,LUR,LUR,2025-01-08,2025-01-10,3,TSEC,80.36261749267578,80.0373764038086,80.0772933959961,80.07295989990234,79.99592590332031
M8_YLUR_SLUR,8,LUR,LUR,2025-01-09,2025-01-09,1,Yd,1224.738037109375,1199.8604736328125,1200.7769775390625,1195.68505859375,1199.4412841796875
M8_YLUR_SLUR,8,LUR,LUR,2025-01-09,2025-01-09,1,TSE,1219.282470703125,1200.0213623046875,1199.2198486328125,1198.7457275390625,1199.966552734375
M8_YLUR_SLUR,8,LUR,LUR,2025-01-09,2025-01-09,1,TSEC,79.9753189086914,80.03804779052734,80.10575866699219,80.03419494628906,80.02210235595703
M8_YLUR_SLUR,8,LUR,LUR,2025-01-09,2025-01-10,2,Yd,1205.29443359375,1199.8604736328125,1200.9970703125,1197.1156005859375,1199.1534423828125
M8_YLUR_SLUR,8,LUR,LUR,2025-01-09,2025-01-10,2,TSE,1205.0802001953125,1200.0213623046875,1199.2529296875,1201.98681640625,1199.89794921875
M8_YLUR_SLUR,8,LUR,LUR,2025-01-09,2025-01-10,2,TSEC,80.36261749267578,80.03804779052734,80.12411499023438,80.04553985595703,80.01580047607422
M8_YLUR_SLUR,8,LUR,LUR,2025-01-09,2025-01-11,3,Yd,1203.28466796875,1199.8604736328125,1200.6419677734375,1196.2669677734375,1198.8338623046875
M8_YLUR_SLUR,8,LUR,LUR,2025-01-09,2025-01-11,3,TSE,1182.61669921875,1200.0213623046875,1197.255859375,1200.7423095703125,1199.9140625
M8_YLUR_SLUR,8,LUR,LUR,2025-01-09,2025-01-11,3,TSEC,78.71795654296875,80.03804779052734,80.144287109375,79.7817153930664,80.00830841064453
M8_YLUR_SLUR,8,LUR,LUR,2025-01-10,2025-01-10,1,Yd,1205.29443359375,1199.89404296875,1199.9599609375,1198.650634765625,1199.288818359375
M8_YLUR_SLUR,8,LUR,LUR,2025-01-10,2025-01-10,1,TSE,1205.0802001953125,1200.0472412109375,1198.5906982421875,1201.263427734375,1199.98974609375
M8_YLUR_SLUR,8,LUR,LUR,2025-01-10,2025-01-10,1,TSEC,80.36261749267578,80.0379638671875,80.23926544189453,79.8133316040039,80.02123260498047
M8_YLUR_SLUR,8,LUR,LUR,2025-01-10,2025-01-11,2,Yd,1203.28466796875,1199.89404296875,1200.7056884765625,1197.8768310546875,1198.937744140625
M8_YLUR_SLUR,8,LUR,LUR,2025-01-10,2025-01-11,2,TSE,1182.61669921875,1200.0472412109375,1198.1832275390625,1203.857666015625,1199.824462890625
M8_YLUR_SLUR,8,LUR,LUR,2025-01-10,2025-01-11,2,TSEC,78.71795654296875,80.0379638671875,80.09766387939453,80.1883316040039,80.00457000732422
M8_YLUR_SLUR,8,LUR,LUR,2025-01-10,2025-01-12,3,Yd,1204.781494140625,1199.89404296875,1198.49462890625,1198.1905517578125,1198.648681640625
M8_YLUR_SLUR,8,LUR,LUR,2025-01-10,2025-01-12,3,TSE,1195.161376953125,1200.0472412109375,1197.99462890625,1200.369140625,1199.7071533203125
M8_YLUR_SLUR,8,LUR,LUR,2025-01-10,2025-01-12,3,TSEC,79.05810546875,80.0379638671875,80.22477722167969,80.16421508789062,79.99178314208984
M8_YLUR_SLUR,8,LUR,LUR,2025-01-11,2025-01-11,1,Yd,1203.28466796875,1199.9013671875,1200.8311767578125,1195.8388671875,1199.2633056640625
M8_YLUR_SLUR,8,LUR,LUR,2025-01-11,2025-01-11,1,TSE,1182.61669921875,1200.0540771484375,1197.4241943359375,1199.0560302734375,1199.9755859375
M8_YLUR_SLUR,8,LUR,LUR,2025-01-11,2025-01-11,1,TSEC,78.71795654296875,80.03839874267578,80.09784698486328,80.20813751220703,80.01356506347656
M8_YLUR_SLUR,8,LUR,LUR,2025-01-11,2025-01-12,2,Yd,1204.781494140625,1199.9013671875,1200.4500732421875,1196.933349609375,1199.0074462890625
M8_YLUR_SLUR,8,LUR,LUR,2025-01-11,2025-01-12,2,TSE,1195.161376953125,1200.0540771484375,1198.8023681640625,1201.1123046875,1199.8453369140625
M8_YLUR_SLUR,8,LUR,LUR,2025-01-11,2025-01-12,2,TSEC,79.05810546875,80.03839874267578,80.22449493408203,80.24437713623047,79.99820709228516
M8_YLUR_SLUR,8,LUR,LUR,2025-01-11,2025-01-13,3,Yd,1196.4742431640625,1199.9013671875,1200.85107421875,1196.002197265625,1198.9068603515625
M8_YLUR_SLUR,8,LUR,LUR,2025-01-11,2025-01-13,3,TSE,1200.173828125,1200.0540771484375,1198.84326171875,1199.58935546875,1199.684814453125
M8_YLUR_SLUR,8,LUR,LUR,2025-01-11,2025-01-13,3,TSEC,79.63667297363281,80.03839874267578,79.98011779785156,80.08483123779297,80.00439453125
M8_YLUR_SLUR,8,LUR,LUR,2025-01-12,2025-01-12,1,Yd,1204.781494140625,1199.906005859375,1200.6053466796875,1196.2471923828125,1199.3514404296875
M8_YLUR_SLUR,8,LUR,LUR,2025-01-12,2025-01-12,1,TSE,1195.161376953125,1200.030517578125,1197.888671875,1197.4454345703125,1199.96044921875
M8_YLUR_SLUR,8,LUR,LUR,2025-01-12,2025-01-12,1,TSEC,79.05810546875,80.03662109375,80.2276611328125,80.11148071289062,80.02117919921875
M8_YLUR_SLUR,8,LUR,LUR,2025-01-12,2025-01-13,2,Yd,1196.4742431640625,1199.906005859375,1200.793701171875,1192.619140625,1199.180908203125
M8_YLUR_SLUR,8,LUR,LUR,2025-01-12,2025-01-13,2,TSE,1200.173828125,1200.030517578125,1199.1077880859375,1196.5224609375,1199.70556640625
M8_YLUR_SLUR,8,LUR,LUR,2025-01-12,2025-01-13,2,TSEC,79.63667297363281,80.03662109375,80.01143646240234,80.05880737304688,80.02294921875
M8_YLUR_SLUR,8,LUR,LUR,2025-01-12,2025-01-14,3,Yd,1218.393798828125,1199.906005859375,1200.9183349609375,1190.564208984375,1199.1370849609375
M8_YLUR_SLUR,8,LUR,LUR,2025-01-12,2025-01-14,3,TSE,1202.260986328125,1200.030517578125,1198.9473876953125,1194.7845458984375,1199.6429443359375
M8_YLUR_SLUR,8,LUR,LUR,2025-01-12,2025-01-14,3,TSEC,80.19017791748047,80.03662109375,80.242919921875,80.05874633789062,80.03008270263672
M8_YLUR_SLUR,8,LUR,LUR,2025-01-13,2025-01-13,1,Yd,1196.4742431640625,1199.9124755859375,1201.162841796875,1195.0755615234375,1199.4342041015625
M8_YLUR_SLUR,8,LUR,LUR,2025-01-13,2025-01-13,1,TSE,1200.173828125,1200.0240478515625,1199.09765625,1198.8521728515625,1199.945556640625
M8_YLUR_SLUR,8,LUR,LUR,2025-01-13,2025-01-13,1,TSEC,79.63667297363281,80.0353012084961,80.11172485351562,80.20233154296875,80.03507995605469
M8_YLUR_SLUR,8,LUR,LUR,2025-01-13,2025-01-14,2,Yd,1218.393798828125,1199.9124755859375,1201.0457763671875,1191.1839599609375,1199.3438720703125
M8_YLUR_SLUR,8,LUR,LUR,2025-01-13,2025-01-14,2,TSE,1202.260986328125,1200.0240478515625,1198.978759765625,1195.340087890625,1199.84521484375
M8_YLUR_SLUR,8,LUR,LUR,2025-01-13,2025-01-14,2,TSEC,80.19017791748047,80.0353012084961,80.06156921386719,80.27537536621094,80.04195404052734
M8_YLUR_SLUR,8,LUR,LUR,2025-01-13,2025-01-15,3,Yd,1214.255615234375,1199.9124755859375,1201.207763671875,1191.25537109375,1199.2869873046875
M8_YLUR_SLUR,8,LUR,LUR,2025-01-13,2025-01-15,3,TSE,1191.9617919921875,1200.0240478515625,1199.28662109375,1195.6749267578125,1199.7320556640625
M8_YLUR_SLUR,8,LUR,LUR,2025-01-13,2025-01-15,3,TSEC,78.6052474975586,80.0353012084961,80.09452819824219,80.20779418945312,80.0296630859375
M8_YLUR_SLUR,8,LUR,LUR,2025-01-14,2025-01-14,1,Yd,1218.393798828125,1199.907958984375,1201.2132568359375,1195.0028076171875,1199.5389404296875
M8_YLUR_SLUR,8,LUR,LUR,2025-01-14,2025-01-14,1,TSE,1202.260986328125,1200.024169921875,1199.2523193359375,1197.5474853515625,1200.00927734375
M8_YLUR_SLUR,8,LUR,LUR,2025-01-14,2025-01-14,1,TSEC,80.19017791748047,80.0347671508789,80.03717041015625,80.11967468261719,80.03741455078125
M8_YLUR_SLUR,8,LUR,LUR,2025-01-14,2025-01-15,2,Yd,1214.255615234375,1199.907958984375,1201.1778564453125,1192.046630859375,1199.351318359375
M8_YLUR_SLUR,8,LUR,LUR,2025-01-14,2025-01-15,2,TSE,1191.9617919921875,1200.024169921875,1199.2747802734375,1196.9656982421875,1199.8668212890625
M8_YLUR_SLUR,8,LUR,LUR,2025-01-14,2025-01-15,2,TSEC,78.6052474975586,80.0347671508789,80.07244873046875,80.12102508544922,80.02729797363281
M8_YLUR_SLUR,8,LUR,LUR,2025-01-14,2025-01-16,3,Yd,1219.9224853515625,1199.907958984375,1200.4510498046875,1193.49658203125,1198.989501953125
M8_YLUR_SLUR,8,LUR,LUR,2025-01-14,2025-01-16,3,TSE,1219.840087890625,1200.024169921875,1199.3780517578125,1199.4681396484375,1199.7625732421875
M8_YLUR_SLUR,8,LUR,LUR,2025-01-14,2025-01-16,3,TSEC,78.84618377685547,80.0347671508789,80.02041625976562,80.0169906616211,80.00614929199219
M8_YLUR_SLUR,8,LUR,LUR,2025-01-15,2025-01-15,1,Yd,1214.255615234375,1199.9327392578125,1201.1800537109375,1194.1107177734375,1199.4539794921875
M8_YLUR_SLUR,8,LUR,LUR,2025-01-15,2025-01-15,1,TSE,1191.9617919921875,1200.0272216796875,1199.69873046875,1200.1583251953125,1200.012939453125
M8_YLUR_SLUR,8,LUR,LUR,2025-01-15,2025-01-15,1,TSEC,78.6052474975586,80.03498077392578,80.10218811035156,80.08698272705078,80.02269744873047
M8_YLUR_SLUR,8,LUR,LUR,2025-01-15,2025-01-16,2,Yd,1219.9224853515625,1199.9327392578125,1201.0845947265625,1193.3668212890625,1199.0123291015625
M8_YLUR_SLUR,8,LUR,LUR,2025-01-15,2025-01-16,2,TSE,1219.840087890625,1200.0272216796875,1197.9979248046875,1202.2161865234375,1199.737548828125
M8_YLUR_SLUR,8,LUR,LUR,2025-01-15,2025-01-16,2,TSEC,78.84618377685547,80.03498077392578,80.2707748413086,79.91968536376953,80.00440216064453
M8_YLUR_SLUR,8,LUR,LUR,2025-01-15,2025-01-17,3,Yd,1201.841064453125,1199.9327392578125,1201.347900390625,1196.7659912109375,1198.754150390625
M8_YLUR_SLUR,8,LUR,LUR,2025-01-15,2025-01-17,3,TSE,1192.2308349609375,1200.0272216796875,1199.7615966796875,1202.99169921875,1199.6007080078125
M8_YLUR_SLUR,8,LUR,LUR,2025-01-15,2025-01-17,3,TSEC,80.03736114501953,80.03498077392578,80.2408676147461,80.08853912353516,79.99515533447266
M8_YLUR_SLUR,8,LUR,LUR,2025-01-16,2025-01-16,1,Yd,1219.9224853515625,1199.951904296875,1201.0687255859375,1198.481201171875,1199.3382568359375
M8_YLUR_SLUR,8,LUR,LUR,2025-01-16,2025-01-16,1,TSE,1219.840087890625,1200.0164794921875,1198.2969970703125,1198.11962890625,1199.779541015625
M8_YLUR_SLUR,8,LUR,LUR,2025-01-16,2025-01-16,1,TSEC,78.84618377685547,80.0330581665039,80.2744369506836,80.28067779541016,80.01500701904297
M8_YLUR_SLUR,8,LUR,LUR,2025-01-16,2025-01-17,2,Yd,1201.841064453125,1199.951904296875,1202.163330078125,1196.52490234375,1199.0067138671875
M8_YLUR_SLUR,8,LUR,LUR,2025-01-16,2025-01-17,2,TSE,1192.2308349609375,1200.0164794921875,1199.101806640625,1198.57958984375,1199.633056640625
M8_YLUR_SLUR,8,LUR,LUR,2025-01-16,2025-01-17,2,TSEC,80.03736114501953,80.0330581665039,80.23684692382812,80.22297668457031,80.00371551513672
M8_YLUR_SLUR,8,LUR,LUR,2025-01-16,2025-01-18,3,Yd,1198.22412109375,1199.951904296875,1201.56103515625,1196.3212890625,1198.6888427734375
M8_YLUR_SLUR,8,LUR,LUR,2025-01-16,2025-01-18,3,TSE,1191.1236572265625,1200.0164794921875,1197.6866455078125,1199.67724609375,1199.6595458984375
M8_YLUR_SLUR,8,LUR,LUR,2025-01-16,2025-01-18,3,TSEC,80.12039947509766,80.0330581665039,80.06694030761719,80.21707916259766,79.9996109008789
M8_YLUR_SLUR,8,LUR,LUR,2025-01-17,2025-01-17,1,Yd,1201.841064453125,1199.9786376953125,1200.5108642578125,1199.2000732421875,1199.2069091796875
M8_YLUR_SLUR,8,LUR,LUR,2025-01-17,2025-01-17,1,TSE,1192.2308349609375,1200.04296875,1199.37548828125,1193.223388671875,1199.85888671875
M8_YLUR_SLUR,8,LUR,LUR,2025-01-17,2025-01-17,1,TSEC,80.03736114501953,80.0314712524414,80.22525787353516,80.23880767822266,80.01374053955078
M8_YLUR_SLUR,8,LUR,LUR,2025-01-17,2025-01-18,2,Yd,1198.22412109375,1199.9786376953125,1201.4547119140625,1194.5164794921875,1198.88427734375
M8_YLUR_SLUR,8,LUR,LUR,2025-01-17,2025-01-18,2,TSE,1191.1236572265625,1200.04296875,1201.294677734375,1191.689697265625,1199.6434326171875
M8_YLUR_SLUR,8,LUR,LUR,2025-01-17,2025-01-18,2,TSEC,80.12039947509766,80.0314712524414,80.05760955810547,80.53924560546875,79.99794006347656
M8_YLUR_SLUR,8,LUR,LUR,2025-01-17,2025-01-19,3,Yd,1215.1937255859375,1199.9786376953125,1200.8348388671875,1196.302490234375,1198.7449951171875
M8_YLUR_SLUR,8,LUR,LUR,2025-01-17,2025-01-19,3,TSE,1195.8287353515625,1200.04296875,1197.9290771484375,1194.033203125,1199.5091552734375
M8_YLUR_SLUR,8,LUR,LUR,2025-01-17,2025-01-19,3,TSEC,79.32138061523438,80.0314712524414,80.18621063232422,80.35858917236328,79.98999786376953
M8_YLUR_SLUR,8,LUR,LUR,2025-01-18,2025-01-18,1,Yd,1198.22412109375,1199.9810791015625,1201.534423828125,1196.4251708984375,1199.3134765625
M8_YLUR_SLUR,8,LUR,LUR,2025-01-18,2025-01-18,1,TSE,1191.1236572265625,1200.032470703125,1198.71142578125,1194.551513671875,1199.8929443359375
M8_YLUR_SLUR,8,LUR,LUR,2025-01-18,2025-01-18,1,TSEC,80.12039947509766,80.03147888183594,80.10126495361328,80.14250946044922,80.01585388183594
M8_YLUR_SLUR,8,LUR,LUR,2025-01-18,2025-01-19,2,Yd,1215.1937255859375,1199.9810791015625,1200.932861328125,1196.0074462890625,1199.1148681640625
M8_YLUR_SLUR,8,LUR,LUR,2025-01-18,2025-01-19,2,TSE,1195.8287353515625,1200.032470703125,1198.8509521484375,1197.0592041015625,1199.6634521484375
M8_YLUR_SLUR,8,LUR,LUR,2025-01-18,2025-01-19,2,TSEC,79.32138061523438,80.03147888183594,80.07254791259766,80.22588348388672,80.00728607177734
M8_YLUR_SLUR,8,LUR,LUR,2025-01-18,2025-01-20,3,Yd,1187.537353515625,1199.9810791015625,1202.148193359375,1199.246826171875,1198.9964599609375
M8_YLUR_SLUR,8,LUR,LUR,2025-01-18,2025-01-20,3,TSE,1208.6683349609375,1200.032470703125,1198.95654296875,1202.855224609375,1199.3304443359375
M8_YLUR_SLUR,8,LUR,LUR,2025-01-18,2025-01-20,3,TSEC,79.17138671875,80.03147888183594,80.08171081542969,80.18797302246094,80.01383209228516
M8_YLUR_SLUR,8,LUR,LUR,2025-01-19,2025-01-19,1,Yd,1215.1937255859375,1199.978759765625,1201.1724853515625,1194.1614990234375,1199.537109375
M8_YLUR_SLUR,8,LUR,LUR,2025-01-19,2025-01-19,1,TSE,1195.8287353515625,1200.0206298828125,1198.0284423828125,1194.522705078125,1199.92138671875
M8_YLUR_SLUR,8,LUR,LUR,2025-01-19,2025-01-19,1,TSEC,79.32138061523438,80.03160095214844,80.18624114990234,80.19406127929688,80.02783966064453
M8_YLUR_SLUR,8,LUR,LUR,2025-01-19,2025-01-20,2,Yd,1187.537353515625,1199.978759765625,1201.6556396484375,1194.1240234375,1199.498046875
M8_YLUR_SLUR,8,LUR,LUR,2025-01-19,2025-01-20,2,TSE,1208.6683349609375,1200.0206298828125,1199.360595703125,1197.2667236328125,1199.6298828125
M8_YLUR_SLUR,8,LUR,LUR,2025-01-19,2025-01-20,2,TSEC,79.17138671875,80.03160095214844,79.95922088623047,80.25232696533203,80.03192901611328
M8_YLUR_SLUR,8,LUR,LUR,2025-01-19,2025-01-21,3,Yd,1183.50537109375,1199.978759765625,1201.3167724609375,1195.3699951171875,1199.4964599609375
M8_YLUR_SLUR,8,LUR,LUR,2025-01-19,2025-01-21,3,TSE,1193.0472412109375,1200.0206298828125,1199.1229248046875,1198.322509765625,1199.520263671875
M8_YLUR_SLUR,8,LUR,LUR,2025-01-19,2025-01-21,3,TSEC,79.25653076171875,80.03160095214844,80.06700134277344,80.1491470336914,80.03802490234375
M8_YLUR_SLUR,8,LUR,LUR,2025-01-20,2025-01-20,1,Yd,1187.537353515625,1199.9990234375,1200.49609375,1197.0096435546875,1199.6497802734375
M8_YLUR_SLUR,8,LUR,LUR,2025-01-20,2025-01-20,1,TSE,1208.6683349609375,1200.0150146484375,1198.1873779296875,1199.98828125,1199.9354248046875
M8_YLUR_SLUR,8,LUR,LUR,2025-01-20,2025-01-20,1,TSEC,79.17138671875,80.03064727783203,80.13357543945312,80.25495147705078,80.0369644165039
M8_YLUR_SLUR,8,LUR,LUR,2025-01-20,2025-01-21,2,Yd,1183.50537109375,1199.9990234375,1201.4581298828125,1192.3270263671875,1199.7080078125
M8_YLUR_SLUR,8,LUR,LUR,2025-01-20,2025-01-21,2,TSE,1193.0472412109375,1200.0150146484375,1198.5633544921875,1198.974853515625,1199.8272705078125
M8_YLUR_SLUR,8,LUR,LUR,2025-01-20,2025-01-21,2,TSEC,79.25653076171875,80.03064727783203,80.06243133544922,80.26903533935547,80.04193115234375
M8_YLUR_SLUR,8,LUR,LUR,2025-01-20,2025-01-22,3,Yd,1204.1591796875,1199.9990234375,1202.6407470703125,1194.7298583984375,1199.6427001953125
M8_YLUR_SLUR,8,LUR,LUR,2025-01-20,2025-01-22,3,TSE,1209.3187255859375,1200.0150146484375,1198.5074462890625,1200.108642578125,1199.8758544921875
M8_YLUR_SLUR,8,LUR,LUR,2025-01-20,2025-01-22,3,TSEC,80.89852905273438,80.03064727783203,80.1246566772461,80.17354583740234,80.03451538085938
M8_YLUR_SLUR,8,LUR,LUR,2025-01-21,2025-01-21,1,Yd,1183.50537109375,1199.9825439453125,1203.4232177734375,1199.631591796875,1199.658447265625
M8_YLUR_SLUR,8,LUR,LUR,2025-01-21,2025-01-21,1,TSE,1193.0472412109375,1200.0264892578125,1199.13037109375,1198.436767578125,1200.08837890625
M8_YLUR_SLUR,8,LUR,LUR,2025-01-21,2025-01-21,1,TSEC,79.25653076171875,80.02951049804688,80.04383850097656,79.99197387695312,80.0381851196289
M8_YLUR_SLUR,8,LUR,LUR,2025-01-21,2025-01-22,2,Yd,1204.1591796875,1199.9825439453125,1200.8076171875,1193.1187744140625,1199.5230712890625
M8_YLUR_SLUR,8,LUR,LUR,2025-01-21,2025-01-22,2,TSE,1209.3187255859375,1200.0264892578125,1199.2728271484375,1197.1119384765625,1199.9705810546875
M8_YLUR_SLUR,8,LUR,LUR,2025-01-21,2025-01-22,2,TSEC,80.89852905273438,80.02951049804688,80.13725280761719,80.0418472290039,80.02801513671875
M8_YLUR_SLUR,8,LUR,LUR,2025-01-21,2025-01-23,3,Yd,1203.4580078125,1199.9825439453125,1201.171875,1194.9864501953125,1199.1702880859375
M8_YLUR_SLUR,8,LUR,LUR,2025-01-21,2025-01-23,3,TSE,1208.8865966796875,1200.0264892578125,1199.6060791015625,1195.3828125,1199.8302001953125
M8_YLUR_SLUR,8,LUR,LUR,2025-01-21,2025-01-23,3,TSEC,80.62291717529297,80.02951049804688,80.0465087890625,80.18717193603516,80.00675201416016
M8_YLUR_SLUR,8,LUR,LUR,2025-01-22,2025-01-22,1,Yd,1204.1591796875,1199.9605712890625,1201.103271484375,1196.6866455078125,1199.564208984375
M8_YLUR_SLUR,8,LUR,LUR,2025-01-22,2025-01-22,1,TSE,1209.3187255859375,1200.017333984375,1199.240478515625,1198.8004150390625,1199.9830322265625
M8_YLUR_SLUR,8,LUR,LUR,2025-01-22,2025-01-22,1,TSEC,80.89852905273438,80.02847290039062,80.02996826171875,80.10922241210938,80.0237808227539
M8_YLUR_SLUR,8,LUR,LUR,2025-01-22,2025-01-23,2,Yd,1203.4580078125,1199.9605712890625,1200.854248046875,1195.3985595703125,1199.2691650390625
M8_YLUR_SLUR,8,LUR,LUR,2025-01-22,2025-01-23,2,TSE,1208.8865966796875,1200.017333984375,1197.4464111328125,1198.845703125,1199.682861328125
M8_YLUR_SLUR,8,LUR,LUR,2025-01-22,2025-01-23,2,TSEC,80.62291717529297,80.02847290039062,80.2080078125,79.91065979003906,80.00269317626953
M8_YLUR_SLUR,8,LUR,LUR,2025-01-22,2025-01-24,3,Yd,1200.2781982421875,1199.9605712890625,1201.4847412109375,1193.70947265625,1198.9559326171875
M8_YLUR_SLUR,8,LUR,LUR,2025-01-22,2025-01-24,3,TSE,1208.5638427734375,1200.017333984375,1199.4019775390625,1198.0322265625,1199.551513671875
M8_YLUR_SLUR,8,LUR,LUR,2025-01-22,2025-01-24,3,TSEC,78.87835693359375,80.02847290039062,80.19539642333984,79.94122314453125,79.99129486083984
M8_YLUR_SLUR,8,LUR,LUR,2025-01-23,2025-01-23,1,Yd,1203.4580078125,1199.9661865234375,1200.43017578125,1195.872314453125,1199.4959716796875
M8_YLUR_SLUR,8,LUR,LUR,2025-01-23,2025-01-23,1,TSE,1208.8865966796875,1200.0296630859375,1196.8685302734375,1201.051513671875,1199.966064453125
M8_YLUR_SLUR,8,LUR,LUR,2025-01-23,2025-01-23,1,TSEC,80.62291717529297,80.02963256835938,80.06963348388672,80.00399780273438,80.02569580078125
M8_YLUR_SLUR,8,LUR,LUR,2025-01-23,2025-01-24,2,Yd,1200.2781982421875,1199.9661865234375,1200.5081787109375,1193.2872314453125,1199.2442626953125
M8_YLUR_SLUR,8,LUR,LUR,2025-01-23,2025-01-24,2,TSE,1208.5638427734375,1200.0296630859375,1198.3682861328125,1203.1212158203125,1199.873779296875
M8_YLUR_SLUR,8,LUR,LUR,2025-01-23,2025-01-24,2,TSEC,78.87835693359375,80.02963256835938,80.04092407226562,79.94099426269531,80.01966857910156
M8_YLUR_SLUR,8,LUR,LUR,2025-01-23,2025-01-25,3,Yd,1197.3741455078125,1199.9661865234375,1200.607421875,1194.671875,1199.1258544921875
M8_YLUR_SLUR,8,LUR,LUR,2025-01-23,2025-01-25,3,TSE,1189.74951171875,1200.0296630859375,1198.186279296875,1202.0750732421875,1199.7711181640625
M8_YLUR_SLUR,8,LUR,LUR,2025-01-23,2025-01-25,3,TSEC,80.97571563720703,80.02963256835938,80.08466339111328,80.08170318603516,80.0140151977539
M8_YLUR_SLUR,8,LUR,LUR,2025-01-24,2025-01-24,1,Yd,1200.2781982421875,1199.9708251953125,1201.458984375,1198.41357421875,1199.490234375
M8_YLUR_SLUR,8,LUR,LUR,2025-01-24,2025-01-24,1,TSE,1208.5638427734375,1200.0413818359375,1199.0963134765625,1202.42236328125,1200.0584716796875
M8_YLUR_SLUR,8,LUR,LUR,2025-01-24,2025-01-24,1,TSEC,78.87835693359375,80.0304183959961,80.04036712646484,79.96527862548828,80.02977752685547
M8_YLUR_SLUR,8,LUR,LUR,2025-01-24,2025-01-25,2,Yd,1197.3741455078125,1199.9708251953125,1201.9730224609375,1199.404052734375,1199.3572998046875
M8_YLUR_SLUR,8,LUR,LUR,2025-01-24,2025-01-25,2,TSE,1189.74951171875,1200.0413818359375,1201.4588623046875,1203.483154296875,1199.834228515625
M8_YLUR_SLUR,8,LUR,LUR,2025-01-24,2025-01-25,2,TSEC,80.97571563720703,80.0304183959961,80.10136413574219,80.01808166503906,80.01719665527344
M8_YLUR_SLUR,8,LUR,LUR,2025-01-24,2025-01-26,3,Yd,1194.3328857421875,1199.9708251953125,1201.0628662109375,1200.1273193359375,1199.2659912109375
M8_YLUR_SLUR,8,LUR,LUR,2025-01-24,2025-01-26,3,TSE,1187.7205810546875,1200.0413818359375,1197.7498779296875,1201.7681884765625,1199.609130859375
M8_YLUR_SLUR,8,LUR,LUR,2025-01-24,2025-01-26,3,TSEC,79.83292388916016,80.0304183959961,80.07078552246094,79.9059829711914,80.00455474853516
M8_YLUR_SLUR,8,LUR,LUR,2025-01-25,2025-01-25,1,Yd,1197.3741455078125,1199.97119140625,1201.67138671875,1198.53271484375,1199.431640625
M8_YLUR_SLUR,8,LUR,LUR,2025-01-25,2025-01-25,1,TSE,1189.74951171875,1200.0526123046875,1198.2845458984375,1200.775390625,1199.9222412109375
M8_YLUR_SLUR,8,LUR,LUR,2025-01-25,2025-01-25,1,TSEC,80.97571563720703,80.02889251708984,80.03817749023438,80.17871856689453,80.01826477050781
M8_YLUR_SLUR,8,LUR,LUR,2025-01-25,2025-01-26,2,Yd,1194.3328857421875,1199.97119140625,1201.26513671875,1198.5670166015625,1199.36572265625
M8_YLUR_SLUR,8,LUR,LUR,2025-01-25,2025-01-26,2,TSE,1187.7205810546875,1200.0526123046875,1198.8829345703125,1199.9127197265625,1199.7120361328125
M8_YLUR_SLUR,8,LUR,LUR,2025-01-25,2025-01-26,2,TSEC,79.83292388916016,80.02889251708984,80.16290283203125,80.0130386352539,80.00535583496094
M8_YLUR_SLUR,8,LUR,LUR,2025-01-25,2025-01-27,3,Yd,1215.3587646484375,1199.97119140625,1201.883056640625,1197.9241943359375,1199.308349609375
M8_YLUR_SLUR,8,LUR,LUR,2025-01-25,2025-01-27,3,TSE,1211.3624267578125,1200.0526123046875,1198.4326171875,1199.9686279296875,1199.3826904296875
M8_YLUR_SLUR,8,LUR,LUR,2025-01-25,2025-01-27,3,TSEC,79.90151977539062,80.02889251708984,79.93712615966797,80.22827911376953,80.00743865966797
M8_YLUR_SLUR,8,LUR,LUR,2025-01-26,2025-01-26,1,Yd,1194.3328857421875,1199.9677734375,1201.0516357421875,1195.3240966796875,1199.6949462890625
M8_YLUR_SLUR,8,LUR,LUR,2025-01-26,2025-01-26,1,TSE,1187.7205810546875,1200.0390625,1198.779052734375,1198.3974609375,1200.02880859375
M8_YLUR_SLUR,8,LUR,LUR,2025-01-26,2025-01-26,1,TSEC,79.83292388916016,80.03014373779297,80.06999969482422,80.04094696044922,80.02582550048828
M8_YLUR_SLUR,8,LUR,LUR,2025-01-26,2025-01-27,2,Yd,1215.3587646484375,1199.9677734375,1201.420166015625,1199.0380859375,1199.810546875
M8_YLUR_SLUR,8,LUR,LUR,2025-01-26,2025-01-27,2,TSE,1211.3624267578125,1200.0390625,1198.3743896484375,1196.8782958984375,1199.867431640625
M8_YLUR_SLUR,8,LUR,LUR,2025-01-26,2025-01-27,2,TSEC,79.90151977539062,80.03014373779297,80.1037368774414,79.7153091430664,80.02375030517578
M8_YLUR_SLUR,8,LUR,LUR,2025-01-26,2025-01-28,3,Yd,1186.9822998046875,1199.9677734375,1201.499267578125,1197.345703125,1199.9635009765625
M8_YLUR_SLUR,8,LUR,LUR,2025-01-26,2025-01-28,3,TSE,1184.7861328125,1200.0390625,1199.5101318359375,1197.4013671875,1199.9139404296875
M8_YLUR_SLUR,8,LUR,LUR,2025-01-26,2025-01-28,3,TSEC,79.08911895751953,80.03014373779297,80.05327606201172,79.76024627685547,80.03076171875
M8_YLUR_SLUR,8,LUR,LUR,2025-01-27,2025-01-27,1,Yd,1215.3587646484375,1199.9603271484375,1201.621337890625,1196.8114013671875,1199.8360595703125
M8_YLUR_SLUR,8,LUR,LUR,2025-01-27,2025-01-27,1,TSE,1211.3624267578125,1200.0228271484375,1198.06884765625,1200.158447265625,1200.1336669921875
M8_YLUR_SLUR,8,LUR,LUR,2025-01-27,2025-01-27,1,TSEC,79.90151977539062,80.0298843383789,80.13093566894531,79.91081237792969,80.03596496582031
M8_YLUR_SLUR,8,LUR,LUR,2025-01-27,2025-01-28,2,Yd,1186.9822998046875,1199.9603271484375,1201.3582763671875,1200.2437744140625,1199.9930419921875
M8_YLUR_SLUR,8,LUR,LUR,2025-01-27,2025-01-28,2,TSE,1184.7861328125,1200.0228271484375,1198.76611328125,1199.5528564453125,1200.156494140625
M8_YLUR_SLUR,8,LUR,LUR,2025-01-27,2025-01-28,2,TSEC,79.08911895751953,80.0298843383789,80.07341766357422,79.94467163085938,80.04409790039062
M8_YLUR_SLUR,8,LUR,LUR,2025-01-27,2025-01-29,3,Yd,1198.6258544921875,1199.9603271484375,1201.0579833984375,1196.706787109375,1199.9927978515625
M8_YLUR_SLUR,8,LUR,LUR,2025-01-27,2025-01-29,3,TSE,1212.63818359375,1200.0228271484375,1198.5362548828125,1199.1055908203125,1200.3255615234375
M8_YLUR_SLUR,8,LUR,LUR,2025-01-27,2025-01-29,3,TSEC,80.6592788696289,80.0298843383789,80.08245849609375,79.90630340576172,80.03763580322266
M8_YLUR_SLUR,8,LUR,LUR,2025-01-28,2025-01-28,1,Yd,1186.9822998046875,1199.980712890625,1203.05712890625,1199.3643798828125,1199.8502197265625
M8_YLUR_SLUR,8,LUR,LUR,2025-01-28,2025-01-28,1,TSE,1184.7861328125,1200.0377197265625,1198.881103515625,1201.0029296875,1200.23193359375
M8_YLUR_SLUR,8,LUR,LUR,2025-01-28,2025-01-28,1,TSEC,79.08911895751953,80.02971649169922,80.07124328613281,79.93392181396484,80.0357666015625
M8_YLUR_SLUR,8,LUR,LUR,2025-01-28,2025-01-29,2,Yd,1198.6258544921875,1199.980712890625,1200.6644287109375,1199.2457275390625,1199.8515625
M8_YLUR_SLUR,8,LUR,LUR,2025-01-28,2025-01-29,2,TSE,1212.63818359375,1200.0377197265625,1199.5057373046875,1200.926513671875,1200.25830078125
M8_YLUR_SLUR,8,LUR,LUR,2025-01-28,2025-01-29,2,TSEC,80.6592788696289,80.02971649169922,80.09815979003906,79.86075592041016,80.0262451171875
M8_YLUR_SLUR,8,LUR,LUR,2025-01-28,2025-01-30,3,Yd,1197.590087890625,1199.980712890625,1201.0364990234375,1201.7882080078125,1199.531982421875
M8_YLUR_SLUR,8,LUR,LUR,2025-01-28,2025-01-30,3,TSE,1196.080810546875,1200.0377197265625,1199.548583984375,1201.8297119140625,1200.2025146484375
M8_YLUR_SLUR,8,LUR,LUR,2025-01-28,2025-01-30,3,TSEC,79.8613510131836,80.02971649169922,80.04439544677734,80.06256866455078,80.00916290283203
M8_YLUR_SLUR,8,LUR,LUR,2025-01-29,2025-01-29,1,Yd,1198.6258544921875,1199.9635009765625,1200.4183349609375,1198.878173828125,1199.6749267578125
M8_YLUR_SLUR,8,LUR,LUR,2025-01-29,2025-01-29,1,TSE,1212.63818359375,1200.017578125,1198.8677978515625,1200.9324951171875,1200.1324462890625
M8_YLUR_SLUR,8,LUR,LUR,2025-01-29,2025-01-29,1,TSEC,80.6592788696289,80.02848052978516,80.04830932617188,80.03910827636719,80.02533721923828
M8_YLUR_SLUR,8,LUR,LUR,2025-01-29,2025-01-30,2,Yd,1197.590087890625,1199.9635009765625,1200.963623046875,1198.0367431640625,1199.505126953125
M8_YLUR_SLUR,8,LUR,LUR,2025-01-29,2025-01-30,2,TSE,1196.080810546875,1200.017578125,1197.7291259765625,1199.4219970703125,1199.9268798828125
M8_YLUR_SLUR,8,LUR,LUR,2025-01-29,2025-01-30,2,TSEC,79.8613510131836,80.02848052978516,80.22920989990234,79.98206329345703,80.01251220703125
M8_YLUR_SLUR,8,LUR,LUR,2025-01-29,2025-01-31,3,Yd,1176.414794921875,1199.9635009765625,1199.9481201171875,1196.5643310546875,1199.1424560546875
M8_YLUR_SLUR,8,LUR,LUR,2025-01-29,2025-01-31,3,TSE,1214.867431640625,1200.017578125,1198.998046875,1199.734619140625,1199.821533203125
M8_YLUR_SLUR,8,LUR,LUR,2025-01-29,2025-01-31,3,TSEC,80.21783447265625,80.02848052978516,80.17708587646484,80.1162109375,80.0058364868164
M8_YLUR_SLUR,8,LUR,LUR,2025-01-30,2025-01-30,1,Yd,1197.590087890625,1199.9617919921875,1201.2216796875,1196.6663818359375,1199.554931640625
M8_YLUR_SLUR,8,LUR,LUR,2025-01-30,2025-01-30,1,TSE,1196.080810546875,1200.0341796875,1196.984619140625,1199.9627685546875,1200.0491943359375
M8_YLUR_SLUR,8,LUR,LUR,2025-01-30,2025-01-30,1,TSEC,79.8613510131836,80.02930450439453,80.0506362915039,79.97628784179688,80.02645111083984
M8_YLUR_SLUR,8,LUR,LUR,2025-01-30,2025-01-31,2,Yd,1176.414794921875,1199.9617919921875,1201.2628173828125,1195.455322265625,1199.3143310546875
M8_YLUR_SLUR,8,LUR,LUR,2025-01-30,2025-01-31,2,TSE,1214.867431640625,1200.0341796875,1199.8077392578125,1201.4156494140625,1199.9940185546875
M8_YLUR_SLUR,8,LUR,LUR,2025-01-30,2025-01-31,2,TSEC,80.21783447265625,80.02930450439453,80.05176544189453,79.92041778564453,80.02017211914062
M8_YLUR_SLUR,8,LUR,LUR,2025-01-30,2025-02-01,3,Yd,1202.40185546875,1199.9617919921875,1201.3450927734375,1197.0577392578125,1199.1824951171875
M8_YLUR_SLUR,8,LUR,LUR,2025-01-30,2025-02-01,3,TSE,1211.7467041015625,1200.0341796875,1199.835205078125,1200.6409912109375,1199.828125
M8_YLUR_SLUR,8,LUR,LUR,2025-01-30,2025-02-01,3,TSEC,80.4216537475586,80.02930450439453,80.08497619628906,79.92352294921875,80.01317596435547
M8_YLUR_SLUR,8,LUR,LUR,2025-01-31,2025-01-31,1,Yd,1176.414794921875,1199.9586181640625,1199.8111572265625,1196.8577880859375,1199.455078125
M8_YLUR_SLUR,8,LUR,LUR,2025-01-31,2025-01-31,1,TSE,1214.867431640625,1200.029052734375,1199.395263671875,1199.759033203125,1200.1220703125
M8_YLUR_SLUR,8,LUR,LUR,2025-01-31,2025-01-31,1,TSEC,80.21783447265625,80.02908325195312,80.17356872558594,79.90746307373047,80.02857971191406
M8_YLUR_SLUR,8,LUR,LUR,2025-01-31,2025-02-01,2,Yd,1202.40185546875,1199.9586181640625,1200.8077392578125,1194.480712890625,1199.3167724609375
M8_YLUR_SLUR,8,LUR,LUR,2025-01-31,2025-02-01,2,TSE,1211.7467041015625,1200.029052734375,1199.8511962890625,1200.4425048828125,1199.8651123046875
M8_YLUR_SLUR,8,LUR,LUR,2025-01-31,2025-02-01,2,TSEC,80.4216537475586,80.02908325195312,80.08330535888672,79.96556091308594,80.01253509521484
M8_YLUR_SLUR,8,LUR,LUR,2025-01-31,2025-02-02,3,Yd,1223.6177978515625,1199.9586181640625,1200.251220703125,1193.8087158203125,1199.3072509765625
M8_YLUR_SLUR,8,LUR,LUR,2025-01-31,2025-02-02,3,TSE,1206.05029296875,1200.029052734375,1199.8701171875,1197.78857421875,1199.6304931640625
M8_YLUR_SLUR,8,LUR,LUR,2025-01-31,2025-02-02,3,TSEC,81.06053161621094,80.02908325195312,80.13829803466797,79.59913635253906,80.0013656616211
M8_YLUR_SLUR,8,LUR,LUR,2025-02-01,2025-02-01,1,Yd,1202.40185546875,1199.927734375,1200.3349609375,1198.7587890625,1199.5855712890625
M8_YLUR_SLUR,8,LUR,LUR,2025-02-01,2025-02-01,1,TSE,1211.7467041015625,1200.048583984375,1198.014892578125,1199.5233154296875,1199.9931640625
M8_YLUR_SLUR,8,LUR,LUR,2025-02-01,2025-02-01,1,TSEC,80.4216537475586,80.02933502197266,80.08348846435547,80.17951202392578,80.01713562011719
M8_YLUR_SLUR,8,LUR,LUR,2025-02-01,2025-02-02,2,Yd,1223.6177978515625,1199.927734375,1199.9840087890625,1198.213134765625,1199.5548095703125
M8_YLUR_SLUR,8,LUR,LUR,2025-02-01,2025-02-02,2,TSE,1206.05029296875,1200.048583984375,1204.580810546875,1201.5194091796875,1199.77294921875
M8_YLUR_SLUR,8,LUR,LUR,2025-02-01,2025-02-02,2,TSEC,81.06053161621094,80.02933502197266,80.13854217529297,80.12191772460938,80.00276947021484
M8_YLUR_SLUR,8,LUR,LUR,2025-02-01,2025-02-03,3,Yd,1211.1297607421875,1199.927734375,1201.0718994140625,1199.6827392578125,1199.5330810546875
M8_YLUR_SLUR,8,LUR,LUR,2025-02-01,2025-02-03,3,TSE,1203.4434814453125,1200.048583984375,1199.011962890625,1199.7403564453125,1199.5587158203125
M8_YLUR_SLUR,8,LUR,LUR,2025-02-01,2025-02-03,3,TSEC,80.23355102539062,80.02933502197266,79.97559356689453,80.40449523925781,79.99905395507812
M8_YLUR_SLUR,8,LUR,LUR,2025-02-02,2025-02-02,1,Yd,1223.6177978515625,1199.930908203125,1201.6824951171875,1198.1412353515625,1199.7493896484375
M8_YLUR_SLUR,8,LUR,LUR,2025-02-02,2025-02-02,1,TSE,1206.05029296875,1200.0638427734375,1199.6907958984375,1197.7158203125,1200.138427734375
M8_YLUR_SLUR,8,LUR,LUR,2025-02-02,2025-02-02,1,TSEC,81.06053161621094,80.02984619140625,80.14409637451172,80.25421142578125,80.02383422851562
M8_YLUR_SLUR,8,LUR,LUR,2025-02-02,2025-02-03,2,Yd,1211.1297607421875,1199.930908203125,1200.116943359375,1199.75244140625,1199.88037109375
M8_YLUR_SLUR,8,LUR,LUR,2025-02-02,2025-02-03,2,TSE,1203.4434814453125,1200.0638427734375,1197.6888427734375,1198.0986328125,1200.0015869140625
M8_YLUR_SLUR,8,LUR,LUR,2025-02-02,2025-02-03,2,TSEC,80.23355102539062,80.02984619140625,79.97533416748047,79.96721649169922,80.01664733886719
M8_YLUR_SLUR,8,LUR,LUR,2025-02-02,2025-02-04,3,Yd,1191.7330322265625,1199.930908203125,1198.864013671875,1201.92333984375,1200.029052734375
M8_YLUR_SLUR,8,LUR,LUR,2025-02-02,2025-02-04,3,TSE,1200.32470703125,1200.0638427734375,1200.4583740234375,1198.858642578125,1200.0992431640625
M8_YLUR_SLUR,8,LUR,LUR,2025-02-02,2025-02-04,3,TSEC,80.4276123046875,80.02984619140625,80.01670837402344,80.04851531982422,80.01824951171875
M8_YLUR_SLUR,8,LUR,LUR,2025-02-03,2025-02-03,1,Yd,1211.1297607421875,1199.9619140625,1199.2779541015625,1197.2489013671875,1199.905029296875
M8_YLUR_SLUR,8,LUR,LUR,2025-02-03,2025-02-03,1,TSE,1203.4434814453125,1200.0716552734375,1197.9490966796875,1201.4468994140625,1200.2974853515625
M8_YLUR_SLUR,8,LUR,LUR,2025-02-03,2025-02-03,1,TSEC,80.23355102539062,80.03119659423828,80.08740997314453,79.9757080078125,80.02694702148438
M8_YLUR_SLUR,8,LUR,LUR,2025-02-03,2025-02-04,2,Yd,1191.7330322265625,1199.9619140625,1200.3751220703125,1200.839599609375,1200.14990234375
M8_YLUR_SLUR,8,LUR,LUR,2025-02-03,2025-02-04,2,TSE,1200.32470703125,1200.0716552734375,1199.76708984375,1201.0599365234375,1200.4718017578125
M8_YLUR_SLUR,8,LUR,LUR,2025-02-03,2025-02-04,2,TSEC,80.4276123046875,80.03119659423828,80.00423431396484,79.76595306396484,80.02384185791016
M8_YLUR_SLUR,8,LUR,LUR,2025-02-03,2025-02-05,3,Yd,1186.24560546875,1199.9619140625,1199.2667236328125,1201.5587158203125,1200.2476806640625
M8_YLUR_SLUR,8,LUR,LUR,2025-02-03,2025-02-05,3,TSE,1210.6820068359375,1200.0716552734375,1198.1348876953125,1200.33642578125,1200.7177734375
M8_YLUR_SLUR,8,LUR,LUR,2025-02-03,2025-02-05,3,TSEC,79.87616729736328,80.03119659423828,80.13078308105469,79.98502349853516,80.01703643798828
M8_YLUR_SLUR,8,LUR,LUR,2025-02-04,2025-02-04,1,Yd,1191.7330322265625,1199.9765625,1201.174072265625,1197.1053466796875,1199.9207763671875
M8_YLUR_SLUR,8,LUR,LUR,2025-02-04,2025-02-04,1,TSE,1200.32470703125,1200.076171875,1200.388427734375,1201.9879150390625,1200.43994140625
M8_YLUR_SLUR,8,LUR,LUR,2025-02-04,2025-02-04,1,TSEC,80.4276123046875,80.03146362304688,80.08611297607422,80.13800811767578,80.02873992919922
M8_YLUR_SLUR,8,LUR,LUR,2025-02-04,2025-02-05,2,Yd,1186.24560546875,1199.9765625,1201.3656005859375,1199.9674072265625,1199.9544677734375
M8_YLUR_SLUR,8,LUR,LUR,2025-02-04,2025-02-05,2,TSE,1210.6820068359375,1200.076171875,1197.9442138671875,1201.3321533203125,1200.5675048828125
M8_YLUR_SLUR,8,LUR,LUR,2025-02-04,2025-02-05,2,TSEC,79.87616729736328,80.03146362304688,80.1563491821289,79.984375,80.0156021118164
M8_YLUR_SLUR,8,LUR,LUR,2025-02-04,2025-02-06,3,Yd,1200.8583984375,1199.9765625,1201.2701416015625,1198.2060546875,1199.630615234375
M8_YLUR_SLUR,8,LUR,LUR,2025-02-04,2025-02-06,3,TSE,1207.1339111328125,1200.076171875,1197.723388671875,1203.3692626953125,1200.50927734375
M8_YLUR_SLUR,8,LUR,LUR,2025-02-04,2025-02-06,3,TSEC,79.85907745361328,80.03146362304688,80.05003356933594,80.18792724609375,79.99893188476562
M8_YLUR_SLUR,8,LUR,LUR,2025-02-05,2025-02-05,1,Yd,1186.24560546875,1199.9658203125,1200.9676513671875,1196.93603515625,1199.76708984375
M8_YLUR_SLUR,8,LUR,LUR,2025-02-05,2025-02-05,1,TSE,1210.6820068359375,1200.076416015625,1195.765625,1199.5086669921875,1200.3663330078125
M8_YLUR_SLUR,8,LUR,LUR,2025-02-05,2025-02-05,1,TSEC,79.87616729736328,80.03197479248047,80.09503936767578,80.06798553466797,80.02338409423828
M8_YLUR_SLUR,8,LUR,LUR,2025-02-05,2025-02-06,2,Yd,1200.8583984375,1199.9658203125,1200.7921142578125,1196.933349609375,1199.6217041015625
M8_YLUR_SLUR,8,LUR,LUR,2025-02-05,2025-02-06,2,TSE,1207.1339111328125,1200.076416015625,1196.8319091796875,1198.0028076171875,1200.295654296875
M8_YLUR_SLUR,8,LUR,LUR,2025-02-05,2025-02-06,2,TSEC,79.85907745361328,80.03197479248047,80.01346588134766,79.903076171875,80.01425170898438
M8_YLUR_SLUR,8,LUR,LUR,2025-02-05,2025-02-07,3,Yd,1197.4642333984375,1199.9658203125,1201.49658203125,1198.076416015625,1199.3651123046875
M8_YLUR_SLUR,8,LUR,LUR,2025-02-05,2025-02-07,3,TSE,1202.409423828125,1200.076416015625,1195.9456787109375,1197.6773681640625,1200.162109375
M8_YLUR_SLUR,8,LUR,LUR,2025-02-05,2025-02-07,3,TSEC,80.33619689941406,80.03197479248047,80.10049438476562,79.98464965820312,80.01072692871094
M8_YLUR_SLUR,8,LUR,LUR,2025-02-06,2025-02-06,1,Yd,1200.8583984375,1199.9478759765625,1200.32861328125,1196.191162109375,1199.59033203125
M8_YLUR_SLUR,8,LUR,LUR,2025-02-06,2025-02-06,1,TSE,1207.1339111328125,1200.09033203125,1199.357666015625,1201.1810302734375,1200.1717529296875
M8_YLUR_SLUR,8,LUR,LUR,2025-02-06,2025-02-06,1,TSEC,79.85907745361328,80.03177642822266,80.06299591064453,80.11868286132812,80.02580261230469
M8_YLUR_SLUR,8,LUR,LUR,2025-02-06,2025-02-07,2,Yd,1197.4642333984375,1199.9478759765625,1199.3487548828125,1195.7073974609375,1199.325439453125
M8_YLUR_SLUR,8,LUR,LUR,2025-02-06,2025-02-07,2,TSE,1202.409423828125,1200.09033203125,1199.480712890625,1202.2078857421875,1200.1383056640625
M8_YLUR_SLUR,8,LUR,LUR,2025-02-06,2025-02-07,2,TSEC,80.33619689941406,80.03177642822266,80.07905578613281,80.10389709472656,80.01732635498047
M8_YLUR_SLUR,8,LUR,LUR,2025-02-06,2025-02-08,3,Yd,1203.1373291015625,1199.9478759765625,1200.369873046875,1196.579345703125,1199.1566162109375
M8_YLUR_SLUR,8,LUR,LUR,2025-02-06,2025-02-08,3,TSE,1188.4718017578125,1200.09033203125,1201.2933349609375,1200.3348388671875,1200.0093994140625
M8_YLUR_SLUR,8,LUR,LUR,2025-02-06,2025-02-08,3,TSEC,80.7197494506836,80.03177642822266,80.09523010253906,79.97527313232422,80.00645446777344
M8_YLUR_SLUR,8,LUR,LUR,2025-02-07,2025-02-07,1,Yd,1197.4642333984375,1199.9490966796875,1201.619384765625,1197.3349609375,1199.4869384765625
M8_YLUR_SLUR,8,LUR,LUR,2025-02-07,2025-02-07,1,TSE,1202.409423828125,1200.0994873046875,1204.4239501953125,1202.1466064453125,1200.18505859375
M8_YLUR_SLUR,8,LUR,LUR,2025-02-07,2025-02-07,1,TSEC,80.33619689941406,80.03154754638672,80.21541595458984,80.18431854248047,80.02750396728516
M8_YLUR_SLUR,8,LUR,LUR,2025-02-07,2025-02-08,2,Yd,1203.1373291015625,1199.9490966796875,1200.949951171875,1195.4381103515625,1199.3306884765625
M8_YLUR_SLUR,8,LUR,LUR,2025-02-07,2025-02-08,2,TSE,1188.4718017578125,1200.0994873046875,1202.6910400390625,1202.15478515625,1199.975830078125
M8_YLUR_SLUR,8,LUR,LUR,2025-02-07,2025-02-08,2,TSEC,80.7197494506836,80.03154754638672,80.07106018066406,80.12178039550781,80.00960540771484
M8_YLUR_SLUR,8,LUR,LUR,2025-02-07,2025-02-09,3,Yd,1216.8369140625,1199.9490966796875,1200.4580078125,1196.8795166015625,1199.2958984375
M8_YLUR_SLUR,8,LUR,LUR,2025-02-07,2025-02-09,3,TSE,1204.4891357421875,1200.0994873046875,1205.1759033203125,1200.9649658203125,1199.7916259765625
M8_YLUR_SLUR,8,LUR,LUR,2025-02-07,2025-02-09,3,TSEC,79.89156341552734,80.03154754638672,80.17988586425781,80.24944305419922,79.99462127685547
M8_YLUR_SLUR,8,LUR,LUR,2025-02-08,2025-02-08,1,Yd,1203.1373291015625,1199.9459228515625,1200.8179931640625,1198.76953125,1199.64794921875
M8_YLUR_SLUR,8,LUR,LUR,2025-02-08,2025-02-08,1,TSE,1188.4718017578125,1200.1024169921875,1202.52490234375,1202.1317138671875,1200.126953125
M8_YLUR_SLUR,8,LUR,LUR,2025-02-08,2025-02-08,1,TSEC,80.7197494506836,80.03194427490234,80.02721405029297,80.31023406982422,80.02143096923828
M8_YLUR_SLUR,8,LUR,LUR,2025-02-08,2025-02-09,2,Yd,1216.8369140625,1199.9459228515625,1200.052734375,1195.8880615234375,1199.6923828125
M8_YLUR_SLUR,8,LUR,LUR,2025-02-08,2025-02-09,2,TSE,1204.4891357421875,1200.1024169921875,1204.823974609375,1202.5697021484375,1200.0797119140625
M8_YLUR_SLUR,8,LUR,LUR,2025-02-08,2025-02-09,2,TSEC,79.89156341552734,80.03194427490234,80.08025360107422,80.01531982421875,80.00592041015625
M8_YLUR_SLUR,8,LUR,LUR,2025-02-08,2025-02-10,3,Yd,1177.0174560546875,1199.9459228515625,1200.570068359375,1199.293212890625,1199.7540283203125
M8_YLUR_SLUR,8,LUR,LUR,2025-02-08,2025-02-10,3,TSE,1217.8587646484375,1200.1024169921875,1203.6107177734375,1201.281005859375,1200.070556640625
M8_YLUR_SLUR,8,LUR,LUR,2025-02-08,2025-02-10,3,TSEC,80.23592376708984,80.03194427490234,80.10139465332031,80.19998168945312,79.99813079833984
M8_YLUR_SLUR,8,LUR,LUR,2025-02-09,2025-02-09,1,Yd,1216.8369140625,1199.949951171875,1200.5809326171875,1196.818359375,1199.8875732421875
M8_YLUR_SLUR,8,LUR,LUR,2025-02-09,2025-02-09,1,TSE,1204.4891357421875,1200.0872802734375,1199.2972412109375,1200.9234619140625,1200.3050537109375
M8_YLUR_SLUR,8,LUR,LUR,2025-02-09,2025-02-09,1,TSEC,79.89156341552734,80.0328369140625,80.18600463867188,80.05950927734375,80.02181243896484
M8_YLUR_SLUR,8,LUR,LUR,2025-02-09,2025-02-10,2,Yd,1177.0174560546875,1199.949951171875,1201.0291748046875,1199.177978515625,1200.1192626953125
M8_YLUR_SLUR,8,LUR,LUR,2025-02-09,2025-02-10,2,TSE,1217.8587646484375,1200.0872802734375,1198.4698486328125,1199.8499755859375,1200.3831787109375
M8_YLUR_SLUR,8,LUR,LUR,2025-02-09,2025-02-10,2,TSEC,80.23592376708984,80.0328369140625,79.98967742919922,79.85467529296875,80.01736450195312
M8_YLUR_SLUR,8,LUR,LUR,2025-02-09,2025-02-11,3,Yd,1194.342529296875,1199.949951171875,1200.87109375,1197.3734130859375,1200.3681640625
M8_YLUR_SLUR,8,LUR,LUR,2025-02-09,2025-02-11,3,TSE,1194.209716796875,1200.0872802734375,1200.25146484375,1199.7603759765625,1200.6246337890625
M8_YLUR_SLUR,8,LUR,LUR,2025-02-09,2025-02-11,3,TSEC,80.49303436279297,80.0328369140625,80.04366302490234,79.92948913574219,80.02069091796875
M8_YLUR_SLUR,8,LUR,LUR,2025-02-10,2025-02-10,1,Yd,1177.0174560546875,1199.971923828125,1201.099853515625,1198.75341796875,1199.944580078125
M8_YLUR_SLUR,8,LUR,LUR,2025-02-10,2025-02-10,1,TSE,1217.8587646484375,1200.093017578125,1198.5577392578125,1200.869873046875,1200.3990478515625
M8_YLUR_SLUR,8,LUR,LUR,2025-02-10,2025-02-10,1,TSEC,80.23592376708984,80.03265380859375,80.0967788696289,79.88917541503906,80.02794647216797
M8_YLUR_SLUR,8,LUR,LUR,2025-02-10,2025-02-11,2,Yd,1194.342529296875,1199.971923828125,1201.4884033203125,1200.6815185546875,1200.23876953125
M8_YLUR_SLUR,8,LUR,LUR,2025-02-10,2025-02-11,2,TSE,1194.209716796875,1200.093017578125,1200.3228759765625,1201.05908203125,1200.659423828125
M8_YLUR_SLUR,8,LUR,LUR,2025-02-10,2025-02-11,2,TSEC,80.49303436279297,80.03265380859375,80.20357513427734,79.86785888671875,80.02777862548828
M8_YLUR_SLUR,8,LUR,LUR,2025-02-10,2025-02-12,3,Yd,1196.2867431640625,1199.971923828125,1201.2869873046875,1199.4334716796875,1200.31689453125
M8_YLUR_SLUR,8,LUR,LUR,2025-02-10,2025-02-12,3,TSE,1220.8204345703125,1200.093017578125,1198.5201416015625,1200.0218505859375,1200.982177734375
M8_YLUR_SLUR,8,LUR,LUR,2025-02-10,2025-02-12,3,TSEC,80.80755615234375,80.03265380859375,80.06834411621094,79.97647857666016,80.01899719238281
M8_YLUR_SLUR,8,LUR,LUR,2025-02-11,2025-02-11,1,Yd,1194.342529296875,1199.942138671875,1201.3662109375,1198.0948486328125,1199.91845703125
M8_YLUR_SLUR,8,LUR,LUR,2025-02-11,2025-02-11,1,TSE,1194.209716796875,1200.1160888671875,1202.3121337890625,1197.57763671875,1200.5858154296875
M8_YLUR_SLUR,8,LUR,LUR,2025-02-11,2025-02-11,1,TSEC,80.49303436279297,80.03292083740234,80.10179138183594,80.0506362915039,80.0343017578125
M8_YLUR_SLUR,8,LUR,LUR,2025-02-11,2025-02-12,2,Yd,1196.2867431640625,1199.942138671875,1198.144775390625,1196.5751953125,1199.982421875
M8_YLUR_SLUR,8,LUR,LUR,2025-02-11,2025-02-12,2,TSE,1220.8204345703125,1200.1160888671875,1199.25634765625,1197.4754638671875,1200.8543701171875
M8_YLUR_SLUR,8,LUR,LUR,2025-02-11,2025-02-12,2,TSEC,80.80755615234375,80.03292083740234,80.10289001464844,80.15128326416016,80.02217864990234
M8_YLUR_SLUR,8,LUR,LUR,2025-02-11,2025-02-13,3,Yd,1208.1143798828125,1199.942138671875,1201.655517578125,1197.375244140625,1199.79248046875
M8_YLUR_SLUR,8,LUR,LUR,2025-02-11,2025-02-13,3,TSE,1205.24072265625,1200.1160888671875,1198.46923828125,1197.989990234375,1200.9180908203125
M8_YLUR_SLUR,8,LUR,LUR,2025-02-11,2025-02-13,3,TSEC,79.39924621582031,80.03292083740234,80.0711898803711,80.36872100830078,80.00933837890625
M8_YLUR_SLUR,8,LUR,LUR,2025-02-12,2025-02-12,1,Yd,1196.2867431640625,1199.9349365234375,1200.7862548828125,1193.9317626953125,1199.8743896484375
M8_YLUR_SLUR,8,LUR,LUR,2025-02-12,2025-02-12,1,TSE,1220.8204345703125,1200.1083984375,1197.945556640625,1197.4339599609375,1200.4837646484375
M8_YLUR_SLUR,8,LUR,LUR,2025-02-12,2025-02-12,1,TSEC,80.80755615234375,80.03351593017578,80.07821655273438,80.08151245117188,80.02560424804688
M8_YLUR_SLUR,8,LUR,LUR,2025-02-12,2025-02-13,2,Yd,1208.1143798828125,1199.9349365234375,1200.970703125,1194.0128173828125,1199.83154296875
M8_YLUR_SLUR,8,LUR,LUR,2025-02-12,2025-02-13,2,TSE,1205.24072265625,1200.1083984375,1197.123046875,1199.09375,1200.5062255859375
M8_YLUR_SLUR,8,LUR,LUR,2025-02-12,2025-02-13,2,TSEC,79.39924621582031,80.03351593017578,80.1457748413086,79.91365814208984,80.01922607421875
M8_YLUR_SLUR,8,LUR,LUR,2025-02-12,2025-02-14,3,Yd,1188.9246826171875,1199.9349365234375,1200.918701171875,1195.4925537109375,1199.608642578125
M8_YLUR_SLUR,8,LUR,LUR,2025-02-12,2025-02-14,3,TSE,1198.0208740234375,1200.1083984375,1198.4910888671875,1199.613525390625,1200.4805908203125
M8_YLUR_SLUR,8,LUR,LUR,2025-02-12,2025-02-14,3,TSEC,79.56333923339844,80.03351593017578,80.08963012695312,79.97667694091797,80.01704406738281
M8_YLUR_SLUR,8,LUR,LUR,2025-02-13,2025-02-13,1,Yd,1208.1143798828125,1199.93017578125,1200.7113037109375,1195.5562744140625,1199.728515625
M8_YLUR_SLUR,8,LUR,LUR,2025-02-13,2025-02-13,1,TSE,1205.24072265625,1200.1351318359375,1198.3189697265625,1203.6737060546875,1200.2777099609375
M8_YLUR_SLUR,8,LUR,LUR,2025-02-13,2025-02-13,1,TSEC,79.39924621582031,80.03450775146484,80.0987777709961,80.00904846191406,80.029296875
M8_YLUR_SLUR,8,LUR,LUR,2025-02-13,2025-02-14,2,Yd,1188.9246826171875,1199.93017578125,1201.1717529296875,1195.380859375,1199.5135498046875
M8_YLUR_SLUR,8,LUR,LUR,2025-02-13,2025-02-14,2,TSE,1198.0208740234375,1200.1351318359375,1198.97802734375,1205.84716796875,1200.2926025390625
M8_YLUR_SLUR,8,LUR,LUR,2025-02-13,2025-02-14,2,TSEC,79.56333923339844,80.03450775146484,80.07634735107422,80.21863555908203,80.02444458007812
M8_YLUR_SLUR,8,LUR,LUR,2025-02-13,2025-02-15,3,Yd,1189.7352294921875,1199.93017578125,1200.8760986328125,1196.5389404296875,1199.3355712890625
M8_YLUR_SLUR,8,LUR,LUR,2025-02-13,2025-02-15,3,TSE,1237.320556640625,1200.1351318359375,1199.3248291015625,1201.3773193359375,1200.16162109375
M8_YLUR_SLUR,8,LUR,LUR,2025-02-13,2025-02-15,3,TSEC,80.9377670288086,80.03450775146484,80.09349060058594,80.12163543701172,80.01184844970703
M8_YLUR_SLUR,8,LUR,LUR,2025-02-14,2025-02-14,1,Yd,1188.9246826171875,1199.9407958984375,1200.8240966796875,1197.9600830078125,1199.5484619140625
M8_YLUR_SLUR,8,LUR,LUR,2025-02-14,2025-02-14,1,TSE,1198.0208740234375,1200.1417236328125,1199.44873046875,1203.3026123046875,1200.22802734375
M8_YLUR_SLUR,8,LUR,LUR,2025-02-14,2025-02-14,1,TSEC,79.56333923339844,80.03369140625,80.2003173828125,80.03190612792969,80.02828216552734
M8_YLUR_SLUR,8,LUR,LUR,2025-02-14,2025-02-15,2,Yd,1189.7352294921875,1199.9407958984375,1200.551025390625,1198.8092041015625,1199.431640625
M8_YLUR_SLUR,8,LUR,LUR,2025-02-14,2025-02-15,2,TSE,1237.320556640625,1200.1417236328125,1199.739990234375,1203.5050048828125,1200.0687255859375
M8_YLUR_SLUR,8,LUR,LUR,2025-02-14,2025-02-15,2,TSEC,80.9377670288086,80.03369140625,80.10697174072266,80.05795288085938,80.01232147216797
M8_YLUR_SLUR,8,LUR,LUR,2025-02-14,2025-02-16,3,Yd,1185.3021240234375,1199.9407958984375,1200.75732421875,1200.2564697265625,1199.4063720703125
M8_YLUR_SLUR,8,LUR,LUR,2025-02-14,2025-02-16,3,TSE,1197.3427734375,1200.1417236328125,1200.0955810546875,1201.8895263671875,1199.9442138671875
M8_YLUR_SLUR,8,LUR,LUR,2025-02-14,2025-02-16,3,TSEC,79.93655395507812,80.03369140625,80.1637954711914,80.01191711425781,79.99803924560547
M8_YLUR_SLUR,8,LUR,LUR,2025-02-15,2025-02-15,1,Yd,1189.7352294921875,1199.926513671875,1200.477294921875,1196.9854736328125,1199.6787109375
M8_YLUR_SLUR,8,LUR,LUR,2025-02-15,2025-02-15,1,TSE,1237.320556640625,1200.1390380859375,1199.438232421875,1200.4537353515625,1200.1683349609375
M8_YLUR_SLUR,8,LUR,LUR,2025-02-15,2025-02-15,1,TSEC,80.9377670288086,80.0330810546875,80.0652084350586,80.14253234863281,80.01959228515625
M8_YLUR_SLUR,8,LUR,LUR,2025-02-15,2025-02-16,2,Yd,1185.3021240234375,1199.926513671875,1200.0430908203125,1198.83935546875,1199.77392578125
M8_YLUR_SLUR,8,LUR,LUR,2025-02-15,2025-02-16,2,TSE,1197.3427734375,1200.1390380859375,1199.5911865234375,1199.7232666015625,1200.175537109375
M8_YLUR_SLUR,8,LUR,LUR,2025-02-15,2025-02-16,2,TSEC,79.93655395507812,80.0330810546875,80.0606918334961,79.92473602294922,80.00199890136719
M8_YLUR_SLUR,8,LUR,LUR,2025-02-15,2025-02-17,3,Yd,1193.7298583984375,1199.926513671875,1200.5941162109375,1198.1431884765625,1199.849609375
M8_YLUR_SLUR,8,LUR,LUR,2025-02-15,2025-02-17,3,TSE,1238.9888916015625,1200.1390380859375,1198.1534423828125,1199.4306640625,1200.163330078125
M8_YLUR_SLUR,8,LUR,LUR,2025-02-15,2025-02-17,3,TSEC,78.7084732055664,80.0330810546875,80.1079330444336,80.2393569946289,79.99526977539062
M8_YLUR_SLUR,8,LUR,LUR,2025-02-16,2025-02-16,1,Yd,1185.3021240234375,1199.9134521484375,1200.0706787109375,1198.0367431640625,1199.840087890625
M8_YLUR_SLUR,8,LUR,LUR,2025-02-16,2025-02-16,1,TSE,1197.3427734375,1200.1868896484375,1200.299560546875,1197.891845703125,1200.4180908203125
M8_YLUR_SLUR,8,LUR,LUR,2025-02-16,2025-02-16,1,TSEC,79.93655395507812,80.03424835205078,80.06995391845703,80.05723571777344,80.02360534667969
M8_YLUR_SLUR,8,LUR,LUR,2025-02-16,2025-02-17,2,Yd,1193.7298583984375,1199.9134521484375,1200.6419677734375,1198.226318359375,1200.051025390625
M8_YLUR_SLUR,8,LUR,LUR,2025-02-16,2025-02-17,2,TSE,1238.9888916015625,1200.1868896484375,1199.1656494140625,1198.9976806640625,1200.45556640625
M8_YLUR_SLUR,8,LUR,LUR,2025-02-16,2025-02-17,2,TSEC,78.7084732055664,80.03424835205078,80.10282135009766,80.09253692626953,80.01661682128906
M8_YLUR_SLUR,8,LUR,LUR,2025-02-16,2025-02-18,3,Yd,1197.080810546875,1199.9134521484375,1201.735595703125,1198.39892578125,1200.2166748046875
M8_YLUR_SLUR,8,LUR,LUR,2025-02-16,2025-02-18,3,TSE,1192.886474609375,1200.1868896484375,1201.5023193359375,1200.24951171875,1200.61767578125
M8_YLUR_SLUR,8,LUR,LUR,2025-02-16,2025-02-18,3,TSEC,80.87177276611328,80.03424835205078,80.06735229492188,79.95700073242188,80.01405334472656
M8_YLUR_SLUR,8,LUR,LUR,2025-02-17,2025-02-17,1,Yd,1193.7298583984375,1199.8946533203125,1200.4456787109375,1196.9693603515625,1199.9669189453125
M8_YLUR_SLUR,8,LUR,LUR,2025-02-17,2025-02-17,1,TSE,1238.9888916015625,1200.1832275390625,1199.900634765625,1197.043701171875,1200.644287109375
M8_YLUR_SLUR,8,LUR,LUR,2025-02-17,2025-02-17,1,TSEC,78.7084732055664,80.03411865234375,80.1624755859375,79.92960357666016,80.02621459960938
M8_YLUR_SLUR,8,LUR,LUR,2025-02-17,2025-02-18,2,Yd,1197.080810546875,1199.8946533203125,1200.3863525390625,1198.4130859375,1200.2327880859375
M8_YLUR_SLUR,8,LUR,LUR,2025-02-17,2025-02-18,2,TSE,1192.886474609375,1200.1832275390625,1199.1785888671875,1200.6473388671875,1201.0023193359375
M8_YLUR_SLUR,8,LUR,LUR,2025-02-17,2025-02-18,2,TSEC,80.87177276611328,80.03411865234375,80.11699676513672,79.74506378173828,80.02156829833984
M8_YLUR_SLUR,8,LUR,LUR,2025-02-17,2025-02-19,3,Yd,1193.927734375,1199.8946533203125,1200.374267578125,1198.2974853515625,1200.294189453125
M8_YLUR_SLUR,8,LUR,LUR,2025-02-17,2025-02-19,3,TSE,1181.8487548828125,1200.1832275390625,1200.1171875,1200.429443359375,1201.33447265625
M8_YLUR_SLUR,8,LUR,LUR,2025-02-17,2025-02-19,3,TSEC,80.2482681274414,80.03411865234375,80.1010971069336,79.99871826171875,80.01155853271484
M8_YLUR_SLUR,8,LUR,LUR,2025-02-18,2025-02-18,1,Yd,1197.080810546875,1199.88671875,1197.3057861328125,1199.5179443359375,1199.830322265625
M8_YLUR_SLUR,8,LUR,LUR,2025-02-18,2025-02-18,1,TSE,1192.886474609375,1200.2330322265625,1199.1898193359375,1200.75341796875,1200.58984375
M8_YLUR_SLUR,8,LUR,LUR,2025-02-18,2025-02-18,1,TSEC,80.87177276611328,80.03242492675781,80.02481079101562,79.66569519042969,80.03018188476562
M8_YLUR_SLUR,8,LUR,LUR,2025-02-18,2025-02-19,2,Yd,1193.927734375,1199.88671875,1198.68408203125,1197.6708984375,1199.8193359375
M8_YLUR_SLUR,8,LUR,LUR,2025-02-18,2025-02-19,2,TSE,1181.8487548828125,1200.2330322265625,1199.8179931640625,1201.9127197265625,1200.783935546875
M8_YLUR_SLUR,8,LUR,LUR,2025-02-18,2025-02-19,2,TSEC,80.2482681274414,80.03242492675781,80.11751556396484,79.89844512939453,80.01241302490234
M8_YLUR_SLUR,8,LUR,LUR,2025-02-18,2025-02-20,3,Yd,1182.2357177734375,1199.88671875,1200.4400634765625,1198.95654296875,1199.4923095703125
M8_YLUR_SLUR,8,LUR,LUR,2025-02-18,2025-02-20,3,TSE,1178.5301513671875,1200.2330322265625,1200.10791015625,1199.5625,1200.6624755859375
M8_YLUR_SLUR,8,LUR,LUR,2025-02-18,2025-02-20,3,TSEC,78.89614868164062,80.03242492675781,80.18560791015625,80.0340576171875,79.98780059814453
M8_YLUR_SLUR,8,LUR,LUR,2025-02-19,2025-02-19,1,Yd,1193.927734375,1199.8831787109375,1200.434326171875,1197.9429931640625,1199.8482666015625
M8_YLUR_SLUR,8,LUR,LUR,2025-02-19,2025-02-19,1,TSE,1181.8487548828125,1200.2236328125,1198.115966796875,1197.1357421875,1200.548583984375
M8_YLUR_SLUR,8,LUR,LUR,2025-02-19,2025-02-19,1,TSEC,80.2482681274414,80.03350067138672,80.09618377685547,79.93377685546875,80.02365112304688
M8_YLUR_SLUR,8,LUR,LUR,2025-02-19,2025-02-20,2,Yd,1182.2357177734375,1199.8831787109375,1199.89111328125,1197.3524169921875,1199.770751953125
M8_YLUR_SLUR,8,LUR,LUR,2025-02-19,2025-02-20,2,TSE,1178.5301513671875,1200.2236328125,1197.744384765625,1198.5596923828125,1200.545654296875
M8_YLUR_SLUR,8,LUR,LUR,2025-02-19,2025-02-20,2,TSEC,78.89614868164062,80.03350067138672,80.04701232910156,79.74082946777344,80.01061248779297
M8_YLUR_SLUR,8,LUR,LUR,2025-02-19,2025-02-21,3,Yd,1203.5682373046875,1199.8831787109375,1200.7386474609375,1200.1304931640625,1199.5870361328125
M8_YLUR_SLUR,8,LUR,LUR,2025-02-19,2025-02-21,3,TSE,1202.450439453125,1200.2236328125,1199.2039794921875,1199.0595703125,1200.41259765625
M8_YLUR_SLUR,8,LUR,LUR,2025-02-19,2025-02-21,3,TSEC,79.50354766845703,80.03350067138672,80.11084747314453,80.03148651123047,80.00340270996094
M8_YLUR_SLUR,8,LUR,LUR,2025-02-20,2025-02-20,1,Yd,1182.2357177734375,1199.87548828125,1199.600341796875,1196.514892578125,1199.8302001953125
M8_YLUR_SLUR,8,LUR,LUR,2025-02-20,2025-02-20,1,TSE,1178.5301513671875,1200.2001953125,1199.0960693359375,1201.4046630859375,1200.381591796875
M8_YLUR_SLUR,8,LUR,LUR,2025-02-20,2025-02-20,1,TSEC,78.89614868164062,80.03376770019531,80.08065795898438,79.8778076171875,80.02816009521484
M8_YLUR_SLUR,8,LUR,LUR,2025-02-20,2025-02-21,2,Yd,1203.5682373046875,1199.87548828125,1200.3621826171875,1198.6180419921875,1199.68310546875
M8_YLUR_SLUR,8,LUR,LUR,2025-02-20,2025-02-21,2,TSE,1202.450439453125,1200.2001953125,1199.83740234375,1201.820556640625,1200.470458984375
M8_YLUR_SLUR,8,LUR,LUR,2025-02-20,2025-02-21,2,TSEC,79.50354766845703,80.03376770019531,80.08832550048828,79.8683853149414,80.0223388671875
M8_YLUR_SLUR,8,LUR,LUR,2025-02-20,2025-02-22,3,Yd,1214.4068603515625,1199.87548828125,1200.0087890625,1195.2203369140625,1199.5478515625
M8_YLUR_SLUR,8,LUR,LUR,2025-02-20,2025-02-22,3,TSE,1190.764892578125,1200.2001953125,1199.036865234375,1201.504638671875,1200.41357421875
M8_YLUR_SLUR,8,LUR,LUR,2025-02-20,2025-02-22,3,TSEC,80.89435577392578,80.03376770019531,80.0789794921875,79.94947814941406,80.01175689697266
M8_YLUR_SLUR,8,LUR,LUR,2025-02-21,2025-02-21,1,Yd,1203.5682373046875,1199.8529052734375,1200.9598388671875,1199.052001953125,1199.724365234375
M8_YLUR_SLUR,8,LUR,LUR,2025-02-21,2025-02-21,1,TSE,1202.450439453125,1200.17236328125,1199.6875,1199.655029296875,1200.395263671875
M8_YLUR_SLUR,8,LUR,LUR,2025-02-21,2025-02-21,1,TSEC,79.50354766845703,80.03231811523438,80.19905090332031,79.939453125,80.02396392822266
M8_YLUR_SLUR,8,LUR,LUR,2025-02-21,2025-02-22,2,Yd,1214.4068603515625,1199.8529052734375,1199.200927734375,1199.2694091796875,1199.6595458984375
M8_YLUR_SLUR,8,LUR,LUR,2025-02-21,2025-02-22,2,TSE,1190.764892578125,1200.17236328125,1198.7191162109375,1198.92529296875,1200.4180908203125
M8_YLUR_SLUR,8,LUR,LUR,2025-02-21,2025-02-22,2,TSEC,80.89435577392578,80.03231811523438,80.09619903564453,79.94049835205078,80.00984191894531
M8_YLUR_SLUR,8,LUR,LUR,2025-02-21,2025-02-23,3,Yd,1199.2264404296875,1199.8529052734375,1200.0447998046875,1197.2823486328125,1199.7442626953125
M8_YLUR_SLUR,8,LUR,LUR,2025-02-21,2025-02-23,3,TSE,1189.259033203125,1200.17236328125,1200.071044921875,1196.9598388671875,1200.268798828125
M8_YLUR_SLUR,8,LUR,LUR,2025-02-21,2025-02-23,3,TSEC,81.1562728881836,80.03231811523438,80.1653060913086,79.75120544433594,79.99446105957031
M8_YLUR_SLUR,8,LUR,LUR,2025-02-22,2025-02-22,1,Yd,1214.4068603515625,1199.8577880859375,1199.4879150390625,1200.5543212890625,1199.7967529296875
M8_YLUR_SLUR,8,LUR,LUR,2025-02-22,2025-02-22,1,TSE,1190.764892578125,1200.17529296875,1202.21484375,1204.079345703125,1200.22705078125
M8_YLUR_SLUR,8,LUR,LUR,2025-02-22,2025-02-22,1,TSEC,80.89435577392578,80.03164672851562,80.08590698242188,80.11612701416016,80.01988220214844
M8_YLUR_SLUR,8,LUR,LUR,2025-02-22,2025-02-23,2,Yd,1199.2264404296875,1199.8577880859375,1199.431884765625,1200.502197265625,1199.9178466796875
M8_YLUR_SLUR,8,LUR,LUR,2025-02-22,2025-02-23,2,TSE,1189.259033203125,1200.17529296875,1198.0269775390625,1201.962646484375,1200.11865234375
M8_YLUR_SLUR,8,LUR,LUR,2025-02-22,2025-02-23,2,TSEC,81.1562728881836,80.03164672851562,80.16754913330078,80.01661682128906,80.00702667236328
M8_YLUR_SLUR,8,LUR,LUR,2025-02-22,2025-02-24,3,Yd,1199.757080078125,1199.8577880859375,1200.117919921875,1200.2706298828125,1200.0501708984375
M8_YLUR_SLUR,8,LUR,LUR,2025-02-22,2025-02-24,3,TSE,1209.280517578125,1200.17529296875,1200.6788330078125,1200.734375,1200.0640869140625
M8_YLUR_SLUR,8,LUR,LUR,2025-02-22,2025-02-24,3,TSEC,79.03263854980469,80.03164672851562,79.95661163330078,80.00299835205078,80.00164794921875
M8_YLUR_SLUR,8,LUR,LUR,2025-02-23,2025-02-23,1,Yd,1199.2264404296875,1199.876220703125,1199.5604248046875,1198.441162109375,1200.0762939453125
M8_YLUR_SLUR,8,LUR,LUR,2025-02-23,2025-02-23,1,TSE,1189.259033203125,1200.1632080078125,1199.9190673828125,1202.435546875,1200.2811279296875
M8_YLUR_SLUR,8,LUR,LUR,2025-02-23,2025-02-23,1,TSEC,81.1562728881836,80.03274536132812,80.08838653564453,79.91739654541016,80.0264663696289
M8_YLUR_SLUR,8,LUR,LUR,2025-02-23,2025-02-24,2,Yd,1199.757080078125,1199.876220703125,1200.13818359375,1199.51123046875,1200.427001953125
M8_YLUR_SLUR,8,LUR,LUR,2025-02-23,2025-02-24,2,TSE,1209.280517578125,1200.1632080078125,1197.56591796875,1201.3162841796875,1200.3284912109375
M8_YLUR_SLUR,8,LUR,LUR,2025-02-23,2025-02-24,2,TSEC,79.03263854980469,80.03274536132812,80.16751098632812,79.83423614501953,80.02307891845703
M8_YLUR_SLUR,8,LUR,LUR,2025-02-23,2025-02-25,3,Yd,1204.048828125,1199.876220703125,1199.9696044921875,1201.333740234375,1200.6959228515625
M8_YLUR_SLUR,8,LUR,LUR,2025-02-23,2025-02-25,3,TSE,1210.3436279296875,1200.1632080078125,1200.5556640625,1201.3560791015625,1200.479248046875
M8_YLUR_SLUR,8,LUR,LUR,2025-02-23,2025-02-25,3,TSEC,80.74199676513672,80.03274536132812,80.06404113769531,80.03541564941406,80.02726745605469
M8_YLUR_SLUR,8,LUR,LUR,2025-02-24,2025-02-24,1,Yd,1199.757080078125,1199.87548828125,1201.4312744140625,1198.1072998046875,1200.21484375
M8_YLUR_SLUR,8,LUR,LUR,2025-02-24,2025-02-24,1,TSE,1209.280517578125,1200.1494140625,1200.8095703125,1200.1995849609375,1200.4766845703125
M8_YLUR_SLUR,8,LUR,LUR,2025-02-24,2025-02-24,1,TSEC,79.03263854980469,80.0341796875,80.18879699707031,80.17196655273438,80.03087615966797
M8_YLUR_SLUR,8,LUR,LUR,2025-02-24,2025-02-25,2,Yd,1204.048828125,1199.87548828125,1201.5262451171875,1198.0093994140625,1200.61962890625
M8_YLUR_SLUR,8,LUR,LUR,2025-02-24,2025-02-25,2,TSE,1210.3436279296875,1200.1494140625,1198.9700927734375,1201.2293701171875,1200.7352294921875
M8_YLUR_SLUR,8,LUR,LUR,2025-02-24,2025-02-25,2,TSEC,80.74199676513672,80.0341796875,80.0477294921875,79.94099426269531,80.03270721435547
M8_YLUR_SLUR,8,LUR,LUR,2025-02-24,2025-02-26,3,Yd,1203.330078125,1199.87548828125,1201.1357421875,1197.3355712890625,1200.8397216796875
M8_YLUR_SLUR,8,LUR,LUR,2025-02-24,2025-02-26,3,TSE,1195.197509765625,1200.1494140625,1200.3984375,1198.895263671875,1201.114501953125
M8_YLUR_SLUR,8,LUR,LUR,2025-02-24,2025-02-26,3,TSEC,80.31318664550781,80.0341796875,80.07039642333984,79.94766998291016,80.02545166015625
M8_YLUR_SLUR,8,LUR,LUR,2025-02-25,2025-02-25,1,Yd,1204.048828125,1199.8753662109375,1200.14892578125,1197.34765625,1200.107177734375
M8_YLUR_SLUR,8,LUR,LUR,2025-02-25,2025-02-25,1,TSE,1210.3436279296875,1200.1610107421875,1205.154541015625,1200.985107421875,1200.5765380859375
M8_YLUR_SLUR,8,LUR,LUR,2025-02-25,2025-02-25,1,TSEC,80.74199676513672,80.03289794921875,80.12944793701172,79.93486785888672,80.03286743164062
M8_YLUR_SLUR,8,LUR,LUR,2025-02-25,2025-02-26,2,Yd,1203.330078125,1199.8753662109375,1200.2445068359375,1195.6842041015625,1200.336669921875
M8_YLUR_SLUR,8,LUR,LUR,2025-02-25,2025-02-26,2,TSE,1195.197509765625,1200.1610107421875,1199.47314453125,1200.5269775390625,1200.860107421875
M8_YLUR_SLUR,8,LUR,LUR,2025-02-25,2025-02-26,2,TSEC,80.31318664550781,80.03289794921875,80.12767028808594,80.1033935546875,80.02298736572266
M8_YLUR_SLUR,8,LUR,LUR,2025-02-25,2025-02-27,3,Yd,1197.3604736328125,1199.8753662109375,1199.78466796875,1196.0006103515625,1200.412109375
M8_YLUR_SLUR,8,LUR,LUR,2025-02-25,2025-02-27,3,TSE,1200.1590576171875,1200.1610107421875,1201.53076171875,1200.3670654296875,1200.9990234375
M8_YLUR_SLUR,8,LUR,LUR,2025-02-25,2025-02-27,3,TSEC,79.44829559326172,80.03289794921875,79.98375701904297,80.16934967041016,80.01664733886719
M8_YLUR_SLUR,8,LUR,LUR,2025-02-26,2025-02-26,1,Yd,1203.330078125,1199.880615234375,1199.2828369140625,1197.517333984375,1200.037841796875
M8_YLUR_SLUR,8,LUR,LUR,2025-02-26,2025-02-26,1,TSE,1195.197509765625,1200.1739501953125,1198.6070556640625,1199.4285888671875,1200.4991455078125
M8_YLUR_SLUR,8,LUR,LUR,2025-02-26,2025-02-26,1,TSEC,80.31318664550781,80.03379821777344,80.1050796508789,79.8246841430664,80.02926635742188
M8_YLUR_SLUR,8,LUR,LUR,2025-02-26,2025-02-27,2,Yd,1197.3604736328125,1199.880615234375,1199.6695556640625,1196.3956298828125,1200.116455078125
M8_YLUR_SLUR,8,LUR,LUR,2025-02-26,2025-02-27,2,TSE,1200.1590576171875,1200.1739501953125,1199.3619384765625,1198.4598388671875,1200.5626220703125
M8_YLUR_SLUR,8,LUR,LUR,2025-02-26,2025-02-27,2,TSEC,79.44829559326172,80.03379821777344,80.09759521484375,79.75128936767578,80.02727508544922
M8_YLUR_SLUR,8,LUR,LUR,2025-02-26,2025-02-28,3,Yd,1206.6981201171875,1199.880615234375,1198.76708984375,1200.99462890625,1199.9625244140625
M8_YLUR_SLUR,8,LUR,LUR,2025-02-26,2025-02-28,3,TSE,1189.0465087890625,1200.1739501953125,1198.9483642578125,1199.1534423828125,1200.5523681640625
M8_YLUR_SLUR,8,LUR,LUR,2025-02-26,2025-02-28,3,TSEC,79.5661849975586,80.03379821777344,80.10844421386719,80.04371643066406,80.02574157714844
M8_YLUR_SLUR,8,LUR,LUR,2025-02-27,2025-02-27,1,Yd,1197.3604736328125,1199.885009765625,1200.147705078125,1196.740234375,1199.9449462890625
M8_YLUR_SLUR,8,LUR,LUR,2025-02-27,2025-02-27,1,TSE,1200.1590576171875,1200.167724609375,1199.499267578125,1198.9583740234375,1200.369140625
M8_YLUR_SLUR,8,LUR,LUR,2025-02-27,2025-02-27,1,TSEC,79.44829559326172,80.0341567993164,80.064453125,79.8633804321289,80.03572082519531
M8_YLUR_SLUR,8,LUR,LUR,2025-02-27,2025-02-28,2,Yd,1206.6981201171875,1199.885009765625,1200.249755859375,1196.1829833984375,1199.8616943359375
M8_YLUR_SLUR,8,LUR,LUR,2025-02-27,2025-02-28,2,TSE,1189.0465087890625,1200.167724609375,1199.5611572265625,1202.5611572265625,1200.4830322265625
M8_YLUR_SLUR,8,LUR,LUR,2025-02-27,2025-02-28,2,TSEC,79.5661849975586,80.0341567993164,80.0755615234375,79.92382049560547,80.03463745117188
M8_YLUR_SLUR,8,LUR,LUR,2025-02-27,2025-03-01,3,Yd,1194.921142578125,1199.885009765625,1200.0753173828125,1197.818603515625,1199.7926025390625
M8_YLUR_SLUR,8,LUR,LUR,2025-02-27,2025-03-01,3,TSE,1195.0889892578125,1200.167724609375,1198.8167724609375,1203.318359375,1200.41015625
M8_YLUR_SLUR,8,LUR,LUR,2025-02-27,2025-03-01,3,TSEC,79.75314331054688,80.0341567993164,80.06163787841797,79.95999145507812,80.02677917480469
M8_YLUR_SLUR,8,LUR,LUR,2025-02-28,2025-02-28,1,Yd,1206.6981201171875,1199.8818359375,1200.330322265625,1195.8116455078125,1199.801513671875
M8_YLUR_SLUR,8,LUR,LUR,2025-02-28,2025-02-28,1,TSE,1189.0465087890625,1200.1676025390625,1199.6279296875,1201.14306640625,1200.3692626953125
M8_YLUR_SLUR,8,LUR,LUR,2025-02-28,2025-02-28,1,TSEC,79.5661849975586,80.03341674804688,80.12128448486328,80.08277130126953,80.0351791381836
M8_YLUR_SLUR,8,LUR,LUR,2025-02-28,2025-03-01,2,Yd,1194.921142578125,1199.8818359375,1199.82373046875,1197.322509765625,1199.8525390625
M8_YLUR_SLUR,8,LUR,LUR,2025-02-28,2025-03-01,2,TSE,1195.0889892578125,1200.1676025390625,1199.3953857421875,1203.48486328125,1200.3275146484375
M8_YLUR_SLUR,8,LUR,LUR,2025-02-28,2025-03-01,2,TSEC,79.75314331054688,80.03341674804688,80.08890533447266,80.16889953613281,80.02394104003906
M8_YLUR_SLUR,8,LUR,LUR,2025-02-28,2025-03-02,3,Yd,1198.7095947265625,1199.8818359375,1199.6138916015625,1200.4326171875,1199.9384765625
M8_YLUR_SLUR,8,LUR,LUR,2025-02-28,2025-03-02,3,TSE,1189.592529296875,1200.1676025390625,1200.0650634765625,1202.2603759765625,1200.206787109375
M8_YLUR_SLUR,8,LUR,LUR,2025-02-28,2025-03-02,3,TSEC,79.8414535522461,80.03341674804688,80.09647369384766,80.19261932373047,80.0093002319336
M8_YLUR_SLUR,8,LUR,LUR,2025-03-01,2025-03-01,1,Yd,1194.921142578125,1199.890380859375,1199.8927001953125,1197.2745361328125,1199.9324951171875
M8_YLUR_SLUR,8,LUR,LUR,2025-03-01,2025-03-01,1,TSE,1195.0889892578125,1200.153564453125,1199.2259521484375,1200.9923095703125,1200.2554931640625
M8_YLUR_SLUR,8,LUR,LUR,2025-03-01,2025-03-01,1,TSEC,79.75314331054688,80.03282165527344,80.10443878173828,80.22064208984375,80.02487182617188
M8_YLUR_SLUR,8,LUR,LUR,2025-03-01,2025-03-02,2,Yd,1198.7095947265625,1199.890380859375,1199.597412109375,1196.5162353515625,1200.2236328125
M8_YLUR_SLUR,8,LUR,LUR,2025-03-01,2025-03-02,2,TSE,1189.592529296875,1200.153564453125,1200.0831298828125,1198.82958984375,1200.308837890625
M8_YLUR_SLUR,8,LUR,LUR,2025-03-01,2025-03-02,2,TSEC,79.8414535522461,80.03282165527344,80.197021484375,79.99842071533203,80.0186996459961
M8_YLUR_SLUR,8,LUR,LUR,2025-03-01,2025-03-03,3,Yd,1207.58203125,1199.890380859375,1200.2052001953125,1197.761474609375,1200.437255859375
M8_YLUR_SLUR,8,LUR,LUR,2025-03-01,2025-03-03,3,TSE,1201.635986328125,1200.153564453125,1197.7464599609375,1198.16064453125,1200.32666015625
M8_YLUR_SLUR,8,LUR,LUR,2025-03-01,2025-03-03,3,TSEC,81.00731658935547,80.03282165527344,79.92530822753906,80.05101776123047,80.01692199707031
M8_YLUR_SLUR,8,LUR,LUR,2025-03-02,2025-03-02,1,Yd,1198.7095947265625,1199.8841552734375,1199.7554931640625,1198.10400390625,1200.146728515625
M8_YLUR_SLUR,8,LUR,LUR,2025-03-02,2025-03-02,1,TSE,1189.592529296875,1200.1470947265625,1198.514892578125,1198.9749755859375,1200.36181640625
M8_YLUR_SLUR,8,LUR,LUR,2025-03-02,2025-03-02,1,TSEC,79.8414535522461,80.03247833251953,80.14266967773438,80.13227081298828,80.02824401855469
M8_YLUR_SLUR,8,LUR,LUR,2025-03-02,2025-03-03,2,Yd,1207.58203125,1199.8841552734375,1200.4415283203125,1198.6370849609375,1200.5623779296875
M8_YLUR_SLUR,8,LUR,LUR,2025-03-02,2025-03-03,2,TSE,1201.635986328125,1200.1470947265625,1200.5367431640625,1199.65478515625,1200.501708984375
M8_YLUR_SLUR,8,LUR,LUR,2025-03-02,2025-03-03,2,TSEC,81.00731658935547,80.03247833251953,79.91484832763672,80.01841735839844,80.0240249633789
M8_YLUR_SLUR,8,LUR,LUR,2025-03-02,2025-03-04,3,Yd,1214.4832763671875,1199.8841552734375,1201.5438232421875,1198.440673828125,1200.9071044921875
M8_YLUR_SLUR,8,LUR,LUR,2025-03-02,2025-03-04,3,TSE,1195.7296142578125,1200.1470947265625,1199.4718017578125,1199.99755859375,1200.7269287109375
M8_YLUR_SLUR,8,LUR,LUR,2025-03-02,2025-03-04,3,TSEC,79.24343872070312,80.03247833251953,80.17462921142578,80.0333251953125,80.02396392822266
M8_YLUR_SLUR,8,LUR,LUR,2025-03-03,2025-03-03,1,Yd,1207.58203125,1199.8826904296875,1199.137939453125,1197.3568115234375,1200.2861328125
M8_YLUR_SLUR,8,LUR,LUR,2025-03-03,2025-03-03,1,TSE,1201.635986328125,1200.1337890625,1200.486328125,1199.3291015625,1200.5057373046875
M8_YLUR_SLUR,8,LUR,LUR,2025-03-03,2025-03-03,1,TSEC,81.00731658935547,80.0322265625,80.0678939819336,80.03565979003906,80.03571319580078
M8_YLUR_SLUR,8,LUR,LUR,2025-03-03,2025-03-04,2,Yd,1214.4832763671875,1199.8826904296875,1199.2158203125,1198.4656982421875,1200.755126953125
M8_YLUR_SLUR,8,LUR,LUR,2025-03-03,2025-03-04,2,TSE,1195.7296142578125,1200.1337890625,1199.5003662109375,1200.2470703125,1200.7752685546875
M8_YLUR_SLUR,8,LUR,LUR,2025-03-03,2025-03-04,2,TSEC,79.24343872070312,80.0322265625,80.09129333496094,79.99088287353516,80.033203125
M8_YLUR_SLUR,8,LUR,LUR,2025-03-03,2025-03-05,3,Yd,1202.08935546875,1199.8826904296875,1199.3460693359375,1197.662353515625,1201.031005859375
M8_YLUR_SLUR,8,LUR,LUR,2025-03-03,2025-03-05,3,TSE,1183.181884765625,1200.1337890625,1200.0340576171875,1198.494140625,1201.1904296875
M8_YLUR_SLUR,8,LUR,LUR,2025-03-03,2025-03-05,3,TSEC,80.95358276367188,80.0322265625,80.05828094482422,80.0577621459961,80.02864837646484
M8_YLUR_SLUR,8,LUR,LUR,2025-03-04,2025-03-04,1,Yd,1214.4832763671875,1199.892333984375,1200.3516845703125,1196.7484130859375,1200.294189453125
M8_YLUR_SLUR,8,LUR,LUR,2025-03-04,2025-03-04,1,TSE,1195.7296142578125,1200.1357421875,1198.300537109375,1200.857666015625,1200.6602783203125
M8_YLUR_SLUR,8,LUR,LUR,2025-03-04,2025-03-04,1,TSEC,79.24343872070312,80.03345489501953,79.90802764892578,80.03276062011719,80.03645324707031
M8_YLUR_SLUR,8,LUR,LUR,2025-03-04,2025-03-05,2,Yd,1202.08935546875,1199.892333984375,1200.1519775390625,1196.2681884765625,1200.66357421875
M8_YLUR_SLUR,8,LUR,LUR,2025-03-04,2025-03-05,2,TSE,1183.181884765625,1200.1357421875,1200.4678955078125,1201.4349365234375,1200.9927978515625
M8_YLUR_SLUR,8,LUR,LUR,2025-03-04,2025-03-05,2,TSEC,80.95358276367188,80.03345489501953,80.07158660888672,79.87421417236328,80.03080749511719
M8_YLUR_SLUR,8,LUR,LUR,2025-03-04,2025-03-06,3,Yd,1192.6654052734375,1199.892333984375,1200.100830078125,1199.79931640625,1200.8218994140625
M8_YLUR_SLUR,8,LUR,LUR,2025-03-04,2025-03-06,3,TSE,1204.1929931640625,1200.1357421875,1195.414794921875,1201.281982421875,1201.083251953125
M8_YLUR_SLUR,8,LUR,LUR,2025-03-04,2025-03-06,3,TSEC,80.6318359375,80.03345489501953,80.1872787475586,80.12783813476562,80.0348129272461
M8_YLUR_SLUR,8,LUR,LUR,2025-03-05,2025-03-05,1,Yd,1202.08935546875,1199.9107666015625,1200.5263671875,1197.25732421875,1200.186767578125
M8_YLUR_SLUR,8,LUR,LUR,2025-03-05,2025-03-05,1,TSE,1183.181884765625,1200.1302490234375,1199.7957763671875,1201.8843994140625,1200.4517822265625
M8_YLUR_SLUR,8,LUR,LUR,2025-03-05,2025-03-05,1,TSEC,80.95358276367188,80.03246307373047,79.99231719970703,79.9828109741211,80.03572082519531
M8_YLUR_SLUR,8,LUR,LUR,2025-03-05,2025-03-06,2,Yd,1192.6654052734375,1199.9107666015625,1200.4794921875,1195.9366455078125,1200.3519287109375
M8_YLUR_SLUR,8,LUR,LUR,2025-03-05,2025-03-06,2,TSE,1204.1929931640625,1200.1302490234375,1199.4317626953125,1202.3935546875,1200.5723876953125
M8_YLUR_SLUR,8,LUR,LUR,2025-03-05,2025-03-06,2,TSEC,80.6318359375,80.03246307373047,80.11631774902344,80.0685043334961,80.037353515625
M8_YLUR_SLUR,8,LUR,LUR,2025-03-05,2025-03-07,3,Yd,1217.3587646484375,1199.9107666015625,1200.51123046875,1198.0458984375,1200.231689453125
M8_YLUR_SLUR,8,LUR,LUR,2025-03-05,2025-03-07,3,TSE,1186.7464599609375,1200.1302490234375,1200.1473388671875,1201.4715576171875,1200.6536865234375
M8_YLUR_SLUR,8,LUR,LUR,2025-03-05,2025-03-07,3,TSEC,79.27019500732422,80.03246307373047,80.03250885009766,80.07514190673828,80.03639221191406
M8_YLUR_SLUR,8,LUR,LUR,2025-03-06,2025-03-06,1,Yd,1192.6654052734375,1199.9134521484375,1200.499267578125,1196.7886962890625,1200.0770263671875
M8_YLUR_SLUR,8,LUR,LUR,2025-03-06,2025-03-06,1,TSE,1204.1929931640625,1200.10888671875,1193.7554931640625,1199.653076171875,1200.450439453125
M8_YLUR_SLUR,8,LUR,LUR,2025-03-06,2025-03-06,1,TSEC,80.6318359375,80.03361511230469,80.09017944335938,79.9780044555664,80.04303741455078
M8_YLUR_SLUR,8,LUR,LUR,2025-03-06,2025-03-07,2,Yd,1217.3587646484375,1199.9134521484375,1200.4461669921875,1198.867919921875,1200.0789794921875
M8_YLUR_SLUR,8,LUR,LUR,2025-03-06,2025-03-07,2,TSE,1186.7464599609375,1200.10888671875,1197.1002197265625,1200.483642578125,1200.61328125
M8_YLUR_SLUR,8,LUR,LUR,2025-03-06,2025-03-07,2,TSEC,79.27019500732422,80.03361511230469,79.95803833007812,79.89173126220703,80.04375457763672
M8_YLUR_SLUR,8,LUR,LUR,2025-03-06,2025-03-08,3,Yd,1220.0555419921875,1199.9134521484375,1200.454833984375,1199.5496826171875,1200.0618896484375
M8_YLUR_SLUR,8,LUR,LUR,2025-03-06,2025-03-08,3,TSE,1185.07568359375,1200.10888671875,1192.3125,1202.2686767578125,1200.5146484375
M8_YLUR_SLUR,8,LUR,LUR,2025-03-06,2025-03-08,3,TSEC,80.09619903564453,80.03361511230469,80.24856567382812,80.06803131103516,80.03475189208984
M8_YLUR_SLUR,8,LUR,LUR,2025-03-07,2025-03-07,1,Yd,1217.3587646484375,1199.9044189453125,1199.0556640625,1198.47705078125,1199.97900390625
M8_YLUR_SLUR,8,LUR,LUR,2025-03-07,2025-03-07,1,TSE,1186.7464599609375,1200.114013671875,1199.8795166015625,1199.21923828125,1200.443115234375
M8_YLUR_SLUR,8,LUR,LUR,2025-03-07,2025-03-07,1,TSEC,79.27019500732422,80.03437042236328,80.06798553466797,79.90723419189453,80.03955078125
M8_YLUR_SLUR,8,LUR,LUR,2025-03-07,2025-03-08,2,Yd,1220.0555419921875,1199.9044189453125,1200.0982666015625,1201.176513671875,1200.1046142578125
M8_YLUR_SLUR,8,LUR,LUR,2025-03-07,2025-03-08,2,TSE,1185.07568359375,1200.114013671875,1201.9091796875,1203.4376220703125,1200.4185791015625
M8_YLUR_SLUR,8,LUR,LUR,2025-03-07,2025-03-08,2,TSEC,80.09619903564453,80.03437042236328,80.05039978027344,80.09228515625,80.02825927734375
M8_YLUR_SLUR,8,LUR,LUR,2025-03-07,2025-03-09,3,Yd,1214.9437255859375,1199.9044189453125,1199.9327392578125,1199.1217041015625,1200.2650146484375
M8_YLUR_SLUR,8,LUR,LUR,2025-03-07,2025-03-09,3,TSE,1186.060302734375,1200.114013671875,1198.1639404296875,1197.5391845703125,1200.336181640625
M8_YLUR_SLUR,8,LUR,LUR,2025-03-07,2025-03-09,3,TSEC,78.92538452148438,80.03437042236328,80.04328918457031,79.61934661865234,80.0194320678711
M8_YLUR_SLUR,8,LUR,LUR,2025-03-08,2025-03-08,1,Yd,1220.0555419921875,1199.92626953125,1200.3939208984375,1197.4617919921875,1200.093994140625
M8_YLUR_SLUR,8,LUR,LUR,2025-03-08,2025-03-08,1,TSE,1185.07568359375,1200.0972900390625,1198.9268798828125,1202.0703125,1200.2769775390625
M8_YLUR_SLUR,8,LUR,LUR,2025-03-08,2025-03-08,1,TSEC,80.09619903564453,80.03341674804688,80.07617950439453,79.99928283691406,80.03071594238281
M8_YLUR_SLUR,8,LUR,LUR,2025-03-08,2025-03-09,2,Yd,1214.9437255859375,1199.92626953125,1200.0706787109375,1198.4161376953125,1200.4896240234375
M8_YLUR_SLUR,8,LUR,LUR,2025-03-08,2025-03-09,2,TSE,1186.060302734375,1200.0972900390625,1199.8712158203125,1199.690673828125,1200.3489990234375
M8_YLUR_SLUR,8,LUR,LUR,2025-03-08,2025-03-09,2,TSEC,78.92538452148438,80.03341674804688,80.07505798339844,79.76502990722656,80.02789306640625
M8_YLUR_SLUR,8,LUR,LUR,2025-03-08,2025-03-10,3,Yd,1192.5086669921875,1199.92626953125,1200.9580078125,1199.1923828125,1200.8367919921875
M8_YLUR_SLUR,8,LUR,LUR,2025-03-08,2025-03-10,3,TSE,1191.4730224609375,1200.0972900390625,1197.8095703125,1198.998291015625,1200.493896484375
M8_YLUR_SLUR,8,LUR,LUR,2025-03-08,2025-03-10,3,TSEC,79.1424560546875,80.03341674804688,80.13107299804688,80.03622436523438,80.03237915039062
M8_YLUR_SLUR,8,LUR,LUR,2025-03-09,2025-03-09,1,Yd,1214.9437255859375,1199.951416015625,1200.2567138671875,1195.5570068359375,1200.3089599609375
M8_YLUR_SLUR,8,LUR,LUR,2025-03-09,2025-03-09,1,TSE,1186.060302734375,1200.078369140625,1199.601806640625,1201.3380126953125,1200.3214111328125
M8_YLUR_SLUR,8,LUR,LUR,2025-03-09,2025-03-09,1,TSEC,78.92538452148438,80.03349304199219,80.05117797851562,79.85513305664062,80.03215026855469
M8_YLUR_SLUR,8,LUR,LUR,2025-03-09,2025-03-10,2,Yd,1192.5086669921875,1199.951416015625,1200.91650390625,1194.862548828125,1200.8914794921875
M8_YLUR_SLUR,8,LUR,LUR,2025-03-09,2025-03-10,2,TSE,1191.4730224609375,1200.078369140625,1197.80224609375,1198.66748046875,1200.385986328125
M8_YLUR_SLUR,8,LUR,LUR,2025-03-09,2025-03-10,2,TSEC,79.1424560546875,80.03349304199219,80.1049575805664,79.68161010742188,80.03325653076172
M8_YLUR_SLUR,8,LUR,LUR,2025-03-09,2025-03-11,3,Yd,1188.61181640625,1199.951416015625,1200.7161865234375,1198.7459716796875,1201.421630859375
M8_YLUR_SLUR,8,LUR,LUR,2025-03-09,2025-03-11,3,TSE,1202.6837158203125,1200.078369140625,1199.9154052734375,1199.421875,1200.5933837890625
M8_YLUR_SLUR,8,LUR,LUR,2025-03-09,2025-03-11,3,TSEC,80.18895721435547,80.03349304199219,80.05412292480469,80.04228973388672,80.03694915771484
M8_YLUR_SLUR,8,LUR,LUR,2025-03-10,2025-03-10,1,Yd,1192.5086669921875,1199.97021484375,1201.229248046875,1197.858642578125,1200.4244384765625
M8_YLUR_SLUR,8,LUR,LUR,2025-03-10,2025-03-10,1,TSE,1191.4730224609375,1200.0609130859375,1189.36474609375,1199.8975830078125,1200.3255615234375
M8_YLUR_SLUR,8,LUR,LUR,2025-03-10,2025-03-10,1,TSEC,79.1424560546875,80.03211212158203,79.96083068847656,79.96294403076172,80.03478240966797
M8_YLUR_SLUR,8,LUR,LUR,2025-03-10,2025-03-11,2,Yd,1188.61181640625,1199.97021484375,1202.2791748046875,1195.9371337890625,1201.080322265625
M8_YLUR_SLUR,8,LUR,LUR,2025-03-10,2025-03-11,2,TSE,1202.6837158203125,1200.0609130859375,1194.7099609375,1199.865234375,1200.5189208984375
M8_YLUR_SLUR,8,LUR,LUR,2025-03-10,2025-03-11,2,TSEC,80.18895721435547,80.03211212158203,80.05577850341797,80.10589599609375,80.03718566894531
M8_YLUR_SLUR,8,LUR,LUR,2025-03-10,2025-03-12,3,Yd,1189.3829345703125,1199.97021484375,1200.122314453125,1195.2701416015625,1201.49609375
M8_YLUR_SLUR,8,LUR,LUR,2025-03-10,2025-03-12,3,TSE,1177.7891845703125,1200.0609130859375,1193.0787353515625,1197.14599609375,1200.8807373046875
M8_YLUR_SLUR,8,LUR,LUR,2025-03-10,2025-03-12,3,TSEC,80.85000610351562,80.03211212158203,80.11038208007812,80.02780151367188,80.03766632080078
M8_YLUR_SLUR,8,LUR,LUR,2025-03-11,2025-03-11,1,Yd,1188.61181640625,1199.9609375,1199.9703369140625,1196.1170654296875,1200.3828125
M8_YLUR_SLUR,8,LUR,LUR,2025-03-11,2025-03-11,1,TSE,1202.6837158203125,1200.050048828125,1193.2708740234375,1199.317626953125,1200.4468994140625
M8_YLUR_SLUR,8,LUR,LUR,2025-03-11,2025-03-11,1,TSEC,80.18895721435547,80.03099822998047,80.08112335205078,80.00802612304688,80.03857421875
M8_YLUR_SLUR,8,LUR,LUR,2025-03-11,2025-03-12,2,Yd,1189.3829345703125,1199.9609375,1201.628173828125,1195.1256103515625,1200.8695068359375
M8_YLUR_SLUR,8,LUR,LUR,2025-03-11,2025-03-12,2,TSE,1177.7891845703125,1200.050048828125,1193.2734375,1198.4605712890625,1200.7469482421875
M8_YLUR_SLUR,8,LUR,LUR,2025-03-11,2025-03-12,2,TSEC,80.85000610351562,80.03099822998047,80.07400512695312,80.0067367553711,80.03787994384766
M8_YLUR_SLUR,8,LUR,LUR,2025-03-11,2025-03-13,3,Yd,1199.7783203125,1199.9609375,1200.452392578125,1196.6650390625,1201.02880859375
M8_YLUR_SLUR,8,LUR,LUR,2025-03-11,2025-03-13,3,TSE,1211.8001708984375,1200.050048828125,1192.8509521484375,1198.96533203125,1200.8975830078125
M8_YLUR_SLUR,8,LUR,LUR,2025-03-11,2025-03-13,3,TSEC,80.7310791015625,80.03099822998047,80.10811614990234,80.18384552001953,80.04761505126953
M8_YLUR_SLUR,8,LUR,LUR,2025-03-12,2025-03-12,1,Yd,1189.3829345703125,1199.94677734375,1199.94189453125,1193.530029296875,1200.279052734375
M8_YLUR_SLUR,8,LUR,LUR,2025-03-12,2025-03-12,1,TSE,1177.7891845703125,1200.0533447265625,1200.060302734375,1197.500732421875,1200.4766845703125
M8_YLUR_SLUR,8,LUR,LUR,2025-03-12,2025-03-12,1,TSEC,80.85000610351562,80.03118896484375,80.06880187988281,80.03267669677734,80.04215240478516
M8_YLUR_SLUR,8,LUR,LUR,2025-03-12,2025-03-13,2,Yd,1199.7783203125,1199.94677734375,1200.0450439453125,1193.731689453125,1200.471435546875
M8_YLUR_SLUR,8,LUR,LUR,2025-03-12,2025-03-13,2,TSE,1211.8001708984375,1200.0533447265625,1199.8948974609375,1200.0059814453125,1200.6939697265625
M8_YLUR_SLUR,8,LUR,LUR,2025-03-12,2025-03-13,2,TSEC,80.7310791015625,80.03118896484375,80.04985809326172,80.04161834716797,80.04719543457031
M8_YLUR_SLUR,8,LUR,LUR,2025-03-12,2025-03-14,3,Yd,1203.52490234375,1199.94677734375,1199.577880859375,1196.8507080078125,1200.364990234375
M8_YLUR_SLUR,8,LUR,LUR,2025-03-12,2025-03-14,3,TSE,1193.7757568359375,1200.0533447265625,1199.8271484375,1198.54248046875,1200.84423828125
M8_YLUR_SLUR,8,LUR,LUR,2025-03-12,2025-03-14,3,TSEC,80.65634155273438,80.03118896484375,80.04825592041016,80.06349182128906,80.04782104492188
M8_YLUR_SLUR,8,LUR,LUR,2025-03-13,2025-03-13,1,Yd,1199.7783203125,1199.93359375,1200.51708984375,1195.868408203125,1200.1676025390625
M8_YLUR_SLUR,8,LUR,LUR,2025-03-13,2025-03-13,1,TSE,1211.8001708984375,1200.0255126953125,1199.776123046875,1197.949462890625,1200.544677734375
M8_YLUR_SLUR,8,LUR,LUR,2025-03-13,2025-03-13,1,TSEC,80.7310791015625,80.03221130371094,80.09162139892578,79.89515686035156,80.04683685302734
M8_YLUR_SLUR,8,LUR,LUR,2025-03-13,2025-03-14,2,Yd,1203.52490234375,1199.93359375,1200.361572265625,1196.0343017578125,1200.1668701171875
M8_YLUR_SLUR,8,LUR,LUR,2025-03-13,2025-03-14,2,TSE,1193.7757568359375,1200.0255126953125,1199.9644775390625,1201.4515380859375,1200.7158203125
M8_YLUR_SLUR,8,LUR,LUR,2025-03-13,2025-03-14,2,TSEC,80.65634155273438,80.03221130371094,80.09518432617188,79.83057403564453,80.04591369628906
M8_YLUR_SLUR,8,LUR,LUR,2025-03-13,2025-03-15,3,Yd,1222.12451171875,1199.93359375,1200.0076904296875,1198.3487548828125,1200.0836181640625
M8_YLUR_SLUR,8,LUR,LUR,2025-03-13,2025-03-15,3,TSE,1201.9031982421875,1200.0255126953125,1201.5560302734375,1202.853515625,1200.670166015625
M8_YLUR_SLUR,8,LUR,LUR,2025-03-13,2025-03-15,3,TSEC,78.80376434326172,80.03221130371094,80.06472778320312,80.02800750732422,80.03777313232422
M8_YLUR_SLUR,8,LUR,LUR,2025-03-14,2025-03-14,1,Yd,1203.52490234375,1199.933349609375,1200.710205078125,1196.823486328125,1200.020751953125
M8_YLUR_SLUR,8,LUR,LUR,2025-03-14,2025-03-14,1,TSE,1193.7757568359375,1200.040283203125,1199.9378662109375,1202.4599609375,1200.4520263671875
M8_YLUR_SLUR,8,LUR,LUR,2025-03-14,2025-03-14,1,TSEC,80.65634155273438,80.0330810546875,80.17375183105469,80.0908203125,80.04070281982422
M8_YLUR_SLUR,8,LUR,LUR,2025-03-14,2025-03-15,2,Yd,1222.12451171875,1199.933349609375,1200.2498779296875,1196.171142578125,1200.1453857421875
M8_YLUR_SLUR,8,LUR,LUR,2025-03-14,2025-03-15,2,TSE,1201.9031982421875,1200.040283203125,1201.4595947265625,1205.147705078125,1200.4700927734375
M8_YLUR_SLUR,8,LUR,LUR,2025-03-14,2025-03-15,2,TSEC,78.80376434326172,80.0330810546875,80.10264587402344,80.1261215209961,80.03192138671875
M8_YLUR_SLUR,8,LUR,LUR,2025-03-14,2025-03-16,3,Yd,1202.2412109375,1199.933349609375,1200.078857421875,1198.2645263671875,1200.341796875
M8_YLUR_SLUR,8,LUR,LUR,2025-03-14,2025-03-16,3,TSE,1194.3946533203125,1200.040283203125,1198.1795654296875,1200.31591796875,1200.403564453125
M8_YLUR_SLUR,8,LUR,LUR,2025-03-14,2025-03-16,3,TSEC,81.40352630615234,80.0330810546875,80.16242218017578,80.00190734863281,80.0252685546875
M8_YLUR_SLUR,8,LUR,LUR,2025-03-15,2025-03-15,1,Yd,1222.12451171875,1199.9378662109375,1200.149169921875,1200.6549072265625,1200.146484375
M8_YLUR_SLUR,8,LUR,LUR,2025-03-15,2025-03-15,1,TSE,1201.9031982421875,1200.032470703125,1201.4229736328125,1200.578369140625,1200.346435546875
M8_YLUR_SLUR,8,LUR,LUR,2025-03-15,2025-03-15,1,TSEC,78.80376434326172,80.03385925292969,80.0274887084961,80.07373809814453,80.02760314941406
M8_YLUR_SLUR,8,LUR,LUR,2025-03-15,2025-03-16,2,Yd,1202.2412109375,1199.9378662109375,1199.9771728515625,1201.1390380859375,1200.58349609375
M8_YLUR_SLUR,8,LUR,LUR,2025-03-15,2025-03-16,2,TSE,1194.3946533203125,1200.032470703125,1198.1568603515625,1199.2471923828125,1200.4075927734375
M8_YLUR_SLUR,8,LUR,LUR,2025-03-15,2025-03-16,2,TSEC,81.40352630615234,80.03385925292969,80.07337951660156,79.70316314697266,80.02161407470703
M8_YLUR_SLUR,8,LUR,LUR,2025-03-15,2025-03-17,3,Yd,1213.3160400390625,1199.9378662109375,1200.890380859375,1202.35888671875,1201.088623046875
M8_YLUR_SLUR,8,LUR,LUR,2025-03-15,2025-03-17,3,TSE,1209.84423828125,1200.032470703125,1200.2620849609375,1199.582275390625,1200.6834716796875
M8_YLUR_SLUR,8,LUR,LUR,2025-03-15,2025-03-17,3,TSEC,82.23558807373047,80.03385925292969,80.25145721435547,79.84207153320312,80.02684783935547
M8_YLUR_SLUR,8,LUR,LUR,2025-03-16,2025-03-16,1,Yd,1202.2412109375,1199.9654541015625,1199.6451416015625,1199.56005859375,1200.320556640625
M8_YLUR_SLUR,8,LUR,LUR,2025-03-16,2025-03-16,1,TSE,1194.3946533203125,1200.0347900390625,1200.8563232421875,1201.771240234375,1200.4200439453125
M8_YLUR_SLUR,8,LUR,LUR,2025-03-16,2025-03-16,1,TSEC,81.40352630615234,80.03233337402344,80.0096664428711,79.94132995605469,80.0309066772461
M8_YLUR_SLUR,8,LUR,LUR,2025-03-16,2025-03-17,2,Yd,1213.3160400390625,1199.9654541015625,1201.062744140625,1201.021240234375,1200.914306640625
M8_YLUR_SLUR,8,LUR,LUR,2025-03-16,2025-03-17,2,TSE,1209.84423828125,1200.0347900390625,1196.408935546875,1200.4661865234375,1200.6387939453125
M8_YLUR_SLUR,8,LUR,LUR,2025-03-16,2025-03-17,2,TSEC,82.23558807373047,80.03233337402344,79.98979187011719,79.86129760742188,80.02935791015625
M8_YLUR_SLUR,8,LUR,LUR,2025-03-16,2025-03-18,3,Yd,1219.8197021484375,1199.9654541015625,1199.651611328125,1200.280029296875,1201.485595703125
M8_YLUR_SLUR,8,LUR,LUR,2025-03-16,2025-03-18,3,TSE,1197.4495849609375,1200.0347900390625,1200.34423828125,1200.6170654296875,1200.941650390625
M8_YLUR_SLUR,8,LUR,LUR,2025-03-16,2025-03-18,3,TSEC,79.44588470458984,80.03233337402344,80.09313201904297,80.0530776977539,80.02961730957031
M8_YLUR_SLUR,8,LUR,LUR,2025-03-17,2025-03-17,1,Yd,1213.3160400390625,1199.96826171875,1200.975341796875,1199.5302734375,1200.48828125
M8_YLUR_SLUR,8,LUR,LUR,2025-03-17,2025-03-17,1,TSE,1209.84423828125,1200.0277099609375,1199.762451171875,1200.66748046875,1200.6719970703125
M8_YLUR_SLUR,8,LUR,LUR,2025-03-17,2025-03-17,1,TSEC,82.23558807373047,80.0340347290039,80.00888061523438,80.03715515136719,80.03263854980469
M8_YLUR_SLUR,8,LUR,LUR,2025-03-17,2025-03-18,2,Yd,1219.8197021484375,1199.96826171875,1199.289794921875,1202.661865234375,1201.2020263671875
M8_YLUR_SLUR,8,LUR,LUR,2025-03-17,2025-03-18,2,TSE,1197.4495849609375,1200.0277099609375,1198.8653564453125,1199.21875,1201.1400146484375
M8_YLUR_SLUR,8,LUR,LUR,2025-03-17,2025-03-18,2,TSEC,79.44588470458984,80.0340347290039,80.01862335205078,79.74195098876953,80.04043579101562
M8_YLUR_SLUR,8,LUR,LUR,2025-03-17,2025-03-19,3,Yd,1225.5755615234375,1199.96826171875,1200.442626953125,1204.35107421875,1201.5499267578125
M8_YLUR_SLUR,8,LUR,LUR,2025-03-17,2025-03-19,3,TSE,1201.707275390625,1200.0277099609375,1199.0540771484375,1198.7105712890625,1201.600341796875
M8_YLUR_SLUR,8,LUR,LUR,2025-03-17,2025-03-19,3,TSEC,80.67529296875,80.0340347290039,80.15460968017578,79.88716125488281,80.04210662841797
M8_YLUR_SLUR,8,LUR,LUR,2025-03-18,2025-03-18,1,Yd,1219.8197021484375,1199.98486328125,1201.3271484375,1197.6060791015625,1200.4918212890625
M8_YLUR_SLUR,8,LUR,LUR,2025-03-18,2025-03-18,1,TSE,1197.4495849609375,1200.0399169921875,1199.130859375,1199.576171875,1200.8853759765625
M8_YLUR_SLUR,8,LUR,LUR,2025-03-18,2025-03-18,1,TSEC,79.44588470458984,80.0367660522461,80.05790710449219,80.0254898071289,80.0367202758789
M8_YLUR_SLUR,8,LUR,LUR,2025-03-18,2025-03-19,2,Yd,1225.5755615234375,1199.98486328125,1200.8514404296875,1200.0947265625,1201.0142822265625
M8_YLUR_SLUR,8,LUR,LUR,2025-03-18,2025-03-19,2,TSE,1201.707275390625,1200.0399169921875,1200.199462890625,1202.955078125,1201.2945556640625
M8_YLUR_SLUR,8,LUR,LUR,2025-03-18,2025-03-19,2,TSEC,80.67529296875,80.0367660522461,80.00598907470703,79.9781494140625,80.04068756103516
M8_YLUR_SLUR,8,LUR,LUR,2025-03-18,2025-03-20,3,Yd,1201.0362548828125,1199.98486328125,1201.2589111328125,1202.321533203125,1201.2869873046875
M8_YLUR_SLUR,8,LUR,LUR,2025-03-18,2025-03-20,3,TSE,1197.25,1200.0399169921875,1198.42138671875,1201.083984375,1201.4215087890625
M8_YLUR_SLUR,8,LUR,LUR,2025-03-18,2025-03-20,3,TSEC,79.03187561035156,80.0367660522461,80.0801773071289,79.89460754394531,80.04975891113281
M8_YLUR_SLUR,8,LUR,LUR,2025-03-19,2025-03-19,1,Yd,1225.5755615234375,1200.0093994140625,1201.02001953125,1197.42626953125,1200.36328125
M8_YLUR_SLUR,8,LUR,LUR,2025-03-19,2025-03-19,1,TSE,1201.707275390625,1200.0367431640625,1198.9439697265625,1203.012939453125,1200.6153564453125
M8_YLUR_SLUR,8,LUR,LUR,2025-03-19,2025-03-19,1,TSEC,80.67529296875,80.0360336303711,80.03712463378906,80.07835388183594,80.0411605834961
M8_YLUR_SLUR,8,LUR,LUR,2025-03-19,2025-03-20,2,Yd,1201.0362548828125,1200.0093994140625,1200.5941162109375,1197.3626708984375,1200.67919921875
M8_YLUR_SLUR,8,LUR,LUR,2025-03-19,2025-03-20,2,TSE,1197.25,1200.0367431640625,1199.511962890625,1203.3323974609375,1200.7998046875
M8_YLUR_SLUR,8,LUR,LUR,2025-03-19,2025-03-20,2,TSEC,79.03187561035156,80.0360336303711,80.07501220703125,79.9803466796875,80.04843139648438
M8_YLUR_SLUR,8,LUR,LUR,2025-03-19,2025-03-21,3,Yd,1204.950439453125,1200.0093994140625,1200.8875732421875,1200.8548583984375,1200.69384765625
M8_YLUR_SLUR,8,LUR,LUR,2025-03-19,2025-03-21,3,TSE,1214.0174560546875,1200.0367431640625,1198.94189453125,1202.4959716796875,1200.8502197265625
M8_YLUR_SLUR,8,LUR,LUR,2025-03-19,2025-03-21,3,TSEC,79.18959045410156,80.0360336303711,80.0958023071289,80.03727722167969,80.05209350585938
M8_YLUR_SLUR,8,LUR,LUR,2025-03-20,2025-03-20,1,Yd,1201.0362548828125,1200.0408935546875,1201.3966064453125,1198.020263671875,1200.2158203125
M8_YLUR_SLUR,8,LUR,LUR,2025-03-20,2025-03-20,1,TSE,1197.25,1200.038818359375,1197.17626953125,1202.117431640625,1200.41650390625
M8_YLUR_SLUR,8,LUR,LUR,2025-03-20,2025-03-20,1,TSEC,79.03187561035156,80.03681945800781,80.09464263916016,79.9754867553711,80.04641723632812
M8_YLUR_SLUR,8,LUR,LUR,2025-03-20,2025-03-21,2,Yd,1204.950439453125,1200.0408935546875,1200.202392578125,1196.950439453125,1200.345458984375
M8_YLUR_SLUR,8,LUR,LUR,2025-03-20,2025-03-21,2,TSE,1214.0174560546875,1200.038818359375,1202.4075927734375,1205.108642578125,1200.5701904296875
M8_YLUR_SLUR,8,LUR,LUR,2025-03-20,2025-03-21,2,TSEC,79.18959045410156,80.03681945800781,80.09967803955078,79.94734954833984,80.0534896850586
M8_YLUR_SLUR,8,LUR,LUR,2025-03-20,2025-03-22,3,Yd,1179.2528076171875,1200.0408935546875,1201.920654296875,1201.7947998046875,1200.32421875
M8_YLUR_SLUR,8,LUR,LUR,2025-03-20,2025-03-22,3,TSE,1201.7913818359375,1200.038818359375,1198.770751953125,1203.8907470703125,1200.51806640625
M8_YLUR_SLUR,8,LUR,LUR,2025-03-20,2025-03-22,3,TSEC,79.52254486083984,80.03681945800781,80.09765625,80.0706787109375,80.04617309570312
M8_YLUR_SLUR,8,LUR,LUR,2025-03-21,2025-03-21,1,Yd,1204.950439453125,1200.042236328125,1201.0634765625,1197.8779296875,1200.0234375
M8_YLUR_SLUR,8,LUR,LUR,2025-03-21,2025-03-21,1,TSE,1214.0174560546875,1200.035400390625,1199.9091796875,1196.23681640625,1200.46337890625
M8_YLUR_SLUR,8,LUR,LUR,2025-03-21,2025-03-21,1,TSEC,79.18959045410156,80.03558349609375,80.08396911621094,80.05628967285156,80.04357147216797
M8_YLUR_SLUR,8,LUR,LUR,2025-03-21,2025-03-22,2,Yd,1179.2528076171875,1200.042236328125,1200.842041015625,1197.2508544921875,1200.181396484375
M8_YLUR_SLUR,8,LUR,LUR,2025-03-21,2025-03-22,2,TSE,1201.7913818359375,1200.035400390625,1199.35791015625,1202.8812255859375,1200.531005859375
M8_YLUR_SLUR,8,LUR,LUR,2025-03-21,2025-03-22,2,TSEC,79.52254486083984,80.03558349609375,80.0816879272461,80.19159698486328,80.03941345214844
M8_YLUR_SLUR,8,LUR,LUR,2025-03-21,2025-03-23,3,Yd,1202.5499267578125,1200.042236328125,1201.0113525390625,1199.1220703125,1200.3028564453125
M8_YLUR_SLUR,8,LUR,LUR,2025-03-21,2025-03-23,3,TSE,1198.2547607421875,1200.035400390625,1200.1575927734375,1201.2938232421875,1200.5516357421875
M8_YLUR_SLUR,8,LUR,LUR,2025-03-21,2025-03-23,3,TSEC,79.98963928222656,80.03558349609375,80.03226470947266,79.92620849609375,80.03272247314453
M8_YLUR_SLUR,8,LUR,LUR,2025-03-22,2025-03-22,1,Yd,1179.2528076171875,1200.0482177734375,1200.853271484375,1198.0986328125,1199.94091796875
M8_YLUR_SLUR,8,LUR,LUR,2025-03-22,2025-03-22,1,TSE,1201.7913818359375,1200.0526123046875,1199.7530517578125,1198.4217529296875,1200.3621826171875
M8_YLUR_SLUR,8,LUR,LUR,2025-03-22,2025-03-22,1,TSEC,79.52254486083984,80.03453826904297,80.11746215820312,80.20966339111328,80.02713012695312
M8_YLUR_SLUR,8,LUR,LUR,2025-03-22,2025-03-23,2,Yd,1202.5499267578125,1200.0482177734375,1201.485107421875,1195.314453125,1200.2330322265625
M8_YLUR_SLUR,8,LUR,LUR,2025-03-22,2025-03-23,2,TSE,1198.2547607421875,1200.0526123046875,1200.30126953125,1198.9954833984375,1200.5908203125
M8_YLUR_SLUR,8,LUR,LUR,2025-03-22,2025-03-23,2,TSEC,79.98963928222656,80.03453826904297,80.07657623291016,80.21694946289062,80.02497100830078
M8_YLUR_SLUR,8,LUR,LUR,2025-03-22,2025-03-24,3,Yd,1199.14990234375,1200.0482177734375,1199.8746337890625,1196.5167236328125,1200.64892578125
M8_YLUR_SLUR,8,LUR,LUR,2025-03-22,2025-03-24,3,TSE,1221.068603515625,1200.0526123046875,1196.670654296875,1200.0079345703125,1200.9149169921875
M8_YLUR_SLUR,8,LUR,LUR,2025-03-22,2025-03-24,3,TSEC,79.76265716552734,80.03453826904297,80.12815856933594,80.39674377441406,80.0308837890625
M8_YLUR_SLUR,8,LUR,LUR,2025-03-23,2025-03-23,1,Yd,1202.5499267578125,1200.0225830078125,1200.0791015625,1196.452880859375,1200.1500244140625
M8_YLUR_SLUR,8,LUR,LUR,2025-03-23,2025-03-23,1,TSE,1198.2547607421875,1200.0548095703125,1200.3848876953125,1196.5189208984375,1200.6473388671875
M8_YLUR_SLUR,8,LUR,LUR,2025-03-23,2025-03-23,1,TSEC,79.98963928222656,80.03390502929688,80.05040740966797,80.2420425415039,80.02371978759766
M8_YLUR_SLUR,8,LUR,LUR,2025-03-23,2025-03-24,2,Yd,1199.14990234375,1200.0225830078125,1201.5567626953125,1195.8697509765625,1200.7464599609375
M8_YLUR_SLUR,8,LUR,LUR,2025-03-23,2025-03-24,2,TSE,1221.068603515625,1200.0548095703125,1197.6651611328125,1200.8218994140625,1201.1217041015625
M8_YLUR_SLUR,8,LUR,LUR,2025-03-23,2025-03-24,2,TSEC,79.76265716552734,80.03390502929688,80.10155487060547,80.25008392333984,80.020263671875
M8_YLUR_SLUR,8,LUR,LUR,2025-03-23,2025-03-25,3,Yd,1199.1900634765625,1200.0225830078125,1200.1353759765625,1194.818359375,1201.246337890625
M8_YLUR_SLUR,8,LUR,LUR,2025-03-23,2025-03-25,3,TSE,1187.81005859375,1200.0548095703125,1199.9364013671875,1199.3885498046875,1201.5499267578125
M8_YLUR_SLUR,8,LUR,LUR,2025-03-23,2025-03-25,3,TSEC,80.79817199707031,80.03390502929688,80.06744384765625,80.31111907958984,80.0243148803711
M8_YLUR_SLUR,8,LUR,LUR,2025-03-24,2025-03-24,1,Yd,1199.14990234375,1200.0257568359375,1201.3143310546875,1196.8946533203125,1200.4049072265625
M8_YLUR_SLUR,8,LUR,LUR,2025-03-24,2025-03-24,1,TSE,1221.068603515625,1200.0526123046875,1196.595458984375,1200.51171875,1200.89990234375
M8_YLUR_SLUR,8,LUR,LUR,2025-03-24,2025-03-24,1,TSEC,79.76265716552734,80.03385162353516,80.02131652832031,80.1346664428711,80.03343963623047
M8_YLUR_SLUR,8,LUR,LUR,2025-03-24,2025-03-25,2,Yd,1199.1900634765625,1200.0257568359375,1201.0557861328125,1195.078125,1201.0458984375
M8_YLUR_SLUR,8,LUR,LUR,2025-03-24,2025-03-25,2,TSE,1187.81005859375,1200.0526123046875,1201.40185546875,1203.7884521484375,1201.5050048828125
M8_YLUR_SLUR,8,LUR,LUR,2025-03-24,2025-03-25,2,TSEC,80.79817199707031,80.03385162353516,79.94883728027344,79.97650146484375,80.03410339355469
M8_YLUR_SLUR,8,LUR,LUR,2025-03-24,2025-03-26,3,Yd,1178.922607421875,1200.0257568359375,1201.075439453125,1196.91259765625,1201.3399658203125
M8_YLUR_SLUR,8,LUR,LUR,2025-03-24,2025-03-26,3,TSE,1206.35302734375,1200.0526123046875,1199.2835693359375,1201.9964599609375,1201.9376220703125
M8_YLUR_SLUR,8,LUR,LUR,2025-03-24,2025-03-26,3,TSEC,79.78434753417969,80.03385162353516,79.93294525146484,80.02426147460938,80.03468322753906
M8_YLUR_SLUR,8,LUR,LUR,2025-03-25,2025-03-25,1,Yd,1199.1900634765625,1200.024658203125,1201.18701171875,1199.6390380859375,1200.3232421875
M8_YLUR_SLUR,8,LUR,LUR,2025-03-25,2025-03-25,1,TSE,1187.81005859375,1200.078369140625,1199.8052978515625,1199.3480224609375,1200.957763671875
M8_YLUR_SLUR,8,LUR,LUR,2025-03-25,2025-03-25,1,TSEC,80.79817199707031,80.03352355957031,80.05083465576172,80.00978088378906,80.03410339355469
M8_YLUR_SLUR,8,LUR,LUR,2025-03-25,2025-03-26,2,Yd,1178.922607421875,1200.024658203125,1203.4383544921875,1196.9171142578125,1200.6781005859375
M8_YLUR_SLUR,8,LUR,LUR,2025-03-25,2025-03-26,2,TSE,1206.35302734375,1200.078369140625,1199.70654296875,1200.8448486328125,1201.387939453125
M8_YLUR_SLUR,8,LUR,LUR,2025-03-25,2025-03-26,2,TSEC,79.78434753417969,80.03352355957031,80.01640319824219,79.98995971679688,80.03028106689453
M8_YLUR_SLUR,8,LUR,LUR,2025-03-25,2025-03-27,3,Yd,1194.93115234375,1200.024658203125,1198.8380126953125,1198.8377685546875,1200.839599609375
M8_YLUR_SLUR,8,LUR,LUR,2025-03-25,2025-03-27,3,TSE,1211.629638671875,1200.078369140625,1199.1895751953125,1198.4013671875,1201.4888916015625
M8_YLUR_SLUR,8,LUR,LUR,2025-03-25,2025-03-27,3,TSEC,80.17288970947266,80.03352355957031,80.07337951660156,80.1295394897461,80.03451538085938
M8_YLUR_SLUR,8,LUR,LUR,2025-03-26,2025-03-26,1,Yd,1178.922607421875,1200.0235595703125,1200.640869140625,1196.84130859375,1200.355712890625
M8_YLUR_SLUR,8,LUR,LUR,2025-03-26,2025-03-26,1,TSE,1206.35302734375,1200.0633544921875,1199.3682861328125,1198.8287353515625,1200.7552490234375
M8_YLUR_SLUR,8,LUR,LUR,2025-03-26,2025-03-26,1,TSEC,79.78434753417969,80.03445434570312,80.0849609375,79.79865264892578,80.03822326660156
M8_YLUR_SLUR,8,LUR,LUR,2025-03-26,2025-03-27,2,Yd,1194.93115234375,1200.0235595703125,1200.475830078125,1198.42919921875,1200.684814453125
M8_YLUR_SLUR,8,LUR,LUR,2025-03-26,2025-03-27,2,TSE,1211.629638671875,1200.0633544921875,1198.556396484375,1199.740966796875,1201.012451171875
M8_YLUR_SLUR,8,LUR,LUR,2025-03-26,2025-03-27,2,TSEC,80.17288970947266,80.03445434570312,80.05524444580078,79.7587661743164,80.04156494140625
M8_YLUR_SLUR,8,LUR,LUR,2025-03-26,2025-03-28,3,Yd,1197.6932373046875,1200.0235595703125,1200.19384765625,1196.869873046875,1200.6939697265625
M8_YLUR_SLUR,8,LUR,LUR,2025-03-26,2025-03-28,3,TSE,1195.4229736328125,1200.0633544921875,1199.2188720703125,1200.09912109375,1201.1204833984375
M8_YLUR_SLUR,8,LUR,LUR,2025-03-26,2025-03-28,3,TSEC,80.47013854980469,80.03445434570312,80.1982192993164,79.95298767089844,80.0401611328125
M8_YLUR_SLUR,8,LUR,LUR,2025-03-27,2025-03-27,1,Yd,1194.93115234375,1199.9976806640625,1199.3358154296875,1196.2021484375,1200.2449951171875
M8_YLUR_SLUR,8,LUR,LUR,2025-03-27,2025-03-27,1,TSE,1211.629638671875,1200.071044921875,1199.145751953125,1199.9993896484375,1200.6009521484375
M8_YLUR_SLUR,8,LUR,LUR,2025-03-27,2025-03-27,1,TSEC,80.17288970947266,80.03414916992188,79.93781280517578,79.9786605834961,80.03624725341797
M8_YLUR_SLUR,8,LUR,LUR,2025-03-27,2025-03-28,2,Yd,1197.6932373046875,1199.9976806640625,1200.24609375,1198.421875,1200.30615234375
M8_YLUR_SLUR,8,LUR,LUR,2025-03-27,2025-03-28,2,TSE,1195.4229736328125,1200.071044921875,1199.5206298828125,1202.632568359375,1200.7978515625
M8_YLUR_SLUR,8,LUR,LUR,2025-03-27,2025-03-28,2,TSEC,80.47013854980469,80.03414916992188,80.04989624023438,80.13206481933594,80.02836608886719
M8_YLUR_SLUR,8,LUR,LUR,2025-03-27,2025-03-29,3,Yd,1189.111083984375,1199.9976806640625,1199.7677001953125,1196.0482177734375,1200.0328369140625
M8_YLUR_SLUR,8,LUR,LUR,2025-03-27,2025-03-29,3,TSE,1185.8648681640625,1200.071044921875,1199.343994140625,1199.527099609375,1200.9166259765625
M8_YLUR_SLUR,8,LUR,LUR,2025-03-27,2025-03-29,3,TSEC,80.0751724243164,80.03414916992188,79.97245788574219,79.95427703857422,80.01534271240234
M8_YLUR_SLUR,8,LUR,LUR,2025-03-28,2025-03-28,1,Yd,1197.6932373046875,1199.991455078125,1200.5870361328125,1197.345703125,1200.0224609375
M8_YLUR_SLUR,8,LUR,LUR,2025-03-28,2025-03-28,1,TSE,1195.4229736328125,1200.085205078125,1199.4208984375,1202.0050048828125,1200.568359375
M8_YLUR_SLUR,8,LUR,LUR,2025-03-28,2025-03-28,1,TSEC,80.47013854980469,80.03431701660156,80.20264434814453,80.02014923095703,80.03131103515625
M8_YLUR_SLUR,8,LUR,LUR,2025-03-28,2025-03-29,2,Yd,1189.111083984375,1199.991455078125,1200.6865234375,1197.853515625,1200.0478515625
M8_YLUR_SLUR,8,LUR,LUR,2025-03-28,2025-03-29,2,TSE,1185.8648681640625,1200.085205078125,1198.04638671875,1200.514404296875,1200.6854248046875
M8_YLUR_SLUR,8,LUR,LUR,2025-03-28,2025-03-29,2,TSEC,80.0751724243164,80.03431701660156,80.0691146850586,79.97315979003906,80.01667785644531
M8_YLUR_SLUR,8,LUR,LUR,2025-03-28,2025-03-30,3,Yd,1200.38671875,1199.991455078125,1200.462646484375,1197.6429443359375,1200.1912841796875
M8_YLUR_SLUR,8,LUR,LUR,2025-03-28,2025-03-30,3,TSE,1207.2305908203125,1200.085205078125,1202.1988525390625,1201.42431640625,1200.7430419921875
M8_YLUR_SLUR,8,LUR,LUR,2025-03-28,2025-03-30,3,TSEC,80.71835327148438,80.03431701660156,80.18212127685547,79.95745849609375,80.00166320800781
M8_YLUR_SLUR,8,LUR,LUR,2025-03-29,2025-03-29,1,Yd,1189.111083984375,1199.9886474609375,1199.2177734375,1199.04052734375,1200.11279296875
M8_YLUR_SLUR,8,LUR,LUR,2025-03-29,2025-03-29,1,TSE,1185.8648681640625,1200.0794677734375,1199.1300048828125,1201.801513671875,1200.530029296875
M8_YLUR_SLUR,8,LUR,LUR,2025-03-29,2025-03-29,1,TSEC,80.0751724243164,80.03485107421875,80.06702423095703,80.12137603759766,80.02289581298828
M8_YLUR_SLUR,8,LUR,LUR,2025-03-29,2025-03-30,2,Yd,1200.38671875,1199.9886474609375,1201.2789306640625,1199.9814453125,1200.4891357421875
M8_YLUR_SLUR,8,LUR,LUR,2025-03-29,2025-03-30,2,TSE,1207.2305908203125,1200.0794677734375,1199.986328125,1200.61328125,1200.7642822265625
M8_YLUR_SLUR,8,LUR,LUR,2025-03-29,2025-03-30,2,TSEC,80.71835327148438,80.03485107421875,80.13216400146484,79.75260162353516,80.00923919677734
M8_YLUR_SLUR,8,LUR,LUR,2025-03-29,2025-03-31,3,Yd,1202.17333984375,1199.9886474609375,1199.6600341796875,1201.2635498046875,1200.9759521484375
M8_YLUR_SLUR,8,LUR,LUR,2025-03-29,2025-03-31,3,TSE,1182.795654296875,1200.0794677734375,1197.439697265625,1201.4959716796875,1201.1595458984375
M8_YLUR_SLUR,8,LUR,LUR,2025-03-29,2025-03-31,3,TSEC,79.89151763916016,80.03485107421875,80.07769775390625,79.96722412109375,80.00762939453125
M8_YLUR_SLUR,8,LUR,LUR,2025-03-30,2025-03-30,1,Yd,1200.38671875,1199.9754638671875,1200.92138671875,1200.7801513671875,1200.362060546875
M8_YLUR_SLUR,8,LUR,LUR,2025-03-30,2025-03-30,1,TSE,1207.2305908203125,1200.0621337890625,1199.85986328125,1201.2974853515625,1200.7191162109375
M8_YLUR_SLUR,8,LUR,LUR,2025-03-30,2025-03-30,1,TSEC,80.71835327148438,80.03490447998047,80.12979125976562,80.04701232910156,80.0205307006836
M8_YLUR_SLUR,8,LUR,LUR,2025-03-30,2025-03-31,2,Yd,1202.17333984375,1199.9754638671875,1200.4537353515625,1201.6405029296875,1200.9598388671875
M8_YLUR_SLUR,8,LUR,LUR,2025-03-30,2025-03-31,2,TSE,1182.795654296875,1200.0621337890625,1197.0926513671875,1200.425537109375,1201.260498046875
M8_YLUR_SLUR,8,LUR,LUR,2025-03-30,2025-03-31,2,TSEC,79.89151763916016,80.03490447998047,80.1478500366211,79.82136535644531,80.01495361328125
M8_YLUR_SLUR,8,LUR,LUR,2025-03-30,2025-04-01,3,Yd,1210.08740234375,1199.9754638671875,1202.61767578125,1199.3970947265625,1201.5098876953125
M8_YLUR_SLUR,8,LUR,LUR,2025-03-30,2025-04-01,3,TSE,1202.802001953125,1200.0621337890625,1199.8704833984375,1200.9833984375,1201.8369140625
M8_YLUR_SLUR,8,LUR,LUR,2025-03-30,2025-04-01,3,TSEC,80.08261108398438,80.03490447998047,80.12869262695312,79.90941619873047,80.02320098876953
