case_id,M,yd_level,solar_level,origin_date,target_date,step,variable,true,MEAN,ARIMA,RNN,LSTM
M7_YHUR_SHUR,7,HUR,HUR,2024-12-31,2024-12-31,1,Yd,986.0867309570312,1052.088134765625,1053.6314697265625,1045.4134521484375,1050.9439697265625
M7_YHUR_SHUR,7,HUR,HUR,2024-12-31,2024-12-31,1,TSE,1099.8402099609375,1044.5684814453125,1031.722412109375,1046.6141357421875,1043.58544921875
M7_YHUR_SHUR,7,HUR,HUR,2024-12-31,2024-12-31,1,TSEC,65.26952362060547,69.85926818847656,71.24359893798828,69.74971008300781,69.53373718261719
M7_YHUR_SHUR,7,HUR,HUR,2024-12-31,2025-01-01,2,Yd,1017.9266357421875,1052.088134765625,1049.5137939453125,1058.5223388671875,1050.7286376953125
M7_YHUR_SHUR,7,HUR,HUR,2024-12-31,2025-01-01,2,TSE,993.412353515625,1044.5684814453125,1025.6353759765625,1005.781494140625,1045.2646484375
M7_YHUR_SHUR,7,HUR,HUR,2024-12-31,2025-01-01,2,TSEC,69.4584732055664,69.85926818847656,70.9963150024414,71.27104187011719,69.28355407714844
M7_YHUR_SHUR,7,HUR,HUR,2024-12-31,2025-01-02,3,Yd,849.3497924804688,1052.088134765625,1044.3824462890625,1043.139404296875,1051.8909912109375
M7_YHUR_SHUR,7,HUR,HUR,2024-12-31,2025-01-02,3,TSE,1050.625732421875,1044.5684814453125,1031.4818115234375,1025.8126220703125,1047.337890625
M7_YHUR_SHUR,7,HUR,HUR,2024-12-31,2025-01-02,3,TSEC,81.35578918457031,69.85926818847656,70.2372817993164,70.94143676757812,69.17977905273438
M7_YHUR_SHUR,7,HUR,HUR,2025-01-01,2025-01-01,1,Yd,1017.9266357421875,1051.9979248046875,1053.810302734375,1050.263427734375,1052.5887451171875
M7_YHUR_SHUR,7,HUR,HUR,2025-01-01,2025-01-01,1,TSE,993.412353515625,1044.6439208984375,1026.5528564453125,1043.3531494140625,1045.9505615234375
M7_YHUR_SHUR,7,HUR,HUR,2025-01-01,2025-01-01,1,TSEC,69.4584732055664,69.85298919677734,69.39840698242188,70.44681549072266,69.25006866455078
M7_YHUR_SHUR,7,HUR,HUR,2025-01-01,2025-01-02,2,Yd,849.3497924804688,1051.9979248046875,1051.7108154296875,1059.07763671875,1054.41650390625
M7_YHUR_SHUR,7,HUR,HUR,2025-01-01,2025-01-02,2,TSE,1050.625732421875,1044.6439208984375,1031.64404296875,1018.3834228515625,1047.026611328125
M7_YHUR_SHUR,7,HUR,HUR,2025-01-01,2025-01-02,2,TSEC,81.35578918457031,69.85298919677734,69.80059814453125,69.15438079833984,68.9771957397461
M7_YHUR_SHUR,7,HUR,HUR,2025-01-01,2025-01-03,3,Yd,1152.6607666015625,1051.9979248046875,1054.2425537109375,1049.468505859375,1056.2730712890625
M7_YHUR_SHUR,7,HUR,HUR,2025-01-01,2025-01-03,3,TSE,1006.210205078125,1044.6439208984375,1026.756103515625,1050.431640625,1046.058837890625
M7_YHUR_SHUR,7,HUR,HUR,2025-01-01,2025-01-03,3,TSEC,62.579734802246094,69.85298919677734,69.3227767944336,69.01152801513672,69.0707015991211
M7_YHUR_SHUR,7,HUR,HUR,2025-01-02,2025-01-02,1,Yd,849.3497924804688,1051.9515380859375,1044.2154541015625,1039.0257568359375,1053.9522705078125
M7_YHUR_SHUR,7,HUR,HUR,2025-01-02,2025-01-02,1,TSE,1050.625732421875,1044.5740966796875,1047.4429931640625,1062.549560546875,1046.5667724609375
M7_YHUR_SHUR,7,HUR,HUR,2025-01-02,2025-01-02,1,TSEC,81.35578918457031,69.85244750976562,69.8563232421875,68.32613372802734,69.34480285644531
M7_YHUR_SHUR,7,HUR,HUR,2025-01-02,2025-01-03,2,Yd,1152.6607666015625,1051.9515380859375,1052.9423828125,1062.170654296875,1055.239990234375
M7_YHUR_SHUR,7,HUR,HUR,2025-01-02,2025-01-03,2,TSE,1006.210205078125,1044.5740966796875,1023.9982299804688,1026.6112060546875,1046.3299560546875
M7_YHUR_SHUR,7,HUR,HUR,2025-01-02,2025-01-03,2,TSEC,62.579734802246094,69.85244750976562,69.24745178222656,68.98943328857422,69.40640258789062
M7_YHUR_SHUR,7,HUR,HUR,2025-01-02,2025-01-04,3,Yd,1156.4881591796875,1051.9515380859375,1062.08203125,1059.9356689453125,1055.700439453125
M7_YHUR_SHUR,7,HUR,HUR,2025-01-02,2025-01-04,3,TSE,895.47021484375,1044.5740966796875,1036.9747314453125,1065.27197265625,1042.9481201171875
M7_YHUR_SHUR,7,HUR,HUR,2025-01-02,2025-01-04,3,TSEC,72.60306549072266,69.85244750976562,69.66191864013672,69.10894012451172,69.50814056396484
M7_YHUR_SHUR,7,HUR,HUR,2025-01-03,2025-01-03,1,Yd,1152.6607666015625,1051.6749267578125,1060.6263427734375,1057.8890380859375,1054.0242919921875
M7_YHUR_SHUR,7,HUR,HUR,2025-01-03,2025-01-03,1,TSE,1006.210205078125,1044.5823974609375,1028.023193359375,1052.246337890625,1044.5726318359375
M7_YHUR_SHUR,7,HUR,HUR,2025-01-03,2025-01-03,1,TSEC,62.579734802246094,69.8681411743164,69.18438720703125,70.88522338867188,69.75355529785156
M7_YHUR_SHUR,7,HUR,HUR,2025-01-03,2025-01-04,2,Yd,1156.4881591796875,1051.6749267578125,1051.292724609375,1049.7547607421875,1055.26708984375
M7_YHUR_SHUR,7,HUR,HUR,2025-01-03,2025-01-04,2,TSE,895.47021484375,1044.5823974609375,1029.1453857421875,1043.146240234375,1041.2213134765625
M7_YHUR_SHUR,7,HUR,HUR,2025-01-03,2025-01-04,2,TSEC,72.60306549072266,69.8681411743164,69.51361846923828,68.02027130126953,69.93112182617188
M7_YHUR_SHUR,7,HUR,HUR,2025-01-03,2025-01-05,3,Yd,1071.087646484375,1051.6749267578125,1048.43359375,1056.8043212890625,1054.1416015625
M7_YHUR_SHUR,7,HUR,HUR,2025-01-03,2025-01-05,3,TSE,1164.61669921875,1044.5823974609375,1028.44970703125,1068.8226318359375,1036.556640625
M7_YHUR_SHUR,7,HUR,HUR,2025-01-03,2025-01-05,3,TSEC,69.80432891845703,69.8681411743164,69.41341400146484,68.79747772216797,69.78031158447266
M7_YHUR_SHUR,7,HUR,HUR,2025-01-04,2025-01-04,1,Yd,1156.4881591796875,1051.8126220703125,1062.0882568359375,1051.61474609375,1052.3280029296875
M7_YHUR_SHUR,7,HUR,HUR,2025-01-04,2025-01-04,1,TSE,895.47021484375,1044.530029296875,1030.7032470703125,1090.5057373046875,1042.0303955078125
M7_YHUR_SHUR,7,HUR,HUR,2025-01-04,2025-01-04,1,TSEC,72.60306549072266,69.85821533203125,71.86617279052734,68.42585754394531,69.72769927978516
M7_YHUR_SHUR,7,HUR,HUR,2025-01-04,2025-01-05,2,Yd,1071.087646484375,1051.8126220703125,1053.06298828125,1072.0169677734375,1050.4967041015625
M7_YHUR_SHUR,7,HUR,HUR,2025-01-04,2025-01-05,2,TSE,1164.61669921875,1044.530029296875,1027.027587890625,1084.05419921875,1036.7406005859375
M7_YHUR_SHUR,7,HUR,HUR,2025-01-04,2025-01-05,2,TSEC,69.80432891845703,69.85821533203125,69.8305435180664,68.79646301269531,69.50531005859375
M7_YHUR_SHUR,7,HUR,HUR,2025-01-04,2025-01-06,3,Yd,1182.5308837890625,1051.8126220703125,1054.40087890625,1064.1614990234375,1049.3358154296875
M7_YHUR_SHUR,7,HUR,HUR,2025-01-04,2025-01-06,3,TSE,1155.376953125,1044.530029296875,1030.5892333984375,1097.7493896484375,1033.19921875
M7_YHUR_SHUR,7,HUR,HUR,2025-01-04,2025-01-06,3,TSEC,53.1912727355957,69.85821533203125,70.88408660888672,66.97688293457031,69.1008071899414
M7_YHUR_SHUR,7,HUR,HUR,2025-01-05,2025-01-05,1,Yd,1071.087646484375,1051.955078125,1049.3656005859375,1044.31494140625,1051.4376220703125
M7_YHUR_SHUR,7,HUR,HUR,2025-01-05,2025-01-05,1,TSE,1164.61669921875,1044.3272705078125,1046.2923583984375,1050.2603759765625,1040.306640625
M7_YHUR_SHUR,7,HUR,HUR,2025-01-05,2025-01-05,1,TSEC,69.80432891845703,69.86194610595703,69.7205810546875,69.18539428710938,69.5312728881836
M7_YHUR_SHUR,7,HUR,HUR,2025-01-05,2025-01-06,2,Yd,1182.5308837890625,1051.955078125,1056.8377685546875,1056.5172119140625,1050.41064453125
M7_YHUR_SHUR,7,HUR,HUR,2025-01-05,2025-01-06,2,TSE,1155.376953125,1044.3272705078125,1019.7288208007812,1057.2957763671875,1037.143798828125
M7_YHUR_SHUR,7,HUR,HUR,2025-01-05,2025-01-06,2,TSEC,53.1912727355957,69.86194610595703,70.84292602539062,71.03865051269531,69.09326934814453
M7_YHUR_SHUR,7,HUR,HUR,2025-01-05,2025-01-07,3,Yd,973.708984375,1051.955078125,1048.625244140625,1051.1334228515625,1049.203125
M7_YHUR_SHUR,7,HUR,HUR,2025-01-05,2025-01-07,3,TSE,994.5626831054688,1044.3272705078125,1007.552734375,1043.034423828125,1036.8741455078125
M7_YHUR_SHUR,7,HUR,HUR,2025-01-05,2025-01-07,3,TSEC,67.60599517822266,69.86194610595703,69.33602142333984,70.89413452148438,68.8721923828125
M7_YHUR_SHUR,7,HUR,HUR,2025-01-06,2025-01-06,1,Yd,1182.5308837890625,1051.98095703125,1056.3424072265625,1043.155029296875,1051.3433837890625
M7_YHUR_SHUR,7,HUR,HUR,2025-01-06,2025-01-06,1,TSE,1155.376953125,1044.4906005859375,1034.201904296875,1033.2923583984375,1040.3270263671875
M7_YHUR_SHUR,7,HUR,HUR,2025-01-06,2025-01-06,1,TSEC,53.1912727355957,69.86186981201172,69.6590805053711,69.4967269897461,69.28926086425781
M7_YHUR_SHUR,7,HUR,HUR,2025-01-06,2025-01-07,2,Yd,973.708984375,1051.98095703125,1053.407958984375,1061.777587890625,1050.3575439453125
M7_YHUR_SHUR,7,HUR,HUR,2025-01-06,2025-01-07,2,TSE,994.5626831054688,1044.4906005859375,1030.76171875,1023.5477905273438,1039.344970703125
M7_YHUR_SHUR,7,HUR,HUR,2025-01-06,2025-01-07,2,TSEC,67.60599517822266,69.86186981201172,70.00541687011719,70.3803482055664,69.00858306884766
M7_YHUR_SHUR,7,HUR,HUR,2025-01-06,2025-01-08,3,Yd,1029.3045654296875,1051.98095703125,1051.3216552734375,1034.538818359375,1050.3641357421875
M7_YHUR_SHUR,7,HUR,HUR,2025-01-06,2025-01-08,3,TSE,1101.221435546875,1044.4906005859375,1023.1593627929688,1035.2037353515625,1041.656494140625
M7_YHUR_SHUR,7,HUR,HUR,2025-01-06,2025-01-08,3,TSEC,73.74606323242188,69.86186981201172,69.89171600341797,70.16848754882812,68.71965026855469
M7_YHUR_SHUR,7,HUR,HUR,2025-01-07,2025-01-07,1,Yd,973.708984375,1052.158203125,1055.9776611328125,1046.8984375,1051.8720703125
M7_YHUR_SHUR,7,HUR,HUR,2025-01-07,2025-01-07,1,TSE,994.5626831054688,1044.64111328125,1026.3560791015625,1052.4915771484375,1042.2999267578125
M7_YHUR_SHUR,7,HUR,HUR,2025-01-07,2025-01-07,1,TSEC,67.60599517822266,69.8392562866211,70.43990325927734,69.60839080810547,69.10477447509766
M7_YHUR_SHUR,7,HUR,HUR,2025-01-07,2025-01-08,2,Yd,1029.3045654296875,1052.158203125,1051.544677734375,1082.8255615234375,1051.6080322265625
M7_YHUR_SHUR,7,HUR,HUR,2025-01-07,2025-01-08,2,TSE,1101.221435546875,1044.64111328125,1032.6490478515625,1032.690185546875,1043.472900390625
M7_YHUR_SHUR,7,HUR,HUR,2025-01-07,2025-01-08,2,TSEC,73.74606323242188,69.8392562866211,68.93946075439453,69.44413757324219,68.5896987915039
M7_YHUR_SHUR,7,HUR,HUR,2025-01-07,2025-01-09,3,Yd,1151.0777587890625,1052.158203125,1052.819580078125,1055.9415283203125,1053.181884765625
M7_YHUR_SHUR,7,HUR,HUR,2025-01-07,2025-01-09,3,TSE,952.0846557617188,1044.64111328125,1025.9541015625,1047.453369140625,1045.324462890625
M7_YHUR_SHUR,7,HUR,HUR,2025-01-07,2025-01-09,3,TSEC,66.01067352294922,69.8392562866211,69.61431884765625,68.55244445800781,68.27613067626953
M7_YHUR_SHUR,7,HUR,HUR,2025-01-08,2025-01-08,1,Yd,1029.3045654296875,1052.0518798828125,1053.32666015625,1055.033447265625,1052.7896728515625
M7_YHUR_SHUR,7,HUR,HUR,2025-01-08,2025-01-08,1,TSE,1101.221435546875,1044.5733642578125,1030.307861328125,1059.4884033203125,1045.845703125
M7_YHUR_SHUR,7,HUR,HUR,2025-01-08,2025-01-08,1,TSEC,73.74606323242188,69.83621978759766,68.95021057128906,68.12956237792969,69.05754852294922
M7_YHUR_SHUR,7,HUR,HUR,2025-01-08,2025-01-09,2,Yd,1151.0777587890625,1052.0518798828125,1040.8564453125,1049.7520751953125,1054.646240234375
M7_YHUR_SHUR,7,HUR,HUR,2025-01-08,2025-01-09,2,TSE,952.0846557617188,1044.5733642578125,1027.1917724609375,1018.8773193359375,1047.5069580078125
M7_YHUR_SHUR,7,HUR,HUR,2025-01-08,2025-01-09,2,TSEC,66.01067352294922,69.83621978759766,69.38746643066406,67.40435791015625,68.68280029296875
M7_YHUR_SHUR,7,HUR,HUR,2025-01-08,2025-01-10,3,Yd,1281.0345458984375,1052.0518798828125,1060.3428955078125,1045.3746337890625,1056.6060791015625
M7_YHUR_SHUR,7,HUR,HUR,2025-01-08,2025-01-10,3,TSE,1094.9227294921875,1044.5733642578125,1030.4581298828125,1043.200439453125,1046.9263916015625
M7_YHUR_SHUR,7,HUR,HUR,2025-01-08,2025-01-10,3,TSEC,70.32050323486328,69.83621978759766,68.53856658935547,67.76110076904297,68.56060791015625
M7_YHUR_SHUR,7,HUR,HUR,2025-01-09,2025-01-09,1,Yd,1151.0777587890625,1052.0211181640625,1059.594482421875,1038.869140625,1053.8232421875
M7_YHUR_SHUR,7,HUR,HUR,2025-01-09,2025-01-09,1,TSE,952.0846557617188,1044.64990234375,1037.9715576171875,1066.6748046875,1046.6043701171875
M7_YHUR_SHUR,7,HUR,HUR,2025-01-09,2025-01-09,1,TSEC,66.01067352294922,69.84152221679688,69.38201141357422,68.72481536865234,69.31077575683594
M7_YHUR_SHUR,7,HUR,HUR,2025-01-09,2025-01-10,2,Yd,1281.0345458984375,1052.0211181640625,1051.9075927734375,1060.301025390625,1054.6820068359375
M7_YHUR_SHUR,7,HUR,HUR,2025-01-09,2025-01-10,2,TSE,1094.9227294921875,1044.64990234375,1025.0670166015625,1027.22509765625,1045.663330078125
M7_YHUR_SHUR,7,HUR,HUR,2025-01-09,2025-01-10,2,TSEC,70.32050323486328,69.84152221679688,68.91645050048828,69.33255004882812,69.2061538696289
M7_YHUR_SHUR,7,HUR,HUR,2025-01-09,2025-01-11,3,Yd,978.49169921875,1052.0211181640625,1050.5076904296875,1055.5408935546875,1054.6510009765625
M7_YHUR_SHUR,7,HUR,HUR,2025-01-09,2025-01-11,3,TSE,1082.4754638671875,1044.64990234375,1026.9268798828125,1072.4266357421875,1042.65478515625
M7_YHUR_SHUR,7,HUR,HUR,2025-01-09,2025-01-11,3,TSEC,73.01148986816406,69.84152221679688,69.55964660644531,68.62732696533203,69.19158935546875
M7_YHUR_SHUR,7,HUR,HUR,2025-01-10,2025-01-10,1,Yd,1281.0345458984375,1052.1549072265625,1047.35498046875,1045.4635009765625,1052.9925537109375
M7_YHUR_SHUR,7,HUR,HUR,2025-01-10,2025-01-10,1,TSE,1094.9227294921875,1044.5247802734375,1035.9896240234375,1081.2059326171875,1045.403564453125
M7_YHUR_SHUR,7,HUR,HUR,2025-01-10,2025-01-10,1,TSEC,70.32050323486328,69.83634185791016,70.22573852539062,68.5553970336914,69.57439422607422
M7_YHUR_SHUR,7,HUR,HUR,2025-01-10,2025-01-11,2,Yd,978.49169921875,1052.1549072265625,1050.1109619140625,1053.0321044921875,1051.294921875
M7_YHUR_SHUR,7,HUR,HUR,2025-01-10,2025-01-11,2,TSE,1082.4754638671875,1044.5247802734375,1021.7088623046875,1068.4288330078125,1043.1337890625
M7_YHUR_SHUR,7,HUR,HUR,2025-01-10,2025-01-11,2,TSEC,73.01148986816406,69.83634185791016,69.5591049194336,68.92461395263672,69.44036102294922
M7_YHUR_SHUR,7,HUR,HUR,2025-01-10,2025-01-12,3,Yd,954.6793212890625,1052.1549072265625,1051.3509521484375,1041.8419189453125,1048.4178466796875
M7_YHUR_SHUR,7,HUR,HUR,2025-01-10,2025-01-12,3,TSE,1081.2989501953125,1044.5247802734375,1036.1422119140625,1072.3009033203125,1038.463134765625
M7_YHUR_SHUR,7,HUR,HUR,2025-01-10,2025-01-12,3,TSEC,68.38264465332031,69.83634185791016,69.865234375,67.88381958007812,69.14539337158203
M7_YHUR_SHUR,7,HUR,HUR,2025-01-11,2025-01-11,1,Yd,978.49169921875,1052.4638671875,1058.505615234375,1042.17919921875,1050.4688720703125
M7_YHUR_SHUR,7,HUR,HUR,2025-01-11,2025-01-11,1,TSE,1082.4754638671875,1044.5928955078125,1024.7042236328125,1081.171875,1042.9892578125
M7_YHUR_SHUR,7,HUR,HUR,2025-01-11,2025-01-11,1,TSEC,73.01148986816406,69.83699035644531,70.69175720214844,69.19200897216797,69.65010070800781
M7_YHUR_SHUR,7,HUR,HUR,2025-01-11,2025-01-12,2,Yd,954.6793212890625,1052.4638671875,1054.6072998046875,1047.324951171875,1047.234130859375
M7_YHUR_SHUR,7,HUR,HUR,2025-01-11,2025-01-12,2,TSE,1081.2989501953125,1044.5928955078125,1033.8275146484375,1062.6123046875,1039.1888427734375
M7_YHUR_SHUR,7,HUR,HUR,2025-01-11,2025-01-12,2,TSEC,68.38264465332031,69.83699035644531,69.8611068725586,69.58544921875,69.3889389038086
M7_YHUR_SHUR,7,HUR,HUR,2025-01-11,2025-01-13,3,Yd,933.1027221679688,1052.4638671875,1054.3607177734375,1052.9932861328125,1045.71044921875
M7_YHUR_SHUR,7,HUR,HUR,2025-01-11,2025-01-13,3,TSE,1162.9881591796875,1044.5928955078125,1028.37451171875,1049.8043212890625,1036.301513671875
M7_YHUR_SHUR,7,HUR,HUR,2025-01-11,2025-01-13,3,TSEC,60.23671340942383,69.83699035644531,71.8340072631836,70.67840576171875,68.89335632324219
M7_YHUR_SHUR,7,HUR,HUR,2025-01-12,2025-01-12,1,Yd,954.6793212890625,1052.3641357421875,1053.6629638671875,1044.6588134765625,1050.5155029296875
M7_YHUR_SHUR,7,HUR,HUR,2025-01-12,2025-01-12,1,TSE,1081.2989501953125,1044.6439208984375,1035.869873046875,1029.6822509765625,1040.61083984375
M7_YHUR_SHUR,7,HUR,HUR,2025-01-12,2025-01-12,1,TSEC,68.38264465332031,69.84127044677734,69.72312927246094,69.0657730102539,69.5287094116211
M7_YHUR_SHUR,7,HUR,HUR,2025-01-12,2025-01-13,2,Yd,933.1027221679688,1052.3641357421875,1053.145751953125,1049.406005859375,1049.19384765625
M7_YHUR_SHUR,7,HUR,HUR,2025-01-12,2025-01-13,2,TSE,1162.9881591796875,1044.6439208984375,1024.6854248046875,1046.137939453125,1036.9693603515625
M7_YHUR_SHUR,7,HUR,HUR,2025-01-12,2025-01-13,2,TSEC,60.23671340942383,69.84127044677734,70.38404083251953,69.8672866821289,69.08602142333984
M7_YHUR_SHUR,7,HUR,HUR,2025-01-12,2025-01-14,3,Yd,1008.963623046875,1052.3641357421875,1058.3519287109375,1041.83251953125,1048.04443359375
M7_YHUR_SHUR,7,HUR,HUR,2025-01-12,2025-01-14,3,TSE,1034.8870849609375,1044.6439208984375,1033.78857421875,1040.49609375,1035.4503173828125
M7_YHUR_SHUR,7,HUR,HUR,2025-01-12,2025-01-14,3,TSEC,68.84740447998047,69.84127044677734,69.51386260986328,70.63904571533203,68.87645721435547
M7_YHUR_SHUR,7,HUR,HUR,2025-01-13,2025-01-13,1,Yd,933.1027221679688,1052.232666015625,1048.3076171875,1046.39794921875,1051.125
M7_YHUR_SHUR,7,HUR,HUR,2025-01-13,2025-01-13,1,TSE,1162.9881591796875,1044.693359375,1024.4320068359375,1025.560791015625,1039.9173583984375
M7_YHUR_SHUR,7,HUR,HUR,2025-01-13,2025-01-13,1,TSEC,60.23671340942383,69.83930969238281,71.76049041748047,68.58104705810547,69.2650146484375
M7_YHUR_SHUR,7,HUR,HUR,2025-01-13,2025-01-14,2,Yd,1008.963623046875,1052.232666015625,1057.319091796875,1075.543212890625,1050.189208984375
M7_YHUR_SHUR,7,HUR,HUR,2025-01-13,2025-01-14,2,TSE,1034.8870849609375,1044.693359375,1035.673828125,1013.678466796875,1038.3267822265625
M7_YHUR_SHUR,7,HUR,HUR,2025-01-13,2025-01-14,2,TSEC,68.84740447998047,69.83930969238281,69.14945983886719,70.2588119506836,68.9619140625
M7_YHUR_SHUR,7,HUR,HUR,2025-01-13,2025-01-15,3,Yd,1291.5333251953125,1052.232666015625,1055.86474609375,1040.045654296875,1050.0791015625
M7_YHUR_SHUR,7,HUR,HUR,2025-01-13,2025-01-15,3,TSE,1087.2734375,1044.693359375,1024.5797119140625,1050.1983642578125,1040.0482177734375
M7_YHUR_SHUR,7,HUR,HUR,2025-01-13,2025-01-15,3,TSEC,75.82969665527344,69.83930969238281,68.64347839355469,69.56126403808594,68.62105560302734
M7_YHUR_SHUR,7,HUR,HUR,2025-01-14,2025-01-14,1,Yd,1008.963623046875,1052.072509765625,1059.2548828125,1050.6805419921875,1052.4609375
M7_YHUR_SHUR,7,HUR,HUR,2025-01-14,2025-01-14,1,TSE,1034.8870849609375,1044.852294921875,1033.85205078125,1052.580078125,1042.1380615234375
M7_YHUR_SHUR,7,HUR,HUR,2025-01-14,2025-01-14,1,TSEC,68.84740447998047,69.82640075683594,69.78424072265625,69.4852294921875,69.08132934570312
M7_YHUR_SHUR,7,HUR,HUR,2025-01-14,2025-01-15,2,Yd,1291.5333251953125,1052.072509765625,1053.1722412109375,1051.7432861328125,1052.9267578125
M7_YHUR_SHUR,7,HUR,HUR,2025-01-14,2025-01-15,2,TSE,1087.2734375,1044.852294921875,1025.74365234375,1050.6617431640625,1043.422607421875
M7_YHUR_SHUR,7,HUR,HUR,2025-01-14,2025-01-15,2,TSEC,75.82969665527344,69.82640075683594,69.1240005493164,67.43934631347656,68.50282287597656
M7_YHUR_SHUR,7,HUR,HUR,2025-01-14,2025-01-16,3,Yd,871.2913818359375,1052.072509765625,1051.51025390625,1042.5462646484375,1055.216796875
M7_YHUR_SHUR,7,HUR,HUR,2025-01-14,2025-01-16,3,TSE,1105.9866943359375,1044.852294921875,1031.6949462890625,1074.0762939453125,1045.1849365234375
M7_YHUR_SHUR,7,HUR,HUR,2025-01-14,2025-01-16,3,TSEC,63.27450180053711,69.82640075683594,70.04071044921875,68.1209487915039,68.13626861572266
M7_YHUR_SHUR,7,HUR,HUR,2025-01-15,2025-01-15,1,Yd,1291.5333251953125,1052.0146484375,1054.2764892578125,1043.7762451171875,1052.75927734375
M7_YHUR_SHUR,7,HUR,HUR,2025-01-15,2025-01-15,1,TSE,1087.2734375,1044.8388671875,1027.57958984375,1065.9520263671875,1045.1351318359375
M7_YHUR_SHUR,7,HUR,HUR,2025-01-15,2025-01-15,1,TSEC,75.82969665527344,69.82508087158203,68.0539779663086,68.54736328125,69.05343627929688
M7_YHUR_SHUR,7,HUR,HUR,2025-01-15,2025-01-16,2,Yd,871.2913818359375,1052.0146484375,1050.086669921875,1049.5902099609375,1054.58447265625
M7_YHUR_SHUR,7,HUR,HUR,2025-01-15,2025-01-16,2,TSE,1105.9866943359375,1044.8388671875,1033.2625732421875,1054.2913818359375,1046.5670166015625
M7_YHUR_SHUR,7,HUR,HUR,2025-01-15,2025-01-16,2,TSEC,63.27450180053711,69.82508087158203,69.63427734375,66.4152603149414,68.67943572998047
M7_YHUR_SHUR,7,HUR,HUR,2025-01-15,2025-01-17,3,Yd,1062.1400146484375,1052.0146484375,1038.1324462890625,1059.081298828125,1056.7860107421875
M7_YHUR_SHUR,7,HUR,HUR,2025-01-15,2025-01-17,3,TSE,1234.0675048828125,1044.8388671875,1028.102783203125,1076.2760009765625,1045.8338623046875
M7_YHUR_SHUR,7,HUR,HUR,2025-01-15,2025-01-17,3,TSEC,67.13066101074219,69.82508087158203,69.86541748046875,67.02417755126953,68.57135009765625
M7_YHUR_SHUR,7,HUR,HUR,2025-01-16,2025-01-16,1,Yd,871.2913818359375,1052.335693359375,1050.10791015625,1024.547607421875,1052.632568359375
M7_YHUR_SHUR,7,HUR,HUR,2025-01-16,2025-01-16,1,TSE,1105.9866943359375,1044.895751953125,1037.6519775390625,1091.4422607421875,1047.2581787109375
M7_YHUR_SHUR,7,HUR,HUR,2025-01-16,2025-01-16,1,TSEC,63.27450180053711,69.8331298828125,69.56224822998047,67.68800354003906,69.39607238769531
M7_YHUR_SHUR,7,HUR,HUR,2025-01-16,2025-01-17,2,Yd,1062.1400146484375,1052.335693359375,1042.2420654296875,1034.197509765625,1052.665283203125
M7_YHUR_SHUR,7,HUR,HUR,2025-01-16,2025-01-17,2,TSE,1234.0675048828125,1044.895751953125,1025.1617431640625,1055.6507568359375,1046.0460205078125
M7_YHUR_SHUR,7,HUR,HUR,2025-01-16,2025-01-17,2,TSEC,67.13066101074219,69.8331298828125,70.3904800415039,67.04914093017578,69.27154541015625
M7_YHUR_SHUR,7,HUR,HUR,2025-01-16,2025-01-18,3,Yd,872.930908203125,1052.335693359375,1061.74755859375,1044.8006591796875,1051.7958984375
M7_YHUR_SHUR,7,HUR,HUR,2025-01-16,2025-01-18,3,TSE,1058.7440185546875,1044.895751953125,1038.00927734375,1060.6441650390625,1042.3035888671875
M7_YHUR_SHUR,7,HUR,HUR,2025-01-16,2025-01-18,3,TSEC,61.970760345458984,69.8331298828125,70.39657592773438,67.44014739990234,69.20053100585938
M7_YHUR_SHUR,7,HUR,HUR,2025-01-17,2025-01-17,1,Yd,1062.1400146484375,1052.0933837890625,1046.118408203125,1043.3077392578125,1053.4755859375
M7_YHUR_SHUR,7,HUR,HUR,2025-01-17,2025-01-17,1,TSE,1234.0675048828125,1044.9775390625,1025.8614501953125,1032.76123046875,1044.017333984375
M7_YHUR_SHUR,7,HUR,HUR,2025-01-17,2025-01-17,1,TSEC,67.13066101074219,69.82435607910156,70.45146942138672,68.73657989501953,69.43074035644531
M7_YHUR_SHUR,7,HUR,HUR,2025-01-17,2025-01-18,2,Yd,872.930908203125,1052.0933837890625,1055.131591796875,1049.7513427734375,1052.928955078125
M7_YHUR_SHUR,7,HUR,HUR,2025-01-17,2025-01-18,2,TSE,1058.7440185546875,1044.9775390625,1036.9530029296875,1064.050048828125,1041.103271484375
M7_YHUR_SHUR,7,HUR,HUR,2025-01-17,2025-01-18,2,TSEC,61.970760345458984,69.82435607910156,70.06016540527344,68.52069854736328,69.27603149414062
M7_YHUR_SHUR,7,HUR,HUR,2025-01-17,2025-01-19,3,Yd,961.5847778320312,1052.0933837890625,1055.8524169921875,1043.4105224609375,1050.8145751953125
M7_YHUR_SHUR,7,HUR,HUR,2025-01-17,2025-01-19,3,TSE,1090.88671875,1044.9775390625,1026.81005859375,1064.02587890625,1036.0025634765625
M7_YHUR_SHUR,7,HUR,HUR,2025-01-17,2025-01-19,3,TSEC,71.59550476074219,69.82435607910156,69.89868927001953,68.34454345703125,68.97713470458984
M7_YHUR_SHUR,7,HUR,HUR,2025-01-18,2025-01-18,1,Yd,872.930908203125,1052.1068115234375,1047.9449462890625,1057.6253662109375,1052.124755859375
M7_YHUR_SHUR,7,HUR,HUR,2025-01-18,2025-01-18,1,TSE,1058.7440185546875,1045.2303466796875,1040.6064453125,1073.19091796875,1042.1141357421875
M7_YHUR_SHUR,7,HUR,HUR,2025-01-18,2025-01-18,1,TSEC,61.970760345458984,69.82074737548828,69.45821380615234,69.90375518798828,69.52522277832031
M7_YHUR_SHUR,7,HUR,HUR,2025-01-18,2025-01-19,2,Yd,961.5847778320312,1052.1068115234375,1059.482177734375,1052.325439453125,1050.1185302734375
M7_YHUR_SHUR,7,HUR,HUR,2025-01-18,2025-01-19,2,TSE,1090.88671875,1045.2303466796875,1025.8057861328125,1039.1500244140625,1037.4486083984375
M7_YHUR_SHUR,7,HUR,HUR,2025-01-18,2025-01-19,2,TSEC,71.59550476074219,69.82074737548828,69.4502182006836,69.54155731201172,69.24340057373047
M7_YHUR_SHUR,7,HUR,HUR,2025-01-18,2025-01-20,3,Yd,962.2496948242188,1052.1068115234375,1049.4320068359375,1060.1026611328125,1048.5760498046875
M7_YHUR_SHUR,7,HUR,HUR,2025-01-18,2025-01-20,3,TSE,1080.6500244140625,1045.2303466796875,1040.91943359375,1068.05859375,1033.236083984375
M7_YHUR_SHUR,7,HUR,HUR,2025-01-18,2025-01-20,3,TSEC,72.22689819335938,69.82074737548828,70.00323486328125,69.01085662841797,68.76458740234375
M7_YHUR_SHUR,7,HUR,HUR,2025-01-19,2025-01-19,1,Yd,961.5847778320312,1051.8675537109375,1053.82177734375,1043.5936279296875,1051.7471923828125
M7_YHUR_SHUR,7,HUR,HUR,2025-01-19,2025-01-19,1,TSE,1090.88671875,1045.2484130859375,1026.5478515625,1040.9620361328125,1040.0345458984375
M7_YHUR_SHUR,7,HUR,HUR,2025-01-19,2025-01-19,1,TSEC,71.59550476074219,69.81027221679688,69.41736602783203,68.67654418945312,69.28600311279297
M7_YHUR_SHUR,7,HUR,HUR,2025-01-19,2025-01-20,2,Yd,962.2496948242188,1051.8675537109375,1053.777099609375,1043.458984375,1050.72021484375
M7_YHUR_SHUR,7,HUR,HUR,2025-01-19,2025-01-20,2,TSE,1080.6500244140625,1045.2484130859375,1041.1304931640625,1038.454345703125,1035.124267578125
M7_YHUR_SHUR,7,HUR,HUR,2025-01-19,2025-01-20,2,TSEC,72.22689819335938,69.81027221679688,69.80208587646484,67.39390563964844,68.77802276611328
M7_YHUR_SHUR,7,HUR,HUR,2025-01-19,2025-01-21,3,Yd,1093.859619140625,1051.8675537109375,1054.6058349609375,1024.380859375,1050.2374267578125
M7_YHUR_SHUR,7,HUR,HUR,2025-01-19,2025-01-21,3,TSE,1130.8726806640625,1045.2484130859375,1026.202392578125,1059.1318359375,1033.4404296875
M7_YHUR_SHUR,7,HUR,HUR,2025-01-19,2025-01-21,3,TSEC,57.02394104003906,69.81027221679688,69.48451232910156,67.24681091308594,68.42572021484375
M7_YHUR_SHUR,7,HUR,HUR,2025-01-20,2025-01-20,1,Yd,962.2496948242188,1051.7471923828125,1056.4525146484375,1062.5306396484375,1051.4886474609375
M7_YHUR_SHUR,7,HUR,HUR,2025-01-20,2025-01-20,1,TSE,1080.6500244140625,1045.3092041015625,1039.9310302734375,1050.3812255859375,1039.09912109375
M7_YHUR_SHUR,7,HUR,HUR,2025-01-20,2025-01-20,1,TSEC,72.22689819335938,69.81265258789062,69.91521453857422,66.6004638671875,69.1761245727539
M7_YHUR_SHUR,7,HUR,HUR,2025-01-20,2025-01-21,2,Yd,1093.859619140625,1051.7471923828125,1054.5447998046875,1069.3472900390625,1051.1204833984375
M7_YHUR_SHUR,7,HUR,HUR,2025-01-20,2025-01-21,2,TSE,1130.8726806640625,1045.3092041015625,1026.0433349609375,1067.778564453125,1037.1375732421875
M7_YHUR_SHUR,7,HUR,HUR,2025-01-20,2025-01-21,2,TSEC,57.02394104003906,69.81265258789062,69.49913787841797,67.79108428955078,68.75597381591797
M7_YHUR_SHUR,7,HUR,HUR,2025-01-20,2025-01-22,3,Yd,1002.656005859375,1051.7471923828125,1041.859375,1062.64013671875,1050.838623046875
M7_YHUR_SHUR,7,HUR,HUR,2025-01-20,2025-01-22,3,TSE,1118.021484375,1045.3092041015625,1040.554443359375,1085.726806640625,1039.955810546875
M7_YHUR_SHUR,7,HUR,HUR,2025-01-20,2025-01-22,3,TSEC,75.85638427734375,69.81265258789062,69.41285705566406,66.45232391357422,68.28558349609375
M7_YHUR_SHUR,7,HUR,HUR,2025-01-21,2025-01-21,1,Yd,1093.859619140625,1051.6280517578125,1054.1357421875,1042.4339599609375,1051.9049072265625
M7_YHUR_SHUR,7,HUR,HUR,2025-01-21,2025-01-21,1,TSE,1130.8726806640625,1045.3563232421875,1027.2421875,1046.33251953125,1042.177001953125
M7_YHUR_SHUR,7,HUR,HUR,2025-01-21,2025-01-21,1,TSEC,57.02394104003906,69.81587219238281,69.68063354492188,69.4944076538086,69.10511016845703
M7_YHUR_SHUR,7,HUR,HUR,2025-01-21,2025-01-22,2,Yd,1002.656005859375,1051.6280517578125,1042.8330078125,1031.972900390625,1052.09326171875
M7_YHUR_SHUR,7,HUR,HUR,2025-01-21,2025-01-22,2,TSE,1118.021484375,1045.3563232421875,1040.854736328125,1035.8067626953125,1043.76708984375
M7_YHUR_SHUR,7,HUR,HUR,2025-01-21,2025-01-22,2,TSEC,75.85638427734375,69.81587219238281,69.34510040283203,67.43872833251953,68.54579162597656
M7_YHUR_SHUR,7,HUR,HUR,2025-01-21,2025-01-23,3,Yd,936.4737548828125,1051.6280517578125,1052.583984375,1042.3763427734375,1053.579833984375
M7_YHUR_SHUR,7,HUR,HUR,2025-01-21,2025-01-23,3,TSE,1055.0838623046875,1045.3563232421875,1026.7833251953125,1073.274658203125,1045.135986328125
M7_YHUR_SHUR,7,HUR,HUR,2025-01-21,2025-01-23,3,TSEC,74.6126480102539,69.81587219238281,69.67718505859375,66.74211120605469,68.24501037597656
M7_YHUR_SHUR,7,HUR,HUR,2025-01-22,2025-01-22,1,Yd,1002.656005859375,1051.6842041015625,1042.399169921875,1051.4300537109375,1052.5833740234375
M7_YHUR_SHUR,7,HUR,HUR,2025-01-22,2025-01-22,1,TSE,1118.021484375,1045.469970703125,1042.4127197265625,1056.22021484375,1044.6817626953125
M7_YHUR_SHUR,7,HUR,HUR,2025-01-22,2025-01-22,1,TSEC,75.85638427734375,69.79885864257812,69.15177154541016,68.46117401123047,68.97460174560547
M7_YHUR_SHUR,7,HUR,HUR,2025-01-22,2025-01-23,2,Yd,936.4737548828125,1051.6842041015625,1054.16455078125,1057.4671630859375,1054.11865234375
M7_YHUR_SHUR,7,HUR,HUR,2025-01-22,2025-01-23,2,TSE,1055.0838623046875,1045.469970703125,1028.625244140625,1055.4378662109375,1045.9197998046875
M7_YHUR_SHUR,7,HUR,HUR,2025-01-22,2025-01-23,2,TSEC,74.6126480102539,69.79885864257812,69.66780853271484,67.22280883789062,68.523193359375
M7_YHUR_SHUR,7,HUR,HUR,2025-01-22,2025-01-24,3,Yd,1012.34619140625,1051.6842041015625,1041.3350830078125,1057.1920166015625,1056.37158203125
M7_YHUR_SHUR,7,HUR,HUR,2025-01-22,2025-01-24,3,TSE,1128.583251953125,1045.469970703125,1041.3311767578125,1063.0286865234375,1044.656494140625
M7_YHUR_SHUR,7,HUR,HUR,2025-01-22,2025-01-24,3,TSEC,72.3267822265625,69.79885864257812,69.42831420898438,66.60546875,68.3350601196289
M7_YHUR_SHUR,7,HUR,HUR,2025-01-23,2025-01-23,1,Yd,936.4737548828125,1051.619140625,1054.459716796875,1049.1964111328125,1053.103759765625
M7_YHUR_SHUR,7,HUR,HUR,2025-01-23,2025-01-23,1,TSE,1055.0838623046875,1045.56640625,1028.68896484375,1052.297607421875,1045.7646484375
M7_YHUR_SHUR,7,HUR,HUR,2025-01-23,2025-01-23,1,TSEC,74.6126480102539,69.80690002441406,68.77761840820312,69.40721893310547,69.27346801757812
M7_YHUR_SHUR,7,HUR,HUR,2025-01-23,2025-01-24,2,Yd,1012.34619140625,1051.619140625,1040.810302734375,1039.0848388671875,1053.778076171875
M7_YHUR_SHUR,7,HUR,HUR,2025-01-23,2025-01-24,2,TSE,1128.583251953125,1045.56640625,1043.7821044921875,1018.1046142578125,1043.8314208984375
M7_YHUR_SHUR,7,HUR,HUR,2025-01-23,2025-01-24,2,TSEC,72.3267822265625,69.80690002441406,70.23141479492188,67.56028747558594,69.02606201171875
M7_YHUR_SHUR,7,HUR,HUR,2025-01-23,2025-01-25,3,Yd,1029.227783203125,1051.619140625,1063.7041015625,1055.5352783203125,1053.8643798828125
M7_YHUR_SHUR,7,HUR,HUR,2025-01-23,2025-01-25,3,TSE,1040.251708984375,1045.56640625,1026.8079833984375,1047.0531005859375,1039.1661376953125
M7_YHUR_SHUR,7,HUR,HUR,2025-01-23,2025-01-25,3,TSEC,66.79228210449219,69.80690002441406,69.53028869628906,69.68050384521484,68.89244842529297
M7_YHUR_SHUR,7,HUR,HUR,2025-01-24,2025-01-24,1,Yd,1012.34619140625,1051.46630859375,1039.2098388671875,1047.359619140625,1052.7603759765625
M7_YHUR_SHUR,7,HUR,HUR,2025-01-24,2025-01-24,1,TSE,1128.583251953125,1045.578857421875,1021.5929565429688,1053.0206298828125,1043.2186279296875
M7_YHUR_SHUR,7,HUR,HUR,2025-01-24,2025-01-24,1,TSEC,72.3267822265625,69.81327819824219,69.72897338867188,69.21063995361328,69.52677917480469
M7_YHUR_SHUR,7,HUR,HUR,2025-01-24,2025-01-25,2,Yd,1029.227783203125,1051.46630859375,1063.566162109375,1056.714111328125,1052.52490234375
M7_YHUR_SHUR,7,HUR,HUR,2025-01-24,2025-01-25,2,TSE,1040.251708984375,1045.578857421875,1018.805908203125,1035.3492431640625,1038.6751708984375
M7_YHUR_SHUR,7,HUR,HUR,2025-01-24,2025-01-25,2,TSEC,66.79228210449219,69.81327819824219,69.51270294189453,68.97174072265625,69.45784759521484
M7_YHUR_SHUR,7,HUR,HUR,2025-01-24,2025-01-26,3,Yd,998.717041015625,1051.46630859375,1055.5589599609375,1032.1905517578125,1051.2904052734375
M7_YHUR_SHUR,7,HUR,HUR,2025-01-24,2025-01-26,3,TSE,877.8233642578125,1045.578857421875,1039.409912109375,1060.040771484375,1033.5277099609375
M7_YHUR_SHUR,7,HUR,HUR,2025-01-24,2025-01-26,3,TSEC,65.19506072998047,69.81327819824219,69.55612182617188,67.0372543334961,69.24151611328125
M7_YHUR_SHUR,7,HUR,HUR,2025-01-25,2025-01-25,1,Yd,1029.227783203125,1051.41455078125,1058.7259521484375,1054.078125,1052.4962158203125
M7_YHUR_SHUR,7,HUR,HUR,2025-01-25,2025-01-25,1,TSE,1040.251708984375,1045.68896484375,1028.677978515625,1075.8553466796875,1041.0784912109375
M7_YHUR_SHUR,7,HUR,HUR,2025-01-25,2025-01-25,1,TSEC,66.79228210449219,69.81660461425781,69.37638854980469,69.60318756103516,69.69290161132812
M7_YHUR_SHUR,7,HUR,HUR,2025-01-25,2025-01-26,2,Yd,998.717041015625,1051.41455078125,1055.9769287109375,1052.8519287109375,1050.8773193359375
M7_YHUR_SHUR,7,HUR,HUR,2025-01-25,2025-01-26,2,TSE,877.8233642578125,1045.68896484375,1042.614990234375,1053.5330810546875,1035.7041015625
M7_YHUR_SHUR,7,HUR,HUR,2025-01-25,2025-01-26,2,TSEC,65.19506072998047,69.81660461425781,69.72432708740234,69.11185455322266,69.48461151123047
M7_YHUR_SHUR,7,HUR,HUR,2025-01-25,2025-01-27,3,Yd,722.275146484375,1051.41455078125,1055.1636962890625,1058.1195068359375,1049.498291015625
M7_YHUR_SHUR,7,HUR,HUR,2025-01-25,2025-01-27,3,TSE,1224.0704345703125,1045.68896484375,1030.6514892578125,1080.8839111328125,1031.06396484375
M7_YHUR_SHUR,7,HUR,HUR,2025-01-25,2025-01-27,3,TSEC,76.22486877441406,69.81660461425781,69.43649291992188,68.72798919677734,69.05675506591797
M7_YHUR_SHUR,7,HUR,HUR,2025-01-26,2025-01-26,1,Yd,998.717041015625,1051.38525390625,1054.9525146484375,1039.5179443359375,1051.910888671875
M7_YHUR_SHUR,7,HUR,HUR,2025-01-26,2025-01-26,1,TSE,877.8233642578125,1045.6817626953125,1036.0169677734375,1045.552978515625,1039.4625244140625
M7_YHUR_SHUR,7,HUR,HUR,2025-01-26,2025-01-26,1,TSEC,65.19506072998047,69.81260681152344,70.3154296875,68.85413360595703,69.4854736328125
M7_YHUR_SHUR,7,HUR,HUR,2025-01-26,2025-01-27,2,Yd,722.275146484375,1051.38525390625,1055.136962890625,1054.753662109375,1051.24755859375
M7_YHUR_SHUR,7,HUR,HUR,2025-01-26,2025-01-27,2,TSE,1224.0704345703125,1045.6817626953125,1001.9873657226562,1055.1678466796875,1034.5146484375
M7_YHUR_SHUR,7,HUR,HUR,2025-01-26,2025-01-27,2,TSEC,76.22486877441406,69.81260681152344,68.5933837890625,69.9673843383789,69.03223419189453
M7_YHUR_SHUR,7,HUR,HUR,2025-01-26,2025-01-28,3,Yd,864.2424926757812,1051.38525390625,1052.2496337890625,1040.1968994140625,1048.4884033203125
M7_YHUR_SHUR,7,HUR,HUR,2025-01-26,2025-01-28,3,TSE,1104.1129150390625,1045.6817626953125,998.01611328125,1062.4290771484375,1031.5845947265625
M7_YHUR_SHUR,7,HUR,HUR,2025-01-26,2025-01-28,3,TSEC,73.90071868896484,69.81260681152344,70.19660949707031,68.93001556396484,68.65048217773438
M7_YHUR_SHUR,7,HUR,HUR,2025-01-27,2025-01-27,1,Yd,722.275146484375,1051.315673828125,1054.630126953125,1045.549072265625,1051.94189453125
M7_YHUR_SHUR,7,HUR,HUR,2025-01-27,2025-01-27,1,TSE,1224.0704345703125,1045.4600830078125,1038.927490234375,1033.2493896484375,1038.857666015625
M7_YHUR_SHUR,7,HUR,HUR,2025-01-27,2025-01-27,1,TSEC,76.22486877441406,69.80650329589844,71.50538635253906,69.09937286376953,69.20862579345703
M7_YHUR_SHUR,7,HUR,HUR,2025-01-27,2025-01-28,2,Yd,864.2424926757812,1051.315673828125,1052.6531982421875,1065.7540283203125,1051.0982666015625
M7_YHUR_SHUR,7,HUR,HUR,2025-01-27,2025-01-28,2,TSE,1104.1129150390625,1045.4600830078125,1035.5128173828125,1041.9906005859375,1036.7862548828125
M7_YHUR_SHUR,7,HUR,HUR,2025-01-27,2025-01-28,2,TSEC,73.90071868896484,69.80650329589844,69.82279968261719,67.95447540283203,68.77519989013672
M7_YHUR_SHUR,7,HUR,HUR,2025-01-27,2025-01-29,3,Yd,1096.9161376953125,1051.315673828125,1043.4830322265625,1043.6934814453125,1049.21630859375
M7_YHUR_SHUR,7,HUR,HUR,2025-01-27,2025-01-29,3,TSE,1244.28515625,1045.4600830078125,1038.1466064453125,1070.6243896484375,1038.9783935546875
M7_YHUR_SHUR,7,HUR,HUR,2025-01-27,2025-01-29,3,TSEC,63.9765510559082,69.80650329589844,67.65125274658203,67.44293212890625,68.4002685546875
M7_YHUR_SHUR,7,HUR,HUR,2025-01-28,2025-01-28,1,Yd,864.2424926757812,1050.881591796875,1047.3424072265625,1049.2032470703125,1053.2672119140625
M7_YHUR_SHUR,7,HUR,HUR,2025-01-28,2025-01-28,1,TSE,1104.1129150390625,1045.695556640625,1044.04052734375,1040.0108642578125,1042.1729736328125
M7_YHUR_SHUR,7,HUR,HUR,2025-01-28,2025-01-28,1,TSEC,73.90071868896484,69.81497192382812,69.5567855834961,68.4893569946289,69.09123229980469
M7_YHUR_SHUR,7,HUR,HUR,2025-01-28,2025-01-29,2,Yd,1096.9161376953125,1050.881591796875,1047.361083984375,1034.58642578125,1054.8336181640625
M7_YHUR_SHUR,7,HUR,HUR,2025-01-28,2025-01-29,2,TSE,1244.28515625,1045.695556640625,1028.4625244140625,1010.9774169921875,1042.74951171875
M7_YHUR_SHUR,7,HUR,HUR,2025-01-28,2025-01-29,2,TSEC,63.9765510559082,69.81497192382812,69.53290557861328,67.480712890625,68.46898651123047
M7_YHUR_SHUR,7,HUR,HUR,2025-01-28,2025-01-30,3,Yd,949.2498168945312,1050.881591796875,1054.781005859375,1032.6673583984375,1057.4599609375
M7_YHUR_SHUR,7,HUR,HUR,2025-01-28,2025-01-30,3,TSE,1068.3560791015625,1045.695556640625,1042.9195556640625,1042.9483642578125,1043.6966552734375
M7_YHUR_SHUR,7,HUR,HUR,2025-01-28,2025-01-30,3,TSEC,78.72030639648438,69.81497192382812,69.2584457397461,68.03506469726562,68.15521240234375
M7_YHUR_SHUR,7,HUR,HUR,2025-01-29,2025-01-29,1,Yd,1096.9161376953125,1050.6356201171875,1083.3037109375,1050.08740234375,1053.3538818359375
M7_YHUR_SHUR,7,HUR,HUR,2025-01-29,2025-01-29,1,TSE,1244.28515625,1045.7725830078125,1034.496337890625,1033.932861328125,1044.69970703125
M7_YHUR_SHUR,7,HUR,HUR,2025-01-29,2025-01-29,1,TSEC,63.9765510559082,69.82035827636719,69.32675170898438,70.62875366210938,69.05435943603516
M7_YHUR_SHUR,7,HUR,HUR,2025-01-29,2025-01-30,2,Yd,949.2498168945312,1050.6356201171875,1064.293212890625,1039.54736328125,1055.92333984375
M7_YHUR_SHUR,7,HUR,HUR,2025-01-29,2025-01-30,2,TSE,1068.3560791015625,1045.7725830078125,1035.9669189453125,1020.6466674804688,1044.5882568359375
M7_YHUR_SHUR,7,HUR,HUR,2025-01-29,2025-01-30,2,TSEC,78.72030639648438,69.82035827636719,69.31367492675781,68.95047760009766,68.69839477539062
M7_YHUR_SHUR,7,HUR,HUR,2025-01-29,2025-01-31,3,Yd,1162.9864501953125,1050.6356201171875,1082.8463134765625,1042.273681640625,1060.38525390625
M7_YHUR_SHUR,7,HUR,HUR,2025-01-29,2025-01-31,3,TSE,1182.6077880859375,1045.7725830078125,1032.63427734375,1053.876708984375,1040.9306640625
M7_YHUR_SHUR,7,HUR,HUR,2025-01-29,2025-01-31,3,TSEC,60.553043365478516,69.82035827636719,69.1053237915039,69.31636810302734,68.5941390991211
M7_YHUR_SHUR,7,HUR,HUR,2025-01-30,2025-01-30,1,Yd,949.2498168945312,1050.696533203125,1055.0679931640625,1046.20361328125,1054.0145263671875
M7_YHUR_SHUR,7,HUR,HUR,2025-01-30,2025-01-30,1,TSE,1068.3560791015625,1046.03369140625,1039.596923828125,1065.43408203125,1044.5538330078125
M7_YHUR_SHUR,7,HUR,HUR,2025-01-30,2025-01-30,1,TSEC,78.72030639648438,69.81266784667969,69.4616928100586,68.43619537353516,69.16891479492188
M7_YHUR_SHUR,7,HUR,HUR,2025-01-30,2025-01-31,2,Yd,1162.9864501953125,1050.696533203125,1047.4979248046875,1067.6668701171875,1055.5966796875
M7_YHUR_SHUR,7,HUR,HUR,2025-01-30,2025-01-31,2,TSE,1182.6077880859375,1046.03369140625,1037.1064453125,1031.5426025390625,1041.3505859375
M7_YHUR_SHUR,7,HUR,HUR,2025-01-30,2025-01-31,2,TSEC,60.553043365478516,69.81266784667969,69.01922607421875,66.94556427001953,68.85690307617188
M7_YHUR_SHUR,7,HUR,HUR,2025-01-30,2025-02-01,3,Yd,1204.8834228515625,1050.696533203125,1051.4300537109375,1053.4664306640625,1056.4927978515625
M7_YHUR_SHUR,7,HUR,HUR,2025-01-30,2025-02-01,3,TSE,913.5532836914062,1046.03369140625,1038.1431884765625,1040.0272216796875,1034.3350830078125
M7_YHUR_SHUR,7,HUR,HUR,2025-01-30,2025-02-01,3,TSEC,61.30961608886719,69.81266784667969,69.27336883544922,67.8915786743164,68.74075317382812
M7_YHUR_SHUR,7,HUR,HUR,2025-01-31,2025-01-31,1,Yd,1162.9864501953125,1050.563232421875,1046.498779296875,1037.6864013671875,1053.1767578125
M7_YHUR_SHUR,7,HUR,HUR,2025-01-31,2025-01-31,1,TSE,1182.6077880859375,1046.0631103515625,1037.769775390625,1021.0317993164062,1042.42138671875
M7_YHUR_SHUR,7,HUR,HUR,2025-01-31,2025-01-31,1,TSEC,60.553043365478516,69.82437133789062,68.76016235351562,69.26033782958984,69.52889251708984
M7_YHUR_SHUR,7,HUR,HUR,2025-01-31,2025-02-01,2,Yd,1204.8834228515625,1050.563232421875,1050.75390625,1046.6839599609375,1053.68505859375
M7_YHUR_SHUR,7,HUR,HUR,2025-01-31,2025-02-01,2,TSE,913.5532836914062,1046.0631103515625,1039.954345703125,1033.1982421875,1036.3203125
M7_YHUR_SHUR,7,HUR,HUR,2025-01-31,2025-02-01,2,TSEC,61.30961608886719,69.82437133789062,69.69449615478516,68.29158782958984,69.46330261230469
M7_YHUR_SHUR,7,HUR,HUR,2025-01-31,2025-02-02,3,Yd,954.6590576171875,1050.563232421875,1049.382080078125,1047.678955078125,1052.8922119140625
M7_YHUR_SHUR,7,HUR,HUR,2025-01-31,2025-02-02,3,TSE,807.6343383789062,1046.0631103515625,1022.7924194335938,1033.2489013671875,1030.4765625
M7_YHUR_SHUR,7,HUR,HUR,2025-01-31,2025-02-02,3,TSEC,70.55665588378906,69.82437133789062,69.5260009765625,69.64169311523438,69.2431869506836
M7_YHUR_SHUR,7,HUR,HUR,2025-02-01,2025-02-01,1,Yd,1204.8834228515625,1050.7108154296875,1044.3582763671875,1031.4154052734375,1053.117919921875
M7_YHUR_SHUR,7,HUR,HUR,2025-02-01,2025-02-01,1,TSE,913.5532836914062,1046.2423095703125,1043.861328125,1059.789794921875,1041.1436767578125
M7_YHUR_SHUR,7,HUR,HUR,2025-02-01,2025-02-01,1,TSEC,61.30961608886719,69.81220245361328,70.42778015136719,68.44731140136719,69.5484619140625
M7_YHUR_SHUR,7,HUR,HUR,2025-02-01,2025-02-02,2,Yd,954.6590576171875,1050.7108154296875,1051.5635986328125,1051.678955078125,1052.1522216796875
M7_YHUR_SHUR,7,HUR,HUR,2025-02-01,2025-02-02,2,TSE,807.6343383789062,1046.2423095703125,1032.0809326171875,1040.4813232421875,1036.151123046875
M7_YHUR_SHUR,7,HUR,HUR,2025-02-01,2025-02-02,2,TSEC,70.55665588378906,69.81220245361328,69.31982421875,69.26197052001953,69.28102111816406
M7_YHUR_SHUR,7,HUR,HUR,2025-02-01,2025-02-03,3,Yd,1247.462158203125,1050.7108154296875,1058.8114013671875,1038.6097412109375,1049.7864990234375
M7_YHUR_SHUR,7,HUR,HUR,2025-02-01,2025-02-03,3,TSE,1040.3477783203125,1046.2423095703125,1048.3092041015625,1063.5543212890625,1031.2052001953125
M7_YHUR_SHUR,7,HUR,HUR,2025-02-01,2025-02-03,3,TSEC,57.2475471496582,69.81220245361328,69.1944808959961,67.6314926147461,68.82535552978516
M7_YHUR_SHUR,7,HUR,HUR,2025-02-02,2025-02-02,1,Yd,954.6590576171875,1050.912841796875,1057.5006103515625,1041.4246826171875,1051.8802490234375
M7_YHUR_SHUR,7,HUR,HUR,2025-02-02,2025-02-02,1,TSE,807.6343383789062,1046.068359375,1037.2694091796875,1058.3697509765625,1040.1866455078125
M7_YHUR_SHUR,7,HUR,HUR,2025-02-02,2025-02-02,1,TSEC,70.55665588378906,69.80106353759766,69.71826171875,68.66521453857422,69.32849884033203
M7_YHUR_SHUR,7,HUR,HUR,2025-02-02,2025-02-03,2,Yd,1247.462158203125,1050.912841796875,1065.04541015625,1059.7176513671875,1051.094482421875
M7_YHUR_SHUR,7,HUR,HUR,2025-02-02,2025-02-03,2,TSE,1040.3477783203125,1046.068359375,1041.9625244140625,1042.4329833984375,1035.6610107421875
M7_YHUR_SHUR,7,HUR,HUR,2025-02-02,2025-02-03,2,TSEC,57.2475471496582,69.80106353759766,70.22403717041016,69.9024887084961,68.85149383544922
M7_YHUR_SHUR,7,HUR,HUR,2025-02-02,2025-02-04,3,Yd,1005.2353515625,1050.912841796875,1059.394775390625,1031.5157470703125,1048.00732421875
M7_YHUR_SHUR,7,HUR,HUR,2025-02-02,2025-02-04,3,TSE,1017.154296875,1046.068359375,1038.5216064453125,1040.8917236328125,1032.763916015625
M7_YHUR_SHUR,7,HUR,HUR,2025-02-02,2025-02-04,3,TSEC,68.5242691040039,69.80106353759766,69.4520034790039,67.95909881591797,68.50226593017578
M7_YHUR_SHUR,7,HUR,HUR,2025-02-03,2025-02-03,1,Yd,1247.462158203125,1050.786865234375,1062.9356689453125,1064.96142578125,1052.2041015625
M7_YHUR_SHUR,7,HUR,HUR,2025-02-03,2025-02-03,1,TSE,1040.3477783203125,1045.75634765625,1046.787109375,1051.583984375,1038.95166015625
M7_YHUR_SHUR,7,HUR,HUR,2025-02-03,2025-02-03,1,TSEC,57.2475471496582,69.80204772949219,69.32585906982422,69.13241577148438,69.15498352050781
M7_YHUR_SHUR,7,HUR,HUR,2025-02-03,2025-02-04,2,Yd,1005.2353515625,1050.786865234375,1055.441650390625,1054.425048828125,1051.1441650390625
M7_YHUR_SHUR,7,HUR,HUR,2025-02-03,2025-02-04,2,TSE,1017.154296875,1045.75634765625,1030.970703125,1032.0745849609375,1036.7769775390625
M7_YHUR_SHUR,7,HUR,HUR,2025-02-03,2025-02-04,2,TSEC,68.5242691040039,69.80204772949219,69.38723754882812,69.01057434082031,68.73612213134766
M7_YHUR_SHUR,7,HUR,HUR,2025-02-03,2025-02-05,3,Yd,1085.846923828125,1050.786865234375,1041.1761474609375,1042.79541015625,1048.327392578125
M7_YHUR_SHUR,7,HUR,HUR,2025-02-03,2025-02-05,3,TSE,1174.1644287109375,1045.75634765625,1045.2001953125,1060.6973876953125,1038.3636474609375
M7_YHUR_SHUR,7,HUR,HUR,2025-02-03,2025-02-05,3,TSEC,54.65638732910156,69.80204772949219,69.57781982421875,68.44871520996094,68.32061767578125
M7_YHUR_SHUR,7,HUR,HUR,2025-02-04,2025-02-04,1,Yd,1005.2353515625,1051.0439453125,1056.316650390625,1045.7220458984375,1050.9482421875
M7_YHUR_SHUR,7,HUR,HUR,2025-02-04,2025-02-04,1,TSE,1017.154296875,1045.7491455078125,1035.46044921875,1087.0987548828125,1041.2974853515625
M7_YHUR_SHUR,7,HUR,HUR,2025-02-04,2025-02-04,1,TSEC,68.5242691040039,69.78564453125,69.90079498291016,68.62664794921875,69.09419250488281
M7_YHUR_SHUR,7,HUR,HUR,2025-02-04,2025-02-05,2,Yd,1085.846923828125,1051.0439453125,1040.626953125,1060.248291015625,1049.48486328125
M7_YHUR_SHUR,7,HUR,HUR,2025-02-04,2025-02-05,2,TSE,1174.1644287109375,1045.7491455078125,1040.5616455078125,1071.0885009765625,1043.005126953125
M7_YHUR_SHUR,7,HUR,HUR,2025-02-04,2025-02-05,2,TSEC,54.65638732910156,69.78564453125,68.75186920166016,67.23985290527344,68.55509185791016
M7_YHUR_SHUR,7,HUR,HUR,2025-02-04,2025-02-06,3,Yd,957.4502563476562,1051.0439453125,1056.3770751953125,1033.257080078125,1050.1627197265625
M7_YHUR_SHUR,7,HUR,HUR,2025-02-04,2025-02-06,3,TSE,1118.658935546875,1045.7491455078125,1034.0118408203125,1082.6090087890625,1046.7252197265625
M7_YHUR_SHUR,7,HUR,HUR,2025-02-04,2025-02-06,3,TSEC,68.52313232421875,69.78564453125,69.3079833984375,67.87175750732422,68.28547668457031
M7_YHUR_SHUR,7,HUR,HUR,2025-02-05,2025-02-05,1,Yd,1085.846923828125,1050.984130859375,1045.2105712890625,1044.6680908203125,1051.400146484375
M7_YHUR_SHUR,7,HUR,HUR,2025-02-05,2025-02-05,1,TSE,1174.1644287109375,1045.7120361328125,1043.994384765625,1058.1905517578125,1045.716552734375
M7_YHUR_SHUR,7,HUR,HUR,2025-02-05,2025-02-05,1,TSEC,54.65638732910156,69.78399658203125,69.29236602783203,67.65672302246094,69.1453628540039
M7_YHUR_SHUR,7,HUR,HUR,2025-02-05,2025-02-06,2,Yd,957.4502563476562,1050.984130859375,1057.48828125,1037.79052734375,1052.1656494140625
M7_YHUR_SHUR,7,HUR,HUR,2025-02-05,2025-02-06,2,TSE,1118.658935546875,1045.7120361328125,1028.932861328125,1046.5538330078125,1048.2147216796875
M7_YHUR_SHUR,7,HUR,HUR,2025-02-05,2025-02-06,2,TSEC,68.52313232421875,69.78399658203125,69.52894592285156,67.79680633544922,68.74266052246094
M7_YHUR_SHUR,7,HUR,HUR,2025-02-05,2025-02-07,3,Yd,1125.561767578125,1050.984130859375,1042.611328125,1031.5045166015625,1053.874267578125
M7_YHUR_SHUR,7,HUR,HUR,2025-02-05,2025-02-07,3,TSE,925.7582397460938,1045.7120361328125,1044.158447265625,1067.4417724609375,1047.090576171875
M7_YHUR_SHUR,7,HUR,HUR,2025-02-05,2025-02-07,3,TSEC,72.91221618652344,69.78399658203125,69.72991180419922,67.31037902832031,68.60762023925781
M7_YHUR_SHUR,7,HUR,HUR,2025-02-06,2025-02-06,1,Yd,957.4502563476562,1051.029541015625,1055.0751953125,1033.995849609375,1053.236572265625
M7_YHUR_SHUR,7,HUR,HUR,2025-02-06,2025-02-06,1,TSE,1118.658935546875,1045.87939453125,1030.2484130859375,1070.0570068359375,1046.1470947265625
M7_YHUR_SHUR,7,HUR,HUR,2025-02-06,2025-02-06,1,TSEC,68.52313232421875,69.76426696777344,70.2947769165039,67.2631607055664,69.19202423095703
M7_YHUR_SHUR,7,HUR,HUR,2025-02-06,2025-02-07,2,Yd,1125.561767578125,1051.029541015625,1044.158203125,1060.2705078125,1054.8817138671875
M7_YHUR_SHUR,7,HUR,HUR,2025-02-06,2025-02-07,2,TSE,925.7582397460938,1045.87939453125,1029.5941162109375,1064.4666748046875,1044.878662109375
M7_YHUR_SHUR,7,HUR,HUR,2025-02-06,2025-02-07,2,TSEC,72.91221618652344,69.76426696777344,68.79660034179688,67.70037841796875,68.85448455810547
M7_YHUR_SHUR,7,HUR,HUR,2025-02-06,2025-02-08,3,Yd,1066.50341796875,1051.029541015625,1042.92138671875,1062.98388671875,1055.30810546875
M7_YHUR_SHUR,7,HUR,HUR,2025-02-06,2025-02-08,3,TSE,1108.0234375,1045.87939453125,1018.7406005859375,1038.578125,1040.0399169921875
M7_YHUR_SHUR,7,HUR,HUR,2025-02-06,2025-02-08,3,TSEC,61.97895431518555,69.76426696777344,69.93014526367188,68.18975067138672,68.56236267089844
M7_YHUR_SHUR,7,HUR,HUR,2025-02-07,2025-02-07,1,Yd,1125.561767578125,1050.90771484375,1037.2767333984375,1045.9742431640625,1053.318603515625
M7_YHUR_SHUR,7,HUR,HUR,2025-02-07,2025-02-07,1,TSE,925.7582397460938,1045.97412109375,1046.2965087890625,1050.1793212890625,1042.979248046875
M7_YHUR_SHUR,7,HUR,HUR,2025-02-07,2025-02-07,1,TSEC,72.91221618652344,69.76265716552734,69.83776092529297,69.8042221069336,69.3746337890625
M7_YHUR_SHUR,7,HUR,HUR,2025-02-07,2025-02-08,2,Yd,1066.50341796875,1050.90771484375,1051.9259033203125,1047.71142578125,1053.0238037109375
M7_YHUR_SHUR,7,HUR,HUR,2025-02-07,2025-02-08,2,TSE,1108.0234375,1045.97412109375,1037.9771728515625,1037.5618896484375,1037.95849609375
M7_YHUR_SHUR,7,HUR,HUR,2025-02-07,2025-02-08,2,TSEC,61.97895431518555,69.76265716552734,69.69161987304688,68.32166290283203,69.16008758544922
M7_YHUR_SHUR,7,HUR,HUR,2025-02-07,2025-02-09,3,Yd,1383.6270751953125,1050.90771484375,1057.0579833984375,1036.6080322265625,1051.0111083984375
M7_YHUR_SHUR,7,HUR,HUR,2025-02-07,2025-02-09,3,TSE,1021.7802734375,1045.97412109375,1041.489990234375,1040.7388916015625,1034.21630859375
M7_YHUR_SHUR,7,HUR,HUR,2025-02-07,2025-02-09,3,TSEC,72.0074691772461,69.76265716552734,69.40625,68.71705627441406,68.86908721923828
M7_YHUR_SHUR,7,HUR,HUR,2025-02-08,2025-02-08,1,Yd,1066.50341796875,1051.0048828125,1055.846923828125,1033.861328125,1051.556640625
M7_YHUR_SHUR,7,HUR,HUR,2025-02-08,2025-02-08,1,TSE,1108.0234375,1045.8177490234375,1032.64306640625,1054.3544921875,1041.265380859375
M7_YHUR_SHUR,7,HUR,HUR,2025-02-08,2025-02-08,1,TSEC,61.97895431518555,69.7667465209961,70.7894287109375,68.2938003540039,69.64263153076172
M7_YHUR_SHUR,7,HUR,HUR,2025-02-08,2025-02-09,2,Yd,1383.6270751953125,1051.0048828125,1064.1619873046875,1042.568603515625,1050.608154296875
M7_YHUR_SHUR,7,HUR,HUR,2025-02-08,2025-02-09,2,TSE,1021.7802734375,1045.8177490234375,1038.1749267578125,1025.66455078125,1036.9344482421875
M7_YHUR_SHUR,7,HUR,HUR,2025-02-08,2025-02-09,2,TSEC,72.0074691772461,69.7667465209961,68.9654769897461,69.13540649414062,69.347900390625
M7_YHUR_SHUR,7,HUR,HUR,2025-02-08,2025-02-10,3,Yd,1143.1475830078125,1051.0048828125,1054.1846923828125,1038.527099609375,1050.359375
M7_YHUR_SHUR,7,HUR,HUR,2025-02-08,2025-02-10,3,TSE,1085.9384765625,1045.8177490234375,1037.23876953125,1050.8944091796875,1033.019287109375
M7_YHUR_SHUR,7,HUR,HUR,2025-02-08,2025-02-10,3,TSEC,61.012481689453125,69.7667465209961,71.34382629394531,67.74163818359375,68.90042877197266
M7_YHUR_SHUR,7,HUR,HUR,2025-02-09,2025-02-09,1,Yd,1383.6270751953125,1051.0250244140625,1053.0223388671875,1059.46728515625,1052.0682373046875
M7_YHUR_SHUR,7,HUR,HUR,2025-02-09,2025-02-09,1,TSE,1021.7802734375,1045.8985595703125,1036.642822265625,1053.59765625,1039.905029296875
M7_YHUR_SHUR,7,HUR,HUR,2025-02-09,2025-02-09,1,TSEC,72.0074691772461,69.75663757324219,69.2158432006836,70.24816131591797,69.38301849365234
M7_YHUR_SHUR,7,HUR,HUR,2025-02-09,2025-02-10,2,Yd,1143.1475830078125,1051.0250244140625,1046.649658203125,1044.6376953125,1051.5347900390625
M7_YHUR_SHUR,7,HUR,HUR,2025-02-09,2025-02-10,2,TSE,1085.9384765625,1045.8985595703125,1014.591796875,1046.1995849609375,1035.23291015625
M7_YHUR_SHUR,7,HUR,HUR,2025-02-09,2025-02-10,2,TSEC,61.012481689453125,69.75663757324219,69.61917114257812,69.12309265136719,68.92835998535156
M7_YHUR_SHUR,7,HUR,HUR,2025-02-09,2025-02-11,3,Yd,1011.6043090820312,1051.0250244140625,1052.3759765625,1049.0689697265625,1049.0308837890625
M7_YHUR_SHUR,7,HUR,HUR,2025-02-09,2025-02-11,3,TSE,1097.263916015625,1045.8985595703125,1008.5319213867188,1046.4337158203125,1031.6475830078125
M7_YHUR_SHUR,7,HUR,HUR,2025-02-09,2025-02-11,3,TSEC,54.167415618896484,69.75663757324219,69.32479095458984,69.55294036865234,68.63790130615234
M7_YHUR_SHUR,7,HUR,HUR,2025-02-10,2025-02-10,1,Yd,1143.1475830078125,1051.4564208984375,1057.1968994140625,1025.4637451171875,1051.68408203125
M7_YHUR_SHUR,7,HUR,HUR,2025-02-10,2025-02-10,1,TSE,1085.9384765625,1045.8673095703125,1032.2313232421875,1050.0404052734375,1040.1002197265625
M7_YHUR_SHUR,7,HUR,HUR,2025-02-10,2025-02-10,1,TSEC,61.012481689453125,69.75955200195312,69.69255828857422,69.0399398803711,69.29991149902344
M7_YHUR_SHUR,7,HUR,HUR,2025-02-10,2025-02-11,2,Yd,1011.6043090820312,1051.4564208984375,1056.5711669921875,1041.2652587890625,1049.755859375
M7_YHUR_SHUR,7,HUR,HUR,2025-02-10,2025-02-11,2,TSE,1097.263916015625,1045.8673095703125,1043.275146484375,1045.265869140625,1036.3511962890625
M7_YHUR_SHUR,7,HUR,HUR,2025-02-10,2025-02-11,2,TSEC,54.167415618896484,69.75955200195312,69.4040298461914,70.0047607421875,69.02188110351562
M7_YHUR_SHUR,7,HUR,HUR,2025-02-10,2025-02-12,3,Yd,1109.17529296875,1051.4564208984375,1042.4234619140625,1050.6627197265625,1045.7489013671875
M7_YHUR_SHUR,7,HUR,HUR,2025-02-10,2025-02-12,3,TSE,1227.964111328125,1045.8673095703125,1032.324462890625,1052.6834716796875,1037.01953125
M7_YHUR_SHUR,7,HUR,HUR,2025-02-10,2025-02-12,3,TSEC,57.079349517822266,69.75955200195312,69.58454132080078,68.81732177734375,68.79869842529297
M7_YHUR_SHUR,7,HUR,HUR,2025-02-11,2025-02-11,1,Yd,1011.6043090820312,1051.5750732421875,1059.483154296875,1042.31005859375,1050.3779296875
M7_YHUR_SHUR,7,HUR,HUR,2025-02-11,2025-02-11,1,TSE,1097.263916015625,1045.919189453125,1041.4107666015625,1044.29541015625,1040.462646484375
M7_YHUR_SHUR,7,HUR,HUR,2025-02-11,2025-02-11,1,TSEC,54.167415618896484,69.74822235107422,69.61376953125,69.07059478759766,69.24724578857422
M7_YHUR_SHUR,7,HUR,HUR,2025-02-11,2025-02-12,2,Yd,1109.17529296875,1051.5750732421875,1066.5655517578125,1053.525634765625,1048.3154296875
M7_YHUR_SHUR,7,HUR,HUR,2025-02-11,2025-02-12,2,TSE,1227.964111328125,1045.919189453125,1037.2969970703125,1036.258544921875,1042.100341796875
M7_YHUR_SHUR,7,HUR,HUR,2025-02-11,2025-02-12,2,TSEC,57.079349517822266,69.74822235107422,69.3334732055664,68.67898559570312,68.7875747680664
M7_YHUR_SHUR,7,HUR,HUR,2025-02-11,2025-02-13,3,Yd,881.0787353515625,1051.5750732421875,1043.64501953125,1062.733642578125,1048.7159423828125
M7_YHUR_SHUR,7,HUR,HUR,2025-02-11,2025-02-13,3,TSE,1143.128662109375,1045.919189453125,1040.7335205078125,1065.01220703125,1045.314697265625
M7_YHUR_SHUR,7,HUR,HUR,2025-02-11,2025-02-13,3,TSEC,79.87667083740234,69.74822235107422,69.42229461669922,67.98150634765625,68.50141143798828
M7_YHUR_SHUR,7,HUR,HUR,2025-02-12,2025-02-12,1,Yd,1109.17529296875,1051.5234375,1043.6915283203125,1053.3548583984375,1051.4273681640625
M7_YHUR_SHUR,7,HUR,HUR,2025-02-12,2025-02-12,1,TSE,1227.964111328125,1045.985595703125,1032.89892578125,1063.81591796875,1045.062744140625
M7_YHUR_SHUR,7,HUR,HUR,2025-02-12,2025-02-12,1,TSEC,57.079349517822266,69.72806549072266,69.3978271484375,69.17367553710938,69.08500671386719
M7_YHUR_SHUR,7,HUR,HUR,2025-02-12,2025-02-13,2,Yd,881.0787353515625,1051.5234375,1060.2376708984375,1062.481689453125,1052.23388671875
M7_YHUR_SHUR,7,HUR,HUR,2025-02-12,2025-02-13,2,TSE,1143.128662109375,1045.985595703125,1044.793701171875,1046.5201416015625,1047.387451171875
M7_YHUR_SHUR,7,HUR,HUR,2025-02-12,2025-02-13,2,TSEC,79.87667083740234,69.72806549072266,69.21256256103516,67.48531341552734,68.6240463256836
M7_YHUR_SHUR,7,HUR,HUR,2025-02-12,2025-02-14,3,Yd,942.824951171875,1051.5234375,1039.1949462890625,1052.9189453125,1053.8460693359375
M7_YHUR_SHUR,7,HUR,HUR,2025-02-12,2025-02-14,3,TSE,1042.46142578125,1045.985595703125,1032.4256591796875,1049.2283935546875,1046.11328125
M7_YHUR_SHUR,7,HUR,HUR,2025-02-12,2025-02-14,3,TSEC,70.62452697753906,69.72806549072266,69.15821838378906,68.37771606445312,68.43831634521484
M7_YHUR_SHUR,7,HUR,HUR,2025-02-13,2025-02-13,1,Yd,881.0787353515625,1051.597900390625,1058.2574462890625,1030.3968505859375,1053.2042236328125
M7_YHUR_SHUR,7,HUR,HUR,2025-02-13,2025-02-13,1,TSE,1143.128662109375,1046.2208251953125,1046.0390625,1066.4935302734375,1045.570068359375
M7_YHUR_SHUR,7,HUR,HUR,2025-02-13,2025-02-13,1,TSEC,79.87667083740234,69.71172332763672,68.95246887207031,67.67176055908203,69.17533874511719
M7_YHUR_SHUR,7,HUR,HUR,2025-02-13,2025-02-14,2,Yd,942.824951171875,1051.597900390625,1040.287109375,1038.5169677734375,1054.29736328125
M7_YHUR_SHUR,7,HUR,HUR,2025-02-13,2025-02-14,2,TSE,1042.46142578125,1046.2208251953125,1034.95654296875,1038.4373779296875,1043.8426513671875
M7_YHUR_SHUR,7,HUR,HUR,2025-02-13,2025-02-14,2,TSEC,70.62452697753906,69.71172332763672,69.1827621459961,67.31241607666016,68.78832244873047
M7_YHUR_SHUR,7,HUR,HUR,2025-02-13,2025-02-15,3,Yd,1181.9298095703125,1051.597900390625,1054.4459228515625,1028.0594482421875,1054.4583740234375
M7_YHUR_SHUR,7,HUR,HUR,2025-02-13,2025-02-15,3,TSE,1154.1158447265625,1046.2208251953125,1042.8372802734375,1056.7484130859375,1040.178955078125
M7_YHUR_SHUR,7,HUR,HUR,2025-02-13,2025-02-15,3,TSEC,75.94182586669922,69.71172332763672,69.22657775878906,67.75350952148438,68.5721664428711
M7_YHUR_SHUR,7,HUR,HUR,2025-02-14,2025-02-14,1,Yd,942.824951171875,1051.3779296875,1040.4815673828125,1034.202880859375,1052.64306640625
M7_YHUR_SHUR,7,HUR,HUR,2025-02-14,2025-02-14,1,TSE,1042.46142578125,1046.3458251953125,1035.44287109375,1049.371826171875,1042.2960205078125
M7_YHUR_SHUR,7,HUR,HUR,2025-02-14,2025-02-14,1,TSEC,70.62452697753906,69.72483825683594,69.40394592285156,67.60527038574219,69.43456268310547
M7_YHUR_SHUR,7,HUR,HUR,2025-02-14,2025-02-15,2,Yd,1181.9298095703125,1051.3779296875,1051.704833984375,1029.518798828125,1051.9615478515625
M7_YHUR_SHUR,7,HUR,HUR,2025-02-14,2025-02-15,2,TSE,1154.1158447265625,1046.3458251953125,1044.271484375,1020.33349609375,1037.540283203125
M7_YHUR_SHUR,7,HUR,HUR,2025-02-14,2025-02-15,2,TSEC,75.94182586669922,69.72483825683594,69.1799087524414,67.9537582397461,69.33480834960938
M7_YHUR_SHUR,7,HUR,HUR,2025-02-14,2025-02-16,3,Yd,1048.9805908203125,1051.3779296875,1049.7406005859375,1050.7603759765625,1050.5126953125
M7_YHUR_SHUR,7,HUR,HUR,2025-02-14,2025-02-16,3,TSE,1190.4815673828125,1046.3458251953125,1032.6695556640625,1051.5379638671875,1032.023681640625
M7_YHUR_SHUR,7,HUR,HUR,2025-02-14,2025-02-16,3,TSEC,76.6600341796875,69.72483825683594,69.22967529296875,67.06536102294922,69.11026763916016
M7_YHUR_SHUR,7,HUR,HUR,2025-02-15,2025-02-15,1,Yd,1181.9298095703125,1051.238037109375,1051.82421875,1038.3739013671875,1052.25927734375
M7_YHUR_SHUR,7,HUR,HUR,2025-02-15,2025-02-15,1,TSE,1154.1158447265625,1046.3408203125,1045.1123046875,1065.6761474609375,1039.8170166015625
M7_YHUR_SHUR,7,HUR,HUR,2025-02-15,2025-02-15,1,TSEC,75.94182586669922,69.72599792480469,69.35416412353516,68.80925750732422,69.65637969970703
M7_YHUR_SHUR,7,HUR,HUR,2025-02-15,2025-02-16,2,Yd,1048.9805908203125,1051.238037109375,1047.9603271484375,1051.279541015625,1050.82080078125
M7_YHUR_SHUR,7,HUR,HUR,2025-02-15,2025-02-16,2,TSE,1190.4815673828125,1046.3408203125,1045.095947265625,1044.71044921875,1034.166259765625
M7_YHUR_SHUR,7,HUR,HUR,2025-02-15,2025-02-16,2,TSEC,76.6600341796875,69.72599792480469,68.99747467041016,68.68567657470703,69.41990661621094
M7_YHUR_SHUR,7,HUR,HUR,2025-02-15,2025-02-17,3,Yd,996.0877685546875,1051.238037109375,1050.7308349609375,1041.7257080078125,1050.6571044921875
M7_YHUR_SHUR,7,HUR,HUR,2025-02-15,2025-02-17,3,TSE,1063.4554443359375,1046.3408203125,1043.2457275390625,1059.0333251953125,1029.4139404296875
M7_YHUR_SHUR,7,HUR,HUR,2025-02-15,2025-02-17,3,TSEC,64.82991027832031,69.72599792480469,69.13508605957031,67.95431518554688,69.0453109741211
M7_YHUR_SHUR,7,HUR,HUR,2025-02-16,2025-02-16,1,Yd,1048.9805908203125,1051.40625,1045.82373046875,1036.0673828125,1052.1871337890625
M7_YHUR_SHUR,7,HUR,HUR,2025-02-16,2025-02-16,1,TSE,1190.4815673828125,1046.4794921875,1031.6778564453125,1065.671630859375,1039.303466796875
M7_YHUR_SHUR,7,HUR,HUR,2025-02-16,2025-02-16,1,TSEC,76.6600341796875,69.73400115966797,68.8142318725586,67.6003189086914,69.6629867553711
M7_YHUR_SHUR,7,HUR,HUR,2025-02-16,2025-02-17,2,Yd,996.0877685546875,1051.40625,1054.2646484375,1036.48291015625,1051.693359375
M7_YHUR_SHUR,7,HUR,HUR,2025-02-16,2025-02-17,2,TSE,1063.4554443359375,1046.4794921875,1040.8880615234375,1047.633056640625,1034.0921630859375
M7_YHUR_SHUR,7,HUR,HUR,2025-02-16,2025-02-17,2,TSEC,64.82991027832031,69.73400115966797,69.42733001708984,68.42567443847656,69.40382385253906
M7_YHUR_SHUR,7,HUR,HUR,2025-02-16,2025-02-18,3,Yd,990.7626342773438,1051.40625,1056.310302734375,1032.8880615234375,1048.9573974609375
M7_YHUR_SHUR,7,HUR,HUR,2025-02-16,2025-02-18,3,TSE,1023.1826171875,1046.4794921875,1041.3702392578125,1060.4947509765625,1030.9901123046875
M7_YHUR_SHUR,7,HUR,HUR,2025-02-16,2025-02-18,3,TSEC,73.0147933959961,69.73400115966797,69.30825805664062,67.69825744628906,69.03055572509766
M7_YHUR_SHUR,7,HUR,HUR,2025-02-17,2025-02-17,1,Yd,996.0877685546875,1051.403076171875,1052.3824462890625,1051.397216796875,1052.4527587890625
M7_YHUR_SHUR,7,HUR,HUR,2025-02-17,2025-02-17,1,TSE,1063.4554443359375,1046.66455078125,1025.7686767578125,1035.7056884765625,1038.7147216796875
M7_YHUR_SHUR,7,HUR,HUR,2025-02-17,2025-02-17,1,TSEC,64.82991027832031,69.7428970336914,69.39009857177734,67.45634460449219,69.48479461669922
M7_YHUR_SHUR,7,HUR,HUR,2025-02-17,2025-02-18,2,Yd,990.7626342773438,1051.403076171875,1060.1517333984375,1052.099609375,1049.5106201171875
M7_YHUR_SHUR,7,HUR,HUR,2025-02-17,2025-02-18,2,TSE,1023.1826171875,1046.66455078125,1010.8405151367188,1011.1710815429688,1034.8394775390625
M7_YHUR_SHUR,7,HUR,HUR,2025-02-17,2025-02-18,2,TSEC,73.0147933959961,69.7428970336914,69.4560317993164,70.64662170410156,69.17413330078125
M7_YHUR_SHUR,7,HUR,HUR,2025-02-17,2025-02-19,3,Yd,1180.9150390625,1051.403076171875,1039.3905029296875,1041.889892578125,1047.9443359375
M7_YHUR_SHUR,7,HUR,HUR,2025-02-17,2025-02-19,3,TSE,927.7945556640625,1046.66455078125,1038.5101318359375,1019.9358520507812,1036.097412109375
M7_YHUR_SHUR,7,HUR,HUR,2025-02-17,2025-02-19,3,TSEC,73.0066146850586,69.7428970336914,69.45447540283203,70.56619262695312,68.74547576904297
M7_YHUR_SHUR,7,HUR,HUR,2025-02-18,2025-02-18,1,Yd,990.7626342773438,1051.33203125,1057.48681640625,1046.2598876953125,1051.3438720703125
M7_YHUR_SHUR,7,HUR,HUR,2025-02-18,2025-02-18,1,TSE,1023.1826171875,1046.6861572265625,1039.4505615234375,1038.114990234375,1040.4029541015625
M7_YHUR_SHUR,7,HUR,HUR,2025-02-18,2025-02-18,1,TSEC,73.0147933959961,69.7365951538086,69.62639617919922,69.64498138427734,69.20690155029297
M7_YHUR_SHUR,7,HUR,HUR,2025-02-18,2025-02-19,2,Yd,1180.9150390625,1051.33203125,1041.6239013671875,1059.4251708984375,1049.993896484375
M7_YHUR_SHUR,7,HUR,HUR,2025-02-18,2025-02-19,2,TSE,927.7945556640625,1046.6861572265625,1058.7799072265625,1020.4107055664062,1041.2452392578125
M7_YHUR_SHUR,7,HUR,HUR,2025-02-18,2025-02-19,2,TSEC,73.0066146850586,69.7365951538086,69.26641082763672,68.11146545410156,68.67186737060547
M7_YHUR_SHUR,7,HUR,HUR,2025-02-18,2025-02-20,3,Yd,1188.5372314453125,1051.33203125,1062.146484375,1057.6112060546875,1050.7049560546875
M7_YHUR_SHUR,7,HUR,HUR,2025-02-18,2025-02-20,3,TSE,1023.5632934570312,1046.6861572265625,1044.737060546875,1061.0225830078125,1043.6304931640625
M7_YHUR_SHUR,7,HUR,HUR,2025-02-18,2025-02-20,3,TSEC,69.84857177734375,69.7365951538086,69.0264663696289,67.68599700927734,68.3445816040039
M7_YHUR_SHUR,7,HUR,HUR,2025-02-19,2025-02-19,1,Yd,1180.9150390625,1051.25439453125,1044.0885009765625,1045.021484375,1051.1387939453125
M7_YHUR_SHUR,7,HUR,HUR,2025-02-19,2025-02-19,1,TSE,927.7945556640625,1046.656005859375,1049.693115234375,1043.8173828125,1044.346923828125
M7_YHUR_SHUR,7,HUR,HUR,2025-02-19,2025-02-19,1,TSEC,73.0066146850586,69.74079895019531,69.61505889892578,68.79582977294922,69.22889709472656
M7_YHUR_SHUR,7,HUR,HUR,2025-02-19,2025-02-20,2,Yd,1188.5372314453125,1051.25439453125,1070.7762451171875,1038.1719970703125,1051.575439453125
M7_YHUR_SHUR,7,HUR,HUR,2025-02-19,2025-02-20,2,TSE,1023.5632934570312,1046.656005859375,1039.062744140625,1009.0184326171875,1045.4234619140625
M7_YHUR_SHUR,7,HUR,HUR,2025-02-19,2025-02-20,2,TSEC,69.84857177734375,69.74079895019531,68.97095489501953,67.55622863769531,68.86782836914062
M7_YHUR_SHUR,7,HUR,HUR,2025-02-19,2025-02-21,3,Yd,952.0889282226562,1051.25439453125,1046.61572265625,1045.6417236328125,1053.5179443359375
M7_YHUR_SHUR,7,HUR,HUR,2025-02-19,2025-02-21,3,TSE,974.6861572265625,1046.656005859375,1046.1497802734375,1042.6129150390625,1043.15771484375
M7_YHUR_SHUR,7,HUR,HUR,2025-02-19,2025-02-21,3,TSEC,74.77286529541016,69.74079895019531,69.2413558959961,68.76171875,68.63518524169922
M7_YHUR_SHUR,7,HUR,HUR,2025-02-20,2025-02-20,1,Yd,1188.5372314453125,1051.42041015625,1060.7813720703125,1042.180908203125,1051.6578369140625
M7_YHUR_SHUR,7,HUR,HUR,2025-02-20,2025-02-20,1,TSE,1023.5632934570312,1046.5037841796875,1039.542236328125,1067.1209716796875,1045.97607421875
M7_YHUR_SHUR,7,HUR,HUR,2025-02-20,2025-02-20,1,TSEC,69.84857177734375,69.74497985839844,69.09854125976562,68.35762023925781,69.4447250366211
M7_YHUR_SHUR,7,HUR,HUR,2025-02-20,2025-02-21,2,Yd,952.0889282226562,1051.42041015625,1044.01806640625,1057.01708984375,1051.8670654296875
M7_YHUR_SHUR,7,HUR,HUR,2025-02-20,2025-02-21,2,TSE,974.6861572265625,1046.5037841796875,1043.313232421875,1033.9959716796875,1043.8267822265625
M7_YHUR_SHUR,7,HUR,HUR,2025-02-20,2025-02-21,2,TSEC,74.77286529541016,69.74497985839844,69.2322998046875,68.55963134765625,69.2523193359375
M7_YHUR_SHUR,7,HUR,HUR,2025-02-20,2025-02-22,3,Yd,1196.82421875,1051.42041015625,1049.300537109375,1051.2799072265625,1050.9315185546875
M7_YHUR_SHUR,7,HUR,HUR,2025-02-20,2025-02-22,3,TSE,972.683837890625,1046.5037841796875,1037.8099365234375,1061.9434814453125,1038.017333984375
M7_YHUR_SHUR,7,HUR,HUR,2025-02-20,2025-02-22,3,TSEC,66.87142181396484,69.74497985839844,69.15959930419922,69.35430145263672,69.25845336914062
M7_YHUR_SHUR,7,HUR,HUR,2025-02-21,2025-02-21,1,Yd,952.0889282226562,1051.595703125,1040.8026123046875,1038.6884765625,1051.8028564453125
M7_YHUR_SHUR,7,HUR,HUR,2025-02-21,2025-02-21,1,TSE,974.6861572265625,1046.474365234375,1043.466552734375,1084.9398193359375,1043.28662109375
M7_YHUR_SHUR,7,HUR,HUR,2025-02-21,2025-02-21,1,TSEC,74.77286529541016,69.7451171875,69.29808044433594,68.04508972167969,69.6740951538086
M7_YHUR_SHUR,7,HUR,HUR,2025-02-21,2025-02-22,2,Yd,1196.82421875,1051.595703125,1052.4921875,1032.6468505859375,1050.8985595703125
M7_YHUR_SHUR,7,HUR,HUR,2025-02-21,2025-02-22,2,TSE,972.683837890625,1046.474365234375,1037.671630859375,1064.6749267578125,1038.938232421875
M7_YHUR_SHUR,7,HUR,HUR,2025-02-21,2025-02-22,2,TSEC,66.87142181396484,69.7451171875,69.16338348388672,67.1982192993164,69.69842529296875
M7_YHUR_SHUR,7,HUR,HUR,2025-02-21,2025-02-23,3,Yd,1051.4642333984375,1051.595703125,1044.2301025390625,1047.4010009765625,1049.8717041015625
M7_YHUR_SHUR,7,HUR,HUR,2025-02-21,2025-02-23,3,TSE,850.5073852539062,1046.474365234375,1041.7322998046875,1062.64306640625,1033.74072265625
M7_YHUR_SHUR,7,HUR,HUR,2025-02-21,2025-02-23,3,TSEC,72.83805084228516,69.7451171875,69.18822479248047,69.02637481689453,69.55388641357422
M7_YHUR_SHUR,7,HUR,HUR,2025-02-22,2025-02-22,1,Yd,1196.82421875,1051.46875,1053.1143798828125,1046.2432861328125,1052.277099609375
M7_YHUR_SHUR,7,HUR,HUR,2025-02-22,2025-02-22,1,TSE,972.683837890625,1046.3828125,1037.454345703125,1049.5291748046875,1039.6807861328125
M7_YHUR_SHUR,7,HUR,HUR,2025-02-22,2025-02-22,1,TSEC,66.87142181396484,69.75153350830078,69.25782012939453,68.64762115478516,69.86114501953125
M7_YHUR_SHUR,7,HUR,HUR,2025-02-22,2025-02-23,2,Yd,1051.4642333984375,1051.46875,1043.9998779296875,1043.427734375,1052.5145263671875
M7_YHUR_SHUR,7,HUR,HUR,2025-02-22,2025-02-23,2,TSE,850.5073852539062,1046.3828125,1040.8778076171875,1043.2314453125,1034.371826171875
M7_YHUR_SHUR,7,HUR,HUR,2025-02-22,2025-02-23,2,TSEC,72.83805084228516,69.75153350830078,69.17244720458984,67.63499450683594,69.70379638671875
M7_YHUR_SHUR,7,HUR,HUR,2025-02-22,2025-02-24,3,Yd,1274.9375,1051.46875,1058.8070068359375,1048.9168701171875,1052.1434326171875
M7_YHUR_SHUR,7,HUR,HUR,2025-02-22,2025-02-24,3,TSE,1040.892333984375,1046.3828125,1040.2122802734375,1057.1201171875,1030.1937255859375
M7_YHUR_SHUR,7,HUR,HUR,2025-02-22,2025-02-24,3,TSEC,76.1851806640625,69.75153350830078,69.34700012207031,69.25157165527344,69.30673217773438
M7_YHUR_SHUR,7,HUR,HUR,2025-02-23,2025-02-23,1,Yd,1051.4642333984375,1051.654052734375,1045.715576171875,1041.65625,1052.975830078125
M7_YHUR_SHUR,7,HUR,HUR,2025-02-23,2025-02-23,1,TSE,850.5073852539062,1046.2886962890625,1046.20361328125,1072.771240234375,1039.3466796875
M7_YHUR_SHUR,7,HUR,HUR,2025-02-23,2025-02-23,1,TSEC,72.83805084228516,69.74785614013672,69.10877990722656,69.26824188232422,69.58381652832031
M7_YHUR_SHUR,7,HUR,HUR,2025-02-23,2025-02-24,2,Yd,1274.9375,1051.654052734375,1059.7767333984375,1052.361572265625,1052.7303466796875
M7_YHUR_SHUR,7,HUR,HUR,2025-02-23,2025-02-24,2,TSE,1040.892333984375,1046.2886962890625,1038.2353515625,1044.9195556640625,1034.6328125
M7_YHUR_SHUR,7,HUR,HUR,2025-02-23,2025-02-24,2,TSEC,76.1851806640625,69.74785614013672,69.37645721435547,69.5714340209961,69.22193908691406
M7_YHUR_SHUR,7,HUR,HUR,2025-02-23,2025-02-25,3,Yd,1136.1715087890625,1051.654052734375,1060.979248046875,1043.2728271484375,1050.181884765625
M7_YHUR_SHUR,7,HUR,HUR,2025-02-23,2025-02-25,3,TSE,1151.41162109375,1046.2886962890625,1035.9329833984375,1043.481689453125,1031.6756591796875
M7_YHUR_SHUR,7,HUR,HUR,2025-02-23,2025-02-25,3,TSEC,73.65869903564453,69.74785614013672,69.2170181274414,69.79547882080078,68.92305755615234
M7_YHUR_SHUR,7,HUR,HUR,2025-02-24,2025-02-24,1,Yd,1274.9375,1051.65380859375,1056.4215087890625,1040.14208984375,1052.717529296875
M7_YHUR_SHUR,7,HUR,HUR,2025-02-24,2025-02-24,1,TSE,1040.892333984375,1046.039306640625,1037.516357421875,1022.2640380859375,1038.981689453125
M7_YHUR_SHUR,7,HUR,HUR,2025-02-24,2025-02-24,1,TSEC,76.1851806640625,69.75179290771484,69.15249633789062,68.2607421875,69.33477783203125
M7_YHUR_SHUR,7,HUR,HUR,2025-02-24,2025-02-25,2,Yd,1136.1715087890625,1051.65380859375,1059.544189453125,1047.023193359375,1051.364013671875
M7_YHUR_SHUR,7,HUR,HUR,2025-02-24,2025-02-25,2,TSE,1151.41162109375,1046.039306640625,1044.12646484375,1033.6285400390625,1035.5462646484375
M7_YHUR_SHUR,7,HUR,HUR,2025-02-24,2025-02-25,2,TSEC,73.65869903564453,69.75179290771484,69.28277587890625,68.48703002929688,68.98287200927734
M7_YHUR_SHUR,7,HUR,HUR,2025-02-24,2025-02-26,3,Yd,966.4063110351562,1051.65380859375,1040.062744140625,1030.0828857421875,1048.391845703125
M7_YHUR_SHUR,7,HUR,HUR,2025-02-24,2025-02-26,3,TSE,1139.5643310546875,1046.039306640625,1037.443359375,1051.0517578125,1037.523681640625
M7_YHUR_SHUR,7,HUR,HUR,2025-02-24,2025-02-26,3,TSEC,70.87126159667969,69.75179290771484,69.10356903076172,67.94171905517578,68.71405029296875
M7_YHUR_SHUR,7,HUR,HUR,2025-02-25,2025-02-25,1,Yd,1136.1715087890625,1051.9378662109375,1054.57666015625,1027.8668212890625,1050.393798828125
M7_YHUR_SHUR,7,HUR,HUR,2025-02-25,2025-02-25,1,TSE,1151.41162109375,1046.0328369140625,1039.63671875,1051.1611328125,1040.736572265625
M7_YHUR_SHUR,7,HUR,HUR,2025-02-25,2025-02-25,1,TSEC,73.65869903564453,69.75997924804688,69.03087615966797,68.25592803955078,69.4719467163086
M7_YHUR_SHUR,7,HUR,HUR,2025-02-25,2025-02-26,2,Yd,966.4063110351562,1051.9378662109375,1047.555419921875,1043.483154296875,1047.628662109375
M7_YHUR_SHUR,7,HUR,HUR,2025-02-25,2025-02-26,2,TSE,1139.5643310546875,1046.0328369140625,1031.091064453125,1013.4254150390625,1041.8817138671875
M7_YHUR_SHUR,7,HUR,HUR,2025-02-25,2025-02-26,2,TSEC,70.87126159667969,69.75997924804688,69.1893310546875,69.97444152832031,69.2557144165039
M7_YHUR_SHUR,7,HUR,HUR,2025-02-25,2025-02-27,3,Yd,1063.673095703125,1051.9378662109375,1048.6295166015625,1040.93896484375,1047.71484375
M7_YHUR_SHUR,7,HUR,HUR,2025-02-25,2025-02-27,3,TSE,1105.7896728515625,1046.0328369140625,1039.0213623046875,1028.446044921875,1044.30712890625
M7_YHUR_SHUR,7,HUR,HUR,2025-02-25,2025-02-27,3,TSEC,69.0374984741211,69.75997924804688,69.46858215332031,69.17700958251953,69.00514221191406
M7_YHUR_SHUR,7,HUR,HUR,2025-02-26,2025-02-26,1,Yd,966.4063110351562,1052.044921875,1038.79052734375,1048.498291015625,1050.0517578125
M7_YHUR_SHUR,7,HUR,HUR,2025-02-26,2025-02-26,1,TSE,1139.5643310546875,1046.166748046875,1036.1090087890625,1053.92431640625,1044.686279296875
M7_YHUR_SHUR,7,HUR,HUR,2025-02-26,2025-02-26,1,TSEC,70.87126159667969,69.76493835449219,69.55360412597656,70.39554595947266,69.53437042236328
M7_YHUR_SHUR,7,HUR,HUR,2025-02-26,2025-02-27,2,Yd,1063.673095703125,1052.044921875,1063.199951171875,1034.7255859375,1049.7689208984375
M7_YHUR_SHUR,7,HUR,HUR,2025-02-26,2025-02-27,2,TSE,1105.7896728515625,1046.166748046875,1045.6114501953125,1039.192138671875,1045.9822998046875
M7_YHUR_SHUR,7,HUR,HUR,2025-02-26,2025-02-27,2,TSEC,69.0374984741211,69.76493835449219,69.18423461914062,67.35205841064453,69.30915069580078
M7_YHUR_SHUR,7,HUR,HUR,2025-02-26,2025-02-28,3,Yd,975.6513671875,1052.044921875,1048.8895263671875,1036.302001953125,1051.31005859375
M7_YHUR_SHUR,7,HUR,HUR,2025-02-26,2025-02-28,3,TSE,1021.6026000976562,1046.166748046875,1032.07958984375,1049.9451904296875,1044.23876953125
M7_YHUR_SHUR,7,HUR,HUR,2025-02-26,2025-02-28,3,TSEC,68.54346466064453,69.76493835449219,69.27191925048828,68.160400390625,69.18135070800781
M7_YHUR_SHUR,7,HUR,HUR,2025-02-27,2025-02-27,1,Yd,1063.673095703125,1051.936279296875,1063.6121826171875,1039.690185546875,1052.1431884765625
M7_YHUR_SHUR,7,HUR,HUR,2025-02-27,2025-02-27,1,TSE,1105.7896728515625,1046.28515625,1049.95166015625,1036.1484375,1045.1771240234375
M7_YHUR_SHUR,7,HUR,HUR,2025-02-27,2025-02-27,1,TSEC,69.0374984741211,69.76634216308594,69.00102233886719,68.92407989501953,69.50337219238281
M7_YHUR_SHUR,7,HUR,HUR,2025-02-27,2025-02-28,2,Yd,975.6513671875,1051.936279296875,1046.3914794921875,1044.1529541015625,1052.8492431640625
M7_YHUR_SHUR,7,HUR,HUR,2025-02-27,2025-02-28,2,TSE,1021.6026000976562,1046.28515625,1035.048095703125,1015.8577880859375,1042.3302001953125
M7_YHUR_SHUR,7,HUR,HUR,2025-02-27,2025-02-28,2,TSEC,68.54346466064453,69.76634216308594,68.93403625488281,68.13185119628906,69.34965515136719
M7_YHUR_SHUR,7,HUR,HUR,2025-02-27,2025-03-01,3,Yd,1164.1453857421875,1051.936279296875,1046.480712890625,1040.033447265625,1052.6597900390625
M7_YHUR_SHUR,7,HUR,HUR,2025-02-27,2025-03-01,3,TSE,1209.91015625,1046.28515625,1044.395263671875,1020.951416015625,1036.4425048828125
M7_YHUR_SHUR,7,HUR,HUR,2025-02-27,2025-03-01,3,TSEC,70.5008544921875,69.76634216308594,69.50997161865234,68.63615417480469,69.39810180664062
M7_YHUR_SHUR,7,HUR,HUR,2025-02-28,2025-02-28,1,Yd,975.6513671875,1051.951171875,1048.345703125,1049.34130859375,1052.5401611328125
M7_YHUR_SHUR,7,HUR,HUR,2025-02-28,2025-02-28,1,TSE,1021.6026000976562,1046.3607177734375,1035.853515625,1064.9036865234375,1042.0224609375
M7_YHUR_SHUR,7,HUR,HUR,2025-02-28,2025-02-28,1,TSEC,68.54346466064453,69.76541900634766,69.3946533203125,70.12796783447266,69.66248321533203
M7_YHUR_SHUR,7,HUR,HUR,2025-02-28,2025-03-01,2,Yd,1164.1453857421875,1051.951171875,1046.7127685546875,1031.704833984375,1052.064208984375
M7_YHUR_SHUR,7,HUR,HUR,2025-02-28,2025-03-01,2,TSE,1209.91015625,1046.3607177734375,1043.856201171875,1027.4813232421875,1036.019287109375
M7_YHUR_SHUR,7,HUR,HUR,2025-02-28,2025-03-01,2,TSEC,70.5008544921875,69.76541900634766,69.9246826171875,67.5660171508789,69.72042083740234
M7_YHUR_SHUR,7,HUR,HUR,2025-02-28,2025-03-02,3,Yd,1020.7233276367188,1051.951171875,1049.35009765625,1047.706787109375,1051.1893310546875
M7_YHUR_SHUR,7,HUR,HUR,2025-02-28,2025-03-02,3,TSE,1096.595458984375,1046.3607177734375,1034.1976318359375,1037.8846435546875,1029.498046875
M7_YHUR_SHUR,7,HUR,HUR,2025-02-28,2025-03-02,3,TSEC,63.31040573120117,69.76541900634766,69.17062377929688,69.67741394042969,69.64141082763672
M7_YHUR_SHUR,7,HUR,HUR,2025-03-01,2025-03-01,1,Yd,1164.1453857421875,1051.8546142578125,1048.4200439453125,1042.669677734375,1052.8837890625
M7_YHUR_SHUR,7,HUR,HUR,2025-03-01,2025-03-01,1,TSE,1209.91015625,1046.329345703125,1044.4224853515625,1047.07373046875,1038.6661376953125
M7_YHUR_SHUR,7,HUR,HUR,2025-03-01,2025-03-01,1,TSEC,70.5008544921875,69.76386260986328,69.37272644042969,68.77445220947266,69.7989501953125
M7_YHUR_SHUR,7,HUR,HUR,2025-03-01,2025-03-02,2,Yd,1020.7233276367188,1051.8546142578125,1050.1455078125,1044.0264892578125,1053.1605224609375
M7_YHUR_SHUR,7,HUR,HUR,2025-03-01,2025-03-02,2,TSE,1096.595458984375,1046.329345703125,1033.7330322265625,1036.1912841796875,1032.48095703125
M7_YHUR_SHUR,7,HUR,HUR,2025-03-01,2025-03-02,2,TSEC,63.31040573120117,69.76386260986328,69.31993103027344,68.70987701416016,69.66398620605469
M7_YHUR_SHUR,7,HUR,HUR,2025-03-01,2025-03-03,3,Yd,1089.97900390625,1051.8546142578125,1049.9072265625,1051.3270263671875,1052.7232666015625
M7_YHUR_SHUR,7,HUR,HUR,2025-03-01,2025-03-03,3,TSE,985.2461547851562,1046.329345703125,1047.4896240234375,1042.1068115234375,1027.6297607421875
M7_YHUR_SHUR,7,HUR,HUR,2025-03-01,2025-03-03,3,TSEC,69.02545928955078,69.76386260986328,69.291015625,68.65025329589844,69.28781127929688
M7_YHUR_SHUR,7,HUR,HUR,2025-03-02,2025-03-02,1,Yd,1020.7233276367188,1051.99658203125,1051.638427734375,1052.9759521484375,1053.5518798828125
M7_YHUR_SHUR,7,HUR,HUR,2025-03-02,2025-03-02,1,TSE,1096.595458984375,1046.5361328125,1036.784912109375,1066.767822265625,1038.399169921875
M7_YHUR_SHUR,7,HUR,HUR,2025-03-02,2025-03-02,1,TSEC,63.31040573120117,69.76480102539062,70.15116119384766,68.86613464355469,69.7037353515625
M7_YHUR_SHUR,7,HUR,HUR,2025-03-02,2025-03-03,2,Yd,1089.97900390625,1051.99658203125,1044.978759765625,1065.1661376953125,1053.2822265625
M7_YHUR_SHUR,7,HUR,HUR,2025-03-02,2025-03-03,2,TSE,985.2461547851562,1046.5361328125,1044.742431640625,1020.27685546875,1032.398681640625
M7_YHUR_SHUR,7,HUR,HUR,2025-03-02,2025-03-03,2,TSEC,69.02545928955078,69.76480102539062,68.85135650634766,70.75308990478516,69.43354797363281
M7_YHUR_SHUR,7,HUR,HUR,2025-03-02,2025-03-04,3,Yd,1012.158447265625,1051.99658203125,1050.1162109375,1051.5433349609375,1050.9442138671875
M7_YHUR_SHUR,7,HUR,HUR,2025-03-02,2025-03-04,3,TSE,901.4349975585938,1046.5361328125,1041.7301025390625,1031.726318359375,1030.150390625
M7_YHUR_SHUR,7,HUR,HUR,2025-03-02,2025-03-04,3,TSEC,80.97294616699219,69.76480102539062,70.0291519165039,69.74536895751953,69.0274429321289
M7_YHUR_SHUR,7,HUR,HUR,2025-03-03,2025-03-03,1,Yd,1089.97900390625,1051.95703125,1042.677490234375,1046.32177734375,1053.5404052734375
M7_YHUR_SHUR,7,HUR,HUR,2025-03-03,2025-03-03,1,TSE,985.2461547851562,1046.599365234375,1048.02978515625,1043.4393310546875,1037.9443359375
M7_YHUR_SHUR,7,HUR,HUR,2025-03-03,2025-03-03,1,TSEC,69.02545928955078,69.75664520263672,70.0671157836914,69.64119720458984,69.32819366455078
M7_YHUR_SHUR,7,HUR,HUR,2025-03-03,2025-03-04,2,Yd,1012.158447265625,1051.95703125,1051.051513671875,1048.447021484375,1051.113525390625
M7_YHUR_SHUR,7,HUR,HUR,2025-03-03,2025-03-04,2,TSE,901.4349975585938,1046.599365234375,1038.3631591796875,1041.1949462890625,1034.6435546875
M7_YHUR_SHUR,7,HUR,HUR,2025-03-03,2025-03-04,2,TSEC,80.97294616699219,69.75664520263672,69.68062591552734,68.8921127319336,68.89347076416016
M7_YHUR_SHUR,7,HUR,HUR,2025-03-03,2025-03-05,3,Yd,1204.21484375,1051.95703125,1053.5079345703125,1042.63818359375,1049.6846923828125
M7_YHUR_SHUR,7,HUR,HUR,2025-03-03,2025-03-05,3,TSE,959.473388671875,1046.599365234375,1048.385498046875,1058.350830078125,1036.1036376953125
M7_YHUR_SHUR,7,HUR,HUR,2025-03-03,2025-03-05,3,TSEC,61.0650634765625,69.75664520263672,69.2735824584961,68.10935974121094,68.4065170288086
M7_YHUR_SHUR,7,HUR,HUR,2025-03-04,2025-03-04,1,Yd,1012.158447265625,1052.0050048828125,1046.3031005859375,1050.4403076171875,1051.23388671875
M7_YHUR_SHUR,7,HUR,HUR,2025-03-04,2025-03-04,1,TSE,901.4349975585938,1046.52197265625,1040.706298828125,1039.1817626953125,1040.2279052734375
M7_YHUR_SHUR,7,HUR,HUR,2025-03-04,2025-03-04,1,TSEC,80.97294616699219,69.75572967529297,69.27705383300781,68.12731170654297,69.24490356445312
M7_YHUR_SHUR,7,HUR,HUR,2025-03-04,2025-03-05,2,Yd,1204.21484375,1052.0050048828125,1049.1605224609375,1055.61279296875,1049.529296875
M7_YHUR_SHUR,7,HUR,HUR,2025-03-04,2025-03-05,2,TSE,959.473388671875,1046.52197265625,1044.1719970703125,1022.7042236328125,1040.043701171875
M7_YHUR_SHUR,7,HUR,HUR,2025-03-04,2025-03-05,2,TSEC,61.0650634765625,69.75572967529297,69.53763580322266,68.1954574584961,68.7162857055664
M7_YHUR_SHUR,7,HUR,HUR,2025-03-04,2025-03-06,3,Yd,945.2010498046875,1052.0050048828125,1032.31005859375,1069.025390625,1050.3983154296875
M7_YHUR_SHUR,7,HUR,HUR,2025-03-04,2025-03-06,3,TSE,1056.2305908203125,1046.52197265625,1040.4326171875,1069.6534423828125,1041.7562255859375
M7_YHUR_SHUR,7,HUR,HUR,2025-03-04,2025-03-06,3,TSEC,68.85260772705078,69.75572967529297,69.1019515991211,66.98833465576172,68.33792114257812
M7_YHUR_SHUR,7,HUR,HUR,2025-03-05,2025-03-05,1,Yd,1204.21484375,1051.954833984375,1056.02490234375,1045.380859375,1050.3095703125
M7_YHUR_SHUR,7,HUR,HUR,2025-03-05,2025-03-05,1,TSE,959.473388671875,1046.3392333984375,1041.8775634765625,1036.867919921875,1044.2620849609375
M7_YHUR_SHUR,7,HUR,HUR,2025-03-05,2025-03-05,1,TSEC,61.0650634765625,69.76985931396484,69.58252716064453,69.06551361083984,69.38215637207031
M7_YHUR_SHUR,7,HUR,HUR,2025-03-05,2025-03-06,2,Yd,945.2010498046875,1051.954833984375,1050.609619140625,1045.3519287109375,1050.3603515625
M7_YHUR_SHUR,7,HUR,HUR,2025-03-05,2025-03-06,2,TSE,1056.2305908203125,1046.3392333984375,1041.3609619140625,1019.7892456054688,1045.32275390625
M7_YHUR_SHUR,7,HUR,HUR,2025-03-05,2025-03-06,2,TSEC,68.85260772705078,69.76985931396484,69.27240753173828,67.93550109863281,69.0781021118164
M7_YHUR_SHUR,7,HUR,HUR,2025-03-05,2025-03-07,3,Yd,944.75146484375,1051.954833984375,1055.2342529296875,1042.77001953125,1052.30078125
M7_YHUR_SHUR,7,HUR,HUR,2025-03-05,2025-03-07,3,TSE,973.8603515625,1046.3392333984375,1040.2957763671875,1054.2305908203125,1043.435791015625
M7_YHUR_SHUR,7,HUR,HUR,2025-03-05,2025-03-07,3,TSEC,63.90031433105469,69.76985931396484,69.45823669433594,68.27557373046875,68.8433837890625
M7_YHUR_SHUR,7,HUR,HUR,2025-03-06,2025-03-06,1,Yd,945.2010498046875,1052.1463623046875,1062.496826171875,1042.8834228515625,1051.8819580078125
M7_YHUR_SHUR,7,HUR,HUR,2025-03-06,2025-03-06,1,TSE,1056.2305908203125,1046.22998046875,1039.91748046875,1070.849609375,1045.506591796875
M7_YHUR_SHUR,7,HUR,HUR,2025-03-06,2025-03-06,1,TSEC,68.85260772705078,69.75890350341797,69.08512878417969,68.23505401611328,69.41079711914062
M7_YHUR_SHUR,7,HUR,HUR,2025-03-06,2025-03-07,2,Yd,944.75146484375,1052.1463623046875,1050.3338623046875,1044.2420654296875,1052.96630859375
M7_YHUR_SHUR,7,HUR,HUR,2025-03-06,2025-03-07,2,TSE,973.8603515625,1046.22998046875,1039.880126953125,1068.10546875,1043.3370361328125
M7_YHUR_SHUR,7,HUR,HUR,2025-03-06,2025-03-07,2,TSEC,63.90031433105469,69.75890350341797,69.47701263427734,68.45030212402344,69.11534881591797
M7_YHUR_SHUR,7,HUR,HUR,2025-03-06,2025-03-08,3,Yd,1170.4847412109375,1052.1463623046875,1046.9210205078125,1029.1439208984375,1053.0252685546875
M7_YHUR_SHUR,7,HUR,HUR,2025-03-06,2025-03-08,3,TSE,913.03369140625,1046.22998046875,1039.75048828125,1070.574462890625,1038.101318359375
M7_YHUR_SHUR,7,HUR,HUR,2025-03-06,2025-03-08,3,TSEC,67.1727066040039,69.75890350341797,69.2164535522461,67.64108276367188,69.12793731689453
M7_YHUR_SHUR,7,HUR,HUR,2025-03-07,2025-03-07,1,Yd,944.75146484375,1052.011962890625,1051.0582275390625,1052.2294921875,1052.859130859375
M7_YHUR_SHUR,7,HUR,HUR,2025-03-07,2025-03-07,1,TSE,973.8603515625,1046.24267578125,1040.0196533203125,1048.0640869140625,1042.277099609375
M7_YHUR_SHUR,7,HUR,HUR,2025-03-07,2025-03-07,1,TSEC,63.90031433105469,69.75776672363281,68.91157531738281,69.34016418457031,69.52825164794922
M7_YHUR_SHUR,7,HUR,HUR,2025-03-07,2025-03-08,2,Yd,1170.4847412109375,1052.011962890625,1044.419189453125,1052.26416015625,1052.663818359375
M7_YHUR_SHUR,7,HUR,HUR,2025-03-07,2025-03-08,2,TSE,913.03369140625,1046.24267578125,1039.2315673828125,1040.686767578125,1036.4312744140625
M7_YHUR_SHUR,7,HUR,HUR,2025-03-07,2025-03-08,2,TSEC,67.1727066040039,69.75776672363281,70.83648681640625,69.1541519165039,69.51148986816406
M7_YHUR_SHUR,7,HUR,HUR,2025-03-07,2025-03-09,3,Yd,995.4876098632812,1052.011962890625,1051.2049560546875,1063.410888671875,1052.86865234375
M7_YHUR_SHUR,7,HUR,HUR,2025-03-07,2025-03-09,3,TSE,1060.6507568359375,1046.24267578125,1039.0919189453125,1047.413818359375,1030.0328369140625
M7_YHUR_SHUR,7,HUR,HUR,2025-03-07,2025-03-09,3,TSEC,69.15851593017578,69.75776672363281,68.61257934570312,71.1514663696289,69.37926483154297
M7_YHUR_SHUR,7,HUR,HUR,2025-03-08,2025-03-08,1,Yd,1170.4847412109375,1051.8773193359375,1046.5654296875,1044.021240234375,1053.47216796875
M7_YHUR_SHUR,7,HUR,HUR,2025-03-08,2025-03-08,1,TSE,913.03369140625,1046.1517333984375,1038.4580078125,1044.4986572265625,1038.5389404296875
M7_YHUR_SHUR,7,HUR,HUR,2025-03-08,2025-03-08,1,TSEC,67.1727066040039,69.75041961669922,69.27197265625,68.2726821899414,69.68400573730469
M7_YHUR_SHUR,7,HUR,HUR,2025-03-08,2025-03-09,2,Yd,995.4876098632812,1051.8773193359375,1049.79931640625,1040.5968017578125,1054.748291015625
M7_YHUR_SHUR,7,HUR,HUR,2025-03-08,2025-03-09,2,TSE,1060.6507568359375,1046.1517333984375,1038.5272216796875,1029.2872314453125,1032.1903076171875
M7_YHUR_SHUR,7,HUR,HUR,2025-03-08,2025-03-09,2,TSEC,69.15851593017578,69.75041961669922,69.3895034790039,67.56111145019531,69.45600891113281
M7_YHUR_SHUR,7,HUR,HUR,2025-03-08,2025-03-10,3,Yd,871.8016967773438,1051.8773193359375,1049.5390625,1051.1302490234375,1055.5986328125
M7_YHUR_SHUR,7,HUR,HUR,2025-03-08,2025-03-10,3,TSE,1050.64111328125,1046.1517333984375,1039.3375244140625,1032.5228271484375,1027.9097900390625
M7_YHUR_SHUR,7,HUR,HUR,2025-03-08,2025-03-10,3,TSEC,66.54953002929688,69.75041961669922,69.46614837646484,68.64613342285156,68.9828109741211
M7_YHUR_SHUR,7,HUR,HUR,2025-03-09,2025-03-09,1,Yd,995.4876098632812,1052.0260009765625,1043.7557373046875,1030.70654296875,1054.4754638671875
M7_YHUR_SHUR,7,HUR,HUR,2025-03-09,2025-03-09,1,TSE,1060.6507568359375,1045.9849853515625,1047.375244140625,1070.778564453125,1039.062744140625
M7_YHUR_SHUR,7,HUR,HUR,2025-03-09,2025-03-09,1,TSEC,69.15851593017578,69.7471923828125,68.39942932128906,69.14691925048828,69.49952697753906
M7_YHUR_SHUR,7,HUR,HUR,2025-03-09,2025-03-10,2,Yd,871.8016967773438,1052.0260009765625,1054.8026123046875,1041.4635009765625,1054.845458984375
M7_YHUR_SHUR,7,HUR,HUR,2025-03-09,2025-03-10,2,TSE,1050.64111328125,1045.9849853515625,1020.0316162109375,1049.170654296875,1034.000732421875
M7_YHUR_SHUR,7,HUR,HUR,2025-03-09,2025-03-10,2,TSEC,66.54953002929688,69.7471923828125,71.3983383178711,69.00135040283203,69.12295532226562
M7_YHUR_SHUR,7,HUR,HUR,2025-03-09,2025-03-11,3,Yd,994.175537109375,1052.0260009765625,1052.925537109375,1028.948486328125,1052.3941650390625
M7_YHUR_SHUR,7,HUR,HUR,2025-03-09,2025-03-11,3,TSE,1168.642333984375,1045.9849853515625,1014.5498046875,1060.1636962890625,1032.034423828125
M7_YHUR_SHUR,7,HUR,HUR,2025-03-09,2025-03-11,3,TSEC,76.96365356445312,69.7471923828125,68.49369049072266,67.27110290527344,68.76719665527344
M7_YHUR_SHUR,7,HUR,HUR,2025-03-10,2025-03-10,1,Yd,871.8016967773438,1051.9552001953125,1041.3319091796875,1081.37255859375,1053.7659912109375
M7_YHUR_SHUR,7,HUR,HUR,2025-03-10,2025-03-10,1,TSE,1050.64111328125,1046.0032958984375,1039.528076171875,1054.14013671875,1038.9342041015625
M7_YHUR_SHUR,7,HUR,HUR,2025-03-10,2025-03-10,1,TSEC,66.54953002929688,69.74645233154297,69.20928955078125,68.85250854492188,69.32115936279297
M7_YHUR_SHUR,7,HUR,HUR,2025-03-10,2025-03-11,2,Yd,994.175537109375,1051.9552001953125,1048.859375,1035.3514404296875,1052.0823974609375
M7_YHUR_SHUR,7,HUR,HUR,2025-03-10,2025-03-11,2,TSE,1168.642333984375,1046.0032958984375,1038.29736328125,1032.9188232421875,1036.374755859375
M7_YHUR_SHUR,7,HUR,HUR,2025-03-10,2025-03-11,2,TSEC,76.96365356445312,69.74645233154297,69.11027526855469,67.67363739013672,68.89434814453125
M7_YHUR_SHUR,7,HUR,HUR,2025-03-10,2025-03-12,3,Yd,983.8525390625,1051.9552001953125,1055.740478515625,1042.3980712890625,1048.6678466796875
M7_YHUR_SHUR,7,HUR,HUR,2025-03-10,2025-03-12,3,TSE,875.6102905273438,1046.0032958984375,1039.6536865234375,1053.928955078125,1036.385498046875
M7_YHUR_SHUR,7,HUR,HUR,2025-03-10,2025-03-12,3,TSEC,59.64553451538086,69.74645233154297,69.413330078125,68.1529312133789,68.52444458007812
M7_YHUR_SHUR,7,HUR,HUR,2025-03-11,2025-03-11,1,Yd,994.175537109375,1051.7301025390625,1057.0584716796875,1050.8311767578125,1051.919189453125
M7_YHUR_SHUR,7,HUR,HUR,2025-03-11,2025-03-11,1,TSE,1168.642333984375,1046.0091552734375,1039.10107421875,1049.25341796875,1040.5372314453125
M7_YHUR_SHUR,7,HUR,HUR,2025-03-11,2025-03-11,1,TSEC,76.96365356445312,69.7424545288086,69.03592681884766,67.61003875732422,69.1776123046875
M7_YHUR_SHUR,7,HUR,HUR,2025-03-11,2025-03-12,2,Yd,983.8525390625,1051.7301025390625,1038.046875,1030.7120361328125,1050.78125
M7_YHUR_SHUR,7,HUR,HUR,2025-03-11,2025-03-12,2,TSE,875.6102905273438,1046.0091552734375,1038.8751220703125,1014.371337890625,1041.0166015625
M7_YHUR_SHUR,7,HUR,HUR,2025-03-11,2025-03-12,2,TSEC,59.64553451538086,69.7424545288086,69.37425231933594,67.82323455810547,68.60871887207031
M7_YHUR_SHUR,7,HUR,HUR,2025-03-11,2025-03-13,3,Yd,1037.0618896484375,1051.7301025390625,1061.5203857421875,1041.2950439453125,1052.26171875
M7_YHUR_SHUR,7,HUR,HUR,2025-03-11,2025-03-13,3,TSE,1072.2242431640625,1046.0091552734375,1039.2939453125,1037.591064453125,1043.3226318359375
M7_YHUR_SHUR,7,HUR,HUR,2025-03-11,2025-03-13,3,TSEC,69.24353790283203,69.7424545288086,69.06951141357422,67.8932876586914,68.25435638427734
M7_YHUR_SHUR,7,HUR,HUR,2025-03-12,2025-03-12,1,Yd,983.8525390625,1051.658203125,1032.778564453125,1020.0657348632812,1051.4427490234375
M7_YHUR_SHUR,7,HUR,HUR,2025-03-12,2025-03-12,1,TSE,875.6102905273438,1046.1622314453125,1039.369384765625,1060.5313720703125,1044.0340576171875
M7_YHUR_SHUR,7,HUR,HUR,2025-03-12,2025-03-12,1,TSEC,59.64553451538086,69.75147247314453,68.96565246582031,68.11084747314453,69.28506469726562
M7_YHUR_SHUR,7,HUR,HUR,2025-03-12,2025-03-13,2,Yd,1037.0618896484375,1051.658203125,1065.232421875,1013.2918701171875,1052.4501953125
M7_YHUR_SHUR,7,HUR,HUR,2025-03-12,2025-03-13,2,TSE,1072.2242431640625,1046.1622314453125,1038.5816650390625,1024.0347900390625,1044.522705078125
M7_YHUR_SHUR,7,HUR,HUR,2025-03-12,2025-03-13,2,TSEC,69.24353790283203,69.75147247314453,68.42308807373047,67.3600082397461,68.90213012695312
M7_YHUR_SHUR,7,HUR,HUR,2025-03-12,2025-03-14,3,Yd,1119.126953125,1051.658203125,1044.917724609375,1016.1975708007812,1054.9866943359375
M7_YHUR_SHUR,7,HUR,HUR,2025-03-12,2025-03-14,3,TSE,1014.95947265625,1046.1622314453125,1039.3111572265625,1034.6258544921875,1041.5313720703125
M7_YHUR_SHUR,7,HUR,HUR,2025-03-12,2025-03-14,3,TSEC,73.48615264892578,69.75147247314453,69.51304626464844,67.38787841796875,68.64530181884766
M7_YHUR_SHUR,7,HUR,HUR,2025-03-13,2025-03-13,1,Yd,1037.0618896484375,1051.5736083984375,1061.1844482421875,1058.52783203125,1052.9224853515625
M7_YHUR_SHUR,7,HUR,HUR,2025-03-13,2025-03-13,1,TSE,1072.2242431640625,1045.9495849609375,1038.106201171875,1047.7352294921875,1044.5809326171875
M7_YHUR_SHUR,7,HUR,HUR,2025-03-13,2025-03-13,1,TSEC,69.24353790283203,69.7388687133789,68.67767333984375,69.09729766845703,69.3109130859375
M7_YHUR_SHUR,7,HUR,HUR,2025-03-13,2025-03-14,2,Yd,1119.126953125,1051.5736083984375,1053.9208984375,1045.6561279296875,1054.8023681640625
M7_YHUR_SHUR,7,HUR,HUR,2025-03-13,2025-03-14,2,TSE,1014.95947265625,1045.9495849609375,1039.8455810546875,1043.3807373046875,1041.3597412109375
M7_YHUR_SHUR,7,HUR,HUR,2025-03-13,2025-03-14,2,TSEC,73.48615264892578,69.7388687133789,69.10286712646484,68.49993133544922,68.9307632446289
M7_YHUR_SHUR,7,HUR,HUR,2025-03-13,2025-03-15,3,Yd,855.5487060546875,1051.5736083984375,1038.89306640625,1051.1436767578125,1057.1944580078125
M7_YHUR_SHUR,7,HUR,HUR,2025-03-13,2025-03-15,3,TSE,1087.6102294921875,1045.9495849609375,1037.270263671875,1059.786376953125,1033.9364013671875
M7_YHUR_SHUR,7,HUR,HUR,2025-03-13,2025-03-15,3,TSEC,69.2554702758789,69.7388687133789,70.7196044921875,68.07227325439453,68.85831451416016
M7_YHUR_SHUR,7,HUR,HUR,2025-03-14,2025-03-14,1,Yd,1119.126953125,1051.5555419921875,1053.0823974609375,1041.029296875,1053.254150390625
M7_YHUR_SHUR,7,HUR,HUR,2025-03-14,2025-03-14,1,TSE,1014.95947265625,1045.9822998046875,1039.182373046875,1055.2413330078125,1041.967529296875
M7_YHUR_SHUR,7,HUR,HUR,2025-03-14,2025-03-14,1,TSEC,73.48615264892578,69.7382583618164,69.45970153808594,67.28237915039062,69.44792175292969
M7_YHUR_SHUR,7,HUR,HUR,2025-03-14,2025-03-15,2,Yd,855.5487060546875,1051.5555419921875,1040.287353515625,1039.630615234375,1053.98095703125
M7_YHUR_SHUR,7,HUR,HUR,2025-03-14,2025-03-15,2,TSE,1087.6102294921875,1045.9822998046875,1037.0338134765625,1041.5562744140625,1035.499755859375
M7_YHUR_SHUR,7,HUR,HUR,2025-03-14,2025-03-15,2,TSEC,69.2554702758789,69.7382583618164,69.23959350585938,67.0016098022461,69.41751861572266
M7_YHUR_SHUR,7,HUR,HUR,2025-03-14,2025-03-16,3,Yd,1135.1275634765625,1051.5555419921875,1051.8203125,1051.4893798828125,1055.4598388671875
M7_YHUR_SHUR,7,HUR,HUR,2025-03-14,2025-03-16,3,TSE,919.6555786132812,1045.9822998046875,1038.755615234375,1033.2900390625,1028.7679443359375
M7_YHUR_SHUR,7,HUR,HUR,2025-03-14,2025-03-16,3,TSEC,75.06454467773438,69.7382583618164,69.34577178955078,69.7308349609375,69.28857421875
M7_YHUR_SHUR,7,HUR,HUR,2025-03-15,2025-03-15,1,Yd,855.5487060546875,1051.6396484375,1040.7757568359375,1039.4801025390625,1053.4376220703125
M7_YHUR_SHUR,7,HUR,HUR,2025-03-15,2025-03-15,1,TSE,1087.6102294921875,1045.9437255859375,1031.7598876953125,1039.9482421875,1039.12109375
M7_YHUR_SHUR,7,HUR,HUR,2025-03-15,2025-03-15,1,TSEC,69.2554702758789,69.742919921875,69.27981567382812,69.75830078125,69.80735778808594
M7_YHUR_SHUR,7,HUR,HUR,2025-03-15,2025-03-16,2,Yd,1135.1275634765625,1051.6396484375,1051.296142578125,1045.9730224609375,1055.178466796875
M7_YHUR_SHUR,7,HUR,HUR,2025-03-15,2025-03-16,2,TSE,919.6555786132812,1045.9437255859375,1036.8714599609375,1044.7681884765625,1033.0347900390625
M7_YHUR_SHUR,7,HUR,HUR,2025-03-15,2025-03-16,2,TSEC,75.06454467773438,69.742919921875,69.77848052978516,69.53839111328125,69.7044906616211
M7_YHUR_SHUR,7,HUR,HUR,2025-03-15,2025-03-17,3,Yd,1067.7955322265625,1051.6396484375,1053.1253662109375,1035.4461669921875,1055.1768798828125
M7_YHUR_SHUR,7,HUR,HUR,2025-03-15,2025-03-17,3,TSE,1015.2813110351562,1045.9437255859375,1034.7774658203125,1037.4517822265625,1029.4942626953125
M7_YHUR_SHUR,7,HUR,HUR,2025-03-15,2025-03-17,3,TSEC,67.58599853515625,69.742919921875,68.51375579833984,68.24093627929688,69.31977844238281
M7_YHUR_SHUR,7,HUR,HUR,2025-03-16,2025-03-16,1,Yd,1135.1275634765625,1051.39599609375,1047.7286376953125,1063.21826171875,1055.05517578125
M7_YHUR_SHUR,7,HUR,HUR,2025-03-16,2025-03-16,1,TSE,919.6555786132812,1045.9954833984375,1036.5782470703125,1045.292724609375,1037.7886962890625
M7_YHUR_SHUR,7,HUR,HUR,2025-03-16,2025-03-16,1,TSEC,75.06454467773438,69.74231719970703,68.56427001953125,68.46281433105469,69.60565185546875
M7_YHUR_SHUR,7,HUR,HUR,2025-03-16,2025-03-17,2,Yd,1067.7955322265625,1051.39599609375,1053.3094482421875,1044.2567138671875,1056.377685546875
M7_YHUR_SHUR,7,HUR,HUR,2025-03-16,2025-03-17,2,TSE,1015.2813110351562,1045.9954833984375,1038.183349609375,1021.5847778320312,1032.536865234375
M7_YHUR_SHUR,7,HUR,HUR,2025-03-16,2025-03-17,2,TSEC,67.58599853515625,69.74231719970703,71.35208892822266,67.96599578857422,69.26360321044922
M7_YHUR_SHUR,7,HUR,HUR,2025-03-16,2025-03-18,3,Yd,1192.29248046875,1051.39599609375,1055.40625,1046.753662109375,1053.37744140625
M7_YHUR_SHUR,7,HUR,HUR,2025-03-16,2025-03-18,3,TSE,842.7193603515625,1045.9954833984375,1038.55908203125,1033.832763671875,1030.9974365234375
M7_YHUR_SHUR,7,HUR,HUR,2025-03-16,2025-03-18,3,TSEC,65.11699676513672,69.74231719970703,68.0809326171875,69.30964660644531,68.82926940917969
M7_YHUR_SHUR,7,HUR,HUR,2025-03-17,2025-03-17,1,Yd,1067.7955322265625,1051.4998779296875,1058.747802734375,1037.9234619140625,1054.9354248046875
M7_YHUR_SHUR,7,HUR,HUR,2025-03-17,2025-03-17,1,TSE,1015.2813110351562,1045.8387451171875,1035.2926025390625,1040.4976806640625,1038.792236328125
M7_YHUR_SHUR,7,HUR,HUR,2025-03-17,2025-03-17,1,TSEC,67.58599853515625,69.74891662597656,68.50120544433594,68.59392547607422,69.48246765136719
M7_YHUR_SHUR,7,HUR,HUR,2025-03-17,2025-03-18,2,Yd,1192.29248046875,1051.4998779296875,1052.466552734375,1042.3267822265625,1053.1695556640625
M7_YHUR_SHUR,7,HUR,HUR,2025-03-17,2025-03-18,2,TSE,842.7193603515625,1045.8387451171875,1039.45458984375,1025.98974609375,1036.1656494140625
M7_YHUR_SHUR,7,HUR,HUR,2025-03-17,2025-03-18,2,TSEC,65.11699676513672,69.74891662597656,70.32809448242188,68.50159454345703,69.11516571044922
M7_YHUR_SHUR,7,HUR,HUR,2025-03-17,2025-03-19,3,Yd,963.3682250976562,1051.4998779296875,1052.895263671875,1043.0240478515625,1049.694580078125
M7_YHUR_SHUR,7,HUR,HUR,2025-03-17,2025-03-19,3,TSE,1081.86669921875,1045.8387451171875,1027.0518798828125,1035.5245361328125,1036.755615234375
M7_YHUR_SHUR,7,HUR,HUR,2025-03-17,2025-03-19,3,TSEC,61.59590530395508,69.74891662597656,69.32381439208984,68.21588134765625,68.78595733642578
M7_YHUR_SHUR,7,HUR,HUR,2025-03-18,2025-03-18,1,Yd,1192.29248046875,1051.5201416015625,1052.522216796875,1060.113037109375,1051.6927490234375
M7_YHUR_SHUR,7,HUR,HUR,2025-03-18,2025-03-18,1,TSE,842.7193603515625,1045.80078125,1039.586181640625,1044.2720947265625,1040.8909912109375
M7_YHUR_SHUR,7,HUR,HUR,2025-03-18,2025-03-18,1,TSEC,65.11699676513672,69.74623107910156,69.39958190917969,68.95957946777344,69.33743286132812
M7_YHUR_SHUR,7,HUR,HUR,2025-03-18,2025-03-19,2,Yd,963.3682250976562,1051.5201416015625,1052.9713134765625,1038.843994140625,1049.5255126953125
M7_YHUR_SHUR,7,HUR,HUR,2025-03-18,2025-03-19,2,TSE,1081.86669921875,1045.80078125,1036.6513671875,1035.6324462890625,1040.5780029296875
M7_YHUR_SHUR,7,HUR,HUR,2025-03-18,2025-03-19,2,TSEC,61.59590530395508,69.74623107910156,69.37212371826172,68.3327865600586,68.91658782958984
M7_YHUR_SHUR,7,HUR,HUR,2025-03-18,2025-03-20,3,Yd,1098.9715576171875,1051.5201416015625,1051.88427734375,1051.665771484375,1050.529296875
M7_YHUR_SHUR,7,HUR,HUR,2025-03-18,2025-03-20,3,TSE,1105.8509521484375,1045.80078125,1039.440673828125,1053.3448486328125,1042.4964599609375
M7_YHUR_SHUR,7,HUR,HUR,2025-03-18,2025-03-20,3,TSEC,62.78151321411133,69.74623107910156,69.30492401123047,68.16343688964844,68.59654235839844
M7_YHUR_SHUR,7,HUR,HUR,2025-03-19,2025-03-19,1,Yd,963.3682250976562,1051.6943359375,1040.3775634765625,1036.4169921875,1050.6221923828125
M7_YHUR_SHUR,7,HUR,HUR,2025-03-19,2025-03-19,1,TSE,1081.86669921875,1045.549560546875,1034.0157470703125,1056.902099609375,1044.1585693359375
M7_YHUR_SHUR,7,HUR,HUR,2025-03-19,2025-03-19,1,TSEC,61.59590530395508,69.7405014038086,69.634521484375,68.07730865478516,69.40703582763672
M7_YHUR_SHUR,7,HUR,HUR,2025-03-19,2025-03-20,2,Yd,1098.9715576171875,1051.6943359375,1060.7457275390625,1052.468017578125,1051.146728515625
M7_YHUR_SHUR,7,HUR,HUR,2025-03-19,2025-03-20,2,TSE,1105.8509521484375,1045.549560546875,1053.2042236328125,1027.275390625,1045.21240234375
M7_YHUR_SHUR,7,HUR,HUR,2025-03-19,2025-03-20,2,TSEC,62.78151321411133,69.7405014038086,69.04042053222656,68.09707641601562,69.08174896240234
M7_YHUR_SHUR,7,HUR,HUR,2025-03-19,2025-03-21,3,Yd,1080.3043212890625,1051.6943359375,1046.5704345703125,1043.2781982421875,1053.6234130859375
M7_YHUR_SHUR,7,HUR,HUR,2025-03-19,2025-03-21,3,TSE,964.7005615234375,1045.549560546875,1034.7109375,1040.5985107421875,1043.3455810546875
M7_YHUR_SHUR,7,HUR,HUR,2025-03-19,2025-03-21,3,TSEC,76.22322082519531,69.7405014038086,69.60659790039062,68.06756591796875,68.7944107055664
M7_YHUR_SHUR,7,HUR,HUR,2025-03-20,2025-03-20,1,Yd,1098.9715576171875,1051.5850830078125,1054.18896484375,1030.9677734375,1052.7855224609375
M7_YHUR_SHUR,7,HUR,HUR,2025-03-20,2025-03-20,1,TSE,1105.8509521484375,1045.5943603515625,1039.1805419921875,1047.275634765625,1044.798095703125
M7_YHUR_SHUR,7,HUR,HUR,2025-03-20,2025-03-20,1,TSEC,62.78151321411133,69.73043823242188,69.16029357910156,68.71155548095703,69.36327362060547
M7_YHUR_SHUR,7,HUR,HUR,2025-03-20,2025-03-21,2,Yd,1080.3043212890625,1051.5850830078125,1050.944580078125,1028.8427734375,1054.6121826171875
M7_YHUR_SHUR,7,HUR,HUR,2025-03-20,2025-03-21,2,TSE,964.7005615234375,1045.5943603515625,1035.18212890625,1034.7181396484375,1042.217529296875
M7_YHUR_SHUR,7,HUR,HUR,2025-03-20,2025-03-21,2,TSEC,76.22322082519531,69.73043823242188,69.27778625488281,67.31411743164062,69.00890350341797
M7_YHUR_SHUR,7,HUR,HUR,2025-03-20,2025-03-22,3,Yd,1061.6138916015625,1051.5850830078125,1057.0897216796875,1044.058837890625,1055.9744873046875
M7_YHUR_SHUR,7,HUR,HUR,2025-03-20,2025-03-22,3,TSE,1110.3563232421875,1045.5943603515625,1038.137939453125,1047.279296875,1036.5435791015625
M7_YHUR_SHUR,7,HUR,HUR,2025-03-20,2025-03-22,3,TSEC,64.58290100097656,69.73043823242188,69.20948791503906,68.9332046508789,68.94934844970703
M7_YHUR_SHUR,7,HUR,HUR,2025-03-21,2025-03-21,1,Yd,1080.3043212890625,1051.6436767578125,1044.6522216796875,1041.3009033203125,1053.3194580078125
M7_YHUR_SHUR,7,HUR,HUR,2025-03-21,2025-03-21,1,TSE,964.7005615234375,1045.668701171875,1035.248779296875,1040.217529296875,1042.4796142578125
M7_YHUR_SHUR,7,HUR,HUR,2025-03-21,2025-03-21,1,TSEC,76.22322082519531,69.72185516357422,69.56707000732422,68.36275482177734,69.49232482910156
M7_YHUR_SHUR,7,HUR,HUR,2025-03-21,2025-03-22,2,Yd,1061.6138916015625,1051.6436767578125,1056.2012939453125,1053.5421142578125,1053.99462890625
M7_YHUR_SHUR,7,HUR,HUR,2025-03-21,2025-03-22,2,TSE,1110.3563232421875,1045.668701171875,1038.39111328125,1035.7069091796875,1036.95166015625
M7_YHUR_SHUR,7,HUR,HUR,2025-03-21,2025-03-22,2,TSEC,64.58290100097656,69.72185516357422,70.24653625488281,68.45650482177734,69.4163818359375
M7_YHUR_SHUR,7,HUR,HUR,2025-03-21,2025-03-23,3,Yd,1031.217041015625,1051.6436767578125,1040.158447265625,1060.37109375,1054.8001708984375
M7_YHUR_SHUR,7,HUR,HUR,2025-03-21,2025-03-23,3,TSE,984.8578491210938,1045.668701171875,1034.9481201171875,1036.47802734375,1031.0997314453125
M7_YHUR_SHUR,7,HUR,HUR,2025-03-21,2025-03-23,3,TSEC,82.61424255371094,69.72185516357422,68.842041015625,69.00654602050781,69.276611328125
M7_YHUR_SHUR,7,HUR,HUR,2025-03-22,2025-03-22,1,Yd,1061.6138916015625,1051.6790771484375,1053.761474609375,1036.1097412109375,1053.4940185546875
M7_YHUR_SHUR,7,HUR,HUR,2025-03-22,2025-03-22,1,TSE,1110.3563232421875,1045.56884765625,1038.0330810546875,1047.4334716796875,1039.4361572265625
M7_YHUR_SHUR,7,HUR,HUR,2025-03-22,2025-03-22,1,TSEC,64.58290100097656,69.72987365722656,69.3807601928711,69.36177062988281,69.8346176147461
M7_YHUR_SHUR,7,HUR,HUR,2025-03-22,2025-03-23,2,Yd,1031.217041015625,1051.6790771484375,1043.671875,1042.3538818359375,1055.0045166015625
M7_YHUR_SHUR,7,HUR,HUR,2025-03-22,2025-03-23,2,TSE,984.8578491210938,1045.56884765625,1034.88525390625,1031.792236328125,1033.691650390625
M7_YHUR_SHUR,7,HUR,HUR,2025-03-22,2025-03-23,2,TSEC,82.61424255371094,69.72987365722656,69.07915496826172,68.75083923339844,69.71636199951172
M7_YHUR_SHUR,7,HUR,HUR,2025-03-22,2025-03-24,3,Yd,1018.3141479492188,1051.6790771484375,1056.22607421875,1034.59912109375,1055.239013671875
M7_YHUR_SHUR,7,HUR,HUR,2025-03-22,2025-03-24,3,TSE,1015.4321899414062,1045.56884765625,1038.4127197265625,1031.4100341796875,1030.54345703125
M7_YHUR_SHUR,7,HUR,HUR,2025-03-22,2025-03-24,3,TSEC,73.05473327636719,69.72987365722656,69.30062103271484,68.81051635742188,69.3519058227539
M7_YHUR_SHUR,7,HUR,HUR,2025-03-23,2025-03-23,1,Yd,1031.217041015625,1051.691162109375,1048.3450927734375,1058.8245849609375,1054.790771484375
M7_YHUR_SHUR,7,HUR,HUR,2025-03-23,2025-03-23,1,TSE,984.8578491210938,1045.648681640625,1026.20947265625,1045.532470703125,1038.623779296875
M7_YHUR_SHUR,7,HUR,HUR,2025-03-23,2025-03-23,1,TSEC,82.61424255371094,69.7235336303711,69.04566192626953,68.60694885253906,69.62905883789062
M7_YHUR_SHUR,7,HUR,HUR,2025-03-23,2025-03-24,2,Yd,1018.3141479492188,1051.691162109375,1054.52783203125,1039.1070556640625,1055.3314208984375
M7_YHUR_SHUR,7,HUR,HUR,2025-03-23,2025-03-24,2,TSE,1015.4321899414062,1045.648681640625,1034.811767578125,1045.2022705078125,1034.7296142578125
M7_YHUR_SHUR,7,HUR,HUR,2025-03-23,2025-03-24,2,TSEC,73.05473327636719,69.7235336303711,69.2752456665039,68.93769073486328,69.3382339477539
M7_YHUR_SHUR,7,HUR,HUR,2025-03-23,2025-03-25,3,Yd,976.021240234375,1051.691162109375,1054.3975830078125,1048.029296875,1052.091064453125
M7_YHUR_SHUR,7,HUR,HUR,2025-03-23,2025-03-25,3,TSE,1132.611572265625,1045.648681640625,1025.0098876953125,1040.515380859375,1033.5286865234375
M7_YHUR_SHUR,7,HUR,HUR,2025-03-23,2025-03-25,3,TSEC,61.46611785888672,69.7235336303711,69.17084503173828,68.60111236572266,69.01126098632812
M7_YHUR_SHUR,7,HUR,HUR,2025-03-24,2025-03-24,1,Yd,1018.3141479492188,1051.666015625,1052.7911376953125,1031.8931884765625,1054.3055419921875
M7_YHUR_SHUR,7,HUR,HUR,2025-03-24,2025-03-24,1,TSE,1015.4321899414062,1045.573974609375,1032.6251220703125,1027.2413330078125,1039.2158203125
M7_YHUR_SHUR,7,HUR,HUR,2025-03-24,2025-03-24,1,TSEC,73.05473327636719,69.73938751220703,69.65735626220703,67.0645523071289,69.59469604492188
M7_YHUR_SHUR,7,HUR,HUR,2025-03-24,2025-03-25,2,Yd,976.021240234375,1051.666015625,1046.118408203125,1038.3665771484375,1051.8463134765625
M7_YHUR_SHUR,7,HUR,HUR,2025-03-24,2025-03-25,2,TSE,1132.611572265625,1045.573974609375,1027.6619873046875,1027.6837158203125,1037.3465576171875
M7_YHUR_SHUR,7,HUR,HUR,2025-03-24,2025-03-25,2,TSEC,61.46611785888672,69.73938751220703,69.09884643554688,68.59610748291016,69.32001495361328
M7_YHUR_SHUR,7,HUR,HUR,2025-03-24,2025-03-26,3,Yd,1038.35986328125,1051.666015625,1055.6851806640625,1034.4229736328125,1048.522705078125
M7_YHUR_SHUR,7,HUR,HUR,2025-03-24,2025-03-26,3,TSE,935.8120727539062,1045.573974609375,1032.805419921875,1033.9915771484375,1037.6104736328125
M7_YHUR_SHUR,7,HUR,HUR,2025-03-24,2025-03-26,3,TSEC,80.22496032714844,69.73938751220703,69.61015319824219,68.07573699951172,69.06402587890625
M7_YHUR_SHUR,7,HUR,HUR,2025-03-25,2025-03-25,1,Yd,976.021240234375,1051.6251220703125,1047.149169921875,1040.5372314453125,1051.2591552734375
M7_YHUR_SHUR,7,HUR,HUR,2025-03-25,2025-03-25,1,TSE,1132.611572265625,1045.5369873046875,1035.7012939453125,1030.485107421875,1041.1734619140625
M7_YHUR_SHUR,7,HUR,HUR,2025-03-25,2025-03-25,1,TSEC,61.46611785888672,69.74346160888672,69.41593933105469,67.06385040283203,69.48648071289062
M7_YHUR_SHUR,7,HUR,HUR,2025-03-25,2025-03-26,2,Yd,1038.35986328125,1051.6251220703125,1056.3641357421875,1038.2535400390625,1048.7154541015625
M7_YHUR_SHUR,7,HUR,HUR,2025-03-25,2025-03-26,2,TSE,935.8120727539062,1045.5369873046875,1037.4454345703125,1008.1380615234375,1040.656005859375
M7_YHUR_SHUR,7,HUR,HUR,2025-03-25,2025-03-26,2,TSEC,80.22496032714844,69.74346160888672,69.65177917480469,67.84605407714844,69.16861724853516
M7_YHUR_SHUR,7,HUR,HUR,2025-03-25,2025-03-27,3,Yd,1188.7919921875,1051.6251220703125,1051.099609375,1045.0333251953125,1049.1688232421875
M7_YHUR_SHUR,7,HUR,HUR,2025-03-25,2025-03-27,3,TSE,934.95458984375,1045.5369873046875,1036.0091552734375,1032.3157958984375,1041.8299560546875
M7_YHUR_SHUR,7,HUR,HUR,2025-03-25,2025-03-27,3,TSEC,68.02420806884766,69.74346160888672,69.36383819580078,67.85083770751953,68.8729019165039
M7_YHUR_SHUR,7,HUR,HUR,2025-03-26,2025-03-26,1,Yd,1038.35986328125,1051.5323486328125,1042.9537353515625,1051.3636474609375,1051.4407958984375
M7_YHUR_SHUR,7,HUR,HUR,2025-03-26,2025-03-26,1,TSE,935.8120727539062,1045.643798828125,1032.857177734375,1039.2291259765625,1043.3397216796875
M7_YHUR_SHUR,7,HUR,HUR,2025-03-26,2025-03-26,1,TSEC,80.22496032714844,69.73331451416016,69.95484924316406,70.19210052490234,69.29307556152344
M7_YHUR_SHUR,7,HUR,HUR,2025-03-26,2025-03-27,2,Yd,1188.7919921875,1051.5323486328125,1058.55615234375,1038.89599609375,1052.529541015625
M7_YHUR_SHUR,7,HUR,HUR,2025-03-26,2025-03-27,2,TSE,934.95458984375,1045.643798828125,1038.7340087890625,1011.0433959960938,1043.786865234375
M7_YHUR_SHUR,7,HUR,HUR,2025-03-26,2025-03-27,2,TSEC,68.02420806884766,69.73331451416016,68.82080841064453,68.27740478515625,68.8996353149414
M7_YHUR_SHUR,7,HUR,HUR,2025-03-26,2025-03-28,3,Yd,1010.5371704101562,1051.5323486328125,1047.49658203125,1051.5906982421875,1055.425537109375
M7_YHUR_SHUR,7,HUR,HUR,2025-03-26,2025-03-28,3,TSE,951.5386352539062,1045.643798828125,1030.1971435546875,1032.6036376953125,1041.8299560546875
M7_YHUR_SHUR,7,HUR,HUR,2025-03-26,2025-03-28,3,TSEC,72.22630310058594,69.73331451416016,69.28132629394531,69.55335998535156,68.6218490600586
M7_YHUR_SHUR,7,HUR,HUR,2025-03-27,2025-03-27,1,Yd,1188.7919921875,1051.51611328125,1057.8729248046875,1041.1048583984375,1051.486328125
M7_YHUR_SHUR,7,HUR,HUR,2025-03-27,2025-03-27,1,TSE,934.95458984375,1045.5091552734375,1035.2596435546875,1035.8299560546875,1044.409423828125
M7_YHUR_SHUR,7,HUR,HUR,2025-03-27,2025-03-27,1,TSEC,68.02420806884766,69.74616241455078,69.53800964355469,69.49176025390625,69.54425048828125
M7_YHUR_SHUR,7,HUR,HUR,2025-03-27,2025-03-28,2,Yd,1010.5371704101562,1051.51611328125,1047.5032958984375,1039.2275390625,1052.7279052734375
M7_YHUR_SHUR,7,HUR,HUR,2025-03-27,2025-03-28,2,TSE,951.5386352539062,1045.5091552734375,1037.580322265625,1018.9636840820312,1041.6490478515625
M7_YHUR_SHUR,7,HUR,HUR,2025-03-27,2025-03-28,2,TSEC,72.22630310058594,69.74616241455078,69.11732482910156,68.16783142089844,69.3172607421875
M7_YHUR_SHUR,7,HUR,HUR,2025-03-27,2025-03-29,3,Yd,1050.7171630859375,1051.51611328125,1047.116943359375,1044.7142333984375,1053.87451171875
M7_YHUR_SHUR,7,HUR,HUR,2025-03-27,2025-03-29,3,TSE,1139.726318359375,1045.5091552734375,1035.077392578125,1025.2476806640625,1034.8167724609375
M7_YHUR_SHUR,7,HUR,HUR,2025-03-27,2025-03-29,3,TSEC,70.31426239013672,69.74616241455078,69.4090576171875,69.19756317138672,69.44886779785156
M7_YHUR_SHUR,7,HUR,HUR,2025-03-28,2025-03-28,1,Yd,1010.5371704101562,1051.6842041015625,1045.76953125,1030.3782958984375,1052.625732421875
M7_YHUR_SHUR,7,HUR,HUR,2025-03-28,2025-03-28,1,TSE,951.5386352539062,1045.3739013671875,1037.32763671875,1073.7939453125,1042.5894775390625
M7_YHUR_SHUR,7,HUR,HUR,2025-03-28,2025-03-28,1,TSEC,72.22630310058594,69.74405670166016,68.98960876464844,68.63944244384766,69.69507598876953
M7_YHUR_SHUR,7,HUR,HUR,2025-03-28,2025-03-29,2,Yd,1050.7171630859375,1051.6842041015625,1051.5487060546875,1036.3603515625,1053.028564453125
M7_YHUR_SHUR,7,HUR,HUR,2025-03-28,2025-03-29,2,TSE,1139.726318359375,1045.3739013671875,1038.066162109375,1061.2457275390625,1036.4356689453125
M7_YHUR_SHUR,7,HUR,HUR,2025-03-28,2025-03-29,2,TSEC,70.31426239013672,69.74405670166016,69.51185607910156,69.07789611816406,69.78435516357422
M7_YHUR_SHUR,7,HUR,HUR,2025-03-28,2025-03-30,3,Yd,911.8595581054688,1051.6842041015625,1045.9383544921875,1035.3748779296875,1054.3626708984375
M7_YHUR_SHUR,7,HUR,HUR,2025-03-28,2025-03-30,3,TSE,1018.186279296875,1045.3739013671875,1048.8323974609375,1049.2916259765625,1030.7269287109375
M7_YHUR_SHUR,7,HUR,HUR,2025-03-28,2025-03-30,3,TSEC,66.47145080566406,69.74405670166016,68.92841339111328,68.44792938232422,69.72679901123047
M7_YHUR_SHUR,7,HUR,HUR,2025-03-29,2025-03-29,1,Yd,1050.7171630859375,1051.6339111328125,1044.687744140625,1042.332763671875,1053.770751953125
M7_YHUR_SHUR,7,HUR,HUR,2025-03-29,2025-03-29,1,TSE,1139.726318359375,1045.2591552734375,1034.3460693359375,1046.7508544921875,1038.9803466796875
M7_YHUR_SHUR,7,HUR,HUR,2025-03-29,2025-03-29,1,TSEC,70.31426239013672,69.7470932006836,69.88070678710938,69.60971069335938,69.88544464111328
M7_YHUR_SHUR,7,HUR,HUR,2025-03-29,2025-03-30,2,Yd,911.8595581054688,1051.6339111328125,1051.19091796875,1042.54833984375,1055.867431640625
M7_YHUR_SHUR,7,HUR,HUR,2025-03-29,2025-03-30,2,TSE,1018.186279296875,1045.2591552734375,1036.52978515625,1060.490234375,1032.5628662109375
M7_YHUR_SHUR,7,HUR,HUR,2025-03-29,2025-03-30,2,TSEC,66.47145080566406,69.7470932006836,68.99638366699219,68.92093658447266,69.87401580810547
M7_YHUR_SHUR,7,HUR,HUR,2025-03-29,2025-03-31,3,Yd,1033.557373046875,1051.6339111328125,1052.126220703125,1049.3253173828125,1056.3018798828125
M7_YHUR_SHUR,7,HUR,HUR,2025-03-29,2025-03-31,3,TSE,872.4371948242188,1045.2591552734375,1034.41357421875,1052.9288330078125,1029.0484619140625
M7_YHUR_SHUR,7,HUR,HUR,2025-03-29,2025-03-31,3,TSEC,71.25638580322266,69.7470932006836,70.10523986816406,69.71309661865234,69.53375244140625
M7_YHUR_SHUR,7,HUR,HUR,2025-03-30,2025-03-30,1,Yd,911.8595581054688,1051.6328125,1036.028076171875,1058.74267578125,1055.1182861328125
M7_YHUR_SHUR,7,HUR,HUR,2025-03-30,2025-03-30,1,TSE,1018.186279296875,1045.37451171875,1037.7425537109375,1041.9886474609375,1037.8858642578125
M7_YHUR_SHUR,7,HUR,HUR,2025-03-30,2025-03-30,1,TSEC,66.47145080566406,69.74778747558594,69.1197280883789,68.99615478515625,69.78441619873047
M7_YHUR_SHUR,7,HUR,HUR,2025-03-30,2025-03-31,2,Yd,1033.557373046875,1051.6328125,1060.51171875,1043.5662841796875,1056.2757568359375
M7_YHUR_SHUR,7,HUR,HUR,2025-03-30,2025-03-31,2,TSE,872.4371948242188,1045.37451171875,1034.8974609375,1028.8006591796875,1033.689697265625
M7_YHUR_SHUR,7,HUR,HUR,2025-03-30,2025-03-31,2,TSEC,71.25638580322266,69.74778747558594,69.21717071533203,68.8485107421875,69.55352020263672
M7_YHUR_SHUR,7,HUR,HUR,2025-03-30,2025-04-01,3,Yd,996.2822265625,1051.6328125,1046.7791748046875,1048.2413330078125,1053.0782470703125
M7_YHUR_SHUR,7,HUR,HUR,2025-03-30,2025-04-01,3,TSE,1013.3168334960938,1045.37451171875,1037.2734375,1024.389892578125,1032.928955078125
M7_YHUR_SHUR,7,HUR,HUR,2025-03-30,2025-04-01,3,TSEC,60.53699493408203,69.74778747558594,69.38968658447266,70.4478988647461,69.24722290039062
