case_id,M,yd_level,solar_level,origin_date,target_date,step,variable,true,MEAN,ARIMA,RNN,LSTM
M6_YHUR_SLUR,6,HUR,LUR,2024-12-31,2024-12-31,1,Yd,768.0025634765625,902.0822143554688,889.3613891601562,909.5369262695312,906.474853515625
M6_YHUR_SLUR,6,HUR,LUR,2024-12-31,2024-12-31,1,TSE,908.7581176757812,899.4559936523438,899.1087036132812,896.6806640625,899.265380859375
M6_YHUR_SLUR,6,HUR,LUR,2024-12-31,2024-12-31,1,TSEC,59.591346740722656,60.00611114501953,59.99938201904297,60.03345489501953,59.96529006958008
M6_YHUR_SLUR,6,HUR,LUR,2024-12-31,2025-01-01,2,Yd,1008.3624877929688,902.0822143554688,893.5197143554688,919.618408203125,911.0006713867188
M6_YHUR_SLUR,6,HUR,LUR,2024-12-31,2025-01-01,2,TSE,894.359130859375,899.4559936523438,900.1155395507812,897.3549194335938,899.2066650390625
M6_YHUR_SLUR,6,HUR,LUR,2024-12-31,2025-01-01,2,TSEC,61.12689971923828,60.00611114501953,59.92238998413086,60.05238342285156,59.92967224121094
M6_YHUR_SLUR,6,HUR,LUR,2024-12-31,2025-01-02,3,Yd,894.9970703125,902.0822143554688,894.0341796875,899.1961059570312,913.1502075195312
M6_YHUR_SLUR,6,HUR,LUR,2024-12-31,2025-01-02,3,TSE,892.2807006835938,899.4559936523438,899.8847045898438,897.6705932617188,899.3549194335938
M6_YHUR_SLUR,6,HUR,LUR,2024-12-31,2025-01-02,3,TSEC,61.04081726074219,60.00611114501953,59.909263610839844,59.993263244628906,59.925968170166016
M6_YHUR_SLUR,6,HUR,LUR,2025-01-01,2025-01-01,1,Yd,1008.3624877929688,901.8987426757812,898.2554931640625,898.131591796875,908.0255126953125
M6_YHUR_SLUR,6,HUR,LUR,2025-01-01,2025-01-01,1,TSE,894.359130859375,899.4686889648438,899.4186401367188,898.3489990234375,899.310546875
M6_YHUR_SLUR,6,HUR,LUR,2025-01-01,2025-01-01,1,TSEC,61.12689971923828,60.00554275512695,60.02783966064453,60.078556060791016,59.95816421508789
M6_YHUR_SLUR,6,HUR,LUR,2025-01-01,2025-01-02,2,Yd,894.9970703125,901.8987426757812,889.3453979492188,891.4186401367188,911.0050659179688
M6_YHUR_SLUR,6,HUR,LUR,2025-01-01,2025-01-02,2,TSE,892.2807006835938,899.4686889648438,899.1240234375,897.2230834960938,899.419189453125
M6_YHUR_SLUR,6,HUR,LUR,2025-01-01,2025-01-02,2,TSEC,61.04081726074219,60.00554275512695,59.99409866333008,59.862388610839844,59.94630813598633
M6_YHUR_SLUR,6,HUR,LUR,2025-01-01,2025-01-03,3,Yd,874.1852416992188,901.8987426757812,892.7025146484375,904.3499755859375,910.037841796875
M6_YHUR_SLUR,6,HUR,LUR,2025-01-01,2025-01-03,3,TSE,901.4219970703125,899.4686889648438,901.0022583007812,898.666259765625,899.5603637695312
M6_YHUR_SLUR,6,HUR,LUR,2025-01-01,2025-01-03,3,TSEC,59.50726318359375,60.00554275512695,59.96345901489258,59.94242477416992,59.951683044433594
M6_YHUR_SLUR,6,HUR,LUR,2025-01-02,2025-01-02,1,Yd,894.9970703125,902.0442504882812,890.8859252929688,900.8514404296875,904.410400390625
M6_YHUR_SLUR,6,HUR,LUR,2025-01-02,2025-01-02,1,TSE,892.2807006835938,899.4617309570312,899.4579467773438,897.36865234375,899.5684204101562
M6_YHUR_SLUR,6,HUR,LUR,2025-01-02,2025-01-02,1,TSEC,61.04081726074219,60.007076263427734,60.02461624145508,60.05814743041992,59.9820442199707
M6_YHUR_SLUR,6,HUR,LUR,2025-01-02,2025-01-03,2,Yd,874.1852416992188,902.0442504882812,893.86328125,903.5130615234375,904.5138549804688
M6_YHUR_SLUR,6,HUR,LUR,2025-01-02,2025-01-03,2,TSE,901.4219970703125,899.4617309570312,899.9649047851562,898.4043579101562,899.7230224609375
M6_YHUR_SLUR,6,HUR,LUR,2025-01-02,2025-01-03,2,TSEC,59.50726318359375,60.007076263427734,59.95040512084961,60.10746383666992,59.987178802490234
M6_YHUR_SLUR,6,HUR,LUR,2025-01-02,2025-01-04,3,Yd,941.0874633789062,902.0442504882812,892.4655151367188,890.8329467773438,905.6878662109375
M6_YHUR_SLUR,6,HUR,LUR,2025-01-02,2025-01-04,3,TSE,884.4735107421875,899.4617309570312,899.5270385742188,898.4635620117188,899.7892456054688
M6_YHUR_SLUR,6,HUR,LUR,2025-01-02,2025-01-04,3,TSEC,59.85590362548828,60.007076263427734,60.01543045043945,60.028194427490234,60.00819396972656
M6_YHUR_SLUR,6,HUR,LUR,2025-01-03,2025-01-03,1,Yd,874.1852416992188,902.0346069335938,892.1389770507812,902.7656860351562,902.5083618164062
M6_YHUR_SLUR,6,HUR,LUR,2025-01-03,2025-01-03,1,TSE,901.4219970703125,899.451904296875,900.0145263671875,900.2699584960938,899.7032470703125
M6_YHUR_SLUR,6,HUR,LUR,2025-01-03,2025-01-03,1,TSEC,59.50726318359375,60.00848388671875,59.95528793334961,59.914066314697266,60.01083755493164
M6_YHUR_SLUR,6,HUR,LUR,2025-01-03,2025-01-04,2,Yd,941.0874633789062,902.0346069335938,893.2713012695312,900.9476928710938,904.805908203125
M6_YHUR_SLUR,6,HUR,LUR,2025-01-03,2025-01-04,2,TSE,884.4735107421875,899.451904296875,899.2548828125,899.1498413085938,899.8892211914062
M6_YHUR_SLUR,6,HUR,LUR,2025-01-03,2025-01-04,2,TSEC,59.85590362548828,60.00848388671875,59.96519088745117,60.01974868774414,60.036319732666016
M6_YHUR_SLUR,6,HUR,LUR,2025-01-03,2025-01-05,3,Yd,1020.64501953125,902.0346069335938,892.9031372070312,902.7568359375,909.0293579101562
M6_YHUR_SLUR,6,HUR,LUR,2025-01-03,2025-01-05,3,TSE,915.2322387695312,899.451904296875,900.1041870117188,899.99560546875,899.7971801757812
M6_YHUR_SLUR,6,HUR,LUR,2025-01-03,2025-01-05,3,TSEC,61.08366394042969,60.00848388671875,59.95219421386719,59.972286224365234,60.04792785644531
M6_YHUR_SLUR,6,HUR,LUR,2025-01-04,2025-01-04,1,Yd,941.0874633789062,901.99658203125,893.3137817382812,895.7527465820312,903.7932739257812
M6_YHUR_SLUR,6,HUR,LUR,2025-01-04,2025-01-04,1,TSE,884.4735107421875,899.4547119140625,899.467529296875,899.1875610351562,899.729736328125
M6_YHUR_SLUR,6,HUR,LUR,2025-01-04,2025-01-04,1,TSEC,59.85590362548828,60.0078010559082,59.99869155883789,60.052425384521484,60.03913116455078
M6_YHUR_SLUR,6,HUR,LUR,2025-01-04,2025-01-05,2,Yd,1020.64501953125,901.99658203125,892.8505859375,890.359130859375,907.5486450195312
M6_YHUR_SLUR,6,HUR,LUR,2025-01-04,2025-01-05,2,TSE,915.2322387695312,899.4547119140625,898.6861572265625,898.6768798828125,899.7105712890625
M6_YHUR_SLUR,6,HUR,LUR,2025-01-04,2025-01-05,2,TSEC,61.08366394042969,60.0078010559082,59.9808349609375,60.031795501708984,60.05131912231445
M6_YHUR_SLUR,6,HUR,LUR,2025-01-04,2025-01-06,3,Yd,905.406005859375,901.99658203125,893.3028564453125,915.6265258789062,910.3956298828125
M6_YHUR_SLUR,6,HUR,LUR,2025-01-04,2025-01-06,3,TSE,889.7061767578125,899.4547119140625,897.6784057617188,899.2391967773438,899.490478515625
M6_YHUR_SLUR,6,HUR,LUR,2025-01-04,2025-01-06,3,TSEC,59.345211029052734,60.0078010559082,59.972774505615234,60.0887451171875,60.02454376220703
M6_YHUR_SLUR,6,HUR,LUR,2025-01-05,2025-01-05,1,Yd,1020.64501953125,902.0498046875,892.6860961914062,929.0905151367188,904.8800659179688
M6_YHUR_SLUR,6,HUR,LUR,2025-01-05,2025-01-05,1,TSE,915.2322387695312,899.4342041015625,899.2694702148438,897.172119140625,899.6592407226562
M6_YHUR_SLUR,6,HUR,LUR,2025-01-05,2025-01-05,1,TSEC,61.08366394042969,60.00759506225586,59.9649772644043,60.18120193481445,60.031375885009766
M6_YHUR_SLUR,6,HUR,LUR,2025-01-05,2025-01-06,2,Yd,905.406005859375,902.0498046875,893.1917114257812,916.5340576171875,907.4522705078125
M6_YHUR_SLUR,6,HUR,LUR,2025-01-05,2025-01-06,2,TSE,889.7061767578125,899.4342041015625,899.832763671875,898.1046752929688,899.5165405273438
M6_YHUR_SLUR,6,HUR,LUR,2025-01-05,2025-01-06,2,TSEC,59.345211029052734,60.00759506225586,59.97089385986328,60.21131896972656,60.010772705078125
M6_YHUR_SLUR,6,HUR,LUR,2025-01-05,2025-01-07,3,Yd,893.434326171875,902.0498046875,892.6019287109375,896.1242065429688,908.4283447265625
M6_YHUR_SLUR,6,HUR,LUR,2025-01-05,2025-01-07,3,TSE,903.6925659179688,899.4342041015625,899.51904296875,897.8787841796875,899.2802124023438
M6_YHUR_SLUR,6,HUR,LUR,2025-01-05,2025-01-07,3,TSEC,60.479434967041016,60.00759506225586,59.978816986083984,59.96663284301758,59.974998474121094
M6_YHUR_SLUR,6,HUR,LUR,2025-01-06,2025-01-06,1,Yd,905.406005859375,902.2109375,886.253662109375,918.653076171875,904.96630859375
M6_YHUR_SLUR,6,HUR,LUR,2025-01-06,2025-01-06,1,TSE,889.7061767578125,899.4557495117188,900.245849609375,898.14208984375,899.3334350585938
M6_YHUR_SLUR,6,HUR,LUR,2025-01-06,2025-01-06,1,TSEC,59.345211029052734,60.00905990600586,59.96914291381836,60.148921966552734,59.986412048339844
M6_YHUR_SLUR,6,HUR,LUR,2025-01-06,2025-01-07,2,Yd,893.434326171875,902.2109375,894.8058471679688,912.7009887695312,906.8375244140625
M6_YHUR_SLUR,6,HUR,LUR,2025-01-06,2025-01-07,2,TSE,903.6925659179688,899.4557495117188,898.2324829101562,897.3080444335938,899.1406860351562
M6_YHUR_SLUR,6,HUR,LUR,2025-01-06,2025-01-07,2,TSEC,60.479434967041016,60.00905990600586,59.99460220336914,60.176239013671875,59.95652770996094
M6_YHUR_SLUR,6,HUR,LUR,2025-01-06,2025-01-08,3,Yd,825.5007934570312,902.2109375,890.4530029296875,921.479248046875,909.0773315429688
M6_YHUR_SLUR,6,HUR,LUR,2025-01-06,2025-01-08,3,TSE,901.2813110351562,899.4557495117188,900.1513061523438,897.9424438476562,899.0661010742188
M6_YHUR_SLUR,6,HUR,LUR,2025-01-06,2025-01-08,3,TSEC,59.77684020996094,60.00905990600586,59.92814636230469,60.06637191772461,59.933292388916016
M6_YHUR_SLUR,6,HUR,LUR,2025-01-07,2025-01-07,1,Yd,893.434326171875,902.2152099609375,889.5103759765625,923.3811645507812,903.9581909179688
M6_YHUR_SLUR,6,HUR,LUR,2025-01-07,2025-01-07,1,TSE,903.6925659179688,899.4425048828125,899.4785766601562,897.7785034179688,899.3663330078125
M6_YHUR_SLUR,6,HUR,LUR,2025-01-07,2025-01-07,1,TSEC,60.479434967041016,60.00816345214844,59.998756408691406,60.065948486328125,59.96975326538086
M6_YHUR_SLUR,6,HUR,LUR,2025-01-07,2025-01-08,2,Yd,825.5007934570312,902.2152099609375,902.0201416015625,916.640869140625,907.365966796875
M6_YHUR_SLUR,6,HUR,LUR,2025-01-07,2025-01-08,2,TSE,901.2813110351562,899.4425048828125,898.77392578125,896.8768310546875,899.3392333984375
M6_YHUR_SLUR,6,HUR,LUR,2025-01-07,2025-01-08,2,TSEC,59.77684020996094,60.00816345214844,59.93904113769531,59.944183349609375,59.94260787963867
M6_YHUR_SLUR,6,HUR,LUR,2025-01-07,2025-01-09,3,Yd,995.9777221679688,902.2152099609375,904.131591796875,905.9805908203125,908.3670043945312
M6_YHUR_SLUR,6,HUR,LUR,2025-01-07,2025-01-09,3,TSE,900.7269897460938,899.4425048828125,900.0881958007812,898.9534301757812,899.5223999023438
M6_YHUR_SLUR,6,HUR,LUR,2025-01-07,2025-01-09,3,TSEC,59.64246368408203,60.00816345214844,59.92385482788086,59.734554290771484,59.94723892211914
M6_YHUR_SLUR,6,HUR,LUR,2025-01-08,2025-01-08,1,Yd,825.5007934570312,902.2033081054688,891.5642700195312,908.03759765625,905.6951904296875
M6_YHUR_SLUR,6,HUR,LUR,2025-01-08,2025-01-08,1,TSE,901.2813110351562,899.4482421875,900.4218139648438,898.0855712890625,899.3897705078125
M6_YHUR_SLUR,6,HUR,LUR,2025-01-08,2025-01-08,1,TSEC,59.77684020996094,60.00879669189453,59.9864616394043,60.05803298950195,59.967567443847656
M6_YHUR_SLUR,6,HUR,LUR,2025-01-08,2025-01-09,2,Yd,995.9777221679688,902.2033081054688,901.4105224609375,914.9284057617188,907.0580444335938
M6_YHUR_SLUR,6,HUR,LUR,2025-01-08,2025-01-09,2,TSE,900.7269897460938,899.4482421875,899.173095703125,898.8075561523438,899.5684814453125
M6_YHUR_SLUR,6,HUR,LUR,2025-01-08,2025-01-09,2,TSEC,59.64246368408203,60.00879669189453,59.953861236572266,60.00742721557617,59.96202087402344
M6_YHUR_SLUR,6,HUR,LUR,2025-01-08,2025-01-10,3,Yd,831.5784301757812,902.2033081054688,884.641845703125,915.0974731445312,904.9048461914062
M6_YHUR_SLUR,6,HUR,LUR,2025-01-08,2025-01-10,3,TSE,906.1925659179688,899.4482421875,900.3864135742188,898.57373046875,899.8178100585938
M6_YHUR_SLUR,6,HUR,LUR,2025-01-08,2025-01-10,3,TSEC,59.77176284790039,60.00879669189453,59.97015380859375,60.041873931884766,59.979522705078125
M6_YHUR_SLUR,6,HUR,LUR,2025-01-09,2025-01-09,1,Yd,995.9777221679688,902.0995483398438,904.0489501953125,914.3013916015625,904.1807250976562
M6_YHUR_SLUR,6,HUR,LUR,2025-01-09,2025-01-09,1,TSE,900.7269897460938,899.4508056640625,899.209716796875,898.162353515625,899.5806274414062
M6_YHUR_SLUR,6,HUR,LUR,2025-01-09,2025-01-09,1,TSEC,59.64246368408203,60.00848388671875,59.92204666137695,60.08719253540039,59.99177169799805
M6_YHUR_SLUR,6,HUR,LUR,2025-01-09,2025-01-10,2,Yd,831.5784301757812,902.0995483398438,881.7341918945312,914.0687255859375,903.6671142578125
M6_YHUR_SLUR,6,HUR,LUR,2025-01-09,2025-01-10,2,TSE,906.1925659179688,899.4508056640625,900.3097534179688,898.9190063476562,899.744384765625
M6_YHUR_SLUR,6,HUR,LUR,2025-01-09,2025-01-10,2,TSEC,59.77176284790039,60.00848388671875,60.00100326538086,60.11585998535156,59.9996452331543
M6_YHUR_SLUR,6,HUR,LUR,2025-01-09,2025-01-11,3,Yd,792.4991455078125,902.0995483398438,905.6697387695312,918.6079711914062,904.6331176757812
M6_YHUR_SLUR,6,HUR,LUR,2025-01-09,2025-01-11,3,TSE,900.1085815429688,899.4508056640625,899.6466064453125,899.9467163085938,899.7967529296875
M6_YHUR_SLUR,6,HUR,LUR,2025-01-09,2025-01-11,3,TSEC,59.87452697753906,60.00848388671875,60.112422943115234,60.10385513305664,60.02471923828125
M6_YHUR_SLUR,6,HUR,LUR,2025-01-10,2025-01-10,1,Yd,831.5784301757812,902.2264404296875,883.4247436523438,921.9368896484375,901.7933959960938
M6_YHUR_SLUR,6,HUR,LUR,2025-01-10,2025-01-10,1,TSE,906.1925659179688,899.4525146484375,900.0990600585938,901.2879638671875,899.6913452148438
M6_YHUR_SLUR,6,HUR,LUR,2025-01-10,2025-01-10,1,TSEC,59.77176284790039,60.007991790771484,59.98930358886719,59.91896057128906,60.02214431762695
M6_YHUR_SLUR,6,HUR,LUR,2025-01-10,2025-01-11,2,Yd,792.4991455078125,902.2264404296875,903.775146484375,926.5458984375,903.5302734375
M6_YHUR_SLUR,6,HUR,LUR,2025-01-10,2025-01-11,2,TSE,900.1085815429688,899.4525146484375,898.7869873046875,898.8549194335938,899.8262329101562
M6_YHUR_SLUR,6,HUR,LUR,2025-01-10,2025-01-11,2,TSEC,59.87452697753906,60.007991790771484,60.061920166015625,59.991641998291016,60.05554962158203
M6_YHUR_SLUR,6,HUR,LUR,2025-01-10,2025-01-12,3,Yd,920.2426147460938,902.2264404296875,895.73193359375,919.0079345703125,906.839599609375
M6_YHUR_SLUR,6,HUR,LUR,2025-01-10,2025-01-12,3,TSE,894.4570922851562,899.4525146484375,900.093994140625,897.29541015625,899.7542724609375
M6_YHUR_SLUR,6,HUR,LUR,2025-01-10,2025-01-12,3,TSEC,59.290409088134766,60.007991790771484,59.91692352294922,60.02669143676758,60.077693939208984
M6_YHUR_SLUR,6,HUR,LUR,2025-01-11,2025-01-11,1,Yd,792.4991455078125,902.1310424804688,895.1057739257812,910.069580078125,903.9512329101562
M6_YHUR_SLUR,6,HUR,LUR,2025-01-11,2025-01-11,1,TSE,900.1085815429688,899.4616088867188,898.9303588867188,899.06591796875,899.6546630859375
M6_YHUR_SLUR,6,HUR,LUR,2025-01-11,2025-01-11,1,TSEC,59.87452697753906,60.00767135620117,60.113521575927734,60.17387390136719,60.0451545715332
M6_YHUR_SLUR,6,HUR,LUR,2025-01-11,2025-01-12,2,Yd,920.2426147460938,902.1310424804688,891.7069091796875,918.9189453125,907.686279296875
M6_YHUR_SLUR,6,HUR,LUR,2025-01-11,2025-01-12,2,TSE,894.4570922851562,899.4616088867188,899.9555053710938,898.5006103515625,899.6458740234375
M6_YHUR_SLUR,6,HUR,LUR,2025-01-11,2025-01-12,2,TSEC,59.290409088134766,60.00767135620117,60.04261779785156,60.1674919128418,60.062992095947266
M6_YHUR_SLUR,6,HUR,LUR,2025-01-11,2025-01-13,3,Yd,890.9148559570312,902.1310424804688,894.0203857421875,918.546875,910.73974609375
M6_YHUR_SLUR,6,HUR,LUR,2025-01-11,2025-01-13,3,TSE,915.1239624023438,899.4616088867188,899.352294921875,898.5443725585938,899.4112548828125
M6_YHUR_SLUR,6,HUR,LUR,2025-01-11,2025-01-13,3,TSEC,60.21480941772461,60.00767135620117,59.97562789916992,60.11219024658203,60.03557205200195
M6_YHUR_SLUR,6,HUR,LUR,2025-01-12,2025-01-12,1,Yd,920.2426147460938,901.9833374023438,892.515380859375,912.5029296875,906.461669921875
M6_YHUR_SLUR,6,HUR,LUR,2025-01-12,2025-01-12,1,TSE,894.4570922851562,899.46240234375,900.4553833007812,897.1426391601562,899.5562133789062
M6_YHUR_SLUR,6,HUR,LUR,2025-01-12,2025-01-12,1,TSEC,59.290409088134766,60.00749206542969,59.9153938293457,60.073516845703125,60.02964401245117
M6_YHUR_SLUR,6,HUR,LUR,2025-01-12,2025-01-13,2,Yd,890.9148559570312,901.9833374023438,893.583740234375,929.8141479492188,910.2651977539062
M6_YHUR_SLUR,6,HUR,LUR,2025-01-12,2025-01-13,2,TSE,915.1239624023438,899.46240234375,899.8265380859375,898.8776245117188,899.3807983398438
M6_YHUR_SLUR,6,HUR,LUR,2025-01-12,2025-01-13,2,TSEC,60.21480941772461,60.00749206542969,59.9719352722168,60.144412994384766,60.01249694824219
M6_YHUR_SLUR,6,HUR,LUR,2025-01-12,2025-01-14,3,Yd,688.9620971679688,901.9833374023438,892.1441650390625,923.2335815429688,911.2976684570312
M6_YHUR_SLUR,6,HUR,LUR,2025-01-12,2025-01-14,3,TSE,901.1368408203125,899.46240234375,899.9100341796875,898.2559204101562,899.0034790039062
M6_YHUR_SLUR,6,HUR,LUR,2025-01-12,2025-01-14,3,TSEC,59.67595672607422,60.00749206542969,59.9919319152832,60.13167190551758,59.97476577758789
M6_YHUR_SLUR,6,HUR,LUR,2025-01-13,2025-01-13,1,Yd,890.9148559570312,902.0079345703125,894.370849609375,929.1776123046875,905.6220092773438
M6_YHUR_SLUR,6,HUR,LUR,2025-01-13,2025-01-13,1,TSE,915.1239624023438,899.4557495117188,899.5498046875,897.9624633789062,899.39453125
M6_YHUR_SLUR,6,HUR,LUR,2025-01-13,2025-01-13,1,TSEC,60.21480941772461,60.00653076171875,59.979366302490234,60.1400146484375,59.99630355834961
M6_YHUR_SLUR,6,HUR,LUR,2025-01-13,2025-01-14,2,Yd,688.9620971679688,902.0079345703125,888.197265625,909.466552734375,907.0763549804688
M6_YHUR_SLUR,6,HUR,LUR,2025-01-13,2025-01-14,2,TSE,901.1368408203125,899.4557495117188,899.2202758789062,898.3544921875,899.1306762695312
M6_YHUR_SLUR,6,HUR,LUR,2025-01-13,2025-01-14,2,TSEC,59.67595672607422,60.00653076171875,60.017845153808594,60.02707290649414,59.96418762207031
M6_YHUR_SLUR,6,HUR,LUR,2025-01-13,2025-01-15,3,Yd,828.1583251953125,902.0079345703125,891.6011352539062,909.4774169921875,910.6235961914062
M6_YHUR_SLUR,6,HUR,LUR,2025-01-13,2025-01-15,3,TSE,906.2342529296875,899.4557495117188,899.1116333007812,899.0643310546875,898.8873901367188
M6_YHUR_SLUR,6,HUR,LUR,2025-01-13,2025-01-15,3,TSEC,59.50127029418945,60.00653076171875,59.93954849243164,59.96438217163086,59.93890380859375
M6_YHUR_SLUR,6,HUR,LUR,2025-01-14,2025-01-14,1,Yd,688.9620971679688,901.9930419921875,890.295166015625,921.1287231445312,905.18798828125
M6_YHUR_SLUR,6,HUR,LUR,2025-01-14,2025-01-14,1,TSE,901.1368408203125,899.476806640625,900.6541748046875,898.2025756835938,899.2407836914062
M6_YHUR_SLUR,6,HUR,LUR,2025-01-14,2025-01-14,1,TSEC,59.67595672607422,60.006805419921875,60.01758575439453,60.083587646484375,59.96736145019531
M6_YHUR_SLUR,6,HUR,LUR,2025-01-14,2025-01-15,2,Yd,828.1583251953125,901.9930419921875,901.5581665039062,909.4401245117188,909.1649780273438
M6_YHUR_SLUR,6,HUR,LUR,2025-01-14,2025-01-15,2,TSE,906.2342529296875,899.476806640625,899.2218017578125,898.0599365234375,899.0324096679688
M6_YHUR_SLUR,6,HUR,LUR,2025-01-14,2025-01-15,2,TSEC,59.50127029418945,60.006805419921875,59.937984466552734,60.02474594116211,59.935020446777344
M6_YHUR_SLUR,6,HUR,LUR,2025-01-14,2025-01-16,3,Yd,763.5553588867188,901.9930419921875,906.2631225585938,917.9437866210938,910.6611938476562
M6_YHUR_SLUR,6,HUR,LUR,2025-01-14,2025-01-16,3,TSE,897.68310546875,899.476806640625,900.6258544921875,898.5794677734375,899.0855712890625
M6_YHUR_SLUR,6,HUR,LUR,2025-01-14,2025-01-16,3,TSEC,60.2873649597168,60.006805419921875,59.93192672729492,60.028316497802734,59.932342529296875
M6_YHUR_SLUR,6,HUR,LUR,2025-01-15,2025-01-15,1,Yd,828.1583251953125,901.70703125,900.0165405273438,902.3357543945312,907.37646484375
M6_YHUR_SLUR,6,HUR,LUR,2025-01-15,2025-01-15,1,TSE,906.2342529296875,899.47900390625,898.4107666015625,897.3558959960938,899.2510375976562
M6_YHUR_SLUR,6,HUR,LUR,2025-01-15,2025-01-15,1,TSEC,59.50127029418945,60.0063591003418,59.98411560058594,60.04042434692383,59.95980453491211
M6_YHUR_SLUR,6,HUR,LUR,2025-01-15,2025-01-16,2,Yd,763.5553588867188,901.70703125,890.9369506835938,909.6528930664062,909.4031982421875
M6_YHUR_SLUR,6,HUR,LUR,2025-01-15,2025-01-16,2,TSE,897.68310546875,899.47900390625,899.7173461914062,897.6580810546875,899.2158813476562
M6_YHUR_SLUR,6,HUR,LUR,2025-01-15,2025-01-16,2,TSEC,60.2873649597168,60.0063591003418,59.96455383300781,59.96614456176758,59.94527816772461
M6_YHUR_SLUR,6,HUR,LUR,2025-01-15,2025-01-17,3,Yd,865.912841796875,901.70703125,890.2057495117188,903.0653076171875,907.8234252929688
M6_YHUR_SLUR,6,HUR,LUR,2025-01-15,2025-01-17,3,TSE,909.67333984375,899.47900390625,900.7919311523438,899.1052856445312,899.2556762695312
M6_YHUR_SLUR,6,HUR,LUR,2025-01-15,2025-01-17,3,TSEC,59.89985656738281,60.0063591003418,59.9625358581543,59.96589279174805,59.94393539428711
M6_YHUR_SLUR,6,HUR,LUR,2025-01-16,2025-01-16,1,Yd,763.5553588867188,901.6083984375,889.4496459960938,901.5963134765625,905.3816528320312
M6_YHUR_SLUR,6,HUR,LUR,2025-01-16,2025-01-16,1,TSE,897.68310546875,899.4880981445312,900.97705078125,899.0068969726562,899.365234375
M6_YHUR_SLUR,6,HUR,LUR,2025-01-16,2025-01-16,1,TSEC,60.2873649597168,60.00568771362305,59.96757507324219,59.9971809387207,59.97754669189453
M6_YHUR_SLUR,6,HUR,LUR,2025-01-16,2025-01-17,2,Yd,865.912841796875,901.6083984375,890.7085571289062,899.0196533203125,905.4724731445312
M6_YHUR_SLUR,6,HUR,LUR,2025-01-16,2025-01-17,2,TSE,909.67333984375,899.4880981445312,899.4423828125,898.6077880859375,899.3345336914062
M6_YHUR_SLUR,6,HUR,LUR,2025-01-16,2025-01-17,2,TSEC,59.89985656738281,60.00568771362305,59.96181106567383,60.01399230957031,59.9738655090332
M6_YHUR_SLUR,6,HUR,LUR,2025-01-16,2025-01-18,3,Yd,975.7200317382812,901.6083984375,890.2008056640625,910.3223876953125,906.7291870117188
M6_YHUR_SLUR,6,HUR,LUR,2025-01-16,2025-01-18,3,TSE,905.6531372070312,899.4880981445312,900.9085083007812,898.4738159179688,899.3814086914062
M6_YHUR_SLUR,6,HUR,LUR,2025-01-16,2025-01-18,3,TSEC,59.74671173095703,60.00568771362305,60.00667953491211,60.026771545410156,59.9911003112793
M6_YHUR_SLUR,6,HUR,LUR,2025-01-17,2025-01-17,1,Yd,865.912841796875,901.423583984375,894.8871459960938,910.697998046875,904.108154296875
M6_YHUR_SLUR,6,HUR,LUR,2025-01-17,2025-01-17,1,TSE,909.67333984375,899.485595703125,900.1807861328125,898.1113891601562,899.5042114257812
M6_YHUR_SLUR,6,HUR,LUR,2025-01-17,2025-01-17,1,TSEC,59.89985656738281,60.00606155395508,59.97773361206055,60.13701248168945,60.0037727355957
M6_YHUR_SLUR,6,HUR,LUR,2025-01-17,2025-01-18,2,Yd,975.7200317382812,901.423583984375,884.8724365234375,929.7369995117188,906.7542724609375
M6_YHUR_SLUR,6,HUR,LUR,2025-01-17,2025-01-18,2,TSE,905.6531372070312,899.485595703125,899.37744140625,898.31396484375,899.5374145507812
M6_YHUR_SLUR,6,HUR,LUR,2025-01-17,2025-01-18,2,TSEC,59.74671173095703,60.00606155395508,60.04866409301758,60.0589599609375,60.01984405517578
M6_YHUR_SLUR,6,HUR,LUR,2025-01-17,2025-01-19,3,Yd,1108.46875,901.423583984375,897.2432861328125,912.615234375,910.9710693359375
M6_YHUR_SLUR,6,HUR,LUR,2025-01-17,2025-01-19,3,TSE,908.0521850585938,899.485595703125,900.3204345703125,897.7003784179688,899.420166015625
M6_YHUR_SLUR,6,HUR,LUR,2025-01-17,2025-01-19,3,TSEC,60.55626678466797,60.00606155395508,59.9704704284668,60.025360107421875,60.02370071411133
M6_YHUR_SLUR,6,HUR,LUR,2025-01-18,2025-01-18,1,Yd,975.7200317382812,901.3761596679688,888.9528198242188,909.0748901367188,904.75634765625
M6_YHUR_SLUR,6,HUR,LUR,2025-01-18,2025-01-18,1,TSE,905.6531372070312,899.499267578125,900.4907836914062,898.49609375,899.546630859375
M6_YHUR_SLUR,6,HUR,LUR,2025-01-18,2025-01-18,1,TSEC,59.74671173095703,60.00592041015625,60.11863708496094,60.02265548706055,60.026607513427734
M6_YHUR_SLUR,6,HUR,LUR,2025-01-18,2025-01-19,2,Yd,1108.46875,901.3761596679688,890.2937622070312,927.4307250976562,909.01416015625
M6_YHUR_SLUR,6,HUR,LUR,2025-01-18,2025-01-19,2,TSE,908.0521850585938,899.499267578125,899.3687133789062,899.34521484375,899.416259765625
M6_YHUR_SLUR,6,HUR,LUR,2025-01-18,2025-01-19,2,TSEC,60.55626678466797,60.00592041015625,60.033817291259766,60.02521514892578,60.03209686279297
M6_YHUR_SLUR,6,HUR,LUR,2025-01-18,2025-01-20,3,Yd,777.5521850585938,901.3761596679688,889.4104614257812,914.0289306640625,911.623779296875
M6_YHUR_SLUR,6,HUR,LUR,2025-01-18,2025-01-20,3,TSE,888.8878173828125,899.499267578125,900.720458984375,899.62548828125,899.1016845703125
M6_YHUR_SLUR,6,HUR,LUR,2025-01-18,2025-01-20,3,TSEC,59.9526481628418,60.00592041015625,59.98283004760742,60.05397033691406,59.99826431274414
M6_YHUR_SLUR,6,HUR,LUR,2025-01-19,2025-01-19,1,Yd,1108.46875,901.4754638671875,892.1825561523438,909.9320068359375,904.97998046875
M6_YHUR_SLUR,6,HUR,LUR,2025-01-19,2025-01-19,1,TSE,908.0521850585938,899.5075073242188,899.9569702148438,898.1160278320312,899.4552001953125
M6_YHUR_SLUR,6,HUR,LUR,2025-01-19,2025-01-19,1,TSEC,60.55626678466797,60.00557327270508,59.968833923339844,60.09000015258789,60.01964569091797
M6_YHUR_SLUR,6,HUR,LUR,2025-01-19,2025-01-20,2,Yd,777.5521850585938,901.4754638671875,890.531982421875,911.1690063476562,907.5408935546875
M6_YHUR_SLUR,6,HUR,LUR,2025-01-19,2025-01-20,2,TSE,888.8878173828125,899.5075073242188,901.1990966796875,897.3554077148438,899.1956176757812
M6_YHUR_SLUR,6,HUR,LUR,2025-01-19,2025-01-20,2,TSEC,59.9526481628418,60.00557327270508,59.96214294433594,60.165550231933594,59.99216079711914
M6_YHUR_SLUR,6,HUR,LUR,2025-01-19,2025-01-21,3,Yd,885.0931396484375,901.4754638671875,886.0703125,898.2530517578125,908.6044311523438
M6_YHUR_SLUR,6,HUR,LUR,2025-01-19,2025-01-21,3,TSE,900.4612426757812,899.5075073242188,897.4374389648438,898.4698486328125,898.8890991210938
M6_YHUR_SLUR,6,HUR,LUR,2025-01-19,2025-01-21,3,TSEC,59.986881256103516,60.00557327270508,59.975677490234375,60.047569274902344,59.959163665771484
M6_YHUR_SLUR,6,HUR,LUR,2025-01-20,2025-01-20,1,Yd,777.5521850585938,901.7514038085938,882.5692138671875,895.8729858398438,903.7022705078125
M6_YHUR_SLUR,6,HUR,LUR,2025-01-20,2025-01-20,1,TSE,888.8878173828125,899.5189208984375,900.3119506835938,897.3573608398438,899.3202514648438
M6_YHUR_SLUR,6,HUR,LUR,2025-01-20,2025-01-20,1,TSEC,59.9526481628418,60.00630569458008,59.9886360168457,60.06675720214844,59.9841423034668
M6_YHUR_SLUR,6,HUR,LUR,2025-01-20,2025-01-21,2,Yd,885.0931396484375,901.7514038085938,887.0211791992188,889.0138549804688,904.5692138671875
M6_YHUR_SLUR,6,HUR,LUR,2025-01-20,2025-01-21,2,TSE,900.4612426757812,899.5189208984375,899.3637084960938,897.595458984375,899.1082763671875
M6_YHUR_SLUR,6,HUR,LUR,2025-01-20,2025-01-21,2,TSEC,59.986881256103516,60.00630569458008,60.00346755981445,60.051448822021484,59.951927185058594
M6_YHUR_SLUR,6,HUR,LUR,2025-01-20,2025-01-22,3,Yd,959.4859008789062,901.7514038085938,880.9932861328125,896.1428833007812,905.6613159179688
M6_YHUR_SLUR,6,HUR,LUR,2025-01-20,2025-01-22,3,TSE,891.3643188476562,899.5189208984375,900.503662109375,898.130615234375,898.8538208007812
M6_YHUR_SLUR,6,HUR,LUR,2025-01-20,2025-01-22,3,TSEC,60.373565673828125,60.00630569458008,59.939971923828125,59.83744812011719,59.921321868896484
M6_YHUR_SLUR,6,HUR,LUR,2025-01-21,2025-01-21,1,Yd,885.0931396484375,901.5860595703125,878.2874145507812,919.8275756835938,903.0984497070312
M6_YHUR_SLUR,6,HUR,LUR,2025-01-21,2025-01-21,1,TSE,900.4612426757812,899.5047607421875,899.0693969726562,899.5140380859375,899.2189331054688
M6_YHUR_SLUR,6,HUR,LUR,2025-01-21,2025-01-21,1,TSEC,59.986881256103516,60.0062370300293,59.9832878112793,60.2601203918457,59.96274948120117
M6_YHUR_SLUR,6,HUR,LUR,2025-01-21,2025-01-22,2,Yd,959.4859008789062,901.5860595703125,880.5997314453125,914.3656616210938,904.8440551757812
M6_YHUR_SLUR,6,HUR,LUR,2025-01-21,2025-01-22,2,TSE,891.3643188476562,899.5047607421875,900.37255859375,898.4025268554688,899.02197265625
M6_YHUR_SLUR,6,HUR,LUR,2025-01-21,2025-01-22,2,TSEC,60.373565673828125,60.0062370300293,59.99424743652344,60.10258865356445,59.92741775512695
M6_YHUR_SLUR,6,HUR,LUR,2025-01-21,2025-01-23,3,Yd,867.3931274414062,901.5860595703125,885.5182495117188,899.149658203125,905.5325927734375
M6_YHUR_SLUR,6,HUR,LUR,2025-01-21,2025-01-23,3,TSE,889.4486694335938,899.5047607421875,899.3275756835938,898.9625244140625,899.07373046875
M6_YHUR_SLUR,6,HUR,LUR,2025-01-21,2025-01-23,3,TSEC,60.33597183227539,60.0062370300293,59.971439361572266,59.91646957397461,59.92644119262695
M6_YHUR_SLUR,6,HUR,LUR,2025-01-22,2025-01-22,1,Yd,959.4859008789062,901.5640869140625,890.8624877929688,908.1083984375,904.2335205078125
M6_YHUR_SLUR,6,HUR,LUR,2025-01-22,2025-01-22,1,TSE,891.3643188476562,899.5059814453125,899.7615356445312,898.617431640625,899.2887573242188
M6_YHUR_SLUR,6,HUR,LUR,2025-01-22,2025-01-22,1,TSEC,60.373565673828125,60.00620651245117,59.97995376586914,60.080780029296875,59.962005615234375
M6_YHUR_SLUR,6,HUR,LUR,2025-01-22,2025-01-23,2,Yd,867.3931274414062,901.5640869140625,890.6263427734375,924.8612060546875,904.7135620117188
M6_YHUR_SLUR,6,HUR,LUR,2025-01-22,2025-01-23,2,TSE,889.4486694335938,899.5059814453125,899.0860595703125,898.6202392578125,899.3433227539062
M6_YHUR_SLUR,6,HUR,LUR,2025-01-22,2025-01-23,2,TSEC,60.33597183227539,60.00620651245117,59.92135238647461,59.93482971191406,59.95307922363281
M6_YHUR_SLUR,6,HUR,LUR,2025-01-22,2025-01-24,3,Yd,1004.0746459960938,901.5640869140625,890.4805297851562,920.11669921875,902.0472412109375
M6_YHUR_SLUR,6,HUR,LUR,2025-01-22,2025-01-24,3,TSE,897.33251953125,899.5059814453125,901.7752685546875,898.9702758789062,899.435791015625
M6_YHUR_SLUR,6,HUR,LUR,2025-01-22,2025-01-24,3,TSEC,60.16318893432617,60.00620651245117,59.9787483215332,59.97260284423828,59.96223831176758
M6_YHUR_SLUR,6,HUR,LUR,2025-01-23,2025-01-23,1,Yd,867.3931274414062,901.6409912109375,881.3515625,930.6785888671875,902.0382080078125
M6_YHUR_SLUR,6,HUR,LUR,2025-01-23,2025-01-23,1,TSE,889.4486694335938,899.4951782226562,900.2059936523438,897.9763793945312,899.548095703125
M6_YHUR_SLUR,6,HUR,LUR,2025-01-23,2025-01-23,1,TSEC,60.33597183227539,60.00669860839844,59.92933654785156,60.03684997558594,59.98941421508789
M6_YHUR_SLUR,6,HUR,LUR,2025-01-23,2025-01-24,2,Yd,1004.0746459960938,901.6409912109375,888.3422241210938,935.6597900390625,900.5973510742188
M6_YHUR_SLUR,6,HUR,LUR,2025-01-23,2025-01-24,2,TSE,897.33251953125,899.4951782226562,898.8760986328125,898.9230346679688,899.694580078125
M6_YHUR_SLUR,6,HUR,LUR,2025-01-23,2025-01-24,2,TSEC,60.16318893432617,60.00669860839844,60.000728607177734,60.010215759277344,59.99715805053711
M6_YHUR_SLUR,6,HUR,LUR,2025-01-23,2025-01-25,3,Yd,1015.090087890625,901.6409912109375,897.5042114257812,918.1561889648438,900.9533081054688
M6_YHUR_SLUR,6,HUR,LUR,2025-01-23,2025-01-25,3,TSE,899.324462890625,899.4951782226562,900.055908203125,898.6053466796875,899.730712890625
M6_YHUR_SLUR,6,HUR,LUR,2025-01-23,2025-01-25,3,TSEC,59.079837799072266,60.00669860839844,60.111751556396484,60.02079772949219,60.021568298339844
M6_YHUR_SLUR,6,HUR,LUR,2025-01-24,2025-01-24,1,Yd,1004.0746459960938,901.5955810546875,868.7321166992188,907.666748046875,901.3447875976562
M6_YHUR_SLUR,6,HUR,LUR,2025-01-24,2025-01-24,1,TSE,897.33251953125,899.4818725585938,902.1803588867188,899.6285400390625,899.6908569335938
M6_YHUR_SLUR,6,HUR,LUR,2025-01-24,2025-01-24,1,TSEC,60.16318893432617,60.00713348388672,60.00132369995117,59.969970703125,60.01790237426758
M6_YHUR_SLUR,6,HUR,LUR,2025-01-24,2025-01-25,2,Yd,1015.090087890625,901.5955810546875,890.2841186523438,907.5665893554688,902.60400390625
M6_YHUR_SLUR,6,HUR,LUR,2025-01-24,2025-01-25,2,TSE,899.324462890625,899.4818725585938,899.3422241210938,901.6260375976562,899.8508911132812
M6_YHUR_SLUR,6,HUR,LUR,2025-01-24,2025-01-25,2,TSEC,59.079837799072266,60.00713348388672,60.10899353027344,59.99386215209961,60.0498161315918
M6_YHUR_SLUR,6,HUR,LUR,2025-01-24,2025-01-26,3,Yd,801.5067749023438,901.5955810546875,893.2598266601562,903.9660034179688,905.3890991210938
M6_YHUR_SLUR,6,HUR,LUR,2025-01-24,2025-01-26,3,TSE,901.3873291015625,899.4818725585938,901.4860229492188,899.7252807617188,899.7512817382812
M6_YHUR_SLUR,6,HUR,LUR,2025-01-24,2025-01-26,3,TSEC,60.44996643066406,60.00713348388672,60.039608001708984,59.9222297668457,60.064453125
M6_YHUR_SLUR,6,HUR,LUR,2025-01-25,2025-01-25,1,Yd,1015.090087890625,901.7312622070312,892.7620849609375,920.0178833007812,902.10400390625
M6_YHUR_SLUR,6,HUR,LUR,2025-01-25,2025-01-25,1,TSE,899.324462890625,899.47900390625,899.6138305664062,899.2125244140625,899.7620239257812
M6_YHUR_SLUR,6,HUR,LUR,2025-01-25,2025-01-25,1,TSEC,59.079837799072266,60.0073356628418,60.00249099731445,60.07048034667969,60.046390533447266
M6_YHUR_SLUR,6,HUR,LUR,2025-01-25,2025-01-26,2,Yd,801.5067749023438,901.7312622070312,892.183349609375,920.1497802734375,904.1821899414062
M6_YHUR_SLUR,6,HUR,LUR,2025-01-25,2025-01-26,2,TSE,901.3873291015625,899.47900390625,900.2048950195312,899.9113159179688,899.743408203125
M6_YHUR_SLUR,6,HUR,LUR,2025-01-25,2025-01-26,2,TSEC,60.44996643066406,60.0073356628418,59.946346282958984,60.11210250854492,60.062042236328125
M6_YHUR_SLUR,6,HUR,LUR,2025-01-25,2025-01-27,3,Yd,969.7410278320312,901.7312622070312,892.64453125,918.9891357421875,906.0526123046875
M6_YHUR_SLUR,6,HUR,LUR,2025-01-25,2025-01-27,3,TSE,916.1370239257812,899.47900390625,899.577392578125,898.1292114257812,899.576171875
M6_YHUR_SLUR,6,HUR,LUR,2025-01-25,2025-01-27,3,TSEC,60.45524597167969,60.0073356628418,60.01565170288086,60.04003143310547,60.035892486572266
M6_YHUR_SLUR,6,HUR,LUR,2025-01-26,2025-01-26,1,Yd,801.5067749023438,901.8812866210938,904.852783203125,933.0490112304688,903.4848022460938
M6_YHUR_SLUR,6,HUR,LUR,2025-01-26,2025-01-26,1,TSE,901.3873291015625,899.4788208007812,901.5344848632812,897.449951171875,899.654296875
M6_YHUR_SLUR,6,HUR,LUR,2025-01-26,2025-01-26,1,TSEC,60.44996643066406,60.00611114501953,60.0375862121582,60.123600006103516,60.0362434387207
M6_YHUR_SLUR,6,HUR,LUR,2025-01-26,2025-01-27,2,Yd,969.7410278320312,901.8812866210938,884.1134033203125,917.0399169921875,905.0239868164062
M6_YHUR_SLUR,6,HUR,LUR,2025-01-26,2025-01-27,2,TSE,916.1370239257812,899.4788208007812,901.2169799804688,898.644775390625,899.551513671875
M6_YHUR_SLUR,6,HUR,LUR,2025-01-26,2025-01-27,2,TSEC,60.45524597167969,60.00611114501953,59.9826545715332,60.207210540771484,60.02202224731445
M6_YHUR_SLUR,6,HUR,LUR,2025-01-26,2025-01-28,3,Yd,813.7686767578125,901.8812866210938,893.4112548828125,916.1534423828125,904.8712768554688
M6_YHUR_SLUR,6,HUR,LUR,2025-01-26,2025-01-28,3,TSE,896.2428588867188,899.4788208007812,898.3867797851562,897.080078125,899.3504638671875
M6_YHUR_SLUR,6,HUR,LUR,2025-01-26,2025-01-28,3,TSEC,59.692378997802734,60.00611114501953,60.0068473815918,60.04012680053711,59.99007034301758
M6_YHUR_SLUR,6,HUR,LUR,2025-01-27,2025-01-27,1,Yd,969.7410278320312,901.7486572265625,896.7623291015625,920.0570678710938,904.757568359375
M6_YHUR_SLUR,6,HUR,LUR,2025-01-27,2025-01-27,1,TSE,916.1370239257812,899.4813232421875,900.172607421875,896.850341796875,899.4329223632812
M6_YHUR_SLUR,6,HUR,LUR,2025-01-27,2025-01-27,1,TSEC,60.45524597167969,60.00669860839844,59.981544494628906,60.04189682006836,59.995849609375
M6_YHUR_SLUR,6,HUR,LUR,2025-01-27,2025-01-28,2,Yd,813.7686767578125,901.7486572265625,887.4655151367188,925.8189086914062,905.1436767578125
M6_YHUR_SLUR,6,HUR,LUR,2025-01-27,2025-01-28,2,TSE,896.2428588867188,899.4813232421875,899.886962890625,897.2787475585938,899.2772216796875
M6_YHUR_SLUR,6,HUR,LUR,2025-01-27,2025-01-28,2,TSEC,59.692378997802734,60.00669860839844,60.00532531738281,60.075714111328125,59.96978759765625
M6_YHUR_SLUR,6,HUR,LUR,2025-01-27,2025-01-29,3,Yd,904.3831176757812,901.7486572265625,895.2188720703125,914.7968139648438,906.1638793945312
M6_YHUR_SLUR,6,HUR,LUR,2025-01-27,2025-01-29,3,TSE,902.7804565429688,899.4813232421875,899.3761596679688,897.16259765625,898.9663696289062
M6_YHUR_SLUR,6,HUR,LUR,2025-01-27,2025-01-29,3,TSEC,59.17939758300781,60.00669860839844,59.93949890136719,60.01403045654297,59.947349548339844
M6_YHUR_SLUR,6,HUR,LUR,2025-01-28,2025-01-28,1,Yd,813.7686767578125,901.83837890625,886.0111694335938,908.830810546875,903.46142578125
M6_YHUR_SLUR,6,HUR,LUR,2025-01-28,2025-01-28,1,TSE,896.2428588867188,899.5032958984375,898.281005859375,897.6775512695312,899.27099609375
M6_YHUR_SLUR,6,HUR,LUR,2025-01-28,2025-01-28,1,TSEC,59.692378997802734,60.007293701171875,60.00413131713867,60.13551712036133,59.97167205810547
M6_YHUR_SLUR,6,HUR,LUR,2025-01-28,2025-01-29,2,Yd,904.3831176757812,901.83837890625,897.3060302734375,926.3484497070312,904.4987182617188
M6_YHUR_SLUR,6,HUR,LUR,2025-01-28,2025-01-29,2,TSE,902.7804565429688,899.5032958984375,898.6771850585938,896.7328491210938,899.0983276367188
M6_YHUR_SLUR,6,HUR,LUR,2025-01-28,2025-01-29,2,TSEC,59.17939758300781,60.007293701171875,59.93682861328125,60.171051025390625,59.943519592285156
M6_YHUR_SLUR,6,HUR,LUR,2025-01-28,2025-01-30,3,Yd,879.4390258789062,901.83837890625,889.4010009765625,917.4420776367188,904.3876953125
M6_YHUR_SLUR,6,HUR,LUR,2025-01-28,2025-01-30,3,TSE,900.0156860351562,899.5032958984375,899.6339111328125,897.4353637695312,899.1800537109375
M6_YHUR_SLUR,6,HUR,LUR,2025-01-28,2025-01-30,3,TSEC,58.099647521972656,60.007293701171875,59.93135070800781,60.11040115356445,59.94316864013672
M6_YHUR_SLUR,6,HUR,LUR,2025-01-29,2025-01-29,1,Yd,904.3831176757812,901.7223510742188,887.9951171875,909.4164428710938,903.6605834960938
M6_YHUR_SLUR,6,HUR,LUR,2025-01-29,2025-01-29,1,TSE,902.7804565429688,899.4990234375,898.7123413085938,898.3272094726562,899.301513671875
M6_YHUR_SLUR,6,HUR,LUR,2025-01-29,2025-01-29,1,TSEC,59.17939758300781,60.006874084472656,60.077369689941406,60.105655670166016,59.96900177001953
M6_YHUR_SLUR,6,HUR,LUR,2025-01-29,2025-01-30,2,Yd,879.4390258789062,901.7223510742188,895.358642578125,914.4276733398438,903.6976928710938
M6_YHUR_SLUR,6,HUR,LUR,2025-01-29,2025-01-30,2,TSE,900.0156860351562,899.4990234375,899.7066650390625,898.143798828125,899.364990234375
M6_YHUR_SLUR,6,HUR,LUR,2025-01-29,2025-01-30,2,TSEC,58.099647521972656,60.006874084472656,60.02172088623047,60.07868194580078,59.96428680419922
M6_YHUR_SLUR,6,HUR,LUR,2025-01-29,2025-01-31,3,Yd,879.9354858398438,901.7223510742188,889.3570556640625,905.660888671875,901.1965942382812
M6_YHUR_SLUR,6,HUR,LUR,2025-01-29,2025-01-31,3,TSE,907.5130615234375,899.4990234375,900.795166015625,899.307373046875,899.485595703125
M6_YHUR_SLUR,6,HUR,LUR,2025-01-29,2025-01-31,3,TSEC,60.1823616027832,60.006874084472656,60.04890823364258,60.00483703613281,59.976871490478516
M6_YHUR_SLUR,6,HUR,LUR,2025-01-30,2025-01-30,1,Yd,879.4390258789062,901.725830078125,895.80908203125,915.6904907226562,902.484130859375
M6_YHUR_SLUR,6,HUR,LUR,2025-01-30,2025-01-30,1,TSE,900.0156860351562,899.5032958984375,900.1681518554688,899.836181640625,899.4520874023438
M6_YHUR_SLUR,6,HUR,LUR,2025-01-30,2025-01-30,1,TSEC,58.099647521972656,60.00578689575195,59.94126892089844,59.99570846557617,59.99312973022461
M6_YHUR_SLUR,6,HUR,LUR,2025-01-30,2025-01-31,2,Yd,879.9354858398438,901.725830078125,889.0132446289062,908.5147094726562,901.0994873046875
M6_YHUR_SLUR,6,HUR,LUR,2025-01-30,2025-01-31,2,TSE,907.5130615234375,899.5032958984375,899.1962280273438,899.4120483398438,899.5228881835938
M6_YHUR_SLUR,6,HUR,LUR,2025-01-30,2025-01-31,2,TSEC,60.1823616027832,60.00578689575195,59.95277786254883,59.990848541259766,60.00154495239258
M6_YHUR_SLUR,6,HUR,LUR,2025-01-30,2025-02-01,3,Yd,787.9757080078125,901.725830078125,894.5486450195312,914.9054565429688,901.4766845703125
M6_YHUR_SLUR,6,HUR,LUR,2025-01-30,2025-02-01,3,TSE,899.3572998046875,899.5032958984375,900.0355834960938,898.3968505859375,899.5484008789062
M6_YHUR_SLUR,6,HUR,LUR,2025-01-30,2025-02-01,3,TSEC,60.088539123535156,60.00578689575195,59.988643646240234,60.02191162109375,60.02828598022461
M6_YHUR_SLUR,6,HUR,LUR,2025-01-31,2025-01-31,1,Yd,879.9354858398438,901.696533203125,887.9193115234375,933.7911376953125,901.775390625
M6_YHUR_SLUR,6,HUR,LUR,2025-01-31,2025-01-31,1,TSE,907.5130615234375,899.5039672851562,899.2688598632812,900.4746704101562,899.5494995117188
M6_YHUR_SLUR,6,HUR,LUR,2025-01-31,2025-01-31,1,TSEC,60.1823616027832,60.0032844543457,59.62055206298828,60.06948471069336,60.02207565307617
M6_YHUR_SLUR,6,HUR,LUR,2025-01-31,2025-02-01,2,Yd,787.9757080078125,901.696533203125,894.6836547851562,922.6188354492188,902.6688232421875
M6_YHUR_SLUR,6,HUR,LUR,2025-01-31,2025-02-01,2,TSE,899.3572998046875,899.5039672851562,900.0545043945312,897.7932739257812,899.6009521484375
M6_YHUR_SLUR,6,HUR,LUR,2025-01-31,2025-02-01,2,TSEC,60.088539123535156,60.0032844543457,59.594966888427734,60.18239974975586,60.05303955078125
M6_YHUR_SLUR,6,HUR,LUR,2025-01-31,2025-02-02,3,Yd,991.6260986328125,901.696533203125,887.482177734375,922.91845703125,905.6824951171875
M6_YHUR_SLUR,6,HUR,LUR,2025-01-31,2025-02-02,3,TSE,893.5176391601562,899.5039672851562,899.5370483398438,896.4013061523438,899.511474609375
M6_YHUR_SLUR,6,HUR,LUR,2025-01-31,2025-02-02,3,TSEC,60.35272979736328,60.0032844543457,59.54361343383789,60.21623229980469,60.06563186645508
M6_YHUR_SLUR,6,HUR,LUR,2025-02-01,2025-02-01,1,Yd,787.9757080078125,901.66796875,894.655517578125,919.3711547851562,903.3062744140625
M6_YHUR_SLUR,6,HUR,LUR,2025-02-01,2025-02-01,1,TSE,899.3572998046875,899.5145263671875,901.4916381835938,900.7574462890625,899.5823974609375
M6_YHUR_SLUR,6,HUR,LUR,2025-02-01,2025-02-01,1,TSEC,60.088539123535156,60.003517150878906,60.116580963134766,60.163482666015625,60.04244613647461
M6_YHUR_SLUR,6,HUR,LUR,2025-02-01,2025-02-02,2,Yd,991.6260986328125,901.66796875,884.5773315429688,928.9096069335938,906.6224975585938
M6_YHUR_SLUR,6,HUR,LUR,2025-02-01,2025-02-02,2,TSE,893.5176391601562,899.5145263671875,898.1025390625,897.2855834960938,899.5272216796875
M6_YHUR_SLUR,6,HUR,LUR,2025-02-01,2025-02-02,2,TSEC,60.35272979736328,60.003517150878906,60.05400848388672,60.054954528808594,60.05708694458008
M6_YHUR_SLUR,6,HUR,LUR,2025-02-01,2025-02-03,3,Yd,952.8778076171875,901.66796875,892.4365844726562,926.8162841796875,908.9349975585938
M6_YHUR_SLUR,6,HUR,LUR,2025-02-01,2025-02-03,3,TSE,895.9378662109375,899.5145263671875,898.4114990234375,897.8098754882812,899.26708984375
M6_YHUR_SLUR,6,HUR,LUR,2025-02-01,2025-02-03,3,TSEC,60.285011291503906,60.003517150878906,59.99463653564453,60.08184051513672,60.02887725830078
M6_YHUR_SLUR,6,HUR,LUR,2025-02-02,2025-02-02,1,Yd,991.6260986328125,901.5189819335938,897.691650390625,903.2348022460938,905.5764770507812
M6_YHUR_SLUR,6,HUR,LUR,2025-02-02,2025-02-02,1,TSE,893.5176391601562,899.5142822265625,897.8914794921875,896.2543334960938,899.527099609375
M6_YHUR_SLUR,6,HUR,LUR,2025-02-02,2025-02-02,1,TSEC,60.35272979736328,60.003631591796875,59.96308517456055,60.1182861328125,60.029605865478516
M6_YHUR_SLUR,6,HUR,LUR,2025-02-02,2025-02-03,2,Yd,952.8778076171875,901.5189819335938,887.518310546875,930.3305053710938,908.498291015625
M6_YHUR_SLUR,6,HUR,LUR,2025-02-02,2025-02-03,2,TSE,895.9378662109375,899.5142822265625,897.6824340820312,897.9481201171875,899.3214721679688
M6_YHUR_SLUR,6,HUR,LUR,2025-02-02,2025-02-03,2,TSEC,60.285011291503906,60.003631591796875,59.947994232177734,60.20608139038086,60.010047912597656
M6_YHUR_SLUR,6,HUR,LUR,2025-02-02,2025-02-04,3,Yd,945.8783569335938,901.5189819335938,894.3264770507812,906.5941772460938,908.2070922851562
M6_YHUR_SLUR,6,HUR,LUR,2025-02-02,2025-02-04,3,TSE,904.72509765625,899.5142822265625,900.3838500976562,898.0936279296875,898.9583740234375
M6_YHUR_SLUR,6,HUR,LUR,2025-02-02,2025-02-04,3,TSEC,60.81059265136719,60.003631591796875,59.98379898071289,60.065589904785156,59.97465896606445
M6_YHUR_SLUR,6,HUR,LUR,2025-02-03,2025-02-03,1,Yd,952.8778076171875,901.636962890625,882.31005859375,914.1426391601562,904.159423828125
M6_YHUR_SLUR,6,HUR,LUR,2025-02-03,2025-02-03,1,TSE,895.9378662109375,899.5064697265625,900.5225219726562,897.9480590820312,899.3585205078125
M6_YHUR_SLUR,6,HUR,LUR,2025-02-03,2025-02-03,1,TSEC,60.285011291503906,60.004085540771484,59.93859100341797,60.16856002807617,59.9901123046875
M6_YHUR_SLUR,6,HUR,LUR,2025-02-03,2025-02-04,2,Yd,945.8783569335938,901.636962890625,899.4214477539062,912.1983032226562,903.8758544921875
M6_YHUR_SLUR,6,HUR,LUR,2025-02-03,2025-02-04,2,TSE,904.72509765625,899.5064697265625,899.4602661132812,898.2860717773438,899.1543579101562
M6_YHUR_SLUR,6,HUR,LUR,2025-02-03,2025-02-04,2,TSEC,60.81059265136719,60.004085540771484,59.949947357177734,60.124725341796875,59.959251403808594
M6_YHUR_SLUR,6,HUR,LUR,2025-02-03,2025-02-05,3,Yd,944.0556640625,901.636962890625,884.4479370117188,899.68603515625,904.8743286132812
M6_YHUR_SLUR,6,HUR,LUR,2025-02-03,2025-02-05,3,TSE,888.662841796875,899.5064697265625,899.6910400390625,897.73583984375,898.8545532226562
M6_YHUR_SLUR,6,HUR,LUR,2025-02-03,2025-02-05,3,TSEC,59.85733413696289,60.004085540771484,59.96354675292969,59.963253021240234,59.934783935546875
M6_YHUR_SLUR,6,HUR,LUR,2025-02-04,2025-02-04,1,Yd,945.8783569335938,901.7039184570312,896.3497924804688,912.275390625,902.2250366210938
M6_YHUR_SLUR,6,HUR,LUR,2025-02-04,2025-02-04,1,TSE,904.72509765625,899.5017700195312,899.220703125,898.932373046875,899.2781372070312
M6_YHUR_SLUR,6,HUR,LUR,2025-02-04,2025-02-04,1,TSEC,60.81059265136719,60.004451751708984,60.00065231323242,60.06891632080078,59.969451904296875
M6_YHUR_SLUR,6,HUR,LUR,2025-02-04,2025-02-05,2,Yd,944.0556640625,901.7039184570312,888.9449462890625,898.0396728515625,902.9313354492188
M6_YHUR_SLUR,6,HUR,LUR,2025-02-04,2025-02-05,2,TSE,888.662841796875,899.5017700195312,899.7903442382812,898.1439819335938,899.0952758789062
M6_YHUR_SLUR,6,HUR,LUR,2025-02-04,2025-02-05,2,TSEC,59.85733413696289,60.004451751708984,59.93732452392578,59.9228401184082,59.9389533996582
M6_YHUR_SLUR,6,HUR,LUR,2025-02-04,2025-02-06,3,Yd,809.5750122070312,901.7039184570312,895.7764282226562,892.498046875,902.7869873046875
M6_YHUR_SLUR,6,HUR,LUR,2025-02-04,2025-02-06,3,TSE,902.2059326171875,899.5017700195312,899.342529296875,899.0382690429688,899.12548828125
M6_YHUR_SLUR,6,HUR,LUR,2025-02-04,2025-02-06,3,TSEC,60.11891174316406,60.004451751708984,59.91957473754883,59.77809143066406,59.94008255004883
M6_YHUR_SLUR,6,HUR,LUR,2025-02-05,2025-02-05,1,Yd,944.0556640625,901.7615966796875,885.9614868164062,907.334228515625,902.3159790039062
M6_YHUR_SLUR,6,HUR,LUR,2025-02-05,2025-02-05,1,TSE,888.662841796875,899.5086669921875,900.653076171875,899.591796875,899.329345703125
M6_YHUR_SLUR,6,HUR,LUR,2025-02-05,2025-02-05,1,TSEC,59.85733413696289,60.00550842285156,59.930240631103516,60.069889068603516,59.96428298950195
M6_YHUR_SLUR,6,HUR,LUR,2025-02-05,2025-02-06,2,Yd,809.5750122070312,901.7615966796875,897.9016723632812,912.4996337890625,901.7496948242188
M6_YHUR_SLUR,6,HUR,LUR,2025-02-05,2025-02-06,2,TSE,902.2059326171875,899.5086669921875,900.3803100585938,899.4610595703125,899.4130249023438
M6_YHUR_SLUR,6,HUR,LUR,2025-02-05,2025-02-06,2,TSEC,60.11891174316406,60.00550842285156,59.91050720214844,59.99923324584961,59.95847702026367
M6_YHUR_SLUR,6,HUR,LUR,2025-02-05,2025-02-07,3,Yd,941.1749877929688,901.7615966796875,886.8047485351562,910.0733642578125,899.1640014648438
M6_YHUR_SLUR,6,HUR,LUR,2025-02-05,2025-02-07,3,TSE,898.8727416992188,899.5086669921875,899.7779541015625,900.0159301757812,899.580322265625
M6_YHUR_SLUR,6,HUR,LUR,2025-02-05,2025-02-07,3,TSEC,59.649478912353516,60.00550842285156,60.00070571899414,59.95277404785156,59.97258758544922
M6_YHUR_SLUR,6,HUR,LUR,2025-02-06,2025-02-06,1,Yd,809.5750122070312,901.8167114257812,888.9512939453125,917.1993408203125,900.8910522460938
M6_YHUR_SLUR,6,HUR,LUR,2025-02-06,2025-02-06,1,TSE,902.2059326171875,899.4944458007812,899.4012451171875,898.516845703125,899.5899658203125
M6_YHUR_SLUR,6,HUR,LUR,2025-02-06,2025-02-06,1,TSEC,60.11891174316406,60.00531005859375,59.986019134521484,59.99985885620117,59.996070861816406
M6_YHUR_SLUR,6,HUR,LUR,2025-02-06,2025-02-07,2,Yd,941.1749877929688,901.8167114257812,896.2235717773438,916.1820068359375,898.7997436523438
M6_YHUR_SLUR,6,HUR,LUR,2025-02-06,2025-02-07,2,TSE,898.8727416992188,899.4944458007812,901.7764282226562,898.09521484375,899.7875366210938
M6_YHUR_SLUR,6,HUR,LUR,2025-02-06,2025-02-07,2,TSEC,59.649478912353516,60.00531005859375,59.94758224487305,60.021728515625,60.009647369384766
M6_YHUR_SLUR,6,HUR,LUR,2025-02-06,2025-02-08,3,Yd,773.1838989257812,901.8167114257812,890.4163818359375,909.9026489257812,898.4443969726562
M6_YHUR_SLUR,6,HUR,LUR,2025-02-06,2025-02-08,3,TSE,903.15478515625,899.4944458007812,899.3602905273438,898.6048583984375,899.8493041992188
M6_YHUR_SLUR,6,HUR,LUR,2025-02-06,2025-02-08,3,TSEC,59.38990020751953,60.00531005859375,59.99951171875,60.031150817871094,60.03789138793945
M6_YHUR_SLUR,6,HUR,LUR,2025-02-07,2025-02-07,1,Yd,941.1749877929688,901.6965942382812,870.697998046875,903.7265014648438,900.83203125
M6_YHUR_SLUR,6,HUR,LUR,2025-02-07,2025-02-07,1,TSE,898.8727416992188,899.4979858398438,900.4820556640625,899.6181640625,899.6451416015625
M6_YHUR_SLUR,6,HUR,LUR,2025-02-07,2025-02-07,1,TSEC,59.649478912353516,60.005462646484375,59.989906311035156,60.056236267089844,60.019920349121094
M6_YHUR_SLUR,6,HUR,LUR,2025-02-07,2025-02-08,2,Yd,773.1838989257812,901.6965942382812,890.42822265625,914.5938720703125,901.7083740234375
M6_YHUR_SLUR,6,HUR,LUR,2025-02-07,2025-02-08,2,TSE,903.15478515625,899.4979858398438,898.900390625,899.0148315429688,899.7545776367188
M6_YHUR_SLUR,6,HUR,LUR,2025-02-07,2025-02-08,2,TSEC,59.38990020751953,60.005462646484375,60.02935791015625,60.13178634643555,60.05408477783203
M6_YHUR_SLUR,6,HUR,LUR,2025-02-07,2025-02-09,3,Yd,756.2161254882812,901.6965942382812,893.29736328125,933.0918579101562,904.3014526367188
M6_YHUR_SLUR,6,HUR,LUR,2025-02-07,2025-02-09,3,TSE,903.7413330078125,899.4979858398438,900.2118530273438,897.9978637695312,899.7122192382812
M6_YHUR_SLUR,6,HUR,LUR,2025-02-07,2025-02-09,3,TSEC,60.962345123291016,60.005462646484375,60.059688568115234,60.12342834472656,60.06949996948242
M6_YHUR_SLUR,6,HUR,LUR,2025-02-08,2025-02-08,1,Yd,773.1838989257812,901.7479858398438,891.9185180664062,918.70556640625,901.8646240234375
M6_YHUR_SLUR,6,HUR,LUR,2025-02-08,2025-02-08,1,TSE,903.15478515625,899.4971313476562,899.3256225585938,899.1991577148438,899.6646728515625
M6_YHUR_SLUR,6,HUR,LUR,2025-02-08,2025-02-08,1,TSEC,59.38990020751953,60.00499725341797,59.98079299926758,60.15385055541992,60.046775817871094
M6_YHUR_SLUR,6,HUR,LUR,2025-02-08,2025-02-09,2,Yd,756.2161254882812,901.7479858398438,893.5906982421875,922.0072021484375,904.2379760742188
M6_YHUR_SLUR,6,HUR,LUR,2025-02-08,2025-02-09,2,TSE,903.7413330078125,899.4971313476562,901.3001098632812,898.8355102539062,899.6734619140625
M6_YHUR_SLUR,6,HUR,LUR,2025-02-08,2025-02-09,2,TSEC,60.962345123291016,60.00499725341797,59.90200424194336,60.25364303588867,60.060142517089844
M6_YHUR_SLUR,6,HUR,LUR,2025-02-08,2025-02-10,3,Yd,925.4674072265625,901.7479858398438,892.0592041015625,914.3583984375,905.7957763671875
M6_YHUR_SLUR,6,HUR,LUR,2025-02-08,2025-02-10,3,TSE,896.451171875,899.4971313476562,901.3093872070312,898.1424560546875,899.473388671875
M6_YHUR_SLUR,6,HUR,LUR,2025-02-08,2025-02-10,3,TSEC,60.03815841674805,60.00499725341797,59.937103271484375,60.084251403808594,60.03262710571289
M6_YHUR_SLUR,6,HUR,LUR,2025-02-09,2025-02-09,1,Yd,756.2161254882812,901.5809936523438,896.3742065429688,917.587158203125,904.6173095703125
M6_YHUR_SLUR,6,HUR,LUR,2025-02-09,2025-02-09,1,TSE,903.7413330078125,899.501953125,899.8805541992188,899.2168579101562,899.5687255859375
M6_YHUR_SLUR,6,HUR,LUR,2025-02-09,2025-02-09,1,TSEC,60.962345123291016,60.00419998168945,59.971229553222656,60.191837310791016,60.032047271728516
M6_YHUR_SLUR,6,HUR,LUR,2025-02-09,2025-02-10,2,Yd,925.4674072265625,901.5809936523438,889.1251831054688,921.5137329101562,906.77392578125
M6_YHUR_SLUR,6,HUR,LUR,2025-02-09,2025-02-10,2,TSE,896.451171875,899.501953125,899.027099609375,897.4469604492188,899.4033203125
M6_YHUR_SLUR,6,HUR,LUR,2025-02-09,2025-02-10,2,TSEC,60.03815841674805,60.00419998168945,59.9788818359375,60.06648254394531,60.01560592651367
M6_YHUR_SLUR,6,HUR,LUR,2025-02-09,2025-02-11,3,Yd,880.68310546875,901.5809936523438,894.6680297851562,911.7416381835938,906.3218383789062
M6_YHUR_SLUR,6,HUR,LUR,2025-02-09,2025-02-11,3,TSE,896.3172607421875,899.501953125,900.2303466796875,898.4652709960938,899.058837890625
M6_YHUR_SLUR,6,HUR,LUR,2025-02-09,2025-02-11,3,TSEC,59.408023834228516,60.00419998168945,59.97475814819336,60.02747344970703,59.97563934326172
M6_YHUR_SLUR,6,HUR,LUR,2025-02-10,2025-02-10,1,Yd,925.4674072265625,901.3925170898438,888.9688720703125,916.3755493164062,904.9940795898438
M6_YHUR_SLUR,6,HUR,LUR,2025-02-10,2025-02-10,1,TSE,896.451171875,899.5074462890625,899.8553466796875,896.5478515625,899.3556518554688
M6_YHUR_SLUR,6,HUR,LUR,2025-02-10,2025-02-10,1,TSEC,60.03815841674805,60.00543975830078,59.96666717529297,60.04150390625,59.98918914794922
M6_YHUR_SLUR,6,HUR,LUR,2025-02-10,2025-02-11,2,Yd,880.68310546875,901.3925170898438,893.2692260742188,924.3069458007812,905.7958374023438
M6_YHUR_SLUR,6,HUR,LUR,2025-02-10,2025-02-11,2,TSE,896.3172607421875,899.5074462890625,900.1246948242188,897.60107421875,899.1249389648438
M6_YHUR_SLUR,6,HUR,LUR,2025-02-10,2025-02-11,2,TSEC,59.408023834228516,60.00543975830078,59.97426223754883,60.07191848754883,59.956024169921875
M6_YHUR_SLUR,6,HUR,LUR,2025-02-10,2025-02-12,3,Yd,869.992431640625,901.3925170898438,890.9827270507812,909.7395629882812,907.1083984375
M6_YHUR_SLUR,6,HUR,LUR,2025-02-10,2025-02-12,3,TSE,889.3905029296875,899.5074462890625,899.20703125,897.8695068359375,898.775146484375
M6_YHUR_SLUR,6,HUR,LUR,2025-02-10,2025-02-12,3,TSEC,60.86955642700195,60.00543975830078,60.01837158203125,59.97106170654297,59.927913665771484
M6_YHUR_SLUR,6,HUR,LUR,2025-02-11,2025-02-11,1,Yd,880.68310546875,901.4236450195312,893.4361572265625,909.2655029296875,902.3881225585938
M6_YHUR_SLUR,6,HUR,LUR,2025-02-11,2025-02-11,1,TSE,896.3172607421875,899.50341796875,899.402099609375,898.2017822265625,899.2612915039062
M6_YHUR_SLUR,6,HUR,LUR,2025-02-11,2025-02-11,1,TSEC,59.408023834228516,60.00548553466797,60.03224563598633,60.089698791503906,59.964813232421875
M6_YHUR_SLUR,6,HUR,LUR,2025-02-11,2025-02-12,2,Yd,869.992431640625,901.4236450195312,890.2860717773438,904.648193359375,903.1552124023438
M6_YHUR_SLUR,6,HUR,LUR,2025-02-11,2025-02-12,2,TSE,889.3905029296875,899.50341796875,899.0047607421875,898.4239501953125,899.0169067382812
M6_YHUR_SLUR,6,HUR,LUR,2025-02-11,2025-02-12,2,TSEC,60.86955642700195,60.00548553466797,60.09718322753906,59.97526168823242,59.934017181396484
M6_YHUR_SLUR,6,HUR,LUR,2025-02-11,2025-02-13,3,Yd,1008.7390747070312,901.4236450195312,891.2899169921875,901.9249877929688,903.3136596679688
M6_YHUR_SLUR,6,HUR,LUR,2025-02-11,2025-02-13,3,TSE,903.5520629882812,899.50341796875,899.2896728515625,898.8104858398438,898.9755859375
M6_YHUR_SLUR,6,HUR,LUR,2025-02-11,2025-02-13,3,TSEC,60.58610153198242,60.00548553466797,60.0743293762207,59.88523864746094,59.93358612060547
M6_YHUR_SLUR,6,HUR,LUR,2025-02-12,2025-02-12,1,Yd,869.992431640625,901.3968505859375,890.10693359375,918.2501831054688,902.7916259765625
M6_YHUR_SLUR,6,HUR,LUR,2025-02-12,2025-02-12,1,TSE,889.3905029296875,899.4993286132812,899.69482421875,899.177734375,899.2560424804688
M6_YHUR_SLUR,6,HUR,LUR,2025-02-12,2025-02-12,1,TSEC,60.86955642700195,60.00471115112305,60.04365921020508,60.01012420654297,59.96819305419922
M6_YHUR_SLUR,6,HUR,LUR,2025-02-12,2025-02-13,2,Yd,1008.7390747070312,901.3968505859375,891.5565795898438,897.9052734375,902.4491577148438
M6_YHUR_SLUR,6,HUR,LUR,2025-02-12,2025-02-13,2,TSE,903.5520629882812,899.4993286132812,900.0264892578125,898.8883056640625,899.240478515625
M6_YHUR_SLUR,6,HUR,LUR,2025-02-12,2025-02-13,2,TSEC,60.58610153198242,60.00471115112305,60.017921447753906,59.853302001953125,59.96156692504883
M6_YHUR_SLUR,6,HUR,LUR,2025-02-12,2025-02-14,3,Yd,954.4130249023438,901.3968505859375,890.709716796875,908.2321166992188,899.9363403320312
M6_YHUR_SLUR,6,HUR,LUR,2025-02-12,2025-02-14,3,TSE,908.765380859375,899.4993286132812,899.725341796875,899.08349609375,899.3319702148438
M6_YHUR_SLUR,6,HUR,LUR,2025-02-12,2025-02-14,3,TSEC,59.70003128051758,60.00471115112305,59.961334228515625,59.92679214477539,59.97224426269531
M6_YHUR_SLUR,6,HUR,LUR,2025-02-13,2025-02-13,1,Yd,1008.7390747070312,901.3562622070312,891.0723266601562,885.2097778320312,901.199951171875
M6_YHUR_SLUR,6,HUR,LUR,2025-02-13,2025-02-13,1,TSE,903.5520629882812,899.4862670898438,899.4049072265625,897.62109375,899.4921264648438
M6_YHUR_SLUR,6,HUR,LUR,2025-02-13,2025-02-13,1,TSEC,60.58610153198242,60.005828857421875,59.96233367919922,60.00334167480469,59.99019241333008
M6_YHUR_SLUR,6,HUR,LUR,2025-02-13,2025-02-14,2,Yd,954.4130249023438,901.3562622070312,890.8834228515625,906.8507080078125,899.3766479492188
M6_YHUR_SLUR,6,HUR,LUR,2025-02-13,2025-02-14,2,TSE,908.765380859375,899.4862670898438,899.6110229492188,898.80322265625,899.6011352539062
M6_YHUR_SLUR,6,HUR,LUR,2025-02-13,2025-02-14,2,TSEC,59.70003128051758,60.005828857421875,59.956756591796875,60.01675033569336,59.99976348876953
M6_YHUR_SLUR,6,HUR,LUR,2025-02-13,2025-02-15,3,Yd,756.3978271484375,901.3562622070312,891.2200927734375,888.63525390625,899.3150634765625
M6_YHUR_SLUR,6,HUR,LUR,2025-02-13,2025-02-15,3,TSE,888.4946899414062,899.4862670898438,899.439453125,898.4634399414062,899.6107177734375
M6_YHUR_SLUR,6,HUR,LUR,2025-02-13,2025-02-15,3,TSEC,59.76597213745117,60.005828857421875,59.94942092895508,59.97505187988281,60.02389907836914
M6_YHUR_SLUR,6,HUR,LUR,2025-02-14,2025-02-14,1,Yd,954.4130249023438,901.4948120117188,893.906005859375,890.6865234375,899.4340209960938
M6_YHUR_SLUR,6,HUR,LUR,2025-02-14,2025-02-14,1,TSE,908.765380859375,899.491455078125,897.8041381835938,899.2860717773438,899.6513671875
M6_YHUR_SLUR,6,HUR,LUR,2025-02-14,2025-02-14,1,TSEC,59.70003128051758,60.00657653808594,59.95814514160156,59.90311813354492,60.019866943359375
M6_YHUR_SLUR,6,HUR,LUR,2025-02-14,2025-02-15,2,Yd,756.3978271484375,901.4948120117188,889.7898559570312,901.9107055664062,899.4150390625
M6_YHUR_SLUR,6,HUR,LUR,2025-02-14,2025-02-15,2,TSE,888.4946899414062,899.491455078125,901.0350341796875,898.8817749023438,899.7518310546875
M6_YHUR_SLUR,6,HUR,LUR,2025-02-14,2025-02-15,2,TSEC,59.76597213745117,60.00657653808594,59.99477005004883,60.0175666809082,60.051353454589844
M6_YHUR_SLUR,6,HUR,LUR,2025-02-14,2025-02-16,3,Yd,1045.911865234375,901.4948120117188,893.4024658203125,912.1541748046875,901.4395141601562
M6_YHUR_SLUR,6,HUR,LUR,2025-02-14,2025-02-16,3,TSE,899.95751953125,899.491455078125,898.519287109375,898.705810546875,899.6599731445312
M6_YHUR_SLUR,6,HUR,LUR,2025-02-14,2025-02-16,3,TSEC,59.93736267089844,60.00657653808594,59.91130828857422,60.02421569824219,60.06171798706055
M6_YHUR_SLUR,6,HUR,LUR,2025-02-15,2025-02-15,1,Yd,756.3978271484375,901.56298828125,892.0759887695312,900.2433471679688,900.4716796875
M6_YHUR_SLUR,6,HUR,LUR,2025-02-15,2025-02-15,1,TSE,888.4946899414062,899.5034790039062,899.9453125,898.1927490234375,899.658203125
M6_YHUR_SLUR,6,HUR,LUR,2025-02-15,2025-02-15,1,TSEC,59.76597213745117,60.00617980957031,60.087032318115234,60.08163070678711,60.043087005615234
M6_YHUR_SLUR,6,HUR,LUR,2025-02-15,2025-02-16,2,Yd,1045.911865234375,901.56298828125,891.9365844726562,923.4556884765625,902.2367553710938
M6_YHUR_SLUR,6,HUR,LUR,2025-02-15,2025-02-16,2,TSE,899.95751953125,899.5034790039062,899.8407592773438,897.3626708984375,899.623046875
M6_YHUR_SLUR,6,HUR,LUR,2025-02-15,2025-02-16,2,TSEC,59.93736267089844,60.00617980957031,60.04408264160156,60.10916519165039,60.05192947387695
M6_YHUR_SLUR,6,HUR,LUR,2025-02-15,2025-02-17,3,Yd,978.638671875,901.56298828125,891.7703857421875,919.09521484375,903.1758422851562
M6_YHUR_SLUR,6,HUR,LUR,2025-02-15,2025-02-17,3,TSE,906.6529541015625,899.5034790039062,900.0291748046875,898.3773803710938,899.4257202148438
M6_YHUR_SLUR,6,HUR,LUR,2025-02-15,2025-02-17,3,TSEC,60.69932174682617,60.00617980957031,59.98069763183594,60.038482666015625,60.022735595703125
M6_YHUR_SLUR,6,HUR,LUR,2025-02-16,2025-02-16,1,Yd,1045.911865234375,901.3760986328125,891.4959106445312,919.9708251953125,903.1142578125
M6_YHUR_SLUR,6,HUR,LUR,2025-02-16,2025-02-16,1,TSE,899.95751953125,899.4891967773438,901.0198974609375,897.0621337890625,899.5960693359375
M6_YHUR_SLUR,6,HUR,LUR,2025-02-16,2025-02-16,1,TSEC,59.93736267089844,60.0058708190918,59.908355712890625,60.2111701965332,60.03117752075195
M6_YHUR_SLUR,6,HUR,LUR,2025-02-16,2025-02-17,2,Yd,978.638671875,901.3760986328125,890.8653564453125,930.607666015625,904.244140625
M6_YHUR_SLUR,6,HUR,LUR,2025-02-16,2025-02-17,2,TSE,906.6529541015625,899.4891967773438,901.6890869140625,897.8970336914062,899.45068359375
M6_YHUR_SLUR,6,HUR,LUR,2025-02-16,2025-02-17,2,TSEC,60.69932174682617,60.0058708190918,59.94624328613281,60.225303649902344,60.01223373413086
M6_YHUR_SLUR,6,HUR,LUR,2025-02-16,2025-02-18,3,Yd,762.4772338867188,901.3760986328125,891.4030151367188,905.1449584960938,903.2844848632812
M6_YHUR_SLUR,6,HUR,LUR,2025-02-16,2025-02-18,3,TSE,895.99609375,899.4891967773438,898.1368408203125,898.2286987304688,899.1632690429688
M6_YHUR_SLUR,6,HUR,LUR,2025-02-16,2025-02-18,3,TSEC,60.65948486328125,60.0058708190918,59.95924758911133,60.03461837768555,59.975059509277344
M6_YHUR_SLUR,6,HUR,LUR,2025-02-17,2025-02-17,1,Yd,978.638671875,901.56201171875,891.6996459960938,925.39501953125,902.3741455078125
M6_YHUR_SLUR,6,HUR,LUR,2025-02-17,2025-02-17,1,TSE,906.6529541015625,899.4898681640625,900.13916015625,898.3226928710938,899.4120483398438
M6_YHUR_SLUR,6,HUR,LUR,2025-02-17,2025-02-17,1,TSEC,60.69932174682617,60.00578308105469,60.00814437866211,60.11091613769531,59.99091339111328
M6_YHUR_SLUR,6,HUR,LUR,2025-02-17,2025-02-18,2,Yd,762.4772338867188,901.56201171875,893.1920166015625,909.8475341796875,901.2991943359375
M6_YHUR_SLUR,6,HUR,LUR,2025-02-17,2025-02-18,2,TSE,895.99609375,899.4898681640625,899.5838012695312,898.169677734375,899.256591796875
M6_YHUR_SLUR,6,HUR,LUR,2025-02-17,2025-02-18,2,TSEC,60.65948486328125,60.00578308105469,59.97969055175781,60.05864334106445,59.962703704833984
M6_YHUR_SLUR,6,HUR,LUR,2025-02-17,2025-02-19,3,Yd,755.2203369140625,901.56201171875,891.5950927734375,912.202392578125,900.2055053710938
M6_YHUR_SLUR,6,HUR,LUR,2025-02-17,2025-02-19,3,TSE,899.8359985351562,899.4898681640625,899.9095458984375,898.8653564453125,899.02392578125
M6_YHUR_SLUR,6,HUR,LUR,2025-02-17,2025-02-19,3,TSEC,60.04901123046875,60.00578308105469,59.9975700378418,59.97823715209961,59.94438552856445
M6_YHUR_SLUR,6,HUR,LUR,2025-02-18,2025-02-18,1,Yd,762.4772338867188,901.6609497070312,885.592041015625,906.607666015625,901.3539428710938
M6_YHUR_SLUR,6,HUR,LUR,2025-02-18,2025-02-18,1,TSE,895.99609375,899.4990234375,898.4597778320312,899.02880859375,899.2907104492188
M6_YHUR_SLUR,6,HUR,LUR,2025-02-18,2025-02-18,1,TSEC,60.65948486328125,60.006675720214844,59.995304107666016,60.01784896850586,59.9697151184082
M6_YHUR_SLUR,6,HUR,LUR,2025-02-18,2025-02-19,2,Yd,755.2203369140625,901.6609497070312,899.2857666015625,898.2072143554688,899.8867797851562
M6_YHUR_SLUR,6,HUR,LUR,2025-02-18,2025-02-19,2,TSE,899.8359985351562,899.4990234375,898.4356689453125,898.1246948242188,899.1603393554688
M6_YHUR_SLUR,6,HUR,LUR,2025-02-18,2025-02-19,2,TSEC,60.04901123046875,60.006675720214844,59.92760467529297,59.92062759399414,59.94562911987305
M6_YHUR_SLUR,6,HUR,LUR,2025-02-18,2025-02-20,3,Yd,738.324462890625,901.6609497070312,888.2537231445312,897.0552368164062,898.131103515625
M6_YHUR_SLUR,6,HUR,LUR,2025-02-18,2025-02-20,3,TSE,894.8211059570312,899.4990234375,899.36328125,899.9296875,899.1646728515625
M6_YHUR_SLUR,6,HUR,LUR,2025-02-18,2025-02-20,3,TSEC,60.326622009277344,60.006675720214844,59.9150276184082,59.71622848510742,59.95402145385742
M6_YHUR_SLUR,6,HUR,LUR,2025-02-19,2025-02-19,1,Yd,755.2203369140625,901.4825439453125,892.6161499023438,904.6221923828125,900.9899291992188
M6_YHUR_SLUR,6,HUR,LUR,2025-02-19,2025-02-19,1,TSE,899.8359985351562,899.4945678710938,900.1043701171875,898.2550659179688,899.3051147460938
M6_YHUR_SLUR,6,HUR,LUR,2025-02-19,2025-02-19,1,TSEC,60.04901123046875,60.007511138916016,60.01553726196289,60.023521423339844,59.970333099365234
M6_YHUR_SLUR,6,HUR,LUR,2025-02-19,2025-02-20,2,Yd,738.324462890625,901.4825439453125,890.7935791015625,913.7734985351562,899.726318359375
M6_YHUR_SLUR,6,HUR,LUR,2025-02-19,2025-02-20,2,TSE,894.8211059570312,899.4945678710938,900.0403442382812,898.9227905273438,899.3427734375
M6_YHUR_SLUR,6,HUR,LUR,2025-02-19,2025-02-20,2,TSEC,60.326622009277344,60.007511138916016,60.01893615722656,60.023475646972656,59.968231201171875
M6_YHUR_SLUR,6,HUR,LUR,2025-02-19,2025-02-21,3,Yd,913.0454711914062,901.4825439453125,892.5906372070312,901.2920532226562,896.79150390625
M6_YHUR_SLUR,6,HUR,LUR,2025-02-19,2025-02-21,3,TSE,888.756591796875,899.4945678710938,899.7373046875,899.877197265625,899.4652099609375
M6_YHUR_SLUR,6,HUR,LUR,2025-02-19,2025-02-21,3,TSEC,59.406246185302734,60.007511138916016,60.00691223144531,59.92084503173828,59.982173919677734
M6_YHUR_SLUR,6,HUR,LUR,2025-02-20,2025-02-20,1,Yd,738.324462890625,901.2951049804688,891.2850952148438,898.8330688476562,900.839599609375
M6_YHUR_SLUR,6,HUR,LUR,2025-02-20,2025-02-20,1,TSE,894.8211059570312,899.4950561523438,899.6494750976562,897.7482299804688,899.4441528320312
M6_YHUR_SLUR,6,HUR,LUR,2025-02-20,2025-02-20,1,TSEC,60.326622009277344,60.00756072998047,59.9786491394043,59.954593658447266,59.991455078125
M6_YHUR_SLUR,6,HUR,LUR,2025-02-20,2025-02-21,2,Yd,913.0454711914062,901.2951049804688,890.3451538085938,900.6334228515625,898.5523681640625
M6_YHUR_SLUR,6,HUR,LUR,2025-02-20,2025-02-21,2,TSE,888.756591796875,899.4950561523438,900.0057983398438,898.069580078125,899.5223388671875
M6_YHUR_SLUR,6,HUR,LUR,2025-02-20,2025-02-21,2,TSEC,59.406246185302734,60.00756072998047,59.97682571411133,59.9595832824707,60.002960205078125
M6_YHUR_SLUR,6,HUR,LUR,2025-02-20,2025-02-22,3,Yd,881.5886840820312,901.2951049804688,890.9638061523438,922.642822265625,898.5164794921875
M6_YHUR_SLUR,6,HUR,LUR,2025-02-20,2025-02-22,3,TSE,908.3280639648438,899.4950561523438,899.5526123046875,898.686767578125,899.5464477539062
M6_YHUR_SLUR,6,HUR,LUR,2025-02-20,2025-02-22,3,TSEC,60.051578521728516,60.00756072998047,59.99679183959961,60.056427001953125,60.026790618896484
M6_YHUR_SLUR,6,HUR,LUR,2025-02-21,2025-02-21,1,Yd,913.0454711914062,901.0867919921875,889.864990234375,909.3638305664062,900.5462646484375
M6_YHUR_SLUR,6,HUR,LUR,2025-02-21,2025-02-21,1,TSE,888.756591796875,899.4890747070312,901.4127197265625,898.0650634765625,899.5556640625
M6_YHUR_SLUR,6,HUR,LUR,2025-02-21,2025-02-21,1,TSEC,59.406246185302734,60.007972717285156,59.97529602050781,60.10845947265625,60.01857376098633
M6_YHUR_SLUR,6,HUR,LUR,2025-02-21,2025-02-22,2,Yd,881.5886840820312,901.0867919921875,889.6632080078125,917.8721923828125,901.176025390625
M6_YHUR_SLUR,6,HUR,LUR,2025-02-21,2025-02-22,2,TSE,908.3280639648438,899.4890747070312,899.593994140625,899.197509765625,899.6361083984375
M6_YHUR_SLUR,6,HUR,LUR,2025-02-21,2025-02-22,2,TSEC,60.051578521728516,60.007972717285156,60.070613861083984,60.0722770690918,60.04801940917969
M6_YHUR_SLUR,6,HUR,LUR,2025-02-21,2025-02-23,3,Yd,744.7606201171875,901.0867919921875,889.3785400390625,916.0421752929688,903.0470581054688
M6_YHUR_SLUR,6,HUR,LUR,2025-02-21,2025-02-23,3,TSE,898.5974731445312,899.4890747070312,900.9677124023438,898.5957641601562,899.5042724609375
M6_YHUR_SLUR,6,HUR,LUR,2025-02-21,2025-02-23,3,TSEC,59.238826751708984,60.007972717285156,60.033573150634766,59.978031158447266,60.05829620361328
M6_YHUR_SLUR,6,HUR,LUR,2025-02-22,2025-02-22,1,Yd,881.5886840820312,901.1019897460938,889.2863159179688,912.0513916015625,901.6409301757812
M6_YHUR_SLUR,6,HUR,LUR,2025-02-22,2025-02-22,1,TSE,908.3280639648438,899.4754028320312,899.3455810546875,898.4826049804688,899.6102905273438
M6_YHUR_SLUR,6,HUR,LUR,2025-02-22,2025-02-22,1,TSEC,60.051578521728516,60.0072021484375,59.991310119628906,59.98667907714844,60.04377365112305
M6_YHUR_SLUR,6,HUR,LUR,2025-02-22,2025-02-23,2,Yd,744.7606201171875,901.1019897460938,890.4041748046875,917.3934936523438,903.0145874023438
M6_YHUR_SLUR,6,HUR,LUR,2025-02-22,2025-02-23,2,TSE,898.5974731445312,899.4754028320312,899.8995361328125,899.3316040039062,899.5819091796875
M6_YHUR_SLUR,6,HUR,LUR,2025-02-22,2025-02-23,2,TSEC,59.238826751708984,60.0072021484375,59.93872833251953,59.913265228271484,60.056495666503906
M6_YHUR_SLUR,6,HUR,LUR,2025-02-22,2025-02-24,3,Yd,869.5953979492188,901.1019897460938,889.159423828125,897.5735473632812,903.7919921875
M6_YHUR_SLUR,6,HUR,LUR,2025-02-22,2025-02-24,3,TSE,898.0918579101562,899.4754028320312,899.6927490234375,898.9276733398438,899.3816528320312
M6_YHUR_SLUR,6,HUR,LUR,2025-02-22,2025-02-24,3,TSEC,61.311092376708984,60.0072021484375,59.94561767578125,59.904544830322266,60.02757263183594
M6_YHUR_SLUR,6,HUR,LUR,2025-02-23,2025-02-23,1,Yd,744.7606201171875,901.0771484375,886.6306762695312,935.7316284179688,902.8660278320312
M6_YHUR_SLUR,6,HUR,LUR,2025-02-23,2025-02-23,1,TSE,898.5974731445312,899.4866333007812,901.3944702148438,901.3317260742188,899.5149536132812
M6_YHUR_SLUR,6,HUR,LUR,2025-02-23,2025-02-23,1,TSEC,59.238826751708984,60.00726318359375,59.958988189697266,60.2033805847168,60.02617263793945
M6_YHUR_SLUR,6,HUR,LUR,2025-02-23,2025-02-24,2,Yd,869.5953979492188,901.0771484375,889.59326171875,916.4815673828125,903.7586059570312
M6_YHUR_SLUR,6,HUR,LUR,2025-02-23,2025-02-24,2,TSE,898.0918579101562,899.4866333007812,900.9349975585938,898.4194946289062,899.3089599609375
M6_YHUR_SLUR,6,HUR,LUR,2025-02-23,2025-02-24,2,TSEC,61.311092376708984,60.00726318359375,59.96376037597656,60.009071350097656,60.002723693847656
M6_YHUR_SLUR,6,HUR,LUR,2025-02-23,2025-02-25,3,Yd,993.6051635742188,901.0771484375,889.9275512695312,921.1615600585938,903.0354614257812
M6_YHUR_SLUR,6,HUR,LUR,2025-02-23,2025-02-25,3,TSE,909.3916625976562,899.4866333007812,898.7391357421875,898.89111328125,899.057861328125
M6_YHUR_SLUR,6,HUR,LUR,2025-02-23,2025-02-25,3,TSEC,59.956329345703125,60.00726318359375,59.9673957824707,60.05752182006836,59.97049331665039
M6_YHUR_SLUR,6,HUR,LUR,2025-02-24,2025-02-24,1,Yd,869.5953979492188,900.8780517578125,901.8147583007812,909.718017578125,903.310546875
M6_YHUR_SLUR,6,HUR,LUR,2025-02-24,2025-02-24,1,TSE,898.0918579101562,899.4855346679688,899.728759765625,897.0357055664062,899.3531494140625
M6_YHUR_SLUR,6,HUR,LUR,2025-02-24,2025-02-24,1,TSEC,61.311092376708984,60.00628662109375,59.985713958740234,60.07136154174805,59.988895416259766
M6_YHUR_SLUR,6,HUR,LUR,2025-02-24,2025-02-25,2,Yd,993.6051635742188,900.8780517578125,884.8560180664062,911.3558349609375,902.4139404296875
M6_YHUR_SLUR,6,HUR,LUR,2025-02-24,2025-02-25,2,TSE,909.3916625976562,899.4855346679688,899.90234375,897.952880859375,899.0751342773438
M6_YHUR_SLUR,6,HUR,LUR,2025-02-24,2025-02-25,2,TSEC,59.956329345703125,60.00628662109375,60.014495849609375,60.08734893798828,59.95466995239258
M6_YHUR_SLUR,6,HUR,LUR,2025-02-24,2025-02-26,3,Yd,838.0460205078125,900.8780517578125,896.5277709960938,892.0730590820312,901.7196655273438
M6_YHUR_SLUR,6,HUR,LUR,2025-02-24,2025-02-26,3,TSE,896.5151977539062,899.4855346679688,899.3829345703125,898.5725708007812,898.7510375976562
M6_YHUR_SLUR,6,HUR,LUR,2025-02-24,2025-02-26,3,TSEC,61.332942962646484,60.00628662109375,59.933555603027344,59.97703170776367,59.93238830566406
M6_YHUR_SLUR,6,HUR,LUR,2025-02-25,2025-02-25,1,Yd,993.6051635742188,900.8382568359375,887.08349609375,905.1255493164062,901.392822265625
M6_YHUR_SLUR,6,HUR,LUR,2025-02-25,2025-02-25,1,TSE,909.3916625976562,899.4837646484375,899.5672607421875,896.747314453125,899.2439575195312
M6_YHUR_SLUR,6,HUR,LUR,2025-02-25,2025-02-25,1,TSEC,59.956329345703125,60.00794219970703,60.00210189819336,60.0679931640625,59.965476989746094
M6_YHUR_SLUR,6,HUR,LUR,2025-02-25,2025-02-26,2,Yd,838.0460205078125,900.8382568359375,888.7342529296875,901.78857421875,900.698486328125
M6_YHUR_SLUR,6,HUR,LUR,2025-02-25,2025-02-26,2,TSE,896.5151977539062,899.4837646484375,898.8969116210938,898.211669921875,898.9974365234375
M6_YHUR_SLUR,6,HUR,LUR,2025-02-25,2025-02-26,2,TSEC,61.332942962646484,60.00794219970703,59.91878128051758,60.03260040283203,59.937896728515625
M6_YHUR_SLUR,6,HUR,LUR,2025-02-25,2025-02-27,3,Yd,842.8855590820312,900.8382568359375,888.3756103515625,888.3046875,900.2003784179688
M6_YHUR_SLUR,6,HUR,LUR,2025-02-25,2025-02-27,3,TSE,897.4871826171875,899.4837646484375,899.48486328125,897.2860717773438,898.9169311523438
M6_YHUR_SLUR,6,HUR,LUR,2025-02-25,2025-02-27,3,TSEC,60.272605895996094,60.00794219970703,59.91962432861328,59.98251724243164,59.93718338012695
M6_YHUR_SLUR,6,HUR,LUR,2025-02-26,2025-02-26,1,Yd,838.0460205078125,900.9561767578125,888.739013671875,904.8690185546875,900.6193237304688
M6_YHUR_SLUR,6,HUR,LUR,2025-02-26,2025-02-26,1,TSE,896.5151977539062,899.496337890625,897.7348022460938,899.5079345703125,899.274658203125
M6_YHUR_SLUR,6,HUR,LUR,2025-02-26,2025-02-26,1,TSEC,61.332942962646484,60.00788116455078,59.95589065551758,60.01900100708008,59.969017028808594
M6_YHUR_SLUR,6,HUR,LUR,2025-02-26,2025-02-27,2,Yd,842.8855590820312,900.9561767578125,890.5339965820312,895.1680297851562,898.5381469726562
M6_YHUR_SLUR,6,HUR,LUR,2025-02-26,2025-02-27,2,TSE,897.4871826171875,899.496337890625,898.839111328125,899.3489990234375,899.2239379882812
M6_YHUR_SLUR,6,HUR,LUR,2025-02-26,2025-02-27,2,TSEC,60.272605895996094,60.00788116455078,59.97539520263672,59.9175910949707,59.963626861572266
M6_YHUR_SLUR,6,HUR,LUR,2025-02-26,2025-02-28,3,Yd,873.2528076171875,900.9561767578125,888.8333129882812,899.8623657226562,895.2784423828125
M6_YHUR_SLUR,6,HUR,LUR,2025-02-26,2025-02-28,3,TSE,908.3469848632812,899.496337890625,900.6422729492188,899.6555786132812,899.2997436523438
M6_YHUR_SLUR,6,HUR,LUR,2025-02-26,2025-02-28,3,TSEC,60.22576141357422,60.00788116455078,59.96807861328125,59.952056884765625,59.97456741333008
M6_YHUR_SLUR,6,HUR,LUR,2025-02-27,2025-02-27,1,Yd,842.8855590820312,900.8762817382812,884.7637939453125,895.3567504882812,898.7886352539062
M6_YHUR_SLUR,6,HUR,LUR,2025-02-27,2025-02-27,1,TSE,897.4871826171875,899.4925537109375,899.44091796875,898.63818359375,899.4515380859375
M6_YHUR_SLUR,6,HUR,LUR,2025-02-27,2025-02-27,1,TSEC,60.272605895996094,60.00955581665039,59.9440803527832,59.993438720703125,59.98944091796875
M6_YHUR_SLUR,6,HUR,LUR,2025-02-27,2025-02-28,2,Yd,873.2528076171875,900.8762817382812,890.6768188476562,912.0692138671875,895.7011108398438
M6_YHUR_SLUR,6,HUR,LUR,2025-02-27,2025-02-28,2,TSE,908.3469848632812,899.4925537109375,899.60302734375,898.76416015625,899.5150146484375
M6_YHUR_SLUR,6,HUR,LUR,2025-02-27,2025-02-28,2,TSEC,60.22576141357422,60.00955581665039,60.026947021484375,60.044307708740234,60.00201416015625
M6_YHUR_SLUR,6,HUR,LUR,2025-02-27,2025-03-01,3,Yd,954.2152099609375,900.8762817382812,887.0816650390625,904.348876953125,894.76220703125
M6_YHUR_SLUR,6,HUR,LUR,2025-02-27,2025-03-01,3,TSE,891.3941040039062,899.4925537109375,899.462890625,899.966796875,899.5414428710938
M6_YHUR_SLUR,6,HUR,LUR,2025-02-27,2025-03-01,3,TSEC,59.91653060913086,60.00955581665039,59.97221374511719,59.954708099365234,60.02787780761719
M6_YHUR_SLUR,6,HUR,LUR,2025-02-28,2025-02-28,1,Yd,873.2528076171875,900.802734375,875.8302001953125,908.5553588867188,898.3678588867188
M6_YHUR_SLUR,6,HUR,LUR,2025-02-28,2025-02-28,1,TSE,908.3469848632812,899.489990234375,899.8040771484375,899.3057861328125,899.5682373046875
M6_YHUR_SLUR,6,HUR,LUR,2025-02-28,2025-02-28,1,TSEC,60.22576141357422,60.009891510009766,60.02717208862305,60.03955078125,60.01862335205078
M6_YHUR_SLUR,6,HUR,LUR,2025-02-28,2025-03-01,2,Yd,954.2152099609375,900.802734375,887.0018920898438,907.4396362304688,897.6364135742188
M6_YHUR_SLUR,6,HUR,LUR,2025-02-28,2025-03-01,2,TSE,891.3941040039062,899.489990234375,899.7144775390625,899.3815307617188,899.6270751953125
M6_YHUR_SLUR,6,HUR,LUR,2025-02-28,2025-03-01,2,TSEC,59.91653060913086,60.009891510009766,59.96986770629883,60.02271270751953,60.04680633544922
M6_YHUR_SLUR,6,HUR,LUR,2025-02-28,2025-03-02,3,Yd,985.653076171875,900.802734375,892.4827880859375,918.1649780273438,899.1658935546875
M6_YHUR_SLUR,6,HUR,LUR,2025-02-28,2025-03-02,3,TSE,903.4873657226562,899.489990234375,899.8617553710938,899.2994384765625,899.4820556640625
M6_YHUR_SLUR,6,HUR,LUR,2025-02-28,2025-03-02,3,TSEC,60.12015151977539,60.009891510009766,60.04780578613281,60.04132080078125,60.051998138427734
M6_YHUR_SLUR,6,HUR,LUR,2025-03-01,2025-03-01,1,Yd,954.2152099609375,900.7678833007812,886.9274291992188,916.6578369140625,899.7014770507812
M6_YHUR_SLUR,6,HUR,LUR,2025-03-01,2025-03-01,1,TSE,891.3941040039062,899.5011596679688,899.8397827148438,898.0106811523438,899.5831298828125
M6_YHUR_SLUR,6,HUR,LUR,2025-03-01,2025-03-01,1,TSEC,59.91653060913086,60.01016616821289,60.08106994628906,60.065338134765625,60.037933349609375
M6_YHUR_SLUR,6,HUR,LUR,2025-03-01,2025-03-02,2,Yd,985.653076171875,900.7678833007812,877.7672729492188,929.7369384765625,900.7073974609375
M6_YHUR_SLUR,6,HUR,LUR,2025-03-01,2025-03-02,2,TSE,903.4873657226562,899.5011596679688,899.427490234375,896.4939575195312,899.466796875
M6_YHUR_SLUR,6,HUR,LUR,2025-03-01,2025-03-02,2,TSEC,60.12015151977539,60.01016616821289,60.03098678588867,60.08931350708008,60.04267501831055
M6_YHUR_SLUR,6,HUR,LUR,2025-03-01,2025-03-03,3,Yd,997.0621337890625,900.7678833007812,886.5558471679688,922.6665649414062,901.18408203125
M6_YHUR_SLUR,6,HUR,LUR,2025-03-01,2025-03-03,3,TSE,892.2848510742188,899.5011596679688,899.90625,897.2518920898438,899.197998046875
M6_YHUR_SLUR,6,HUR,LUR,2025-03-01,2025-03-03,3,TSEC,59.59820556640625,60.01016616821289,59.998416900634766,60.05244827270508,60.005943298339844
M6_YHUR_SLUR,6,HUR,LUR,2025-03-02,2025-03-02,1,Yd,985.653076171875,900.8355102539062,890.7108764648438,906.5864868164062,900.9729614257812
M6_YHUR_SLUR,6,HUR,LUR,2025-03-02,2025-03-02,1,TSE,903.4873657226562,899.490966796875,900.8219604492188,897.2530517578125,899.5159301757812
M6_YHUR_SLUR,6,HUR,LUR,2025-03-02,2025-03-02,1,TSEC,60.12015151977539,60.010047912597656,59.91022491455078,60.08430480957031,60.022830963134766
M6_YHUR_SLUR,6,HUR,LUR,2025-03-02,2025-03-03,2,Yd,997.0621337890625,900.8355102539062,886.8968505859375,891.4022216796875,900.8941650390625
M6_YHUR_SLUR,6,HUR,LUR,2025-03-02,2025-03-03,2,TSE,892.2848510742188,899.490966796875,900.9961547851562,898.0174560546875,899.3497924804688
M6_YHUR_SLUR,6,HUR,LUR,2025-03-02,2025-03-03,2,TSEC,59.59820556640625,60.010047912597656,59.82706069946289,60.0911865234375,59.99738311767578
M6_YHUR_SLUR,6,HUR,LUR,2025-03-02,2025-03-04,3,Yd,923.6598510742188,900.8355102539062,890.8841552734375,880.0857543945312,899.2537841796875
M6_YHUR_SLUR,6,HUR,LUR,2025-03-02,2025-03-04,3,TSE,902.4755249023438,899.490966796875,898.5313720703125,898.7680053710938,899.1119384765625
M6_YHUR_SLUR,6,HUR,LUR,2025-03-02,2025-03-04,3,TSEC,59.90766525268555,60.010047912597656,59.95065689086914,59.894126892089844,59.96143341064453
M6_YHUR_SLUR,6,HUR,LUR,2025-03-03,2025-03-03,1,Yd,997.0621337890625,900.9425659179688,889.54248046875,913.7374877929688,900.8215942382812
M6_YHUR_SLUR,6,HUR,LUR,2025-03-03,2025-03-03,1,TSE,892.2848510742188,899.4960327148438,901.5203857421875,898.6390380859375,899.3804931640625
M6_YHUR_SLUR,6,HUR,LUR,2025-03-03,2025-03-03,1,TSEC,59.59820556640625,60.010189056396484,59.92380905151367,60.08769607543945,59.9851188659668
M6_YHUR_SLUR,6,HUR,LUR,2025-03-03,2025-03-04,2,Yd,923.6598510742188,900.9425659179688,891.6647338867188,895.4863891601562,899.0397338867188
M6_YHUR_SLUR,6,HUR,LUR,2025-03-03,2025-03-04,2,TSE,902.4755249023438,899.4960327148438,898.215576171875,897.8602905273438,899.2263793945312
M6_YHUR_SLUR,6,HUR,LUR,2025-03-03,2025-03-04,2,TSEC,59.90766525268555,60.010189056396484,60.016666412353516,60.04204559326172,59.951255798339844
M6_YHUR_SLUR,6,HUR,LUR,2025-03-03,2025-03-05,3,Yd,779.2886962890625,900.9425659179688,882.578369140625,903.2965087890625,896.8643798828125
M6_YHUR_SLUR,6,HUR,LUR,2025-03-03,2025-03-05,3,TSE,895.3427734375,899.4960327148438,898.964599609375,898.9588012695312,899.0106201171875
M6_YHUR_SLUR,6,HUR,LUR,2025-03-03,2025-03-05,3,TSEC,60.43896484375,60.010189056396484,60.01243209838867,59.892417907714844,59.933345794677734
M6_YHUR_SLUR,6,HUR,LUR,2025-03-04,2025-03-04,1,Yd,923.6598510742188,901.0638427734375,880.510009765625,910.8633422851562,899.72412109375
M6_YHUR_SLUR,6,HUR,LUR,2025-03-04,2025-03-04,1,TSE,902.4755249023438,899.4869384765625,898.8399047851562,897.7702026367188,899.3486938476562
M6_YHUR_SLUR,6,HUR,LUR,2025-03-04,2025-03-04,1,TSEC,59.90766525268555,60.00967025756836,60.0140266418457,60.083431243896484,59.96886444091797
M6_YHUR_SLUR,6,HUR,LUR,2025-03-04,2025-03-05,2,Yd,779.2886962890625,901.0638427734375,890.3390502929688,905.17431640625,897.45751953125
M6_YHUR_SLUR,6,HUR,LUR,2025-03-04,2025-03-05,2,TSE,895.3427734375,899.4869384765625,899.5928955078125,896.6918334960938,899.2265625
M6_YHUR_SLUR,6,HUR,LUR,2025-03-04,2025-03-05,2,TSEC,60.43896484375,60.00967025756836,59.98808288574219,59.956172943115234,59.94960403442383
M6_YHUR_SLUR,6,HUR,LUR,2025-03-04,2025-03-06,3,Yd,1000.1636962890625,901.0638427734375,896.891357421875,909.960205078125,895.4883422851562
M6_YHUR_SLUR,6,HUR,LUR,2025-03-04,2025-03-06,3,TSE,901.7522583007812,899.4869384765625,898.7582397460938,898.9215087890625,899.23828125
M6_YHUR_SLUR,6,HUR,LUR,2025-03-04,2025-03-06,3,TSEC,59.69682312011719,60.00967025756836,60.01062774658203,59.81155776977539,59.959930419921875
M6_YHUR_SLUR,6,HUR,LUR,2025-03-05,2025-03-05,1,Yd,779.2886962890625,901.0922241210938,891.8718872070312,900.7691650390625,899.4007568359375
M6_YHUR_SLUR,6,HUR,LUR,2025-03-05,2025-03-05,1,TSE,895.3427734375,899.49072265625,899.6481323242188,898.7877197265625,899.3525390625
M6_YHUR_SLUR,6,HUR,LUR,2025-03-05,2025-03-05,1,TSEC,60.43896484375,60.00954055786133,59.9508171081543,59.99935531616211,59.97755432128906
M6_YHUR_SLUR,6,HUR,LUR,2025-03-05,2025-03-06,2,Yd,1000.1636962890625,901.0922241210938,890.0277099609375,904.8139038085938,896.6095581054688
M6_YHUR_SLUR,6,HUR,LUR,2025-03-05,2025-03-06,2,TSE,901.7522583007812,899.49072265625,898.7545776367188,898.301025390625,899.3898315429688
M6_YHUR_SLUR,6,HUR,LUR,2025-03-05,2025-03-06,2,TSEC,59.69682312011719,60.00954055786133,59.927162170410156,59.96879196166992,59.984832763671875
M6_YHUR_SLUR,6,HUR,LUR,2025-03-05,2025-03-07,3,Yd,762.7369384765625,901.0922241210938,891.3734130859375,913.1345825195312,893.2760009765625
M6_YHUR_SLUR,6,HUR,LUR,2025-03-05,2025-03-07,3,TSE,892.91748046875,899.49072265625,900.1464233398438,898.0670776367188,899.4718017578125
M6_YHUR_SLUR,6,HUR,LUR,2025-03-05,2025-03-07,3,TSEC,59.15016555786133,60.00954055786133,59.993309020996094,59.976524353027344,60.00434494018555
M6_YHUR_SLUR,6,HUR,LUR,2025-03-06,2025-03-06,1,Yd,1000.1636962890625,900.93896484375,887.8916625976562,904.8916015625,898.6383056640625
M6_YHUR_SLUR,6,HUR,LUR,2025-03-06,2025-03-06,1,TSE,901.7522583007812,899.4854736328125,899.29296875,896.8204345703125,899.48291015625
M6_YHUR_SLUR,6,HUR,LUR,2025-03-06,2025-03-06,1,TSEC,59.69682312011719,60.01008224487305,59.981163024902344,59.989017486572266,60.00202941894531
M6_YHUR_SLUR,6,HUR,LUR,2025-03-06,2025-03-07,2,Yd,762.7369384765625,900.93896484375,891.099853515625,917.375244140625,894.7352294921875
M6_YHUR_SLUR,6,HUR,LUR,2025-03-06,2025-03-07,2,TSE,892.91748046875,899.4854736328125,901.2107543945312,898.53857421875,899.572021484375
M6_YHUR_SLUR,6,HUR,LUR,2025-03-06,2025-03-07,2,TSEC,59.15016555786133,60.01008224487305,60.01297378540039,60.08331298828125,60.021766662597656
M6_YHUR_SLUR,6,HUR,LUR,2025-03-06,2025-03-08,3,Yd,952.4605102539062,900.93896484375,888.7142944335938,917.5819091796875,894.2063598632812
M6_YHUR_SLUR,6,HUR,LUR,2025-03-06,2025-03-08,3,TSE,902.5303955078125,899.4854736328125,898.9908447265625,899.0485229492188,899.611328125
M6_YHUR_SLUR,6,HUR,LUR,2025-03-06,2025-03-08,3,TSEC,60.177520751953125,60.01008224487305,60.1949462890625,60.02265167236328,60.0444221496582
M6_YHUR_SLUR,6,HUR,LUR,2025-03-07,2025-03-07,1,Yd,762.7369384765625,901.0636596679688,893.1641235351562,920.3353881835938,897.3291015625
M6_YHUR_SLUR,6,HUR,LUR,2025-03-07,2025-03-07,1,TSE,892.91748046875,899.48828125,899.743896484375,900.7517700195312,899.6005859375
M6_YHUR_SLUR,6,HUR,LUR,2025-03-07,2025-03-07,1,TSEC,59.15016555786133,60.00968551635742,59.99061965942383,59.91593933105469,60.0277214050293
M6_YHUR_SLUR,6,HUR,LUR,2025-03-07,2025-03-08,2,Yd,952.4605102539062,901.0636596679688,888.8349609375,916.9482421875,896.5006103515625
M6_YHUR_SLUR,6,HUR,LUR,2025-03-07,2025-03-08,2,TSE,902.5303955078125,899.48828125,900.0343627929688,899.3397827148438,899.6778564453125
M6_YHUR_SLUR,6,HUR,LUR,2025-03-07,2025-03-08,2,TSEC,60.177520751953125,60.00968551635742,59.99861145019531,59.99491882324219,60.05610275268555
M6_YHUR_SLUR,6,HUR,LUR,2025-03-07,2025-03-09,3,Yd,1069.8194580078125,901.0636596679688,892.7489013671875,916.3905639648438,898.4005126953125
M6_YHUR_SLUR,6,HUR,LUR,2025-03-07,2025-03-09,3,TSE,895.812744140625,899.48828125,899.7886352539062,897.9190063476562,899.63818359375
M6_YHUR_SLUR,6,HUR,LUR,2025-03-07,2025-03-09,3,TSEC,59.71105194091797,60.00968551635742,59.924713134765625,59.99803924560547,60.06421661376953
M6_YHUR_SLUR,6,HUR,LUR,2025-03-08,2025-03-08,1,Yd,952.4605102539062,900.8900756835938,882.84326171875,912.746826171875,900.2767333984375
M6_YHUR_SLUR,6,HUR,LUR,2025-03-08,2025-03-08,1,TSE,902.5303955078125,899.4801025390625,899.3223266601562,899.069580078125,899.624755859375
M6_YHUR_SLUR,6,HUR,LUR,2025-03-08,2025-03-08,1,TSEC,60.177520751953125,60.00860595703125,59.949005126953125,60.14579391479492,60.04716110229492
M6_YHUR_SLUR,6,HUR,LUR,2025-03-08,2025-03-09,2,Yd,1069.8194580078125,900.8900756835938,893.7586059570312,915.7772216796875,901.4500122070312
M6_YHUR_SLUR,6,HUR,LUR,2025-03-08,2025-03-09,2,TSE,895.812744140625,899.4801025390625,901.3924560546875,898.739501953125,899.6155395507812
M6_YHUR_SLUR,6,HUR,LUR,2025-03-08,2025-03-09,2,TSEC,59.71105194091797,60.00860595703125,59.922828674316406,60.16191101074219,60.05805969238281
M6_YHUR_SLUR,6,HUR,LUR,2025-03-08,2025-03-10,3,Yd,900.8087768554688,900.8900756835938,883.5411987304688,913.3070068359375,901.5180053710938
M6_YHUR_SLUR,6,HUR,LUR,2025-03-08,2025-03-10,3,TSE,879.9473876953125,899.4801025390625,901.1924438476562,898.147705078125,899.4151000976562
M6_YHUR_SLUR,6,HUR,LUR,2025-03-08,2025-03-10,3,TSEC,60.63355255126953,60.00860595703125,59.765113830566406,59.992156982421875,60.028778076171875
M6_YHUR_SLUR,6,HUR,LUR,2025-03-09,2025-03-09,1,Yd,1069.8194580078125,900.9547119140625,883.4189453125,910.8519287109375,901.8150024414062
M6_YHUR_SLUR,6,HUR,LUR,2025-03-09,2025-03-09,1,TSE,895.812744140625,899.48388671875,900.1494140625,901.2614135742188,899.5567016601562
M6_YHUR_SLUR,6,HUR,LUR,2025-03-09,2025-03-09,1,TSEC,59.71105194091797,60.008819580078125,60.04929733276367,60.15606689453125,60.02909851074219
M6_YHUR_SLUR,6,HUR,LUR,2025-03-09,2025-03-10,2,Yd,900.8087768554688,900.9547119140625,896.6464233398438,899.462890625,901.9618530273438
M6_YHUR_SLUR,6,HUR,LUR,2025-03-09,2025-03-10,2,TSE,879.9473876953125,899.48388671875,901.573974609375,899.243408203125,899.3906860351562
M6_YHUR_SLUR,6,HUR,LUR,2025-03-09,2025-03-10,2,TSEC,60.63355255126953,60.008819580078125,60.00529479980469,60.001338958740234,60.00704574584961
M6_YHUR_SLUR,6,HUR,LUR,2025-03-09,2025-03-11,3,Yd,979.847412109375,900.9547119140625,884.4725952148438,904.9808349609375,900.3200073242188
M6_YHUR_SLUR,6,HUR,LUR,2025-03-09,2025-03-11,3,TSE,912.8848266601562,899.48388671875,898.0527954101562,898.9498291015625,899.11376953125
M6_YHUR_SLUR,6,HUR,LUR,2025-03-09,2025-03-11,3,TSEC,60.049644470214844,60.008819580078125,60.01520538330078,60.042564392089844,59.969642639160156
M6_YHUR_SLUR,6,HUR,LUR,2025-03-10,2025-03-10,1,Yd,900.8087768554688,901.1661376953125,887.4022216796875,912.49853515625,901.1043701171875
M6_YHUR_SLUR,6,HUR,LUR,2025-03-10,2025-03-10,1,TSE,879.9473876953125,899.479248046875,901.12451171875,898.0623779296875,899.418212890625
M6_YHUR_SLUR,6,HUR,LUR,2025-03-10,2025-03-10,1,TSEC,60.63355255126953,60.00844955444336,59.80398178100586,60.08209228515625,59.98843002319336
M6_YHUR_SLUR,6,HUR,LUR,2025-03-10,2025-03-11,2,Yd,979.847412109375,901.1661376953125,893.7227172851562,903.3212890625,898.8073120117188
M6_YHUR_SLUR,6,HUR,LUR,2025-03-10,2025-03-11,2,TSE,912.8848266601562,899.479248046875,897.8101806640625,898.4451293945312,899.2935791015625
M6_YHUR_SLUR,6,HUR,LUR,2025-03-10,2025-03-11,2,TSEC,60.049644470214844,60.00844955444336,59.944461822509766,60.12851333618164,59.95557403564453
M6_YHUR_SLUR,6,HUR,LUR,2025-03-10,2025-03-12,3,Yd,1031.2232666015625,901.1661376953125,888.7822265625,896.6572265625,897.2691040039062
M6_YHUR_SLUR,6,HUR,LUR,2025-03-10,2025-03-12,3,TSE,897.8226928710938,899.479248046875,898.5520629882812,898.4747314453125,899.1113891601562
M6_YHUR_SLUR,6,HUR,LUR,2025-03-10,2025-03-12,3,TSEC,60.30067443847656,60.00844955444336,59.86246109008789,59.82776641845703,59.940406799316406
M6_YHUR_SLUR,6,HUR,LUR,2025-03-11,2025-03-11,1,Yd,979.847412109375,901.1657104492188,894.5067749023438,885.7005004882812,899.5813598632812
M6_YHUR_SLUR,6,HUR,LUR,2025-03-11,2025-03-11,1,TSE,912.8848266601562,899.4548950195312,899.4752197265625,897.8436279296875,899.3516235351562
M6_YHUR_SLUR,6,HUR,LUR,2025-03-11,2025-03-11,1,TSEC,60.049644470214844,60.00922775268555,60.013267517089844,60.00278854370117,59.967864990234375
M6_YHUR_SLUR,6,HUR,LUR,2025-03-11,2025-03-12,2,Yd,1031.2232666015625,901.1657104492188,887.9507446289062,879.6788940429688,896.7782592773438
M6_YHUR_SLUR,6,HUR,LUR,2025-03-11,2025-03-12,2,TSE,897.8226928710938,899.4548950195312,898.7064208984375,897.1683959960938,899.3024291992188
M6_YHUR_SLUR,6,HUR,LUR,2025-03-11,2025-03-12,2,TSEC,60.30067443847656,60.00922775268555,59.96097946166992,59.915924072265625,59.951629638671875
M6_YHUR_SLUR,6,HUR,LUR,2025-03-11,2025-03-13,3,Yd,908.151611328125,901.1657104492188,893.7949829101562,888.2891845703125,894.9713745117188
M6_YHUR_SLUR,6,HUR,LUR,2025-03-11,2025-03-13,3,TSE,904.7411499023438,899.4548950195312,899.4439086914062,898.4685668945312,899.2938842773438
M6_YHUR_SLUR,6,HUR,LUR,2025-03-11,2025-03-13,3,TSEC,59.20020294189453,60.00922775268555,59.93283462524414,59.79892349243164,59.965702056884766
M6_YHUR_SLUR,6,HUR,LUR,2025-03-12,2025-03-12,1,Yd,1031.2232666015625,901.263916015625,891.3869018554688,892.9994506835938,899.2476196289062
M6_YHUR_SLUR,6,HUR,LUR,2025-03-12,2025-03-12,1,TSE,897.8226928710938,899.4716796875,899.1317749023438,898.960693359375,899.3751831054688
M6_YHUR_SLUR,6,HUR,LUR,2025-03-12,2025-03-12,1,TSEC,60.30067443847656,60.00927734375,59.981754302978516,59.8768310546875,59.97740173339844
M6_YHUR_SLUR,6,HUR,LUR,2025-03-12,2025-03-13,2,Yd,908.151611328125,901.263916015625,891.498046875,902.8365478515625,896.5145874023438
M6_YHUR_SLUR,6,HUR,LUR,2025-03-12,2025-03-13,2,TSE,904.7411499023438,899.4716796875,899.6405639648438,898.2435913085938,899.440185546875
M6_YHUR_SLUR,6,HUR,LUR,2025-03-12,2025-03-13,2,TSEC,59.20020294189453,60.00927734375,59.97358322143555,59.86403274536133,59.98416519165039
M6_YHUR_SLUR,6,HUR,LUR,2025-03-12,2025-03-14,3,Yd,994.062744140625,901.263916015625,891.3602294921875,912.1805419921875,893.2103881835938
M6_YHUR_SLUR,6,HUR,LUR,2025-03-12,2025-03-14,3,TSE,902.2415161132812,899.4716796875,901.3663940429688,898.3638305664062,899.5425415039062
M6_YHUR_SLUR,6,HUR,LUR,2025-03-12,2025-03-14,3,TSEC,60.08181381225586,60.00927734375,60.01306915283203,59.96733474731445,60.005191802978516
M6_YHUR_SLUR,6,HUR,LUR,2025-03-13,2025-03-13,1,Yd,908.151611328125,901.4259643554688,889.936767578125,904.73486328125,897.2028198242188
M6_YHUR_SLUR,6,HUR,LUR,2025-03-13,2025-03-13,1,TSE,904.7411499023438,899.4696044921875,899.683837890625,899.6882934570312,899.6231079101562
M6_YHUR_SLUR,6,HUR,LUR,2025-03-13,2025-03-13,1,TSEC,59.20020294189453,60.0096435546875,60.011741638183594,60.04804992675781,60.007694244384766
M6_YHUR_SLUR,6,HUR,LUR,2025-03-13,2025-03-14,2,Yd,994.062744140625,901.4259643554688,895.09423828125,916.9271850585938,892.9537963867188
M6_YHUR_SLUR,6,HUR,LUR,2025-03-13,2025-03-14,2,TSE,902.2415161132812,899.4696044921875,899.8367919921875,898.2904052734375,899.7980346679688
M6_YHUR_SLUR,6,HUR,LUR,2025-03-13,2025-03-14,2,TSEC,60.08181381225586,60.0096435546875,60.04733657836914,60.08282470703125,60.03104019165039
M6_YHUR_SLUR,6,HUR,LUR,2025-03-13,2025-03-15,3,Yd,845.6119995117188,901.4259643554688,890.4993896484375,906.5664672851562,891.8927001953125
M6_YHUR_SLUR,6,HUR,LUR,2025-03-13,2025-03-15,3,TSE,902.9832763671875,899.4696044921875,899.6611328125,899.0413818359375,899.8857421875
M6_YHUR_SLUR,6,HUR,LUR,2025-03-13,2025-03-15,3,TSEC,60.200965881347656,60.0096435546875,59.98418426513672,59.98634338378906,60.05144119262695
M6_YHUR_SLUR,6,HUR,LUR,2025-03-14,2025-03-14,1,Yd,994.062744140625,901.434326171875,892.8052978515625,915.83935546875,896.86767578125
M6_YHUR_SLUR,6,HUR,LUR,2025-03-14,2025-03-14,1,TSE,902.2415161132812,899.4761962890625,899.700927734375,901.9295043945312,899.6236572265625
M6_YHUR_SLUR,6,HUR,LUR,2025-03-14,2025-03-14,1,TSEC,60.08181381225586,60.008636474609375,59.99656677246094,60.0311393737793,60.03055191040039
M6_YHUR_SLUR,6,HUR,LUR,2025-03-14,2025-03-15,2,Yd,845.6119995117188,901.434326171875,892.7444458007812,901.8209228515625,895.9569702148438
M6_YHUR_SLUR,6,HUR,LUR,2025-03-14,2025-03-15,2,TSE,902.9832763671875,899.4761962890625,899.2636108398438,900.2153930664062,899.7415161132812
M6_YHUR_SLUR,6,HUR,LUR,2025-03-14,2025-03-15,2,TSEC,60.200965881347656,60.008636474609375,60.09648513793945,60.079994201660156,60.05775833129883
M6_YHUR_SLUR,6,HUR,LUR,2025-03-14,2025-03-16,3,Yd,833.04150390625,901.434326171875,891.3701171875,913.6261596679688,897.5404052734375
M6_YHUR_SLUR,6,HUR,LUR,2025-03-14,2025-03-16,3,TSE,902.5042724609375,899.4761962890625,899.69580078125,899.0406494140625,899.711181640625
M6_YHUR_SLUR,6,HUR,LUR,2025-03-14,2025-03-16,3,TSEC,60.00390625,60.008636474609375,60.05177307128906,60.06669998168945,60.06471633911133
M6_YHUR_SLUR,6,HUR,LUR,2025-03-15,2025-03-15,1,Yd,845.6119995117188,901.5494995117188,892.6212768554688,898.03662109375,898.9969482421875
M6_YHUR_SLUR,6,HUR,LUR,2025-03-15,2025-03-15,1,TSE,902.9832763671875,899.4796142578125,899.6201171875,898.707275390625,899.6980590820312
M6_YHUR_SLUR,6,HUR,LUR,2025-03-15,2025-03-15,1,TSEC,60.200965881347656,60.008724212646484,60.09534454345703,60.17388153076172,60.04705047607422
M6_YHUR_SLUR,6,HUR,LUR,2025-03-15,2025-03-16,2,Yd,833.04150390625,901.5494995117188,892.3937377929688,912.2030029296875,899.4387817382812
M6_YHUR_SLUR,6,HUR,LUR,2025-03-15,2025-03-16,2,TSE,902.5042724609375,899.4796142578125,899.8639526367188,897.3416137695312,899.729248046875
M6_YHUR_SLUR,6,HUR,LUR,2025-03-15,2025-03-16,2,TSEC,60.00390625,60.008724212646484,60.051883697509766,60.172855377197266,60.05734634399414
M6_YHUR_SLUR,6,HUR,LUR,2025-03-15,2025-03-17,3,Yd,779.6814575195312,901.5494995117188,891.7036743164062,913.7478637695312,899.2448120117188
M6_YHUR_SLUR,6,HUR,LUR,2025-03-15,2025-03-17,3,TSE,889.70068359375,899.4796142578125,899.6666870117188,897.7901611328125,899.6024780273438
M6_YHUR_SLUR,6,HUR,LUR,2025-03-15,2025-03-17,3,TSEC,59.211814880371094,60.008724212646484,60.012516021728516,60.105533599853516,60.029563903808594
M6_YHUR_SLUR,6,HUR,LUR,2025-03-16,2025-03-16,1,Yd,833.04150390625,901.4800415039062,895.907958984375,907.1558837890625,901.4688110351562
M6_YHUR_SLUR,6,HUR,LUR,2025-03-16,2025-03-16,1,TSE,902.5042724609375,899.4840087890625,899.7385864257812,900.2616577148438,899.5789184570312
M6_YHUR_SLUR,6,HUR,LUR,2025-03-16,2025-03-16,1,TSEC,60.00390625,60.008968353271484,60.051239013671875,60.04423141479492,60.02949523925781
M6_YHUR_SLUR,6,HUR,LUR,2025-03-16,2025-03-17,2,Yd,779.6814575195312,901.4800415039062,891.0629272460938,911.9031372070312,901.420654296875
M6_YHUR_SLUR,6,HUR,LUR,2025-03-16,2025-03-17,2,TSE,889.70068359375,899.4840087890625,899.4393310546875,897.8851318359375,899.4189453125
M6_YHUR_SLUR,6,HUR,LUR,2025-03-16,2025-03-17,2,TSEC,59.211814880371094,60.008968353271484,60.011741638183594,60.12828063964844,60.00692367553711
M6_YHUR_SLUR,6,HUR,LUR,2025-03-16,2025-03-18,3,Yd,932.0110473632812,901.4800415039062,893.57080078125,906.70068359375,899.4185180664062
M6_YHUR_SLUR,6,HUR,LUR,2025-03-16,2025-03-18,3,TSE,912.0560913085938,899.4840087890625,899.7503662109375,899.182861328125,899.1826171875
M6_YHUR_SLUR,6,HUR,LUR,2025-03-16,2025-03-18,3,TSEC,60.240901947021484,60.008968353271484,60.01955032348633,60.019168853759766,59.967350006103516
M6_YHUR_SLUR,6,HUR,LUR,2025-03-17,2025-03-17,1,Yd,779.6814575195312,901.3951416015625,890.5568237304688,910.7940673828125,901.8507080078125
M6_YHUR_SLUR,6,HUR,LUR,2025-03-17,2025-03-17,1,TSE,889.70068359375,899.4877319335938,899.716796875,899.0653686523438,899.3253173828125
M6_YHUR_SLUR,6,HUR,LUR,2025-03-17,2025-03-17,1,TSEC,59.211814880371094,60.00895690917969,59.93446350097656,60.12862777709961,59.9861946105957
M6_YHUR_SLUR,6,HUR,LUR,2025-03-17,2025-03-18,2,Yd,932.0110473632812,901.3951416015625,893.4931030273438,914.03271484375,900.1260375976562
M6_YHUR_SLUR,6,HUR,LUR,2025-03-17,2025-03-18,2,TSE,912.0560913085938,899.4877319335938,899.6453247070312,897.1004638671875,899.116455078125
M6_YHUR_SLUR,6,HUR,LUR,2025-03-17,2025-03-18,2,TSEC,60.240901947021484,60.00895690917969,59.970577239990234,60.055973052978516,59.9502067565918
M6_YHUR_SLUR,6,HUR,LUR,2025-03-17,2025-03-19,3,Yd,905.6300048828125,901.3951416015625,893.7374267578125,905.1096801757812,897.702392578125
M6_YHUR_SLUR,6,HUR,LUR,2025-03-17,2025-03-19,3,TSE,895.1107788085938,899.4877319335938,899.4051513671875,898.6143798828125,898.9134521484375
M6_YHUR_SLUR,6,HUR,LUR,2025-03-17,2025-03-19,3,TSEC,59.880210876464844,60.00895690917969,59.95474624633789,60.00004577636719,59.93241500854492
M6_YHUR_SLUR,6,HUR,LUR,2025-03-18,2025-03-18,1,Yd,932.0110473632812,901.2443237304688,884.49365234375,915.270751953125,900.1842041015625
M6_YHUR_SLUR,6,HUR,LUR,2025-03-18,2025-03-18,1,TSE,912.0560913085938,899.4755859375,898.9630737304688,897.8466186523438,899.2576293945312
M6_YHUR_SLUR,6,HUR,LUR,2025-03-18,2025-03-18,1,TSEC,60.240901947021484,60.00796890258789,60.01310348510742,60.13873291015625,59.966670989990234
M6_YHUR_SLUR,6,HUR,LUR,2025-03-18,2025-03-19,2,Yd,905.6300048828125,901.2443237304688,896.7626953125,909.1983642578125,898.5938720703125
M6_YHUR_SLUR,6,HUR,LUR,2025-03-18,2025-03-19,2,TSE,895.1107788085938,899.4755859375,898.8982543945312,897.7135009765625,899.0560913085938
M6_YHUR_SLUR,6,HUR,LUR,2025-03-18,2025-03-19,2,TSEC,59.880210876464844,60.00796890258789,59.947696685791016,59.96115493774414,59.945804595947266
M6_YHUR_SLUR,6,HUR,LUR,2025-03-18,2025-03-20,3,Yd,1112.871826171875,901.2443237304688,899.6480712890625,910.110595703125,896.8834228515625
M6_YHUR_SLUR,6,HUR,LUR,2025-03-18,2025-03-20,3,TSE,897.1106567382812,899.4755859375,899.6930541992188,899.4364013671875,898.981689453125
M6_YHUR_SLUR,6,HUR,LUR,2025-03-18,2025-03-20,3,TSEC,58.94813537597656,60.00796890258789,59.92211151123047,59.883365631103516,59.956878662109375
M6_YHUR_SLUR,6,HUR,LUR,2025-03-19,2025-03-19,1,Yd,905.6300048828125,901.2824096679688,905.2073364257812,903.7589111328125,899.647705078125
M6_YHUR_SLUR,6,HUR,LUR,2025-03-19,2025-03-19,1,TSE,895.1107788085938,899.4912109375,900.0804443359375,899.0580444335938,899.2622680664062
M6_YHUR_SLUR,6,HUR,LUR,2025-03-19,2025-03-19,1,TSEC,59.880210876464844,60.00825881958008,59.9616813659668,59.936492919921875,59.9734992980957
M6_YHUR_SLUR,6,HUR,LUR,2025-03-19,2025-03-20,2,Yd,1112.871826171875,901.2824096679688,881.756591796875,892.0038452148438,896.7897338867188
M6_YHUR_SLUR,6,HUR,LUR,2025-03-19,2025-03-20,2,TSE,897.1106567382812,899.4912109375,899.0365600585938,899.183349609375,899.1921997070312
M6_YHUR_SLUR,6,HUR,LUR,2025-03-19,2025-03-20,2,TSEC,58.94813537597656,60.00825881958008,59.938926696777344,59.856727600097656,59.97235870361328
M6_YHUR_SLUR,6,HUR,LUR,2025-03-19,2025-03-21,3,Yd,929.697021484375,901.2824096679688,901.59521484375,910.3306274414062,893.4761352539062
M6_YHUR_SLUR,6,HUR,LUR,2025-03-19,2025-03-21,3,TSE,890.5133666992188,899.4912109375,900.24951171875,898.3200073242188,899.2467651367188
M6_YHUR_SLUR,6,HUR,LUR,2025-03-19,2025-03-21,3,TSEC,60.85686111450195,60.00825881958008,59.989418029785156,59.95442199707031,59.98204803466797
M6_YHUR_SLUR,6,HUR,LUR,2025-03-20,2025-03-20,1,Yd,1112.871826171875,901.2877807617188,890.850830078125,889.53369140625,897.9141845703125
M6_YHUR_SLUR,6,HUR,LUR,2025-03-20,2025-03-20,1,TSE,897.1106567382812,899.4857788085938,899.4730224609375,899.594482421875,899.414306640625
M6_YHUR_SLUR,6,HUR,LUR,2025-03-20,2025-03-20,1,TSEC,58.94813537597656,60.00810241699219,59.98484802246094,60.00860595703125,60.00006866455078
M6_YHUR_SLUR,6,HUR,LUR,2025-03-20,2025-03-21,2,Yd,929.697021484375,901.2877807617188,892.9744873046875,903.4758911132812,893.5121459960938
M6_YHUR_SLUR,6,HUR,LUR,2025-03-20,2025-03-21,2,TSE,890.5133666992188,899.4857788085938,900.8633422851562,899.5150756835938,899.4793701171875
M6_YHUR_SLUR,6,HUR,LUR,2025-03-20,2025-03-21,2,TSEC,60.85686111450195,60.00810241699219,59.97310256958008,60.06835174560547,60.01532745361328
M6_YHUR_SLUR,6,HUR,LUR,2025-03-20,2025-03-22,3,Yd,1085.548583984375,901.2877807617188,891.64013671875,894.0479736328125,892.6403198242188
M6_YHUR_SLUR,6,HUR,LUR,2025-03-20,2025-03-22,3,TSE,912.2306518554688,899.4857788085938,899.15771484375,899.492919921875,899.5055541992188
M6_YHUR_SLUR,6,HUR,LUR,2025-03-20,2025-03-22,3,TSEC,59.37844467163086,60.00810241699219,59.98953628540039,59.936702728271484,60.029701232910156
M6_YHUR_SLUR,6,HUR,LUR,2025-03-21,2025-03-21,1,Yd,929.697021484375,901.5490112304688,895.9112548828125,908.3109741210938,896.8571166992188
M6_YHUR_SLUR,6,HUR,LUR,2025-03-21,2025-03-21,1,TSE,890.5133666992188,899.4828491210938,901.2572021484375,898.9158935546875,899.6241455078125
M6_YHUR_SLUR,6,HUR,LUR,2025-03-21,2025-03-21,1,TSEC,60.85686111450195,60.00679016113281,59.9749870300293,59.97844314575195,60.02964782714844
M6_YHUR_SLUR,6,HUR,LUR,2025-03-21,2025-03-22,2,Yd,1085.548583984375,901.5490112304688,892.0556640625,908.046630859375,895.30029296875
M6_YHUR_SLUR,6,HUR,LUR,2025-03-21,2025-03-22,2,TSE,912.2306518554688,899.4828491210938,899.1819458007812,899.485107421875,899.7670288085938
M6_YHUR_SLUR,6,HUR,LUR,2025-03-21,2025-03-22,2,TSEC,59.37844467163086,60.00679016113281,59.96369552612305,60.082435607910156,60.052703857421875
M6_YHUR_SLUR,6,HUR,LUR,2025-03-21,2025-03-23,3,Yd,859.1529541015625,901.5490112304688,893.792724609375,894.3628540039062,896.4698486328125
M6_YHUR_SLUR,6,HUR,LUR,2025-03-21,2025-03-23,3,TSE,891.49365234375,899.4828491210938,900.952392578125,896.1093139648438,899.746337890625
M6_YHUR_SLUR,6,HUR,LUR,2025-03-21,2025-03-23,3,TSEC,59.31206130981445,60.00679016113281,60.01097869873047,59.95267105102539,60.058372497558594
M6_YHUR_SLUR,6,HUR,LUR,2025-03-22,2025-03-22,1,Yd,1085.548583984375,901.5836791992188,891.8606567382812,878.9540405273438,898.5384521484375
M6_YHUR_SLUR,6,HUR,LUR,2025-03-22,2025-03-22,1,TSE,912.2306518554688,899.4718017578125,898.1776123046875,897.4714965820312,899.7445678710938
M6_YHUR_SLUR,6,HUR,LUR,2025-03-22,2025-03-22,1,TSEC,59.37844467163086,60.007843017578125,60.06187057495117,60.083011627197266,60.04780578613281
M6_YHUR_SLUR,6,HUR,LUR,2025-03-22,2025-03-23,2,Yd,859.1529541015625,901.5836791992188,894.7095947265625,902.9483642578125,898.5042724609375
M6_YHUR_SLUR,6,HUR,LUR,2025-03-22,2025-03-23,2,TSE,891.49365234375,899.4718017578125,899.7220458984375,897.4083251953125,899.8240966796875
M6_YHUR_SLUR,6,HUR,LUR,2025-03-22,2025-03-23,2,TSEC,59.31206130981445,60.007843017578125,59.934043884277344,60.08026885986328,60.05770492553711
M6_YHUR_SLUR,6,HUR,LUR,2025-03-22,2025-03-24,3,Yd,834.5128173828125,901.5836791992188,891.859130859375,881.5092163085938,897.8585205078125
M6_YHUR_SLUR,6,HUR,LUR,2025-03-22,2025-03-24,3,TSE,898.8984375,899.4718017578125,898.3502197265625,897.8714599609375,899.7049560546875
M6_YHUR_SLUR,6,HUR,LUR,2025-03-22,2025-03-24,3,TSEC,60.02131271362305,60.007843017578125,60.20649719238281,59.965476989746094,60.026710510253906
M6_YHUR_SLUR,6,HUR,LUR,2025-03-23,2025-03-23,1,Yd,859.1529541015625,901.8102416992188,892.9755249023438,908.8505859375,900.3380737304688
M6_YHUR_SLUR,6,HUR,LUR,2025-03-23,2025-03-23,1,TSE,891.49365234375,899.487548828125,901.0797119140625,898.5670166015625,899.6427001953125
M6_YHUR_SLUR,6,HUR,LUR,2025-03-23,2025-03-23,1,TSEC,59.31206130981445,60.00706100463867,60.05521011352539,60.01802062988281,60.02711868286133
M6_YHUR_SLUR,6,HUR,LUR,2025-03-23,2025-03-24,2,Yd,834.5128173828125,901.8102416992188,895.3565063476562,912.6064453125,899.6091918945312
M6_YHUR_SLUR,6,HUR,LUR,2025-03-23,2025-03-24,2,TSE,898.8984375,899.487548828125,900.0849609375,897.1103515625,899.5613403320312
M6_YHUR_SLUR,6,HUR,LUR,2025-03-23,2025-03-24,2,TSEC,60.02131271362305,60.00706100463867,60.01405715942383,60.124759674072266,60.00242614746094
M6_YHUR_SLUR,6,HUR,LUR,2025-03-23,2025-03-25,3,Yd,874.6383056640625,901.8102416992188,894.596923828125,926.073974609375,897.6075439453125
M6_YHUR_SLUR,6,HUR,LUR,2025-03-23,2025-03-25,3,TSE,908.2518920898438,899.487548828125,899.2932739257812,897.9194946289062,899.3843994140625
M6_YHUR_SLUR,6,HUR,LUR,2025-03-23,2025-03-25,3,TSEC,59.116615295410156,60.00706100463867,60.02406311035156,60.0511474609375,59.95936584472656
M6_YHUR_SLUR,6,HUR,LUR,2025-03-24,2025-03-24,1,Yd,834.5128173828125,901.7577514648438,894.2205810546875,919.5870971679688,900.7939453125
M6_YHUR_SLUR,6,HUR,LUR,2025-03-24,2025-03-24,1,TSE,898.8984375,899.4777221679688,898.6276245117188,898.442626953125,899.4228515625
M6_YHUR_SLUR,6,HUR,LUR,2025-03-24,2025-03-24,1,TSEC,60.02131271362305,60.00620651245117,59.92736053466797,60.1212272644043,59.98888397216797
M6_YHUR_SLUR,6,HUR,LUR,2025-03-24,2025-03-25,2,Yd,874.6383056640625,901.7577514648438,894.471923828125,920.582275390625,898.0693969726562
M6_YHUR_SLUR,6,HUR,LUR,2025-03-24,2025-03-25,2,TSE,908.2518920898438,899.4777221679688,900.7717895507812,897.2418823242188,899.3162231445312
M6_YHUR_SLUR,6,HUR,LUR,2025-03-24,2025-03-25,2,TSEC,59.116615295410156,60.00620651245117,59.965206146240234,60.13991928100586,59.9564094543457
M6_YHUR_SLUR,6,HUR,LUR,2025-03-24,2025-03-26,3,Yd,814.3682861328125,901.7577514648438,895.159423828125,914.296630859375,896.101806640625
M6_YHUR_SLUR,6,HUR,LUR,2025-03-24,2025-03-26,3,TSE,898.6591186523438,899.4777221679688,898.5419921875,899.0404052734375,899.1785888671875
M6_YHUR_SLUR,6,HUR,LUR,2025-03-24,2025-03-26,3,TSEC,59.743709564208984,60.00620651245117,59.96080780029297,59.93609619140625,59.94490432739258
M6_YHUR_SLUR,6,HUR,LUR,2025-03-25,2025-03-25,1,Yd,874.6383056640625,901.6752319335938,894.3707885742188,909.6333618164062,899.9031372070312
M6_YHUR_SLUR,6,HUR,LUR,2025-03-25,2025-03-25,1,TSE,908.2518920898438,899.4769897460938,899.5879516601562,898.1422729492188,899.2929077148438
M6_YHUR_SLUR,6,HUR,LUR,2025-03-25,2025-03-25,1,TSEC,59.116615295410156,60.006229400634766,60.0263671875,59.994388580322266,59.96859359741211
M6_YHUR_SLUR,6,HUR,LUR,2025-03-25,2025-03-26,2,Yd,814.3682861328125,901.6752319335938,895.612060546875,910.5071411132812,897.5004272460938
M6_YHUR_SLUR,6,HUR,LUR,2025-03-25,2025-03-26,2,TSE,898.6591186523438,899.4769897460938,899.4926147460938,897.629150390625,899.1912841796875
M6_YHUR_SLUR,6,HUR,LUR,2025-03-25,2025-03-26,2,TSEC,59.743709564208984,60.006229400634766,59.97241973876953,59.96272659301758,59.95070266723633
M6_YHUR_SLUR,6,HUR,LUR,2025-03-25,2025-03-27,3,Yd,995.0006103515625,901.6752319335938,892.1150512695312,928.8262939453125,895.5912475585938
M6_YHUR_SLUR,6,HUR,LUR,2025-03-25,2025-03-27,3,TSE,915.18310546875,899.4769897460938,900.1204833984375,899.7005615234375,899.1744384765625
M6_YHUR_SLUR,6,HUR,LUR,2025-03-25,2025-03-27,3,TSEC,58.98046875,60.006229400634766,59.92537307739258,59.951053619384766,59.96278762817383
M6_YHUR_SLUR,6,HUR,LUR,2025-03-26,2025-03-26,1,Yd,814.3682861328125,901.6420288085938,896.2128295898438,911.0758666992188,899.6082763671875
M6_YHUR_SLUR,6,HUR,LUR,2025-03-26,2025-03-26,1,TSE,898.6591186523438,899.4877319335938,898.647705078125,900.1782836914062,899.30517578125
M6_YHUR_SLUR,6,HUR,LUR,2025-03-26,2025-03-26,1,TSEC,59.743709564208984,60.0051383972168,59.96997833251953,59.96770095825195,59.97786331176758
M6_YHUR_SLUR,6,HUR,LUR,2025-03-26,2025-03-27,2,Yd,995.0006103515625,901.6420288085938,892.1334838867188,902.2906494140625,896.7374877929688
M6_YHUR_SLUR,6,HUR,LUR,2025-03-26,2025-03-27,2,TSE,915.18310546875,899.4877319335938,899.9736328125,899.5283203125,899.2826538085938
M6_YHUR_SLUR,6,HUR,LUR,2025-03-26,2025-03-27,2,TSEC,58.98046875,60.0051383972168,59.9268913269043,60.025020599365234,59.980377197265625
M6_YHUR_SLUR,6,HUR,LUR,2025-03-26,2025-03-28,3,Yd,885.60009765625,901.6420288085938,895.4498901367188,911.9580688476562,893.1397705078125
M6_YHUR_SLUR,6,HUR,LUR,2025-03-26,2025-03-28,3,TSE,902.9843139648438,899.4877319335938,899.181396484375,899.7357177734375,899.3377685546875
M6_YHUR_SLUR,6,HUR,LUR,2025-03-26,2025-03-28,3,TSEC,60.23815155029297,60.0051383972168,60.00202941894531,60.03669738769531,59.99498748779297
M6_YHUR_SLUR,6,HUR,LUR,2025-03-27,2025-03-27,1,Yd,995.0006103515625,901.5349731445312,893.7153930664062,915.1380615234375,898.1773681640625
M6_YHUR_SLUR,6,HUR,LUR,2025-03-27,2025-03-27,1,TSE,915.18310546875,899.4866943359375,900.0814819335938,901.587646484375,899.4127197265625
M6_YHUR_SLUR,6,HUR,LUR,2025-03-27,2025-03-27,1,TSEC,58.98046875,60.00481414794922,60.013099670410156,60.06582260131836,60.00205993652344
M6_YHUR_SLUR,6,HUR,LUR,2025-03-27,2025-03-28,2,Yd,885.60009765625,901.5349731445312,892.97998046875,898.07470703125,894.0107421875
M6_YHUR_SLUR,6,HUR,LUR,2025-03-27,2025-03-28,2,TSE,902.9843139648438,899.4866943359375,899.2207641601562,900.259033203125,899.4513549804688
M6_YHUR_SLUR,6,HUR,LUR,2025-03-27,2025-03-28,2,TSEC,60.23815155029297,60.00481414794922,59.974422454833984,60.06633758544922,60.015438079833984
M6_YHUR_SLUR,6,HUR,LUR,2025-03-27,2025-03-29,3,Yd,908.0123901367188,901.5349731445312,893.8490600585938,909.1256713867188,893.1499633789062
M6_YHUR_SLUR,6,HUR,LUR,2025-03-27,2025-03-29,3,TSE,891.43896484375,899.4866943359375,900.0853271484375,899.62451171875,899.525390625
M6_YHUR_SLUR,6,HUR,LUR,2025-03-27,2025-03-29,3,TSEC,60.401214599609375,60.00481414794922,60.001007080078125,59.97419357299805,60.033721923828125
M6_YHUR_SLUR,6,HUR,LUR,2025-03-28,2025-03-28,1,Yd,885.60009765625,901.6494140625,894.2544555664062,921.1572265625,897.314453125
M6_YHUR_SLUR,6,HUR,LUR,2025-03-28,2025-03-28,1,TSE,902.9843139648438,899.5059204101562,899.460205078125,901.2512817382812,899.5472412109375
M6_YHUR_SLUR,6,HUR,LUR,2025-03-28,2025-03-28,1,TSEC,60.23815155029297,60.003562927246094,59.95952224731445,60.107059478759766,60.02210235595703
M6_YHUR_SLUR,6,HUR,LUR,2025-03-28,2025-03-29,2,Yd,908.0123901367188,901.6494140625,894.7636108398438,904.0877685546875,896.3668823242188
M6_YHUR_SLUR,6,HUR,LUR,2025-03-28,2025-03-29,2,TSE,891.43896484375,899.5059204101562,899.7282104492188,898.6670532226562,899.6151123046875
M6_YHUR_SLUR,6,HUR,LUR,2025-03-28,2025-03-29,2,TSEC,60.401214599609375,60.003562927246094,59.96455383300781,60.14227294921875,60.04157638549805
M6_YHUR_SLUR,6,HUR,LUR,2025-03-28,2025-03-30,3,Yd,786.3862915039062,901.6494140625,893.4171752929688,920.5123291015625,897.6719970703125
M6_YHUR_SLUR,6,HUR,LUR,2025-03-28,2025-03-30,3,TSE,913.6524047851562,899.5059204101562,899.5156860351562,896.3863525390625,899.5892333984375
M6_YHUR_SLUR,6,HUR,LUR,2025-03-28,2025-03-30,3,TSEC,59.51853561401367,60.003562927246094,59.946044921875,60.14950942993164,60.04791259765625
M6_YHUR_SLUR,6,HUR,LUR,2025-03-29,2025-03-29,1,Yd,908.0123901367188,901.6297607421875,894.365234375,912.9090576171875,899.05224609375
M6_YHUR_SLUR,6,HUR,LUR,2025-03-29,2025-03-29,1,TSE,891.43896484375,899.5101318359375,899.8179931640625,901.060546875,899.6129150390625
M6_YHUR_SLUR,6,HUR,LUR,2025-03-29,2025-03-29,1,TSEC,60.401214599609375,60.003849029541016,59.970767974853516,60.19314956665039,60.038387298583984
M6_YHUR_SLUR,6,HUR,LUR,2025-03-29,2025-03-30,2,Yd,786.3862915039062,901.6297607421875,893.5997924804688,922.7091064453125,899.4519653320312
M6_YHUR_SLUR,6,HUR,LUR,2025-03-29,2025-03-30,2,TSE,913.6524047851562,899.5101318359375,899.583251953125,897.3477172851562,899.5653076171875
M6_YHUR_SLUR,6,HUR,LUR,2025-03-29,2025-03-30,2,TSEC,59.51853561401367,60.003849029541016,59.980342864990234,60.121864318847656,60.045894622802734
M6_YHUR_SLUR,6,HUR,LUR,2025-03-29,2025-03-31,3,Yd,987.1341552734375,901.6297607421875,894.4161376953125,901.7140502929688,898.7952880859375
M6_YHUR_SLUR,6,HUR,LUR,2025-03-29,2025-03-31,3,TSE,893.8451538085938,899.5101318359375,899.7501831054688,897.6209106445312,899.3331298828125
M6_YHUR_SLUR,6,HUR,LUR,2025-03-29,2025-03-31,3,TSEC,60.22701644897461,60.003849029541016,59.90924072265625,59.96814727783203,60.010902404785156
M6_YHUR_SLUR,6,HUR,LUR,2025-03-30,2025-03-30,1,Yd,786.3862915039062,901.6375732421875,894.0457153320312,892.1775512695312,900.7297973632812
M6_YHUR_SLUR,6,HUR,LUR,2025-03-30,2025-03-30,1,TSE,913.6524047851562,899.5003051757812,899.181396484375,897.80908203125,899.5563354492188
M6_YHUR_SLUR,6,HUR,LUR,2025-03-30,2025-03-30,1,TSEC,59.51853561401367,60.004337310791016,60.0518684387207,60.16122817993164,60.02454376220703
M6_YHUR_SLUR,6,HUR,LUR,2025-03-30,2025-03-31,2,Yd,987.1341552734375,901.6375732421875,896.5945434570312,897.9423828125,900.0069580078125
M6_YHUR_SLUR,6,HUR,LUR,2025-03-30,2025-03-31,2,TSE,893.8451538085938,899.5003051757812,899.904541015625,897.2299194335938,899.3336791992188
M6_YHUR_SLUR,6,HUR,LUR,2025-03-30,2025-03-31,2,TSEC,60.22701644897461,60.004337310791016,60.01361083984375,60.136592864990234,59.99384307861328
M6_YHUR_SLUR,6,HUR,LUR,2025-03-30,2025-04-01,3,Yd,900.6680297851562,901.6375732421875,886.7431640625,880.8643188476562,897.4312744140625
M6_YHUR_SLUR,6,HUR,LUR,2025-03-30,2025-04-01,3,TSE,896.9928588867188,899.5003051757812,899.5182495117188,898.39990234375,899.059814453125
M6_YHUR_SLUR,6,HUR,LUR,2025-03-30,2025-04-01,3,TSEC,59.1082763671875,60.004337310791016,60.017921447753906,59.96149826049805,59.94963073730469
